ISO-10303-21;
HEADER;
FILE_DESCRIPTION(('FreeCAD Model'),'2;1');
FILE_NAME('Open CASCADE Shape Model','2026-07-15T18:30:00',(''),(''),
  'Open CASCADE STEP processor 7.8','FreeCAD','Unknown');
FILE_SCHEMA(('AUTOMOTIVE_DESIGN { 1 0 10303 214 1 1 1 1 }'));
ENDSEC;
DATA;
#1 = APPLICATION_PROTOCOL_DEFINITION('international standard',
  'automotive_design',2000,#2);
#2 = APPLICATION_CONTEXT(
  'core data for automotive mechanical design processes');
#3 = SHAPE_DEFINITION_REPRESENTATION(#4,#10);
#4 = PRODUCT_DEFINITION_SHAPE('','',#5);
#5 = PRODUCT_DEFINITION('design','',#6,#9);
#6 = PRODUCT_DEFINITION_FORMATION('','',#7);
#7 = PRODUCT('MkII-FanGrill60mm','MkII-FanGrill60mm','',(#8));
#8 = PRODUCT_CONTEXT('',#2,'mechanical');
#9 = PRODUCT_DEFINITION_CONTEXT('part definition',#2,'design');
#10 = ADVANCED_BREP_SHAPE_REPRESENTATION('',(#11,#15),#5111);
#11 = AXIS2_PLACEMENT_3D('',#12,#13,#14);
#12 = CARTESIAN_POINT('',(0.,0.,0.));
#13 = DIRECTION('',(0.,0.,1.));
#14 = DIRECTION('',(1.,0.,-0.));
#15 = MANIFOLD_SOLID_BREP('',#16);
#16 = CLOSED_SHELL('',(#17,#713,#738,#770,#794,#819,#870,#902,#926,#951,
    #968,#1000,#1024,#1049,#1066,#1098,#1122,#1147,#1164,#1196,#1220,
    #1245,#1262,#1294,#1318,#1343,#1360,#1392,#1416,#1441,#1458,#1490,
    #1514,#1539,#1556,#1588,#1612,#1637,#1654,#1686,#1710,#1735,#1786,
    #1818,#1842,#1867,#1884,#1916,#1940,#1965,#1982,#2014,#2038,#2063,
    #2080,#2112,#2136,#2161,#2178,#2210,#2234,#2259,#2276,#2308,#2332,
    #2357,#2374,#2399,#2424,#2449,#2480,#2505,#2530,#2554,#2578,#2603,
    #2628,#2645,#2670,#2696,#2721,#2739,#3400,#3424,#3442,#3460,#3472,
    #3496,#3514,#3532,#3544,#3568,#3586,#3604,#3616,#3640,#3658,#3676,
    #3688,#3712,#3730,#3748,#3760,#3784,#3802,#3820,#3832,#3856,#3874,
    #3892,#3904,#3928,#3946,#3964,#3976,#3994,#4012,#4024,#4048,#4066,
    #4084,#4096,#4120,#4138,#4156,#4168,#4192,#4210,#4228,#4240,#4264,
    #4282,#4300,#4312,#4336,#4354,#4372,#4384,#4408,#4426,#4444,#4456,
    #4481,#4506,#4531,#4562,#4587,#4612,#4636,#4660,#4685,#4710,#4727,
    #4747,#4772,#4797,#4822,#4847,#4869,#4886,#4903,#4920,#4937,#4954,
    #4971,#4983,#5003,#5023,#5043,#5060,#5077,#5094));
#17 = ADVANCED_FACE('',(#18,#29,#65,#101,#137,#173,#209,#245,#281,#317,
    #353,#389,#425,#461,#497,#533,#569,#605,#616,#627,#638),#708,.T.);
#18 = FACE_BOUND('',#19,.T.);
#19 = EDGE_LOOP('',(#20));
#20 = ORIENTED_EDGE('',*,*,#21,.T.);
#21 = EDGE_CURVE('',#22,#22,#24,.T.);
#22 = VERTEX_POINT('',#23);
#23 = CARTESIAN_POINT('',(22.9,25.,1.2E-14));
#24 = CIRCLE('',#25,2.1);
#25 = AXIS2_PLACEMENT_3D('',#26,#27,#28);
#26 = CARTESIAN_POINT('',(25.,25.,1.234E-14));
#27 = DIRECTION('',(0.,-2.2E-16,1.));
#28 = DIRECTION('',(-1.,0.,0.));
#29 = FACE_BOUND('',#30,.T.);
#30 = EDGE_LOOP('',(#31,#42,#50,#59));
#31 = ORIENTED_EDGE('',*,*,#32,.F.);
#32 = EDGE_CURVE('',#33,#35,#37,.T.);
#33 = VERTEX_POINT('',#34);
#34 = CARTESIAN_POINT('',(19.43313992802,-20.84713583536,4.E-15));
#35 = VERTEX_POINT('',#36);
#36 = CARTESIAN_POINT('',(1.,-28.48245073725,0.));
#37 = CIRCLE('',#38,28.5);
#38 = AXIS2_PLACEMENT_3D('',#39,#40,#41);
#39 = CARTESIAN_POINT('',(9.14E-15,-1.022E-14,0.));
#40 = DIRECTION('',(2.2E-16,0.,-1.));
#41 = DIRECTION('',(-1.,2.2E-16,-2.2E-16));
#42 = ORIENTED_EDGE('',*,*,#43,.T.);
#43 = EDGE_CURVE('',#33,#44,#46,.T.);
#44 = VERTEX_POINT('',#45);
#45 = CARTESIAN_POINT('',(14.833277265691,-16.24727317303,3.E-15));
#46 = LINE('',#47,#48);
#47 = CARTESIAN_POINT('',(19.43313992802,-20.84713583536,4.32E-15));
#48 = VECTOR('',#49,1.);
#49 = DIRECTION('',(-0.707106781187,0.707106781187,-1.6E-16));
#50 = ORIENTED_EDGE('',*,*,#51,.T.);
#51 = EDGE_CURVE('',#44,#52,#54,.T.);
#52 = VERTEX_POINT('',#53);
#53 = CARTESIAN_POINT('',(1.,-21.97726097583,0.));
#54 = CIRCLE('',#55,22.);
#55 = AXIS2_PLACEMENT_3D('',#56,#57,#58);
#56 = CARTESIAN_POINT('',(0.,0.,0.));
#57 = DIRECTION('',(2.2E-16,0.,-1.));
#58 = DIRECTION('',(-1.,2.2E-16,-2.2E-16));
#59 = ORIENTED_EDGE('',*,*,#60,.F.);
#60 = EDGE_CURVE('',#35,#52,#61,.T.);
#61 = LINE('',#62,#63);
#62 = CARTESIAN_POINT('',(1.,-28.48245073725,2.2E-16));
#63 = VECTOR('',#64,1.);
#64 = DIRECTION('',(2.2E-16,1.,0.));
#65 = FACE_BOUND('',#66,.T.);
#66 = EDGE_LOOP('',(#67,#78,#86,#95));
#67 = ORIENTED_EDGE('',*,*,#68,.T.);
#68 = EDGE_CURVE('',#69,#71,#73,.T.);
#69 = VERTEX_POINT('',#70);
#70 = CARTESIAN_POINT('',(-19.43313992802,-20.84713583536,0.));
#71 = VERTEX_POINT('',#72);
#72 = CARTESIAN_POINT('',(-1.,-28.48245073725,0.));
#73 = CIRCLE('',#74,28.5);
#74 = AXIS2_PLACEMENT_3D('',#75,#76,#77);
#75 = CARTESIAN_POINT('',(-9.14E-15,-1.022E-14,0.));
#76 = DIRECTION('',(0.,0.,1.));
#77 = DIRECTION('',(1.,0.,0.));
#78 = ORIENTED_EDGE('',*,*,#79,.T.);
#79 = EDGE_CURVE('',#71,#80,#82,.T.);
#80 = VERTEX_POINT('',#81);
#81 = CARTESIAN_POINT('',(-1.,-21.97726097583,0.));
#82 = LINE('',#83,#84);
#83 = CARTESIAN_POINT('',(-1.,-28.48245073725,0.));
#84 = VECTOR('',#85,1.);
#85 = DIRECTION('',(0.,1.,0.));
#86 = ORIENTED_EDGE('',*,*,#87,.F.);
#87 = EDGE_CURVE('',#88,#80,#90,.T.);
#88 = VERTEX_POINT('',#89);
#89 = CARTESIAN_POINT('',(-14.83327726569,-16.24727317303,0.));
#90 = CIRCLE('',#91,22.);
#91 = AXIS2_PLACEMENT_3D('',#92,#93,#94);
#92 = CARTESIAN_POINT('',(0.,0.,0.));
#93 = DIRECTION('',(0.,0.,1.));
#94 = DIRECTION('',(1.,0.,0.));
#95 = ORIENTED_EDGE('',*,*,#96,.F.);
#96 = EDGE_CURVE('',#69,#88,#97,.T.);
#97 = LINE('',#98,#99);
#98 = CARTESIAN_POINT('',(-19.43313992802,-20.84713583536,0.));
#99 = VECTOR('',#100,1.);
#100 = DIRECTION('',(0.707106781187,0.707106781187,0.));
#101 = FACE_BOUND('',#102,.T.);
#102 = EDGE_LOOP('',(#103,#114,#122,#131));
#103 = ORIENTED_EDGE('',*,*,#104,.F.);
#104 = EDGE_CURVE('',#105,#107,#109,.T.);
#105 = VERTEX_POINT('',#106);
#106 = CARTESIAN_POINT('',(28.482450737252,-1.,6.E-15));
#107 = VERTEX_POINT('',#108);
#108 = CARTESIAN_POINT('',(20.847135835361,-19.43313992802,5.E-15));
#109 = CIRCLE('',#110,28.5);
#110 = AXIS2_PLACEMENT_3D('',#111,#112,#113);
#111 = CARTESIAN_POINT('',(9.14E-15,-1.022E-14,0.));
#112 = DIRECTION('',(2.2E-16,0.,-1.));
#113 = DIRECTION('',(-1.,2.2E-16,-2.2E-16));
#114 = ORIENTED_EDGE('',*,*,#115,.T.);
#115 = EDGE_CURVE('',#105,#116,#118,.T.);
#116 = VERTEX_POINT('',#117);
#117 = CARTESIAN_POINT('',(21.977260975836,-1.,5.E-15));
#118 = LINE('',#119,#120);
#119 = CARTESIAN_POINT('',(28.482450737252,-1.,6.32E-15));
#120 = VECTOR('',#121,1.);
#121 = DIRECTION('',(-1.,4.1E-16,-2.2E-16));
#122 = ORIENTED_EDGE('',*,*,#123,.T.);
#123 = EDGE_CURVE('',#116,#124,#126,.T.);
#124 = VERTEX_POINT('',#125);
#125 = CARTESIAN_POINT('',(16.247273173032,-14.83327726569,4.E-15));
#126 = CIRCLE('',#127,22.);
#127 = AXIS2_PLACEMENT_3D('',#128,#129,#130);
#128 = CARTESIAN_POINT('',(0.,0.,0.));
#129 = DIRECTION('',(2.2E-16,0.,-1.));
#130 = DIRECTION('',(-1.,2.2E-16,-2.2E-16));
#131 = ORIENTED_EDGE('',*,*,#132,.F.);
#132 = EDGE_CURVE('',#107,#124,#133,.T.);
#133 = LINE('',#134,#135);
#134 = CARTESIAN_POINT('',(20.847135835361,-19.43313992802,4.63E-15));
#135 = VECTOR('',#136,1.);
#136 = DIRECTION('',(-0.707106781187,0.707106781187,-1.6E-16));
#137 = FACE_BOUND('',#138,.T.);
#138 = EDGE_LOOP('',(#139,#150,#158,#167));
#139 = ORIENTED_EDGE('',*,*,#140,.T.);
#140 = EDGE_CURVE('',#141,#143,#145,.T.);
#141 = VERTEX_POINT('',#142);
#142 = CARTESIAN_POINT('',(-28.48245073725,-1.,0.));
#143 = VERTEX_POINT('',#144);
#144 = CARTESIAN_POINT('',(-20.84713583536,-19.43313992802,0.));
#145 = CIRCLE('',#146,28.5);
#146 = AXIS2_PLACEMENT_3D('',#147,#148,#149);
#147 = CARTESIAN_POINT('',(-9.14E-15,-1.022E-14,0.));
#148 = DIRECTION('',(0.,0.,1.));
#149 = DIRECTION('',(1.,0.,0.));
#150 = ORIENTED_EDGE('',*,*,#151,.T.);
#151 = EDGE_CURVE('',#143,#152,#154,.T.);
#152 = VERTEX_POINT('',#153);
#153 = CARTESIAN_POINT('',(-16.24727317303,-14.83327726569,0.));
#154 = LINE('',#155,#156);
#155 = CARTESIAN_POINT('',(-20.84713583536,-19.43313992802,0.));
#156 = VECTOR('',#157,1.);
#157 = DIRECTION('',(0.707106781187,0.707106781187,0.));
#158 = ORIENTED_EDGE('',*,*,#159,.F.);
#159 = EDGE_CURVE('',#160,#152,#162,.T.);
#160 = VERTEX_POINT('',#161);
#161 = CARTESIAN_POINT('',(-21.97726097583,-1.,0.));
#162 = CIRCLE('',#163,22.);
#163 = AXIS2_PLACEMENT_3D('',#164,#165,#166);
#164 = CARTESIAN_POINT('',(0.,0.,0.));
#165 = DIRECTION('',(0.,0.,1.));
#166 = DIRECTION('',(1.,0.,0.));
#167 = ORIENTED_EDGE('',*,*,#168,.F.);
#168 = EDGE_CURVE('',#141,#160,#169,.T.);
#169 = LINE('',#170,#171);
#170 = CARTESIAN_POINT('',(-28.48245073725,-1.,0.));
#171 = VECTOR('',#172,1.);
#172 = DIRECTION('',(1.,1.9E-16,0.));
#173 = FACE_BOUND('',#174,.T.);
#174 = EDGE_LOOP('',(#175,#186,#194,#203));
#175 = ORIENTED_EDGE('',*,*,#176,.T.);
#176 = EDGE_CURVE('',#177,#179,#181,.T.);
#177 = VERTEX_POINT('',#178);
#178 = CARTESIAN_POINT('',(19.43313992802,20.847135835361,1.4E-14));
#179 = VERTEX_POINT('',#180);
#180 = CARTESIAN_POINT('',(1.,28.482450737252,1.3E-14));
#181 = CIRCLE('',#182,28.5);
#182 = AXIS2_PLACEMENT_3D('',#183,#184,#185);
#183 = CARTESIAN_POINT('',(9.14E-15,1.022E-14,0.));
#184 = DIRECTION('',(-2.2E-16,-4.4E-16,1.));
#185 = DIRECTION('',(-1.,-2.2E-16,-2.2E-16));
#186 = ORIENTED_EDGE('',*,*,#187,.T.);
#187 = EDGE_CURVE('',#179,#188,#190,.T.);
#188 = VERTEX_POINT('',#189);
#189 = CARTESIAN_POINT('',(1.,21.977260975836,1.E-14));
#190 = LINE('',#191,#192);
#191 = CARTESIAN_POINT('',(1.,28.482450737252,1.287E-14));
#192 = VECTOR('',#193,1.);
#193 = DIRECTION('',(2.2E-16,-1.,-4.4E-16));
#194 = ORIENTED_EDGE('',*,*,#195,.F.);
#195 = EDGE_CURVE('',#196,#188,#198,.T.);
#196 = VERTEX_POINT('',#197);
#197 = CARTESIAN_POINT('',(14.833277265691,16.247273173032,1.1E-14));
#198 = CIRCLE('',#199,22.);
#199 = AXIS2_PLACEMENT_3D('',#200,#201,#202);
#200 = CARTESIAN_POINT('',(0.,0.,0.));
#201 = DIRECTION('',(-2.2E-16,-4.4E-16,1.));
#202 = DIRECTION('',(-1.,-2.2E-16,-2.2E-16));
#203 = ORIENTED_EDGE('',*,*,#204,.F.);
#204 = EDGE_CURVE('',#177,#196,#205,.T.);
#205 = LINE('',#206,#207);
#206 = CARTESIAN_POINT('',(19.43313992802,20.847135835361,1.357E-14));
#207 = VECTOR('',#208,1.);
#208 = DIRECTION('',(-0.707106781187,-0.707106781187,-4.7E-16));
#209 = FACE_BOUND('',#210,.T.);
#210 = EDGE_LOOP('',(#211,#222,#230,#239));
#211 = ORIENTED_EDGE('',*,*,#212,.F.);
#212 = EDGE_CURVE('',#213,#215,#217,.T.);
#213 = VERTEX_POINT('',#214);
#214 = CARTESIAN_POINT('',(-19.43313992802,20.847135835361,9.E-15));
#215 = VERTEX_POINT('',#216);
#216 = CARTESIAN_POINT('',(-1.,28.482450737252,1.3E-14));
#217 = CIRCLE('',#218,28.5);
#218 = AXIS2_PLACEMENT_3D('',#219,#220,#221);
#219 = CARTESIAN_POINT('',(-9.14E-15,1.022E-14,0.));
#220 = DIRECTION('',(0.,4.4E-16,-1.));
#221 = DIRECTION('',(1.,0.,0.));
#222 = ORIENTED_EDGE('',*,*,#223,.T.);
#223 = EDGE_CURVE('',#213,#224,#226,.T.);
#224 = VERTEX_POINT('',#225);
#225 = CARTESIAN_POINT('',(-14.83327726569,16.247273173032,7.E-15));
#226 = LINE('',#227,#228);
#227 = CARTESIAN_POINT('',(-19.43313992802,20.847135835361,9.26E-15));
#228 = VECTOR('',#229,1.);
#229 = DIRECTION('',(0.707106781187,-0.707106781187,-3.1E-16));
#230 = ORIENTED_EDGE('',*,*,#231,.T.);
#231 = EDGE_CURVE('',#224,#232,#234,.T.);
#232 = VERTEX_POINT('',#233);
#233 = CARTESIAN_POINT('',(-1.,21.977260975836,1.E-14));
#234 = CIRCLE('',#235,22.);
#235 = AXIS2_PLACEMENT_3D('',#236,#237,#238);
#236 = CARTESIAN_POINT('',(0.,0.,0.));
#237 = DIRECTION('',(0.,4.4E-16,-1.));
#238 = DIRECTION('',(1.,0.,0.));
#239 = ORIENTED_EDGE('',*,*,#240,.F.);
#240 = EDGE_CURVE('',#215,#232,#241,.T.);
#241 = LINE('',#242,#243);
#242 = CARTESIAN_POINT('',(-1.,28.482450737252,1.265E-14));
#243 = VECTOR('',#244,1.);
#244 = DIRECTION('',(-0.,-1.,-4.4E-16));
#245 = FACE_BOUND('',#246,.T.);
#246 = EDGE_LOOP('',(#247,#258,#266,#275));
#247 = ORIENTED_EDGE('',*,*,#248,.T.);
#248 = EDGE_CURVE('',#249,#251,#253,.T.);
#249 = VERTEX_POINT('',#250);
#250 = CARTESIAN_POINT('',(28.482450737252,1.,7.E-15));
#251 = VERTEX_POINT('',#252);
#252 = CARTESIAN_POINT('',(20.847135835361,19.43313992802,1.3E-14));
#253 = CIRCLE('',#254,28.5);
#254 = AXIS2_PLACEMENT_3D('',#255,#256,#257);
#255 = CARTESIAN_POINT('',(9.14E-15,1.022E-14,0.));
#256 = DIRECTION('',(-2.2E-16,-4.4E-16,1.));
#257 = DIRECTION('',(-1.,-2.2E-16,-2.2E-16));
#258 = ORIENTED_EDGE('',*,*,#259,.T.);
#259 = EDGE_CURVE('',#251,#260,#262,.T.);
#260 = VERTEX_POINT('',#261);
#261 = CARTESIAN_POINT('',(16.247273173032,14.833277265691,1.E-14));
#262 = LINE('',#263,#264);
#263 = CARTESIAN_POINT('',(20.847135835361,19.43313992802,1.326E-14));
#264 = VECTOR('',#265,1.);
#265 = DIRECTION('',(-0.707106781187,-0.707106781187,-4.7E-16));
#266 = ORIENTED_EDGE('',*,*,#267,.F.);
#267 = EDGE_CURVE('',#268,#260,#270,.T.);
#268 = VERTEX_POINT('',#269);
#269 = CARTESIAN_POINT('',(21.977260975836,1.,5.E-15));
#270 = CIRCLE('',#271,22.);
#271 = AXIS2_PLACEMENT_3D('',#272,#273,#274);
#272 = CARTESIAN_POINT('',(0.,0.,0.));
#273 = DIRECTION('',(-2.2E-16,-4.4E-16,1.));
#274 = DIRECTION('',(-1.,-2.2E-16,-2.2E-16));
#275 = ORIENTED_EDGE('',*,*,#276,.F.);
#276 = EDGE_CURVE('',#249,#268,#277,.T.);
#277 = LINE('',#278,#279);
#278 = CARTESIAN_POINT('',(28.482450737252,1.,6.77E-15));
#279 = VECTOR('',#280,1.);
#280 = DIRECTION('',(-1.,-4.1E-16,-2.2E-16));
#281 = FACE_BOUND('',#282,.T.);
#282 = EDGE_LOOP('',(#283,#294,#302,#311));
#283 = ORIENTED_EDGE('',*,*,#284,.F.);
#284 = EDGE_CURVE('',#285,#287,#289,.T.);
#285 = VERTEX_POINT('',#286);
#286 = CARTESIAN_POINT('',(-28.48245073725,1.,0.));
#287 = VERTEX_POINT('',#288);
#288 = CARTESIAN_POINT('',(-20.84713583536,19.43313992802,9.E-15));
#289 = CIRCLE('',#290,28.5);
#290 = AXIS2_PLACEMENT_3D('',#291,#292,#293);
#291 = CARTESIAN_POINT('',(-9.14E-15,1.022E-14,0.));
#292 = DIRECTION('',(0.,4.4E-16,-1.));
#293 = DIRECTION('',(1.,0.,0.));
#294 = ORIENTED_EDGE('',*,*,#295,.T.);
#295 = EDGE_CURVE('',#285,#296,#298,.T.);
#296 = VERTEX_POINT('',#297);
#297 = CARTESIAN_POINT('',(-21.97726097583,1.,0.));
#298 = LINE('',#299,#300);
#299 = CARTESIAN_POINT('',(-28.48245073725,1.,4.4E-16));
#300 = VECTOR('',#301,1.);
#301 = DIRECTION('',(1.,-1.9E-16,0.));
#302 = ORIENTED_EDGE('',*,*,#303,.T.);
#303 = EDGE_CURVE('',#296,#304,#306,.T.);
#304 = VERTEX_POINT('',#305);
#305 = CARTESIAN_POINT('',(-16.24727317303,14.833277265691,7.E-15));
#306 = CIRCLE('',#307,22.);
#307 = AXIS2_PLACEMENT_3D('',#308,#309,#310);
#308 = CARTESIAN_POINT('',(0.,0.,0.));
#309 = DIRECTION('',(0.,4.4E-16,-1.));
#310 = DIRECTION('',(1.,0.,0.));
#311 = ORIENTED_EDGE('',*,*,#312,.F.);
#312 = EDGE_CURVE('',#287,#304,#313,.T.);
#313 = LINE('',#314,#315);
#314 = CARTESIAN_POINT('',(-20.84713583536,19.43313992802,8.63E-15));
#315 = VECTOR('',#316,1.);
#316 = DIRECTION('',(0.707106781187,-0.707106781187,-3.1E-16));
#317 = FACE_BOUND('',#318,.T.);
#318 = EDGE_LOOP('',(#319,#330,#338,#347));
#319 = ORIENTED_EDGE('',*,*,#320,.T.);
#320 = EDGE_CURVE('',#321,#323,#325,.T.);
#321 = VERTEX_POINT('',#322);
#322 = CARTESIAN_POINT('',(-13.41745438592,-14.83145029326,0.));
#323 = VERTEX_POINT('',#324);
#324 = CARTESIAN_POINT('',(-1.,-19.97498435543,0.));
#325 = CIRCLE('',#326,20.);
#326 = AXIS2_PLACEMENT_3D('',#327,#328,#329);
#327 = CARTESIAN_POINT('',(-1.36E-15,-3.48E-15,0.));
#328 = DIRECTION('',(0.,0.,1.));
#329 = DIRECTION('',(1.,0.,0.));
#330 = ORIENTED_EDGE('',*,*,#331,.F.);
#331 = EDGE_CURVE('',#332,#323,#334,.T.);
#332 = VERTEX_POINT('',#333);
#333 = CARTESIAN_POINT('',(-1.,-13.46291201783,0.));
#334 = LINE('',#335,#336);
#335 = CARTESIAN_POINT('',(-1.,-13.46291201783,0.));
#336 = VECTOR('',#337,1.);
#337 = DIRECTION('',(1.16E-15,-1.,0.));
#338 = ORIENTED_EDGE('',*,*,#339,.F.);
#339 = EDGE_CURVE('',#340,#332,#342,.T.);
#340 = VERTEX_POINT('',#341);
#341 = CARTESIAN_POINT('',(-8.812726511539,-10.22672241888,0.));
#342 = CIRCLE('',#343,13.5);
#343 = AXIS2_PLACEMENT_3D('',#344,#345,#346);
#344 = CARTESIAN_POINT('',(0.,0.,0.));
#345 = DIRECTION('',(0.,0.,1.));
#346 = DIRECTION('',(1.,0.,0.));
#347 = ORIENTED_EDGE('',*,*,#348,.T.);
#348 = EDGE_CURVE('',#340,#321,#349,.T.);
#349 = LINE('',#350,#351);
#350 = CARTESIAN_POINT('',(-8.812726511539,-10.22672241888,0.));
#351 = VECTOR('',#352,1.);
#352 = DIRECTION('',(-0.707106781187,-0.707106781187,0.));
#353 = FACE_BOUND('',#354,.T.);
#354 = EDGE_LOOP('',(#355,#366,#374,#383));
#355 = ORIENTED_EDGE('',*,*,#356,.F.);
#356 = EDGE_CURVE('',#357,#359,#361,.T.);
#357 = VERTEX_POINT('',#358);
#358 = CARTESIAN_POINT('',(13.417454385925,-14.83145029326,3.E-15));
#359 = VERTEX_POINT('',#360);
#360 = CARTESIAN_POINT('',(1.,-19.97498435543,0.));
#361 = CIRCLE('',#362,20.);
#362 = AXIS2_PLACEMENT_3D('',#363,#364,#365);
#363 = CARTESIAN_POINT('',(1.36E-15,-3.48E-15,0.));
#364 = DIRECTION('',(2.2E-16,0.,-1.));
#365 = DIRECTION('',(-1.,2.2E-16,-2.2E-16));
#366 = ORIENTED_EDGE('',*,*,#367,.F.);
#367 = EDGE_CURVE('',#368,#357,#370,.T.);
#368 = VERTEX_POINT('',#369);
#369 = CARTESIAN_POINT('',(8.812726511539,-10.22672241888,2.E-15));
#370 = LINE('',#371,#372);
#371 = CARTESIAN_POINT('',(8.812726511539,-10.22672241888,1.96E-15));
#372 = VECTOR('',#373,1.);
#373 = DIRECTION('',(0.707106781187,-0.707106781187,1.6E-16));
#374 = ORIENTED_EDGE('',*,*,#375,.T.);
#375 = EDGE_CURVE('',#368,#376,#378,.T.);
#376 = VERTEX_POINT('',#377);
#377 = CARTESIAN_POINT('',(1.,-13.46291201783,0.));
#378 = CIRCLE('',#379,13.5);
#379 = AXIS2_PLACEMENT_3D('',#380,#381,#382);
#380 = CARTESIAN_POINT('',(0.,0.,0.));
#381 = DIRECTION('',(2.2E-16,0.,-1.));
#382 = DIRECTION('',(-1.,2.2E-16,-2.2E-16));
#383 = ORIENTED_EDGE('',*,*,#384,.T.);
#384 = EDGE_CURVE('',#376,#359,#385,.T.);
#385 = LINE('',#386,#387);
#386 = CARTESIAN_POINT('',(1.,-13.46291201783,2.2E-16));
#387 = VECTOR('',#388,1.);
#388 = DIRECTION('',(-1.38E-15,-1.,-0.));
#389 = FACE_BOUND('',#390,.T.);
#390 = EDGE_LOOP('',(#391,#402,#410,#419));
#391 = ORIENTED_EDGE('',*,*,#392,.F.);
#392 = EDGE_CURVE('',#393,#395,#397,.T.);
#393 = VERTEX_POINT('',#394);
#394 = CARTESIAN_POINT('',(19.974984355438,-1.,4.E-15));
#395 = VERTEX_POINT('',#396);
#396 = CARTESIAN_POINT('',(14.831450293266,-13.41745438592,3.E-15));
#397 = CIRCLE('',#398,20.);
#398 = AXIS2_PLACEMENT_3D('',#399,#400,#401);
#399 = CARTESIAN_POINT('',(0.,0.,0.));
#400 = DIRECTION('',(2.2E-16,0.,-1.));
#401 = DIRECTION('',(-1.,2.2E-16,-2.2E-16));
#402 = ORIENTED_EDGE('',*,*,#403,.T.);
#403 = EDGE_CURVE('',#393,#404,#406,.T.);
#404 = VERTEX_POINT('',#405);
#405 = CARTESIAN_POINT('',(13.462912017836,-1.,3.E-15));
#406 = LINE('',#407,#408);
#407 = CARTESIAN_POINT('',(19.974984355438,-1.,4.44E-15));
#408 = VECTOR('',#409,1.);
#409 = DIRECTION('',(-1.,6.E-16,-2.2E-16));
#410 = ORIENTED_EDGE('',*,*,#411,.T.);
#411 = EDGE_CURVE('',#404,#412,#414,.T.);
#412 = VERTEX_POINT('',#413);
#413 = CARTESIAN_POINT('',(10.22672241888,-8.812726511539,2.E-15));
#414 = CIRCLE('',#415,13.5);
#415 = AXIS2_PLACEMENT_3D('',#416,#417,#418);
#416 = CARTESIAN_POINT('',(1.36E-15,-3.48E-15,0.));
#417 = DIRECTION('',(2.2E-16,0.,-1.));
#418 = DIRECTION('',(-1.,2.2E-16,-2.2E-16));
#419 = ORIENTED_EDGE('',*,*,#420,.T.);
#420 = EDGE_CURVE('',#412,#395,#421,.T.);
#421 = LINE('',#422,#423);
#422 = CARTESIAN_POINT('',(10.22672241888,-8.812726511539,2.27E-15));
#423 = VECTOR('',#424,1.);
#424 = DIRECTION('',(0.707106781187,-0.707106781187,1.6E-16));
#425 = FACE_BOUND('',#426,.T.);
#426 = EDGE_LOOP('',(#427,#438,#446,#455));
#427 = ORIENTED_EDGE('',*,*,#428,.T.);
#428 = EDGE_CURVE('',#429,#431,#433,.T.);
#429 = VERTEX_POINT('',#430);
#430 = CARTESIAN_POINT('',(-19.97498435543,-1.,0.));
#431 = VERTEX_POINT('',#432);
#432 = CARTESIAN_POINT('',(-14.83145029326,-13.41745438592,0.));
#433 = CIRCLE('',#434,20.);
#434 = AXIS2_PLACEMENT_3D('',#435,#436,#437);
#435 = CARTESIAN_POINT('',(0.,0.,0.));
#436 = DIRECTION('',(0.,0.,1.));
#437 = DIRECTION('',(1.,0.,0.));
#438 = ORIENTED_EDGE('',*,*,#439,.F.);
#439 = EDGE_CURVE('',#440,#431,#442,.T.);
#440 = VERTEX_POINT('',#441);
#441 = CARTESIAN_POINT('',(-10.22672241888,-8.812726511539,0.));
#442 = LINE('',#443,#444);
#443 = CARTESIAN_POINT('',(-10.22672241888,-8.812726511539,0.));
#444 = VECTOR('',#445,1.);
#445 = DIRECTION('',(-0.707106781187,-0.707106781187,0.));
#446 = ORIENTED_EDGE('',*,*,#447,.F.);
#447 = EDGE_CURVE('',#448,#440,#450,.T.);
#448 = VERTEX_POINT('',#449);
#449 = CARTESIAN_POINT('',(-13.46291201783,-1.,0.));
#450 = CIRCLE('',#451,13.5);
#451 = AXIS2_PLACEMENT_3D('',#452,#453,#454);
#452 = CARTESIAN_POINT('',(-1.36E-15,-3.48E-15,0.));
#453 = DIRECTION('',(0.,0.,1.));
#454 = DIRECTION('',(1.,0.,0.));
#455 = ORIENTED_EDGE('',*,*,#456,.F.);
#456 = EDGE_CURVE('',#429,#448,#457,.T.);
#457 = LINE('',#458,#459);
#458 = CARTESIAN_POINT('',(-19.97498435543,-1.,0.));
#459 = VECTOR('',#460,1.);
#460 = DIRECTION('',(1.,3.8E-16,0.));
#461 = FACE_BOUND('',#462,.T.);
#462 = EDGE_LOOP('',(#463,#474,#482,#491));
#463 = ORIENTED_EDGE('',*,*,#464,.T.);
#464 = EDGE_CURVE('',#465,#467,#469,.T.);
#465 = VERTEX_POINT('',#466);
#466 = CARTESIAN_POINT('',(13.417454385925,14.831450293266,1.E-14));
#467 = VERTEX_POINT('',#468);
#468 = CARTESIAN_POINT('',(1.,19.974984355438,9.E-15));
#469 = CIRCLE('',#470,20.);
#470 = AXIS2_PLACEMENT_3D('',#471,#472,#473);
#471 = CARTESIAN_POINT('',(1.36E-15,3.48E-15,0.));
#472 = DIRECTION('',(-2.2E-16,-4.4E-16,1.));
#473 = DIRECTION('',(-1.,-2.2E-16,-2.2E-16));
#474 = ORIENTED_EDGE('',*,*,#475,.F.);
#475 = EDGE_CURVE('',#476,#467,#478,.T.);
#476 = VERTEX_POINT('',#477);
#477 = CARTESIAN_POINT('',(1.,13.462912017836,6.E-15));
#478 = LINE('',#479,#480);
#479 = CARTESIAN_POINT('',(1.,13.462912017836,6.2E-15));
#480 = VECTOR('',#481,1.);
#481 = DIRECTION('',(-1.38E-15,1.,4.4E-16));
#482 = ORIENTED_EDGE('',*,*,#483,.F.);
#483 = EDGE_CURVE('',#484,#476,#486,.T.);
#484 = VERTEX_POINT('',#485);
#485 = CARTESIAN_POINT('',(8.812726511539,10.22672241888,6.E-15));
#486 = CIRCLE('',#487,13.5);
#487 = AXIS2_PLACEMENT_3D('',#488,#489,#490);
#488 = CARTESIAN_POINT('',(0.,0.,0.));
#489 = DIRECTION('',(-2.2E-16,-4.4E-16,1.));
#490 = DIRECTION('',(-1.,-2.2E-16,-2.2E-16));
#491 = ORIENTED_EDGE('',*,*,#492,.T.);
#492 = EDGE_CURVE('',#484,#465,#493,.T.);
#493 = LINE('',#494,#495);
#494 = CARTESIAN_POINT('',(8.812726511539,10.22672241888,6.5E-15));
#495 = VECTOR('',#496,1.);
#496 = DIRECTION('',(0.707106781187,0.707106781187,4.7E-16));
#497 = FACE_BOUND('',#498,.T.);
#498 = EDGE_LOOP('',(#499,#510,#518,#527));
#499 = ORIENTED_EDGE('',*,*,#500,.F.);
#500 = EDGE_CURVE('',#501,#503,#505,.T.);
#501 = VERTEX_POINT('',#502);
#502 = CARTESIAN_POINT('',(-13.41745438592,14.831450293266,7.E-15));
#503 = VERTEX_POINT('',#504);
#504 = CARTESIAN_POINT('',(-1.,19.974984355438,9.E-15));
#505 = CIRCLE('',#506,20.);
#506 = AXIS2_PLACEMENT_3D('',#507,#508,#509);
#507 = CARTESIAN_POINT('',(-1.36E-15,3.48E-15,0.));
#508 = DIRECTION('',(0.,4.4E-16,-1.));
#509 = DIRECTION('',(1.,0.,0.));
#510 = ORIENTED_EDGE('',*,*,#511,.F.);
#511 = EDGE_CURVE('',#512,#501,#514,.T.);
#512 = VERTEX_POINT('',#513);
#513 = CARTESIAN_POINT('',(-8.812726511539,10.22672241888,5.E-15));
#514 = LINE('',#515,#516);
#515 = CARTESIAN_POINT('',(-8.812726511539,10.22672241888,4.54E-15));
#516 = VECTOR('',#517,1.);
#517 = DIRECTION('',(-0.707106781187,0.707106781187,3.1E-16));
#518 = ORIENTED_EDGE('',*,*,#519,.T.);
#519 = EDGE_CURVE('',#512,#520,#522,.T.);
#520 = VERTEX_POINT('',#521);
#521 = CARTESIAN_POINT('',(-1.,13.462912017836,6.E-15));
#522 = CIRCLE('',#523,13.5);
#523 = AXIS2_PLACEMENT_3D('',#524,#525,#526);
#524 = CARTESIAN_POINT('',(0.,0.,0.));
#525 = DIRECTION('',(0.,4.4E-16,-1.));
#526 = DIRECTION('',(1.,0.,0.));
#527 = ORIENTED_EDGE('',*,*,#528,.T.);
#528 = EDGE_CURVE('',#520,#503,#529,.T.);
#529 = LINE('',#530,#531);
#530 = CARTESIAN_POINT('',(-1.,13.462912017836,5.98E-15));
#531 = VECTOR('',#532,1.);
#532 = DIRECTION('',(1.16E-15,1.,4.4E-16));
#533 = FACE_BOUND('',#534,.T.);
#534 = EDGE_LOOP('',(#535,#546,#554,#563));
#535 = ORIENTED_EDGE('',*,*,#536,.T.);
#536 = EDGE_CURVE('',#537,#539,#541,.T.);
#537 = VERTEX_POINT('',#538);
#538 = CARTESIAN_POINT('',(19.974984355438,1.,5.E-15));
#539 = VERTEX_POINT('',#540);
#540 = CARTESIAN_POINT('',(14.831450293266,13.417454385925,9.E-15));
#541 = CIRCLE('',#542,20.);
#542 = AXIS2_PLACEMENT_3D('',#543,#544,#545);
#543 = CARTESIAN_POINT('',(0.,0.,0.));
#544 = DIRECTION('',(-2.2E-16,-4.4E-16,1.));
#545 = DIRECTION('',(-1.,-2.2E-16,-2.2E-16));
#546 = ORIENTED_EDGE('',*,*,#547,.F.);
#547 = EDGE_CURVE('',#548,#539,#550,.T.);
#548 = VERTEX_POINT('',#549);
#549 = CARTESIAN_POINT('',(10.22672241888,8.812726511539,6.E-15));
#550 = LINE('',#551,#552);
#551 = CARTESIAN_POINT('',(10.22672241888,8.812726511539,6.18E-15));
#552 = VECTOR('',#553,1.);
#553 = DIRECTION('',(0.707106781187,0.707106781187,4.7E-16));
#554 = ORIENTED_EDGE('',*,*,#555,.F.);
#555 = EDGE_CURVE('',#556,#548,#558,.T.);
#556 = VERTEX_POINT('',#557);
#557 = CARTESIAN_POINT('',(13.462912017836,1.,3.E-15));
#558 = CIRCLE('',#559,13.5);
#559 = AXIS2_PLACEMENT_3D('',#560,#561,#562);
#560 = CARTESIAN_POINT('',(1.36E-15,3.48E-15,0.));
#561 = DIRECTION('',(-2.2E-16,-4.4E-16,1.));
#562 = DIRECTION('',(-1.,-2.2E-16,-2.2E-16));
#563 = ORIENTED_EDGE('',*,*,#564,.F.);
#564 = EDGE_CURVE('',#537,#556,#565,.T.);
#565 = LINE('',#566,#567);
#566 = CARTESIAN_POINT('',(19.974984355438,1.,4.88E-15));
#567 = VECTOR('',#568,1.);
#568 = DIRECTION('',(-1.,-6.E-16,-2.2E-16));
#569 = FACE_BOUND('',#570,.T.);
#570 = EDGE_LOOP('',(#571,#582,#590,#599));
#571 = ORIENTED_EDGE('',*,*,#572,.F.);
#572 = EDGE_CURVE('',#573,#575,#577,.T.);
#573 = VERTEX_POINT('',#574);
#574 = CARTESIAN_POINT('',(-19.97498435543,1.,0.));
#575 = VERTEX_POINT('',#576);
#576 = CARTESIAN_POINT('',(-14.83145029326,13.417454385925,6.E-15));
#577 = CIRCLE('',#578,20.);
#578 = AXIS2_PLACEMENT_3D('',#579,#580,#581);
#579 = CARTESIAN_POINT('',(0.,0.,0.));
#580 = DIRECTION('',(0.,4.4E-16,-1.));
#581 = DIRECTION('',(1.,0.,0.));
#582 = ORIENTED_EDGE('',*,*,#583,.T.);
#583 = EDGE_CURVE('',#573,#584,#586,.T.);
#584 = VERTEX_POINT('',#585);
#585 = CARTESIAN_POINT('',(-13.46291201783,1.,0.));
#586 = LINE('',#587,#588);
#587 = CARTESIAN_POINT('',(-19.97498435543,1.,4.4E-16));
#588 = VECTOR('',#589,1.);
#589 = DIRECTION('',(1.,-3.8E-16,0.));
#590 = ORIENTED_EDGE('',*,*,#591,.T.);
#591 = EDGE_CURVE('',#584,#592,#594,.T.);
#592 = VERTEX_POINT('',#593);
#593 = CARTESIAN_POINT('',(-10.22672241888,8.812726511539,4.E-15));
#594 = CIRCLE('',#595,13.5);
#595 = AXIS2_PLACEMENT_3D('',#596,#597,#598);
#596 = CARTESIAN_POINT('',(-1.36E-15,3.48E-15,0.));
#597 = DIRECTION('',(0.,4.4E-16,-1.));
#598 = DIRECTION('',(1.,0.,0.));
#599 = ORIENTED_EDGE('',*,*,#600,.T.);
#600 = EDGE_CURVE('',#592,#575,#601,.T.);
#601 = LINE('',#602,#603);
#602 = CARTESIAN_POINT('',(-10.22672241888,8.812726511539,3.91E-15));
#603 = VECTOR('',#604,1.);
#604 = DIRECTION('',(-0.707106781187,0.707106781187,3.1E-16));
#605 = FACE_BOUND('',#606,.T.);
#606 = EDGE_LOOP('',(#607));
#607 = ORIENTED_EDGE('',*,*,#608,.F.);
#608 = EDGE_CURVE('',#609,#609,#611,.T.);
#609 = VERTEX_POINT('',#610);
#610 = CARTESIAN_POINT('',(-22.9,25.,1.2E-14));
#611 = CIRCLE('',#612,2.1);
#612 = AXIS2_PLACEMENT_3D('',#613,#614,#615);
#613 = CARTESIAN_POINT('',(-25.,25.,1.234E-14));
#614 = DIRECTION('',(0.,2.2E-16,-1.));
#615 = DIRECTION('',(1.,-0.,0.));
#616 = FACE_BOUND('',#617,.T.);
#617 = EDGE_LOOP('',(#618));
#618 = ORIENTED_EDGE('',*,*,#619,.T.);
#619 = EDGE_CURVE('',#620,#620,#622,.T.);
#620 = VERTEX_POINT('',#621);
#621 = CARTESIAN_POINT('',(-22.9,-25.,0.));
#622 = CIRCLE('',#623,2.1);
#623 = AXIS2_PLACEMENT_3D('',#624,#625,#626);
#624 = CARTESIAN_POINT('',(-25.,-25.,1.23E-15));
#625 = DIRECTION('',(0.,-2.2E-16,1.));
#626 = DIRECTION('',(1.,0.,-0.));
#627 = FACE_BOUND('',#628,.T.);
#628 = EDGE_LOOP('',(#629));
#629 = ORIENTED_EDGE('',*,*,#630,.F.);
#630 = EDGE_CURVE('',#631,#631,#633,.T.);
#631 = VERTEX_POINT('',#632);
#632 = CARTESIAN_POINT('',(22.9,-25.,0.));
#633 = CIRCLE('',#634,2.1);
#634 = AXIS2_PLACEMENT_3D('',#635,#636,#637);
#635 = CARTESIAN_POINT('',(25.,-25.,1.23E-15));
#636 = DIRECTION('',(0.,2.2E-16,-1.));
#637 = DIRECTION('',(-1.,0.,0.));
#638 = FACE_BOUND('',#639,.T.);
#639 = EDGE_LOOP('',(#640,#650,#659,#667,#676,#684,#693,#701));
#640 = ORIENTED_EDGE('',*,*,#641,.F.);
#641 = EDGE_CURVE('',#642,#644,#646,.T.);
#642 = VERTEX_POINT('',#643);
#643 = CARTESIAN_POINT('',(29.6,-25.,1.E-15));
#644 = VERTEX_POINT('',#645);
#645 = CARTESIAN_POINT('',(29.6,25.,1.3E-14));
#646 = LINE('',#647,#648);
#647 = CARTESIAN_POINT('',(29.6,-25.,1.28E-15));
#648 = VECTOR('',#649,1.);
#649 = DIRECTION('',(-2.2E-16,1.,4.4E-16));
#650 = ORIENTED_EDGE('',*,*,#651,.F.);
#651 = EDGE_CURVE('',#652,#642,#654,.T.);
#652 = VERTEX_POINT('',#653);
#653 = CARTESIAN_POINT('',(25.,-29.6,1.1E-14));
#654 = CIRCLE('',#655,4.6);
#655 = AXIS2_PLACEMENT_3D('',#656,#657,#658);
#656 = CARTESIAN_POINT('',(25.,-25.,1.23E-15));
#657 = DIRECTION('',(0.,-2.2E-16,1.));
#658 = DIRECTION('',(0.,-1.,-2.2E-16));
#659 = ORIENTED_EDGE('',*,*,#660,.F.);
#660 = EDGE_CURVE('',#661,#652,#663,.T.);
#661 = VERTEX_POINT('',#662);
#662 = CARTESIAN_POINT('',(-25.,-29.6,-1.E-15));
#663 = LINE('',#664,#665);
#664 = CARTESIAN_POINT('',(-25.,-29.6,2.6E-16));
#665 = VECTOR('',#666,1.);
#666 = DIRECTION('',(1.,-2.2E-16,2.2E-16));
#667 = ORIENTED_EDGE('',*,*,#668,.F.);
#668 = EDGE_CURVE('',#669,#661,#671,.T.);
#669 = VERTEX_POINT('',#670);
#670 = CARTESIAN_POINT('',(-29.6,-25.,-7.E-15));
#671 = CIRCLE('',#672,4.6);
#672 = AXIS2_PLACEMENT_3D('',#673,#674,#675);
#673 = CARTESIAN_POINT('',(-25.,-25.,1.23E-15));
#674 = DIRECTION('',(0.,-2.2E-16,1.));
#675 = DIRECTION('',(-1.,-0.,0.));
#676 = ORIENTED_EDGE('',*,*,#677,.F.);
#677 = EDGE_CURVE('',#678,#669,#680,.T.);
#678 = VERTEX_POINT('',#679);
#679 = CARTESIAN_POINT('',(-29.6,25.,1.2E-14));
#680 = LINE('',#681,#682);
#681 = CARTESIAN_POINT('',(-29.6,25.,1.233E-14));
#682 = VECTOR('',#683,1.);
#683 = DIRECTION('',(-0.,-1.,-4.4E-16));
#684 = ORIENTED_EDGE('',*,*,#685,.F.);
#685 = EDGE_CURVE('',#686,#678,#688,.T.);
#686 = VERTEX_POINT('',#687);
#687 = CARTESIAN_POINT('',(-25.,29.6,2.E-15));
#688 = CIRCLE('',#689,4.6);
#689 = AXIS2_PLACEMENT_3D('',#690,#691,#692);
#690 = CARTESIAN_POINT('',(-25.,25.,1.234E-14));
#691 = DIRECTION('',(0.,-2.2E-16,1.));
#692 = DIRECTION('',(0.,1.,2.2E-16));
#693 = ORIENTED_EDGE('',*,*,#694,.F.);
#694 = EDGE_CURVE('',#695,#686,#697,.T.);
#695 = VERTEX_POINT('',#696);
#696 = CARTESIAN_POINT('',(25.,29.6,1.3E-14));
#697 = LINE('',#698,#699);
#698 = CARTESIAN_POINT('',(25.,29.6,1.341E-14));
#699 = VECTOR('',#700,1.);
#700 = DIRECTION('',(-1.,-2.2E-16,-2.2E-16));
#701 = ORIENTED_EDGE('',*,*,#702,.F.);
#702 = EDGE_CURVE('',#644,#695,#703,.T.);
#703 = CIRCLE('',#704,4.6);
#704 = AXIS2_PLACEMENT_3D('',#705,#706,#707);
#705 = CARTESIAN_POINT('',(25.,25.,1.234E-14));
#706 = DIRECTION('',(0.,-2.2E-16,1.));
#707 = DIRECTION('',(1.,0.,0.));
#708 = PLANE('',#709);
#709 = AXIS2_PLACEMENT_3D('',#710,#711,#712);
#710 = CARTESIAN_POINT('',(-2.95E-15,7.4E-16,6.78E-15));
#711 = DIRECTION('',(0.,2.2E-16,-1.));
#712 = DIRECTION('',(0.,-1.,-2.2E-16));
#713 = ADVANCED_FACE('',(#714),#733,.F.);
#714 = FACE_BOUND('',#715,.F.);
#715 = EDGE_LOOP('',(#716,#724,#725,#726));
#716 = ORIENTED_EDGE('',*,*,#717,.F.);
#717 = EDGE_CURVE('',#22,#718,#720,.T.);
#718 = VERTEX_POINT('',#719);
#719 = CARTESIAN_POINT('',(23.3,25.,0.4));
#720 = LINE('',#721,#722);
#721 = CARTESIAN_POINT('',(23.3,25.,0.4));
#722 = VECTOR('',#723,1.);
#723 = DIRECTION('',(0.707106781187,-1.6E-16,0.707106781187));
#724 = ORIENTED_EDGE('',*,*,#21,.T.);
#725 = ORIENTED_EDGE('',*,*,#717,.T.);
#726 = ORIENTED_EDGE('',*,*,#727,.F.);
#727 = EDGE_CURVE('',#718,#718,#728,.T.);
#728 = CIRCLE('',#729,1.7);
#729 = AXIS2_PLACEMENT_3D('',#730,#731,#732);
#730 = CARTESIAN_POINT('',(25.,25.,0.4));
#731 = DIRECTION('',(0.,-2.2E-16,1.));
#732 = DIRECTION('',(-1.,0.,0.));
#733 = CONICAL_SURFACE('',#734,1.7,0.785398163397);
#734 = AXIS2_PLACEMENT_3D('',#735,#736,#737);
#735 = CARTESIAN_POINT('',(25.,25.,0.4));
#736 = DIRECTION('',(-0.,2.2E-16,-1.));
#737 = DIRECTION('',(-1.,0.,0.));
#738 = ADVANCED_FACE('',(#739),#765,.F.);
#739 = FACE_BOUND('',#740,.F.);
#740 = EDGE_LOOP('',(#741,#749,#758,#764));
#741 = ORIENTED_EDGE('',*,*,#742,.T.);
#742 = EDGE_CURVE('',#33,#743,#745,.T.);
#743 = VERTEX_POINT('',#744);
#744 = CARTESIAN_POINT('',(19.43313992802,-20.84713583536,1.6));
#745 = LINE('',#746,#747);
#746 = CARTESIAN_POINT('',(19.43313992802,-20.84713583536,4.32E-15));
#747 = VECTOR('',#748,1.);
#748 = DIRECTION('',(-2.2E-16,0.,1.));
#749 = ORIENTED_EDGE('',*,*,#750,.T.);
#750 = EDGE_CURVE('',#743,#751,#753,.T.);
#751 = VERTEX_POINT('',#752);
#752 = CARTESIAN_POINT('',(1.,-28.48245073725,1.6));
#753 = CIRCLE('',#754,28.5);
#754 = AXIS2_PLACEMENT_3D('',#755,#756,#757);
#755 = CARTESIAN_POINT('',(9.14E-15,-1.022E-14,1.6));
#756 = DIRECTION('',(0.,-0.,-1.));
#757 = DIRECTION('',(0.681864558878,-0.731478450364,0.));
#758 = ORIENTED_EDGE('',*,*,#759,.F.);
#759 = EDGE_CURVE('',#35,#751,#760,.T.);
#760 = LINE('',#761,#762);
#761 = CARTESIAN_POINT('',(1.,-28.48245073725,2.2E-16));
#762 = VECTOR('',#763,1.);
#763 = DIRECTION('',(-2.2E-16,0.,1.));
#764 = ORIENTED_EDGE('',*,*,#32,.F.);
#765 = CYLINDRICAL_SURFACE('',#766,28.5);
#766 = AXIS2_PLACEMENT_3D('',#767,#768,#769);
#767 = CARTESIAN_POINT('',(9.14E-15,-1.022E-14,0.));
#768 = DIRECTION('',(2.2E-16,0.,-1.));
#769 = DIRECTION('',(-1.,2.2E-16,-2.2E-16));
#770 = ADVANCED_FACE('',(#771),#789,.F.);
#771 = FACE_BOUND('',#772,.T.);
#772 = EDGE_LOOP('',(#773,#774,#782,#788));
#773 = ORIENTED_EDGE('',*,*,#742,.T.);
#774 = ORIENTED_EDGE('',*,*,#775,.T.);
#775 = EDGE_CURVE('',#743,#776,#778,.T.);
#776 = VERTEX_POINT('',#777);
#777 = CARTESIAN_POINT('',(14.833277265691,-16.24727317303,1.6));
#778 = LINE('',#779,#780);
#779 = CARTESIAN_POINT('',(19.43313992802,-20.84713583536,1.6));
#780 = VECTOR('',#781,1.);
#781 = DIRECTION('',(-0.707106781187,0.707106781187,-1.6E-16));
#782 = ORIENTED_EDGE('',*,*,#783,.F.);
#783 = EDGE_CURVE('',#44,#776,#784,.T.);
#784 = LINE('',#785,#786);
#785 = CARTESIAN_POINT('',(14.833277265691,-16.24727317303,3.29E-15));
#786 = VECTOR('',#787,1.);
#787 = DIRECTION('',(-2.2E-16,0.,1.));
#788 = ORIENTED_EDGE('',*,*,#43,.F.);
#789 = PLANE('',#790);
#790 = AXIS2_PLACEMENT_3D('',#791,#792,#793);
#791 = CARTESIAN_POINT('',(19.43313992802,-20.84713583536,4.32E-15));
#792 = DIRECTION('',(0.707106781187,0.707106781187,1.6E-16));
#793 = DIRECTION('',(0.707106781187,-0.707106781187,1.6E-16));
#794 = ADVANCED_FACE('',(#795),#814,.T.);
#795 = FACE_BOUND('',#796,.T.);
#796 = EDGE_LOOP('',(#797,#798,#807,#813));
#797 = ORIENTED_EDGE('',*,*,#783,.T.);
#798 = ORIENTED_EDGE('',*,*,#799,.T.);
#799 = EDGE_CURVE('',#776,#800,#802,.T.);
#800 = VERTEX_POINT('',#801);
#801 = CARTESIAN_POINT('',(1.,-21.97726097583,1.6));
#802 = CIRCLE('',#803,22.);
#803 = AXIS2_PLACEMENT_3D('',#804,#805,#806);
#804 = CARTESIAN_POINT('',(0.,0.,1.6));
#805 = DIRECTION('',(0.,-0.,-1.));
#806 = DIRECTION('',(0.674239875713,-0.738512416956,0.));
#807 = ORIENTED_EDGE('',*,*,#808,.F.);
#808 = EDGE_CURVE('',#52,#800,#809,.T.);
#809 = LINE('',#810,#811);
#810 = CARTESIAN_POINT('',(1.,-21.97726097583,2.2E-16));
#811 = VECTOR('',#812,1.);
#812 = DIRECTION('',(-2.2E-16,0.,1.));
#813 = ORIENTED_EDGE('',*,*,#51,.F.);
#814 = CYLINDRICAL_SURFACE('',#815,22.);
#815 = AXIS2_PLACEMENT_3D('',#816,#817,#818);
#816 = CARTESIAN_POINT('',(0.,0.,0.));
#817 = DIRECTION('',(2.2E-16,0.,-1.));
#818 = DIRECTION('',(-1.,2.2E-16,-2.2E-16));
#819 = ADVANCED_FACE('',(#820),#865,.T.);
#820 = FACE_BOUND('',#821,.F.);
#821 = EDGE_LOOP('',(#822,#823,#832,#840,#848,#856,#863,#864));
#822 = ORIENTED_EDGE('',*,*,#759,.T.);
#823 = ORIENTED_EDGE('',*,*,#824,.T.);
#824 = EDGE_CURVE('',#751,#825,#827,.T.);
#825 = VERTEX_POINT('',#826);
#826 = CARTESIAN_POINT('',(1.,-28.88269378018,2.));
#827 = HYPERBOLA('',#828,1.,1.);
#828 = AXIS2_PLACEMENT_3D('',#829,#830,#831);
#829 = CARTESIAN_POINT('',(1.,-1.045E-14,-26.9));
#830 = DIRECTION('',(1.,-2.2E-16,2.2E-16));
#831 = DIRECTION('',(-2.2E-16,0.,1.));
#832 = ORIENTED_EDGE('',*,*,#833,.F.);
#833 = EDGE_CURVE('',#834,#825,#836,.T.);
#834 = VERTEX_POINT('',#835);
#835 = CARTESIAN_POINT('',(1.,-28.48245073725,2.));
#836 = LINE('',#837,#838);
#837 = CARTESIAN_POINT('',(1.,-14.24122536862,2.));
#838 = VECTOR('',#839,1.);
#839 = DIRECTION('',(-2.2E-16,-1.,0.));
#840 = ORIENTED_EDGE('',*,*,#841,.T.);
#841 = EDGE_CURVE('',#834,#842,#844,.T.);
#842 = VERTEX_POINT('',#843);
#843 = CARTESIAN_POINT('',(1.,-21.97726097583,2.));
#844 = LINE('',#845,#846);
#845 = CARTESIAN_POINT('',(1.,-28.48245073725,2.));
#846 = VECTOR('',#847,1.);
#847 = DIRECTION('',(2.2E-16,1.,0.));
#848 = ORIENTED_EDGE('',*,*,#849,.T.);
#849 = EDGE_CURVE('',#842,#850,#852,.T.);
#850 = VERTEX_POINT('',#851);
#851 = CARTESIAN_POINT('',(1.,-21.57683943491,2.));
#852 = LINE('',#853,#854);
#853 = CARTESIAN_POINT('',(1.,-14.24122536862,2.));
#854 = VECTOR('',#855,1.);
#855 = DIRECTION('',(2.2E-16,1.,0.));
#856 = ORIENTED_EDGE('',*,*,#857,.F.);
#857 = EDGE_CURVE('',#800,#850,#858,.T.);
#858 = HYPERBOLA('',#859,1.,1.);
#859 = AXIS2_PLACEMENT_3D('',#860,#861,#862);
#860 = CARTESIAN_POINT('',(1.,-2.2E-16,23.6));
#861 = DIRECTION('',(1.,-2.2E-16,2.2E-16));
#862 = DIRECTION('',(2.2E-16,0.,-1.));
#863 = ORIENTED_EDGE('',*,*,#808,.F.);
#864 = ORIENTED_EDGE('',*,*,#60,.F.);
#865 = PLANE('',#866);
#866 = AXIS2_PLACEMENT_3D('',#867,#868,#869);
#867 = CARTESIAN_POINT('',(1.,-28.48245073725,2.2E-16));
#868 = DIRECTION('',(1.,-2.2E-16,2.2E-16));
#869 = DIRECTION('',(-2.2E-16,-1.,-0.));
#870 = ADVANCED_FACE('',(#871),#897,.F.);
#871 = FACE_BOUND('',#872,.T.);
#872 = EDGE_LOOP('',(#873,#881,#890,#896));
#873 = ORIENTED_EDGE('',*,*,#874,.T.);
#874 = EDGE_CURVE('',#69,#875,#877,.T.);
#875 = VERTEX_POINT('',#876);
#876 = CARTESIAN_POINT('',(-19.43313992802,-20.84713583536,1.6));
#877 = LINE('',#878,#879);
#878 = CARTESIAN_POINT('',(-19.43313992802,-20.84713583536,0.));
#879 = VECTOR('',#880,1.);
#880 = DIRECTION('',(0.,0.,1.));
#881 = ORIENTED_EDGE('',*,*,#882,.T.);
#882 = EDGE_CURVE('',#875,#883,#885,.T.);
#883 = VERTEX_POINT('',#884);
#884 = CARTESIAN_POINT('',(-1.,-28.48245073725,1.6));
#885 = CIRCLE('',#886,28.5);
#886 = AXIS2_PLACEMENT_3D('',#887,#888,#889);
#887 = CARTESIAN_POINT('',(-9.14E-15,-1.022E-14,1.6));
#888 = DIRECTION('',(0.,0.,1.));
#889 = DIRECTION('',(-0.681864558878,-0.731478450364,0.));
#890 = ORIENTED_EDGE('',*,*,#891,.F.);
#891 = EDGE_CURVE('',#71,#883,#892,.T.);
#892 = LINE('',#893,#894);
#893 = CARTESIAN_POINT('',(-1.,-28.48245073725,0.));
#894 = VECTOR('',#895,1.);
#895 = DIRECTION('',(0.,0.,1.));
#896 = ORIENTED_EDGE('',*,*,#68,.F.);
#897 = CYLINDRICAL_SURFACE('',#898,28.5);
#898 = AXIS2_PLACEMENT_3D('',#899,#900,#901);
#899 = CARTESIAN_POINT('',(-9.14E-15,-1.022E-14,0.));
#900 = DIRECTION('',(-0.,-0.,-1.));
#901 = DIRECTION('',(1.,0.,0.));
#902 = ADVANCED_FACE('',(#903),#921,.T.);
#903 = FACE_BOUND('',#904,.T.);
#904 = EDGE_LOOP('',(#905,#906,#914,#920));
#905 = ORIENTED_EDGE('',*,*,#891,.T.);
#906 = ORIENTED_EDGE('',*,*,#907,.T.);
#907 = EDGE_CURVE('',#883,#908,#910,.T.);
#908 = VERTEX_POINT('',#909);
#909 = CARTESIAN_POINT('',(-1.,-21.97726097583,1.6));
#910 = LINE('',#911,#912);
#911 = CARTESIAN_POINT('',(-1.,-28.48245073725,1.6));
#912 = VECTOR('',#913,1.);
#913 = DIRECTION('',(0.,1.,0.));
#914 = ORIENTED_EDGE('',*,*,#915,.F.);
#915 = EDGE_CURVE('',#80,#908,#916,.T.);
#916 = LINE('',#917,#918);
#917 = CARTESIAN_POINT('',(-1.,-21.97726097583,0.));
#918 = VECTOR('',#919,1.);
#919 = DIRECTION('',(0.,0.,1.));
#920 = ORIENTED_EDGE('',*,*,#79,.F.);
#921 = PLANE('',#922);
#922 = AXIS2_PLACEMENT_3D('',#923,#924,#925);
#923 = CARTESIAN_POINT('',(-1.,-28.48245073725,0.));
#924 = DIRECTION('',(-1.,0.,0.));
#925 = DIRECTION('',(0.,1.,0.));
#926 = ADVANCED_FACE('',(#927),#946,.T.);
#927 = FACE_BOUND('',#928,.F.);
#928 = EDGE_LOOP('',(#929,#937,#944,#945));
#929 = ORIENTED_EDGE('',*,*,#930,.T.);
#930 = EDGE_CURVE('',#88,#931,#933,.T.);
#931 = VERTEX_POINT('',#932);
#932 = CARTESIAN_POINT('',(-14.83327726569,-16.24727317303,1.6));
#933 = LINE('',#934,#935);
#934 = CARTESIAN_POINT('',(-14.83327726569,-16.24727317303,0.));
#935 = VECTOR('',#936,1.);
#936 = DIRECTION('',(0.,0.,1.));
#937 = ORIENTED_EDGE('',*,*,#938,.T.);
#938 = EDGE_CURVE('',#931,#908,#939,.T.);
#939 = CIRCLE('',#940,22.);
#940 = AXIS2_PLACEMENT_3D('',#941,#942,#943);
#941 = CARTESIAN_POINT('',(0.,0.,1.6));
#942 = DIRECTION('',(0.,0.,1.));
#943 = DIRECTION('',(-0.674239875713,-0.738512416956,0.));
#944 = ORIENTED_EDGE('',*,*,#915,.F.);
#945 = ORIENTED_EDGE('',*,*,#87,.F.);
#946 = CYLINDRICAL_SURFACE('',#947,22.);
#947 = AXIS2_PLACEMENT_3D('',#948,#949,#950);
#948 = CARTESIAN_POINT('',(0.,0.,0.));
#949 = DIRECTION('',(-0.,-0.,-1.));
#950 = DIRECTION('',(1.,0.,0.));
#951 = ADVANCED_FACE('',(#952),#963,.F.);
#952 = FACE_BOUND('',#953,.F.);
#953 = EDGE_LOOP('',(#954,#955,#961,#962));
#954 = ORIENTED_EDGE('',*,*,#874,.T.);
#955 = ORIENTED_EDGE('',*,*,#956,.T.);
#956 = EDGE_CURVE('',#875,#931,#957,.T.);
#957 = LINE('',#958,#959);
#958 = CARTESIAN_POINT('',(-19.43313992802,-20.84713583536,1.6));
#959 = VECTOR('',#960,1.);
#960 = DIRECTION('',(0.707106781187,0.707106781187,0.));
#961 = ORIENTED_EDGE('',*,*,#930,.F.);
#962 = ORIENTED_EDGE('',*,*,#96,.F.);
#963 = PLANE('',#964);
#964 = AXIS2_PLACEMENT_3D('',#965,#966,#967);
#965 = CARTESIAN_POINT('',(-19.43313992802,-20.84713583536,0.));
#966 = DIRECTION('',(-0.707106781187,0.707106781187,0.));
#967 = DIRECTION('',(0.707106781187,0.707106781187,0.));
#968 = ADVANCED_FACE('',(#969),#995,.F.);
#969 = FACE_BOUND('',#970,.F.);
#970 = EDGE_LOOP('',(#971,#979,#988,#994));
#971 = ORIENTED_EDGE('',*,*,#972,.T.);
#972 = EDGE_CURVE('',#105,#973,#975,.T.);
#973 = VERTEX_POINT('',#974);
#974 = CARTESIAN_POINT('',(28.482450737252,-1.,1.6));
#975 = LINE('',#976,#977);
#976 = CARTESIAN_POINT('',(28.482450737252,-1.,6.32E-15));
#977 = VECTOR('',#978,1.);
#978 = DIRECTION('',(-2.2E-16,0.,1.));
#979 = ORIENTED_EDGE('',*,*,#980,.T.);
#980 = EDGE_CURVE('',#973,#981,#983,.T.);
#981 = VERTEX_POINT('',#982);
#982 = CARTESIAN_POINT('',(20.847135835361,-19.43313992802,1.6));
#983 = CIRCLE('',#984,28.5);
#984 = AXIS2_PLACEMENT_3D('',#985,#986,#987);
#985 = CARTESIAN_POINT('',(9.14E-15,-1.022E-14,1.6));
#986 = DIRECTION('',(0.,-0.,-1.));
#987 = DIRECTION('',(0.999384236395,-3.508771929825E-02,0.));
#988 = ORIENTED_EDGE('',*,*,#989,.F.);
#989 = EDGE_CURVE('',#107,#981,#990,.T.);
#990 = LINE('',#991,#992);
#991 = CARTESIAN_POINT('',(20.847135835361,-19.43313992802,4.63E-15));
#992 = VECTOR('',#993,1.);
#993 = DIRECTION('',(-2.2E-16,0.,1.));
#994 = ORIENTED_EDGE('',*,*,#104,.F.);
#995 = CYLINDRICAL_SURFACE('',#996,28.5);
#996 = AXIS2_PLACEMENT_3D('',#997,#998,#999);
#997 = CARTESIAN_POINT('',(9.14E-15,-1.022E-14,0.));
#998 = DIRECTION('',(2.2E-16,0.,-1.));
#999 = DIRECTION('',(-1.,2.2E-16,-2.2E-16));
#1000 = ADVANCED_FACE('',(#1001),#1019,.F.);
#1001 = FACE_BOUND('',#1002,.T.);
#1002 = EDGE_LOOP('',(#1003,#1004,#1012,#1018));
#1003 = ORIENTED_EDGE('',*,*,#972,.T.);
#1004 = ORIENTED_EDGE('',*,*,#1005,.T.);
#1005 = EDGE_CURVE('',#973,#1006,#1008,.T.);
#1006 = VERTEX_POINT('',#1007);
#1007 = CARTESIAN_POINT('',(21.977260975836,-1.,1.6));
#1008 = LINE('',#1009,#1010);
#1009 = CARTESIAN_POINT('',(28.482450737252,-1.,1.6));
#1010 = VECTOR('',#1011,1.);
#1011 = DIRECTION('',(-1.,4.1E-16,-2.2E-16));
#1012 = ORIENTED_EDGE('',*,*,#1013,.F.);
#1013 = EDGE_CURVE('',#116,#1006,#1014,.T.);
#1014 = LINE('',#1015,#1016);
#1015 = CARTESIAN_POINT('',(21.977260975836,-1.,4.88E-15));
#1016 = VECTOR('',#1017,1.);
#1017 = DIRECTION('',(-2.2E-16,0.,1.));
#1018 = ORIENTED_EDGE('',*,*,#115,.F.);
#1019 = PLANE('',#1020);
#1020 = AXIS2_PLACEMENT_3D('',#1021,#1022,#1023);
#1021 = CARTESIAN_POINT('',(28.482450737252,-1.,6.32E-15));
#1022 = DIRECTION('',(4.1E-16,1.,0.));
#1023 = DIRECTION('',(1.,-4.1E-16,2.2E-16));
#1024 = ADVANCED_FACE('',(#1025),#1044,.T.);
#1025 = FACE_BOUND('',#1026,.T.);
#1026 = EDGE_LOOP('',(#1027,#1028,#1037,#1043));
#1027 = ORIENTED_EDGE('',*,*,#1013,.T.);
#1028 = ORIENTED_EDGE('',*,*,#1029,.T.);
#1029 = EDGE_CURVE('',#1006,#1030,#1032,.T.);
#1030 = VERTEX_POINT('',#1031);
#1031 = CARTESIAN_POINT('',(16.247273173032,-14.83327726569,1.6));
#1032 = CIRCLE('',#1033,22.);
#1033 = AXIS2_PLACEMENT_3D('',#1034,#1035,#1036);
#1034 = CARTESIAN_POINT('',(0.,0.,1.6));
#1035 = DIRECTION('',(0.,-0.,-1.));
#1036 = DIRECTION('',(0.998966407993,-4.545454545455E-02,0.));
#1037 = ORIENTED_EDGE('',*,*,#1038,.F.);
#1038 = EDGE_CURVE('',#124,#1030,#1039,.T.);
#1039 = LINE('',#1040,#1041);
#1040 = CARTESIAN_POINT('',(16.247273173032,-14.83327726569,3.61E-15));
#1041 = VECTOR('',#1042,1.);
#1042 = DIRECTION('',(-2.2E-16,0.,1.));
#1043 = ORIENTED_EDGE('',*,*,#123,.F.);
#1044 = CYLINDRICAL_SURFACE('',#1045,22.);
#1045 = AXIS2_PLACEMENT_3D('',#1046,#1047,#1048);
#1046 = CARTESIAN_POINT('',(0.,0.,0.));
#1047 = DIRECTION('',(2.2E-16,0.,-1.));
#1048 = DIRECTION('',(-1.,2.2E-16,-2.2E-16));
#1049 = ADVANCED_FACE('',(#1050),#1061,.T.);
#1050 = FACE_BOUND('',#1051,.F.);
#1051 = EDGE_LOOP('',(#1052,#1053,#1059,#1060));
#1052 = ORIENTED_EDGE('',*,*,#989,.T.);
#1053 = ORIENTED_EDGE('',*,*,#1054,.T.);
#1054 = EDGE_CURVE('',#981,#1030,#1055,.T.);
#1055 = LINE('',#1056,#1057);
#1056 = CARTESIAN_POINT('',(20.847135835361,-19.43313992802,1.6));
#1057 = VECTOR('',#1058,1.);
#1058 = DIRECTION('',(-0.707106781187,0.707106781187,-1.6E-16));
#1059 = ORIENTED_EDGE('',*,*,#1038,.F.);
#1060 = ORIENTED_EDGE('',*,*,#132,.F.);
#1061 = PLANE('',#1062);
#1062 = AXIS2_PLACEMENT_3D('',#1063,#1064,#1065);
#1063 = CARTESIAN_POINT('',(20.847135835361,-19.43313992802,4.63E-15));
#1064 = DIRECTION('',(0.707106781187,0.707106781187,1.6E-16));
#1065 = DIRECTION('',(0.707106781187,-0.707106781187,1.6E-16));
#1066 = ADVANCED_FACE('',(#1067),#1093,.F.);
#1067 = FACE_BOUND('',#1068,.T.);
#1068 = EDGE_LOOP('',(#1069,#1077,#1086,#1092));
#1069 = ORIENTED_EDGE('',*,*,#1070,.T.);
#1070 = EDGE_CURVE('',#141,#1071,#1073,.T.);
#1071 = VERTEX_POINT('',#1072);
#1072 = CARTESIAN_POINT('',(-28.48245073725,-1.,1.6));
#1073 = LINE('',#1074,#1075);
#1074 = CARTESIAN_POINT('',(-28.48245073725,-1.,0.));
#1075 = VECTOR('',#1076,1.);
#1076 = DIRECTION('',(0.,0.,1.));
#1077 = ORIENTED_EDGE('',*,*,#1078,.T.);
#1078 = EDGE_CURVE('',#1071,#1079,#1081,.T.);
#1079 = VERTEX_POINT('',#1080);
#1080 = CARTESIAN_POINT('',(-20.84713583536,-19.43313992802,1.6));
#1081 = CIRCLE('',#1082,28.5);
#1082 = AXIS2_PLACEMENT_3D('',#1083,#1084,#1085);
#1083 = CARTESIAN_POINT('',(-9.14E-15,-1.022E-14,1.6));
#1084 = DIRECTION('',(0.,0.,1.));
#1085 = DIRECTION('',(-0.999384236395,-3.508771929825E-02,0.));
#1086 = ORIENTED_EDGE('',*,*,#1087,.F.);
#1087 = EDGE_CURVE('',#143,#1079,#1088,.T.);
#1088 = LINE('',#1089,#1090);
#1089 = CARTESIAN_POINT('',(-20.84713583536,-19.43313992802,0.));
#1090 = VECTOR('',#1091,1.);
#1091 = DIRECTION('',(0.,0.,1.));
#1092 = ORIENTED_EDGE('',*,*,#140,.F.);
#1093 = CYLINDRICAL_SURFACE('',#1094,28.5);
#1094 = AXIS2_PLACEMENT_3D('',#1095,#1096,#1097);
#1095 = CARTESIAN_POINT('',(-9.14E-15,-1.022E-14,0.));
#1096 = DIRECTION('',(-0.,-0.,-1.));
#1097 = DIRECTION('',(1.,0.,0.));
#1098 = ADVANCED_FACE('',(#1099),#1117,.T.);
#1099 = FACE_BOUND('',#1100,.T.);
#1100 = EDGE_LOOP('',(#1101,#1102,#1110,#1116));
#1101 = ORIENTED_EDGE('',*,*,#1087,.T.);
#1102 = ORIENTED_EDGE('',*,*,#1103,.T.);
#1103 = EDGE_CURVE('',#1079,#1104,#1106,.T.);
#1104 = VERTEX_POINT('',#1105);
#1105 = CARTESIAN_POINT('',(-16.24727317303,-14.83327726569,1.6));
#1106 = LINE('',#1107,#1108);
#1107 = CARTESIAN_POINT('',(-20.84713583536,-19.43313992802,1.6));
#1108 = VECTOR('',#1109,1.);
#1109 = DIRECTION('',(0.707106781187,0.707106781187,0.));
#1110 = ORIENTED_EDGE('',*,*,#1111,.F.);
#1111 = EDGE_CURVE('',#152,#1104,#1112,.T.);
#1112 = LINE('',#1113,#1114);
#1113 = CARTESIAN_POINT('',(-16.24727317303,-14.83327726569,0.));
#1114 = VECTOR('',#1115,1.);
#1115 = DIRECTION('',(0.,0.,1.));
#1116 = ORIENTED_EDGE('',*,*,#151,.F.);
#1117 = PLANE('',#1118);
#1118 = AXIS2_PLACEMENT_3D('',#1119,#1120,#1121);
#1119 = CARTESIAN_POINT('',(-20.84713583536,-19.43313992802,0.));
#1120 = DIRECTION('',(-0.707106781187,0.707106781187,0.));
#1121 = DIRECTION('',(0.707106781187,0.707106781187,0.));
#1122 = ADVANCED_FACE('',(#1123),#1142,.T.);
#1123 = FACE_BOUND('',#1124,.F.);
#1124 = EDGE_LOOP('',(#1125,#1133,#1140,#1141));
#1125 = ORIENTED_EDGE('',*,*,#1126,.T.);
#1126 = EDGE_CURVE('',#160,#1127,#1129,.T.);
#1127 = VERTEX_POINT('',#1128);
#1128 = CARTESIAN_POINT('',(-21.97726097583,-1.,1.6));
#1129 = LINE('',#1130,#1131);
#1130 = CARTESIAN_POINT('',(-21.97726097583,-1.,0.));
#1131 = VECTOR('',#1132,1.);
#1132 = DIRECTION('',(0.,0.,1.));
#1133 = ORIENTED_EDGE('',*,*,#1134,.T.);
#1134 = EDGE_CURVE('',#1127,#1104,#1135,.T.);
#1135 = CIRCLE('',#1136,22.);
#1136 = AXIS2_PLACEMENT_3D('',#1137,#1138,#1139);
#1137 = CARTESIAN_POINT('',(0.,0.,1.6));
#1138 = DIRECTION('',(0.,0.,1.));
#1139 = DIRECTION('',(-0.998966407993,-4.545454545455E-02,0.));
#1140 = ORIENTED_EDGE('',*,*,#1111,.F.);
#1141 = ORIENTED_EDGE('',*,*,#159,.F.);
#1142 = CYLINDRICAL_SURFACE('',#1143,22.);
#1143 = AXIS2_PLACEMENT_3D('',#1144,#1145,#1146);
#1144 = CARTESIAN_POINT('',(0.,0.,0.));
#1145 = DIRECTION('',(-0.,-0.,-1.));
#1146 = DIRECTION('',(1.,0.,0.));
#1147 = ADVANCED_FACE('',(#1148),#1159,.F.);
#1148 = FACE_BOUND('',#1149,.F.);
#1149 = EDGE_LOOP('',(#1150,#1151,#1157,#1158));
#1150 = ORIENTED_EDGE('',*,*,#1070,.T.);
#1151 = ORIENTED_EDGE('',*,*,#1152,.T.);
#1152 = EDGE_CURVE('',#1071,#1127,#1153,.T.);
#1153 = LINE('',#1154,#1155);
#1154 = CARTESIAN_POINT('',(-28.48245073725,-1.,1.6));
#1155 = VECTOR('',#1156,1.);
#1156 = DIRECTION('',(1.,1.9E-16,0.));
#1157 = ORIENTED_EDGE('',*,*,#1126,.F.);
#1158 = ORIENTED_EDGE('',*,*,#168,.F.);
#1159 = PLANE('',#1160);
#1160 = AXIS2_PLACEMENT_3D('',#1161,#1162,#1163);
#1161 = CARTESIAN_POINT('',(-28.48245073725,-1.,0.));
#1162 = DIRECTION('',(-1.9E-16,1.,0.));
#1163 = DIRECTION('',(1.,1.9E-16,0.));
#1164 = ADVANCED_FACE('',(#1165),#1191,.F.);
#1165 = FACE_BOUND('',#1166,.T.);
#1166 = EDGE_LOOP('',(#1167,#1175,#1184,#1190));
#1167 = ORIENTED_EDGE('',*,*,#1168,.T.);
#1168 = EDGE_CURVE('',#177,#1169,#1171,.T.);
#1169 = VERTEX_POINT('',#1170);
#1170 = CARTESIAN_POINT('',(19.43313992802,20.847135835361,1.6));
#1171 = LINE('',#1172,#1173);
#1172 = CARTESIAN_POINT('',(19.43313992802,20.847135835361,1.357E-14));
#1173 = VECTOR('',#1174,1.);
#1174 = DIRECTION('',(-2.2E-16,-4.4E-16,1.));
#1175 = ORIENTED_EDGE('',*,*,#1176,.T.);
#1176 = EDGE_CURVE('',#1169,#1177,#1179,.T.);
#1177 = VERTEX_POINT('',#1178);
#1178 = CARTESIAN_POINT('',(1.,28.482450737252,1.6));
#1179 = CIRCLE('',#1180,28.5);
#1180 = AXIS2_PLACEMENT_3D('',#1181,#1182,#1183);
#1181 = CARTESIAN_POINT('',(9.14E-15,1.022E-14,1.6));
#1182 = DIRECTION('',(0.,-0.,1.));
#1183 = DIRECTION('',(0.681864558878,0.731478450364,0.));
#1184 = ORIENTED_EDGE('',*,*,#1185,.F.);
#1185 = EDGE_CURVE('',#179,#1177,#1186,.T.);
#1186 = LINE('',#1187,#1188);
#1187 = CARTESIAN_POINT('',(1.,28.482450737252,1.287E-14));
#1188 = VECTOR('',#1189,1.);
#1189 = DIRECTION('',(-2.2E-16,-4.4E-16,1.));
#1190 = ORIENTED_EDGE('',*,*,#176,.F.);
#1191 = CYLINDRICAL_SURFACE('',#1192,28.5);
#1192 = AXIS2_PLACEMENT_3D('',#1193,#1194,#1195);
#1193 = CARTESIAN_POINT('',(9.14E-15,1.022E-14,0.));
#1194 = DIRECTION('',(2.2E-16,4.4E-16,-1.));
#1195 = DIRECTION('',(-1.,-2.2E-16,-2.2E-16));
#1196 = ADVANCED_FACE('',(#1197),#1215,.T.);
#1197 = FACE_BOUND('',#1198,.T.);
#1198 = EDGE_LOOP('',(#1199,#1200,#1208,#1214));
#1199 = ORIENTED_EDGE('',*,*,#1185,.T.);
#1200 = ORIENTED_EDGE('',*,*,#1201,.T.);
#1201 = EDGE_CURVE('',#1177,#1202,#1204,.T.);
#1202 = VERTEX_POINT('',#1203);
#1203 = CARTESIAN_POINT('',(1.,21.977260975836,1.6));
#1204 = LINE('',#1205,#1206);
#1205 = CARTESIAN_POINT('',(1.,28.482450737252,1.6));
#1206 = VECTOR('',#1207,1.);
#1207 = DIRECTION('',(2.2E-16,-1.,-4.4E-16));
#1208 = ORIENTED_EDGE('',*,*,#1209,.F.);
#1209 = EDGE_CURVE('',#188,#1202,#1210,.T.);
#1210 = LINE('',#1211,#1212);
#1211 = CARTESIAN_POINT('',(1.,21.977260975836,9.98E-15));
#1212 = VECTOR('',#1213,1.);
#1213 = DIRECTION('',(-2.2E-16,-4.4E-16,1.));
#1214 = ORIENTED_EDGE('',*,*,#187,.F.);
#1215 = PLANE('',#1216);
#1216 = AXIS2_PLACEMENT_3D('',#1217,#1218,#1219);
#1217 = CARTESIAN_POINT('',(1.,28.482450737252,1.287E-14));
#1218 = DIRECTION('',(1.,2.2E-16,2.2E-16));
#1219 = DIRECTION('',(2.2E-16,-1.,-4.4E-16));
#1220 = ADVANCED_FACE('',(#1221),#1240,.T.);
#1221 = FACE_BOUND('',#1222,.F.);
#1222 = EDGE_LOOP('',(#1223,#1231,#1238,#1239));
#1223 = ORIENTED_EDGE('',*,*,#1224,.T.);
#1224 = EDGE_CURVE('',#196,#1225,#1227,.T.);
#1225 = VERTEX_POINT('',#1226);
#1226 = CARTESIAN_POINT('',(14.833277265691,16.247273173032,1.6));
#1227 = LINE('',#1228,#1229);
#1228 = CARTESIAN_POINT('',(14.833277265691,16.247273173032,1.051E-14));
#1229 = VECTOR('',#1230,1.);
#1230 = DIRECTION('',(-2.2E-16,-4.4E-16,1.));
#1231 = ORIENTED_EDGE('',*,*,#1232,.T.);
#1232 = EDGE_CURVE('',#1225,#1202,#1233,.T.);
#1233 = CIRCLE('',#1234,22.);
#1234 = AXIS2_PLACEMENT_3D('',#1235,#1236,#1237);
#1235 = CARTESIAN_POINT('',(0.,0.,1.6));
#1236 = DIRECTION('',(0.,-0.,1.));
#1237 = DIRECTION('',(0.674239875713,0.738512416956,0.));
#1238 = ORIENTED_EDGE('',*,*,#1209,.F.);
#1239 = ORIENTED_EDGE('',*,*,#195,.F.);
#1240 = CYLINDRICAL_SURFACE('',#1241,22.);
#1241 = AXIS2_PLACEMENT_3D('',#1242,#1243,#1244);
#1242 = CARTESIAN_POINT('',(0.,0.,0.));
#1243 = DIRECTION('',(2.2E-16,4.4E-16,-1.));
#1244 = DIRECTION('',(-1.,-2.2E-16,-2.2E-16));
#1245 = ADVANCED_FACE('',(#1246),#1257,.F.);
#1246 = FACE_BOUND('',#1247,.F.);
#1247 = EDGE_LOOP('',(#1248,#1249,#1255,#1256));
#1248 = ORIENTED_EDGE('',*,*,#1168,.T.);
#1249 = ORIENTED_EDGE('',*,*,#1250,.T.);
#1250 = EDGE_CURVE('',#1169,#1225,#1251,.T.);
#1251 = LINE('',#1252,#1253);
#1252 = CARTESIAN_POINT('',(19.43313992802,20.847135835361,1.6));
#1253 = VECTOR('',#1254,1.);
#1254 = DIRECTION('',(-0.707106781187,-0.707106781187,-4.7E-16));
#1255 = ORIENTED_EDGE('',*,*,#1224,.F.);
#1256 = ORIENTED_EDGE('',*,*,#204,.F.);
#1257 = PLANE('',#1258);
#1258 = AXIS2_PLACEMENT_3D('',#1259,#1260,#1261);
#1259 = CARTESIAN_POINT('',(19.43313992802,20.847135835361,1.357E-14));
#1260 = DIRECTION('',(0.707106781187,-0.707106781187,-1.6E-16));
#1261 = DIRECTION('',(-0.707106781187,-0.707106781187,-4.7E-16));
#1262 = ADVANCED_FACE('',(#1263),#1289,.F.);
#1263 = FACE_BOUND('',#1264,.F.);
#1264 = EDGE_LOOP('',(#1265,#1273,#1282,#1288));
#1265 = ORIENTED_EDGE('',*,*,#1266,.T.);
#1266 = EDGE_CURVE('',#213,#1267,#1269,.T.);
#1267 = VERTEX_POINT('',#1268);
#1268 = CARTESIAN_POINT('',(-19.43313992802,20.847135835361,1.6));
#1269 = LINE('',#1270,#1271);
#1270 = CARTESIAN_POINT('',(-19.43313992802,20.847135835361,9.26E-15));
#1271 = VECTOR('',#1272,1.);
#1272 = DIRECTION('',(0.,-4.4E-16,1.));
#1273 = ORIENTED_EDGE('',*,*,#1274,.T.);
#1274 = EDGE_CURVE('',#1267,#1275,#1277,.T.);
#1275 = VERTEX_POINT('',#1276);
#1276 = CARTESIAN_POINT('',(-1.,28.482450737252,1.6));
#1277 = CIRCLE('',#1278,28.5);
#1278 = AXIS2_PLACEMENT_3D('',#1279,#1280,#1281);
#1279 = CARTESIAN_POINT('',(-9.14E-15,1.022E-14,1.6));
#1280 = DIRECTION('',(0.,0.,-1.));
#1281 = DIRECTION('',(-0.681864558878,0.731478450364,0.));
#1282 = ORIENTED_EDGE('',*,*,#1283,.F.);
#1283 = EDGE_CURVE('',#215,#1275,#1284,.T.);
#1284 = LINE('',#1285,#1286);
#1285 = CARTESIAN_POINT('',(-1.,28.482450737252,1.265E-14));
#1286 = VECTOR('',#1287,1.);
#1287 = DIRECTION('',(0.,-4.4E-16,1.));
#1288 = ORIENTED_EDGE('',*,*,#212,.F.);
#1289 = CYLINDRICAL_SURFACE('',#1290,28.5);
#1290 = AXIS2_PLACEMENT_3D('',#1291,#1292,#1293);
#1291 = CARTESIAN_POINT('',(-9.14E-15,1.022E-14,0.));
#1292 = DIRECTION('',(0.,4.4E-16,-1.));
#1293 = DIRECTION('',(1.,0.,0.));
#1294 = ADVANCED_FACE('',(#1295),#1313,.F.);
#1295 = FACE_BOUND('',#1296,.T.);
#1296 = EDGE_LOOP('',(#1297,#1298,#1306,#1312));
#1297 = ORIENTED_EDGE('',*,*,#1266,.T.);
#1298 = ORIENTED_EDGE('',*,*,#1299,.T.);
#1299 = EDGE_CURVE('',#1267,#1300,#1302,.T.);
#1300 = VERTEX_POINT('',#1301);
#1301 = CARTESIAN_POINT('',(-14.83327726569,16.247273173032,1.6));
#1302 = LINE('',#1303,#1304);
#1303 = CARTESIAN_POINT('',(-19.43313992802,20.847135835361,1.6));
#1304 = VECTOR('',#1305,1.);
#1305 = DIRECTION('',(0.707106781187,-0.707106781187,-3.1E-16));
#1306 = ORIENTED_EDGE('',*,*,#1307,.F.);
#1307 = EDGE_CURVE('',#224,#1300,#1308,.T.);
#1308 = LINE('',#1309,#1310);
#1309 = CARTESIAN_POINT('',(-14.83327726569,16.247273173032,7.22E-15));
#1310 = VECTOR('',#1311,1.);
#1311 = DIRECTION('',(0.,-4.4E-16,1.));
#1312 = ORIENTED_EDGE('',*,*,#223,.F.);
#1313 = PLANE('',#1314);
#1314 = AXIS2_PLACEMENT_3D('',#1315,#1316,#1317);
#1315 = CARTESIAN_POINT('',(-19.43313992802,20.847135835361,9.26E-15));
#1316 = DIRECTION('',(-0.707106781187,-0.707106781187,-3.1E-16));
#1317 = DIRECTION('',(-0.707106781187,0.707106781187,3.1E-16));
#1318 = ADVANCED_FACE('',(#1319),#1338,.T.);
#1319 = FACE_BOUND('',#1320,.T.);
#1320 = EDGE_LOOP('',(#1321,#1322,#1331,#1337));
#1321 = ORIENTED_EDGE('',*,*,#1307,.T.);
#1322 = ORIENTED_EDGE('',*,*,#1323,.T.);
#1323 = EDGE_CURVE('',#1300,#1324,#1326,.T.);
#1324 = VERTEX_POINT('',#1325);
#1325 = CARTESIAN_POINT('',(-1.,21.977260975836,1.6));
#1326 = CIRCLE('',#1327,22.);
#1327 = AXIS2_PLACEMENT_3D('',#1328,#1329,#1330);
#1328 = CARTESIAN_POINT('',(0.,0.,1.6));
#1329 = DIRECTION('',(0.,0.,-1.));
#1330 = DIRECTION('',(-0.674239875713,0.738512416956,0.));
#1331 = ORIENTED_EDGE('',*,*,#1332,.F.);
#1332 = EDGE_CURVE('',#232,#1324,#1333,.T.);
#1333 = LINE('',#1334,#1335);
#1334 = CARTESIAN_POINT('',(-1.,21.977260975836,9.76E-15));
#1335 = VECTOR('',#1336,1.);
#1336 = DIRECTION('',(0.,-4.4E-16,1.));
#1337 = ORIENTED_EDGE('',*,*,#231,.F.);
#1338 = CYLINDRICAL_SURFACE('',#1339,22.);
#1339 = AXIS2_PLACEMENT_3D('',#1340,#1341,#1342);
#1340 = CARTESIAN_POINT('',(0.,0.,0.));
#1341 = DIRECTION('',(0.,4.4E-16,-1.));
#1342 = DIRECTION('',(1.,0.,0.));
#1343 = ADVANCED_FACE('',(#1344),#1355,.T.);
#1344 = FACE_BOUND('',#1345,.F.);
#1345 = EDGE_LOOP('',(#1346,#1347,#1353,#1354));
#1346 = ORIENTED_EDGE('',*,*,#1283,.T.);
#1347 = ORIENTED_EDGE('',*,*,#1348,.T.);
#1348 = EDGE_CURVE('',#1275,#1324,#1349,.T.);
#1349 = LINE('',#1350,#1351);
#1350 = CARTESIAN_POINT('',(-1.,28.482450737252,1.6));
#1351 = VECTOR('',#1352,1.);
#1352 = DIRECTION('',(-0.,-1.,-4.4E-16));
#1353 = ORIENTED_EDGE('',*,*,#1332,.F.);
#1354 = ORIENTED_EDGE('',*,*,#240,.F.);
#1355 = PLANE('',#1356);
#1356 = AXIS2_PLACEMENT_3D('',#1357,#1358,#1359);
#1357 = CARTESIAN_POINT('',(-1.,28.482450737252,1.265E-14));
#1358 = DIRECTION('',(-1.,-0.,-0.));
#1359 = DIRECTION('',(0.,1.,4.4E-16));
#1360 = ADVANCED_FACE('',(#1361),#1387,.F.);
#1361 = FACE_BOUND('',#1362,.T.);
#1362 = EDGE_LOOP('',(#1363,#1371,#1380,#1386));
#1363 = ORIENTED_EDGE('',*,*,#1364,.T.);
#1364 = EDGE_CURVE('',#249,#1365,#1367,.T.);
#1365 = VERTEX_POINT('',#1366);
#1366 = CARTESIAN_POINT('',(28.482450737252,1.,1.6));
#1367 = LINE('',#1368,#1369);
#1368 = CARTESIAN_POINT('',(28.482450737252,1.,6.77E-15));
#1369 = VECTOR('',#1370,1.);
#1370 = DIRECTION('',(-2.2E-16,-4.4E-16,1.));
#1371 = ORIENTED_EDGE('',*,*,#1372,.T.);
#1372 = EDGE_CURVE('',#1365,#1373,#1375,.T.);
#1373 = VERTEX_POINT('',#1374);
#1374 = CARTESIAN_POINT('',(20.847135835361,19.43313992802,1.6));
#1375 = CIRCLE('',#1376,28.5);
#1376 = AXIS2_PLACEMENT_3D('',#1377,#1378,#1379);
#1377 = CARTESIAN_POINT('',(9.14E-15,1.022E-14,1.6));
#1378 = DIRECTION('',(0.,-0.,1.));
#1379 = DIRECTION('',(0.999384236395,3.508771929825E-02,0.));
#1380 = ORIENTED_EDGE('',*,*,#1381,.F.);
#1381 = EDGE_CURVE('',#251,#1373,#1382,.T.);
#1382 = LINE('',#1383,#1384);
#1383 = CARTESIAN_POINT('',(20.847135835361,19.43313992802,1.326E-14));
#1384 = VECTOR('',#1385,1.);
#1385 = DIRECTION('',(-2.2E-16,-4.4E-16,1.));
#1386 = ORIENTED_EDGE('',*,*,#248,.F.);
#1387 = CYLINDRICAL_SURFACE('',#1388,28.5);
#1388 = AXIS2_PLACEMENT_3D('',#1389,#1390,#1391);
#1389 = CARTESIAN_POINT('',(9.14E-15,1.022E-14,0.));
#1390 = DIRECTION('',(2.2E-16,4.4E-16,-1.));
#1391 = DIRECTION('',(-1.,-2.2E-16,-2.2E-16));
#1392 = ADVANCED_FACE('',(#1393),#1411,.T.);
#1393 = FACE_BOUND('',#1394,.T.);
#1394 = EDGE_LOOP('',(#1395,#1396,#1404,#1410));
#1395 = ORIENTED_EDGE('',*,*,#1381,.T.);
#1396 = ORIENTED_EDGE('',*,*,#1397,.T.);
#1397 = EDGE_CURVE('',#1373,#1398,#1400,.T.);
#1398 = VERTEX_POINT('',#1399);
#1399 = CARTESIAN_POINT('',(16.247273173032,14.833277265691,1.6));
#1400 = LINE('',#1401,#1402);
#1401 = CARTESIAN_POINT('',(20.847135835361,19.43313992802,1.6));
#1402 = VECTOR('',#1403,1.);
#1403 = DIRECTION('',(-0.707106781187,-0.707106781187,-4.7E-16));
#1404 = ORIENTED_EDGE('',*,*,#1405,.F.);
#1405 = EDGE_CURVE('',#260,#1398,#1406,.T.);
#1406 = LINE('',#1407,#1408);
#1407 = CARTESIAN_POINT('',(16.247273173032,14.833277265691,1.019E-14));
#1408 = VECTOR('',#1409,1.);
#1409 = DIRECTION('',(-2.2E-16,-4.4E-16,1.));
#1410 = ORIENTED_EDGE('',*,*,#259,.F.);
#1411 = PLANE('',#1412);
#1412 = AXIS2_PLACEMENT_3D('',#1413,#1414,#1415);
#1413 = CARTESIAN_POINT('',(20.847135835361,19.43313992802,1.326E-14));
#1414 = DIRECTION('',(0.707106781187,-0.707106781187,-1.6E-16));
#1415 = DIRECTION('',(-0.707106781187,-0.707106781187,-4.7E-16));
#1416 = ADVANCED_FACE('',(#1417),#1436,.T.);
#1417 = FACE_BOUND('',#1418,.F.);
#1418 = EDGE_LOOP('',(#1419,#1427,#1434,#1435));
#1419 = ORIENTED_EDGE('',*,*,#1420,.T.);
#1420 = EDGE_CURVE('',#268,#1421,#1423,.T.);
#1421 = VERTEX_POINT('',#1422);
#1422 = CARTESIAN_POINT('',(21.977260975836,1.,1.6));
#1423 = LINE('',#1424,#1425);
#1424 = CARTESIAN_POINT('',(21.977260975836,1.,5.32E-15));
#1425 = VECTOR('',#1426,1.);
#1426 = DIRECTION('',(-2.2E-16,-4.4E-16,1.));
#1427 = ORIENTED_EDGE('',*,*,#1428,.T.);
#1428 = EDGE_CURVE('',#1421,#1398,#1429,.T.);
#1429 = CIRCLE('',#1430,22.);
#1430 = AXIS2_PLACEMENT_3D('',#1431,#1432,#1433);
#1431 = CARTESIAN_POINT('',(0.,0.,1.6));
#1432 = DIRECTION('',(0.,-0.,1.));
#1433 = DIRECTION('',(0.998966407993,4.545454545455E-02,0.));
#1434 = ORIENTED_EDGE('',*,*,#1405,.F.);
#1435 = ORIENTED_EDGE('',*,*,#267,.F.);
#1436 = CYLINDRICAL_SURFACE('',#1437,22.);
#1437 = AXIS2_PLACEMENT_3D('',#1438,#1439,#1440);
#1438 = CARTESIAN_POINT('',(0.,0.,0.));
#1439 = DIRECTION('',(2.2E-16,4.4E-16,-1.));
#1440 = DIRECTION('',(-1.,-2.2E-16,-2.2E-16));
#1441 = ADVANCED_FACE('',(#1442),#1453,.F.);
#1442 = FACE_BOUND('',#1443,.F.);
#1443 = EDGE_LOOP('',(#1444,#1445,#1451,#1452));
#1444 = ORIENTED_EDGE('',*,*,#1364,.T.);
#1445 = ORIENTED_EDGE('',*,*,#1446,.T.);
#1446 = EDGE_CURVE('',#1365,#1421,#1447,.T.);
#1447 = LINE('',#1448,#1449);
#1448 = CARTESIAN_POINT('',(28.482450737252,1.,1.6));
#1449 = VECTOR('',#1450,1.);
#1450 = DIRECTION('',(-1.,-4.1E-16,-2.2E-16));
#1451 = ORIENTED_EDGE('',*,*,#1420,.F.);
#1452 = ORIENTED_EDGE('',*,*,#276,.F.);
#1453 = PLANE('',#1454);
#1454 = AXIS2_PLACEMENT_3D('',#1455,#1456,#1457);
#1455 = CARTESIAN_POINT('',(28.482450737252,1.,6.77E-15));
#1456 = DIRECTION('',(4.1E-16,-1.,-4.4E-16));
#1457 = DIRECTION('',(-1.,-4.1E-16,-2.2E-16));
#1458 = ADVANCED_FACE('',(#1459),#1485,.F.);
#1459 = FACE_BOUND('',#1460,.F.);
#1460 = EDGE_LOOP('',(#1461,#1469,#1478,#1484));
#1461 = ORIENTED_EDGE('',*,*,#1462,.T.);
#1462 = EDGE_CURVE('',#285,#1463,#1465,.T.);
#1463 = VERTEX_POINT('',#1464);
#1464 = CARTESIAN_POINT('',(-28.48245073725,1.,1.6));
#1465 = LINE('',#1466,#1467);
#1466 = CARTESIAN_POINT('',(-28.48245073725,1.,4.4E-16));
#1467 = VECTOR('',#1468,1.);
#1468 = DIRECTION('',(0.,-4.4E-16,1.));
#1469 = ORIENTED_EDGE('',*,*,#1470,.T.);
#1470 = EDGE_CURVE('',#1463,#1471,#1473,.T.);
#1471 = VERTEX_POINT('',#1472);
#1472 = CARTESIAN_POINT('',(-20.84713583536,19.43313992802,1.6));
#1473 = CIRCLE('',#1474,28.5);
#1474 = AXIS2_PLACEMENT_3D('',#1475,#1476,#1477);
#1475 = CARTESIAN_POINT('',(-9.14E-15,1.022E-14,1.6));
#1476 = DIRECTION('',(0.,0.,-1.));
#1477 = DIRECTION('',(-0.999384236395,3.508771929825E-02,0.));
#1478 = ORIENTED_EDGE('',*,*,#1479,.F.);
#1479 = EDGE_CURVE('',#287,#1471,#1480,.T.);
#1480 = LINE('',#1481,#1482);
#1481 = CARTESIAN_POINT('',(-20.84713583536,19.43313992802,8.63E-15));
#1482 = VECTOR('',#1483,1.);
#1483 = DIRECTION('',(0.,-4.4E-16,1.));
#1484 = ORIENTED_EDGE('',*,*,#284,.F.);
#1485 = CYLINDRICAL_SURFACE('',#1486,28.5);
#1486 = AXIS2_PLACEMENT_3D('',#1487,#1488,#1489);
#1487 = CARTESIAN_POINT('',(-9.14E-15,1.022E-14,0.));
#1488 = DIRECTION('',(0.,4.4E-16,-1.));
#1489 = DIRECTION('',(1.,0.,0.));
#1490 = ADVANCED_FACE('',(#1491),#1509,.F.);
#1491 = FACE_BOUND('',#1492,.T.);
#1492 = EDGE_LOOP('',(#1493,#1494,#1502,#1508));
#1493 = ORIENTED_EDGE('',*,*,#1462,.T.);
#1494 = ORIENTED_EDGE('',*,*,#1495,.T.);
#1495 = EDGE_CURVE('',#1463,#1496,#1498,.T.);
#1496 = VERTEX_POINT('',#1497);
#1497 = CARTESIAN_POINT('',(-21.97726097583,1.,1.6));
#1498 = LINE('',#1499,#1500);
#1499 = CARTESIAN_POINT('',(-28.48245073725,1.,1.6));
#1500 = VECTOR('',#1501,1.);
#1501 = DIRECTION('',(1.,-1.9E-16,0.));
#1502 = ORIENTED_EDGE('',*,*,#1503,.F.);
#1503 = EDGE_CURVE('',#296,#1496,#1504,.T.);
#1504 = LINE('',#1505,#1506);
#1505 = CARTESIAN_POINT('',(-21.97726097583,1.,4.4E-16));
#1506 = VECTOR('',#1507,1.);
#1507 = DIRECTION('',(0.,-4.4E-16,1.));
#1508 = ORIENTED_EDGE('',*,*,#295,.F.);
#1509 = PLANE('',#1510);
#1510 = AXIS2_PLACEMENT_3D('',#1511,#1512,#1513);
#1511 = CARTESIAN_POINT('',(-28.48245073725,1.,4.4E-16));
#1512 = DIRECTION('',(-1.9E-16,-1.,-4.4E-16));
#1513 = DIRECTION('',(-1.,1.9E-16,0.));
#1514 = ADVANCED_FACE('',(#1515),#1534,.T.);
#1515 = FACE_BOUND('',#1516,.T.);
#1516 = EDGE_LOOP('',(#1517,#1518,#1527,#1533));
#1517 = ORIENTED_EDGE('',*,*,#1503,.T.);
#1518 = ORIENTED_EDGE('',*,*,#1519,.T.);
#1519 = EDGE_CURVE('',#1496,#1520,#1522,.T.);
#1520 = VERTEX_POINT('',#1521);
#1521 = CARTESIAN_POINT('',(-16.24727317303,14.833277265691,1.6));
#1522 = CIRCLE('',#1523,22.);
#1523 = AXIS2_PLACEMENT_3D('',#1524,#1525,#1526);
#1524 = CARTESIAN_POINT('',(0.,0.,1.6));
#1525 = DIRECTION('',(0.,0.,-1.));
#1526 = DIRECTION('',(-0.998966407993,4.545454545455E-02,0.));
#1527 = ORIENTED_EDGE('',*,*,#1528,.F.);
#1528 = EDGE_CURVE('',#304,#1520,#1529,.T.);
#1529 = LINE('',#1530,#1531);
#1530 = CARTESIAN_POINT('',(-16.24727317303,14.833277265691,6.59E-15));
#1531 = VECTOR('',#1532,1.);
#1532 = DIRECTION('',(0.,-4.4E-16,1.));
#1533 = ORIENTED_EDGE('',*,*,#303,.F.);
#1534 = CYLINDRICAL_SURFACE('',#1535,22.);
#1535 = AXIS2_PLACEMENT_3D('',#1536,#1537,#1538);
#1536 = CARTESIAN_POINT('',(0.,0.,0.));
#1537 = DIRECTION('',(0.,4.4E-16,-1.));
#1538 = DIRECTION('',(1.,0.,0.));
#1539 = ADVANCED_FACE('',(#1540),#1551,.T.);
#1540 = FACE_BOUND('',#1541,.F.);
#1541 = EDGE_LOOP('',(#1542,#1543,#1549,#1550));
#1542 = ORIENTED_EDGE('',*,*,#1479,.T.);
#1543 = ORIENTED_EDGE('',*,*,#1544,.T.);
#1544 = EDGE_CURVE('',#1471,#1520,#1545,.T.);
#1545 = LINE('',#1546,#1547);
#1546 = CARTESIAN_POINT('',(-20.84713583536,19.43313992802,1.6));
#1547 = VECTOR('',#1548,1.);
#1548 = DIRECTION('',(0.707106781187,-0.707106781187,-3.1E-16));
#1549 = ORIENTED_EDGE('',*,*,#1528,.F.);
#1550 = ORIENTED_EDGE('',*,*,#312,.F.);
#1551 = PLANE('',#1552);
#1552 = AXIS2_PLACEMENT_3D('',#1553,#1554,#1555);
#1553 = CARTESIAN_POINT('',(-20.84713583536,19.43313992802,8.63E-15));
#1554 = DIRECTION('',(-0.707106781187,-0.707106781187,-3.1E-16));
#1555 = DIRECTION('',(-0.707106781187,0.707106781187,3.1E-16));
#1556 = ADVANCED_FACE('',(#1557),#1583,.F.);
#1557 = FACE_BOUND('',#1558,.T.);
#1558 = EDGE_LOOP('',(#1559,#1567,#1576,#1582));
#1559 = ORIENTED_EDGE('',*,*,#1560,.T.);
#1560 = EDGE_CURVE('',#321,#1561,#1563,.T.);
#1561 = VERTEX_POINT('',#1562);
#1562 = CARTESIAN_POINT('',(-13.41745438592,-14.83145029326,1.6));
#1563 = LINE('',#1564,#1565);
#1564 = CARTESIAN_POINT('',(-13.41745438592,-14.83145029326,0.));
#1565 = VECTOR('',#1566,1.);
#1566 = DIRECTION('',(0.,0.,1.));
#1567 = ORIENTED_EDGE('',*,*,#1568,.T.);
#1568 = EDGE_CURVE('',#1561,#1569,#1571,.T.);
#1569 = VERTEX_POINT('',#1570);
#1570 = CARTESIAN_POINT('',(-1.,-19.97498435543,1.6));
#1571 = CIRCLE('',#1572,20.);
#1572 = AXIS2_PLACEMENT_3D('',#1573,#1574,#1575);
#1573 = CARTESIAN_POINT('',(-1.36E-15,-3.48E-15,1.6));
#1574 = DIRECTION('',(0.,0.,1.));
#1575 = DIRECTION('',(-0.670872719296,-0.741572514663,0.));
#1576 = ORIENTED_EDGE('',*,*,#1577,.F.);
#1577 = EDGE_CURVE('',#323,#1569,#1578,.T.);
#1578 = LINE('',#1579,#1580);
#1579 = CARTESIAN_POINT('',(-1.,-19.97498435543,0.));
#1580 = VECTOR('',#1581,1.);
#1581 = DIRECTION('',(0.,0.,1.));
#1582 = ORIENTED_EDGE('',*,*,#320,.F.);
#1583 = CYLINDRICAL_SURFACE('',#1584,20.);
#1584 = AXIS2_PLACEMENT_3D('',#1585,#1586,#1587);
#1585 = CARTESIAN_POINT('',(-1.36E-15,-3.48E-15,0.));
#1586 = DIRECTION('',(-0.,-0.,-1.));
#1587 = DIRECTION('',(1.,0.,0.));
#1588 = ADVANCED_FACE('',(#1589),#1607,.F.);
#1589 = FACE_BOUND('',#1590,.F.);
#1590 = EDGE_LOOP('',(#1591,#1599,#1605,#1606));
#1591 = ORIENTED_EDGE('',*,*,#1592,.T.);
#1592 = EDGE_CURVE('',#332,#1593,#1595,.T.);
#1593 = VERTEX_POINT('',#1594);
#1594 = CARTESIAN_POINT('',(-1.,-13.46291201783,1.6));
#1595 = LINE('',#1596,#1597);
#1596 = CARTESIAN_POINT('',(-1.,-13.46291201783,0.));
#1597 = VECTOR('',#1598,1.);
#1598 = DIRECTION('',(0.,0.,1.));
#1599 = ORIENTED_EDGE('',*,*,#1600,.T.);
#1600 = EDGE_CURVE('',#1593,#1569,#1601,.T.);
#1601 = LINE('',#1602,#1603);
#1602 = CARTESIAN_POINT('',(-1.,-13.46291201783,1.6));
#1603 = VECTOR('',#1604,1.);
#1604 = DIRECTION('',(1.16E-15,-1.,0.));
#1605 = ORIENTED_EDGE('',*,*,#1577,.F.);
#1606 = ORIENTED_EDGE('',*,*,#331,.F.);
#1607 = PLANE('',#1608);
#1608 = AXIS2_PLACEMENT_3D('',#1609,#1610,#1611);
#1609 = CARTESIAN_POINT('',(-1.,-13.46291201783,0.));
#1610 = DIRECTION('',(1.,1.16E-15,0.));
#1611 = DIRECTION('',(1.16E-15,-1.,0.));
#1612 = ADVANCED_FACE('',(#1613),#1632,.T.);
#1613 = FACE_BOUND('',#1614,.F.);
#1614 = EDGE_LOOP('',(#1615,#1623,#1630,#1631));
#1615 = ORIENTED_EDGE('',*,*,#1616,.T.);
#1616 = EDGE_CURVE('',#340,#1617,#1619,.T.);
#1617 = VERTEX_POINT('',#1618);
#1618 = CARTESIAN_POINT('',(-8.812726511539,-10.22672241888,1.6));
#1619 = LINE('',#1620,#1621);
#1620 = CARTESIAN_POINT('',(-8.812726511539,-10.22672241888,0.));
#1621 = VECTOR('',#1622,1.);
#1622 = DIRECTION('',(0.,0.,1.));
#1623 = ORIENTED_EDGE('',*,*,#1624,.T.);
#1624 = EDGE_CURVE('',#1617,#1593,#1625,.T.);
#1625 = CIRCLE('',#1626,13.5);
#1626 = AXIS2_PLACEMENT_3D('',#1627,#1628,#1629);
#1627 = CARTESIAN_POINT('',(0.,0.,1.6));
#1628 = DIRECTION('',(0.,0.,1.));
#1629 = DIRECTION('',(-0.65279455641,-0.757534993991,0.));
#1630 = ORIENTED_EDGE('',*,*,#1592,.F.);
#1631 = ORIENTED_EDGE('',*,*,#339,.F.);
#1632 = CYLINDRICAL_SURFACE('',#1633,13.5);
#1633 = AXIS2_PLACEMENT_3D('',#1634,#1635,#1636);
#1634 = CARTESIAN_POINT('',(0.,0.,0.));
#1635 = DIRECTION('',(-0.,-0.,-1.));
#1636 = DIRECTION('',(1.,0.,0.));
#1637 = ADVANCED_FACE('',(#1638),#1649,.T.);
#1638 = FACE_BOUND('',#1639,.T.);
#1639 = EDGE_LOOP('',(#1640,#1641,#1647,#1648));
#1640 = ORIENTED_EDGE('',*,*,#1616,.T.);
#1641 = ORIENTED_EDGE('',*,*,#1642,.T.);
#1642 = EDGE_CURVE('',#1617,#1561,#1643,.T.);
#1643 = LINE('',#1644,#1645);
#1644 = CARTESIAN_POINT('',(-8.812726511539,-10.22672241888,1.6));
#1645 = VECTOR('',#1646,1.);
#1646 = DIRECTION('',(-0.707106781187,-0.707106781187,0.));
#1647 = ORIENTED_EDGE('',*,*,#1560,.F.);
#1648 = ORIENTED_EDGE('',*,*,#348,.F.);
#1649 = PLANE('',#1650);
#1650 = AXIS2_PLACEMENT_3D('',#1651,#1652,#1653);
#1651 = CARTESIAN_POINT('',(-8.812726511539,-10.22672241888,0.));
#1652 = DIRECTION('',(0.707106781187,-0.707106781187,0.));
#1653 = DIRECTION('',(-0.707106781187,-0.707106781187,0.));
#1654 = ADVANCED_FACE('',(#1655),#1681,.F.);
#1655 = FACE_BOUND('',#1656,.F.);
#1656 = EDGE_LOOP('',(#1657,#1665,#1674,#1680));
#1657 = ORIENTED_EDGE('',*,*,#1658,.T.);
#1658 = EDGE_CURVE('',#357,#1659,#1661,.T.);
#1659 = VERTEX_POINT('',#1660);
#1660 = CARTESIAN_POINT('',(13.417454385925,-14.83145029326,1.6));
#1661 = LINE('',#1662,#1663);
#1662 = CARTESIAN_POINT('',(13.417454385925,-14.83145029326,2.98E-15));
#1663 = VECTOR('',#1664,1.);
#1664 = DIRECTION('',(-2.2E-16,0.,1.));
#1665 = ORIENTED_EDGE('',*,*,#1666,.T.);
#1666 = EDGE_CURVE('',#1659,#1667,#1669,.T.);
#1667 = VERTEX_POINT('',#1668);
#1668 = CARTESIAN_POINT('',(1.,-19.97498435543,1.6));
#1669 = CIRCLE('',#1670,20.);
#1670 = AXIS2_PLACEMENT_3D('',#1671,#1672,#1673);
#1671 = CARTESIAN_POINT('',(1.36E-15,-3.48E-15,1.6));
#1672 = DIRECTION('',(0.,-0.,-1.));
#1673 = DIRECTION('',(0.670872719296,-0.741572514663,0.));
#1674 = ORIENTED_EDGE('',*,*,#1675,.F.);
#1675 = EDGE_CURVE('',#359,#1667,#1676,.T.);
#1676 = LINE('',#1677,#1678);
#1677 = CARTESIAN_POINT('',(1.,-19.97498435543,2.2E-16));
#1678 = VECTOR('',#1679,1.);
#1679 = DIRECTION('',(-2.2E-16,0.,1.));
#1680 = ORIENTED_EDGE('',*,*,#356,.F.);
#1681 = CYLINDRICAL_SURFACE('',#1682,20.);
#1682 = AXIS2_PLACEMENT_3D('',#1683,#1684,#1685);
#1683 = CARTESIAN_POINT('',(1.36E-15,-3.48E-15,0.));
#1684 = DIRECTION('',(2.2E-16,0.,-1.));
#1685 = DIRECTION('',(-1.,2.2E-16,-2.2E-16));
#1686 = ADVANCED_FACE('',(#1687),#1705,.T.);
#1687 = FACE_BOUND('',#1688,.F.);
#1688 = EDGE_LOOP('',(#1689,#1697,#1703,#1704));
#1689 = ORIENTED_EDGE('',*,*,#1690,.T.);
#1690 = EDGE_CURVE('',#368,#1691,#1693,.T.);
#1691 = VERTEX_POINT('',#1692);
#1692 = CARTESIAN_POINT('',(8.812726511539,-10.22672241888,1.6));
#1693 = LINE('',#1694,#1695);
#1694 = CARTESIAN_POINT('',(8.812726511539,-10.22672241888,1.96E-15));
#1695 = VECTOR('',#1696,1.);
#1696 = DIRECTION('',(-2.2E-16,0.,1.));
#1697 = ORIENTED_EDGE('',*,*,#1698,.T.);
#1698 = EDGE_CURVE('',#1691,#1659,#1699,.T.);
#1699 = LINE('',#1700,#1701);
#1700 = CARTESIAN_POINT('',(8.812726511539,-10.22672241888,1.6));
#1701 = VECTOR('',#1702,1.);
#1702 = DIRECTION('',(0.707106781187,-0.707106781187,1.6E-16));
#1703 = ORIENTED_EDGE('',*,*,#1658,.F.);
#1704 = ORIENTED_EDGE('',*,*,#367,.F.);
#1705 = PLANE('',#1706);
#1706 = AXIS2_PLACEMENT_3D('',#1707,#1708,#1709);
#1707 = CARTESIAN_POINT('',(8.812726511539,-10.22672241888,1.96E-15));
#1708 = DIRECTION('',(-0.707106781187,-0.707106781187,-1.6E-16));
#1709 = DIRECTION('',(-0.707106781187,0.707106781187,-1.6E-16));
#1710 = ADVANCED_FACE('',(#1711),#1730,.T.);
#1711 = FACE_BOUND('',#1712,.T.);
#1712 = EDGE_LOOP('',(#1713,#1714,#1723,#1729));
#1713 = ORIENTED_EDGE('',*,*,#1690,.T.);
#1714 = ORIENTED_EDGE('',*,*,#1715,.T.);
#1715 = EDGE_CURVE('',#1691,#1716,#1718,.T.);
#1716 = VERTEX_POINT('',#1717);
#1717 = CARTESIAN_POINT('',(1.,-13.46291201783,1.6));
#1718 = CIRCLE('',#1719,13.5);
#1719 = AXIS2_PLACEMENT_3D('',#1720,#1721,#1722);
#1720 = CARTESIAN_POINT('',(0.,0.,1.6));
#1721 = DIRECTION('',(0.,-0.,-1.));
#1722 = DIRECTION('',(0.65279455641,-0.757534993991,0.));
#1723 = ORIENTED_EDGE('',*,*,#1724,.F.);
#1724 = EDGE_CURVE('',#376,#1716,#1725,.T.);
#1725 = LINE('',#1726,#1727);
#1726 = CARTESIAN_POINT('',(1.,-13.46291201783,2.2E-16));
#1727 = VECTOR('',#1728,1.);
#1728 = DIRECTION('',(-2.2E-16,0.,1.));
#1729 = ORIENTED_EDGE('',*,*,#375,.F.);
#1730 = CYLINDRICAL_SURFACE('',#1731,13.5);
#1731 = AXIS2_PLACEMENT_3D('',#1732,#1733,#1734);
#1732 = CARTESIAN_POINT('',(0.,0.,0.));
#1733 = DIRECTION('',(2.2E-16,0.,-1.));
#1734 = DIRECTION('',(-1.,2.2E-16,-2.2E-16));
#1735 = ADVANCED_FACE('',(#1736),#1781,.F.);
#1736 = FACE_BOUND('',#1737,.T.);
#1737 = EDGE_LOOP('',(#1738,#1739,#1748,#1756,#1764,#1772,#1779,#1780));
#1738 = ORIENTED_EDGE('',*,*,#1724,.T.);
#1739 = ORIENTED_EDGE('',*,*,#1740,.F.);
#1740 = EDGE_CURVE('',#1741,#1716,#1743,.T.);
#1741 = VERTEX_POINT('',#1742);
#1742 = CARTESIAN_POINT('',(1.,-13.06177629574,2.));
#1743 = HYPERBOLA('',#1744,1.,1.);
#1744 = AXIS2_PLACEMENT_3D('',#1745,#1746,#1747);
#1745 = CARTESIAN_POINT('',(1.,-1.38E-15,15.1));
#1746 = DIRECTION('',(-1.,1.38E-15,-2.2E-16));
#1747 = DIRECTION('',(2.2E-16,0.,-1.));
#1748 = ORIENTED_EDGE('',*,*,#1749,.F.);
#1749 = EDGE_CURVE('',#1750,#1741,#1752,.T.);
#1750 = VERTEX_POINT('',#1751);
#1751 = CARTESIAN_POINT('',(1.,-13.46291201783,2.));
#1752 = LINE('',#1753,#1754);
#1753 = CARTESIAN_POINT('',(1.,-6.731456008918,2.));
#1754 = VECTOR('',#1755,1.);
#1755 = DIRECTION('',(1.38E-15,1.,0.));
#1756 = ORIENTED_EDGE('',*,*,#1757,.T.);
#1757 = EDGE_CURVE('',#1750,#1758,#1760,.T.);
#1758 = VERTEX_POINT('',#1759);
#1759 = CARTESIAN_POINT('',(1.,-19.97498435543,2.));
#1760 = LINE('',#1761,#1762);
#1761 = CARTESIAN_POINT('',(1.,-13.46291201783,2.));
#1762 = VECTOR('',#1763,1.);
#1763 = DIRECTION('',(-1.38E-15,-1.,-0.));
#1764 = ORIENTED_EDGE('',*,*,#1765,.T.);
#1765 = EDGE_CURVE('',#1758,#1766,#1768,.T.);
#1766 = VERTEX_POINT('',#1767);
#1767 = CARTESIAN_POINT('',(1.,-20.37547545457,2.));
#1768 = LINE('',#1769,#1770);
#1769 = CARTESIAN_POINT('',(1.,-6.731456008918,2.));
#1770 = VECTOR('',#1771,1.);
#1771 = DIRECTION('',(-1.38E-15,-1.,0.));
#1772 = ORIENTED_EDGE('',*,*,#1773,.T.);
#1773 = EDGE_CURVE('',#1766,#1667,#1774,.T.);
#1774 = HYPERBOLA('',#1775,1.,1.);
#1775 = AXIS2_PLACEMENT_3D('',#1776,#1777,#1778);
#1776 = CARTESIAN_POINT('',(1.,-4.86E-15,-18.4));
#1777 = DIRECTION('',(-1.,1.38E-15,-2.2E-16));
#1778 = DIRECTION('',(-2.2E-16,0.,1.));
#1779 = ORIENTED_EDGE('',*,*,#1675,.F.);
#1780 = ORIENTED_EDGE('',*,*,#384,.F.);
#1781 = PLANE('',#1782);
#1782 = AXIS2_PLACEMENT_3D('',#1783,#1784,#1785);
#1783 = CARTESIAN_POINT('',(1.,-13.46291201783,2.2E-16));
#1784 = DIRECTION('',(-1.,1.38E-15,-2.2E-16));
#1785 = DIRECTION('',(1.38E-15,1.,0.));
#1786 = ADVANCED_FACE('',(#1787),#1813,.F.);
#1787 = FACE_BOUND('',#1788,.F.);
#1788 = EDGE_LOOP('',(#1789,#1797,#1806,#1812));
#1789 = ORIENTED_EDGE('',*,*,#1790,.T.);
#1790 = EDGE_CURVE('',#393,#1791,#1793,.T.);
#1791 = VERTEX_POINT('',#1792);
#1792 = CARTESIAN_POINT('',(19.974984355438,-1.,1.6));
#1793 = LINE('',#1794,#1795);
#1794 = CARTESIAN_POINT('',(19.974984355438,-1.,4.44E-15));
#1795 = VECTOR('',#1796,1.);
#1796 = DIRECTION('',(-2.2E-16,0.,1.));
#1797 = ORIENTED_EDGE('',*,*,#1798,.T.);
#1798 = EDGE_CURVE('',#1791,#1799,#1801,.T.);
#1799 = VERTEX_POINT('',#1800);
#1800 = CARTESIAN_POINT('',(14.831450293266,-13.41745438592,1.6));
#1801 = CIRCLE('',#1802,20.);
#1802 = AXIS2_PLACEMENT_3D('',#1803,#1804,#1805);
#1803 = CARTESIAN_POINT('',(0.,0.,1.6));
#1804 = DIRECTION('',(0.,-0.,-1.));
#1805 = DIRECTION('',(0.998749217772,-5.E-02,0.));
#1806 = ORIENTED_EDGE('',*,*,#1807,.F.);
#1807 = EDGE_CURVE('',#395,#1799,#1808,.T.);
#1808 = LINE('',#1809,#1810);
#1809 = CARTESIAN_POINT('',(14.831450293266,-13.41745438592,3.29E-15));
#1810 = VECTOR('',#1811,1.);
#1811 = DIRECTION('',(-2.2E-16,0.,1.));
#1812 = ORIENTED_EDGE('',*,*,#392,.F.);
#1813 = CYLINDRICAL_SURFACE('',#1814,20.);
#1814 = AXIS2_PLACEMENT_3D('',#1815,#1816,#1817);
#1815 = CARTESIAN_POINT('',(0.,0.,0.));
#1816 = DIRECTION('',(2.2E-16,0.,-1.));
#1817 = DIRECTION('',(-1.,2.2E-16,-2.2E-16));
#1818 = ADVANCED_FACE('',(#1819),#1837,.F.);
#1819 = FACE_BOUND('',#1820,.T.);
#1820 = EDGE_LOOP('',(#1821,#1822,#1830,#1836));
#1821 = ORIENTED_EDGE('',*,*,#1790,.T.);
#1822 = ORIENTED_EDGE('',*,*,#1823,.T.);
#1823 = EDGE_CURVE('',#1791,#1824,#1826,.T.);
#1824 = VERTEX_POINT('',#1825);
#1825 = CARTESIAN_POINT('',(13.462912017836,-1.,1.6));
#1826 = LINE('',#1827,#1828);
#1827 = CARTESIAN_POINT('',(19.974984355438,-1.,1.6));
#1828 = VECTOR('',#1829,1.);
#1829 = DIRECTION('',(-1.,6.E-16,-2.2E-16));
#1830 = ORIENTED_EDGE('',*,*,#1831,.F.);
#1831 = EDGE_CURVE('',#404,#1824,#1832,.T.);
#1832 = LINE('',#1833,#1834);
#1833 = CARTESIAN_POINT('',(13.462912017836,-1.,2.99E-15));
#1834 = VECTOR('',#1835,1.);
#1835 = DIRECTION('',(-2.2E-16,0.,1.));
#1836 = ORIENTED_EDGE('',*,*,#403,.F.);
#1837 = PLANE('',#1838);
#1838 = AXIS2_PLACEMENT_3D('',#1839,#1840,#1841);
#1839 = CARTESIAN_POINT('',(19.974984355438,-1.,4.44E-15));
#1840 = DIRECTION('',(6.E-16,1.,0.));
#1841 = DIRECTION('',(1.,-6.E-16,2.2E-16));
#1842 = ADVANCED_FACE('',(#1843),#1862,.T.);
#1843 = FACE_BOUND('',#1844,.T.);
#1844 = EDGE_LOOP('',(#1845,#1846,#1855,#1861));
#1845 = ORIENTED_EDGE('',*,*,#1831,.T.);
#1846 = ORIENTED_EDGE('',*,*,#1847,.T.);
#1847 = EDGE_CURVE('',#1824,#1848,#1850,.T.);
#1848 = VERTEX_POINT('',#1849);
#1849 = CARTESIAN_POINT('',(10.22672241888,-8.812726511539,1.6));
#1850 = CIRCLE('',#1851,13.5);
#1851 = AXIS2_PLACEMENT_3D('',#1852,#1853,#1854);
#1852 = CARTESIAN_POINT('',(1.36E-15,-3.48E-15,1.6));
#1853 = DIRECTION('',(0.,-0.,-1.));
#1854 = DIRECTION('',(0.997252742062,-7.407407407407E-02,0.));
#1855 = ORIENTED_EDGE('',*,*,#1856,.F.);
#1856 = EDGE_CURVE('',#412,#1848,#1857,.T.);
#1857 = LINE('',#1858,#1859);
#1858 = CARTESIAN_POINT('',(10.22672241888,-8.812726511539,2.27E-15));
#1859 = VECTOR('',#1860,1.);
#1860 = DIRECTION('',(-2.2E-16,0.,1.));
#1861 = ORIENTED_EDGE('',*,*,#411,.F.);
#1862 = CYLINDRICAL_SURFACE('',#1863,13.5);
#1863 = AXIS2_PLACEMENT_3D('',#1864,#1865,#1866);
#1864 = CARTESIAN_POINT('',(1.36E-15,-3.48E-15,0.));
#1865 = DIRECTION('',(2.2E-16,0.,-1.));
#1866 = DIRECTION('',(-1.,2.2E-16,-2.2E-16));
#1867 = ADVANCED_FACE('',(#1868),#1879,.F.);
#1868 = FACE_BOUND('',#1869,.T.);
#1869 = EDGE_LOOP('',(#1870,#1871,#1877,#1878));
#1870 = ORIENTED_EDGE('',*,*,#1856,.T.);
#1871 = ORIENTED_EDGE('',*,*,#1872,.T.);
#1872 = EDGE_CURVE('',#1848,#1799,#1873,.T.);
#1873 = LINE('',#1874,#1875);
#1874 = CARTESIAN_POINT('',(10.22672241888,-8.812726511539,1.6));
#1875 = VECTOR('',#1876,1.);
#1876 = DIRECTION('',(0.707106781187,-0.707106781187,1.6E-16));
#1877 = ORIENTED_EDGE('',*,*,#1807,.F.);
#1878 = ORIENTED_EDGE('',*,*,#420,.F.);
#1879 = PLANE('',#1880);
#1880 = AXIS2_PLACEMENT_3D('',#1881,#1882,#1883);
#1881 = CARTESIAN_POINT('',(10.22672241888,-8.812726511539,2.27E-15));
#1882 = DIRECTION('',(-0.707106781187,-0.707106781187,-1.6E-16));
#1883 = DIRECTION('',(-0.707106781187,0.707106781187,-1.6E-16));
#1884 = ADVANCED_FACE('',(#1885),#1911,.F.);
#1885 = FACE_BOUND('',#1886,.T.);
#1886 = EDGE_LOOP('',(#1887,#1895,#1904,#1910));
#1887 = ORIENTED_EDGE('',*,*,#1888,.T.);
#1888 = EDGE_CURVE('',#429,#1889,#1891,.T.);
#1889 = VERTEX_POINT('',#1890);
#1890 = CARTESIAN_POINT('',(-19.97498435543,-1.,1.6));
#1891 = LINE('',#1892,#1893);
#1892 = CARTESIAN_POINT('',(-19.97498435543,-1.,0.));
#1893 = VECTOR('',#1894,1.);
#1894 = DIRECTION('',(0.,0.,1.));
#1895 = ORIENTED_EDGE('',*,*,#1896,.T.);
#1896 = EDGE_CURVE('',#1889,#1897,#1899,.T.);
#1897 = VERTEX_POINT('',#1898);
#1898 = CARTESIAN_POINT('',(-14.83145029326,-13.41745438592,1.6));
#1899 = CIRCLE('',#1900,20.);
#1900 = AXIS2_PLACEMENT_3D('',#1901,#1902,#1903);
#1901 = CARTESIAN_POINT('',(0.,0.,1.6));
#1902 = DIRECTION('',(0.,0.,1.));
#1903 = DIRECTION('',(-0.998749217772,-5.E-02,0.));
#1904 = ORIENTED_EDGE('',*,*,#1905,.F.);
#1905 = EDGE_CURVE('',#431,#1897,#1906,.T.);
#1906 = LINE('',#1907,#1908);
#1907 = CARTESIAN_POINT('',(-14.83145029326,-13.41745438592,0.));
#1908 = VECTOR('',#1909,1.);
#1909 = DIRECTION('',(0.,0.,1.));
#1910 = ORIENTED_EDGE('',*,*,#428,.F.);
#1911 = CYLINDRICAL_SURFACE('',#1912,20.);
#1912 = AXIS2_PLACEMENT_3D('',#1913,#1914,#1915);
#1913 = CARTESIAN_POINT('',(0.,0.,0.));
#1914 = DIRECTION('',(-0.,-0.,-1.));
#1915 = DIRECTION('',(1.,0.,0.));
#1916 = ADVANCED_FACE('',(#1917),#1935,.F.);
#1917 = FACE_BOUND('',#1918,.F.);
#1918 = EDGE_LOOP('',(#1919,#1927,#1933,#1934));
#1919 = ORIENTED_EDGE('',*,*,#1920,.T.);
#1920 = EDGE_CURVE('',#440,#1921,#1923,.T.);
#1921 = VERTEX_POINT('',#1922);
#1922 = CARTESIAN_POINT('',(-10.22672241888,-8.812726511539,1.6));
#1923 = LINE('',#1924,#1925);
#1924 = CARTESIAN_POINT('',(-10.22672241888,-8.812726511539,0.));
#1925 = VECTOR('',#1926,1.);
#1926 = DIRECTION('',(0.,0.,1.));
#1927 = ORIENTED_EDGE('',*,*,#1928,.T.);
#1928 = EDGE_CURVE('',#1921,#1897,#1929,.T.);
#1929 = LINE('',#1930,#1931);
#1930 = CARTESIAN_POINT('',(-10.22672241888,-8.812726511539,1.6));
#1931 = VECTOR('',#1932,1.);
#1932 = DIRECTION('',(-0.707106781187,-0.707106781187,0.));
#1933 = ORIENTED_EDGE('',*,*,#1905,.F.);
#1934 = ORIENTED_EDGE('',*,*,#439,.F.);
#1935 = PLANE('',#1936);
#1936 = AXIS2_PLACEMENT_3D('',#1937,#1938,#1939);
#1937 = CARTESIAN_POINT('',(-10.22672241888,-8.812726511539,0.));
#1938 = DIRECTION('',(0.707106781187,-0.707106781187,0.));
#1939 = DIRECTION('',(-0.707106781187,-0.707106781187,0.));
#1940 = ADVANCED_FACE('',(#1941),#1960,.T.);
#1941 = FACE_BOUND('',#1942,.F.);
#1942 = EDGE_LOOP('',(#1943,#1951,#1958,#1959));
#1943 = ORIENTED_EDGE('',*,*,#1944,.T.);
#1944 = EDGE_CURVE('',#448,#1945,#1947,.T.);
#1945 = VERTEX_POINT('',#1946);
#1946 = CARTESIAN_POINT('',(-13.46291201783,-1.,1.6));
#1947 = LINE('',#1948,#1949);
#1948 = CARTESIAN_POINT('',(-13.46291201783,-1.,0.));
#1949 = VECTOR('',#1950,1.);
#1950 = DIRECTION('',(0.,0.,1.));
#1951 = ORIENTED_EDGE('',*,*,#1952,.T.);
#1952 = EDGE_CURVE('',#1945,#1921,#1953,.T.);
#1953 = CIRCLE('',#1954,13.5);
#1954 = AXIS2_PLACEMENT_3D('',#1955,#1956,#1957);
#1955 = CARTESIAN_POINT('',(-1.36E-15,-3.48E-15,1.6));
#1956 = DIRECTION('',(0.,0.,1.));
#1957 = DIRECTION('',(-0.997252742062,-7.407407407407E-02,0.));
#1958 = ORIENTED_EDGE('',*,*,#1920,.F.);
#1959 = ORIENTED_EDGE('',*,*,#447,.F.);
#1960 = CYLINDRICAL_SURFACE('',#1961,13.5);
#1961 = AXIS2_PLACEMENT_3D('',#1962,#1963,#1964);
#1962 = CARTESIAN_POINT('',(-1.36E-15,-3.48E-15,0.));
#1963 = DIRECTION('',(-0.,-0.,-1.));
#1964 = DIRECTION('',(1.,0.,0.));
#1965 = ADVANCED_FACE('',(#1966),#1977,.F.);
#1966 = FACE_BOUND('',#1967,.F.);
#1967 = EDGE_LOOP('',(#1968,#1969,#1975,#1976));
#1968 = ORIENTED_EDGE('',*,*,#1888,.T.);
#1969 = ORIENTED_EDGE('',*,*,#1970,.T.);
#1970 = EDGE_CURVE('',#1889,#1945,#1971,.T.);
#1971 = LINE('',#1972,#1973);
#1972 = CARTESIAN_POINT('',(-19.97498435543,-1.,1.6));
#1973 = VECTOR('',#1974,1.);
#1974 = DIRECTION('',(1.,3.8E-16,0.));
#1975 = ORIENTED_EDGE('',*,*,#1944,.F.);
#1976 = ORIENTED_EDGE('',*,*,#456,.F.);
#1977 = PLANE('',#1978);
#1978 = AXIS2_PLACEMENT_3D('',#1979,#1980,#1981);
#1979 = CARTESIAN_POINT('',(-19.97498435543,-1.,0.));
#1980 = DIRECTION('',(-3.8E-16,1.,0.));
#1981 = DIRECTION('',(1.,3.8E-16,0.));
#1982 = ADVANCED_FACE('',(#1983),#2009,.F.);
#1983 = FACE_BOUND('',#1984,.T.);
#1984 = EDGE_LOOP('',(#1985,#1993,#2002,#2008));
#1985 = ORIENTED_EDGE('',*,*,#1986,.T.);
#1986 = EDGE_CURVE('',#465,#1987,#1989,.T.);
#1987 = VERTEX_POINT('',#1988);
#1988 = CARTESIAN_POINT('',(13.417454385925,14.831450293266,1.6));
#1989 = LINE('',#1990,#1991);
#1990 = CARTESIAN_POINT('',(13.417454385925,14.831450293266,9.57E-15));
#1991 = VECTOR('',#1992,1.);
#1992 = DIRECTION('',(-2.2E-16,-4.4E-16,1.));
#1993 = ORIENTED_EDGE('',*,*,#1994,.T.);
#1994 = EDGE_CURVE('',#1987,#1995,#1997,.T.);
#1995 = VERTEX_POINT('',#1996);
#1996 = CARTESIAN_POINT('',(1.,19.974984355438,1.6));
#1997 = CIRCLE('',#1998,20.);
#1998 = AXIS2_PLACEMENT_3D('',#1999,#2000,#2001);
#1999 = CARTESIAN_POINT('',(1.36E-15,3.48E-15,1.6));
#2000 = DIRECTION('',(0.,-0.,1.));
#2001 = DIRECTION('',(0.670872719296,0.741572514663,0.));
#2002 = ORIENTED_EDGE('',*,*,#2003,.F.);
#2003 = EDGE_CURVE('',#467,#1995,#2004,.T.);
#2004 = LINE('',#2005,#2006);
#2005 = CARTESIAN_POINT('',(1.,19.974984355438,9.09E-15));
#2006 = VECTOR('',#2007,1.);
#2007 = DIRECTION('',(-2.2E-16,-4.4E-16,1.));
#2008 = ORIENTED_EDGE('',*,*,#464,.F.);
#2009 = CYLINDRICAL_SURFACE('',#2010,20.);
#2010 = AXIS2_PLACEMENT_3D('',#2011,#2012,#2013);
#2011 = CARTESIAN_POINT('',(1.36E-15,3.48E-15,0.));
#2012 = DIRECTION('',(2.2E-16,4.4E-16,-1.));
#2013 = DIRECTION('',(-1.,-2.2E-16,-2.2E-16));
#2014 = ADVANCED_FACE('',(#2015),#2033,.F.);
#2015 = FACE_BOUND('',#2016,.F.);
#2016 = EDGE_LOOP('',(#2017,#2025,#2031,#2032));
#2017 = ORIENTED_EDGE('',*,*,#2018,.T.);
#2018 = EDGE_CURVE('',#476,#2019,#2021,.T.);
#2019 = VERTEX_POINT('',#2020);
#2020 = CARTESIAN_POINT('',(1.,13.462912017836,1.6));
#2021 = LINE('',#2022,#2023);
#2022 = CARTESIAN_POINT('',(1.,13.462912017836,6.2E-15));
#2023 = VECTOR('',#2024,1.);
#2024 = DIRECTION('',(-2.2E-16,-4.4E-16,1.));
#2025 = ORIENTED_EDGE('',*,*,#2026,.T.);
#2026 = EDGE_CURVE('',#2019,#1995,#2027,.T.);
#2027 = LINE('',#2028,#2029);
#2028 = CARTESIAN_POINT('',(1.,13.462912017836,1.6));
#2029 = VECTOR('',#2030,1.);
#2030 = DIRECTION('',(-1.38E-15,1.,4.4E-16));
#2031 = ORIENTED_EDGE('',*,*,#2003,.F.);
#2032 = ORIENTED_EDGE('',*,*,#475,.F.);
#2033 = PLANE('',#2034);
#2034 = AXIS2_PLACEMENT_3D('',#2035,#2036,#2037);
#2035 = CARTESIAN_POINT('',(1.,13.462912017836,6.2E-15));
#2036 = DIRECTION('',(-1.,-1.38E-15,-2.2E-16));
#2037 = DIRECTION('',(-1.38E-15,1.,4.4E-16));
#2038 = ADVANCED_FACE('',(#2039),#2058,.T.);
#2039 = FACE_BOUND('',#2040,.F.);
#2040 = EDGE_LOOP('',(#2041,#2049,#2056,#2057));
#2041 = ORIENTED_EDGE('',*,*,#2042,.T.);
#2042 = EDGE_CURVE('',#484,#2043,#2045,.T.);
#2043 = VERTEX_POINT('',#2044);
#2044 = CARTESIAN_POINT('',(8.812726511539,10.22672241888,1.6));
#2045 = LINE('',#2046,#2047);
#2046 = CARTESIAN_POINT('',(8.812726511539,10.22672241888,6.5E-15));
#2047 = VECTOR('',#2048,1.);
#2048 = DIRECTION('',(-2.2E-16,-4.4E-16,1.));
#2049 = ORIENTED_EDGE('',*,*,#2050,.T.);
#2050 = EDGE_CURVE('',#2043,#2019,#2051,.T.);
#2051 = CIRCLE('',#2052,13.5);
#2052 = AXIS2_PLACEMENT_3D('',#2053,#2054,#2055);
#2053 = CARTESIAN_POINT('',(0.,0.,1.6));
#2054 = DIRECTION('',(0.,-0.,1.));
#2055 = DIRECTION('',(0.65279455641,0.757534993991,0.));
#2056 = ORIENTED_EDGE('',*,*,#2018,.F.);
#2057 = ORIENTED_EDGE('',*,*,#483,.F.);
#2058 = CYLINDRICAL_SURFACE('',#2059,13.5);
#2059 = AXIS2_PLACEMENT_3D('',#2060,#2061,#2062);
#2060 = CARTESIAN_POINT('',(0.,0.,0.));
#2061 = DIRECTION('',(2.2E-16,4.4E-16,-1.));
#2062 = DIRECTION('',(-1.,-2.2E-16,-2.2E-16));
#2063 = ADVANCED_FACE('',(#2064),#2075,.T.);
#2064 = FACE_BOUND('',#2065,.T.);
#2065 = EDGE_LOOP('',(#2066,#2067,#2073,#2074));
#2066 = ORIENTED_EDGE('',*,*,#2042,.T.);
#2067 = ORIENTED_EDGE('',*,*,#2068,.T.);
#2068 = EDGE_CURVE('',#2043,#1987,#2069,.T.);
#2069 = LINE('',#2070,#2071);
#2070 = CARTESIAN_POINT('',(8.812726511539,10.22672241888,1.6));
#2071 = VECTOR('',#2072,1.);
#2072 = DIRECTION('',(0.707106781187,0.707106781187,4.7E-16));
#2073 = ORIENTED_EDGE('',*,*,#1986,.F.);
#2074 = ORIENTED_EDGE('',*,*,#492,.F.);
#2075 = PLANE('',#2076);
#2076 = AXIS2_PLACEMENT_3D('',#2077,#2078,#2079);
#2077 = CARTESIAN_POINT('',(8.812726511539,10.22672241888,6.5E-15));
#2078 = DIRECTION('',(-0.707106781187,0.707106781187,1.6E-16));
#2079 = DIRECTION('',(0.707106781187,0.707106781187,4.7E-16));
#2080 = ADVANCED_FACE('',(#2081),#2107,.F.);
#2081 = FACE_BOUND('',#2082,.F.);
#2082 = EDGE_LOOP('',(#2083,#2091,#2100,#2106));
#2083 = ORIENTED_EDGE('',*,*,#2084,.T.);
#2084 = EDGE_CURVE('',#501,#2085,#2087,.T.);
#2085 = VERTEX_POINT('',#2086);
#2086 = CARTESIAN_POINT('',(-13.41745438592,14.831450293266,1.6));
#2087 = LINE('',#2088,#2089);
#2088 = CARTESIAN_POINT('',(-13.41745438592,14.831450293266,6.59E-15));
#2089 = VECTOR('',#2090,1.);
#2090 = DIRECTION('',(0.,-4.4E-16,1.));
#2091 = ORIENTED_EDGE('',*,*,#2092,.T.);
#2092 = EDGE_CURVE('',#2085,#2093,#2095,.T.);
#2093 = VERTEX_POINT('',#2094);
#2094 = CARTESIAN_POINT('',(-1.,19.974984355438,1.6));
#2095 = CIRCLE('',#2096,20.);
#2096 = AXIS2_PLACEMENT_3D('',#2097,#2098,#2099);
#2097 = CARTESIAN_POINT('',(-1.36E-15,3.48E-15,1.6));
#2098 = DIRECTION('',(0.,0.,-1.));
#2099 = DIRECTION('',(-0.670872719296,0.741572514663,0.));
#2100 = ORIENTED_EDGE('',*,*,#2101,.F.);
#2101 = EDGE_CURVE('',#503,#2093,#2102,.T.);
#2102 = LINE('',#2103,#2104);
#2103 = CARTESIAN_POINT('',(-1.,19.974984355438,8.87E-15));
#2104 = VECTOR('',#2105,1.);
#2105 = DIRECTION('',(0.,-4.4E-16,1.));
#2106 = ORIENTED_EDGE('',*,*,#500,.F.);
#2107 = CYLINDRICAL_SURFACE('',#2108,20.);
#2108 = AXIS2_PLACEMENT_3D('',#2109,#2110,#2111);
#2109 = CARTESIAN_POINT('',(-1.36E-15,3.48E-15,0.));
#2110 = DIRECTION('',(0.,4.4E-16,-1.));
#2111 = DIRECTION('',(1.,0.,0.));
#2112 = ADVANCED_FACE('',(#2113),#2131,.T.);
#2113 = FACE_BOUND('',#2114,.F.);
#2114 = EDGE_LOOP('',(#2115,#2123,#2129,#2130));
#2115 = ORIENTED_EDGE('',*,*,#2116,.T.);
#2116 = EDGE_CURVE('',#512,#2117,#2119,.T.);
#2117 = VERTEX_POINT('',#2118);
#2118 = CARTESIAN_POINT('',(-8.812726511539,10.22672241888,1.6));
#2119 = LINE('',#2120,#2121);
#2120 = CARTESIAN_POINT('',(-8.812726511539,10.22672241888,4.54E-15));
#2121 = VECTOR('',#2122,1.);
#2122 = DIRECTION('',(0.,-4.4E-16,1.));
#2123 = ORIENTED_EDGE('',*,*,#2124,.T.);
#2124 = EDGE_CURVE('',#2117,#2085,#2125,.T.);
#2125 = LINE('',#2126,#2127);
#2126 = CARTESIAN_POINT('',(-8.812726511539,10.22672241888,1.6));
#2127 = VECTOR('',#2128,1.);
#2128 = DIRECTION('',(-0.707106781187,0.707106781187,3.1E-16));
#2129 = ORIENTED_EDGE('',*,*,#2084,.F.);
#2130 = ORIENTED_EDGE('',*,*,#511,.F.);
#2131 = PLANE('',#2132);
#2132 = AXIS2_PLACEMENT_3D('',#2133,#2134,#2135);
#2133 = CARTESIAN_POINT('',(-8.812726511539,10.22672241888,4.54E-15));
#2134 = DIRECTION('',(0.707106781187,0.707106781187,3.1E-16));
#2135 = DIRECTION('',(0.707106781187,-0.707106781187,-3.1E-16));
#2136 = ADVANCED_FACE('',(#2137),#2156,.T.);
#2137 = FACE_BOUND('',#2138,.T.);
#2138 = EDGE_LOOP('',(#2139,#2140,#2149,#2155));
#2139 = ORIENTED_EDGE('',*,*,#2116,.T.);
#2140 = ORIENTED_EDGE('',*,*,#2141,.T.);
#2141 = EDGE_CURVE('',#2117,#2142,#2144,.T.);
#2142 = VERTEX_POINT('',#2143);
#2143 = CARTESIAN_POINT('',(-1.,13.462912017836,1.6));
#2144 = CIRCLE('',#2145,13.5);
#2145 = AXIS2_PLACEMENT_3D('',#2146,#2147,#2148);
#2146 = CARTESIAN_POINT('',(0.,0.,1.6));
#2147 = DIRECTION('',(0.,0.,-1.));
#2148 = DIRECTION('',(-0.65279455641,0.757534993991,0.));
#2149 = ORIENTED_EDGE('',*,*,#2150,.F.);
#2150 = EDGE_CURVE('',#520,#2142,#2151,.T.);
#2151 = LINE('',#2152,#2153);
#2152 = CARTESIAN_POINT('',(-1.,13.462912017836,5.98E-15));
#2153 = VECTOR('',#2154,1.);
#2154 = DIRECTION('',(0.,-4.4E-16,1.));
#2155 = ORIENTED_EDGE('',*,*,#519,.F.);
#2156 = CYLINDRICAL_SURFACE('',#2157,13.5);
#2157 = AXIS2_PLACEMENT_3D('',#2158,#2159,#2160);
#2158 = CARTESIAN_POINT('',(0.,0.,0.));
#2159 = DIRECTION('',(0.,4.4E-16,-1.));
#2160 = DIRECTION('',(1.,0.,0.));
#2161 = ADVANCED_FACE('',(#2162),#2173,.F.);
#2162 = FACE_BOUND('',#2163,.T.);
#2163 = EDGE_LOOP('',(#2164,#2165,#2171,#2172));
#2164 = ORIENTED_EDGE('',*,*,#2150,.T.);
#2165 = ORIENTED_EDGE('',*,*,#2166,.T.);
#2166 = EDGE_CURVE('',#2142,#2093,#2167,.T.);
#2167 = LINE('',#2168,#2169);
#2168 = CARTESIAN_POINT('',(-1.,13.462912017836,1.6));
#2169 = VECTOR('',#2170,1.);
#2170 = DIRECTION('',(1.16E-15,1.,4.4E-16));
#2171 = ORIENTED_EDGE('',*,*,#2101,.F.);
#2172 = ORIENTED_EDGE('',*,*,#528,.F.);
#2173 = PLANE('',#2174);
#2174 = AXIS2_PLACEMENT_3D('',#2175,#2176,#2177);
#2175 = CARTESIAN_POINT('',(-1.,13.462912017836,5.98E-15));
#2176 = DIRECTION('',(1.,-1.16E-15,0.));
#2177 = DIRECTION('',(-1.16E-15,-1.,-4.4E-16));
#2178 = ADVANCED_FACE('',(#2179),#2205,.F.);
#2179 = FACE_BOUND('',#2180,.T.);
#2180 = EDGE_LOOP('',(#2181,#2189,#2198,#2204));
#2181 = ORIENTED_EDGE('',*,*,#2182,.T.);
#2182 = EDGE_CURVE('',#537,#2183,#2185,.T.);
#2183 = VERTEX_POINT('',#2184);
#2184 = CARTESIAN_POINT('',(19.974984355438,1.,1.6));
#2185 = LINE('',#2186,#2187);
#2186 = CARTESIAN_POINT('',(19.974984355438,1.,4.88E-15));
#2187 = VECTOR('',#2188,1.);
#2188 = DIRECTION('',(-2.2E-16,-4.4E-16,1.));
#2189 = ORIENTED_EDGE('',*,*,#2190,.T.);
#2190 = EDGE_CURVE('',#2183,#2191,#2193,.T.);
#2191 = VERTEX_POINT('',#2192);
#2192 = CARTESIAN_POINT('',(14.831450293266,13.417454385925,1.6));
#2193 = CIRCLE('',#2194,20.);
#2194 = AXIS2_PLACEMENT_3D('',#2195,#2196,#2197);
#2195 = CARTESIAN_POINT('',(0.,0.,1.6));
#2196 = DIRECTION('',(0.,-0.,1.));
#2197 = DIRECTION('',(0.998749217772,5.E-02,0.));
#2198 = ORIENTED_EDGE('',*,*,#2199,.F.);
#2199 = EDGE_CURVE('',#539,#2191,#2200,.T.);
#2200 = LINE('',#2201,#2202);
#2201 = CARTESIAN_POINT('',(14.831450293266,13.417454385925,9.25E-15));
#2202 = VECTOR('',#2203,1.);
#2203 = DIRECTION('',(-2.2E-16,-4.4E-16,1.));
#2204 = ORIENTED_EDGE('',*,*,#536,.F.);
#2205 = CYLINDRICAL_SURFACE('',#2206,20.);
#2206 = AXIS2_PLACEMENT_3D('',#2207,#2208,#2209);
#2207 = CARTESIAN_POINT('',(0.,0.,0.));
#2208 = DIRECTION('',(2.2E-16,4.4E-16,-1.));
#2209 = DIRECTION('',(-1.,-2.2E-16,-2.2E-16));
#2210 = ADVANCED_FACE('',(#2211),#2229,.F.);
#2211 = FACE_BOUND('',#2212,.F.);
#2212 = EDGE_LOOP('',(#2213,#2221,#2227,#2228));
#2213 = ORIENTED_EDGE('',*,*,#2214,.T.);
#2214 = EDGE_CURVE('',#548,#2215,#2217,.T.);
#2215 = VERTEX_POINT('',#2216);
#2216 = CARTESIAN_POINT('',(10.22672241888,8.812726511539,1.6));
#2217 = LINE('',#2218,#2219);
#2218 = CARTESIAN_POINT('',(10.22672241888,8.812726511539,6.18E-15));
#2219 = VECTOR('',#2220,1.);
#2220 = DIRECTION('',(-2.2E-16,-4.4E-16,1.));
#2221 = ORIENTED_EDGE('',*,*,#2222,.T.);
#2222 = EDGE_CURVE('',#2215,#2191,#2223,.T.);
#2223 = LINE('',#2224,#2225);
#2224 = CARTESIAN_POINT('',(10.22672241888,8.812726511539,1.6));
#2225 = VECTOR('',#2226,1.);
#2226 = DIRECTION('',(0.707106781187,0.707106781187,4.7E-16));
#2227 = ORIENTED_EDGE('',*,*,#2199,.F.);
#2228 = ORIENTED_EDGE('',*,*,#547,.F.);
#2229 = PLANE('',#2230);
#2230 = AXIS2_PLACEMENT_3D('',#2231,#2232,#2233);
#2231 = CARTESIAN_POINT('',(10.22672241888,8.812726511539,6.18E-15));
#2232 = DIRECTION('',(-0.707106781187,0.707106781187,1.6E-16));
#2233 = DIRECTION('',(0.707106781187,0.707106781187,4.7E-16));
#2234 = ADVANCED_FACE('',(#2235),#2254,.T.);
#2235 = FACE_BOUND('',#2236,.F.);
#2236 = EDGE_LOOP('',(#2237,#2245,#2252,#2253));
#2237 = ORIENTED_EDGE('',*,*,#2238,.T.);
#2238 = EDGE_CURVE('',#556,#2239,#2241,.T.);
#2239 = VERTEX_POINT('',#2240);
#2240 = CARTESIAN_POINT('',(13.462912017836,1.,1.6));
#2241 = LINE('',#2242,#2243);
#2242 = CARTESIAN_POINT('',(13.462912017836,1.,3.43E-15));
#2243 = VECTOR('',#2244,1.);
#2244 = DIRECTION('',(-2.2E-16,-4.4E-16,1.));
#2245 = ORIENTED_EDGE('',*,*,#2246,.T.);
#2246 = EDGE_CURVE('',#2239,#2215,#2247,.T.);
#2247 = CIRCLE('',#2248,13.5);
#2248 = AXIS2_PLACEMENT_3D('',#2249,#2250,#2251);
#2249 = CARTESIAN_POINT('',(1.36E-15,3.48E-15,1.6));
#2250 = DIRECTION('',(0.,-0.,1.));
#2251 = DIRECTION('',(0.997252742062,7.407407407407E-02,0.));
#2252 = ORIENTED_EDGE('',*,*,#2214,.F.);
#2253 = ORIENTED_EDGE('',*,*,#555,.F.);
#2254 = CYLINDRICAL_SURFACE('',#2255,13.5);
#2255 = AXIS2_PLACEMENT_3D('',#2256,#2257,#2258);
#2256 = CARTESIAN_POINT('',(1.36E-15,3.48E-15,0.));
#2257 = DIRECTION('',(2.2E-16,4.4E-16,-1.));
#2258 = DIRECTION('',(-1.,-2.2E-16,-2.2E-16));
#2259 = ADVANCED_FACE('',(#2260),#2271,.F.);
#2260 = FACE_BOUND('',#2261,.F.);
#2261 = EDGE_LOOP('',(#2262,#2263,#2269,#2270));
#2262 = ORIENTED_EDGE('',*,*,#2182,.T.);
#2263 = ORIENTED_EDGE('',*,*,#2264,.T.);
#2264 = EDGE_CURVE('',#2183,#2239,#2265,.T.);
#2265 = LINE('',#2266,#2267);
#2266 = CARTESIAN_POINT('',(19.974984355438,1.,1.6));
#2267 = VECTOR('',#2268,1.);
#2268 = DIRECTION('',(-1.,-6.E-16,-2.2E-16));
#2269 = ORIENTED_EDGE('',*,*,#2238,.F.);
#2270 = ORIENTED_EDGE('',*,*,#564,.F.);
#2271 = PLANE('',#2272);
#2272 = AXIS2_PLACEMENT_3D('',#2273,#2274,#2275);
#2273 = CARTESIAN_POINT('',(19.974984355438,1.,4.88E-15));
#2274 = DIRECTION('',(6.E-16,-1.,-4.4E-16));
#2275 = DIRECTION('',(-1.,-6.E-16,-2.2E-16));
#2276 = ADVANCED_FACE('',(#2277),#2303,.F.);
#2277 = FACE_BOUND('',#2278,.F.);
#2278 = EDGE_LOOP('',(#2279,#2287,#2296,#2302));
#2279 = ORIENTED_EDGE('',*,*,#2280,.T.);
#2280 = EDGE_CURVE('',#573,#2281,#2283,.T.);
#2281 = VERTEX_POINT('',#2282);
#2282 = CARTESIAN_POINT('',(-19.97498435543,1.,1.6));
#2283 = LINE('',#2284,#2285);
#2284 = CARTESIAN_POINT('',(-19.97498435543,1.,4.4E-16));
#2285 = VECTOR('',#2286,1.);
#2286 = DIRECTION('',(0.,-4.4E-16,1.));
#2287 = ORIENTED_EDGE('',*,*,#2288,.T.);
#2288 = EDGE_CURVE('',#2281,#2289,#2291,.T.);
#2289 = VERTEX_POINT('',#2290);
#2290 = CARTESIAN_POINT('',(-14.83145029326,13.417454385925,1.6));
#2291 = CIRCLE('',#2292,20.);
#2292 = AXIS2_PLACEMENT_3D('',#2293,#2294,#2295);
#2293 = CARTESIAN_POINT('',(0.,0.,1.6));
#2294 = DIRECTION('',(0.,0.,-1.));
#2295 = DIRECTION('',(-0.998749217772,5.E-02,0.));
#2296 = ORIENTED_EDGE('',*,*,#2297,.F.);
#2297 = EDGE_CURVE('',#575,#2289,#2298,.T.);
#2298 = LINE('',#2299,#2300);
#2299 = CARTESIAN_POINT('',(-14.83145029326,13.417454385925,5.96E-15));
#2300 = VECTOR('',#2301,1.);
#2301 = DIRECTION('',(0.,-4.4E-16,1.));
#2302 = ORIENTED_EDGE('',*,*,#572,.F.);
#2303 = CYLINDRICAL_SURFACE('',#2304,20.);
#2304 = AXIS2_PLACEMENT_3D('',#2305,#2306,#2307);
#2305 = CARTESIAN_POINT('',(0.,0.,0.));
#2306 = DIRECTION('',(0.,4.4E-16,-1.));
#2307 = DIRECTION('',(1.,0.,0.));
#2308 = ADVANCED_FACE('',(#2309),#2327,.F.);
#2309 = FACE_BOUND('',#2310,.T.);
#2310 = EDGE_LOOP('',(#2311,#2312,#2320,#2326));
#2311 = ORIENTED_EDGE('',*,*,#2280,.T.);
#2312 = ORIENTED_EDGE('',*,*,#2313,.T.);
#2313 = EDGE_CURVE('',#2281,#2314,#2316,.T.);
#2314 = VERTEX_POINT('',#2315);
#2315 = CARTESIAN_POINT('',(-13.46291201783,1.,1.6));
#2316 = LINE('',#2317,#2318);
#2317 = CARTESIAN_POINT('',(-19.97498435543,1.,1.6));
#2318 = VECTOR('',#2319,1.);
#2319 = DIRECTION('',(1.,-3.8E-16,0.));
#2320 = ORIENTED_EDGE('',*,*,#2321,.F.);
#2321 = EDGE_CURVE('',#584,#2314,#2322,.T.);
#2322 = LINE('',#2323,#2324);
#2323 = CARTESIAN_POINT('',(-13.46291201783,1.,4.4E-16));
#2324 = VECTOR('',#2325,1.);
#2325 = DIRECTION('',(0.,-4.4E-16,1.));
#2326 = ORIENTED_EDGE('',*,*,#583,.F.);
#2327 = PLANE('',#2328);
#2328 = AXIS2_PLACEMENT_3D('',#2329,#2330,#2331);
#2329 = CARTESIAN_POINT('',(-19.97498435543,1.,4.4E-16));
#2330 = DIRECTION('',(-3.8E-16,-1.,-4.4E-16));
#2331 = DIRECTION('',(-1.,3.8E-16,0.));
#2332 = ADVANCED_FACE('',(#2333),#2352,.T.);
#2333 = FACE_BOUND('',#2334,.T.);
#2334 = EDGE_LOOP('',(#2335,#2336,#2345,#2351));
#2335 = ORIENTED_EDGE('',*,*,#2321,.T.);
#2336 = ORIENTED_EDGE('',*,*,#2337,.T.);
#2337 = EDGE_CURVE('',#2314,#2338,#2340,.T.);
#2338 = VERTEX_POINT('',#2339);
#2339 = CARTESIAN_POINT('',(-10.22672241888,8.812726511539,1.6));
#2340 = CIRCLE('',#2341,13.5);
#2341 = AXIS2_PLACEMENT_3D('',#2342,#2343,#2344);
#2342 = CARTESIAN_POINT('',(-1.36E-15,3.48E-15,1.6));
#2343 = DIRECTION('',(0.,0.,-1.));
#2344 = DIRECTION('',(-0.997252742062,7.407407407407E-02,0.));
#2345 = ORIENTED_EDGE('',*,*,#2346,.F.);
#2346 = EDGE_CURVE('',#592,#2338,#2347,.T.);
#2347 = LINE('',#2348,#2349);
#2348 = CARTESIAN_POINT('',(-10.22672241888,8.812726511539,3.91E-15));
#2349 = VECTOR('',#2350,1.);
#2350 = DIRECTION('',(0.,-4.4E-16,1.));
#2351 = ORIENTED_EDGE('',*,*,#591,.F.);
#2352 = CYLINDRICAL_SURFACE('',#2353,13.5);
#2353 = AXIS2_PLACEMENT_3D('',#2354,#2355,#2356);
#2354 = CARTESIAN_POINT('',(-1.36E-15,3.48E-15,0.));
#2355 = DIRECTION('',(0.,4.4E-16,-1.));
#2356 = DIRECTION('',(1.,0.,0.));
#2357 = ADVANCED_FACE('',(#2358),#2369,.F.);
#2358 = FACE_BOUND('',#2359,.T.);
#2359 = EDGE_LOOP('',(#2360,#2361,#2367,#2368));
#2360 = ORIENTED_EDGE('',*,*,#2346,.T.);
#2361 = ORIENTED_EDGE('',*,*,#2362,.T.);
#2362 = EDGE_CURVE('',#2338,#2289,#2363,.T.);
#2363 = LINE('',#2364,#2365);
#2364 = CARTESIAN_POINT('',(-10.22672241888,8.812726511539,1.6));
#2365 = VECTOR('',#2366,1.);
#2366 = DIRECTION('',(-0.707106781187,0.707106781187,3.1E-16));
#2367 = ORIENTED_EDGE('',*,*,#2297,.F.);
#2368 = ORIENTED_EDGE('',*,*,#600,.F.);
#2369 = PLANE('',#2370);
#2370 = AXIS2_PLACEMENT_3D('',#2371,#2372,#2373);
#2371 = CARTESIAN_POINT('',(-10.22672241888,8.812726511539,3.91E-15));
#2372 = DIRECTION('',(0.707106781187,0.707106781187,3.1E-16));
#2373 = DIRECTION('',(0.707106781187,-0.707106781187,-3.1E-16));
#2374 = ADVANCED_FACE('',(#2375),#2394,.F.);
#2375 = FACE_BOUND('',#2376,.T.);
#2376 = EDGE_LOOP('',(#2377,#2385,#2386,#2387));
#2377 = ORIENTED_EDGE('',*,*,#2378,.F.);
#2378 = EDGE_CURVE('',#609,#2379,#2381,.T.);
#2379 = VERTEX_POINT('',#2380);
#2380 = CARTESIAN_POINT('',(-23.3,25.,0.4));
#2381 = LINE('',#2382,#2383);
#2382 = CARTESIAN_POINT('',(-23.3,25.,0.4));
#2383 = VECTOR('',#2384,1.);
#2384 = DIRECTION('',(-0.707106781187,-1.6E-16,0.707106781187));
#2385 = ORIENTED_EDGE('',*,*,#608,.T.);
#2386 = ORIENTED_EDGE('',*,*,#2378,.T.);
#2387 = ORIENTED_EDGE('',*,*,#2388,.F.);
#2388 = EDGE_CURVE('',#2379,#2379,#2389,.T.);
#2389 = CIRCLE('',#2390,1.7);
#2390 = AXIS2_PLACEMENT_3D('',#2391,#2392,#2393);
#2391 = CARTESIAN_POINT('',(-25.,25.,0.4));
#2392 = DIRECTION('',(0.,2.2E-16,-1.));
#2393 = DIRECTION('',(1.,-0.,0.));
#2394 = CONICAL_SURFACE('',#2395,1.7,0.785398163397);
#2395 = AXIS2_PLACEMENT_3D('',#2396,#2397,#2398);
#2396 = CARTESIAN_POINT('',(-25.,25.,0.4));
#2397 = DIRECTION('',(-0.,2.2E-16,-1.));
#2398 = DIRECTION('',(1.,0.,-0.));
#2399 = ADVANCED_FACE('',(#2400),#2419,.F.);
#2400 = FACE_BOUND('',#2401,.F.);
#2401 = EDGE_LOOP('',(#2402,#2410,#2411,#2412));
#2402 = ORIENTED_EDGE('',*,*,#2403,.F.);
#2403 = EDGE_CURVE('',#620,#2404,#2406,.T.);
#2404 = VERTEX_POINT('',#2405);
#2405 = CARTESIAN_POINT('',(-23.3,-25.,0.4));
#2406 = LINE('',#2407,#2408);
#2407 = CARTESIAN_POINT('',(-23.3,-25.,0.4));
#2408 = VECTOR('',#2409,1.);
#2409 = DIRECTION('',(-0.707106781187,-1.6E-16,0.707106781187));
#2410 = ORIENTED_EDGE('',*,*,#619,.T.);
#2411 = ORIENTED_EDGE('',*,*,#2403,.T.);
#2412 = ORIENTED_EDGE('',*,*,#2413,.F.);
#2413 = EDGE_CURVE('',#2404,#2404,#2414,.T.);
#2414 = CIRCLE('',#2415,1.7);
#2415 = AXIS2_PLACEMENT_3D('',#2416,#2417,#2418);
#2416 = CARTESIAN_POINT('',(-25.,-25.,0.4));
#2417 = DIRECTION('',(0.,-2.2E-16,1.));
#2418 = DIRECTION('',(1.,0.,-0.));
#2419 = CONICAL_SURFACE('',#2420,1.7,0.785398163397);
#2420 = AXIS2_PLACEMENT_3D('',#2421,#2422,#2423);
#2421 = CARTESIAN_POINT('',(-25.,-25.,0.4));
#2422 = DIRECTION('',(-0.,2.2E-16,-1.));
#2423 = DIRECTION('',(1.,0.,-0.));
#2424 = ADVANCED_FACE('',(#2425),#2444,.F.);
#2425 = FACE_BOUND('',#2426,.T.);
#2426 = EDGE_LOOP('',(#2427,#2435,#2436,#2437));
#2427 = ORIENTED_EDGE('',*,*,#2428,.F.);
#2428 = EDGE_CURVE('',#631,#2429,#2431,.T.);
#2429 = VERTEX_POINT('',#2430);
#2430 = CARTESIAN_POINT('',(23.3,-25.,0.4));
#2431 = LINE('',#2432,#2433);
#2432 = CARTESIAN_POINT('',(23.3,-25.,0.4));
#2433 = VECTOR('',#2434,1.);
#2434 = DIRECTION('',(0.707106781187,-1.6E-16,0.707106781187));
#2435 = ORIENTED_EDGE('',*,*,#630,.T.);
#2436 = ORIENTED_EDGE('',*,*,#2428,.T.);
#2437 = ORIENTED_EDGE('',*,*,#2438,.F.);
#2438 = EDGE_CURVE('',#2429,#2429,#2439,.T.);
#2439 = CIRCLE('',#2440,1.7);
#2440 = AXIS2_PLACEMENT_3D('',#2441,#2442,#2443);
#2441 = CARTESIAN_POINT('',(25.,-25.,0.4));
#2442 = DIRECTION('',(0.,2.2E-16,-1.));
#2443 = DIRECTION('',(-1.,0.,0.));
#2444 = CONICAL_SURFACE('',#2445,1.7,0.785398163397);
#2445 = AXIS2_PLACEMENT_3D('',#2446,#2447,#2448);
#2446 = CARTESIAN_POINT('',(25.,-25.,0.4));
#2447 = DIRECTION('',(-0.,2.2E-16,-1.));
#2448 = DIRECTION('',(-1.,0.,0.));
#2449 = ADVANCED_FACE('',(#2450),#2475,.T.);
#2450 = FACE_BOUND('',#2451,.T.);
#2451 = EDGE_LOOP('',(#2452,#2460,#2461,#2469));
#2452 = ORIENTED_EDGE('',*,*,#2453,.F.);
#2453 = EDGE_CURVE('',#642,#2454,#2456,.T.);
#2454 = VERTEX_POINT('',#2455);
#2455 = CARTESIAN_POINT('',(30.,-25.,0.4));
#2456 = LINE('',#2457,#2458);
#2457 = CARTESIAN_POINT('',(29.8,-25.,0.2));
#2458 = VECTOR('',#2459,1.);
#2459 = DIRECTION('',(0.707106781187,-1.6E-16,0.707106781187));
#2460 = ORIENTED_EDGE('',*,*,#641,.T.);
#2461 = ORIENTED_EDGE('',*,*,#2462,.T.);
#2462 = EDGE_CURVE('',#644,#2463,#2465,.T.);
#2463 = VERTEX_POINT('',#2464);
#2464 = CARTESIAN_POINT('',(30.,25.,0.4));
#2465 = LINE('',#2466,#2467);
#2466 = CARTESIAN_POINT('',(29.8,25.,0.2));
#2467 = VECTOR('',#2468,1.);
#2468 = DIRECTION('',(0.707106781187,-1.6E-16,0.707106781187));
#2469 = ORIENTED_EDGE('',*,*,#2470,.F.);
#2470 = EDGE_CURVE('',#2454,#2463,#2471,.T.);
#2471 = LINE('',#2472,#2473);
#2472 = CARTESIAN_POINT('',(30.,-25.,0.4));
#2473 = VECTOR('',#2474,1.);
#2474 = DIRECTION('',(-2.2E-16,1.,4.4E-16));
#2475 = PLANE('',#2476);
#2476 = AXIS2_PLACEMENT_3D('',#2477,#2478,#2479);
#2477 = CARTESIAN_POINT('',(29.8,-25.,0.2));
#2478 = DIRECTION('',(0.707106781187,1.6E-16,-0.707106781187));
#2479 = DIRECTION('',(1.862915010152E-18,1.,2.281370849898E-16));
#2480 = ADVANCED_FACE('',(#2481),#2500,.T.);
#2481 = FACE_BOUND('',#2482,.T.);
#2482 = EDGE_LOOP('',(#2483,#2491,#2492,#2493));
#2483 = ORIENTED_EDGE('',*,*,#2484,.F.);
#2484 = EDGE_CURVE('',#652,#2485,#2487,.T.);
#2485 = VERTEX_POINT('',#2486);
#2486 = CARTESIAN_POINT('',(25.,-30.,0.4));
#2487 = LINE('',#2488,#2489);
#2488 = CARTESIAN_POINT('',(25.,-29.8,0.2));
#2489 = VECTOR('',#2490,1.);
#2490 = DIRECTION('',(-3.1E-16,-0.707106781187,0.707106781187));
#2491 = ORIENTED_EDGE('',*,*,#651,.T.);
#2492 = ORIENTED_EDGE('',*,*,#2453,.T.);
#2493 = ORIENTED_EDGE('',*,*,#2494,.F.);
#2494 = EDGE_CURVE('',#2485,#2454,#2495,.T.);
#2495 = CIRCLE('',#2496,5.);
#2496 = AXIS2_PLACEMENT_3D('',#2497,#2498,#2499);
#2497 = CARTESIAN_POINT('',(25.,-25.,0.4));
#2498 = DIRECTION('',(0.,-2.2E-16,1.));
#2499 = DIRECTION('',(0.,-1.,-2.2E-16));
#2500 = CONICAL_SURFACE('',#2501,5.,0.785398163397);
#2501 = AXIS2_PLACEMENT_3D('',#2502,#2503,#2504);
#2502 = CARTESIAN_POINT('',(25.,-25.,0.4));
#2503 = DIRECTION('',(0.,-2.2E-16,1.));
#2504 = DIRECTION('',(0.,-1.,-2.2E-16));
#2505 = ADVANCED_FACE('',(#2506),#2525,.T.);
#2506 = FACE_BOUND('',#2507,.T.);
#2507 = EDGE_LOOP('',(#2508,#2509,#2510,#2518));
#2508 = ORIENTED_EDGE('',*,*,#2462,.F.);
#2509 = ORIENTED_EDGE('',*,*,#702,.T.);
#2510 = ORIENTED_EDGE('',*,*,#2511,.T.);
#2511 = EDGE_CURVE('',#695,#2512,#2514,.T.);
#2512 = VERTEX_POINT('',#2513);
#2513 = CARTESIAN_POINT('',(25.,30.,0.4));
#2514 = LINE('',#2515,#2516);
#2515 = CARTESIAN_POINT('',(25.,30.,0.4));
#2516 = VECTOR('',#2517,1.);
#2517 = DIRECTION('',(4.E-17,0.707106781187,0.707106781187));
#2518 = ORIENTED_EDGE('',*,*,#2519,.F.);
#2519 = EDGE_CURVE('',#2463,#2512,#2520,.T.);
#2520 = CIRCLE('',#2521,5.);
#2521 = AXIS2_PLACEMENT_3D('',#2522,#2523,#2524);
#2522 = CARTESIAN_POINT('',(25.,25.,0.4));
#2523 = DIRECTION('',(0.,-2.2E-16,1.));
#2524 = DIRECTION('',(1.,0.,0.));
#2525 = CONICAL_SURFACE('',#2526,5.,0.785398163397);
#2526 = AXIS2_PLACEMENT_3D('',#2527,#2528,#2529);
#2527 = CARTESIAN_POINT('',(25.,25.,0.4));
#2528 = DIRECTION('',(0.,-2.2E-16,1.));
#2529 = DIRECTION('',(1.,0.,0.));
#2530 = ADVANCED_FACE('',(#2531),#2549,.T.);
#2531 = FACE_BOUND('',#2532,.T.);
#2532 = EDGE_LOOP('',(#2533,#2541,#2542,#2543));
#2533 = ORIENTED_EDGE('',*,*,#2534,.F.);
#2534 = EDGE_CURVE('',#661,#2535,#2537,.T.);
#2535 = VERTEX_POINT('',#2536);
#2536 = CARTESIAN_POINT('',(-25.,-30.,0.4));
#2537 = LINE('',#2538,#2539);
#2538 = CARTESIAN_POINT('',(-25.,-30.,0.4));
#2539 = VECTOR('',#2540,1.);
#2540 = DIRECTION('',(-4.E-17,-0.707106781187,0.707106781187));
#2541 = ORIENTED_EDGE('',*,*,#660,.T.);
#2542 = ORIENTED_EDGE('',*,*,#2484,.T.);
#2543 = ORIENTED_EDGE('',*,*,#2544,.F.);
#2544 = EDGE_CURVE('',#2535,#2485,#2545,.T.);
#2545 = LINE('',#2546,#2547);
#2546 = CARTESIAN_POINT('',(-25.,-30.,0.4));
#2547 = VECTOR('',#2548,1.);
#2548 = DIRECTION('',(1.,-2.2E-16,2.2E-16));
#2549 = PLANE('',#2550);
#2550 = AXIS2_PLACEMENT_3D('',#2551,#2552,#2553);
#2551 = CARTESIAN_POINT('',(-25.,-29.8,0.2));
#2552 = DIRECTION('',(0.,-0.707106781187,-0.707106781187));
#2553 = DIRECTION('',(1.,-2.2E-16,2.2E-16));
#2554 = ADVANCED_FACE('',(#2555),#2573,.F.);
#2555 = FACE_BOUND('',#2556,.T.);
#2556 = EDGE_LOOP('',(#2557,#2558,#2559,#2567));
#2557 = ORIENTED_EDGE('',*,*,#2511,.F.);
#2558 = ORIENTED_EDGE('',*,*,#694,.T.);
#2559 = ORIENTED_EDGE('',*,*,#2560,.T.);
#2560 = EDGE_CURVE('',#686,#2561,#2563,.T.);
#2561 = VERTEX_POINT('',#2562);
#2562 = CARTESIAN_POINT('',(-25.,30.,0.4));
#2563 = LINE('',#2564,#2565);
#2564 = CARTESIAN_POINT('',(-25.,29.8,0.2));
#2565 = VECTOR('',#2566,1.);
#2566 = DIRECTION('',(-3.1E-16,0.707106781187,0.707106781187));
#2567 = ORIENTED_EDGE('',*,*,#2568,.F.);
#2568 = EDGE_CURVE('',#2512,#2561,#2569,.T.);
#2569 = LINE('',#2570,#2571);
#2570 = CARTESIAN_POINT('',(25.,30.,0.4));
#2571 = VECTOR('',#2572,1.);
#2572 = DIRECTION('',(-1.,-2.2E-16,-2.2E-16));
#2573 = PLANE('',#2574);
#2574 = AXIS2_PLACEMENT_3D('',#2575,#2576,#2577);
#2575 = CARTESIAN_POINT('',(25.,29.8,0.2));
#2576 = DIRECTION('',(-0.,-0.707106781187,0.707106781187));
#2577 = DIRECTION('',(1.,2.2E-16,2.2E-16));
#2578 = ADVANCED_FACE('',(#2579),#2598,.T.);
#2579 = FACE_BOUND('',#2580,.T.);
#2580 = EDGE_LOOP('',(#2581,#2589,#2590,#2591));
#2581 = ORIENTED_EDGE('',*,*,#2582,.F.);
#2582 = EDGE_CURVE('',#669,#2583,#2585,.T.);
#2583 = VERTEX_POINT('',#2584);
#2584 = CARTESIAN_POINT('',(-30.,-25.,0.4));
#2585 = LINE('',#2586,#2587);
#2586 = CARTESIAN_POINT('',(-29.8,-25.,0.2));
#2587 = VECTOR('',#2588,1.);
#2588 = DIRECTION('',(-0.707106781187,-3.1E-16,0.707106781187));
#2589 = ORIENTED_EDGE('',*,*,#668,.T.);
#2590 = ORIENTED_EDGE('',*,*,#2534,.T.);
#2591 = ORIENTED_EDGE('',*,*,#2592,.F.);
#2592 = EDGE_CURVE('',#2583,#2535,#2593,.T.);
#2593 = CIRCLE('',#2594,5.);
#2594 = AXIS2_PLACEMENT_3D('',#2595,#2596,#2597);
#2595 = CARTESIAN_POINT('',(-25.,-25.,0.4));
#2596 = DIRECTION('',(0.,-2.2E-16,1.));
#2597 = DIRECTION('',(-1.,-0.,0.));
#2598 = CONICAL_SURFACE('',#2599,5.,0.785398163397);
#2599 = AXIS2_PLACEMENT_3D('',#2600,#2601,#2602);
#2600 = CARTESIAN_POINT('',(-25.,-25.,0.4));
#2601 = DIRECTION('',(0.,-2.2E-16,1.));
#2602 = DIRECTION('',(-1.,-0.,0.));
#2603 = ADVANCED_FACE('',(#2604),#2623,.T.);
#2604 = FACE_BOUND('',#2605,.T.);
#2605 = EDGE_LOOP('',(#2606,#2607,#2608,#2616));
#2606 = ORIENTED_EDGE('',*,*,#2560,.F.);
#2607 = ORIENTED_EDGE('',*,*,#685,.T.);
#2608 = ORIENTED_EDGE('',*,*,#2609,.T.);
#2609 = EDGE_CURVE('',#678,#2610,#2612,.T.);
#2610 = VERTEX_POINT('',#2611);
#2611 = CARTESIAN_POINT('',(-30.,25.,0.4));
#2612 = LINE('',#2613,#2614);
#2613 = CARTESIAN_POINT('',(-30.,25.,0.4));
#2614 = VECTOR('',#2615,1.);
#2615 = DIRECTION('',(-0.707106781187,-1.1E-16,0.707106781187));
#2616 = ORIENTED_EDGE('',*,*,#2617,.F.);
#2617 = EDGE_CURVE('',#2561,#2610,#2618,.T.);
#2618 = CIRCLE('',#2619,5.);
#2619 = AXIS2_PLACEMENT_3D('',#2620,#2621,#2622);
#2620 = CARTESIAN_POINT('',(-25.,25.,0.4));
#2621 = DIRECTION('',(0.,-2.2E-16,1.));
#2622 = DIRECTION('',(0.,1.,2.2E-16));
#2623 = CONICAL_SURFACE('',#2624,5.,0.785398163397);
#2624 = AXIS2_PLACEMENT_3D('',#2625,#2626,#2627);
#2625 = CARTESIAN_POINT('',(-25.,25.,0.4));
#2626 = DIRECTION('',(0.,-2.2E-16,1.));
#2627 = DIRECTION('',(0.,1.,2.2E-16));
#2628 = ADVANCED_FACE('',(#2629),#2640,.T.);
#2629 = FACE_BOUND('',#2630,.T.);
#2630 = EDGE_LOOP('',(#2631,#2632,#2633,#2634));
#2631 = ORIENTED_EDGE('',*,*,#2609,.F.);
#2632 = ORIENTED_EDGE('',*,*,#677,.T.);
#2633 = ORIENTED_EDGE('',*,*,#2582,.T.);
#2634 = ORIENTED_EDGE('',*,*,#2635,.F.);
#2635 = EDGE_CURVE('',#2610,#2583,#2636,.T.);
#2636 = LINE('',#2637,#2638);
#2637 = CARTESIAN_POINT('',(-30.,25.,0.4));
#2638 = VECTOR('',#2639,1.);
#2639 = DIRECTION('',(-0.,-1.,-4.4E-16));
#2640 = PLANE('',#2641);
#2641 = AXIS2_PLACEMENT_3D('',#2642,#2643,#2644);
#2642 = CARTESIAN_POINT('',(-29.8,25.,0.2));
#2643 = DIRECTION('',(-0.707106781187,1.5E-16,-0.707106781187));
#2644 = DIRECTION('',(1.13933982822E-16,-1.,-3.26066017178E-16));
#2645 = ADVANCED_FACE('',(#2646),#2665,.F.);
#2646 = FACE_BOUND('',#2647,.T.);
#2647 = EDGE_LOOP('',(#2648,#2656,#2657,#2658));
#2648 = ORIENTED_EDGE('',*,*,#2649,.F.);
#2649 = EDGE_CURVE('',#718,#2650,#2652,.T.);
#2650 = VERTEX_POINT('',#2651);
#2651 = CARTESIAN_POINT('',(23.3,25.,1.));
#2652 = LINE('',#2653,#2654);
#2653 = CARTESIAN_POINT('',(23.3,25.,1.628E-14));
#2654 = VECTOR('',#2655,1.);
#2655 = DIRECTION('',(-2.2E-16,-4.4E-16,1.));
#2656 = ORIENTED_EDGE('',*,*,#727,.F.);
#2657 = ORIENTED_EDGE('',*,*,#2649,.T.);
#2658 = ORIENTED_EDGE('',*,*,#2659,.F.);
#2659 = EDGE_CURVE('',#2650,#2650,#2660,.T.);
#2660 = CIRCLE('',#2661,1.7);
#2661 = AXIS2_PLACEMENT_3D('',#2662,#2663,#2664);
#2662 = CARTESIAN_POINT('',(25.,25.,1.));
#2663 = DIRECTION('',(2.2E-16,4.4E-16,-1.));
#2664 = DIRECTION('',(-1.,-2.2E-16,-2.2E-16));
#2665 = CYLINDRICAL_SURFACE('',#2666,1.7);
#2666 = AXIS2_PLACEMENT_3D('',#2667,#2668,#2669);
#2667 = CARTESIAN_POINT('',(25.,25.,1.665E-14));
#2668 = DIRECTION('',(2.2E-16,4.4E-16,-1.));
#2669 = DIRECTION('',(-1.,-2.2E-16,-2.2E-16));
#2670 = ADVANCED_FACE('',(#2671),#2691,.F.);
#2671 = FACE_BOUND('',#2672,.T.);
#2672 = EDGE_LOOP('',(#2673,#2682,#2683,#2684));
#2673 = ORIENTED_EDGE('',*,*,#2674,.F.);
#2674 = EDGE_CURVE('',#743,#2675,#2677,.T.);
#2675 = VERTEX_POINT('',#2676);
#2676 = CARTESIAN_POINT('',(20.006828394727,-20.85513887711,2.));
#2677 = PARABOLA('',#2678,10.429770608744);
#2678 = AXIS2_PLACEMENT_3D('',#2679,#2680,#2681);
#2679 = CARTESIAN_POINT('',(-10.42977060874,-10.42977060874,
    -12.15007695267));
#2680 = DIRECTION('',(0.5,0.5,-0.707106781187));
#2681 = DIRECTION('',(0.5,0.5,0.707106781187));
#2682 = ORIENTED_EDGE('',*,*,#750,.T.);
#2683 = ORIENTED_EDGE('',*,*,#824,.T.);
#2684 = ORIENTED_EDGE('',*,*,#2685,.F.);
#2685 = EDGE_CURVE('',#2675,#825,#2686,.T.);
#2686 = CIRCLE('',#2687,28.9);
#2687 = AXIS2_PLACEMENT_3D('',#2688,#2689,#2690);
#2688 = CARTESIAN_POINT('',(9.14E-15,-1.022E-14,2.));
#2689 = DIRECTION('',(0.,-0.,-1.));
#2690 = DIRECTION('',(0.681864558878,-0.731478450364,0.));
#2691 = CONICAL_SURFACE('',#2692,28.5,0.785398163397);
#2692 = AXIS2_PLACEMENT_3D('',#2693,#2694,#2695);
#2693 = CARTESIAN_POINT('',(9.14E-15,-1.022E-14,1.6));
#2694 = DIRECTION('',(0.,0.,1.));
#2695 = DIRECTION('',(0.681864558878,-0.731478450364,0.));
#2696 = ADVANCED_FACE('',(#2697),#2716,.T.);
#2697 = FACE_BOUND('',#2698,.F.);
#2698 = EDGE_LOOP('',(#2699,#2700,#2701,#2710));
#2699 = ORIENTED_EDGE('',*,*,#2674,.F.);
#2700 = ORIENTED_EDGE('',*,*,#775,.T.);
#2701 = ORIENTED_EDGE('',*,*,#2702,.T.);
#2702 = EDGE_CURVE('',#776,#2703,#2705,.T.);
#2703 = VERTEX_POINT('',#2704);
#2704 = CARTESIAN_POINT('',(14.843460562569,-15.69177104496,2.));
#2705 = PARABOLA('',#2706,7.424675616217);
#2706 = AXIS2_PLACEMENT_3D('',#2707,#2708,#2709);
#2707 = CARTESIAN_POINT('',(7.424675616217,7.424675616217,
    13.099923047325));
#2708 = DIRECTION('',(0.5,0.5,-0.707106781187));
#2709 = DIRECTION('',(-0.5,-0.5,-0.707106781187));
#2710 = ORIENTED_EDGE('',*,*,#2711,.F.);
#2711 = EDGE_CURVE('',#2675,#2703,#2712,.T.);
#2712 = LINE('',#2713,#2714);
#2713 = CARTESIAN_POINT('',(19.715982640495,-20.56429312288,2.));
#2714 = VECTOR('',#2715,1.);
#2715 = DIRECTION('',(-0.707106781187,0.707106781187,-1.6E-16));
#2716 = PLANE('',#2717);
#2717 = AXIS2_PLACEMENT_3D('',#2718,#2719,#2720);
#2718 = CARTESIAN_POINT('',(19.574561284257,-20.70571447912,1.8));
#2719 = DIRECTION('',(-0.5,-0.5,0.707106781187));
#2720 = DIRECTION('',(0.707106781187,-0.707106781187,1.387778780781E-16)
  );
#2721 = ADVANCED_FACE('',(#2722),#2734,.T.);
#2722 = FACE_BOUND('',#2723,.F.);
#2723 = EDGE_LOOP('',(#2724,#2725,#2726,#2727));
#2724 = ORIENTED_EDGE('',*,*,#2702,.F.);
#2725 = ORIENTED_EDGE('',*,*,#799,.T.);
#2726 = ORIENTED_EDGE('',*,*,#857,.T.);
#2727 = ORIENTED_EDGE('',*,*,#2728,.F.);
#2728 = EDGE_CURVE('',#2703,#850,#2729,.T.);
#2729 = CIRCLE('',#2730,21.6);
#2730 = AXIS2_PLACEMENT_3D('',#2731,#2732,#2733);
#2731 = CARTESIAN_POINT('',(0.,0.,2.));
#2732 = DIRECTION('',(0.,-0.,-1.));
#2733 = DIRECTION('',(0.674239875713,-0.738512416956,0.));
#2734 = CONICAL_SURFACE('',#2735,22.,0.785398163397);
#2735 = AXIS2_PLACEMENT_3D('',#2736,#2737,#2738);
#2736 = CARTESIAN_POINT('',(0.,0.,1.6));
#2737 = DIRECTION('',(-0.,-0.,-1.));
#2738 = DIRECTION('',(0.674239875713,-0.738512416956,0.));
#2739 = ADVANCED_FACE('',(#2740,#2769,#2777,#2788,#2799,#2810,#2821,
    #2857,#2893,#2929,#2965,#3001,#3037,#3073,#3109,#3145,#3181,#3217,
    #3253,#3289,#3325),#3395,.T.);
#2740 = FACE_BOUND('',#2741,.T.);
#2741 = EDGE_LOOP('',(#2742,#2743,#2744,#2745,#2754,#2762));
#2742 = ORIENTED_EDGE('',*,*,#1765,.F.);
#2743 = ORIENTED_EDGE('',*,*,#1757,.F.);
#2744 = ORIENTED_EDGE('',*,*,#1749,.T.);
#2745 = ORIENTED_EDGE('',*,*,#2746,.F.);
#2746 = EDGE_CURVE('',#2747,#1741,#2749,.T.);
#2747 = VERTEX_POINT('',#2748);
#2748 = CARTESIAN_POINT('',(8.829227509526,-9.677537991918,2.));
#2749 = CIRCLE('',#2750,13.1);
#2750 = AXIS2_PLACEMENT_3D('',#2751,#2752,#2753);
#2751 = CARTESIAN_POINT('',(0.,0.,2.));
#2752 = DIRECTION('',(0.,-0.,-1.));
#2753 = DIRECTION('',(0.65279455641,-0.757534993991,0.));
#2754 = ORIENTED_EDGE('',*,*,#2755,.T.);
#2755 = EDGE_CURVE('',#2747,#2756,#2758,.T.);
#2756 = VERTEX_POINT('',#2757);
#2757 = CARTESIAN_POINT('',(13.994585769425,-14.84289625181,2.));
#2758 = LINE('',#2759,#2760);
#2759 = CARTESIAN_POINT('',(9.095569224013,-9.943879706405,2.));
#2760 = VECTOR('',#2761,1.);
#2761 = DIRECTION('',(0.707106781187,-0.707106781187,1.6E-16));
#2762 = ORIENTED_EDGE('',*,*,#2763,.T.);
#2763 = EDGE_CURVE('',#2756,#1766,#2764,.T.);
#2764 = CIRCLE('',#2765,20.4);
#2765 = AXIS2_PLACEMENT_3D('',#2766,#2767,#2768);
#2766 = CARTESIAN_POINT('',(1.36E-15,-3.48E-15,2.));
#2767 = DIRECTION('',(0.,-0.,-1.));
#2768 = DIRECTION('',(0.670872719296,-0.741572514663,0.));
#2769 = FACE_BOUND('',#2770,.T.);
#2770 = EDGE_LOOP('',(#2771,#2772,#2773,#2774,#2775,#2776));
#2771 = ORIENTED_EDGE('',*,*,#833,.F.);
#2772 = ORIENTED_EDGE('',*,*,#841,.T.);
#2773 = ORIENTED_EDGE('',*,*,#849,.T.);
#2774 = ORIENTED_EDGE('',*,*,#2728,.F.);
#2775 = ORIENTED_EDGE('',*,*,#2711,.F.);
#2776 = ORIENTED_EDGE('',*,*,#2685,.T.);
#2777 = FACE_BOUND('',#2778,.T.);
#2778 = EDGE_LOOP('',(#2779));
#2779 = ORIENTED_EDGE('',*,*,#2780,.F.);
#2780 = EDGE_CURVE('',#2781,#2781,#2783,.T.);
#2781 = VERTEX_POINT('',#2782);
#2782 = CARTESIAN_POINT('',(21.6,25.,2.));
#2783 = CIRCLE('',#2784,3.4);
#2784 = AXIS2_PLACEMENT_3D('',#2785,#2786,#2787);
#2785 = CARTESIAN_POINT('',(25.,25.,2.));
#2786 = DIRECTION('',(0.,0.,1.));
#2787 = DIRECTION('',(-1.,0.,0.));
#2788 = FACE_BOUND('',#2789,.T.);
#2789 = EDGE_LOOP('',(#2790));
#2790 = ORIENTED_EDGE('',*,*,#2791,.T.);
#2791 = EDGE_CURVE('',#2792,#2792,#2794,.T.);
#2792 = VERTEX_POINT('',#2793);
#2793 = CARTESIAN_POINT('',(21.6,-25.,2.));
#2794 = CIRCLE('',#2795,3.4);
#2795 = AXIS2_PLACEMENT_3D('',#2796,#2797,#2798);
#2796 = CARTESIAN_POINT('',(25.,-25.,2.));
#2797 = DIRECTION('',(0.,0.,-1.));
#2798 = DIRECTION('',(-1.,0.,0.));
#2799 = FACE_BOUND('',#2800,.T.);
#2800 = EDGE_LOOP('',(#2801));
#2801 = ORIENTED_EDGE('',*,*,#2802,.F.);
#2802 = EDGE_CURVE('',#2803,#2803,#2805,.T.);
#2803 = VERTEX_POINT('',#2804);
#2804 = CARTESIAN_POINT('',(-21.6,-25.,2.));
#2805 = CIRCLE('',#2806,3.4);
#2806 = AXIS2_PLACEMENT_3D('',#2807,#2808,#2809);
#2807 = CARTESIAN_POINT('',(-25.,-25.,2.));
#2808 = DIRECTION('',(0.,0.,1.));
#2809 = DIRECTION('',(1.,0.,0.));
#2810 = FACE_BOUND('',#2811,.T.);
#2811 = EDGE_LOOP('',(#2812));
#2812 = ORIENTED_EDGE('',*,*,#2813,.T.);
#2813 = EDGE_CURVE('',#2814,#2814,#2816,.T.);
#2814 = VERTEX_POINT('',#2815);
#2815 = CARTESIAN_POINT('',(-21.6,25.,2.));
#2816 = CIRCLE('',#2817,3.4);
#2817 = AXIS2_PLACEMENT_3D('',#2818,#2819,#2820);
#2818 = CARTESIAN_POINT('',(-25.,25.,2.));
#2819 = DIRECTION('',(0.,0.,-1.));
#2820 = DIRECTION('',(1.,0.,0.));
#2821 = FACE_BOUND('',#2822,.T.);
#2822 = EDGE_LOOP('',(#2823,#2834,#2842,#2851));
#2823 = ORIENTED_EDGE('',*,*,#2824,.T.);
#2824 = EDGE_CURVE('',#2825,#2827,#2829,.T.);
#2825 = VERTEX_POINT('',#2826);
#2826 = CARTESIAN_POINT('',(-20.00682839472,20.855138877119,2.));
#2827 = VERTEX_POINT('',#2828);
#2828 = CARTESIAN_POINT('',(-0.6,28.893770955,2.));
#2829 = CIRCLE('',#2830,28.9);
#2830 = AXIS2_PLACEMENT_3D('',#2831,#2832,#2833);
#2831 = CARTESIAN_POINT('',(-9.14E-15,1.022E-14,2.));
#2832 = DIRECTION('',(0.,0.,-1.));
#2833 = DIRECTION('',(-0.681864558878,0.731478450364,0.));
#2834 = ORIENTED_EDGE('',*,*,#2835,.T.);
#2835 = EDGE_CURVE('',#2827,#2836,#2838,.T.);
#2836 = VERTEX_POINT('',#2837);
#2837 = CARTESIAN_POINT('',(-0.6,21.591665058536,2.));
#2838 = LINE('',#2839,#2840);
#2839 = CARTESIAN_POINT('',(-0.6,28.482450737252,2.));
#2840 = VECTOR('',#2841,1.);
#2841 = DIRECTION('',(-0.,-1.,-4.4E-16));
#2842 = ORIENTED_EDGE('',*,*,#2843,.F.);
#2843 = EDGE_CURVE('',#2844,#2836,#2846,.T.);
#2844 = VERTEX_POINT('',#2845);
#2845 = CARTESIAN_POINT('',(-14.84346056256,15.691771044961,2.));
#2846 = CIRCLE('',#2847,21.6);
#2847 = AXIS2_PLACEMENT_3D('',#2848,#2849,#2850);
#2848 = CARTESIAN_POINT('',(0.,0.,2.));
#2849 = DIRECTION('',(0.,0.,-1.));
#2850 = DIRECTION('',(-0.674239875713,0.738512416956,0.));
#2851 = ORIENTED_EDGE('',*,*,#2852,.F.);
#2852 = EDGE_CURVE('',#2825,#2844,#2853,.T.);
#2853 = LINE('',#2854,#2855);
#2854 = CARTESIAN_POINT('',(-19.71598264049,20.564293122886,2.));
#2855 = VECTOR('',#2856,1.);
#2856 = DIRECTION('',(0.707106781187,-0.707106781187,-3.1E-16));
#2857 = FACE_BOUND('',#2858,.T.);
#2858 = EDGE_LOOP('',(#2859,#2870,#2878,#2887));
#2859 = ORIENTED_EDGE('',*,*,#2860,.F.);
#2860 = EDGE_CURVE('',#2861,#2863,#2865,.T.);
#2861 = VERTEX_POINT('',#2862);
#2862 = CARTESIAN_POINT('',(20.006828394727,20.855138877119,2.));
#2863 = VERTEX_POINT('',#2864);
#2864 = CARTESIAN_POINT('',(0.6,28.893770955,2.));
#2865 = CIRCLE('',#2866,28.9);
#2866 = AXIS2_PLACEMENT_3D('',#2867,#2868,#2869);
#2867 = CARTESIAN_POINT('',(9.14E-15,1.022E-14,2.));
#2868 = DIRECTION('',(0.,-0.,1.));
#2869 = DIRECTION('',(0.681864558878,0.731478450364,0.));
#2870 = ORIENTED_EDGE('',*,*,#2871,.T.);
#2871 = EDGE_CURVE('',#2861,#2872,#2874,.T.);
#2872 = VERTEX_POINT('',#2873);
#2873 = CARTESIAN_POINT('',(14.843460562569,15.691771044961,2.));
#2874 = LINE('',#2875,#2876);
#2875 = CARTESIAN_POINT('',(19.715982640495,20.564293122886,2.));
#2876 = VECTOR('',#2877,1.);
#2877 = DIRECTION('',(-0.707106781187,-0.707106781187,-4.7E-16));
#2878 = ORIENTED_EDGE('',*,*,#2879,.T.);
#2879 = EDGE_CURVE('',#2872,#2880,#2882,.T.);
#2880 = VERTEX_POINT('',#2881);
#2881 = CARTESIAN_POINT('',(0.6,21.591665058536,2.));
#2882 = CIRCLE('',#2883,21.6);
#2883 = AXIS2_PLACEMENT_3D('',#2884,#2885,#2886);
#2884 = CARTESIAN_POINT('',(0.,0.,2.));
#2885 = DIRECTION('',(0.,-0.,1.));
#2886 = DIRECTION('',(0.674239875713,0.738512416956,0.));
#2887 = ORIENTED_EDGE('',*,*,#2888,.F.);
#2888 = EDGE_CURVE('',#2863,#2880,#2889,.T.);
#2889 = LINE('',#2890,#2891);
#2890 = CARTESIAN_POINT('',(0.6,28.482450737252,2.));
#2891 = VECTOR('',#2892,1.);
#2892 = DIRECTION('',(2.2E-16,-1.,-4.4E-16));
#2893 = FACE_BOUND('',#2894,.T.);
#2894 = EDGE_LOOP('',(#2895,#2906,#2914,#2923));
#2895 = ORIENTED_EDGE('',*,*,#2896,.F.);
#2896 = EDGE_CURVE('',#2897,#2899,#2901,.T.);
#2897 = VERTEX_POINT('',#2898);
#2898 = CARTESIAN_POINT('',(28.893770955,0.6,2.));
#2899 = VERTEX_POINT('',#2900);
#2900 = CARTESIAN_POINT('',(20.855138877119,20.006828394727,2.));
#2901 = CIRCLE('',#2902,28.9);
#2902 = AXIS2_PLACEMENT_3D('',#2903,#2904,#2905);
#2903 = CARTESIAN_POINT('',(9.14E-15,1.022E-14,2.));
#2904 = DIRECTION('',(0.,-0.,1.));
#2905 = DIRECTION('',(0.999384236395,3.508771929825E-02,0.));
#2906 = ORIENTED_EDGE('',*,*,#2907,.T.);
#2907 = EDGE_CURVE('',#2897,#2908,#2910,.T.);
#2908 = VERTEX_POINT('',#2909);
#2909 = CARTESIAN_POINT('',(21.591665058536,0.6,2.));
#2910 = LINE('',#2911,#2912);
#2911 = CARTESIAN_POINT('',(28.482450737252,0.6,2.));
#2912 = VECTOR('',#2913,1.);
#2913 = DIRECTION('',(-1.,-4.1E-16,-2.2E-16));
#2914 = ORIENTED_EDGE('',*,*,#2915,.T.);
#2915 = EDGE_CURVE('',#2908,#2916,#2918,.T.);
#2916 = VERTEX_POINT('',#2917);
#2917 = CARTESIAN_POINT('',(15.691771044961,14.843460562569,2.));
#2918 = CIRCLE('',#2919,21.6);
#2919 = AXIS2_PLACEMENT_3D('',#2920,#2921,#2922);
#2920 = CARTESIAN_POINT('',(0.,0.,2.));
#2921 = DIRECTION('',(0.,-0.,1.));
#2922 = DIRECTION('',(0.998966407993,4.545454545455E-02,0.));
#2923 = ORIENTED_EDGE('',*,*,#2924,.F.);
#2924 = EDGE_CURVE('',#2899,#2916,#2925,.T.);
#2925 = LINE('',#2926,#2927);
#2926 = CARTESIAN_POINT('',(20.564293122886,19.715982640495,2.));
#2927 = VECTOR('',#2928,1.);
#2928 = DIRECTION('',(-0.707106781187,-0.707106781187,-4.7E-16));
#2929 = FACE_BOUND('',#2930,.T.);
#2930 = EDGE_LOOP('',(#2931,#2942,#2950,#2959));
#2931 = ORIENTED_EDGE('',*,*,#2932,.T.);
#2932 = EDGE_CURVE('',#2933,#2935,#2937,.T.);
#2933 = VERTEX_POINT('',#2934);
#2934 = CARTESIAN_POINT('',(28.893770955,-0.6,2.));
#2935 = VERTEX_POINT('',#2936);
#2936 = CARTESIAN_POINT('',(20.855138877119,-20.00682839472,2.));
#2937 = CIRCLE('',#2938,28.9);
#2938 = AXIS2_PLACEMENT_3D('',#2939,#2940,#2941);
#2939 = CARTESIAN_POINT('',(9.14E-15,-1.022E-14,2.));
#2940 = DIRECTION('',(0.,-0.,-1.));
#2941 = DIRECTION('',(0.999384236395,-3.508771929825E-02,0.));
#2942 = ORIENTED_EDGE('',*,*,#2943,.T.);
#2943 = EDGE_CURVE('',#2935,#2944,#2946,.T.);
#2944 = VERTEX_POINT('',#2945);
#2945 = CARTESIAN_POINT('',(15.691771044961,-14.84346056256,2.));
#2946 = LINE('',#2947,#2948);
#2947 = CARTESIAN_POINT('',(20.564293122886,-19.71598264049,2.));
#2948 = VECTOR('',#2949,1.);
#2949 = DIRECTION('',(-0.707106781187,0.707106781187,-1.6E-16));
#2950 = ORIENTED_EDGE('',*,*,#2951,.F.);
#2951 = EDGE_CURVE('',#2952,#2944,#2954,.T.);
#2952 = VERTEX_POINT('',#2953);
#2953 = CARTESIAN_POINT('',(21.591665058536,-0.6,2.));
#2954 = CIRCLE('',#2955,21.6);
#2955 = AXIS2_PLACEMENT_3D('',#2956,#2957,#2958);
#2956 = CARTESIAN_POINT('',(0.,0.,2.));
#2957 = DIRECTION('',(0.,-0.,-1.));
#2958 = DIRECTION('',(0.998966407993,-4.545454545455E-02,0.));
#2959 = ORIENTED_EDGE('',*,*,#2960,.F.);
#2960 = EDGE_CURVE('',#2933,#2952,#2961,.T.);
#2961 = LINE('',#2962,#2963);
#2962 = CARTESIAN_POINT('',(28.482450737252,-0.6,2.));
#2963 = VECTOR('',#2964,1.);
#2964 = DIRECTION('',(-1.,4.1E-16,-2.2E-16));
#2965 = FACE_BOUND('',#2966,.T.);
#2966 = EDGE_LOOP('',(#2967,#2978,#2986,#2995));
#2967 = ORIENTED_EDGE('',*,*,#2968,.F.);
#2968 = EDGE_CURVE('',#2969,#2971,#2973,.T.);
#2969 = VERTEX_POINT('',#2970);
#2970 = CARTESIAN_POINT('',(-20.00682839472,-20.85513887711,2.));
#2971 = VERTEX_POINT('',#2972);
#2972 = CARTESIAN_POINT('',(-0.6,-28.893770955,2.));
#2973 = CIRCLE('',#2974,28.9);
#2974 = AXIS2_PLACEMENT_3D('',#2975,#2976,#2977);
#2975 = CARTESIAN_POINT('',(-9.14E-15,-1.022E-14,2.));
#2976 = DIRECTION('',(0.,0.,1.));
#2977 = DIRECTION('',(-0.681864558878,-0.731478450364,0.));
#2978 = ORIENTED_EDGE('',*,*,#2979,.T.);
#2979 = EDGE_CURVE('',#2969,#2980,#2982,.T.);
#2980 = VERTEX_POINT('',#2981);
#2981 = CARTESIAN_POINT('',(-14.84346056256,-15.69177104496,2.));
#2982 = LINE('',#2983,#2984);
#2983 = CARTESIAN_POINT('',(-19.71598264049,-20.56429312288,2.));
#2984 = VECTOR('',#2985,1.);
#2985 = DIRECTION('',(0.707106781187,0.707106781187,0.));
#2986 = ORIENTED_EDGE('',*,*,#2987,.T.);
#2987 = EDGE_CURVE('',#2980,#2988,#2990,.T.);
#2988 = VERTEX_POINT('',#2989);
#2989 = CARTESIAN_POINT('',(-0.6,-21.59166505853,2.));
#2990 = CIRCLE('',#2991,21.6);
#2991 = AXIS2_PLACEMENT_3D('',#2992,#2993,#2994);
#2992 = CARTESIAN_POINT('',(0.,0.,2.));
#2993 = DIRECTION('',(0.,0.,1.));
#2994 = DIRECTION('',(-0.674239875713,-0.738512416956,0.));
#2995 = ORIENTED_EDGE('',*,*,#2996,.F.);
#2996 = EDGE_CURVE('',#2971,#2988,#2997,.T.);
#2997 = LINE('',#2998,#2999);
#2998 = CARTESIAN_POINT('',(-0.6,-28.48245073725,2.));
#2999 = VECTOR('',#3000,1.);
#3000 = DIRECTION('',(0.,1.,0.));
#3001 = FACE_BOUND('',#3002,.T.);
#3002 = EDGE_LOOP('',(#3003,#3014,#3022,#3031));
#3003 = ORIENTED_EDGE('',*,*,#3004,.F.);
#3004 = EDGE_CURVE('',#3005,#3007,#3009,.T.);
#3005 = VERTEX_POINT('',#3006);
#3006 = CARTESIAN_POINT('',(-28.893770955,-0.6,2.));
#3007 = VERTEX_POINT('',#3008);
#3008 = CARTESIAN_POINT('',(-20.85513887711,-20.00682839472,2.));
#3009 = CIRCLE('',#3010,28.9);
#3010 = AXIS2_PLACEMENT_3D('',#3011,#3012,#3013);
#3011 = CARTESIAN_POINT('',(-9.14E-15,-1.022E-14,2.));
#3012 = DIRECTION('',(0.,0.,1.));
#3013 = DIRECTION('',(-0.999384236395,-3.508771929825E-02,0.));
#3014 = ORIENTED_EDGE('',*,*,#3015,.T.);
#3015 = EDGE_CURVE('',#3005,#3016,#3018,.T.);
#3016 = VERTEX_POINT('',#3017);
#3017 = CARTESIAN_POINT('',(-21.59166505853,-0.6,2.));
#3018 = LINE('',#3019,#3020);
#3019 = CARTESIAN_POINT('',(-28.48245073725,-0.6,2.));
#3020 = VECTOR('',#3021,1.);
#3021 = DIRECTION('',(1.,1.9E-16,0.));
#3022 = ORIENTED_EDGE('',*,*,#3023,.T.);
#3023 = EDGE_CURVE('',#3016,#3024,#3026,.T.);
#3024 = VERTEX_POINT('',#3025);
#3025 = CARTESIAN_POINT('',(-15.69177104496,-14.84346056256,2.));
#3026 = CIRCLE('',#3027,21.6);
#3027 = AXIS2_PLACEMENT_3D('',#3028,#3029,#3030);
#3028 = CARTESIAN_POINT('',(0.,0.,2.));
#3029 = DIRECTION('',(0.,0.,1.));
#3030 = DIRECTION('',(-0.998966407993,-4.545454545455E-02,0.));
#3031 = ORIENTED_EDGE('',*,*,#3032,.F.);
#3032 = EDGE_CURVE('',#3007,#3024,#3033,.T.);
#3033 = LINE('',#3034,#3035);
#3034 = CARTESIAN_POINT('',(-20.56429312288,-19.71598264049,2.));
#3035 = VECTOR('',#3036,1.);
#3036 = DIRECTION('',(0.707106781187,0.707106781187,0.));
#3037 = FACE_BOUND('',#3038,.T.);
#3038 = EDGE_LOOP('',(#3039,#3050,#3058,#3067));
#3039 = ORIENTED_EDGE('',*,*,#3040,.T.);
#3040 = EDGE_CURVE('',#3041,#3043,#3045,.T.);
#3041 = VERTEX_POINT('',#3042);
#3042 = CARTESIAN_POINT('',(-28.893770955,0.6,2.));
#3043 = VERTEX_POINT('',#3044);
#3044 = CARTESIAN_POINT('',(-20.85513887711,20.006828394727,2.));
#3045 = CIRCLE('',#3046,28.9);
#3046 = AXIS2_PLACEMENT_3D('',#3047,#3048,#3049);
#3047 = CARTESIAN_POINT('',(-9.14E-15,1.022E-14,2.));
#3048 = DIRECTION('',(0.,0.,-1.));
#3049 = DIRECTION('',(-0.999384236395,3.508771929825E-02,0.));
#3050 = ORIENTED_EDGE('',*,*,#3051,.T.);
#3051 = EDGE_CURVE('',#3043,#3052,#3054,.T.);
#3052 = VERTEX_POINT('',#3053);
#3053 = CARTESIAN_POINT('',(-15.69177104496,14.843460562569,2.));
#3054 = LINE('',#3055,#3056);
#3055 = CARTESIAN_POINT('',(-20.56429312288,19.715982640495,2.));
#3056 = VECTOR('',#3057,1.);
#3057 = DIRECTION('',(0.707106781187,-0.707106781187,-3.1E-16));
#3058 = ORIENTED_EDGE('',*,*,#3059,.F.);
#3059 = EDGE_CURVE('',#3060,#3052,#3062,.T.);
#3060 = VERTEX_POINT('',#3061);
#3061 = CARTESIAN_POINT('',(-21.59166505853,0.6,2.));
#3062 = CIRCLE('',#3063,21.6);
#3063 = AXIS2_PLACEMENT_3D('',#3064,#3065,#3066);
#3064 = CARTESIAN_POINT('',(0.,0.,2.));
#3065 = DIRECTION('',(0.,0.,-1.));
#3066 = DIRECTION('',(-0.998966407993,4.545454545455E-02,0.));
#3067 = ORIENTED_EDGE('',*,*,#3068,.F.);
#3068 = EDGE_CURVE('',#3041,#3060,#3069,.T.);
#3069 = LINE('',#3070,#3071);
#3070 = CARTESIAN_POINT('',(-28.48245073725,0.6,2.));
#3071 = VECTOR('',#3072,1.);
#3072 = DIRECTION('',(1.,-1.9E-16,0.));
#3073 = FACE_BOUND('',#3074,.T.);
#3074 = EDGE_LOOP('',(#3075,#3086,#3094,#3103));
#3075 = ORIENTED_EDGE('',*,*,#3076,.F.);
#3076 = EDGE_CURVE('',#3077,#3079,#3081,.T.);
#3077 = VERTEX_POINT('',#3078);
#3078 = CARTESIAN_POINT('',(20.39117456156,0.6,2.));
#3079 = VERTEX_POINT('',#3080);
#3080 = CARTESIAN_POINT('',(14.842896251817,13.994585769425,2.));
#3081 = CIRCLE('',#3082,20.4);
#3082 = AXIS2_PLACEMENT_3D('',#3083,#3084,#3085);
#3083 = CARTESIAN_POINT('',(0.,0.,2.));
#3084 = DIRECTION('',(0.,-0.,1.));
#3085 = DIRECTION('',(0.998749217772,5.E-02,0.));
#3086 = ORIENTED_EDGE('',*,*,#3087,.T.);
#3087 = EDGE_CURVE('',#3077,#3088,#3090,.T.);
#3088 = VERTEX_POINT('',#3089);
#3089 = CARTESIAN_POINT('',(13.086252328302,0.6,2.));
#3090 = LINE('',#3091,#3092);
#3091 = CARTESIAN_POINT('',(19.974984355438,0.6,2.));
#3092 = VECTOR('',#3093,1.);
#3093 = DIRECTION('',(-1.,-6.E-16,-2.2E-16));
#3094 = ORIENTED_EDGE('',*,*,#3095,.T.);
#3095 = EDGE_CURVE('',#3088,#3096,#3098,.T.);
#3096 = VERTEX_POINT('',#3097);
#3097 = CARTESIAN_POINT('',(9.677537991918,8.829227509526,2.));
#3098 = CIRCLE('',#3099,13.1);
#3099 = AXIS2_PLACEMENT_3D('',#3100,#3101,#3102);
#3100 = CARTESIAN_POINT('',(1.36E-15,3.48E-15,2.));
#3101 = DIRECTION('',(0.,-0.,1.));
#3102 = DIRECTION('',(0.997252742062,7.407407407407E-02,0.));
#3103 = ORIENTED_EDGE('',*,*,#3104,.T.);
#3104 = EDGE_CURVE('',#3096,#3079,#3105,.T.);
#3105 = LINE('',#3106,#3107);
#3106 = CARTESIAN_POINT('',(9.943879706405,9.095569224013,2.));
#3107 = VECTOR('',#3108,1.);
#3108 = DIRECTION('',(0.707106781187,0.707106781187,4.7E-16));
#3109 = FACE_BOUND('',#3110,.T.);
#3110 = EDGE_LOOP('',(#3111,#3122,#3130,#3139));
#3111 = ORIENTED_EDGE('',*,*,#3112,.T.);
#3112 = EDGE_CURVE('',#3113,#3115,#3117,.T.);
#3113 = VERTEX_POINT('',#3114);
#3114 = CARTESIAN_POINT('',(20.39117456156,-0.6,2.));
#3115 = VERTEX_POINT('',#3116);
#3116 = CARTESIAN_POINT('',(14.842896251817,-13.99458576942,2.));
#3117 = CIRCLE('',#3118,20.4);
#3118 = AXIS2_PLACEMENT_3D('',#3119,#3120,#3121);
#3119 = CARTESIAN_POINT('',(0.,0.,2.));
#3120 = DIRECTION('',(0.,-0.,-1.));
#3121 = DIRECTION('',(0.998749217772,-5.E-02,0.));
#3122 = ORIENTED_EDGE('',*,*,#3123,.F.);
#3123 = EDGE_CURVE('',#3124,#3115,#3126,.T.);
#3124 = VERTEX_POINT('',#3125);
#3125 = CARTESIAN_POINT('',(9.677537991918,-8.829227509526,2.));
#3126 = LINE('',#3127,#3128);
#3127 = CARTESIAN_POINT('',(9.943879706405,-9.095569224013,2.));
#3128 = VECTOR('',#3129,1.);
#3129 = DIRECTION('',(0.707106781187,-0.707106781187,1.6E-16));
#3130 = ORIENTED_EDGE('',*,*,#3131,.F.);
#3131 = EDGE_CURVE('',#3132,#3124,#3134,.T.);
#3132 = VERTEX_POINT('',#3133);
#3133 = CARTESIAN_POINT('',(13.086252328302,-0.6,2.));
#3134 = CIRCLE('',#3135,13.1);
#3135 = AXIS2_PLACEMENT_3D('',#3136,#3137,#3138);
#3136 = CARTESIAN_POINT('',(1.36E-15,-3.48E-15,2.));
#3137 = DIRECTION('',(0.,-0.,-1.));
#3138 = DIRECTION('',(0.997252742062,-7.407407407407E-02,0.));
#3139 = ORIENTED_EDGE('',*,*,#3140,.F.);
#3140 = EDGE_CURVE('',#3113,#3132,#3141,.T.);
#3141 = LINE('',#3142,#3143);
#3142 = CARTESIAN_POINT('',(19.974984355438,-0.6,2.));
#3143 = VECTOR('',#3144,1.);
#3144 = DIRECTION('',(-1.,6.E-16,-2.2E-16));
#3145 = FACE_BOUND('',#3146,.T.);
#3146 = EDGE_LOOP('',(#3147,#3158,#3166,#3175));
#3147 = ORIENTED_EDGE('',*,*,#3148,.F.);
#3148 = EDGE_CURVE('',#3149,#3151,#3153,.T.);
#3149 = VERTEX_POINT('',#3150);
#3150 = CARTESIAN_POINT('',(-13.99458576942,-14.84289625181,2.));
#3151 = VERTEX_POINT('',#3152);
#3152 = CARTESIAN_POINT('',(-0.6,-20.39117456156,2.));
#3153 = CIRCLE('',#3154,20.4);
#3154 = AXIS2_PLACEMENT_3D('',#3155,#3156,#3157);
#3155 = CARTESIAN_POINT('',(-1.36E-15,-3.48E-15,2.));
#3156 = DIRECTION('',(0.,0.,1.));
#3157 = DIRECTION('',(-0.670872719296,-0.741572514663,0.));
#3158 = ORIENTED_EDGE('',*,*,#3159,.F.);
#3159 = EDGE_CURVE('',#3160,#3149,#3162,.T.);
#3160 = VERTEX_POINT('',#3161);
#3161 = CARTESIAN_POINT('',(-8.829227509526,-9.677537991918,2.));
#3162 = LINE('',#3163,#3164);
#3163 = CARTESIAN_POINT('',(-9.095569224013,-9.943879706405,2.));
#3164 = VECTOR('',#3165,1.);
#3165 = DIRECTION('',(-0.707106781187,-0.707106781187,0.));
#3166 = ORIENTED_EDGE('',*,*,#3167,.T.);
#3167 = EDGE_CURVE('',#3160,#3168,#3170,.T.);
#3168 = VERTEX_POINT('',#3169);
#3169 = CARTESIAN_POINT('',(-0.6,-13.0862523283,2.));
#3170 = CIRCLE('',#3171,13.1);
#3171 = AXIS2_PLACEMENT_3D('',#3172,#3173,#3174);
#3172 = CARTESIAN_POINT('',(0.,0.,2.));
#3173 = DIRECTION('',(0.,0.,1.));
#3174 = DIRECTION('',(-0.65279455641,-0.757534993991,0.));
#3175 = ORIENTED_EDGE('',*,*,#3176,.T.);
#3176 = EDGE_CURVE('',#3168,#3151,#3177,.T.);
#3177 = LINE('',#3178,#3179);
#3178 = CARTESIAN_POINT('',(-0.6,-13.46291201783,2.));
#3179 = VECTOR('',#3180,1.);
#3180 = DIRECTION('',(1.16E-15,-1.,0.));
#3181 = FACE_BOUND('',#3182,.T.);
#3182 = EDGE_LOOP('',(#3183,#3194,#3202,#3211));
#3183 = ORIENTED_EDGE('',*,*,#3184,.F.);
#3184 = EDGE_CURVE('',#3185,#3187,#3189,.T.);
#3185 = VERTEX_POINT('',#3186);
#3186 = CARTESIAN_POINT('',(-20.39117456156,-0.6,2.));
#3187 = VERTEX_POINT('',#3188);
#3188 = CARTESIAN_POINT('',(-14.84289625181,-13.99458576942,2.));
#3189 = CIRCLE('',#3190,20.4);
#3190 = AXIS2_PLACEMENT_3D('',#3191,#3192,#3193);
#3191 = CARTESIAN_POINT('',(0.,0.,2.));
#3192 = DIRECTION('',(0.,0.,1.));
#3193 = DIRECTION('',(-0.998749217772,-5.E-02,0.));
#3194 = ORIENTED_EDGE('',*,*,#3195,.T.);
#3195 = EDGE_CURVE('',#3185,#3196,#3198,.T.);
#3196 = VERTEX_POINT('',#3197);
#3197 = CARTESIAN_POINT('',(-13.0862523283,-0.6,2.));
#3198 = LINE('',#3199,#3200);
#3199 = CARTESIAN_POINT('',(-19.97498435543,-0.6,2.));
#3200 = VECTOR('',#3201,1.);
#3201 = DIRECTION('',(1.,3.8E-16,0.));
#3202 = ORIENTED_EDGE('',*,*,#3203,.T.);
#3203 = EDGE_CURVE('',#3196,#3204,#3206,.T.);
#3204 = VERTEX_POINT('',#3205);
#3205 = CARTESIAN_POINT('',(-9.677537991918,-8.829227509526,2.));
#3206 = CIRCLE('',#3207,13.1);
#3207 = AXIS2_PLACEMENT_3D('',#3208,#3209,#3210);
#3208 = CARTESIAN_POINT('',(-1.36E-15,-3.48E-15,2.));
#3209 = DIRECTION('',(0.,0.,1.));
#3210 = DIRECTION('',(-0.997252742062,-7.407407407407E-02,0.));
#3211 = ORIENTED_EDGE('',*,*,#3212,.T.);
#3212 = EDGE_CURVE('',#3204,#3187,#3213,.T.);
#3213 = LINE('',#3214,#3215);
#3214 = CARTESIAN_POINT('',(-9.943879706405,-9.095569224013,2.));
#3215 = VECTOR('',#3216,1.);
#3216 = DIRECTION('',(-0.707106781187,-0.707106781187,0.));
#3217 = FACE_BOUND('',#3218,.T.);
#3218 = EDGE_LOOP('',(#3219,#3230,#3238,#3247));
#3219 = ORIENTED_EDGE('',*,*,#3220,.T.);
#3220 = EDGE_CURVE('',#3221,#3223,#3225,.T.);
#3221 = VERTEX_POINT('',#3222);
#3222 = CARTESIAN_POINT('',(-20.39117456156,0.6,2.));
#3223 = VERTEX_POINT('',#3224);
#3224 = CARTESIAN_POINT('',(-14.84289625181,13.994585769425,2.));
#3225 = CIRCLE('',#3226,20.4);
#3226 = AXIS2_PLACEMENT_3D('',#3227,#3228,#3229);
#3227 = CARTESIAN_POINT('',(0.,0.,2.));
#3228 = DIRECTION('',(0.,0.,-1.));
#3229 = DIRECTION('',(-0.998749217772,5.E-02,0.));
#3230 = ORIENTED_EDGE('',*,*,#3231,.F.);
#3231 = EDGE_CURVE('',#3232,#3223,#3234,.T.);
#3232 = VERTEX_POINT('',#3233);
#3233 = CARTESIAN_POINT('',(-9.677537991918,8.829227509526,2.));
#3234 = LINE('',#3235,#3236);
#3235 = CARTESIAN_POINT('',(-9.943879706405,9.095569224013,2.));
#3236 = VECTOR('',#3237,1.);
#3237 = DIRECTION('',(-0.707106781187,0.707106781187,3.1E-16));
#3238 = ORIENTED_EDGE('',*,*,#3239,.F.);
#3239 = EDGE_CURVE('',#3240,#3232,#3242,.T.);
#3240 = VERTEX_POINT('',#3241);
#3241 = CARTESIAN_POINT('',(-13.0862523283,0.6,2.));
#3242 = CIRCLE('',#3243,13.1);
#3243 = AXIS2_PLACEMENT_3D('',#3244,#3245,#3246);
#3244 = CARTESIAN_POINT('',(-1.36E-15,3.48E-15,2.));
#3245 = DIRECTION('',(0.,0.,-1.));
#3246 = DIRECTION('',(-0.997252742062,7.407407407407E-02,0.));
#3247 = ORIENTED_EDGE('',*,*,#3248,.F.);
#3248 = EDGE_CURVE('',#3221,#3240,#3249,.T.);
#3249 = LINE('',#3250,#3251);
#3250 = CARTESIAN_POINT('',(-19.97498435543,0.6,2.));
#3251 = VECTOR('',#3252,1.);
#3252 = DIRECTION('',(1.,-3.8E-16,0.));
#3253 = FACE_BOUND('',#3254,.T.);
#3254 = EDGE_LOOP('',(#3255,#3266,#3274,#3283));
#3255 = ORIENTED_EDGE('',*,*,#3256,.T.);
#3256 = EDGE_CURVE('',#3257,#3259,#3261,.T.);
#3257 = VERTEX_POINT('',#3258);
#3258 = CARTESIAN_POINT('',(-13.99458576942,14.842896251817,2.));
#3259 = VERTEX_POINT('',#3260);
#3260 = CARTESIAN_POINT('',(-0.6,20.39117456156,2.));
#3261 = CIRCLE('',#3262,20.4);
#3262 = AXIS2_PLACEMENT_3D('',#3263,#3264,#3265);
#3263 = CARTESIAN_POINT('',(-1.36E-15,3.48E-15,2.));
#3264 = DIRECTION('',(0.,0.,-1.));
#3265 = DIRECTION('',(-0.670872719296,0.741572514663,0.));
#3266 = ORIENTED_EDGE('',*,*,#3267,.F.);
#3267 = EDGE_CURVE('',#3268,#3259,#3270,.T.);
#3268 = VERTEX_POINT('',#3269);
#3269 = CARTESIAN_POINT('',(-0.6,13.086252328302,2.));
#3270 = LINE('',#3271,#3272);
#3271 = CARTESIAN_POINT('',(-0.6,13.462912017836,2.));
#3272 = VECTOR('',#3273,1.);
#3273 = DIRECTION('',(1.16E-15,1.,4.4E-16));
#3274 = ORIENTED_EDGE('',*,*,#3275,.F.);
#3275 = EDGE_CURVE('',#3276,#3268,#3278,.T.);
#3276 = VERTEX_POINT('',#3277);
#3277 = CARTESIAN_POINT('',(-8.829227509526,9.677537991918,2.));
#3278 = CIRCLE('',#3279,13.1);
#3279 = AXIS2_PLACEMENT_3D('',#3280,#3281,#3282);
#3280 = CARTESIAN_POINT('',(0.,0.,2.));
#3281 = DIRECTION('',(0.,0.,-1.));
#3282 = DIRECTION('',(-0.65279455641,0.757534993991,0.));
#3283 = ORIENTED_EDGE('',*,*,#3284,.T.);
#3284 = EDGE_CURVE('',#3276,#3257,#3285,.T.);
#3285 = LINE('',#3286,#3287);
#3286 = CARTESIAN_POINT('',(-9.095569224013,9.943879706405,2.));
#3287 = VECTOR('',#3288,1.);
#3288 = DIRECTION('',(-0.707106781187,0.707106781187,3.1E-16));
#3289 = FACE_BOUND('',#3290,.T.);
#3290 = EDGE_LOOP('',(#3291,#3302,#3310,#3319));
#3291 = ORIENTED_EDGE('',*,*,#3292,.F.);
#3292 = EDGE_CURVE('',#3293,#3295,#3297,.T.);
#3293 = VERTEX_POINT('',#3294);
#3294 = CARTESIAN_POINT('',(13.994585769425,14.842896251817,2.));
#3295 = VERTEX_POINT('',#3296);
#3296 = CARTESIAN_POINT('',(0.6,20.39117456156,2.));
#3297 = CIRCLE('',#3298,20.4);
#3298 = AXIS2_PLACEMENT_3D('',#3299,#3300,#3301);
#3299 = CARTESIAN_POINT('',(1.36E-15,3.48E-15,2.));
#3300 = DIRECTION('',(0.,-0.,1.));
#3301 = DIRECTION('',(0.670872719296,0.741572514663,0.));
#3302 = ORIENTED_EDGE('',*,*,#3303,.F.);
#3303 = EDGE_CURVE('',#3304,#3293,#3306,.T.);
#3304 = VERTEX_POINT('',#3305);
#3305 = CARTESIAN_POINT('',(8.829227509526,9.677537991918,2.));
#3306 = LINE('',#3307,#3308);
#3307 = CARTESIAN_POINT('',(9.095569224013,9.943879706405,2.));
#3308 = VECTOR('',#3309,1.);
#3309 = DIRECTION('',(0.707106781187,0.707106781187,4.7E-16));
#3310 = ORIENTED_EDGE('',*,*,#3311,.T.);
#3311 = EDGE_CURVE('',#3304,#3312,#3314,.T.);
#3312 = VERTEX_POINT('',#3313);
#3313 = CARTESIAN_POINT('',(0.6,13.086252328302,2.));
#3314 = CIRCLE('',#3315,13.1);
#3315 = AXIS2_PLACEMENT_3D('',#3316,#3317,#3318);
#3316 = CARTESIAN_POINT('',(0.,0.,2.));
#3317 = DIRECTION('',(0.,-0.,1.));
#3318 = DIRECTION('',(0.65279455641,0.757534993991,0.));
#3319 = ORIENTED_EDGE('',*,*,#3320,.T.);
#3320 = EDGE_CURVE('',#3312,#3295,#3321,.T.);
#3321 = LINE('',#3322,#3323);
#3322 = CARTESIAN_POINT('',(0.6,13.462912017836,2.));
#3323 = VECTOR('',#3324,1.);
#3324 = DIRECTION('',(-1.38E-15,1.,4.4E-16));
#3325 = FACE_BOUND('',#3326,.T.);
#3326 = EDGE_LOOP('',(#3327,#3337,#3346,#3354,#3363,#3371,#3380,#3388));
#3327 = ORIENTED_EDGE('',*,*,#3328,.F.);
#3328 = EDGE_CURVE('',#3329,#3331,#3333,.T.);
#3329 = VERTEX_POINT('',#3330);
#3330 = CARTESIAN_POINT('',(29.6,25.,2.));
#3331 = VERTEX_POINT('',#3332);
#3332 = CARTESIAN_POINT('',(29.6,-25.,2.));
#3333 = LINE('',#3334,#3335);
#3334 = CARTESIAN_POINT('',(29.6,25.,2.));
#3335 = VECTOR('',#3336,1.);
#3336 = DIRECTION('',(-2.2E-16,-1.,-0.));
#3337 = ORIENTED_EDGE('',*,*,#3338,.F.);
#3338 = EDGE_CURVE('',#3339,#3329,#3341,.T.);
#3339 = VERTEX_POINT('',#3340);
#3340 = CARTESIAN_POINT('',(25.,29.6,2.));
#3341 = CIRCLE('',#3342,4.6);
#3342 = AXIS2_PLACEMENT_3D('',#3343,#3344,#3345);
#3343 = CARTESIAN_POINT('',(25.,25.,2.));
#3344 = DIRECTION('',(0.,0.,-1.));
#3345 = DIRECTION('',(0.,1.,0.));
#3346 = ORIENTED_EDGE('',*,*,#3347,.F.);
#3347 = EDGE_CURVE('',#3348,#3339,#3350,.T.);
#3348 = VERTEX_POINT('',#3349);
#3349 = CARTESIAN_POINT('',(-25.,29.6,2.));
#3350 = LINE('',#3351,#3352);
#3351 = CARTESIAN_POINT('',(-25.,29.6,2.));
#3352 = VECTOR('',#3353,1.);
#3353 = DIRECTION('',(1.,0.,0.));
#3354 = ORIENTED_EDGE('',*,*,#3355,.F.);
#3355 = EDGE_CURVE('',#3356,#3348,#3358,.T.);
#3356 = VERTEX_POINT('',#3357);
#3357 = CARTESIAN_POINT('',(-29.6,25.,2.));
#3358 = CIRCLE('',#3359,4.6);
#3359 = AXIS2_PLACEMENT_3D('',#3360,#3361,#3362);
#3360 = CARTESIAN_POINT('',(-25.,25.,2.));
#3361 = DIRECTION('',(0.,0.,-1.));
#3362 = DIRECTION('',(-1.,0.,0.));
#3363 = ORIENTED_EDGE('',*,*,#3364,.F.);
#3364 = EDGE_CURVE('',#3365,#3356,#3367,.T.);
#3365 = VERTEX_POINT('',#3366);
#3366 = CARTESIAN_POINT('',(-29.6,-25.,2.));
#3367 = LINE('',#3368,#3369);
#3368 = CARTESIAN_POINT('',(-29.6,-25.,2.));
#3369 = VECTOR('',#3370,1.);
#3370 = DIRECTION('',(0.,1.,0.));
#3371 = ORIENTED_EDGE('',*,*,#3372,.F.);
#3372 = EDGE_CURVE('',#3373,#3365,#3375,.T.);
#3373 = VERTEX_POINT('',#3374);
#3374 = CARTESIAN_POINT('',(-25.,-29.6,2.));
#3375 = CIRCLE('',#3376,4.6);
#3376 = AXIS2_PLACEMENT_3D('',#3377,#3378,#3379);
#3377 = CARTESIAN_POINT('',(-25.,-25.,2.));
#3378 = DIRECTION('',(-0.,-0.,-1.));
#3379 = DIRECTION('',(0.,-1.,0.));
#3380 = ORIENTED_EDGE('',*,*,#3381,.F.);
#3381 = EDGE_CURVE('',#3382,#3373,#3384,.T.);
#3382 = VERTEX_POINT('',#3383);
#3383 = CARTESIAN_POINT('',(25.,-29.6,2.));
#3384 = LINE('',#3385,#3386);
#3385 = CARTESIAN_POINT('',(25.,-29.6,2.));
#3386 = VECTOR('',#3387,1.);
#3387 = DIRECTION('',(-1.,-0.,-0.));
#3388 = ORIENTED_EDGE('',*,*,#3389,.F.);
#3389 = EDGE_CURVE('',#3331,#3382,#3390,.T.);
#3390 = CIRCLE('',#3391,4.6);
#3391 = AXIS2_PLACEMENT_3D('',#3392,#3393,#3394);
#3392 = CARTESIAN_POINT('',(25.,-25.,2.));
#3393 = DIRECTION('',(0.,0.,-1.));
#3394 = DIRECTION('',(1.,0.,0.));
#3395 = PLANE('',#3396);
#3396 = AXIS2_PLACEMENT_3D('',#3397,#3398,#3399);
#3397 = CARTESIAN_POINT('',(-2.46E-15,2.21E-15,2.));
#3398 = DIRECTION('',(0.,0.,1.));
#3399 = DIRECTION('',(1.,0.,0.));
#3400 = ADVANCED_FACE('',(#3401),#3419,.F.);
#3401 = FACE_BOUND('',#3402,.F.);
#3402 = EDGE_LOOP('',(#3403,#3410,#3411,#3418));
#3403 = ORIENTED_EDGE('',*,*,#3404,.F.);
#3404 = EDGE_CURVE('',#875,#2969,#3405,.T.);
#3405 = PARABOLA('',#3406,10.429770608744);
#3406 = AXIS2_PLACEMENT_3D('',#3407,#3408,#3409);
#3407 = CARTESIAN_POINT('',(10.429770608744,-10.42977060874,
    -12.15007695267));
#3408 = DIRECTION('',(0.5,-0.5,0.707106781187));
#3409 = DIRECTION('',(-0.5,0.5,0.707106781187));
#3410 = ORIENTED_EDGE('',*,*,#882,.T.);
#3411 = ORIENTED_EDGE('',*,*,#3412,.T.);
#3412 = EDGE_CURVE('',#883,#2971,#3413,.T.);
#3413 = PARABOLA('',#3414,10.429825022502);
#3414 = AXIS2_PLACEMENT_3D('',#3415,#3416,#3417);
#3415 = CARTESIAN_POINT('',(-14.75,-1.03E-14,-12.15));
#3416 = DIRECTION('',(0.707106781187,0.,-0.707106781187));
#3417 = DIRECTION('',(0.707106781187,0.,0.707106781187));
#3418 = ORIENTED_EDGE('',*,*,#2968,.F.);
#3419 = CONICAL_SURFACE('',#3420,28.5,0.785398163397);
#3420 = AXIS2_PLACEMENT_3D('',#3421,#3422,#3423);
#3421 = CARTESIAN_POINT('',(-9.14E-15,-1.022E-14,1.6));
#3422 = DIRECTION('',(0.,0.,1.));
#3423 = DIRECTION('',(-0.681864558878,-0.731478450364,0.));
#3424 = ADVANCED_FACE('',(#3425),#3437,.T.);
#3425 = FACE_BOUND('',#3426,.F.);
#3426 = EDGE_LOOP('',(#3427,#3428,#3429,#3436));
#3427 = ORIENTED_EDGE('',*,*,#3412,.F.);
#3428 = ORIENTED_EDGE('',*,*,#907,.T.);
#3429 = ORIENTED_EDGE('',*,*,#3430,.T.);
#3430 = EDGE_CURVE('',#908,#2988,#3431,.T.);
#3431 = PARABOLA('',#3432,7.424621202459);
#3432 = AXIS2_PLACEMENT_3D('',#3433,#3434,#3435);
#3433 = CARTESIAN_POINT('',(10.5,5.E-17,13.1));
#3434 = DIRECTION('',(0.707106781187,0.,-0.707106781187));
#3435 = DIRECTION('',(-0.707106781187,-0.,-0.707106781187));
#3436 = ORIENTED_EDGE('',*,*,#2996,.F.);
#3437 = PLANE('',#3438);
#3438 = AXIS2_PLACEMENT_3D('',#3439,#3440,#3441);
#3439 = CARTESIAN_POINT('',(-0.8,-28.48245073725,1.8));
#3440 = DIRECTION('',(-0.707106781187,0.,0.707106781187));
#3441 = DIRECTION('',(0.,-1.,0.));
#3442 = ADVANCED_FACE('',(#3443),#3455,.T.);
#3443 = FACE_BOUND('',#3444,.T.);
#3444 = EDGE_LOOP('',(#3445,#3452,#3453,#3454));
#3445 = ORIENTED_EDGE('',*,*,#3446,.F.);
#3446 = EDGE_CURVE('',#931,#2980,#3447,.T.);
#3447 = PARABOLA('',#3448,7.424675616217);
#3448 = AXIS2_PLACEMENT_3D('',#3449,#3450,#3451);
#3449 = CARTESIAN_POINT('',(-7.424675616217,7.424675616217,
    13.099923047325));
#3450 = DIRECTION('',(0.5,-0.5,0.707106781187));
#3451 = DIRECTION('',(0.5,-0.5,-0.707106781187));
#3452 = ORIENTED_EDGE('',*,*,#938,.T.);
#3453 = ORIENTED_EDGE('',*,*,#3430,.T.);
#3454 = ORIENTED_EDGE('',*,*,#2987,.F.);
#3455 = CONICAL_SURFACE('',#3456,22.,0.785398163397);
#3456 = AXIS2_PLACEMENT_3D('',#3457,#3458,#3459);
#3457 = CARTESIAN_POINT('',(0.,0.,1.6));
#3458 = DIRECTION('',(-0.,-0.,-1.));
#3459 = DIRECTION('',(-0.674239875713,-0.738512416956,0.));
#3460 = ADVANCED_FACE('',(#3461),#3467,.F.);
#3461 = FACE_BOUND('',#3462,.T.);
#3462 = EDGE_LOOP('',(#3463,#3464,#3465,#3466));
#3463 = ORIENTED_EDGE('',*,*,#3404,.F.);
#3464 = ORIENTED_EDGE('',*,*,#956,.T.);
#3465 = ORIENTED_EDGE('',*,*,#3446,.T.);
#3466 = ORIENTED_EDGE('',*,*,#2979,.F.);
#3467 = PLANE('',#3468);
#3468 = AXIS2_PLACEMENT_3D('',#3469,#3470,#3471);
#3469 = CARTESIAN_POINT('',(-19.57456128425,-20.70571447912,1.8));
#3470 = DIRECTION('',(-0.5,0.5,-0.707106781187));
#3471 = DIRECTION('',(-0.707106781187,-0.707106781187,-0.));
#3472 = ADVANCED_FACE('',(#3473),#3491,.F.);
#3473 = FACE_BOUND('',#3474,.T.);
#3474 = EDGE_LOOP('',(#3475,#3482,#3483,#3490));
#3475 = ORIENTED_EDGE('',*,*,#3476,.F.);
#3476 = EDGE_CURVE('',#973,#2933,#3477,.T.);
#3477 = PARABOLA('',#3478,10.429825022502);
#3478 = AXIS2_PLACEMENT_3D('',#3479,#3480,#3481);
#3479 = CARTESIAN_POINT('',(3.27E-15,-14.75,-12.15));
#3480 = DIRECTION('',(2.8E-16,0.707106781187,-0.707106781187));
#3481 = DIRECTION('',(2.8E-16,0.707106781187,0.707106781187));
#3482 = ORIENTED_EDGE('',*,*,#980,.T.);
#3483 = ORIENTED_EDGE('',*,*,#3484,.T.);
#3484 = EDGE_CURVE('',#981,#2935,#3485,.T.);
#3485 = PARABOLA('',#3486,10.429770608744);
#3486 = AXIS2_PLACEMENT_3D('',#3487,#3488,#3489);
#3487 = CARTESIAN_POINT('',(10.429770608744,10.429770608744,
    -12.15007695267));
#3488 = DIRECTION('',(0.5,0.5,0.707106781187));
#3489 = DIRECTION('',(-0.5,-0.5,0.707106781187));
#3490 = ORIENTED_EDGE('',*,*,#2932,.F.);
#3491 = CONICAL_SURFACE('',#3492,28.5,0.785398163397);
#3492 = AXIS2_PLACEMENT_3D('',#3493,#3494,#3495);
#3493 = CARTESIAN_POINT('',(9.14E-15,-1.022E-14,1.6));
#3494 = DIRECTION('',(0.,0.,1.));
#3495 = DIRECTION('',(0.999384236395,-3.508771929825E-02,0.));
#3496 = ADVANCED_FACE('',(#3497),#3509,.T.);
#3497 = FACE_BOUND('',#3498,.F.);
#3498 = EDGE_LOOP('',(#3499,#3500,#3501,#3508));
#3499 = ORIENTED_EDGE('',*,*,#3476,.F.);
#3500 = ORIENTED_EDGE('',*,*,#1005,.T.);
#3501 = ORIENTED_EDGE('',*,*,#3502,.T.);
#3502 = EDGE_CURVE('',#1006,#2952,#3503,.T.);
#3503 = PARABOLA('',#3504,7.424621202459);
#3504 = AXIS2_PLACEMENT_3D('',#3505,#3506,#3507);
#3505 = CARTESIAN_POINT('',(4.18E-15,10.5,13.1));
#3506 = DIRECTION('',(2.8E-16,0.707106781187,-0.707106781187));
#3507 = DIRECTION('',(-2.8E-16,-0.707106781187,-0.707106781187));
#3508 = ORIENTED_EDGE('',*,*,#2960,.F.);
#3509 = PLANE('',#3510);
#3510 = AXIS2_PLACEMENT_3D('',#3511,#3512,#3513);
#3511 = CARTESIAN_POINT('',(28.482450737252,-0.8,1.8));
#3512 = DIRECTION('',(-2.8E-16,-0.707106781187,0.707106781187));
#3513 = DIRECTION('',(1.,-2.879898987322E-16,1.079898987322E-16));
#3514 = ADVANCED_FACE('',(#3515),#3527,.T.);
#3515 = FACE_BOUND('',#3516,.F.);
#3516 = EDGE_LOOP('',(#3517,#3518,#3519,#3526));
#3517 = ORIENTED_EDGE('',*,*,#3502,.F.);
#3518 = ORIENTED_EDGE('',*,*,#1029,.T.);
#3519 = ORIENTED_EDGE('',*,*,#3520,.T.);
#3520 = EDGE_CURVE('',#1030,#2944,#3521,.T.);
#3521 = PARABOLA('',#3522,7.424675616217);
#3522 = AXIS2_PLACEMENT_3D('',#3523,#3524,#3525);
#3523 = CARTESIAN_POINT('',(-7.424675616217,-7.424675616217,
    13.099923047325));
#3524 = DIRECTION('',(0.5,0.5,0.707106781187));
#3525 = DIRECTION('',(0.5,0.5,-0.707106781187));
#3526 = ORIENTED_EDGE('',*,*,#2951,.F.);
#3527 = CONICAL_SURFACE('',#3528,22.,0.785398163397);
#3528 = AXIS2_PLACEMENT_3D('',#3529,#3530,#3531);
#3529 = CARTESIAN_POINT('',(0.,0.,1.6));
#3530 = DIRECTION('',(-0.,-0.,-1.));
#3531 = DIRECTION('',(0.998966407993,-4.545454545455E-02,0.));
#3532 = ADVANCED_FACE('',(#3533),#3539,.F.);
#3533 = FACE_BOUND('',#3534,.T.);
#3534 = EDGE_LOOP('',(#3535,#3536,#3537,#3538));
#3535 = ORIENTED_EDGE('',*,*,#3484,.F.);
#3536 = ORIENTED_EDGE('',*,*,#1054,.T.);
#3537 = ORIENTED_EDGE('',*,*,#3520,.T.);
#3538 = ORIENTED_EDGE('',*,*,#2943,.F.);
#3539 = PLANE('',#3540);
#3540 = AXIS2_PLACEMENT_3D('',#3541,#3542,#3543);
#3541 = CARTESIAN_POINT('',(20.705714479124,-19.57456128425,1.8));
#3542 = DIRECTION('',(-0.5,-0.5,-0.707106781187));
#3543 = DIRECTION('',(0.707106781187,-0.707106781187,1.110223024625E-16)
  );
#3544 = ADVANCED_FACE('',(#3545),#3563,.F.);
#3545 = FACE_BOUND('',#3546,.F.);
#3546 = EDGE_LOOP('',(#3547,#3554,#3555,#3562));
#3547 = ORIENTED_EDGE('',*,*,#3548,.F.);
#3548 = EDGE_CURVE('',#1071,#3005,#3549,.T.);
#3549 = PARABOLA('',#3550,10.429825022502);
#3550 = AXIS2_PLACEMENT_3D('',#3551,#3552,#3553);
#3551 = CARTESIAN_POINT('',(-6.32E-15,-14.75,-12.15));
#3552 = DIRECTION('',(1.4E-16,-0.707106781187,0.707106781187));
#3553 = DIRECTION('',(-1.4E-16,0.707106781187,0.707106781187));
#3554 = ORIENTED_EDGE('',*,*,#1078,.T.);
#3555 = ORIENTED_EDGE('',*,*,#3556,.T.);
#3556 = EDGE_CURVE('',#1079,#3007,#3557,.T.);
#3557 = PARABOLA('',#3558,10.429770608744);
#3558 = AXIS2_PLACEMENT_3D('',#3559,#3560,#3561);
#3559 = CARTESIAN_POINT('',(-10.42977060874,10.429770608744,
    -12.15007695267));
#3560 = DIRECTION('',(0.5,-0.5,-0.707106781187));
#3561 = DIRECTION('',(0.5,-0.5,0.707106781187));
#3562 = ORIENTED_EDGE('',*,*,#3004,.F.);
#3563 = CONICAL_SURFACE('',#3564,28.5,0.785398163397);
#3564 = AXIS2_PLACEMENT_3D('',#3565,#3566,#3567);
#3565 = CARTESIAN_POINT('',(-9.14E-15,-1.022E-14,1.6));
#3566 = DIRECTION('',(0.,0.,1.));
#3567 = DIRECTION('',(-0.999384236395,-3.508771929825E-02,0.));
#3568 = ADVANCED_FACE('',(#3569),#3581,.T.);
#3569 = FACE_BOUND('',#3570,.F.);
#3570 = EDGE_LOOP('',(#3571,#3572,#3573,#3580));
#3571 = ORIENTED_EDGE('',*,*,#3556,.F.);
#3572 = ORIENTED_EDGE('',*,*,#1103,.T.);
#3573 = ORIENTED_EDGE('',*,*,#3574,.T.);
#3574 = EDGE_CURVE('',#1104,#3024,#3575,.T.);
#3575 = PARABOLA('',#3576,7.424675616217);
#3576 = AXIS2_PLACEMENT_3D('',#3577,#3578,#3579);
#3577 = CARTESIAN_POINT('',(7.424675616217,-7.424675616217,
    13.099923047325));
#3578 = DIRECTION('',(0.5,-0.5,-0.707106781187));
#3579 = DIRECTION('',(-0.5,0.5,-0.707106781187));
#3580 = ORIENTED_EDGE('',*,*,#3032,.F.);
#3581 = PLANE('',#3582);
#3582 = AXIS2_PLACEMENT_3D('',#3583,#3584,#3585);
#3583 = CARTESIAN_POINT('',(-20.70571447912,-19.57456128425,1.8));
#3584 = DIRECTION('',(-0.5,0.5,0.707106781187));
#3585 = DIRECTION('',(-0.707106781187,-0.707106781187,-0.));
#3586 = ADVANCED_FACE('',(#3587),#3599,.T.);
#3587 = FACE_BOUND('',#3588,.T.);
#3588 = EDGE_LOOP('',(#3589,#3596,#3597,#3598));
#3589 = ORIENTED_EDGE('',*,*,#3590,.F.);
#3590 = EDGE_CURVE('',#1127,#3016,#3591,.T.);
#3591 = PARABOLA('',#3592,7.424621202459);
#3592 = AXIS2_PLACEMENT_3D('',#3593,#3594,#3595);
#3593 = CARTESIAN_POINT('',(-2.01E-15,10.5,13.1));
#3594 = DIRECTION('',(1.4E-16,-0.707106781187,0.707106781187));
#3595 = DIRECTION('',(1.4E-16,-0.707106781187,-0.707106781187));
#3596 = ORIENTED_EDGE('',*,*,#1134,.T.);
#3597 = ORIENTED_EDGE('',*,*,#3574,.T.);
#3598 = ORIENTED_EDGE('',*,*,#3023,.F.);
#3599 = CONICAL_SURFACE('',#3600,22.,0.785398163397);
#3600 = AXIS2_PLACEMENT_3D('',#3601,#3602,#3603);
#3601 = CARTESIAN_POINT('',(0.,0.,1.6));
#3602 = DIRECTION('',(-0.,-0.,-1.));
#3603 = DIRECTION('',(-0.998966407993,-4.545454545455E-02,0.));
#3604 = ADVANCED_FACE('',(#3605),#3611,.F.);
#3605 = FACE_BOUND('',#3606,.T.);
#3606 = EDGE_LOOP('',(#3607,#3608,#3609,#3610));
#3607 = ORIENTED_EDGE('',*,*,#3548,.F.);
#3608 = ORIENTED_EDGE('',*,*,#1152,.T.);
#3609 = ORIENTED_EDGE('',*,*,#3590,.T.);
#3610 = ORIENTED_EDGE('',*,*,#3015,.F.);
#3611 = PLANE('',#3612);
#3612 = AXIS2_PLACEMENT_3D('',#3613,#3614,#3615);
#3613 = CARTESIAN_POINT('',(-28.48245073725,-0.8,1.8));
#3614 = DIRECTION('',(-1.4E-16,0.707106781187,-0.707106781187));
#3615 = DIRECTION('',(-1.,-1.939949493661E-16,3.994949366117E-18));
#3616 = ADVANCED_FACE('',(#3617),#3635,.F.);
#3617 = FACE_BOUND('',#3618,.F.);
#3618 = EDGE_LOOP('',(#3619,#3626,#3627,#3634));
#3619 = ORIENTED_EDGE('',*,*,#3620,.F.);
#3620 = EDGE_CURVE('',#1169,#2861,#3621,.T.);
#3621 = PARABOLA('',#3622,10.429770608744);
#3622 = AXIS2_PLACEMENT_3D('',#3623,#3624,#3625);
#3623 = CARTESIAN_POINT('',(-10.42977060874,10.429770608744,
    -12.15007695267));
#3624 = DIRECTION('',(-0.5,0.5,0.707106781187));
#3625 = DIRECTION('',(0.5,-0.5,0.707106781187));
#3626 = ORIENTED_EDGE('',*,*,#1176,.T.);
#3627 = ORIENTED_EDGE('',*,*,#3628,.T.);
#3628 = EDGE_CURVE('',#1177,#2863,#3629,.T.);
#3629 = PARABOLA('',#3630,10.429825022502);
#3630 = AXIS2_PLACEMENT_3D('',#3631,#3632,#3633);
#3631 = CARTESIAN_POINT('',(14.75,1.356E-14,-12.15));
#3632 = DIRECTION('',(-0.707106781187,-1.6E-16,-0.707106781187));
#3633 = DIRECTION('',(-0.707106781187,-1.6E-16,0.707106781187));
#3634 = ORIENTED_EDGE('',*,*,#2860,.F.);
#3635 = CONICAL_SURFACE('',#3636,28.5,0.785398163397);
#3636 = AXIS2_PLACEMENT_3D('',#3637,#3638,#3639);
#3637 = CARTESIAN_POINT('',(9.14E-15,1.022E-14,1.6));
#3638 = DIRECTION('',(0.,0.,1.));
#3639 = DIRECTION('',(0.681864558878,0.731478450364,0.));
#3640 = ADVANCED_FACE('',(#3641),#3653,.T.);
#3641 = FACE_BOUND('',#3642,.F.);
#3642 = EDGE_LOOP('',(#3643,#3644,#3645,#3652));
#3643 = ORIENTED_EDGE('',*,*,#3628,.F.);
#3644 = ORIENTED_EDGE('',*,*,#1201,.T.);
#3645 = ORIENTED_EDGE('',*,*,#3646,.T.);
#3646 = EDGE_CURVE('',#1202,#2880,#3647,.T.);
#3647 = PARABOLA('',#3648,7.424621202459);
#3648 = AXIS2_PLACEMENT_3D('',#3649,#3650,#3651);
#3649 = CARTESIAN_POINT('',(-10.5,-2.37E-15,13.1));
#3650 = DIRECTION('',(-0.707106781187,-1.6E-16,-0.707106781187));
#3651 = DIRECTION('',(0.707106781187,1.6E-16,-0.707106781187));
#3652 = ORIENTED_EDGE('',*,*,#2888,.F.);
#3653 = PLANE('',#3654);
#3654 = AXIS2_PLACEMENT_3D('',#3655,#3656,#3657);
#3655 = CARTESIAN_POINT('',(0.8,28.482450737252,1.8));
#3656 = DIRECTION('',(0.707106781187,1.6E-16,0.707106781187));
#3657 = DIRECTION('',(-4.481370849898E-16,1.,2.218629150102E-16));
#3658 = ADVANCED_FACE('',(#3659),#3671,.T.);
#3659 = FACE_BOUND('',#3660,.T.);
#3660 = EDGE_LOOP('',(#3661,#3668,#3669,#3670));
#3661 = ORIENTED_EDGE('',*,*,#3662,.F.);
#3662 = EDGE_CURVE('',#1225,#2872,#3663,.T.);
#3663 = PARABOLA('',#3664,7.424675616217);
#3664 = AXIS2_PLACEMENT_3D('',#3665,#3666,#3667);
#3665 = CARTESIAN_POINT('',(7.424675616217,-7.424675616217,
    13.099923047325));
#3666 = DIRECTION('',(-0.5,0.5,0.707106781187));
#3667 = DIRECTION('',(-0.5,0.5,-0.707106781187));
#3668 = ORIENTED_EDGE('',*,*,#1232,.T.);
#3669 = ORIENTED_EDGE('',*,*,#3646,.T.);
#3670 = ORIENTED_EDGE('',*,*,#2879,.F.);
#3671 = CONICAL_SURFACE('',#3672,22.,0.785398163397);
#3672 = AXIS2_PLACEMENT_3D('',#3673,#3674,#3675);
#3673 = CARTESIAN_POINT('',(0.,0.,1.6));
#3674 = DIRECTION('',(-0.,-0.,-1.));
#3675 = DIRECTION('',(0.674239875713,0.738512416956,0.));
#3676 = ADVANCED_FACE('',(#3677),#3683,.F.);
#3677 = FACE_BOUND('',#3678,.T.);
#3678 = EDGE_LOOP('',(#3679,#3680,#3681,#3682));
#3679 = ORIENTED_EDGE('',*,*,#3620,.F.);
#3680 = ORIENTED_EDGE('',*,*,#1250,.T.);
#3681 = ORIENTED_EDGE('',*,*,#3662,.T.);
#3682 = ORIENTED_EDGE('',*,*,#2871,.F.);
#3683 = PLANE('',#3684);
#3684 = AXIS2_PLACEMENT_3D('',#3685,#3686,#3687);
#3685 = CARTESIAN_POINT('',(19.574561284257,20.705714479124,1.8));
#3686 = DIRECTION('',(0.5,-0.5,-0.707106781187));
#3687 = DIRECTION('',(0.707106781187,0.707106781187,1.942890293094E-16)
  );
#3688 = ADVANCED_FACE('',(#3689),#3707,.F.);
#3689 = FACE_BOUND('',#3690,.T.);
#3690 = EDGE_LOOP('',(#3691,#3698,#3699,#3706));
#3691 = ORIENTED_EDGE('',*,*,#3692,.F.);
#3692 = EDGE_CURVE('',#1267,#2825,#3693,.T.);
#3693 = PARABOLA('',#3694,10.429770608744);
#3694 = AXIS2_PLACEMENT_3D('',#3695,#3696,#3697);
#3695 = CARTESIAN_POINT('',(10.429770608744,10.429770608744,
    -12.15007695267));
#3696 = DIRECTION('',(-0.5,-0.5,-0.707106781187));
#3697 = DIRECTION('',(-0.5,-0.5,0.707106781187));
#3698 = ORIENTED_EDGE('',*,*,#1274,.T.);
#3699 = ORIENTED_EDGE('',*,*,#3700,.T.);
#3700 = EDGE_CURVE('',#1275,#2827,#3701,.T.);
#3701 = PARABOLA('',#3702,10.429825022502);
#3702 = AXIS2_PLACEMENT_3D('',#3703,#3704,#3705);
#3703 = CARTESIAN_POINT('',(-14.75,1.03E-14,-12.15));
#3704 = DIRECTION('',(-0.707106781187,0.,0.707106781187));
#3705 = DIRECTION('',(0.707106781187,0.,0.707106781187));
#3706 = ORIENTED_EDGE('',*,*,#2824,.F.);
#3707 = CONICAL_SURFACE('',#3708,28.5,0.785398163397);
#3708 = AXIS2_PLACEMENT_3D('',#3709,#3710,#3711);
#3709 = CARTESIAN_POINT('',(-9.14E-15,1.022E-14,1.6));
#3710 = DIRECTION('',(0.,0.,1.));
#3711 = DIRECTION('',(-0.681864558878,0.731478450364,0.));
#3712 = ADVANCED_FACE('',(#3713),#3725,.T.);
#3713 = FACE_BOUND('',#3714,.F.);
#3714 = EDGE_LOOP('',(#3715,#3716,#3717,#3724));
#3715 = ORIENTED_EDGE('',*,*,#3692,.F.);
#3716 = ORIENTED_EDGE('',*,*,#1299,.T.);
#3717 = ORIENTED_EDGE('',*,*,#3718,.T.);
#3718 = EDGE_CURVE('',#1300,#2844,#3719,.T.);
#3719 = PARABOLA('',#3720,7.424675616217);
#3720 = AXIS2_PLACEMENT_3D('',#3721,#3722,#3723);
#3721 = CARTESIAN_POINT('',(-7.424675616217,-7.424675616217,
    13.099923047325));
#3722 = DIRECTION('',(-0.5,-0.5,-0.707106781187));
#3723 = DIRECTION('',(0.5,0.5,-0.707106781187));
#3724 = ORIENTED_EDGE('',*,*,#2852,.F.);
#3725 = PLANE('',#3726);
#3726 = AXIS2_PLACEMENT_3D('',#3727,#3728,#3729);
#3727 = CARTESIAN_POINT('',(-19.57456128425,20.705714479124,1.8));
#3728 = DIRECTION('',(0.5,0.5,0.707106781187));
#3729 = DIRECTION('',(-0.707106781187,0.707106781187,1.942890293094E-16)
  );
#3730 = ADVANCED_FACE('',(#3731),#3743,.T.);
#3731 = FACE_BOUND('',#3732,.F.);
#3732 = EDGE_LOOP('',(#3733,#3734,#3735,#3742));
#3733 = ORIENTED_EDGE('',*,*,#3718,.F.);
#3734 = ORIENTED_EDGE('',*,*,#1323,.T.);
#3735 = ORIENTED_EDGE('',*,*,#3736,.T.);
#3736 = EDGE_CURVE('',#1324,#2836,#3737,.T.);
#3737 = PARABOLA('',#3738,7.424621202459);
#3738 = AXIS2_PLACEMENT_3D('',#3739,#3740,#3741);
#3739 = CARTESIAN_POINT('',(10.5,-5.E-17,13.1));
#3740 = DIRECTION('',(-0.707106781187,0.,0.707106781187));
#3741 = DIRECTION('',(-0.707106781187,0.,-0.707106781187));
#3742 = ORIENTED_EDGE('',*,*,#2843,.F.);
#3743 = CONICAL_SURFACE('',#3744,22.,0.785398163397);
#3744 = AXIS2_PLACEMENT_3D('',#3745,#3746,#3747);
#3745 = CARTESIAN_POINT('',(0.,0.,1.6));
#3746 = DIRECTION('',(-0.,-0.,-1.));
#3747 = DIRECTION('',(-0.674239875713,0.738512416956,0.));
#3748 = ADVANCED_FACE('',(#3749),#3755,.F.);
#3749 = FACE_BOUND('',#3750,.T.);
#3750 = EDGE_LOOP('',(#3751,#3752,#3753,#3754));
#3751 = ORIENTED_EDGE('',*,*,#3700,.F.);
#3752 = ORIENTED_EDGE('',*,*,#1348,.T.);
#3753 = ORIENTED_EDGE('',*,*,#3736,.T.);
#3754 = ORIENTED_EDGE('',*,*,#2835,.F.);
#3755 = PLANE('',#3756);
#3756 = AXIS2_PLACEMENT_3D('',#3757,#3758,#3759);
#3757 = CARTESIAN_POINT('',(-0.8,28.482450737252,1.8));
#3758 = DIRECTION('',(0.707106781187,0.,-0.707106781187));
#3759 = DIRECTION('',(2.2E-16,1.,2.2E-16));
#3760 = ADVANCED_FACE('',(#3761),#3779,.F.);
#3761 = FACE_BOUND('',#3762,.F.);
#3762 = EDGE_LOOP('',(#3763,#3770,#3771,#3778));
#3763 = ORIENTED_EDGE('',*,*,#3764,.F.);
#3764 = EDGE_CURVE('',#1365,#2897,#3765,.T.);
#3765 = PARABOLA('',#3766,10.429825022502);
#3766 = AXIS2_PLACEMENT_3D('',#3767,#3768,#3769);
#3767 = CARTESIAN_POINT('',(3.27E-15,14.75,-12.15));
#3768 = DIRECTION('',(-2.8E-16,0.707106781187,0.707106781187));
#3769 = DIRECTION('',(2.8E-16,-0.707106781187,0.707106781187));
#3770 = ORIENTED_EDGE('',*,*,#1372,.T.);
#3771 = ORIENTED_EDGE('',*,*,#3772,.T.);
#3772 = EDGE_CURVE('',#1373,#2899,#3773,.T.);
#3773 = PARABOLA('',#3774,10.429770608744);
#3774 = AXIS2_PLACEMENT_3D('',#3775,#3776,#3777);
#3775 = CARTESIAN_POINT('',(10.429770608744,-10.42977060874,
    -12.15007695267));
#3776 = DIRECTION('',(-0.5,0.5,-0.707106781187));
#3777 = DIRECTION('',(-0.5,0.5,0.707106781187));
#3778 = ORIENTED_EDGE('',*,*,#2896,.F.);
#3779 = CONICAL_SURFACE('',#3780,28.5,0.785398163397);
#3780 = AXIS2_PLACEMENT_3D('',#3781,#3782,#3783);
#3781 = CARTESIAN_POINT('',(9.14E-15,1.022E-14,1.6));
#3782 = DIRECTION('',(0.,0.,1.));
#3783 = DIRECTION('',(0.999384236395,3.508771929825E-02,0.));
#3784 = ADVANCED_FACE('',(#3785),#3797,.T.);
#3785 = FACE_BOUND('',#3786,.F.);
#3786 = EDGE_LOOP('',(#3787,#3788,#3789,#3796));
#3787 = ORIENTED_EDGE('',*,*,#3772,.F.);
#3788 = ORIENTED_EDGE('',*,*,#1397,.T.);
#3789 = ORIENTED_EDGE('',*,*,#3790,.T.);
#3790 = EDGE_CURVE('',#1398,#2916,#3791,.T.);
#3791 = PARABOLA('',#3792,7.424675616217);
#3792 = AXIS2_PLACEMENT_3D('',#3793,#3794,#3795);
#3793 = CARTESIAN_POINT('',(-7.424675616217,7.424675616217,
    13.099923047325));
#3794 = DIRECTION('',(-0.5,0.5,-0.707106781187));
#3795 = DIRECTION('',(0.5,-0.5,-0.707106781187));
#3796 = ORIENTED_EDGE('',*,*,#2924,.F.);
#3797 = PLANE('',#3798);
#3798 = AXIS2_PLACEMENT_3D('',#3799,#3800,#3801);
#3799 = CARTESIAN_POINT('',(20.705714479124,19.574561284257,1.8));
#3800 = DIRECTION('',(0.5,-0.5,0.707106781187));
#3801 = DIRECTION('',(0.707106781187,0.707106781187,3.330669073875E-16)
  );
#3802 = ADVANCED_FACE('',(#3803),#3815,.T.);
#3803 = FACE_BOUND('',#3804,.T.);
#3804 = EDGE_LOOP('',(#3805,#3812,#3813,#3814));
#3805 = ORIENTED_EDGE('',*,*,#3806,.F.);
#3806 = EDGE_CURVE('',#1421,#2908,#3807,.T.);
#3807 = PARABOLA('',#3808,7.424621202459);
#3808 = AXIS2_PLACEMENT_3D('',#3809,#3810,#3811);
#3809 = CARTESIAN_POINT('',(4.18E-15,-10.5,13.1));
#3810 = DIRECTION('',(-2.8E-16,0.707106781187,0.707106781187));
#3811 = DIRECTION('',(-2.8E-16,0.707106781187,-0.707106781187));
#3812 = ORIENTED_EDGE('',*,*,#1428,.T.);
#3813 = ORIENTED_EDGE('',*,*,#3790,.T.);
#3814 = ORIENTED_EDGE('',*,*,#2915,.F.);
#3815 = CONICAL_SURFACE('',#3816,22.,0.785398163397);
#3816 = AXIS2_PLACEMENT_3D('',#3817,#3818,#3819);
#3817 = CARTESIAN_POINT('',(0.,0.,1.6));
#3818 = DIRECTION('',(-0.,-0.,-1.));
#3819 = DIRECTION('',(0.998966407993,4.545454545455E-02,0.));
#3820 = ADVANCED_FACE('',(#3821),#3827,.F.);
#3821 = FACE_BOUND('',#3822,.T.);
#3822 = EDGE_LOOP('',(#3823,#3824,#3825,#3826));
#3823 = ORIENTED_EDGE('',*,*,#3764,.F.);
#3824 = ORIENTED_EDGE('',*,*,#1446,.T.);
#3825 = ORIENTED_EDGE('',*,*,#3806,.T.);
#3826 = ORIENTED_EDGE('',*,*,#2907,.F.);
#3827 = PLANE('',#3828);
#3828 = AXIS2_PLACEMENT_3D('',#3829,#3830,#3831);
#3829 = CARTESIAN_POINT('',(28.482450737252,0.8,1.8));
#3830 = DIRECTION('',(2.8E-16,-0.707106781187,-0.707106781187));
#3831 = DIRECTION('',(1.,2.879898987322E-16,1.079898987322E-16));
#3832 = ADVANCED_FACE('',(#3833),#3851,.F.);
#3833 = FACE_BOUND('',#3834,.T.);
#3834 = EDGE_LOOP('',(#3835,#3842,#3843,#3850));
#3835 = ORIENTED_EDGE('',*,*,#3836,.F.);
#3836 = EDGE_CURVE('',#1463,#3041,#3837,.T.);
#3837 = PARABOLA('',#3838,10.429825022502);
#3838 = AXIS2_PLACEMENT_3D('',#3839,#3840,#3841);
#3839 = CARTESIAN_POINT('',(-6.32E-15,14.75,-12.15));
#3840 = DIRECTION('',(-1.4E-16,-0.707106781187,-0.707106781187));
#3841 = DIRECTION('',(-1.4E-16,-0.707106781187,0.707106781187));
#3842 = ORIENTED_EDGE('',*,*,#1470,.T.);
#3843 = ORIENTED_EDGE('',*,*,#3844,.T.);
#3844 = EDGE_CURVE('',#1471,#3043,#3845,.T.);
#3845 = PARABOLA('',#3846,10.429770608744);
#3846 = AXIS2_PLACEMENT_3D('',#3847,#3848,#3849);
#3847 = CARTESIAN_POINT('',(-10.42977060874,-10.42977060874,
    -12.15007695267));
#3848 = DIRECTION('',(-0.5,-0.5,0.707106781187));
#3849 = DIRECTION('',(0.5,0.5,0.707106781187));
#3850 = ORIENTED_EDGE('',*,*,#3040,.F.);
#3851 = CONICAL_SURFACE('',#3852,28.5,0.785398163397);
#3852 = AXIS2_PLACEMENT_3D('',#3853,#3854,#3855);
#3853 = CARTESIAN_POINT('',(-9.14E-15,1.022E-14,1.6));
#3854 = DIRECTION('',(0.,0.,1.));
#3855 = DIRECTION('',(-0.999384236395,3.508771929825E-02,0.));
#3856 = ADVANCED_FACE('',(#3857),#3869,.T.);
#3857 = FACE_BOUND('',#3858,.F.);
#3858 = EDGE_LOOP('',(#3859,#3860,#3861,#3868));
#3859 = ORIENTED_EDGE('',*,*,#3836,.F.);
#3860 = ORIENTED_EDGE('',*,*,#1495,.T.);
#3861 = ORIENTED_EDGE('',*,*,#3862,.T.);
#3862 = EDGE_CURVE('',#1496,#3060,#3863,.T.);
#3863 = PARABOLA('',#3864,7.424621202459);
#3864 = AXIS2_PLACEMENT_3D('',#3865,#3866,#3867);
#3865 = CARTESIAN_POINT('',(-2.01E-15,-10.5,13.1));
#3866 = DIRECTION('',(-1.4E-16,-0.707106781187,-0.707106781187));
#3867 = DIRECTION('',(1.4E-16,0.707106781187,-0.707106781187));
#3868 = ORIENTED_EDGE('',*,*,#3068,.F.);
#3869 = PLANE('',#3870);
#3870 = AXIS2_PLACEMENT_3D('',#3871,#3872,#3873);
#3871 = CARTESIAN_POINT('',(-28.48245073725,0.8,1.8));
#3872 = DIRECTION('',(1.4E-16,0.707106781187,0.707106781187));
#3873 = DIRECTION('',(-1.,1.939949493661E-16,3.994949366117E-18));
#3874 = ADVANCED_FACE('',(#3875),#3887,.T.);
#3875 = FACE_BOUND('',#3876,.F.);
#3876 = EDGE_LOOP('',(#3877,#3878,#3879,#3886));
#3877 = ORIENTED_EDGE('',*,*,#3862,.F.);
#3878 = ORIENTED_EDGE('',*,*,#1519,.T.);
#3879 = ORIENTED_EDGE('',*,*,#3880,.T.);
#3880 = EDGE_CURVE('',#1520,#3052,#3881,.T.);
#3881 = PARABOLA('',#3882,7.424675616217);
#3882 = AXIS2_PLACEMENT_3D('',#3883,#3884,#3885);
#3883 = CARTESIAN_POINT('',(7.424675616217,7.424675616217,
    13.099923047325));
#3884 = DIRECTION('',(-0.5,-0.5,0.707106781187));
#3885 = DIRECTION('',(-0.5,-0.5,-0.707106781187));
#3886 = ORIENTED_EDGE('',*,*,#3059,.F.);
#3887 = CONICAL_SURFACE('',#3888,22.,0.785398163397);
#3888 = AXIS2_PLACEMENT_3D('',#3889,#3890,#3891);
#3889 = CARTESIAN_POINT('',(0.,0.,1.6));
#3890 = DIRECTION('',(-0.,-0.,-1.));
#3891 = DIRECTION('',(-0.998966407993,4.545454545455E-02,0.));
#3892 = ADVANCED_FACE('',(#3893),#3899,.F.);
#3893 = FACE_BOUND('',#3894,.T.);
#3894 = EDGE_LOOP('',(#3895,#3896,#3897,#3898));
#3895 = ORIENTED_EDGE('',*,*,#3844,.F.);
#3896 = ORIENTED_EDGE('',*,*,#1544,.T.);
#3897 = ORIENTED_EDGE('',*,*,#3880,.T.);
#3898 = ORIENTED_EDGE('',*,*,#3051,.F.);
#3899 = PLANE('',#3900);
#3900 = AXIS2_PLACEMENT_3D('',#3901,#3902,#3903);
#3901 = CARTESIAN_POINT('',(-20.70571447912,19.574561284257,1.8));
#3902 = DIRECTION('',(0.5,0.5,-0.707106781187));
#3903 = DIRECTION('',(-0.707106781187,0.707106781187,5.551115123126E-17)
  );
#3904 = ADVANCED_FACE('',(#3905),#3923,.F.);
#3905 = FACE_BOUND('',#3906,.T.);
#3906 = EDGE_LOOP('',(#3907,#3914,#3915,#3922));
#3907 = ORIENTED_EDGE('',*,*,#3908,.F.);
#3908 = EDGE_CURVE('',#3149,#1561,#3909,.T.);
#3909 = PARABOLA('',#3910,7.424566788701);
#3910 = AXIS2_PLACEMENT_3D('',#3911,#3912,#3913);
#3911 = CARTESIAN_POINT('',(7.424566788701,-7.424566788701,
    -7.900076952675));
#3912 = DIRECTION('',(-0.5,0.5,-0.707106781187));
#3913 = DIRECTION('',(-0.5,0.5,0.707106781187));
#3914 = ORIENTED_EDGE('',*,*,#3148,.T.);
#3915 = ORIENTED_EDGE('',*,*,#3916,.T.);
#3916 = EDGE_CURVE('',#3151,#1569,#3917,.T.);
#3917 = PARABOLA('',#3918,7.424621202459);
#3918 = AXIS2_PLACEMENT_3D('',#3919,#3920,#3921);
#3919 = CARTESIAN_POINT('',(-10.5,-1.56E-14,-7.9));
#3920 = DIRECTION('',(-0.707106781187,-8.2E-16,0.707106781187));
#3921 = DIRECTION('',(0.707106781187,8.2E-16,0.707106781187));
#3922 = ORIENTED_EDGE('',*,*,#1568,.F.);
#3923 = CONICAL_SURFACE('',#3924,20.,0.785398163397);
#3924 = AXIS2_PLACEMENT_3D('',#3925,#3926,#3927);
#3925 = CARTESIAN_POINT('',(-1.36E-15,-3.48E-15,1.6));
#3926 = DIRECTION('',(0.,0.,1.));
#3927 = DIRECTION('',(-0.670872719296,-0.741572514663,0.));
#3928 = ADVANCED_FACE('',(#3929),#3941,.F.);
#3929 = FACE_BOUND('',#3930,.F.);
#3930 = EDGE_LOOP('',(#3931,#3938,#3939,#3940));
#3931 = ORIENTED_EDGE('',*,*,#3932,.F.);
#3932 = EDGE_CURVE('',#3168,#1593,#3933,.T.);
#3933 = PARABOLA('',#3934,4.419417382416);
#3934 = AXIS2_PLACEMENT_3D('',#3935,#3936,#3937);
#3935 = CARTESIAN_POINT('',(6.25,7.22E-15,8.85));
#3936 = DIRECTION('',(-0.707106781187,-8.2E-16,0.707106781187));
#3937 = DIRECTION('',(-0.707106781187,-8.2E-16,-0.707106781187));
#3938 = ORIENTED_EDGE('',*,*,#3176,.T.);
#3939 = ORIENTED_EDGE('',*,*,#3916,.T.);
#3940 = ORIENTED_EDGE('',*,*,#1600,.F.);
#3941 = PLANE('',#3942);
#3942 = AXIS2_PLACEMENT_3D('',#3943,#3944,#3945);
#3943 = CARTESIAN_POINT('',(-0.8,-13.46291201783,1.8));
#3944 = DIRECTION('',(0.707106781187,8.2E-16,-0.707106781187));
#3945 = DIRECTION('',(1.159827560573E-15,-1.,1.724394270309E-19));
#3946 = ADVANCED_FACE('',(#3947),#3959,.T.);
#3947 = FACE_BOUND('',#3948,.F.);
#3948 = EDGE_LOOP('',(#3949,#3956,#3957,#3958));
#3949 = ORIENTED_EDGE('',*,*,#3950,.F.);
#3950 = EDGE_CURVE('',#3160,#1617,#3951,.T.);
#3951 = PARABOLA('',#3952,4.419471796174);
#3952 = AXIS2_PLACEMENT_3D('',#3953,#3954,#3955);
#3953 = CARTESIAN_POINT('',(-4.419471796174,4.419471796174,
    8.849923047325));
#3954 = DIRECTION('',(-0.5,0.5,-0.707106781187));
#3955 = DIRECTION('',(0.5,-0.5,-0.707106781187));
#3956 = ORIENTED_EDGE('',*,*,#3167,.T.);
#3957 = ORIENTED_EDGE('',*,*,#3932,.T.);
#3958 = ORIENTED_EDGE('',*,*,#1624,.F.);
#3959 = CONICAL_SURFACE('',#3960,13.5,0.785398163397);
#3960 = AXIS2_PLACEMENT_3D('',#3961,#3962,#3963);
#3961 = CARTESIAN_POINT('',(0.,0.,1.6));
#3962 = DIRECTION('',(-0.,-0.,-1.));
#3963 = DIRECTION('',(-0.65279455641,-0.757534993991,0.));
#3964 = ADVANCED_FACE('',(#3965),#3971,.T.);
#3965 = FACE_BOUND('',#3966,.T.);
#3966 = EDGE_LOOP('',(#3967,#3968,#3969,#3970));
#3967 = ORIENTED_EDGE('',*,*,#3950,.F.);
#3968 = ORIENTED_EDGE('',*,*,#3159,.T.);
#3969 = ORIENTED_EDGE('',*,*,#3908,.T.);
#3970 = ORIENTED_EDGE('',*,*,#1642,.F.);
#3971 = PLANE('',#3972);
#3972 = AXIS2_PLACEMENT_3D('',#3973,#3974,#3975);
#3973 = CARTESIAN_POINT('',(-8.954147867776,-10.08530106264,1.8));
#3974 = DIRECTION('',(0.5,-0.5,0.707106781187));
#3975 = DIRECTION('',(-0.707106781187,-0.707106781187,
    -2.775557561563E-17));
#3976 = ADVANCED_FACE('',(#3977),#3989,.F.);
#3977 = FACE_BOUND('',#3978,.F.);
#3978 = EDGE_LOOP('',(#3979,#3986,#3987,#3988));
#3979 = ORIENTED_EDGE('',*,*,#3980,.F.);
#3980 = EDGE_CURVE('',#2756,#1659,#3981,.T.);
#3981 = PARABOLA('',#3982,7.424566788701);
#3982 = AXIS2_PLACEMENT_3D('',#3983,#3984,#3985);
#3983 = CARTESIAN_POINT('',(-7.424566788701,-7.424566788701,
    -7.900076952675));
#3984 = DIRECTION('',(-0.5,-0.5,0.707106781187));
#3985 = DIRECTION('',(0.5,0.5,0.707106781187));
#3986 = ORIENTED_EDGE('',*,*,#2763,.T.);
#3987 = ORIENTED_EDGE('',*,*,#1773,.T.);
#3988 = ORIENTED_EDGE('',*,*,#1666,.F.);
#3989 = CONICAL_SURFACE('',#3990,20.,0.785398163397);
#3990 = AXIS2_PLACEMENT_3D('',#3991,#3992,#3993);
#3991 = CARTESIAN_POINT('',(1.36E-15,-3.48E-15,1.6));
#3992 = DIRECTION('',(0.,0.,1.));
#3993 = DIRECTION('',(0.670872719296,-0.741572514663,0.));
#3994 = ADVANCED_FACE('',(#3995),#4007,.F.);
#3995 = FACE_BOUND('',#3996,.F.);
#3996 = EDGE_LOOP('',(#3997,#4004,#4005,#4006));
#3997 = ORIENTED_EDGE('',*,*,#3998,.F.);
#3998 = EDGE_CURVE('',#2747,#1691,#3999,.T.);
#3999 = PARABOLA('',#4000,4.419471796174);
#4000 = AXIS2_PLACEMENT_3D('',#4001,#4002,#4003);
#4001 = CARTESIAN_POINT('',(4.419471796174,4.419471796174,8.849923047325
    ));
#4002 = DIRECTION('',(-0.5,-0.5,0.707106781187));
#4003 = DIRECTION('',(-0.5,-0.5,-0.707106781187));
#4004 = ORIENTED_EDGE('',*,*,#2755,.T.);
#4005 = ORIENTED_EDGE('',*,*,#3980,.T.);
#4006 = ORIENTED_EDGE('',*,*,#1698,.F.);
#4007 = PLANE('',#4008);
#4008 = AXIS2_PLACEMENT_3D('',#4009,#4010,#4011);
#4009 = CARTESIAN_POINT('',(8.954147867776,-10.08530106264,1.8));
#4010 = DIRECTION('',(0.5,0.5,-0.707106781187));
#4011 = DIRECTION('',(0.707106781187,-0.707106781187,0.));
#4012 = ADVANCED_FACE('',(#4013),#4019,.T.);
#4013 = FACE_BOUND('',#4014,.T.);
#4014 = EDGE_LOOP('',(#4015,#4016,#4017,#4018));
#4015 = ORIENTED_EDGE('',*,*,#3998,.F.);
#4016 = ORIENTED_EDGE('',*,*,#2746,.T.);
#4017 = ORIENTED_EDGE('',*,*,#1740,.T.);
#4018 = ORIENTED_EDGE('',*,*,#1715,.F.);
#4019 = CONICAL_SURFACE('',#4020,13.5,0.785398163397);
#4020 = AXIS2_PLACEMENT_3D('',#4021,#4022,#4023);
#4021 = CARTESIAN_POINT('',(0.,0.,1.6));
#4022 = DIRECTION('',(-0.,-0.,-1.));
#4023 = DIRECTION('',(0.65279455641,-0.757534993991,0.));
#4024 = ADVANCED_FACE('',(#4025),#4043,.F.);
#4025 = FACE_BOUND('',#4026,.F.);
#4026 = EDGE_LOOP('',(#4027,#4034,#4035,#4042));
#4027 = ORIENTED_EDGE('',*,*,#4028,.F.);
#4028 = EDGE_CURVE('',#3113,#1791,#4029,.T.);
#4029 = PARABOLA('',#4030,7.424621202459);
#4030 = AXIS2_PLACEMENT_3D('',#4031,#4032,#4033);
#4031 = CARTESIAN_POINT('',(-6.3E-15,-10.5,-7.9));
#4032 = DIRECTION('',(-4.2E-16,-0.707106781187,0.707106781187));
#4033 = DIRECTION('',(4.2E-16,0.707106781187,0.707106781187));
#4034 = ORIENTED_EDGE('',*,*,#3112,.T.);
#4035 = ORIENTED_EDGE('',*,*,#4036,.T.);
#4036 = EDGE_CURVE('',#3115,#1799,#4037,.T.);
#4037 = PARABOLA('',#4038,7.424566788701);
#4038 = AXIS2_PLACEMENT_3D('',#4039,#4040,#4041);
#4039 = CARTESIAN_POINT('',(7.424566788701,7.424566788701,
    -7.900076952675));
#4040 = DIRECTION('',(-0.5,-0.5,-0.707106781187));
#4041 = DIRECTION('',(-0.5,-0.5,0.707106781187));
#4042 = ORIENTED_EDGE('',*,*,#1798,.F.);
#4043 = CONICAL_SURFACE('',#4044,20.,0.785398163397);
#4044 = AXIS2_PLACEMENT_3D('',#4045,#4046,#4047);
#4045 = CARTESIAN_POINT('',(0.,0.,1.6));
#4046 = DIRECTION('',(0.,0.,1.));
#4047 = DIRECTION('',(0.998749217772,-5.E-02,0.));
#4048 = ADVANCED_FACE('',(#4049),#4061,.T.);
#4049 = FACE_BOUND('',#4050,.T.);
#4050 = EDGE_LOOP('',(#4051,#4052,#4053,#4060));
#4051 = ORIENTED_EDGE('',*,*,#4028,.F.);
#4052 = ORIENTED_EDGE('',*,*,#3140,.T.);
#4053 = ORIENTED_EDGE('',*,*,#4054,.T.);
#4054 = EDGE_CURVE('',#3132,#1824,#4055,.T.);
#4055 = PARABOLA('',#4056,4.419417382416);
#4056 = AXIS2_PLACEMENT_3D('',#4057,#4058,#4059);
#4057 = CARTESIAN_POINT('',(5.11E-15,6.25,8.85));
#4058 = DIRECTION('',(-4.2E-16,-0.707106781187,0.707106781187));
#4059 = DIRECTION('',(-4.2E-16,-0.707106781187,-0.707106781187));
#4060 = ORIENTED_EDGE('',*,*,#1823,.F.);
#4061 = PLANE('',#4062);
#4062 = AXIS2_PLACEMENT_3D('',#4063,#4064,#4065);
#4063 = CARTESIAN_POINT('',(19.974984355438,-0.8,1.8));
#4064 = DIRECTION('',(-4.2E-16,-0.707106781187,0.707106781187));
#4065 = DIRECTION('',(-1.,4.869848480984E-16,-1.069848480983E-16));
#4066 = ADVANCED_FACE('',(#4067),#4079,.T.);
#4067 = FACE_BOUND('',#4068,.T.);
#4068 = EDGE_LOOP('',(#4069,#4070,#4071,#4078));
#4069 = ORIENTED_EDGE('',*,*,#4054,.F.);
#4070 = ORIENTED_EDGE('',*,*,#3131,.T.);
#4071 = ORIENTED_EDGE('',*,*,#4072,.T.);
#4072 = EDGE_CURVE('',#3124,#1848,#4073,.T.);
#4073 = PARABOLA('',#4074,4.419471796174);
#4074 = AXIS2_PLACEMENT_3D('',#4075,#4076,#4077);
#4075 = CARTESIAN_POINT('',(-4.419471796174,-4.419471796174,
    8.849923047325));
#4076 = DIRECTION('',(-0.5,-0.5,-0.707106781187));
#4077 = DIRECTION('',(0.5,0.5,-0.707106781187));
#4078 = ORIENTED_EDGE('',*,*,#1847,.F.);
#4079 = CONICAL_SURFACE('',#4080,13.5,0.785398163397);
#4080 = AXIS2_PLACEMENT_3D('',#4081,#4082,#4083);
#4081 = CARTESIAN_POINT('',(1.36E-15,-3.48E-15,1.6));
#4082 = DIRECTION('',(-0.,-0.,-1.));
#4083 = DIRECTION('',(0.997252742062,-7.407407407407E-02,0.));
#4084 = ADVANCED_FACE('',(#4085),#4091,.T.);
#4085 = FACE_BOUND('',#4086,.T.);
#4086 = EDGE_LOOP('',(#4087,#4088,#4089,#4090));
#4087 = ORIENTED_EDGE('',*,*,#4072,.F.);
#4088 = ORIENTED_EDGE('',*,*,#3123,.T.);
#4089 = ORIENTED_EDGE('',*,*,#4036,.T.);
#4090 = ORIENTED_EDGE('',*,*,#1872,.F.);
#4091 = PLANE('',#4092);
#4092 = AXIS2_PLACEMENT_3D('',#4093,#4094,#4095);
#4093 = CARTESIAN_POINT('',(10.085301062643,-8.954147867776,1.8));
#4094 = DIRECTION('',(0.5,0.5,0.707106781187));
#4095 = DIRECTION('',(0.707106781187,-0.707106781187,5.551115123126E-17)
  );
#4096 = ADVANCED_FACE('',(#4097),#4115,.F.);
#4097 = FACE_BOUND('',#4098,.T.);
#4098 = EDGE_LOOP('',(#4099,#4106,#4107,#4114));
#4099 = ORIENTED_EDGE('',*,*,#4100,.F.);
#4100 = EDGE_CURVE('',#3185,#1889,#4101,.T.);
#4101 = PARABOLA('',#4102,7.424621202459);
#4102 = AXIS2_PLACEMENT_3D('',#4103,#4104,#4105);
#4103 = CARTESIAN_POINT('',(3.97E-15,-10.5,-7.9));
#4104 = DIRECTION('',(-2.7E-16,0.707106781187,-0.707106781187));
#4105 = DIRECTION('',(-2.7E-16,0.707106781187,0.707106781187));
#4106 = ORIENTED_EDGE('',*,*,#3184,.T.);
#4107 = ORIENTED_EDGE('',*,*,#4108,.T.);
#4108 = EDGE_CURVE('',#3187,#1897,#4109,.T.);
#4109 = PARABOLA('',#4110,7.424566788701);
#4110 = AXIS2_PLACEMENT_3D('',#4111,#4112,#4113);
#4111 = CARTESIAN_POINT('',(-7.424566788701,7.424566788701,
    -7.900076952675));
#4112 = DIRECTION('',(-0.5,0.5,0.707106781187));
#4113 = DIRECTION('',(0.5,-0.5,0.707106781187));
#4114 = ORIENTED_EDGE('',*,*,#1896,.F.);
#4115 = CONICAL_SURFACE('',#4116,20.,0.785398163397);
#4116 = AXIS2_PLACEMENT_3D('',#4117,#4118,#4119);
#4117 = CARTESIAN_POINT('',(0.,0.,1.6));
#4118 = DIRECTION('',(0.,0.,1.));
#4119 = DIRECTION('',(-0.998749217772,-5.E-02,0.));
#4120 = ADVANCED_FACE('',(#4121),#4133,.F.);
#4121 = FACE_BOUND('',#4122,.F.);
#4122 = EDGE_LOOP('',(#4123,#4130,#4131,#4132));
#4123 = ORIENTED_EDGE('',*,*,#4124,.F.);
#4124 = EDGE_CURVE('',#3204,#1921,#4125,.T.);
#4125 = PARABOLA('',#4126,4.419471796174);
#4126 = AXIS2_PLACEMENT_3D('',#4127,#4128,#4129);
#4127 = CARTESIAN_POINT('',(4.419471796174,-4.419471796174,
    8.849923047325));
#4128 = DIRECTION('',(-0.5,0.5,0.707106781187));
#4129 = DIRECTION('',(-0.5,0.5,-0.707106781187));
#4130 = ORIENTED_EDGE('',*,*,#3212,.T.);
#4131 = ORIENTED_EDGE('',*,*,#4108,.T.);
#4132 = ORIENTED_EDGE('',*,*,#1928,.F.);
#4133 = PLANE('',#4134);
#4134 = AXIS2_PLACEMENT_3D('',#4135,#4136,#4137);
#4135 = CARTESIAN_POINT('',(-10.08530106264,-8.954147867776,1.8));
#4136 = DIRECTION('',(0.5,-0.5,-0.707106781187));
#4137 = DIRECTION('',(-0.707106781187,-0.707106781187,0.));
#4138 = ADVANCED_FACE('',(#4139),#4151,.T.);
#4139 = FACE_BOUND('',#4140,.F.);
#4140 = EDGE_LOOP('',(#4141,#4148,#4149,#4150));
#4141 = ORIENTED_EDGE('',*,*,#4142,.F.);
#4142 = EDGE_CURVE('',#3196,#1945,#4143,.T.);
#4143 = PARABOLA('',#4144,4.419417382416);
#4144 = AXIS2_PLACEMENT_3D('',#4145,#4146,#4147);
#4145 = CARTESIAN_POINT('',(-3.73E-15,6.25,8.85));
#4146 = DIRECTION('',(-2.7E-16,0.707106781187,-0.707106781187));
#4147 = DIRECTION('',(2.7E-16,-0.707106781187,-0.707106781187));
#4148 = ORIENTED_EDGE('',*,*,#3203,.T.);
#4149 = ORIENTED_EDGE('',*,*,#4124,.T.);
#4150 = ORIENTED_EDGE('',*,*,#1952,.F.);
#4151 = CONICAL_SURFACE('',#4152,13.5,0.785398163397);
#4152 = AXIS2_PLACEMENT_3D('',#4153,#4154,#4155);
#4153 = CARTESIAN_POINT('',(-1.36E-15,-3.48E-15,1.6));
#4154 = DIRECTION('',(-0.,-0.,-1.));
#4155 = DIRECTION('',(-0.997252742062,-7.407407407407E-02,0.));
#4156 = ADVANCED_FACE('',(#4157),#4163,.F.);
#4157 = FACE_BOUND('',#4158,.F.);
#4158 = EDGE_LOOP('',(#4159,#4160,#4161,#4162));
#4159 = ORIENTED_EDGE('',*,*,#4100,.F.);
#4160 = ORIENTED_EDGE('',*,*,#3195,.T.);
#4161 = ORIENTED_EDGE('',*,*,#4142,.T.);
#4162 = ORIENTED_EDGE('',*,*,#1970,.F.);
#4163 = PLANE('',#4164);
#4164 = AXIS2_PLACEMENT_3D('',#4165,#4166,#4167);
#4165 = CARTESIAN_POINT('',(-19.97498435543,-0.8,1.8));
#4166 = DIRECTION('',(-2.7E-16,0.707106781187,-0.707106781187));
#4167 = DIRECTION('',(1.,3.809188309204E-16,-9.188309203679E-19));
#4168 = ADVANCED_FACE('',(#4169),#4187,.F.);
#4169 = FACE_BOUND('',#4170,.T.);
#4170 = EDGE_LOOP('',(#4171,#4178,#4179,#4186));
#4171 = ORIENTED_EDGE('',*,*,#4172,.F.);
#4172 = EDGE_CURVE('',#3293,#1987,#4173,.T.);
#4173 = PARABOLA('',#4174,7.424566788701);
#4174 = AXIS2_PLACEMENT_3D('',#4175,#4176,#4177);
#4175 = CARTESIAN_POINT('',(-7.424566788701,7.424566788701,
    -7.900076952675));
#4176 = DIRECTION('',(0.5,-0.5,-0.707106781187));
#4177 = DIRECTION('',(0.5,-0.5,0.707106781187));
#4178 = ORIENTED_EDGE('',*,*,#3292,.T.);
#4179 = ORIENTED_EDGE('',*,*,#4180,.T.);
#4180 = EDGE_CURVE('',#3295,#1995,#4181,.T.);
#4181 = PARABOLA('',#4182,7.424621202459);
#4182 = AXIS2_PLACEMENT_3D('',#4183,#4184,#4185);
#4183 = CARTESIAN_POINT('',(10.5,1.777E-14,-7.9));
#4184 = DIRECTION('',(0.707106781187,9.6E-16,0.707106781187));
#4185 = DIRECTION('',(-0.707106781187,-9.6E-16,0.707106781187));
#4186 = ORIENTED_EDGE('',*,*,#1994,.F.);
#4187 = CONICAL_SURFACE('',#4188,20.,0.785398163397);
#4188 = AXIS2_PLACEMENT_3D('',#4189,#4190,#4191);
#4189 = CARTESIAN_POINT('',(1.36E-15,3.48E-15,1.6));
#4190 = DIRECTION('',(0.,0.,1.));
#4191 = DIRECTION('',(0.670872719296,0.741572514663,0.));
#4192 = ADVANCED_FACE('',(#4193),#4205,.F.);
#4193 = FACE_BOUND('',#4194,.F.);
#4194 = EDGE_LOOP('',(#4195,#4202,#4203,#4204));
#4195 = ORIENTED_EDGE('',*,*,#4196,.F.);
#4196 = EDGE_CURVE('',#3312,#2019,#4197,.T.);
#4197 = PARABOLA('',#4198,4.419417382416);
#4198 = AXIS2_PLACEMENT_3D('',#4199,#4200,#4201);
#4199 = CARTESIAN_POINT('',(-6.25,-8.51E-15,8.85));
#4200 = DIRECTION('',(0.707106781187,9.6E-16,0.707106781187));
#4201 = DIRECTION('',(0.707106781187,9.6E-16,-0.707106781187));
#4202 = ORIENTED_EDGE('',*,*,#3320,.T.);
#4203 = ORIENTED_EDGE('',*,*,#4180,.T.);
#4204 = ORIENTED_EDGE('',*,*,#2026,.F.);
#4205 = PLANE('',#4206);
#4206 = AXIS2_PLACEMENT_3D('',#4207,#4208,#4209);
#4207 = CARTESIAN_POINT('',(0.8,13.462912017836,1.8));
#4208 = DIRECTION('',(-0.707106781187,-9.6E-16,-0.707106781187));
#4209 = DIRECTION('',(-1.588822509939E-15,1.,2.311774900609E-16));
#4210 = ADVANCED_FACE('',(#4211),#4223,.T.);
#4211 = FACE_BOUND('',#4212,.F.);
#4212 = EDGE_LOOP('',(#4213,#4220,#4221,#4222));
#4213 = ORIENTED_EDGE('',*,*,#4214,.F.);
#4214 = EDGE_CURVE('',#3304,#2043,#4215,.T.);
#4215 = PARABOLA('',#4216,4.419471796174);
#4216 = AXIS2_PLACEMENT_3D('',#4217,#4218,#4219);
#4217 = CARTESIAN_POINT('',(4.419471796174,-4.419471796174,
    8.849923047325));
#4218 = DIRECTION('',(0.5,-0.5,-0.707106781187));
#4219 = DIRECTION('',(-0.5,0.5,-0.707106781187));
#4220 = ORIENTED_EDGE('',*,*,#3311,.T.);
#4221 = ORIENTED_EDGE('',*,*,#4196,.T.);
#4222 = ORIENTED_EDGE('',*,*,#2050,.F.);
#4223 = CONICAL_SURFACE('',#4224,13.5,0.785398163397);
#4224 = AXIS2_PLACEMENT_3D('',#4225,#4226,#4227);
#4225 = CARTESIAN_POINT('',(0.,0.,1.6));
#4226 = DIRECTION('',(-0.,-0.,-1.));
#4227 = DIRECTION('',(0.65279455641,0.757534993991,0.));
#4228 = ADVANCED_FACE('',(#4229),#4235,.T.);
#4229 = FACE_BOUND('',#4230,.T.);
#4230 = EDGE_LOOP('',(#4231,#4232,#4233,#4234));
#4231 = ORIENTED_EDGE('',*,*,#4214,.F.);
#4232 = ORIENTED_EDGE('',*,*,#3303,.T.);
#4233 = ORIENTED_EDGE('',*,*,#4172,.T.);
#4234 = ORIENTED_EDGE('',*,*,#2068,.F.);
#4235 = PLANE('',#4236);
#4236 = AXIS2_PLACEMENT_3D('',#4237,#4238,#4239);
#4237 = CARTESIAN_POINT('',(8.954147867776,10.085301062643,1.8));
#4238 = DIRECTION('',(-0.5,0.5,0.707106781187));
#4239 = DIRECTION('',(0.707106781187,0.707106781187,2.22044604925E-16));
#4240 = ADVANCED_FACE('',(#4241),#4259,.F.);
#4241 = FACE_BOUND('',#4242,.F.);
#4242 = EDGE_LOOP('',(#4243,#4250,#4251,#4258));
#4243 = ORIENTED_EDGE('',*,*,#4244,.F.);
#4244 = EDGE_CURVE('',#3257,#2085,#4245,.T.);
#4245 = PARABOLA('',#4246,7.424566788701);
#4246 = AXIS2_PLACEMENT_3D('',#4247,#4248,#4249);
#4247 = CARTESIAN_POINT('',(7.424566788701,7.424566788701,
    -7.900076952675));
#4248 = DIRECTION('',(0.5,0.5,0.707106781187));
#4249 = DIRECTION('',(-0.5,-0.5,0.707106781187));
#4250 = ORIENTED_EDGE('',*,*,#3256,.T.);
#4251 = ORIENTED_EDGE('',*,*,#4252,.T.);
#4252 = EDGE_CURVE('',#3259,#2093,#4253,.T.);
#4253 = PARABOLA('',#4254,7.424621202459);
#4254 = AXIS2_PLACEMENT_3D('',#4255,#4256,#4257);
#4255 = CARTESIAN_POINT('',(-10.5,1.56E-14,-7.9));
#4256 = DIRECTION('',(0.707106781187,-8.2E-16,-0.707106781187));
#4257 = DIRECTION('',(0.707106781187,-8.2E-16,0.707106781187));
#4258 = ORIENTED_EDGE('',*,*,#2092,.F.);
#4259 = CONICAL_SURFACE('',#4260,20.,0.785398163397);
#4260 = AXIS2_PLACEMENT_3D('',#4261,#4262,#4263);
#4261 = CARTESIAN_POINT('',(-1.36E-15,3.48E-15,1.6));
#4262 = DIRECTION('',(0.,0.,1.));
#4263 = DIRECTION('',(-0.670872719296,0.741572514663,0.));
#4264 = ADVANCED_FACE('',(#4265),#4277,.F.);
#4265 = FACE_BOUND('',#4266,.F.);
#4266 = EDGE_LOOP('',(#4267,#4274,#4275,#4276));
#4267 = ORIENTED_EDGE('',*,*,#4268,.F.);
#4268 = EDGE_CURVE('',#3276,#2117,#4269,.T.);
#4269 = PARABOLA('',#4270,4.419471796174);
#4270 = AXIS2_PLACEMENT_3D('',#4271,#4272,#4273);
#4271 = CARTESIAN_POINT('',(-4.419471796174,-4.419471796174,
    8.849923047325));
#4272 = DIRECTION('',(0.5,0.5,0.707106781187));
#4273 = DIRECTION('',(0.5,0.5,-0.707106781187));
#4274 = ORIENTED_EDGE('',*,*,#3284,.T.);
#4275 = ORIENTED_EDGE('',*,*,#4244,.T.);
#4276 = ORIENTED_EDGE('',*,*,#2124,.F.);
#4277 = PLANE('',#4278);
#4278 = AXIS2_PLACEMENT_3D('',#4279,#4280,#4281);
#4279 = CARTESIAN_POINT('',(-8.954147867776,10.085301062643,1.8));
#4280 = DIRECTION('',(-0.5,-0.5,-0.707106781187));
#4281 = DIRECTION('',(-0.707106781187,0.707106781187,1.387778780781E-16)
  );
#4282 = ADVANCED_FACE('',(#4283),#4295,.T.);
#4283 = FACE_BOUND('',#4284,.T.);
#4284 = EDGE_LOOP('',(#4285,#4286,#4287,#4294));
#4285 = ORIENTED_EDGE('',*,*,#4268,.F.);
#4286 = ORIENTED_EDGE('',*,*,#3275,.T.);
#4287 = ORIENTED_EDGE('',*,*,#4288,.T.);
#4288 = EDGE_CURVE('',#3268,#2142,#4289,.T.);
#4289 = PARABOLA('',#4290,4.419417382416);
#4290 = AXIS2_PLACEMENT_3D('',#4291,#4292,#4293);
#4291 = CARTESIAN_POINT('',(6.25,-7.22E-15,8.85));
#4292 = DIRECTION('',(0.707106781187,-8.2E-16,-0.707106781187));
#4293 = DIRECTION('',(-0.707106781187,8.2E-16,-0.707106781187));
#4294 = ORIENTED_EDGE('',*,*,#2141,.F.);
#4295 = CONICAL_SURFACE('',#4296,13.5,0.785398163397);
#4296 = AXIS2_PLACEMENT_3D('',#4297,#4298,#4299);
#4297 = CARTESIAN_POINT('',(0.,0.,1.6));
#4298 = DIRECTION('',(-0.,-0.,-1.));
#4299 = DIRECTION('',(-0.65279455641,0.757534993991,0.));
#4300 = ADVANCED_FACE('',(#4301),#4307,.T.);
#4301 = FACE_BOUND('',#4302,.T.);
#4302 = EDGE_LOOP('',(#4303,#4304,#4305,#4306));
#4303 = ORIENTED_EDGE('',*,*,#4288,.F.);
#4304 = ORIENTED_EDGE('',*,*,#3267,.T.);
#4305 = ORIENTED_EDGE('',*,*,#4252,.T.);
#4306 = ORIENTED_EDGE('',*,*,#2166,.F.);
#4307 = PLANE('',#4308);
#4308 = AXIS2_PLACEMENT_3D('',#4309,#4310,#4311);
#4309 = CARTESIAN_POINT('',(-0.8,13.462912017836,1.8));
#4310 = DIRECTION('',(-0.707106781187,8.2E-16,0.707106781187));
#4311 = DIRECTION('',(1.379827560573E-15,1.,2.20172439427E-16));
#4312 = ADVANCED_FACE('',(#4313),#4331,.F.);
#4313 = FACE_BOUND('',#4314,.T.);
#4314 = EDGE_LOOP('',(#4315,#4322,#4323,#4330));
#4315 = ORIENTED_EDGE('',*,*,#4316,.F.);
#4316 = EDGE_CURVE('',#3077,#2183,#4317,.T.);
#4317 = PARABOLA('',#4318,7.424621202459);
#4318 = AXIS2_PLACEMENT_3D('',#4319,#4320,#4321);
#4319 = CARTESIAN_POINT('',(-6.35E-15,10.5,-7.9));
#4320 = DIRECTION('',(4.3E-16,-0.707106781187,-0.707106781187));
#4321 = DIRECTION('',(4.3E-16,-0.707106781187,0.707106781187));
#4322 = ORIENTED_EDGE('',*,*,#3076,.T.);
#4323 = ORIENTED_EDGE('',*,*,#4324,.T.);
#4324 = EDGE_CURVE('',#3079,#2191,#4325,.T.);
#4325 = PARABOLA('',#4326,7.424566788701);
#4326 = AXIS2_PLACEMENT_3D('',#4327,#4328,#4329);
#4327 = CARTESIAN_POINT('',(7.424566788701,-7.424566788701,
    -7.900076952675));
#4328 = DIRECTION('',(0.5,-0.5,0.707106781187));
#4329 = DIRECTION('',(-0.5,0.5,0.707106781187));
#4330 = ORIENTED_EDGE('',*,*,#2190,.F.);
#4331 = CONICAL_SURFACE('',#4332,20.,0.785398163397);
#4332 = AXIS2_PLACEMENT_3D('',#4333,#4334,#4335);
#4333 = CARTESIAN_POINT('',(0.,0.,1.6));
#4334 = DIRECTION('',(0.,0.,1.));
#4335 = DIRECTION('',(0.998749217772,5.E-02,0.));
#4336 = ADVANCED_FACE('',(#4337),#4349,.F.);
#4337 = FACE_BOUND('',#4338,.F.);
#4338 = EDGE_LOOP('',(#4339,#4346,#4347,#4348));
#4339 = ORIENTED_EDGE('',*,*,#4340,.F.);
#4340 = EDGE_CURVE('',#3096,#2215,#4341,.T.);
#4341 = PARABOLA('',#4342,4.419471796174);
#4342 = AXIS2_PLACEMENT_3D('',#4343,#4344,#4345);
#4343 = CARTESIAN_POINT('',(-4.419471796174,4.419471796174,
    8.849923047325));
#4344 = DIRECTION('',(0.5,-0.5,0.707106781187));
#4345 = DIRECTION('',(0.5,-0.5,-0.707106781187));
#4346 = ORIENTED_EDGE('',*,*,#3104,.T.);
#4347 = ORIENTED_EDGE('',*,*,#4324,.T.);
#4348 = ORIENTED_EDGE('',*,*,#2222,.F.);
#4349 = PLANE('',#4350);
#4350 = AXIS2_PLACEMENT_3D('',#4351,#4352,#4353);
#4351 = CARTESIAN_POINT('',(10.085301062643,8.954147867776,1.8));
#4352 = DIRECTION('',(-0.5,0.5,-0.707106781187));
#4353 = DIRECTION('',(0.707106781187,0.707106781187,3.330669073875E-16)
  );
#4354 = ADVANCED_FACE('',(#4355),#4367,.T.);
#4355 = FACE_BOUND('',#4356,.F.);
#4356 = EDGE_LOOP('',(#4357,#4364,#4365,#4366));
#4357 = ORIENTED_EDGE('',*,*,#4358,.F.);
#4358 = EDGE_CURVE('',#3088,#2239,#4359,.T.);
#4359 = PARABOLA('',#4360,4.419417382416);
#4360 = AXIS2_PLACEMENT_3D('',#4361,#4362,#4363);
#4361 = CARTESIAN_POINT('',(5.14E-15,-6.25,8.85));
#4362 = DIRECTION('',(4.3E-16,-0.707106781187,-0.707106781187));
#4363 = DIRECTION('',(-4.3E-16,0.707106781187,-0.707106781187));
#4364 = ORIENTED_EDGE('',*,*,#3095,.T.);
#4365 = ORIENTED_EDGE('',*,*,#4340,.T.);
#4366 = ORIENTED_EDGE('',*,*,#2246,.F.);
#4367 = CONICAL_SURFACE('',#4368,13.5,0.785398163397);
#4368 = AXIS2_PLACEMENT_3D('',#4369,#4370,#4371);
#4369 = CARTESIAN_POINT('',(1.36E-15,3.48E-15,1.6));
#4370 = DIRECTION('',(-0.,-0.,-1.));
#4371 = DIRECTION('',(0.997252742062,7.407407407407E-02,0.));
#4372 = ADVANCED_FACE('',(#4373),#4379,.F.);
#4373 = FACE_BOUND('',#4374,.F.);
#4374 = EDGE_LOOP('',(#4375,#4376,#4377,#4378));
#4375 = ORIENTED_EDGE('',*,*,#4316,.F.);
#4376 = ORIENTED_EDGE('',*,*,#3087,.T.);
#4377 = ORIENTED_EDGE('',*,*,#4358,.T.);
#4378 = ORIENTED_EDGE('',*,*,#2264,.F.);
#4379 = PLANE('',#4380);
#4380 = AXIS2_PLACEMENT_3D('',#4381,#4382,#4383);
#4381 = CARTESIAN_POINT('',(19.974984355438,0.8,1.8));
#4382 = DIRECTION('',(4.3E-16,-0.707106781187,-0.707106781187));
#4383 = DIRECTION('',(-1.,-4.940559159102E-16,-1.140559159102E-16));
#4384 = ADVANCED_FACE('',(#4385),#4403,.F.);
#4385 = FACE_BOUND('',#4386,.F.);
#4386 = EDGE_LOOP('',(#4387,#4394,#4395,#4402));
#4387 = ORIENTED_EDGE('',*,*,#4388,.F.);
#4388 = EDGE_CURVE('',#3221,#2281,#4389,.T.);
#4389 = PARABOLA('',#4390,7.424621202459);
#4390 = AXIS2_PLACEMENT_3D('',#4391,#4392,#4393);
#4391 = CARTESIAN_POINT('',(3.97E-15,10.5,-7.9));
#4392 = DIRECTION('',(2.7E-16,0.707106781187,0.707106781187));
#4393 = DIRECTION('',(-2.7E-16,-0.707106781187,0.707106781187));
#4394 = ORIENTED_EDGE('',*,*,#3220,.T.);
#4395 = ORIENTED_EDGE('',*,*,#4396,.T.);
#4396 = EDGE_CURVE('',#3223,#2289,#4397,.T.);
#4397 = PARABOLA('',#4398,7.424566788701);
#4398 = AXIS2_PLACEMENT_3D('',#4399,#4400,#4401);
#4399 = CARTESIAN_POINT('',(-7.424566788701,-7.424566788701,
    -7.900076952675));
#4400 = DIRECTION('',(0.5,0.5,-0.707106781187));
#4401 = DIRECTION('',(0.5,0.5,0.707106781187));
#4402 = ORIENTED_EDGE('',*,*,#2288,.F.);
#4403 = CONICAL_SURFACE('',#4404,20.,0.785398163397);
#4404 = AXIS2_PLACEMENT_3D('',#4405,#4406,#4407);
#4405 = CARTESIAN_POINT('',(0.,0.,1.6));
#4406 = DIRECTION('',(0.,0.,1.));
#4407 = DIRECTION('',(-0.998749217772,5.E-02,0.));
#4408 = ADVANCED_FACE('',(#4409),#4421,.T.);
#4409 = FACE_BOUND('',#4410,.T.);
#4410 = EDGE_LOOP('',(#4411,#4412,#4413,#4420));
#4411 = ORIENTED_EDGE('',*,*,#4388,.F.);
#4412 = ORIENTED_EDGE('',*,*,#3248,.T.);
#4413 = ORIENTED_EDGE('',*,*,#4414,.T.);
#4414 = EDGE_CURVE('',#3240,#2314,#4415,.T.);
#4415 = PARABOLA('',#4416,4.419417382416);
#4416 = AXIS2_PLACEMENT_3D('',#4417,#4418,#4419);
#4417 = CARTESIAN_POINT('',(-3.73E-15,-6.25,8.85));
#4418 = DIRECTION('',(2.7E-16,0.707106781187,0.707106781187));
#4419 = DIRECTION('',(2.7E-16,0.707106781187,-0.707106781187));
#4420 = ORIENTED_EDGE('',*,*,#2313,.F.);
#4421 = PLANE('',#4422);
#4422 = AXIS2_PLACEMENT_3D('',#4423,#4424,#4425);
#4423 = CARTESIAN_POINT('',(-19.97498435543,0.8,1.8));
#4424 = DIRECTION('',(2.7E-16,0.707106781187,0.707106781187));
#4425 = DIRECTION('',(1.,-3.809188309204E-16,-9.188309203679E-19));
#4426 = ADVANCED_FACE('',(#4427),#4439,.T.);
#4427 = FACE_BOUND('',#4428,.T.);
#4428 = EDGE_LOOP('',(#4429,#4430,#4431,#4438));
#4429 = ORIENTED_EDGE('',*,*,#4414,.F.);
#4430 = ORIENTED_EDGE('',*,*,#3239,.T.);
#4431 = ORIENTED_EDGE('',*,*,#4432,.T.);
#4432 = EDGE_CURVE('',#3232,#2338,#4433,.T.);
#4433 = PARABOLA('',#4434,4.419471796174);
#4434 = AXIS2_PLACEMENT_3D('',#4435,#4436,#4437);
#4435 = CARTESIAN_POINT('',(4.419471796174,4.419471796174,8.849923047325
    ));
#4436 = DIRECTION('',(0.5,0.5,-0.707106781187));
#4437 = DIRECTION('',(-0.5,-0.5,-0.707106781187));
#4438 = ORIENTED_EDGE('',*,*,#2337,.F.);
#4439 = CONICAL_SURFACE('',#4440,13.5,0.785398163397);
#4440 = AXIS2_PLACEMENT_3D('',#4441,#4442,#4443);
#4441 = CARTESIAN_POINT('',(-1.36E-15,3.48E-15,1.6));
#4442 = DIRECTION('',(-0.,-0.,-1.));
#4443 = DIRECTION('',(-0.997252742062,7.407407407407E-02,0.));
#4444 = ADVANCED_FACE('',(#4445),#4451,.T.);
#4445 = FACE_BOUND('',#4446,.T.);
#4446 = EDGE_LOOP('',(#4447,#4448,#4449,#4450));
#4447 = ORIENTED_EDGE('',*,*,#4432,.F.);
#4448 = ORIENTED_EDGE('',*,*,#3231,.T.);
#4449 = ORIENTED_EDGE('',*,*,#4396,.T.);
#4450 = ORIENTED_EDGE('',*,*,#2362,.F.);
#4451 = PLANE('',#4452);
#4452 = AXIS2_PLACEMENT_3D('',#4453,#4454,#4455);
#4453 = CARTESIAN_POINT('',(-10.08530106264,8.954147867776,1.8));
#4454 = DIRECTION('',(-0.5,-0.5,0.707106781187));
#4455 = DIRECTION('',(-0.707106781187,0.707106781187,1.387778780781E-16)
  );
#4456 = ADVANCED_FACE('',(#4457),#4476,.F.);
#4457 = FACE_BOUND('',#4458,.F.);
#4458 = EDGE_LOOP('',(#4459,#4467,#4468,#4469));
#4459 = ORIENTED_EDGE('',*,*,#4460,.F.);
#4460 = EDGE_CURVE('',#2379,#4461,#4463,.T.);
#4461 = VERTEX_POINT('',#4462);
#4462 = CARTESIAN_POINT('',(-23.3,25.,1.));
#4463 = LINE('',#4464,#4465);
#4464 = CARTESIAN_POINT('',(-23.3,25.,1.11E-14));
#4465 = VECTOR('',#4466,1.);
#4466 = DIRECTION('',(0.,-4.4E-16,1.));
#4467 = ORIENTED_EDGE('',*,*,#2388,.F.);
#4468 = ORIENTED_EDGE('',*,*,#4460,.T.);
#4469 = ORIENTED_EDGE('',*,*,#4470,.F.);
#4470 = EDGE_CURVE('',#4461,#4461,#4471,.T.);
#4471 = CIRCLE('',#4472,1.7);
#4472 = AXIS2_PLACEMENT_3D('',#4473,#4474,#4475);
#4473 = CARTESIAN_POINT('',(-25.,25.,1.));
#4474 = DIRECTION('',(0.,-4.4E-16,1.));
#4475 = DIRECTION('',(1.,0.,0.));
#4476 = CYLINDRICAL_SURFACE('',#4477,1.7);
#4477 = AXIS2_PLACEMENT_3D('',#4478,#4479,#4480);
#4478 = CARTESIAN_POINT('',(-25.,25.,1.11E-14));
#4479 = DIRECTION('',(0.,4.4E-16,-1.));
#4480 = DIRECTION('',(1.,0.,0.));
#4481 = ADVANCED_FACE('',(#4482),#4501,.F.);
#4482 = FACE_BOUND('',#4483,.T.);
#4483 = EDGE_LOOP('',(#4484,#4492,#4493,#4494));
#4484 = ORIENTED_EDGE('',*,*,#4485,.F.);
#4485 = EDGE_CURVE('',#2404,#4486,#4488,.T.);
#4486 = VERTEX_POINT('',#4487);
#4487 = CARTESIAN_POINT('',(-23.3,-25.,1.));
#4488 = LINE('',#4489,#4490);
#4489 = CARTESIAN_POINT('',(-23.3,-25.,0.));
#4490 = VECTOR('',#4491,1.);
#4491 = DIRECTION('',(0.,0.,1.));
#4492 = ORIENTED_EDGE('',*,*,#2413,.F.);
#4493 = ORIENTED_EDGE('',*,*,#4485,.T.);
#4494 = ORIENTED_EDGE('',*,*,#4495,.F.);
#4495 = EDGE_CURVE('',#4486,#4486,#4496,.T.);
#4496 = CIRCLE('',#4497,1.7);
#4497 = AXIS2_PLACEMENT_3D('',#4498,#4499,#4500);
#4498 = CARTESIAN_POINT('',(-25.,-25.,1.));
#4499 = DIRECTION('',(0.,0.,-1.));
#4500 = DIRECTION('',(1.,0.,0.));
#4501 = CYLINDRICAL_SURFACE('',#4502,1.7);
#4502 = AXIS2_PLACEMENT_3D('',#4503,#4504,#4505);
#4503 = CARTESIAN_POINT('',(-25.,-25.,0.));
#4504 = DIRECTION('',(-0.,-0.,-1.));
#4505 = DIRECTION('',(1.,0.,0.));
#4506 = ADVANCED_FACE('',(#4507),#4526,.F.);
#4507 = FACE_BOUND('',#4508,.F.);
#4508 = EDGE_LOOP('',(#4509,#4517,#4518,#4519));
#4509 = ORIENTED_EDGE('',*,*,#4510,.F.);
#4510 = EDGE_CURVE('',#2429,#4511,#4513,.T.);
#4511 = VERTEX_POINT('',#4512);
#4512 = CARTESIAN_POINT('',(23.3,-25.,1.));
#4513 = LINE('',#4514,#4515);
#4514 = CARTESIAN_POINT('',(23.3,-25.,5.17E-15));
#4515 = VECTOR('',#4516,1.);
#4516 = DIRECTION('',(-2.2E-16,0.,1.));
#4517 = ORIENTED_EDGE('',*,*,#2438,.F.);
#4518 = ORIENTED_EDGE('',*,*,#4510,.T.);
#4519 = ORIENTED_EDGE('',*,*,#4520,.F.);
#4520 = EDGE_CURVE('',#4511,#4511,#4521,.T.);
#4521 = CIRCLE('',#4522,1.7);
#4522 = AXIS2_PLACEMENT_3D('',#4523,#4524,#4525);
#4523 = CARTESIAN_POINT('',(25.,-25.,1.));
#4524 = DIRECTION('',(-2.2E-16,0.,1.));
#4525 = DIRECTION('',(-1.,2.2E-16,-2.2E-16));
#4526 = CYLINDRICAL_SURFACE('',#4527,1.7);
#4527 = AXIS2_PLACEMENT_3D('',#4528,#4529,#4530);
#4528 = CARTESIAN_POINT('',(25.,-25.,5.55E-15));
#4529 = DIRECTION('',(2.2E-16,0.,-1.));
#4530 = DIRECTION('',(-1.,2.2E-16,-2.2E-16));
#4531 = ADVANCED_FACE('',(#4532),#4557,.T.);
#4532 = FACE_BOUND('',#4533,.T.);
#4533 = EDGE_LOOP('',(#4534,#4542,#4543,#4551));
#4534 = ORIENTED_EDGE('',*,*,#4535,.F.);
#4535 = EDGE_CURVE('',#2454,#4536,#4538,.T.);
#4536 = VERTEX_POINT('',#4537);
#4537 = CARTESIAN_POINT('',(30.,-25.,1.6));
#4538 = LINE('',#4539,#4540);
#4539 = CARTESIAN_POINT('',(30.,-25.,6.66E-15));
#4540 = VECTOR('',#4541,1.);
#4541 = DIRECTION('',(-2.2E-16,0.,1.));
#4542 = ORIENTED_EDGE('',*,*,#2470,.T.);
#4543 = ORIENTED_EDGE('',*,*,#4544,.T.);
#4544 = EDGE_CURVE('',#2463,#4545,#4547,.T.);
#4545 = VERTEX_POINT('',#4546);
#4546 = CARTESIAN_POINT('',(30.,25.,1.6));
#4547 = LINE('',#4548,#4549);
#4548 = CARTESIAN_POINT('',(30.,25.,1.776E-14));
#4549 = VECTOR('',#4550,1.);
#4550 = DIRECTION('',(-2.2E-16,-4.4E-16,1.));
#4551 = ORIENTED_EDGE('',*,*,#4552,.T.);
#4552 = EDGE_CURVE('',#4545,#4536,#4553,.T.);
#4553 = LINE('',#4554,#4555);
#4554 = CARTESIAN_POINT('',(30.,25.,1.6));
#4555 = VECTOR('',#4556,1.);
#4556 = DIRECTION('',(-2.2E-16,-1.,-0.));
#4557 = PLANE('',#4558);
#4558 = AXIS2_PLACEMENT_3D('',#4559,#4560,#4561);
#4559 = CARTESIAN_POINT('',(30.,0.,1.));
#4560 = DIRECTION('',(1.,0.,0.));
#4561 = DIRECTION('',(0.,0.,1.));
#4562 = ADVANCED_FACE('',(#4563),#4582,.T.);
#4563 = FACE_BOUND('',#4564,.T.);
#4564 = EDGE_LOOP('',(#4565,#4566,#4575,#4581));
#4565 = ORIENTED_EDGE('',*,*,#4535,.T.);
#4566 = ORIENTED_EDGE('',*,*,#4567,.T.);
#4567 = EDGE_CURVE('',#4536,#4568,#4570,.T.);
#4568 = VERTEX_POINT('',#4569);
#4569 = CARTESIAN_POINT('',(25.,-30.,1.6));
#4570 = CIRCLE('',#4571,5.);
#4571 = AXIS2_PLACEMENT_3D('',#4572,#4573,#4574);
#4572 = CARTESIAN_POINT('',(25.,-25.,1.6));
#4573 = DIRECTION('',(0.,0.,-1.));
#4574 = DIRECTION('',(1.,0.,0.));
#4575 = ORIENTED_EDGE('',*,*,#4576,.F.);
#4576 = EDGE_CURVE('',#2485,#4568,#4577,.T.);
#4577 = LINE('',#4578,#4579);
#4578 = CARTESIAN_POINT('',(25.,-30.,5.55E-15));
#4579 = VECTOR('',#4580,1.);
#4580 = DIRECTION('',(-2.2E-16,0.,1.));
#4581 = ORIENTED_EDGE('',*,*,#2494,.T.);
#4582 = CYLINDRICAL_SURFACE('',#4583,5.);
#4583 = AXIS2_PLACEMENT_3D('',#4584,#4585,#4586);
#4584 = CARTESIAN_POINT('',(25.,-25.,5.55E-15));
#4585 = DIRECTION('',(2.2E-16,0.,-1.));
#4586 = DIRECTION('',(-1.,2.2E-16,-2.2E-16));
#4587 = ADVANCED_FACE('',(#4588),#4607,.T.);
#4588 = FACE_BOUND('',#4589,.F.);
#4589 = EDGE_LOOP('',(#4590,#4591,#4600,#4606));
#4590 = ORIENTED_EDGE('',*,*,#4544,.T.);
#4591 = ORIENTED_EDGE('',*,*,#4592,.F.);
#4592 = EDGE_CURVE('',#4593,#4545,#4595,.T.);
#4593 = VERTEX_POINT('',#4594);
#4594 = CARTESIAN_POINT('',(25.,30.,1.6));
#4595 = CIRCLE('',#4596,5.);
#4596 = AXIS2_PLACEMENT_3D('',#4597,#4598,#4599);
#4597 = CARTESIAN_POINT('',(25.,25.,1.6));
#4598 = DIRECTION('',(0.,0.,-1.));
#4599 = DIRECTION('',(0.,1.,0.));
#4600 = ORIENTED_EDGE('',*,*,#4601,.F.);
#4601 = EDGE_CURVE('',#2512,#4593,#4602,.T.);
#4602 = LINE('',#4603,#4604);
#4603 = CARTESIAN_POINT('',(25.,30.,1.887E-14));
#4604 = VECTOR('',#4605,1.);
#4605 = DIRECTION('',(-2.2E-16,-4.4E-16,1.));
#4606 = ORIENTED_EDGE('',*,*,#2519,.F.);
#4607 = CYLINDRICAL_SURFACE('',#4608,5.);
#4608 = AXIS2_PLACEMENT_3D('',#4609,#4610,#4611);
#4609 = CARTESIAN_POINT('',(25.,25.,1.665E-14));
#4610 = DIRECTION('',(2.2E-16,4.4E-16,-1.));
#4611 = DIRECTION('',(-1.,-2.2E-16,-2.2E-16));
#4612 = ADVANCED_FACE('',(#4613),#4631,.T.);
#4613 = FACE_BOUND('',#4614,.T.);
#4614 = EDGE_LOOP('',(#4615,#4623,#4624,#4625));
#4615 = ORIENTED_EDGE('',*,*,#4616,.F.);
#4616 = EDGE_CURVE('',#2535,#4617,#4619,.T.);
#4617 = VERTEX_POINT('',#4618);
#4618 = CARTESIAN_POINT('',(-25.,-30.,1.6));
#4619 = LINE('',#4620,#4621);
#4620 = CARTESIAN_POINT('',(-25.,-30.,0.));
#4621 = VECTOR('',#4622,1.);
#4622 = DIRECTION('',(0.,0.,1.));
#4623 = ORIENTED_EDGE('',*,*,#2544,.T.);
#4624 = ORIENTED_EDGE('',*,*,#4576,.T.);
#4625 = ORIENTED_EDGE('',*,*,#4626,.T.);
#4626 = EDGE_CURVE('',#4568,#4617,#4627,.T.);
#4627 = LINE('',#4628,#4629);
#4628 = CARTESIAN_POINT('',(25.,-30.,1.6));
#4629 = VECTOR('',#4630,1.);
#4630 = DIRECTION('',(-1.,-0.,-0.));
#4631 = PLANE('',#4632);
#4632 = AXIS2_PLACEMENT_3D('',#4633,#4634,#4635);
#4633 = CARTESIAN_POINT('',(-4.37E-15,-30.,1.));
#4634 = DIRECTION('',(-0.,-1.,-0.));
#4635 = DIRECTION('',(0.,0.,-1.));
#4636 = ADVANCED_FACE('',(#4637),#4655,.T.);
#4637 = FACE_BOUND('',#4638,.F.);
#4638 = EDGE_LOOP('',(#4639,#4647,#4648,#4649));
#4639 = ORIENTED_EDGE('',*,*,#4640,.F.);
#4640 = EDGE_CURVE('',#2561,#4641,#4643,.T.);
#4641 = VERTEX_POINT('',#4642);
#4642 = CARTESIAN_POINT('',(-25.,30.,1.6));
#4643 = LINE('',#4644,#4645);
#4644 = CARTESIAN_POINT('',(-25.,30.,1.332E-14));
#4645 = VECTOR('',#4646,1.);
#4646 = DIRECTION('',(0.,-4.4E-16,1.));
#4647 = ORIENTED_EDGE('',*,*,#2568,.F.);
#4648 = ORIENTED_EDGE('',*,*,#4601,.T.);
#4649 = ORIENTED_EDGE('',*,*,#4650,.F.);
#4650 = EDGE_CURVE('',#4641,#4593,#4651,.T.);
#4651 = LINE('',#4652,#4653);
#4652 = CARTESIAN_POINT('',(-25.,30.,1.6));
#4653 = VECTOR('',#4654,1.);
#4654 = DIRECTION('',(1.,0.,0.));
#4655 = PLANE('',#4656);
#4656 = AXIS2_PLACEMENT_3D('',#4657,#4658,#4659);
#4657 = CARTESIAN_POINT('',(-4.37E-15,30.,1.));
#4658 = DIRECTION('',(0.,1.,4.4E-16));
#4659 = DIRECTION('',(0.,-4.4E-16,1.));
#4660 = ADVANCED_FACE('',(#4661),#4680,.T.);
#4661 = FACE_BOUND('',#4662,.F.);
#4662 = EDGE_LOOP('',(#4663,#4671,#4678,#4679));
#4663 = ORIENTED_EDGE('',*,*,#4664,.T.);
#4664 = EDGE_CURVE('',#2583,#4665,#4667,.T.);
#4665 = VERTEX_POINT('',#4666);
#4666 = CARTESIAN_POINT('',(-30.,-25.,1.6));
#4667 = LINE('',#4668,#4669);
#4668 = CARTESIAN_POINT('',(-30.,-25.,0.));
#4669 = VECTOR('',#4670,1.);
#4670 = DIRECTION('',(0.,0.,1.));
#4671 = ORIENTED_EDGE('',*,*,#4672,.F.);
#4672 = EDGE_CURVE('',#4617,#4665,#4673,.T.);
#4673 = CIRCLE('',#4674,5.);
#4674 = AXIS2_PLACEMENT_3D('',#4675,#4676,#4677);
#4675 = CARTESIAN_POINT('',(-25.,-25.,1.6));
#4676 = DIRECTION('',(-0.,-0.,-1.));
#4677 = DIRECTION('',(0.,-1.,0.));
#4678 = ORIENTED_EDGE('',*,*,#4616,.F.);
#4679 = ORIENTED_EDGE('',*,*,#2592,.F.);
#4680 = CYLINDRICAL_SURFACE('',#4681,5.);
#4681 = AXIS2_PLACEMENT_3D('',#4682,#4683,#4684);
#4682 = CARTESIAN_POINT('',(-25.,-25.,0.));
#4683 = DIRECTION('',(-0.,-0.,-1.));
#4684 = DIRECTION('',(1.,0.,0.));
#4685 = ADVANCED_FACE('',(#4686),#4705,.T.);
#4686 = FACE_BOUND('',#4687,.T.);
#4687 = EDGE_LOOP('',(#4688,#4696,#4703,#4704));
#4688 = ORIENTED_EDGE('',*,*,#4689,.T.);
#4689 = EDGE_CURVE('',#2610,#4690,#4692,.T.);
#4690 = VERTEX_POINT('',#4691);
#4691 = CARTESIAN_POINT('',(-30.,25.,1.6));
#4692 = LINE('',#4693,#4694);
#4693 = CARTESIAN_POINT('',(-30.,25.,1.11E-14));
#4694 = VECTOR('',#4695,1.);
#4695 = DIRECTION('',(0.,-4.4E-16,1.));
#4696 = ORIENTED_EDGE('',*,*,#4697,.T.);
#4697 = EDGE_CURVE('',#4690,#4641,#4698,.T.);
#4698 = CIRCLE('',#4699,5.);
#4699 = AXIS2_PLACEMENT_3D('',#4700,#4701,#4702);
#4700 = CARTESIAN_POINT('',(-25.,25.,1.6));
#4701 = DIRECTION('',(0.,0.,-1.));
#4702 = DIRECTION('',(-1.,0.,0.));
#4703 = ORIENTED_EDGE('',*,*,#4640,.F.);
#4704 = ORIENTED_EDGE('',*,*,#2617,.T.);
#4705 = CYLINDRICAL_SURFACE('',#4706,5.);
#4706 = AXIS2_PLACEMENT_3D('',#4707,#4708,#4709);
#4707 = CARTESIAN_POINT('',(-25.,25.,1.11E-14));
#4708 = DIRECTION('',(0.,4.4E-16,-1.));
#4709 = DIRECTION('',(1.,0.,0.));
#4710 = ADVANCED_FACE('',(#4711),#4722,.T.);
#4711 = FACE_BOUND('',#4712,.T.);
#4712 = EDGE_LOOP('',(#4713,#4714,#4720,#4721));
#4713 = ORIENTED_EDGE('',*,*,#4664,.T.);
#4714 = ORIENTED_EDGE('',*,*,#4715,.T.);
#4715 = EDGE_CURVE('',#4665,#4690,#4716,.T.);
#4716 = LINE('',#4717,#4718);
#4717 = CARTESIAN_POINT('',(-30.,-25.,1.6));
#4718 = VECTOR('',#4719,1.);
#4719 = DIRECTION('',(0.,1.,0.));
#4720 = ORIENTED_EDGE('',*,*,#4689,.F.);
#4721 = ORIENTED_EDGE('',*,*,#2635,.T.);
#4722 = PLANE('',#4723);
#4723 = AXIS2_PLACEMENT_3D('',#4724,#4725,#4726);
#4724 = CARTESIAN_POINT('',(-30.,0.,1.));
#4725 = DIRECTION('',(-1.,-0.,-0.));
#4726 = DIRECTION('',(0.,0.,-1.));
#4727 = ADVANCED_FACE('',(#4728,#4739),#4742,.T.);
#4728 = FACE_BOUND('',#4729,.T.);
#4729 = EDGE_LOOP('',(#4730));
#4730 = ORIENTED_EDGE('',*,*,#4731,.T.);
#4731 = EDGE_CURVE('',#4732,#4732,#4734,.T.);
#4732 = VERTEX_POINT('',#4733);
#4733 = CARTESIAN_POINT('',(22.,25.,1.));
#4734 = CIRCLE('',#4735,3.);
#4735 = AXIS2_PLACEMENT_3D('',#4736,#4737,#4738);
#4736 = CARTESIAN_POINT('',(25.,25.,1.));
#4737 = DIRECTION('',(-2.2E-16,-4.4E-16,1.));
#4738 = DIRECTION('',(-1.,-2.2E-16,-2.2E-16));
#4739 = FACE_BOUND('',#4740,.T.);
#4740 = EDGE_LOOP('',(#4741));
#4741 = ORIENTED_EDGE('',*,*,#2659,.T.);
#4742 = PLANE('',#4743);
#4743 = AXIS2_PLACEMENT_3D('',#4744,#4745,#4746);
#4744 = CARTESIAN_POINT('',(25.,25.,1.));
#4745 = DIRECTION('',(-2.2E-16,-4.4E-16,1.));
#4746 = DIRECTION('',(-1.,-2.2E-16,-2.2E-16));
#4747 = ADVANCED_FACE('',(#4748),#4767,.F.);
#4748 = FACE_BOUND('',#4749,.F.);
#4749 = EDGE_LOOP('',(#4750,#4758,#4765,#4766));
#4750 = ORIENTED_EDGE('',*,*,#4751,.F.);
#4751 = EDGE_CURVE('',#4752,#2781,#4754,.T.);
#4752 = VERTEX_POINT('',#4753);
#4753 = CARTESIAN_POINT('',(22.,25.,1.6));
#4754 = LINE('',#4755,#4756);
#4755 = CARTESIAN_POINT('',(22.,25.,1.6));
#4756 = VECTOR('',#4757,1.);
#4757 = DIRECTION('',(-0.707106781187,0.,0.707106781187));
#4758 = ORIENTED_EDGE('',*,*,#4759,.T.);
#4759 = EDGE_CURVE('',#4752,#4752,#4760,.T.);
#4760 = CIRCLE('',#4761,3.);
#4761 = AXIS2_PLACEMENT_3D('',#4762,#4763,#4764);
#4762 = CARTESIAN_POINT('',(25.,25.,1.6));
#4763 = DIRECTION('',(0.,0.,1.));
#4764 = DIRECTION('',(-1.,0.,0.));
#4765 = ORIENTED_EDGE('',*,*,#4751,.T.);
#4766 = ORIENTED_EDGE('',*,*,#2780,.F.);
#4767 = CONICAL_SURFACE('',#4768,3.,0.785398163397);
#4768 = AXIS2_PLACEMENT_3D('',#4769,#4770,#4771);
#4769 = CARTESIAN_POINT('',(25.,25.,1.6));
#4770 = DIRECTION('',(0.,0.,1.));
#4771 = DIRECTION('',(-1.,0.,0.));
#4772 = ADVANCED_FACE('',(#4773),#4792,.F.);
#4773 = FACE_BOUND('',#4774,.T.);
#4774 = EDGE_LOOP('',(#4775,#4783,#4790,#4791));
#4775 = ORIENTED_EDGE('',*,*,#4776,.F.);
#4776 = EDGE_CURVE('',#4777,#2792,#4779,.T.);
#4777 = VERTEX_POINT('',#4778);
#4778 = CARTESIAN_POINT('',(22.,-25.,1.6));
#4779 = LINE('',#4780,#4781);
#4780 = CARTESIAN_POINT('',(22.,-25.,1.6));
#4781 = VECTOR('',#4782,1.);
#4782 = DIRECTION('',(-0.707106781187,0.,0.707106781187));
#4783 = ORIENTED_EDGE('',*,*,#4784,.T.);
#4784 = EDGE_CURVE('',#4777,#4777,#4785,.T.);
#4785 = CIRCLE('',#4786,3.);
#4786 = AXIS2_PLACEMENT_3D('',#4787,#4788,#4789);
#4787 = CARTESIAN_POINT('',(25.,-25.,1.6));
#4788 = DIRECTION('',(0.,0.,-1.));
#4789 = DIRECTION('',(-1.,0.,0.));
#4790 = ORIENTED_EDGE('',*,*,#4776,.T.);
#4791 = ORIENTED_EDGE('',*,*,#2791,.F.);
#4792 = CONICAL_SURFACE('',#4793,3.,0.785398163397);
#4793 = AXIS2_PLACEMENT_3D('',#4794,#4795,#4796);
#4794 = CARTESIAN_POINT('',(25.,-25.,1.6));
#4795 = DIRECTION('',(0.,0.,1.));
#4796 = DIRECTION('',(-1.,0.,0.));
#4797 = ADVANCED_FACE('',(#4798),#4817,.F.);
#4798 = FACE_BOUND('',#4799,.F.);
#4799 = EDGE_LOOP('',(#4800,#4808,#4815,#4816));
#4800 = ORIENTED_EDGE('',*,*,#4801,.F.);
#4801 = EDGE_CURVE('',#4802,#2803,#4804,.T.);
#4802 = VERTEX_POINT('',#4803);
#4803 = CARTESIAN_POINT('',(-22.,-25.,1.6));
#4804 = LINE('',#4805,#4806);
#4805 = CARTESIAN_POINT('',(-22.,-25.,1.6));
#4806 = VECTOR('',#4807,1.);
#4807 = DIRECTION('',(0.707106781187,0.,0.707106781187));
#4808 = ORIENTED_EDGE('',*,*,#4809,.T.);
#4809 = EDGE_CURVE('',#4802,#4802,#4810,.T.);
#4810 = CIRCLE('',#4811,3.);
#4811 = AXIS2_PLACEMENT_3D('',#4812,#4813,#4814);
#4812 = CARTESIAN_POINT('',(-25.,-25.,1.6));
#4813 = DIRECTION('',(0.,0.,1.));
#4814 = DIRECTION('',(1.,0.,0.));
#4815 = ORIENTED_EDGE('',*,*,#4801,.T.);
#4816 = ORIENTED_EDGE('',*,*,#2802,.F.);
#4817 = CONICAL_SURFACE('',#4818,3.,0.785398163397);
#4818 = AXIS2_PLACEMENT_3D('',#4819,#4820,#4821);
#4819 = CARTESIAN_POINT('',(-25.,-25.,1.6));
#4820 = DIRECTION('',(0.,0.,1.));
#4821 = DIRECTION('',(1.,0.,0.));
#4822 = ADVANCED_FACE('',(#4823),#4842,.F.);
#4823 = FACE_BOUND('',#4824,.T.);
#4824 = EDGE_LOOP('',(#4825,#4833,#4840,#4841));
#4825 = ORIENTED_EDGE('',*,*,#4826,.F.);
#4826 = EDGE_CURVE('',#4827,#2814,#4829,.T.);
#4827 = VERTEX_POINT('',#4828);
#4828 = CARTESIAN_POINT('',(-22.,25.,1.6));
#4829 = LINE('',#4830,#4831);
#4830 = CARTESIAN_POINT('',(-22.,25.,1.6));
#4831 = VECTOR('',#4832,1.);
#4832 = DIRECTION('',(0.707106781187,0.,0.707106781187));
#4833 = ORIENTED_EDGE('',*,*,#4834,.T.);
#4834 = EDGE_CURVE('',#4827,#4827,#4835,.T.);
#4835 = CIRCLE('',#4836,3.);
#4836 = AXIS2_PLACEMENT_3D('',#4837,#4838,#4839);
#4837 = CARTESIAN_POINT('',(-25.,25.,1.6));
#4838 = DIRECTION('',(0.,0.,-1.));
#4839 = DIRECTION('',(1.,0.,0.));
#4840 = ORIENTED_EDGE('',*,*,#4826,.T.);
#4841 = ORIENTED_EDGE('',*,*,#2813,.F.);
#4842 = CONICAL_SURFACE('',#4843,3.,0.785398163397);
#4843 = AXIS2_PLACEMENT_3D('',#4844,#4845,#4846);
#4844 = CARTESIAN_POINT('',(-25.,25.,1.6));
#4845 = DIRECTION('',(0.,0.,1.));
#4846 = DIRECTION('',(1.,0.,0.));
#4847 = ADVANCED_FACE('',(#4848),#4864,.T.);
#4848 = FACE_BOUND('',#4849,.T.);
#4849 = EDGE_LOOP('',(#4850,#4856,#4857,#4863));
#4850 = ORIENTED_EDGE('',*,*,#4851,.F.);
#4851 = EDGE_CURVE('',#3329,#4545,#4852,.T.);
#4852 = LINE('',#4853,#4854);
#4853 = CARTESIAN_POINT('',(29.8,25.,1.8));
#4854 = VECTOR('',#4855,1.);
#4855 = DIRECTION('',(0.707106781187,-1.6E-16,-0.707106781187));
#4856 = ORIENTED_EDGE('',*,*,#3328,.T.);
#4857 = ORIENTED_EDGE('',*,*,#4858,.T.);
#4858 = EDGE_CURVE('',#3331,#4536,#4859,.T.);
#4859 = LINE('',#4860,#4861);
#4860 = CARTESIAN_POINT('',(29.8,-25.,1.8));
#4861 = VECTOR('',#4862,1.);
#4862 = DIRECTION('',(0.707106781187,-1.6E-16,-0.707106781187));
#4863 = ORIENTED_EDGE('',*,*,#4552,.F.);
#4864 = PLANE('',#4865);
#4865 = AXIS2_PLACEMENT_3D('',#4866,#4867,#4868);
#4866 = CARTESIAN_POINT('',(29.8,25.,1.8));
#4867 = DIRECTION('',(0.707106781187,0.,0.707106781187));
#4868 = DIRECTION('',(-1.1E-16,-1.,1.1E-16));
#4869 = ADVANCED_FACE('',(#4870),#4881,.T.);
#4870 = FACE_BOUND('',#4871,.T.);
#4871 = EDGE_LOOP('',(#4872,#4878,#4879,#4880));
#4872 = ORIENTED_EDGE('',*,*,#4873,.F.);
#4873 = EDGE_CURVE('',#3339,#4593,#4874,.T.);
#4874 = LINE('',#4875,#4876);
#4875 = CARTESIAN_POINT('',(25.,29.8,1.8));
#4876 = VECTOR('',#4877,1.);
#4877 = DIRECTION('',(0.,0.707106781187,-0.707106781187));
#4878 = ORIENTED_EDGE('',*,*,#3338,.T.);
#4879 = ORIENTED_EDGE('',*,*,#4851,.T.);
#4880 = ORIENTED_EDGE('',*,*,#4592,.F.);
#4881 = CONICAL_SURFACE('',#4882,5.,0.785398163397);
#4882 = AXIS2_PLACEMENT_3D('',#4883,#4884,#4885);
#4883 = CARTESIAN_POINT('',(25.,25.,1.6));
#4884 = DIRECTION('',(-0.,-0.,-1.));
#4885 = DIRECTION('',(0.,1.,0.));
#4886 = ADVANCED_FACE('',(#4887),#4898,.T.);
#4887 = FACE_BOUND('',#4888,.T.);
#4888 = EDGE_LOOP('',(#4889,#4890,#4891,#4897));
#4889 = ORIENTED_EDGE('',*,*,#4858,.F.);
#4890 = ORIENTED_EDGE('',*,*,#3389,.T.);
#4891 = ORIENTED_EDGE('',*,*,#4892,.T.);
#4892 = EDGE_CURVE('',#3382,#4568,#4893,.T.);
#4893 = LINE('',#4894,#4895);
#4894 = CARTESIAN_POINT('',(25.,-30.,1.6));
#4895 = VECTOR('',#4896,1.);
#4896 = DIRECTION('',(4.E-17,-0.707106781187,-0.707106781187));
#4897 = ORIENTED_EDGE('',*,*,#4567,.F.);
#4898 = CONICAL_SURFACE('',#4899,5.,0.785398163397);
#4899 = AXIS2_PLACEMENT_3D('',#4900,#4901,#4902);
#4900 = CARTESIAN_POINT('',(25.,-25.,1.6));
#4901 = DIRECTION('',(-0.,-0.,-1.));
#4902 = DIRECTION('',(1.,0.,0.));
#4903 = ADVANCED_FACE('',(#4904),#4915,.F.);
#4904 = FACE_BOUND('',#4905,.T.);
#4905 = EDGE_LOOP('',(#4906,#4912,#4913,#4914));
#4906 = ORIENTED_EDGE('',*,*,#4907,.F.);
#4907 = EDGE_CURVE('',#3348,#4641,#4908,.T.);
#4908 = LINE('',#4909,#4910);
#4909 = CARTESIAN_POINT('',(-25.,30.,1.6));
#4910 = VECTOR('',#4911,1.);
#4911 = DIRECTION('',(-4.E-17,0.707106781187,-0.707106781187));
#4912 = ORIENTED_EDGE('',*,*,#3347,.T.);
#4913 = ORIENTED_EDGE('',*,*,#4873,.T.);
#4914 = ORIENTED_EDGE('',*,*,#4650,.F.);
#4915 = PLANE('',#4916);
#4916 = AXIS2_PLACEMENT_3D('',#4917,#4918,#4919);
#4917 = CARTESIAN_POINT('',(-25.,29.8,1.8));
#4918 = DIRECTION('',(0.,-0.707106781187,-0.707106781187));
#4919 = DIRECTION('',(-1.,-0.,-0.));
#4920 = ADVANCED_FACE('',(#4921),#4932,.T.);
#4921 = FACE_BOUND('',#4922,.T.);
#4922 = EDGE_LOOP('',(#4923,#4924,#4925,#4931));
#4923 = ORIENTED_EDGE('',*,*,#4892,.F.);
#4924 = ORIENTED_EDGE('',*,*,#3381,.T.);
#4925 = ORIENTED_EDGE('',*,*,#4926,.T.);
#4926 = EDGE_CURVE('',#3373,#4617,#4927,.T.);
#4927 = LINE('',#4928,#4929);
#4928 = CARTESIAN_POINT('',(-25.,-29.8,1.8));
#4929 = VECTOR('',#4930,1.);
#4930 = DIRECTION('',(0.,-0.707106781187,-0.707106781187));
#4931 = ORIENTED_EDGE('',*,*,#4626,.F.);
#4932 = PLANE('',#4933);
#4933 = AXIS2_PLACEMENT_3D('',#4934,#4935,#4936);
#4934 = CARTESIAN_POINT('',(25.,-29.8,1.8));
#4935 = DIRECTION('',(0.,-0.707106781187,0.707106781187));
#4936 = DIRECTION('',(-1.,0.,0.));
#4937 = ADVANCED_FACE('',(#4938),#4949,.T.);
#4938 = FACE_BOUND('',#4939,.T.);
#4939 = EDGE_LOOP('',(#4940,#4946,#4947,#4948));
#4940 = ORIENTED_EDGE('',*,*,#4941,.F.);
#4941 = EDGE_CURVE('',#3356,#4690,#4942,.T.);
#4942 = LINE('',#4943,#4944);
#4943 = CARTESIAN_POINT('',(-29.8,25.,1.8));
#4944 = VECTOR('',#4945,1.);
#4945 = DIRECTION('',(-0.707106781187,0.,-0.707106781187));
#4946 = ORIENTED_EDGE('',*,*,#3355,.T.);
#4947 = ORIENTED_EDGE('',*,*,#4907,.T.);
#4948 = ORIENTED_EDGE('',*,*,#4697,.F.);
#4949 = CONICAL_SURFACE('',#4950,5.,0.785398163397);
#4950 = AXIS2_PLACEMENT_3D('',#4951,#4952,#4953);
#4951 = CARTESIAN_POINT('',(-25.,25.,1.6));
#4952 = DIRECTION('',(-0.,-0.,-1.));
#4953 = DIRECTION('',(-1.,0.,0.));
#4954 = ADVANCED_FACE('',(#4955),#4966,.T.);
#4955 = FACE_BOUND('',#4956,.T.);
#4956 = EDGE_LOOP('',(#4957,#4958,#4959,#4965));
#4957 = ORIENTED_EDGE('',*,*,#4926,.F.);
#4958 = ORIENTED_EDGE('',*,*,#3372,.T.);
#4959 = ORIENTED_EDGE('',*,*,#4960,.T.);
#4960 = EDGE_CURVE('',#3365,#4665,#4961,.T.);
#4961 = LINE('',#4962,#4963);
#4962 = CARTESIAN_POINT('',(-30.,-25.,1.6));
#4963 = VECTOR('',#4964,1.);
#4964 = DIRECTION('',(-0.707106781187,-4.E-17,-0.707106781187));
#4965 = ORIENTED_EDGE('',*,*,#4672,.F.);
#4966 = CONICAL_SURFACE('',#4967,5.,0.785398163397);
#4967 = AXIS2_PLACEMENT_3D('',#4968,#4969,#4970);
#4968 = CARTESIAN_POINT('',(-25.,-25.,1.6));
#4969 = DIRECTION('',(-0.,-0.,-1.));
#4970 = DIRECTION('',(0.,-1.,0.));
#4971 = ADVANCED_FACE('',(#4972),#4978,.T.);
#4972 = FACE_BOUND('',#4973,.T.);
#4973 = EDGE_LOOP('',(#4974,#4975,#4976,#4977));
#4974 = ORIENTED_EDGE('',*,*,#4960,.F.);
#4975 = ORIENTED_EDGE('',*,*,#3364,.T.);
#4976 = ORIENTED_EDGE('',*,*,#4941,.T.);
#4977 = ORIENTED_EDGE('',*,*,#4715,.F.);
#4978 = PLANE('',#4979);
#4979 = AXIS2_PLACEMENT_3D('',#4980,#4981,#4982);
#4980 = CARTESIAN_POINT('',(-29.8,-25.,1.8));
#4981 = DIRECTION('',(-0.707106781187,0.,0.707106781187));
#4982 = DIRECTION('',(0.,1.,0.));
#4983 = ADVANCED_FACE('',(#4984,#4995),#4998,.T.);
#4984 = FACE_BOUND('',#4985,.F.);
#4985 = EDGE_LOOP('',(#4986));
#4986 = ORIENTED_EDGE('',*,*,#4987,.T.);
#4987 = EDGE_CURVE('',#4988,#4988,#4990,.T.);
#4988 = VERTEX_POINT('',#4989);
#4989 = CARTESIAN_POINT('',(-22.,25.,1.));
#4990 = CIRCLE('',#4991,3.);
#4991 = AXIS2_PLACEMENT_3D('',#4992,#4993,#4994);
#4992 = CARTESIAN_POINT('',(-25.,25.,1.));
#4993 = DIRECTION('',(0.,4.4E-16,-1.));
#4994 = DIRECTION('',(1.,0.,0.));
#4995 = FACE_BOUND('',#4996,.F.);
#4996 = EDGE_LOOP('',(#4997));
#4997 = ORIENTED_EDGE('',*,*,#4470,.T.);
#4998 = PLANE('',#4999);
#4999 = AXIS2_PLACEMENT_3D('',#5000,#5001,#5002);
#5000 = CARTESIAN_POINT('',(-25.,25.,1.));
#5001 = DIRECTION('',(0.,-4.4E-16,1.));
#5002 = DIRECTION('',(-1.,-0.,-0.));
#5003 = ADVANCED_FACE('',(#5004,#5015),#5018,.T.);
#5004 = FACE_BOUND('',#5005,.T.);
#5005 = EDGE_LOOP('',(#5006));
#5006 = ORIENTED_EDGE('',*,*,#5007,.T.);
#5007 = EDGE_CURVE('',#5008,#5008,#5010,.T.);
#5008 = VERTEX_POINT('',#5009);
#5009 = CARTESIAN_POINT('',(-22.,-25.,1.));
#5010 = CIRCLE('',#5011,3.);
#5011 = AXIS2_PLACEMENT_3D('',#5012,#5013,#5014);
#5012 = CARTESIAN_POINT('',(-25.,-25.,1.));
#5013 = DIRECTION('',(0.,0.,1.));
#5014 = DIRECTION('',(1.,0.,0.));
#5015 = FACE_BOUND('',#5016,.T.);
#5016 = EDGE_LOOP('',(#5017));
#5017 = ORIENTED_EDGE('',*,*,#4495,.T.);
#5018 = PLANE('',#5019);
#5019 = AXIS2_PLACEMENT_3D('',#5020,#5021,#5022);
#5020 = CARTESIAN_POINT('',(-25.,-25.,1.));
#5021 = DIRECTION('',(0.,0.,1.));
#5022 = DIRECTION('',(1.,0.,0.));
#5023 = ADVANCED_FACE('',(#5024,#5035),#5038,.T.);
#5024 = FACE_BOUND('',#5025,.F.);
#5025 = EDGE_LOOP('',(#5026));
#5026 = ORIENTED_EDGE('',*,*,#5027,.T.);
#5027 = EDGE_CURVE('',#5028,#5028,#5030,.T.);
#5028 = VERTEX_POINT('',#5029);
#5029 = CARTESIAN_POINT('',(22.,-25.,1.));
#5030 = CIRCLE('',#5031,3.);
#5031 = AXIS2_PLACEMENT_3D('',#5032,#5033,#5034);
#5032 = CARTESIAN_POINT('',(25.,-25.,1.));
#5033 = DIRECTION('',(2.2E-16,0.,-1.));
#5034 = DIRECTION('',(-1.,2.2E-16,-2.2E-16));
#5035 = FACE_BOUND('',#5036,.F.);
#5036 = EDGE_LOOP('',(#5037));
#5037 = ORIENTED_EDGE('',*,*,#4520,.T.);
#5038 = PLANE('',#5039);
#5039 = AXIS2_PLACEMENT_3D('',#5040,#5041,#5042);
#5040 = CARTESIAN_POINT('',(25.,-25.,1.));
#5041 = DIRECTION('',(-2.2E-16,0.,1.));
#5042 = DIRECTION('',(1.,-2.2E-16,2.2E-16));
#5043 = ADVANCED_FACE('',(#5044),#5055,.F.);
#5044 = FACE_BOUND('',#5045,.F.);
#5045 = EDGE_LOOP('',(#5046,#5052,#5053,#5054));
#5046 = ORIENTED_EDGE('',*,*,#5047,.T.);
#5047 = EDGE_CURVE('',#4752,#4732,#5048,.T.);
#5048 = LINE('',#5049,#5050);
#5049 = CARTESIAN_POINT('',(22.,25.,2.));
#5050 = VECTOR('',#5051,1.);
#5051 = DIRECTION('',(2.2E-16,4.4E-16,-1.));
#5052 = ORIENTED_EDGE('',*,*,#4731,.T.);
#5053 = ORIENTED_EDGE('',*,*,#5047,.F.);
#5054 = ORIENTED_EDGE('',*,*,#4759,.F.);
#5055 = CYLINDRICAL_SURFACE('',#5056,3.);
#5056 = AXIS2_PLACEMENT_3D('',#5057,#5058,#5059);
#5057 = CARTESIAN_POINT('',(25.,25.,2.));
#5058 = DIRECTION('',(-2.2E-16,-4.4E-16,1.));
#5059 = DIRECTION('',(-1.,-2.2E-16,-2.2E-16));
#5060 = ADVANCED_FACE('',(#5061),#5072,.F.);
#5061 = FACE_BOUND('',#5062,.T.);
#5062 = EDGE_LOOP('',(#5063,#5069,#5070,#5071));
#5063 = ORIENTED_EDGE('',*,*,#5064,.T.);
#5064 = EDGE_CURVE('',#4777,#5028,#5065,.T.);
#5065 = LINE('',#5066,#5067);
#5066 = CARTESIAN_POINT('',(22.,-25.,2.));
#5067 = VECTOR('',#5068,1.);
#5068 = DIRECTION('',(2.2E-16,0.,-1.));
#5069 = ORIENTED_EDGE('',*,*,#5027,.T.);
#5070 = ORIENTED_EDGE('',*,*,#5064,.F.);
#5071 = ORIENTED_EDGE('',*,*,#4784,.F.);
#5072 = CYLINDRICAL_SURFACE('',#5073,3.);
#5073 = AXIS2_PLACEMENT_3D('',#5074,#5075,#5076);
#5074 = CARTESIAN_POINT('',(25.,-25.,2.));
#5075 = DIRECTION('',(-2.2E-16,0.,1.));
#5076 = DIRECTION('',(-1.,2.2E-16,-2.2E-16));
#5077 = ADVANCED_FACE('',(#5078),#5089,.F.);
#5078 = FACE_BOUND('',#5079,.F.);
#5079 = EDGE_LOOP('',(#5080,#5086,#5087,#5088));
#5080 = ORIENTED_EDGE('',*,*,#5081,.T.);
#5081 = EDGE_CURVE('',#4802,#5008,#5082,.T.);
#5082 = LINE('',#5083,#5084);
#5083 = CARTESIAN_POINT('',(-22.,-25.,2.));
#5084 = VECTOR('',#5085,1.);
#5085 = DIRECTION('',(-0.,-0.,-1.));
#5086 = ORIENTED_EDGE('',*,*,#5007,.T.);
#5087 = ORIENTED_EDGE('',*,*,#5081,.F.);
#5088 = ORIENTED_EDGE('',*,*,#4809,.F.);
#5089 = CYLINDRICAL_SURFACE('',#5090,3.);
#5090 = AXIS2_PLACEMENT_3D('',#5091,#5092,#5093);
#5091 = CARTESIAN_POINT('',(-25.,-25.,2.));
#5092 = DIRECTION('',(0.,0.,1.));
#5093 = DIRECTION('',(1.,0.,0.));
#5094 = ADVANCED_FACE('',(#5095),#5106,.F.);
#5095 = FACE_BOUND('',#5096,.T.);
#5096 = EDGE_LOOP('',(#5097,#5103,#5104,#5105));
#5097 = ORIENTED_EDGE('',*,*,#5098,.T.);
#5098 = EDGE_CURVE('',#4827,#4988,#5099,.T.);
#5099 = LINE('',#5100,#5101);
#5100 = CARTESIAN_POINT('',(-22.,25.,2.));
#5101 = VECTOR('',#5102,1.);
#5102 = DIRECTION('',(0.,4.4E-16,-1.));
#5103 = ORIENTED_EDGE('',*,*,#4987,.T.);
#5104 = ORIENTED_EDGE('',*,*,#5098,.F.);
#5105 = ORIENTED_EDGE('',*,*,#4834,.F.);
#5106 = CYLINDRICAL_SURFACE('',#5107,3.);
#5107 = AXIS2_PLACEMENT_3D('',#5108,#5109,#5110);
#5108 = CARTESIAN_POINT('',(-25.,25.,2.));
#5109 = DIRECTION('',(0.,-4.4E-16,1.));
#5110 = DIRECTION('',(1.,0.,0.));
#5111 = ( GEOMETRIC_REPRESENTATION_CONTEXT(3) 
GLOBAL_UNCERTAINTY_ASSIGNED_CONTEXT((#5115)) 
GLOBAL_UNIT_ASSIGNED_CONTEXT((#5112,#5113,#5114)) REPRESENTATION_CONTEXT
('Context #1','3D Context with UNIT and UNCERTAINTY') );
#5112 = ( LENGTH_UNIT() NAMED_UNIT(*) SI_UNIT(.MILLI.,.METRE.) );
#5113 = ( NAMED_UNIT(*) PLANE_ANGLE_UNIT() SI_UNIT($,.RADIAN.) );
#5114 = ( NAMED_UNIT(*) SI_UNIT($,.STERADIAN.) SOLID_ANGLE_UNIT() );
#5115 = UNCERTAINTY_MEASURE_WITH_UNIT(LENGTH_MEASURE(1.E-07),#5112,
  'distance_accuracy_value','confusion accuracy');
#5116 = PRODUCT_RELATED_PRODUCT_CATEGORY('part',$,(#7));
#5117 = MECHANICAL_DESIGN_GEOMETRIC_PRESENTATION_REPRESENTATION('',(
    #5118),#5111);
#5118 = STYLED_ITEM('color',(#5119),#15);
#5119 = PRESENTATION_STYLE_ASSIGNMENT((#5120,#5126));
#5120 = SURFACE_STYLE_USAGE(.BOTH.,#5121);
#5121 = SURFACE_SIDE_STYLE('',(#5122));
#5122 = SURFACE_STYLE_FILL_AREA(#5123);
#5123 = FILL_AREA_STYLE('',(#5124));
#5124 = FILL_AREA_STYLE_COLOUR('',#5125);
#5125 = COLOUR_RGB('',0.666666687201,0.333333345507,0.);
#5126 = CURVE_STYLE('',#5127,POSITIVE_LENGTH_MEASURE(0.1),#5128);
#5127 = DRAUGHTING_PRE_DEFINED_CURVE_FONT('continuous');
#5128 = COLOUR_RGB('',9.803921802644E-02,9.803921802644E-02,
  9.803921802644E-02);
ENDSEC;
END-ISO-10303-21;
