ISO-10303-21;
HEADER;
FILE_DESCRIPTION(('FreeCAD Model'),'2;1');
FILE_NAME('Open CASCADE Shape Model','2026-07-15T18:29:02',(''),(''),
  'Open CASCADE STEP processor 7.8','FreeCAD','Unknown');
FILE_SCHEMA(('AUTOMOTIVE_DESIGN { 1 0 10303 214 1 1 1 1 }'));
ENDSEC;
DATA;
#1 = APPLICATION_PROTOCOL_DEFINITION('international standard',
  'automotive_design',2000,#2);
#2 = APPLICATION_CONTEXT(
  'core data for automotive mechanical design processes');
#3 = SHAPE_DEFINITION_REPRESENTATION(#4,#10);
#4 = PRODUCT_DEFINITION_SHAPE('','',#5);
#5 = PRODUCT_DEFINITION('design','',#6,#9);
#6 = PRODUCT_DEFINITION_FORMATION('','',#7);
#7 = PRODUCT('MkII-CenterSingleMountingBoltWidth41',
  'MkII-CenterSingleMountingBoltWidth41','',(#8));
#8 = PRODUCT_CONTEXT('',#2,'mechanical');
#9 = PRODUCT_DEFINITION_CONTEXT('part definition',#2,'design');
#10 = ADVANCED_BREP_SHAPE_REPRESENTATION('',(#11,#15),#3219);
#11 = AXIS2_PLACEMENT_3D('',#12,#13,#14);
#12 = CARTESIAN_POINT('',(0.,0.,0.));
#13 = DIRECTION('',(0.,0.,1.));
#14 = DIRECTION('',(1.,0.,-0.));
#15 = MANIFOLD_SOLID_BREP('',#16);
#16 = CLOSED_SHELL('',(#17,#136,#183,#214,#272,#312,#343,#367,#391,#408,
    #433,#464,#488,#512,#529,#568,#592,#626,#638,#950,#967,#999,#1042,
    #1066,#1083,#1114,#1138,#1162,#1179,#1199,#1230,#1254,#1278,#1295,
    #1307,#1381,#1421,#1446,#1534,#1560,#1600,#1625,#1713,#1739,#1779,
    #1804,#1892,#1918,#1958,#1983,#2071,#2097,#2137,#2225,#2250,#2276,
    #2316,#2404,#2429,#2455,#2495,#2583,#2608,#2634,#2674,#2762,#2787,
    #2813,#2863,#2887,#2930,#2955,#2967,#3049,#3061,#3117,#3186));
#17 = ADVANCED_FACE('',(#18,#52,#86,#97),#131,.T.);
#18 = FACE_BOUND('',#19,.T.);
#19 = EDGE_LOOP('',(#20,#30,#38,#46));
#20 = ORIENTED_EDGE('',*,*,#21,.T.);
#21 = EDGE_CURVE('',#22,#24,#26,.T.);
#22 = VERTEX_POINT('',#23);
#23 = CARTESIAN_POINT('',(0.,66.,0.4));
#24 = VERTEX_POINT('',#25);
#25 = CARTESIAN_POINT('',(0.,66.,20.));
#26 = LINE('',#27,#28);
#27 = CARTESIAN_POINT('',(0.,66.,0.));
#28 = VECTOR('',#29,1.);
#29 = DIRECTION('',(0.,0.,1.));
#30 = ORIENTED_EDGE('',*,*,#31,.T.);
#31 = EDGE_CURVE('',#24,#32,#34,.T.);
#32 = VERTEX_POINT('',#33);
#33 = CARTESIAN_POINT('',(41.,66.,20.));
#34 = LINE('',#35,#36);
#35 = CARTESIAN_POINT('',(0.,66.,20.));
#36 = VECTOR('',#37,1.);
#37 = DIRECTION('',(1.,0.,0.));
#38 = ORIENTED_EDGE('',*,*,#39,.F.);
#39 = EDGE_CURVE('',#40,#32,#42,.T.);
#40 = VERTEX_POINT('',#41);
#41 = CARTESIAN_POINT('',(41.,66.,0.4));
#42 = LINE('',#43,#44);
#43 = CARTESIAN_POINT('',(41.,66.,0.));
#44 = VECTOR('',#45,1.);
#45 = DIRECTION('',(0.,0.,1.));
#46 = ORIENTED_EDGE('',*,*,#47,.F.);
#47 = EDGE_CURVE('',#22,#40,#48,.T.);
#48 = LINE('',#49,#50);
#49 = CARTESIAN_POINT('',(0.,66.,0.4));
#50 = VECTOR('',#51,1.);
#51 = DIRECTION('',(1.,0.,0.));
#52 = FACE_BOUND('',#53,.T.);
#53 = EDGE_LOOP('',(#54,#64,#72,#80));
#54 = ORIENTED_EDGE('',*,*,#55,.T.);
#55 = EDGE_CURVE('',#56,#58,#60,.T.);
#56 = VERTEX_POINT('',#57);
#57 = CARTESIAN_POINT('',(15.5,66.,14.2));
#58 = VERTEX_POINT('',#59);
#59 = CARTESIAN_POINT('',(5.,66.,14.2));
#60 = LINE('',#61,#62);
#61 = CARTESIAN_POINT('',(15.5,66.,14.2));
#62 = VECTOR('',#63,1.);
#63 = DIRECTION('',(-1.,0.,0.));
#64 = ORIENTED_EDGE('',*,*,#65,.T.);
#65 = EDGE_CURVE('',#58,#66,#68,.T.);
#66 = VERTEX_POINT('',#67);
#67 = CARTESIAN_POINT('',(5.,66.,5.8));
#68 = LINE('',#69,#70);
#69 = CARTESIAN_POINT('',(5.,66.,14.2));
#70 = VECTOR('',#71,1.);
#71 = DIRECTION('',(0.,0.,-1.));
#72 = ORIENTED_EDGE('',*,*,#73,.T.);
#73 = EDGE_CURVE('',#66,#74,#76,.T.);
#74 = VERTEX_POINT('',#75);
#75 = CARTESIAN_POINT('',(15.5,66.,5.8));
#76 = LINE('',#77,#78);
#77 = CARTESIAN_POINT('',(5.,66.,5.8));
#78 = VECTOR('',#79,1.);
#79 = DIRECTION('',(1.,0.,0.));
#80 = ORIENTED_EDGE('',*,*,#81,.T.);
#81 = EDGE_CURVE('',#74,#56,#82,.T.);
#82 = LINE('',#83,#84);
#83 = CARTESIAN_POINT('',(15.5,66.,5.8));
#84 = VECTOR('',#85,1.);
#85 = DIRECTION('',(0.,0.,1.));
#86 = FACE_BOUND('',#87,.T.);
#87 = EDGE_LOOP('',(#88));
#88 = ORIENTED_EDGE('',*,*,#89,.T.);
#89 = EDGE_CURVE('',#90,#90,#92,.T.);
#90 = VERTEX_POINT('',#91);
#91 = CARTESIAN_POINT('',(22.2,66.,10.));
#92 = CIRCLE('',#93,1.7);
#93 = AXIS2_PLACEMENT_3D('',#94,#95,#96);
#94 = CARTESIAN_POINT('',(20.5,66.,10.));
#95 = DIRECTION('',(0.,-1.,2.2E-16));
#96 = DIRECTION('',(1.,0.,0.));
#97 = FACE_BOUND('',#98,.T.);
#98 = EDGE_LOOP('',(#99,#109,#117,#125));
#99 = ORIENTED_EDGE('',*,*,#100,.T.);
#100 = EDGE_CURVE('',#101,#103,#105,.T.);
#101 = VERTEX_POINT('',#102);
#102 = CARTESIAN_POINT('',(36.,66.,14.2));
#103 = VERTEX_POINT('',#104);
#104 = CARTESIAN_POINT('',(25.5,66.,14.2));
#105 = LINE('',#106,#107);
#106 = CARTESIAN_POINT('',(36.,66.,14.2));
#107 = VECTOR('',#108,1.);
#108 = DIRECTION('',(-1.,0.,0.));
#109 = ORIENTED_EDGE('',*,*,#110,.T.);
#110 = EDGE_CURVE('',#103,#111,#113,.T.);
#111 = VERTEX_POINT('',#112);
#112 = CARTESIAN_POINT('',(25.5,66.,5.8));
#113 = LINE('',#114,#115);
#114 = CARTESIAN_POINT('',(25.5,66.,14.2));
#115 = VECTOR('',#116,1.);
#116 = DIRECTION('',(0.,0.,-1.));
#117 = ORIENTED_EDGE('',*,*,#118,.T.);
#118 = EDGE_CURVE('',#111,#119,#121,.T.);
#119 = VERTEX_POINT('',#120);
#120 = CARTESIAN_POINT('',(36.,66.,5.8));
#121 = LINE('',#122,#123);
#122 = CARTESIAN_POINT('',(25.5,66.,5.8));
#123 = VECTOR('',#124,1.);
#124 = DIRECTION('',(1.,0.,0.));
#125 = ORIENTED_EDGE('',*,*,#126,.T.);
#126 = EDGE_CURVE('',#119,#101,#127,.T.);
#127 = LINE('',#128,#129);
#128 = CARTESIAN_POINT('',(36.,66.,5.8));
#129 = VECTOR('',#130,1.);
#130 = DIRECTION('',(0.,0.,1.));
#131 = PLANE('',#132);
#132 = AXIS2_PLACEMENT_3D('',#133,#134,#135);
#133 = CARTESIAN_POINT('',(20.5,66.,10.));
#134 = DIRECTION('',(0.,1.,0.));
#135 = DIRECTION('',(0.,0.,1.));
#136 = ADVANCED_FACE('',(#137),#178,.T.);
#137 = FACE_BOUND('',#138,.T.);
#138 = EDGE_LOOP('',(#139,#149,#157,#165,#171,#172));
#139 = ORIENTED_EDGE('',*,*,#140,.T.);
#140 = EDGE_CURVE('',#141,#143,#145,.T.);
#141 = VERTEX_POINT('',#142);
#142 = CARTESIAN_POINT('',(0.,4.,0.4));
#143 = VERTEX_POINT('',#144);
#144 = CARTESIAN_POINT('',(0.,4.,8.987407973032));
#145 = LINE('',#146,#147);
#146 = CARTESIAN_POINT('',(0.,4.,0.));
#147 = VECTOR('',#148,1.);
#148 = DIRECTION('',(0.,0.,1.));
#149 = ORIENTED_EDGE('',*,*,#150,.T.);
#150 = EDGE_CURVE('',#143,#151,#153,.T.);
#151 = VERTEX_POINT('',#152);
#152 = CARTESIAN_POINT('',(0.,0.,14.7));
#153 = LINE('',#154,#155);
#154 = CARTESIAN_POINT('',(0.,4.,8.987407973032));
#155 = VECTOR('',#156,1.);
#156 = DIRECTION('',(0.,-0.573576436351,0.819152044289));
#157 = ORIENTED_EDGE('',*,*,#158,.T.);
#158 = EDGE_CURVE('',#151,#159,#161,.T.);
#159 = VERTEX_POINT('',#160);
#160 = CARTESIAN_POINT('',(0.,0.,20.));
#161 = LINE('',#162,#163);
#162 = CARTESIAN_POINT('',(0.,0.,0.));
#163 = VECTOR('',#164,1.);
#164 = DIRECTION('',(0.,0.,1.));
#165 = ORIENTED_EDGE('',*,*,#166,.T.);
#166 = EDGE_CURVE('',#159,#24,#167,.T.);
#167 = LINE('',#168,#169);
#168 = CARTESIAN_POINT('',(0.,0.,20.));
#169 = VECTOR('',#170,1.);
#170 = DIRECTION('',(0.,1.,0.));
#171 = ORIENTED_EDGE('',*,*,#21,.F.);
#172 = ORIENTED_EDGE('',*,*,#173,.F.);
#173 = EDGE_CURVE('',#141,#22,#174,.T.);
#174 = LINE('',#175,#176);
#175 = CARTESIAN_POINT('',(0.,4.,0.4));
#176 = VECTOR('',#177,1.);
#177 = DIRECTION('',(0.,1.,0.));
#178 = PLANE('',#179);
#179 = AXIS2_PLACEMENT_3D('',#180,#181,#182);
#180 = CARTESIAN_POINT('',(0.,33.,10.));
#181 = DIRECTION('',(-1.,-0.,-0.));
#182 = DIRECTION('',(0.,0.,-1.));
#183 = ADVANCED_FACE('',(#184),#209,.T.);
#184 = FACE_BOUND('',#185,.T.);
#185 = EDGE_LOOP('',(#186,#194,#195,#203));
#186 = ORIENTED_EDGE('',*,*,#187,.F.);
#187 = EDGE_CURVE('',#22,#188,#190,.T.);
#188 = VERTEX_POINT('',#189);
#189 = CARTESIAN_POINT('',(0.4,65.6,2.E-15));
#190 = LINE('',#191,#192);
#191 = CARTESIAN_POINT('',(10.466666666667,55.533333333333,
    -10.06666666666));
#192 = VECTOR('',#193,1.);
#193 = DIRECTION('',(0.57735026919,-0.57735026919,-0.57735026919));
#194 = ORIENTED_EDGE('',*,*,#47,.T.);
#195 = ORIENTED_EDGE('',*,*,#196,.T.);
#196 = EDGE_CURVE('',#40,#197,#199,.T.);
#197 = VERTEX_POINT('',#198);
#198 = CARTESIAN_POINT('',(40.6,65.6,3.E-15));
#199 = LINE('',#200,#201);
#200 = CARTESIAN_POINT('',(34.033333333333,59.033333333333,
    -6.566666666667));
#201 = VECTOR('',#202,1.);
#202 = DIRECTION('',(-0.57735026919,-0.57735026919,-0.57735026919));
#203 = ORIENTED_EDGE('',*,*,#204,.F.);
#204 = EDGE_CURVE('',#188,#197,#205,.T.);
#205 = LINE('',#206,#207);
#206 = CARTESIAN_POINT('',(0.,65.6,0.));
#207 = VECTOR('',#208,1.);
#208 = DIRECTION('',(1.,0.,0.));
#209 = PLANE('',#210);
#210 = AXIS2_PLACEMENT_3D('',#211,#212,#213);
#211 = CARTESIAN_POINT('',(0.,65.8,0.2));
#212 = DIRECTION('',(-0.,0.707106781187,-0.707106781187));
#213 = DIRECTION('',(1.,0.,-0.));
#214 = ADVANCED_FACE('',(#215,#249),#267,.T.);
#215 = FACE_BOUND('',#216,.T.);
#216 = EDGE_LOOP('',(#217,#227,#235,#243));
#217 = ORIENTED_EDGE('',*,*,#218,.T.);
#218 = EDGE_CURVE('',#219,#221,#223,.T.);
#219 = VERTEX_POINT('',#220);
#220 = CARTESIAN_POINT('',(3.,5.,20.));
#221 = VERTEX_POINT('',#222);
#222 = CARTESIAN_POINT('',(3.,62.,20.));
#223 = LINE('',#224,#225);
#224 = CARTESIAN_POINT('',(3.,5.,20.));
#225 = VECTOR('',#226,1.);
#226 = DIRECTION('',(0.,1.,0.));
#227 = ORIENTED_EDGE('',*,*,#228,.T.);
#228 = EDGE_CURVE('',#221,#229,#231,.T.);
#229 = VERTEX_POINT('',#230);
#230 = CARTESIAN_POINT('',(38.,62.,20.));
#231 = LINE('',#232,#233);
#232 = CARTESIAN_POINT('',(4.,62.,20.));
#233 = VECTOR('',#234,1.);
#234 = DIRECTION('',(1.,0.,0.));
#235 = ORIENTED_EDGE('',*,*,#236,.T.);
#236 = EDGE_CURVE('',#229,#237,#239,.T.);
#237 = VERTEX_POINT('',#238);
#238 = CARTESIAN_POINT('',(38.,5.,20.));
#239 = LINE('',#240,#241);
#240 = CARTESIAN_POINT('',(38.,61.,20.));
#241 = VECTOR('',#242,1.);
#242 = DIRECTION('',(0.,-1.,0.));
#243 = ORIENTED_EDGE('',*,*,#244,.F.);
#244 = EDGE_CURVE('',#219,#237,#245,.T.);
#245 = LINE('',#246,#247);
#246 = CARTESIAN_POINT('',(4.,5.,20.));
#247 = VECTOR('',#248,1.);
#248 = DIRECTION('',(1.,0.,0.));
#249 = FACE_BOUND('',#250,.F.);
#250 = EDGE_LOOP('',(#251,#252,#260,#266));
#251 = ORIENTED_EDGE('',*,*,#31,.T.);
#252 = ORIENTED_EDGE('',*,*,#253,.T.);
#253 = EDGE_CURVE('',#32,#254,#256,.T.);
#254 = VERTEX_POINT('',#255);
#255 = CARTESIAN_POINT('',(41.,0.,20.));
#256 = LINE('',#257,#258);
#257 = CARTESIAN_POINT('',(41.,66.,20.));
#258 = VECTOR('',#259,1.);
#259 = DIRECTION('',(0.,-1.,0.));
#260 = ORIENTED_EDGE('',*,*,#261,.F.);
#261 = EDGE_CURVE('',#159,#254,#262,.T.);
#262 = LINE('',#263,#264);
#263 = CARTESIAN_POINT('',(0.,0.,20.));
#264 = VECTOR('',#265,1.);
#265 = DIRECTION('',(1.,0.,0.));
#266 = ORIENTED_EDGE('',*,*,#166,.T.);
#267 = PLANE('',#268);
#268 = AXIS2_PLACEMENT_3D('',#269,#270,#271);
#269 = CARTESIAN_POINT('',(20.5,33.885416666667,20.));
#270 = DIRECTION('',(0.,0.,1.));
#271 = DIRECTION('',(1.,0.,0.));
#272 = ADVANCED_FACE('',(#273),#307,.T.);
#273 = FACE_BOUND('',#274,.T.);
#274 = EDGE_LOOP('',(#275,#285,#291,#292,#293,#301));
#275 = ORIENTED_EDGE('',*,*,#276,.T.);
#276 = EDGE_CURVE('',#277,#279,#281,.T.);
#277 = VERTEX_POINT('',#278);
#278 = CARTESIAN_POINT('',(41.,4.,8.987407973032));
#279 = VERTEX_POINT('',#280);
#280 = CARTESIAN_POINT('',(41.,4.,0.4));
#281 = LINE('',#282,#283);
#282 = CARTESIAN_POINT('',(41.,4.,5.));
#283 = VECTOR('',#284,1.);
#284 = DIRECTION('',(0.,0.,-1.));
#285 = ORIENTED_EDGE('',*,*,#286,.F.);
#286 = EDGE_CURVE('',#40,#279,#287,.T.);
#287 = LINE('',#288,#289);
#288 = CARTESIAN_POINT('',(41.,66.,0.4));
#289 = VECTOR('',#290,1.);
#290 = DIRECTION('',(0.,-1.,0.));
#291 = ORIENTED_EDGE('',*,*,#39,.T.);
#292 = ORIENTED_EDGE('',*,*,#253,.T.);
#293 = ORIENTED_EDGE('',*,*,#294,.F.);
#294 = EDGE_CURVE('',#295,#254,#297,.T.);
#295 = VERTEX_POINT('',#296);
#296 = CARTESIAN_POINT('',(41.,0.,14.7));
#297 = LINE('',#298,#299);
#298 = CARTESIAN_POINT('',(41.,0.,0.));
#299 = VECTOR('',#300,1.);
#300 = DIRECTION('',(0.,0.,1.));
#301 = ORIENTED_EDGE('',*,*,#302,.T.);
#302 = EDGE_CURVE('',#295,#277,#303,.T.);
#303 = LINE('',#304,#305);
#304 = CARTESIAN_POINT('',(41.,8.532472646987,2.514366196624));
#305 = VECTOR('',#306,1.);
#306 = DIRECTION('',(0.,0.573576436351,-0.819152044289));
#307 = PLANE('',#308);
#308 = AXIS2_PLACEMENT_3D('',#309,#310,#311);
#309 = CARTESIAN_POINT('',(41.,33.,10.));
#310 = DIRECTION('',(1.,0.,0.));
#311 = DIRECTION('',(0.,0.,1.));
#312 = ADVANCED_FACE('',(#313),#338,.T.);
#313 = FACE_BOUND('',#314,.T.);
#314 = EDGE_LOOP('',(#315,#323,#331,#337));
#315 = ORIENTED_EDGE('',*,*,#316,.T.);
#316 = EDGE_CURVE('',#56,#317,#319,.T.);
#317 = VERTEX_POINT('',#318);
#318 = CARTESIAN_POINT('',(15.5,66.1,14.2));
#319 = LINE('',#320,#321);
#320 = CARTESIAN_POINT('',(15.5,66.,14.2));
#321 = VECTOR('',#322,1.);
#322 = DIRECTION('',(0.,1.,0.));
#323 = ORIENTED_EDGE('',*,*,#324,.T.);
#324 = EDGE_CURVE('',#317,#325,#327,.T.);
#325 = VERTEX_POINT('',#326);
#326 = CARTESIAN_POINT('',(5.,66.1,14.2));
#327 = LINE('',#328,#329);
#328 = CARTESIAN_POINT('',(15.5,66.1,14.2));
#329 = VECTOR('',#330,1.);
#330 = DIRECTION('',(-1.,0.,0.));
#331 = ORIENTED_EDGE('',*,*,#332,.F.);
#332 = EDGE_CURVE('',#58,#325,#333,.T.);
#333 = LINE('',#334,#335);
#334 = CARTESIAN_POINT('',(5.,66.,14.2));
#335 = VECTOR('',#336,1.);
#336 = DIRECTION('',(0.,1.,0.));
#337 = ORIENTED_EDGE('',*,*,#55,.F.);
#338 = PLANE('',#339);
#339 = AXIS2_PLACEMENT_3D('',#340,#341,#342);
#340 = CARTESIAN_POINT('',(15.5,66.,14.2));
#341 = DIRECTION('',(0.,0.,1.));
#342 = DIRECTION('',(-1.,0.,0.));
#343 = ADVANCED_FACE('',(#344),#362,.T.);
#344 = FACE_BOUND('',#345,.T.);
#345 = EDGE_LOOP('',(#346,#354,#360,#361));
#346 = ORIENTED_EDGE('',*,*,#347,.T.);
#347 = EDGE_CURVE('',#74,#348,#350,.T.);
#348 = VERTEX_POINT('',#349);
#349 = CARTESIAN_POINT('',(15.5,66.1,5.8));
#350 = LINE('',#351,#352);
#351 = CARTESIAN_POINT('',(15.5,66.,5.8));
#352 = VECTOR('',#353,1.);
#353 = DIRECTION('',(0.,1.,0.));
#354 = ORIENTED_EDGE('',*,*,#355,.T.);
#355 = EDGE_CURVE('',#348,#317,#356,.T.);
#356 = LINE('',#357,#358);
#357 = CARTESIAN_POINT('',(15.5,66.1,5.8));
#358 = VECTOR('',#359,1.);
#359 = DIRECTION('',(0.,2.2E-16,1.));
#360 = ORIENTED_EDGE('',*,*,#316,.F.);
#361 = ORIENTED_EDGE('',*,*,#81,.F.);
#362 = PLANE('',#363);
#363 = AXIS2_PLACEMENT_3D('',#364,#365,#366);
#364 = CARTESIAN_POINT('',(15.5,66.,5.8));
#365 = DIRECTION('',(1.,0.,0.));
#366 = DIRECTION('',(0.,2.2E-16,1.));
#367 = ADVANCED_FACE('',(#368),#386,.T.);
#368 = FACE_BOUND('',#369,.T.);
#369 = EDGE_LOOP('',(#370,#378,#384,#385));
#370 = ORIENTED_EDGE('',*,*,#371,.T.);
#371 = EDGE_CURVE('',#66,#372,#374,.T.);
#372 = VERTEX_POINT('',#373);
#373 = CARTESIAN_POINT('',(5.,66.1,5.8));
#374 = LINE('',#375,#376);
#375 = CARTESIAN_POINT('',(5.,66.,5.8));
#376 = VECTOR('',#377,1.);
#377 = DIRECTION('',(0.,1.,0.));
#378 = ORIENTED_EDGE('',*,*,#379,.T.);
#379 = EDGE_CURVE('',#372,#348,#380,.T.);
#380 = LINE('',#381,#382);
#381 = CARTESIAN_POINT('',(5.,66.1,5.8));
#382 = VECTOR('',#383,1.);
#383 = DIRECTION('',(1.,0.,0.));
#384 = ORIENTED_EDGE('',*,*,#347,.F.);
#385 = ORIENTED_EDGE('',*,*,#73,.F.);
#386 = PLANE('',#387);
#387 = AXIS2_PLACEMENT_3D('',#388,#389,#390);
#388 = CARTESIAN_POINT('',(5.,66.,5.8));
#389 = DIRECTION('',(0.,0.,-1.));
#390 = DIRECTION('',(1.,0.,0.));
#391 = ADVANCED_FACE('',(#392),#403,.T.);
#392 = FACE_BOUND('',#393,.T.);
#393 = EDGE_LOOP('',(#394,#395,#401,#402));
#394 = ORIENTED_EDGE('',*,*,#332,.T.);
#395 = ORIENTED_EDGE('',*,*,#396,.T.);
#396 = EDGE_CURVE('',#325,#372,#397,.T.);
#397 = LINE('',#398,#399);
#398 = CARTESIAN_POINT('',(5.,66.1,14.2));
#399 = VECTOR('',#400,1.);
#400 = DIRECTION('',(0.,-2.2E-16,-1.));
#401 = ORIENTED_EDGE('',*,*,#371,.F.);
#402 = ORIENTED_EDGE('',*,*,#65,.F.);
#403 = PLANE('',#404);
#404 = AXIS2_PLACEMENT_3D('',#405,#406,#407);
#405 = CARTESIAN_POINT('',(5.,66.,14.2));
#406 = DIRECTION('',(-1.,0.,0.));
#407 = DIRECTION('',(-0.,-2.2E-16,-1.));
#408 = ADVANCED_FACE('',(#409),#428,.F.);
#409 = FACE_BOUND('',#410,.F.);
#410 = EDGE_LOOP('',(#411,#420,#426,#427));
#411 = ORIENTED_EDGE('',*,*,#412,.F.);
#412 = EDGE_CURVE('',#413,#413,#415,.T.);
#413 = VERTEX_POINT('',#414);
#414 = CARTESIAN_POINT('',(22.2,63.,10.));
#415 = CIRCLE('',#416,1.7);
#416 = AXIS2_PLACEMENT_3D('',#417,#418,#419);
#417 = CARTESIAN_POINT('',(20.5,63.,10.));
#418 = DIRECTION('',(0.,-1.,2.2E-16));
#419 = DIRECTION('',(1.,0.,0.));
#420 = ORIENTED_EDGE('',*,*,#421,.T.);
#421 = EDGE_CURVE('',#413,#90,#422,.T.);
#422 = LINE('',#423,#424);
#423 = CARTESIAN_POINT('',(22.2,2.22E-15,10.));
#424 = VECTOR('',#425,1.);
#425 = DIRECTION('',(0.,1.,-2.2E-16));
#426 = ORIENTED_EDGE('',*,*,#89,.T.);
#427 = ORIENTED_EDGE('',*,*,#421,.F.);
#428 = CYLINDRICAL_SURFACE('',#429,1.7);
#429 = AXIS2_PLACEMENT_3D('',#430,#431,#432);
#430 = CARTESIAN_POINT('',(20.5,2.22E-15,10.));
#431 = DIRECTION('',(0.,-1.,2.2E-16));
#432 = DIRECTION('',(1.,0.,0.));
#433 = ADVANCED_FACE('',(#434),#459,.T.);
#434 = FACE_BOUND('',#435,.T.);
#435 = EDGE_LOOP('',(#436,#444,#452,#458));
#436 = ORIENTED_EDGE('',*,*,#437,.T.);
#437 = EDGE_CURVE('',#101,#438,#440,.T.);
#438 = VERTEX_POINT('',#439);
#439 = CARTESIAN_POINT('',(36.,66.1,14.2));
#440 = LINE('',#441,#442);
#441 = CARTESIAN_POINT('',(36.,66.,14.2));
#442 = VECTOR('',#443,1.);
#443 = DIRECTION('',(0.,1.,0.));
#444 = ORIENTED_EDGE('',*,*,#445,.T.);
#445 = EDGE_CURVE('',#438,#446,#448,.T.);
#446 = VERTEX_POINT('',#447);
#447 = CARTESIAN_POINT('',(25.5,66.1,14.2));
#448 = LINE('',#449,#450);
#449 = CARTESIAN_POINT('',(36.,66.1,14.2));
#450 = VECTOR('',#451,1.);
#451 = DIRECTION('',(-1.,0.,0.));
#452 = ORIENTED_EDGE('',*,*,#453,.F.);
#453 = EDGE_CURVE('',#103,#446,#454,.T.);
#454 = LINE('',#455,#456);
#455 = CARTESIAN_POINT('',(25.5,66.,14.2));
#456 = VECTOR('',#457,1.);
#457 = DIRECTION('',(0.,1.,0.));
#458 = ORIENTED_EDGE('',*,*,#100,.F.);
#459 = PLANE('',#460);
#460 = AXIS2_PLACEMENT_3D('',#461,#462,#463);
#461 = CARTESIAN_POINT('',(36.,66.,14.2));
#462 = DIRECTION('',(0.,0.,1.));
#463 = DIRECTION('',(-1.,0.,0.));
#464 = ADVANCED_FACE('',(#465),#483,.T.);
#465 = FACE_BOUND('',#466,.T.);
#466 = EDGE_LOOP('',(#467,#475,#481,#482));
#467 = ORIENTED_EDGE('',*,*,#468,.T.);
#468 = EDGE_CURVE('',#119,#469,#471,.T.);
#469 = VERTEX_POINT('',#470);
#470 = CARTESIAN_POINT('',(36.,66.1,5.8));
#471 = LINE('',#472,#473);
#472 = CARTESIAN_POINT('',(36.,66.,5.8));
#473 = VECTOR('',#474,1.);
#474 = DIRECTION('',(0.,1.,0.));
#475 = ORIENTED_EDGE('',*,*,#476,.T.);
#476 = EDGE_CURVE('',#469,#438,#477,.T.);
#477 = LINE('',#478,#479);
#478 = CARTESIAN_POINT('',(36.,66.1,5.8));
#479 = VECTOR('',#480,1.);
#480 = DIRECTION('',(0.,2.2E-16,1.));
#481 = ORIENTED_EDGE('',*,*,#437,.F.);
#482 = ORIENTED_EDGE('',*,*,#126,.F.);
#483 = PLANE('',#484);
#484 = AXIS2_PLACEMENT_3D('',#485,#486,#487);
#485 = CARTESIAN_POINT('',(36.,66.,5.8));
#486 = DIRECTION('',(1.,0.,0.));
#487 = DIRECTION('',(0.,2.2E-16,1.));
#488 = ADVANCED_FACE('',(#489),#507,.T.);
#489 = FACE_BOUND('',#490,.T.);
#490 = EDGE_LOOP('',(#491,#499,#505,#506));
#491 = ORIENTED_EDGE('',*,*,#492,.T.);
#492 = EDGE_CURVE('',#111,#493,#495,.T.);
#493 = VERTEX_POINT('',#494);
#494 = CARTESIAN_POINT('',(25.5,66.1,5.8));
#495 = LINE('',#496,#497);
#496 = CARTESIAN_POINT('',(25.5,66.,5.8));
#497 = VECTOR('',#498,1.);
#498 = DIRECTION('',(0.,1.,0.));
#499 = ORIENTED_EDGE('',*,*,#500,.T.);
#500 = EDGE_CURVE('',#493,#469,#501,.T.);
#501 = LINE('',#502,#503);
#502 = CARTESIAN_POINT('',(25.5,66.1,5.8));
#503 = VECTOR('',#504,1.);
#504 = DIRECTION('',(1.,0.,0.));
#505 = ORIENTED_EDGE('',*,*,#468,.F.);
#506 = ORIENTED_EDGE('',*,*,#118,.F.);
#507 = PLANE('',#508);
#508 = AXIS2_PLACEMENT_3D('',#509,#510,#511);
#509 = CARTESIAN_POINT('',(25.5,66.,5.8));
#510 = DIRECTION('',(0.,0.,-1.));
#511 = DIRECTION('',(1.,0.,0.));
#512 = ADVANCED_FACE('',(#513),#524,.T.);
#513 = FACE_BOUND('',#514,.T.);
#514 = EDGE_LOOP('',(#515,#516,#522,#523));
#515 = ORIENTED_EDGE('',*,*,#453,.T.);
#516 = ORIENTED_EDGE('',*,*,#517,.T.);
#517 = EDGE_CURVE('',#446,#493,#518,.T.);
#518 = LINE('',#519,#520);
#519 = CARTESIAN_POINT('',(25.5,66.1,14.2));
#520 = VECTOR('',#521,1.);
#521 = DIRECTION('',(0.,-2.2E-16,-1.));
#522 = ORIENTED_EDGE('',*,*,#492,.F.);
#523 = ORIENTED_EDGE('',*,*,#110,.F.);
#524 = PLANE('',#525);
#525 = AXIS2_PLACEMENT_3D('',#526,#527,#528);
#526 = CARTESIAN_POINT('',(25.5,66.,14.2));
#527 = DIRECTION('',(-1.,0.,0.));
#528 = DIRECTION('',(-0.,-2.2E-16,-1.));
#529 = ADVANCED_FACE('',(#530),#563,.T.);
#530 = FACE_BOUND('',#531,.T.);
#531 = EDGE_LOOP('',(#532,#533,#539,#540,#548,#557));
#532 = ORIENTED_EDGE('',*,*,#140,.F.);
#533 = ORIENTED_EDGE('',*,*,#534,.T.);
#534 = EDGE_CURVE('',#141,#279,#535,.T.);
#535 = LINE('',#536,#537);
#536 = CARTESIAN_POINT('',(0.,4.,0.4));
#537 = VECTOR('',#538,1.);
#538 = DIRECTION('',(1.,0.,0.));
#539 = ORIENTED_EDGE('',*,*,#276,.F.);
#540 = ORIENTED_EDGE('',*,*,#541,.F.);
#541 = EDGE_CURVE('',#542,#277,#544,.T.);
#542 = VERTEX_POINT('',#543);
#543 = CARTESIAN_POINT('',(21.865524583052,4.,8.987407973032));
#544 = LINE('',#545,#546);
#545 = CARTESIAN_POINT('',(0.,4.,8.987407973032));
#546 = VECTOR('',#547,1.);
#547 = DIRECTION('',(1.,0.,0.));
#548 = ORIENTED_EDGE('',*,*,#549,.F.);
#549 = EDGE_CURVE('',#550,#542,#552,.T.);
#550 = VERTEX_POINT('',#551);
#551 = CARTESIAN_POINT('',(19.134475416948,4.,8.987407973032));
#552 = CIRCLE('',#553,1.7);
#553 = AXIS2_PLACEMENT_3D('',#554,#555,#556);
#554 = CARTESIAN_POINT('',(20.5,4.,10.));
#555 = DIRECTION('',(0.,-1.,2.2E-16));
#556 = DIRECTION('',(1.,0.,0.));
#557 = ORIENTED_EDGE('',*,*,#558,.F.);
#558 = EDGE_CURVE('',#143,#550,#559,.T.);
#559 = LINE('',#560,#561);
#560 = CARTESIAN_POINT('',(0.,4.,8.987407973032));
#561 = VECTOR('',#562,1.);
#562 = DIRECTION('',(1.,0.,0.));
#563 = PLANE('',#564);
#564 = AXIS2_PLACEMENT_3D('',#565,#566,#567);
#565 = CARTESIAN_POINT('',(0.,4.,0.));
#566 = DIRECTION('',(0.,-1.,0.));
#567 = DIRECTION('',(0.,0.,1.));
#568 = ADVANCED_FACE('',(#569),#587,.T.);
#569 = FACE_BOUND('',#570,.T.);
#570 = EDGE_LOOP('',(#571,#579,#580,#581));
#571 = ORIENTED_EDGE('',*,*,#572,.T.);
#572 = EDGE_CURVE('',#573,#141,#575,.T.);
#573 = VERTEX_POINT('',#574);
#574 = CARTESIAN_POINT('',(0.4,4.4,0.));
#575 = LINE('',#576,#577);
#576 = CARTESIAN_POINT('',(0.133333333333,4.133333333333,0.266666666667)
  );
#577 = VECTOR('',#578,1.);
#578 = DIRECTION('',(-0.57735026919,-0.57735026919,0.57735026919));
#579 = ORIENTED_EDGE('',*,*,#173,.T.);
#580 = ORIENTED_EDGE('',*,*,#187,.T.);
#581 = ORIENTED_EDGE('',*,*,#582,.F.);
#582 = EDGE_CURVE('',#573,#188,#583,.T.);
#583 = LINE('',#584,#585);
#584 = CARTESIAN_POINT('',(0.4,4.,0.));
#585 = VECTOR('',#586,1.);
#586 = DIRECTION('',(0.,1.,0.));
#587 = PLANE('',#588);
#588 = AXIS2_PLACEMENT_3D('',#589,#590,#591);
#589 = CARTESIAN_POINT('',(0.2,4.,0.2));
#590 = DIRECTION('',(-0.707106781187,0.,-0.707106781187));
#591 = DIRECTION('',(0.,1.,0.));
#592 = ADVANCED_FACE('',(#593),#621,.T.);
#593 = FACE_BOUND('',#594,.T.);
#594 = EDGE_LOOP('',(#595,#596,#597,#606,#613,#614,#615));
#595 = ORIENTED_EDGE('',*,*,#150,.F.);
#596 = ORIENTED_EDGE('',*,*,#558,.T.);
#597 = ORIENTED_EDGE('',*,*,#598,.F.);
#598 = EDGE_CURVE('',#599,#550,#601,.T.);
#599 = VERTEX_POINT('',#600);
#600 = CARTESIAN_POINT('',(22.2,3.290975429586,10.));
#601 = ELLIPSE('',#602,2.075316800894,1.7);
#602 = AXIS2_PLACEMENT_3D('',#603,#604,#605);
#603 = CARTESIAN_POINT('',(20.5,3.290975429586,10.));
#604 = DIRECTION('',(-0.,-0.819152044289,-0.573576436351));
#605 = DIRECTION('',(0.,-0.573576436351,0.819152044289));
#606 = ORIENTED_EDGE('',*,*,#607,.F.);
#607 = EDGE_CURVE('',#542,#599,#608,.T.);
#608 = ELLIPSE('',#609,2.075316800894,1.7);
#609 = AXIS2_PLACEMENT_3D('',#610,#611,#612);
#610 = CARTESIAN_POINT('',(20.5,3.290975429586,10.));
#611 = DIRECTION('',(-0.,-0.819152044289,-0.573576436351));
#612 = DIRECTION('',(0.,-0.573576436351,0.819152044289));
#613 = ORIENTED_EDGE('',*,*,#541,.T.);
#614 = ORIENTED_EDGE('',*,*,#302,.F.);
#615 = ORIENTED_EDGE('',*,*,#616,.F.);
#616 = EDGE_CURVE('',#151,#295,#617,.T.);
#617 = LINE('',#618,#619);
#618 = CARTESIAN_POINT('',(0.,0.,14.7));
#619 = VECTOR('',#620,1.);
#620 = DIRECTION('',(1.,0.,0.));
#621 = PLANE('',#622);
#622 = AXIS2_PLACEMENT_3D('',#623,#624,#625);
#623 = CARTESIAN_POINT('',(0.,4.,8.987407973032));
#624 = DIRECTION('',(0.,-0.819152044289,-0.573576436351));
#625 = DIRECTION('',(0.,-0.573576436351,0.819152044289));
#626 = ADVANCED_FACE('',(#627),#633,.T.);
#627 = FACE_BOUND('',#628,.T.);
#628 = EDGE_LOOP('',(#629,#630,#631,#632));
#629 = ORIENTED_EDGE('',*,*,#158,.F.);
#630 = ORIENTED_EDGE('',*,*,#616,.T.);
#631 = ORIENTED_EDGE('',*,*,#294,.T.);
#632 = ORIENTED_EDGE('',*,*,#261,.F.);
#633 = PLANE('',#634);
#634 = AXIS2_PLACEMENT_3D('',#635,#636,#637);
#635 = CARTESIAN_POINT('',(20.5,0.,10.));
#636 = DIRECTION('',(-0.,-1.,-0.));
#637 = DIRECTION('',(0.,0.,-1.));
#638 = ADVANCED_FACE('',(#639,#657,#693,#729,#765,#801,#837,#873,#909),
  #945,.T.);
#639 = FACE_BOUND('',#640,.T.);
#640 = EDGE_LOOP('',(#641,#649,#650,#651));
#641 = ORIENTED_EDGE('',*,*,#642,.F.);
#642 = EDGE_CURVE('',#573,#643,#645,.T.);
#643 = VERTEX_POINT('',#644);
#644 = CARTESIAN_POINT('',(40.6,4.4,0.));
#645 = LINE('',#646,#647);
#646 = CARTESIAN_POINT('',(0.,4.4,0.));
#647 = VECTOR('',#648,1.);
#648 = DIRECTION('',(1.,0.,0.));
#649 = ORIENTED_EDGE('',*,*,#582,.T.);
#650 = ORIENTED_EDGE('',*,*,#204,.T.);
#651 = ORIENTED_EDGE('',*,*,#652,.T.);
#652 = EDGE_CURVE('',#197,#643,#653,.T.);
#653 = LINE('',#654,#655);
#654 = CARTESIAN_POINT('',(40.6,66.,0.));
#655 = VECTOR('',#656,1.);
#656 = DIRECTION('',(0.,-1.,0.));
#657 = FACE_BOUND('',#658,.T.);
#658 = EDGE_LOOP('',(#659,#669,#678,#686));
#659 = ORIENTED_EDGE('',*,*,#660,.F.);
#660 = EDGE_CURVE('',#661,#663,#665,.T.);
#661 = VERTEX_POINT('',#662);
#662 = CARTESIAN_POINT('',(32.5,22.5,0.));
#663 = VERTEX_POINT('',#664);
#664 = CARTESIAN_POINT('',(32.5,12.5,0.));
#665 = LINE('',#666,#667);
#666 = CARTESIAN_POINT('',(32.5,22.5,0.));
#667 = VECTOR('',#668,1.);
#668 = DIRECTION('',(0.,-1.,0.));
#669 = ORIENTED_EDGE('',*,*,#670,.T.);
#670 = EDGE_CURVE('',#661,#671,#673,.T.);
#671 = VERTEX_POINT('',#672);
#672 = CARTESIAN_POINT('',(29.5,22.5,0.));
#673 = CIRCLE('',#674,1.5);
#674 = AXIS2_PLACEMENT_3D('',#675,#676,#677);
#675 = CARTESIAN_POINT('',(31.,22.5,0.));
#676 = DIRECTION('',(0.,0.,1.));
#677 = DIRECTION('',(1.,0.,0.));
#678 = ORIENTED_EDGE('',*,*,#679,.T.);
#679 = EDGE_CURVE('',#671,#680,#682,.T.);
#680 = VERTEX_POINT('',#681);
#681 = CARTESIAN_POINT('',(29.5,12.5,0.));
#682 = LINE('',#683,#684);
#683 = CARTESIAN_POINT('',(29.5,22.5,0.));
#684 = VECTOR('',#685,1.);
#685 = DIRECTION('',(0.,-1.,0.));
#686 = ORIENTED_EDGE('',*,*,#687,.T.);
#687 = EDGE_CURVE('',#680,#663,#688,.T.);
#688 = CIRCLE('',#689,1.5);
#689 = AXIS2_PLACEMENT_3D('',#690,#691,#692);
#690 = CARTESIAN_POINT('',(31.,12.5,0.));
#691 = DIRECTION('',(0.,0.,1.));
#692 = DIRECTION('',(1.,0.,0.));
#693 = FACE_BOUND('',#694,.T.);
#694 = EDGE_LOOP('',(#695,#705,#714,#722));
#695 = ORIENTED_EDGE('',*,*,#696,.F.);
#696 = EDGE_CURVE('',#697,#699,#701,.T.);
#697 = VERTEX_POINT('',#698);
#698 = CARTESIAN_POINT('',(26.5,38.5,0.));
#699 = VERTEX_POINT('',#700);
#700 = CARTESIAN_POINT('',(26.5,12.5,0.));
#701 = LINE('',#702,#703);
#702 = CARTESIAN_POINT('',(26.5,38.5,0.));
#703 = VECTOR('',#704,1.);
#704 = DIRECTION('',(0.,-1.,0.));
#705 = ORIENTED_EDGE('',*,*,#706,.T.);
#706 = EDGE_CURVE('',#697,#707,#709,.T.);
#707 = VERTEX_POINT('',#708);
#708 = CARTESIAN_POINT('',(23.5,38.5,0.));
#709 = CIRCLE('',#710,1.5);
#710 = AXIS2_PLACEMENT_3D('',#711,#712,#713);
#711 = CARTESIAN_POINT('',(25.,38.5,0.));
#712 = DIRECTION('',(0.,0.,1.));
#713 = DIRECTION('',(1.,0.,0.));
#714 = ORIENTED_EDGE('',*,*,#715,.T.);
#715 = EDGE_CURVE('',#707,#716,#718,.T.);
#716 = VERTEX_POINT('',#717);
#717 = CARTESIAN_POINT('',(23.5,12.5,0.));
#718 = LINE('',#719,#720);
#719 = CARTESIAN_POINT('',(23.5,38.5,0.));
#720 = VECTOR('',#721,1.);
#721 = DIRECTION('',(0.,-1.,0.));
#722 = ORIENTED_EDGE('',*,*,#723,.T.);
#723 = EDGE_CURVE('',#716,#699,#724,.T.);
#724 = CIRCLE('',#725,1.5);
#725 = AXIS2_PLACEMENT_3D('',#726,#727,#728);
#726 = CARTESIAN_POINT('',(25.,12.5,0.));
#727 = DIRECTION('',(0.,0.,1.));
#728 = DIRECTION('',(1.,0.,0.));
#729 = FACE_BOUND('',#730,.T.);
#730 = EDGE_LOOP('',(#731,#741,#750,#758));
#731 = ORIENTED_EDGE('',*,*,#732,.F.);
#732 = EDGE_CURVE('',#733,#735,#737,.T.);
#733 = VERTEX_POINT('',#734);
#734 = CARTESIAN_POINT('',(17.5,22.5,0.));
#735 = VERTEX_POINT('',#736);
#736 = CARTESIAN_POINT('',(17.5,12.5,0.));
#737 = LINE('',#738,#739);
#738 = CARTESIAN_POINT('',(17.5,22.5,0.));
#739 = VECTOR('',#740,1.);
#740 = DIRECTION('',(0.,-1.,0.));
#741 = ORIENTED_EDGE('',*,*,#742,.T.);
#742 = EDGE_CURVE('',#733,#743,#745,.T.);
#743 = VERTEX_POINT('',#744);
#744 = CARTESIAN_POINT('',(14.5,22.5,0.));
#745 = CIRCLE('',#746,1.5);
#746 = AXIS2_PLACEMENT_3D('',#747,#748,#749);
#747 = CARTESIAN_POINT('',(16.,22.5,0.));
#748 = DIRECTION('',(0.,0.,1.));
#749 = DIRECTION('',(1.,0.,0.));
#750 = ORIENTED_EDGE('',*,*,#751,.T.);
#751 = EDGE_CURVE('',#743,#752,#754,.T.);
#752 = VERTEX_POINT('',#753);
#753 = CARTESIAN_POINT('',(14.5,12.5,0.));
#754 = LINE('',#755,#756);
#755 = CARTESIAN_POINT('',(14.5,22.5,0.));
#756 = VECTOR('',#757,1.);
#757 = DIRECTION('',(0.,-1.,0.));
#758 = ORIENTED_EDGE('',*,*,#759,.T.);
#759 = EDGE_CURVE('',#752,#735,#760,.T.);
#760 = CIRCLE('',#761,1.5);
#761 = AXIS2_PLACEMENT_3D('',#762,#763,#764);
#762 = CARTESIAN_POINT('',(16.,12.5,0.));
#763 = DIRECTION('',(0.,0.,1.));
#764 = DIRECTION('',(1.,0.,0.));
#765 = FACE_BOUND('',#766,.T.);
#766 = EDGE_LOOP('',(#767,#777,#786,#794));
#767 = ORIENTED_EDGE('',*,*,#768,.F.);
#768 = EDGE_CURVE('',#769,#771,#773,.T.);
#769 = VERTEX_POINT('',#770);
#770 = CARTESIAN_POINT('',(11.5,38.5,0.));
#771 = VERTEX_POINT('',#772);
#772 = CARTESIAN_POINT('',(11.5,12.5,0.));
#773 = LINE('',#774,#775);
#774 = CARTESIAN_POINT('',(11.5,38.5,0.));
#775 = VECTOR('',#776,1.);
#776 = DIRECTION('',(0.,-1.,0.));
#777 = ORIENTED_EDGE('',*,*,#778,.T.);
#778 = EDGE_CURVE('',#769,#779,#781,.T.);
#779 = VERTEX_POINT('',#780);
#780 = CARTESIAN_POINT('',(8.5,38.5,0.));
#781 = CIRCLE('',#782,1.5);
#782 = AXIS2_PLACEMENT_3D('',#783,#784,#785);
#783 = CARTESIAN_POINT('',(10.,38.5,0.));
#784 = DIRECTION('',(0.,0.,1.));
#785 = DIRECTION('',(1.,0.,0.));
#786 = ORIENTED_EDGE('',*,*,#787,.T.);
#787 = EDGE_CURVE('',#779,#788,#790,.T.);
#788 = VERTEX_POINT('',#789);
#789 = CARTESIAN_POINT('',(8.5,12.5,0.));
#790 = LINE('',#791,#792);
#791 = CARTESIAN_POINT('',(8.5,38.5,0.));
#792 = VECTOR('',#793,1.);
#793 = DIRECTION('',(0.,-1.,0.));
#794 = ORIENTED_EDGE('',*,*,#795,.T.);
#795 = EDGE_CURVE('',#788,#771,#796,.T.);
#796 = CIRCLE('',#797,1.5);
#797 = AXIS2_PLACEMENT_3D('',#798,#799,#800);
#798 = CARTESIAN_POINT('',(10.,12.5,0.));
#799 = DIRECTION('',(0.,0.,1.));
#800 = DIRECTION('',(1.,0.,0.));
#801 = FACE_BOUND('',#802,.T.);
#802 = EDGE_LOOP('',(#803,#813,#822,#830));
#803 = ORIENTED_EDGE('',*,*,#804,.F.);
#804 = EDGE_CURVE('',#805,#807,#809,.T.);
#805 = VERTEX_POINT('',#806);
#806 = CARTESIAN_POINT('',(32.5,57.5,0.));
#807 = VERTEX_POINT('',#808);
#808 = CARTESIAN_POINT('',(32.5,31.5,0.));
#809 = LINE('',#810,#811);
#810 = CARTESIAN_POINT('',(32.5,57.5,0.));
#811 = VECTOR('',#812,1.);
#812 = DIRECTION('',(0.,-1.,0.));
#813 = ORIENTED_EDGE('',*,*,#814,.T.);
#814 = EDGE_CURVE('',#805,#815,#817,.T.);
#815 = VERTEX_POINT('',#816);
#816 = CARTESIAN_POINT('',(29.5,57.5,0.));
#817 = CIRCLE('',#818,1.5);
#818 = AXIS2_PLACEMENT_3D('',#819,#820,#821);
#819 = CARTESIAN_POINT('',(31.,57.5,0.));
#820 = DIRECTION('',(0.,0.,1.));
#821 = DIRECTION('',(1.,0.,0.));
#822 = ORIENTED_EDGE('',*,*,#823,.T.);
#823 = EDGE_CURVE('',#815,#824,#826,.T.);
#824 = VERTEX_POINT('',#825);
#825 = CARTESIAN_POINT('',(29.5,31.5,0.));
#826 = LINE('',#827,#828);
#827 = CARTESIAN_POINT('',(29.5,57.5,0.));
#828 = VECTOR('',#829,1.);
#829 = DIRECTION('',(0.,-1.,0.));
#830 = ORIENTED_EDGE('',*,*,#831,.T.);
#831 = EDGE_CURVE('',#824,#807,#832,.T.);
#832 = CIRCLE('',#833,1.5);
#833 = AXIS2_PLACEMENT_3D('',#834,#835,#836);
#834 = CARTESIAN_POINT('',(31.,31.5,0.));
#835 = DIRECTION('',(0.,0.,1.));
#836 = DIRECTION('',(1.,0.,0.));
#837 = FACE_BOUND('',#838,.T.);
#838 = EDGE_LOOP('',(#839,#849,#858,#866));
#839 = ORIENTED_EDGE('',*,*,#840,.F.);
#840 = EDGE_CURVE('',#841,#843,#845,.T.);
#841 = VERTEX_POINT('',#842);
#842 = CARTESIAN_POINT('',(26.5,57.5,0.));
#843 = VERTEX_POINT('',#844);
#844 = CARTESIAN_POINT('',(26.5,47.5,0.));
#845 = LINE('',#846,#847);
#846 = CARTESIAN_POINT('',(26.5,57.5,0.));
#847 = VECTOR('',#848,1.);
#848 = DIRECTION('',(0.,-1.,0.));
#849 = ORIENTED_EDGE('',*,*,#850,.T.);
#850 = EDGE_CURVE('',#841,#851,#853,.T.);
#851 = VERTEX_POINT('',#852);
#852 = CARTESIAN_POINT('',(23.5,57.5,0.));
#853 = CIRCLE('',#854,1.5);
#854 = AXIS2_PLACEMENT_3D('',#855,#856,#857);
#855 = CARTESIAN_POINT('',(25.,57.5,0.));
#856 = DIRECTION('',(0.,0.,1.));
#857 = DIRECTION('',(1.,0.,0.));
#858 = ORIENTED_EDGE('',*,*,#859,.T.);
#859 = EDGE_CURVE('',#851,#860,#862,.T.);
#860 = VERTEX_POINT('',#861);
#861 = CARTESIAN_POINT('',(23.5,47.5,0.));
#862 = LINE('',#863,#864);
#863 = CARTESIAN_POINT('',(23.5,57.5,0.));
#864 = VECTOR('',#865,1.);
#865 = DIRECTION('',(0.,-1.,0.));
#866 = ORIENTED_EDGE('',*,*,#867,.T.);
#867 = EDGE_CURVE('',#860,#843,#868,.T.);
#868 = CIRCLE('',#869,1.5);
#869 = AXIS2_PLACEMENT_3D('',#870,#871,#872);
#870 = CARTESIAN_POINT('',(25.,47.5,0.));
#871 = DIRECTION('',(0.,0.,1.));
#872 = DIRECTION('',(1.,0.,0.));
#873 = FACE_BOUND('',#874,.T.);
#874 = EDGE_LOOP('',(#875,#885,#894,#902));
#875 = ORIENTED_EDGE('',*,*,#876,.F.);
#876 = EDGE_CURVE('',#877,#879,#881,.T.);
#877 = VERTEX_POINT('',#878);
#878 = CARTESIAN_POINT('',(17.5,57.5,0.));
#879 = VERTEX_POINT('',#880);
#880 = CARTESIAN_POINT('',(17.5,31.5,0.));
#881 = LINE('',#882,#883);
#882 = CARTESIAN_POINT('',(17.5,57.5,0.));
#883 = VECTOR('',#884,1.);
#884 = DIRECTION('',(0.,-1.,0.));
#885 = ORIENTED_EDGE('',*,*,#886,.T.);
#886 = EDGE_CURVE('',#877,#887,#889,.T.);
#887 = VERTEX_POINT('',#888);
#888 = CARTESIAN_POINT('',(14.5,57.5,0.));
#889 = CIRCLE('',#890,1.5);
#890 = AXIS2_PLACEMENT_3D('',#891,#892,#893);
#891 = CARTESIAN_POINT('',(16.,57.5,0.));
#892 = DIRECTION('',(0.,0.,1.));
#893 = DIRECTION('',(1.,0.,0.));
#894 = ORIENTED_EDGE('',*,*,#895,.T.);
#895 = EDGE_CURVE('',#887,#896,#898,.T.);
#896 = VERTEX_POINT('',#897);
#897 = CARTESIAN_POINT('',(14.5,31.5,0.));
#898 = LINE('',#899,#900);
#899 = CARTESIAN_POINT('',(14.5,57.5,0.));
#900 = VECTOR('',#901,1.);
#901 = DIRECTION('',(0.,-1.,0.));
#902 = ORIENTED_EDGE('',*,*,#903,.T.);
#903 = EDGE_CURVE('',#896,#879,#904,.T.);
#904 = CIRCLE('',#905,1.5);
#905 = AXIS2_PLACEMENT_3D('',#906,#907,#908);
#906 = CARTESIAN_POINT('',(16.,31.5,0.));
#907 = DIRECTION('',(0.,0.,1.));
#908 = DIRECTION('',(1.,0.,0.));
#909 = FACE_BOUND('',#910,.T.);
#910 = EDGE_LOOP('',(#911,#921,#930,#938));
#911 = ORIENTED_EDGE('',*,*,#912,.F.);
#912 = EDGE_CURVE('',#913,#915,#917,.T.);
#913 = VERTEX_POINT('',#914);
#914 = CARTESIAN_POINT('',(11.5,57.5,0.));
#915 = VERTEX_POINT('',#916);
#916 = CARTESIAN_POINT('',(11.5,47.5,0.));
#917 = LINE('',#918,#919);
#918 = CARTESIAN_POINT('',(11.5,57.5,0.));
#919 = VECTOR('',#920,1.);
#920 = DIRECTION('',(0.,-1.,0.));
#921 = ORIENTED_EDGE('',*,*,#922,.T.);
#922 = EDGE_CURVE('',#913,#923,#925,.T.);
#923 = VERTEX_POINT('',#924);
#924 = CARTESIAN_POINT('',(8.5,57.5,0.));
#925 = CIRCLE('',#926,1.5);
#926 = AXIS2_PLACEMENT_3D('',#927,#928,#929);
#927 = CARTESIAN_POINT('',(10.,57.5,0.));
#928 = DIRECTION('',(0.,0.,1.));
#929 = DIRECTION('',(1.,0.,0.));
#930 = ORIENTED_EDGE('',*,*,#931,.T.);
#931 = EDGE_CURVE('',#923,#932,#934,.T.);
#932 = VERTEX_POINT('',#933);
#933 = CARTESIAN_POINT('',(8.5,47.5,0.));
#934 = LINE('',#935,#936);
#935 = CARTESIAN_POINT('',(8.5,57.5,0.));
#936 = VECTOR('',#937,1.);
#937 = DIRECTION('',(0.,-1.,0.));
#938 = ORIENTED_EDGE('',*,*,#939,.T.);
#939 = EDGE_CURVE('',#932,#915,#940,.T.);
#940 = CIRCLE('',#941,1.5);
#941 = AXIS2_PLACEMENT_3D('',#942,#943,#944);
#942 = CARTESIAN_POINT('',(10.,47.5,0.));
#943 = DIRECTION('',(0.,0.,1.));
#944 = DIRECTION('',(1.,0.,0.));
#945 = PLANE('',#946);
#946 = AXIS2_PLACEMENT_3D('',#947,#948,#949);
#947 = CARTESIAN_POINT('',(20.5,33.,0.));
#948 = DIRECTION('',(-0.,-0.,-1.));
#949 = DIRECTION('',(-1.,0.,0.));
#950 = ADVANCED_FACE('',(#951),#962,.T.);
#951 = FACE_BOUND('',#952,.T.);
#952 = EDGE_LOOP('',(#953,#954,#955,#961));
#953 = ORIENTED_EDGE('',*,*,#196,.F.);
#954 = ORIENTED_EDGE('',*,*,#286,.T.);
#955 = ORIENTED_EDGE('',*,*,#956,.F.);
#956 = EDGE_CURVE('',#643,#279,#957,.T.);
#957 = LINE('',#958,#959);
#958 = CARTESIAN_POINT('',(23.7,21.3,-16.9));
#959 = VECTOR('',#960,1.);
#960 = DIRECTION('',(0.57735026919,-0.57735026919,0.57735026919));
#961 = ORIENTED_EDGE('',*,*,#652,.F.);
#962 = PLANE('',#963);
#963 = AXIS2_PLACEMENT_3D('',#964,#965,#966);
#964 = CARTESIAN_POINT('',(40.8,66.,0.2));
#965 = DIRECTION('',(0.707106781187,1.E-17,-0.707106781187));
#966 = DIRECTION('',(7.071067811865E-18,-1.,-7.071067811865E-18));
#967 = ADVANCED_FACE('',(#968),#994,.T.);
#968 = FACE_BOUND('',#969,.T.);
#969 = EDGE_LOOP('',(#970,#979,#987,#993));
#970 = ORIENTED_EDGE('',*,*,#971,.T.);
#971 = EDGE_CURVE('',#219,#972,#974,.T.);
#972 = VERTEX_POINT('',#973);
#973 = CARTESIAN_POINT('',(4.,7.645751311065,19.));
#974 = ELLIPSE('',#975,5.656854249492,4.);
#975 = AXIS2_PLACEMENT_3D('',#976,#977,#978);
#976 = CARTESIAN_POINT('',(7.,5.,16.));
#977 = DIRECTION('',(-0.707106781187,-0.,-0.707106781187));
#978 = DIRECTION('',(0.707106781187,0.,-0.707106781187));
#979 = ORIENTED_EDGE('',*,*,#980,.T.);
#980 = EDGE_CURVE('',#972,#981,#983,.T.);
#981 = VERTEX_POINT('',#982);
#982 = CARTESIAN_POINT('',(4.,61.,19.));
#983 = LINE('',#984,#985);
#984 = CARTESIAN_POINT('',(4.,9.,19.));
#985 = VECTOR('',#986,1.);
#986 = DIRECTION('',(0.,1.,0.));
#987 = ORIENTED_EDGE('',*,*,#988,.F.);
#988 = EDGE_CURVE('',#221,#981,#989,.T.);
#989 = LINE('',#990,#991);
#990 = CARTESIAN_POINT('',(12.333333333333,52.666666666667,
    10.666666666667));
#991 = VECTOR('',#992,1.);
#992 = DIRECTION('',(0.57735026919,-0.57735026919,-0.57735026919));
#993 = ORIENTED_EDGE('',*,*,#218,.F.);
#994 = PLANE('',#995);
#995 = AXIS2_PLACEMENT_3D('',#996,#997,#998);
#996 = CARTESIAN_POINT('',(3.480740838176,33.574993660211,
    19.519259161824));
#997 = DIRECTION('',(0.707106781187,0.,0.707106781187));
#998 = DIRECTION('',(-0.707106781187,0.,0.707106781187));
#999 = ADVANCED_FACE('',(#1000),#1037,.T.);
#1000 = FACE_BOUND('',#1001,.F.);
#1001 = EDGE_LOOP('',(#1002,#1011,#1019,#1028,#1035,#1036));
#1002 = ORIENTED_EDGE('',*,*,#1003,.T.);
#1003 = EDGE_CURVE('',#972,#1004,#1006,.T.);
#1004 = VERTEX_POINT('',#1005);
#1005 = CARTESIAN_POINT('',(4.,9.,16.));
#1006 = CIRCLE('',#1007,4.);
#1007 = AXIS2_PLACEMENT_3D('',#1008,#1009,#1010);
#1008 = CARTESIAN_POINT('',(4.,5.,16.));
#1009 = DIRECTION('',(-1.,0.,0.));
#1010 = DIRECTION('',(0.,0.,1.));
#1011 = ORIENTED_EDGE('',*,*,#1012,.T.);
#1012 = EDGE_CURVE('',#1004,#1013,#1015,.T.);
#1013 = VERTEX_POINT('',#1014);
#1014 = CARTESIAN_POINT('',(37.,9.,16.));
#1015 = LINE('',#1016,#1017);
#1016 = CARTESIAN_POINT('',(4.,9.,16.));
#1017 = VECTOR('',#1018,1.);
#1018 = DIRECTION('',(1.,0.,0.));
#1019 = ORIENTED_EDGE('',*,*,#1020,.F.);
#1020 = EDGE_CURVE('',#1021,#1013,#1023,.T.);
#1021 = VERTEX_POINT('',#1022);
#1022 = CARTESIAN_POINT('',(37.,7.645751311065,19.));
#1023 = CIRCLE('',#1024,4.);
#1024 = AXIS2_PLACEMENT_3D('',#1025,#1026,#1027);
#1025 = CARTESIAN_POINT('',(37.,5.,16.));
#1026 = DIRECTION('',(-1.,0.,0.));
#1027 = DIRECTION('',(0.,0.,1.));
#1028 = ORIENTED_EDGE('',*,*,#1029,.F.);
#1029 = EDGE_CURVE('',#237,#1021,#1030,.T.);
#1030 = ELLIPSE('',#1031,5.656854249492,4.);
#1031 = AXIS2_PLACEMENT_3D('',#1032,#1033,#1034);
#1032 = CARTESIAN_POINT('',(34.,5.,16.));
#1033 = DIRECTION('',(-0.707106781187,0.,0.707106781187));
#1034 = DIRECTION('',(0.707106781187,0.,0.707106781187));
#1035 = ORIENTED_EDGE('',*,*,#244,.F.);
#1036 = ORIENTED_EDGE('',*,*,#971,.T.);
#1037 = CYLINDRICAL_SURFACE('',#1038,4.);
#1038 = AXIS2_PLACEMENT_3D('',#1039,#1040,#1041);
#1039 = CARTESIAN_POINT('',(4.,5.,16.));
#1040 = DIRECTION('',(1.,0.,0.));
#1041 = DIRECTION('',(0.,0.,1.));
#1042 = ADVANCED_FACE('',(#1043),#1061,.F.);
#1043 = FACE_BOUND('',#1044,.F.);
#1044 = EDGE_LOOP('',(#1045,#1046,#1047,#1055));
#1045 = ORIENTED_EDGE('',*,*,#988,.F.);
#1046 = ORIENTED_EDGE('',*,*,#228,.T.);
#1047 = ORIENTED_EDGE('',*,*,#1048,.T.);
#1048 = EDGE_CURVE('',#229,#1049,#1051,.T.);
#1049 = VERTEX_POINT('',#1050);
#1050 = CARTESIAN_POINT('',(37.,61.,19.));
#1051 = LINE('',#1052,#1053);
#1052 = CARTESIAN_POINT('',(31.833333333333,55.833333333333,
    13.833333333333));
#1053 = VECTOR('',#1054,1.);
#1054 = DIRECTION('',(-0.57735026919,-0.57735026919,-0.57735026919));
#1055 = ORIENTED_EDGE('',*,*,#1056,.F.);
#1056 = EDGE_CURVE('',#981,#1049,#1057,.T.);
#1057 = LINE('',#1058,#1059);
#1058 = CARTESIAN_POINT('',(4.,61.,19.));
#1059 = VECTOR('',#1060,1.);
#1060 = DIRECTION('',(1.,0.,0.));
#1061 = PLANE('',#1062);
#1062 = AXIS2_PLACEMENT_3D('',#1063,#1064,#1065);
#1063 = CARTESIAN_POINT('',(4.,61.5,19.5));
#1064 = DIRECTION('',(0.,0.707106781187,-0.707106781187));
#1065 = DIRECTION('',(1.,0.,0.));
#1066 = ADVANCED_FACE('',(#1067),#1078,.T.);
#1067 = FACE_BOUND('',#1068,.T.);
#1068 = EDGE_LOOP('',(#1069,#1070,#1071,#1077));
#1069 = ORIENTED_EDGE('',*,*,#236,.F.);
#1070 = ORIENTED_EDGE('',*,*,#1048,.T.);
#1071 = ORIENTED_EDGE('',*,*,#1072,.T.);
#1072 = EDGE_CURVE('',#1049,#1021,#1073,.T.);
#1073 = LINE('',#1074,#1075);
#1074 = CARTESIAN_POINT('',(37.,9.,19.));
#1075 = VECTOR('',#1076,1.);
#1076 = DIRECTION('',(-0.,-1.,-0.));
#1077 = ORIENTED_EDGE('',*,*,#1029,.F.);
#1078 = PLANE('',#1079);
#1079 = AXIS2_PLACEMENT_3D('',#1080,#1081,#1082);
#1080 = CARTESIAN_POINT('',(37.519259161824,33.574993660211,
    19.519259161824));
#1081 = DIRECTION('',(-0.707106781187,0.,0.707106781187));
#1082 = DIRECTION('',(-0.707106781187,0.,-0.707106781187));
#1083 = ADVANCED_FACE('',(#1084),#1109,.T.);
#1084 = FACE_BOUND('',#1085,.F.);
#1085 = EDGE_LOOP('',(#1086,#1094,#1095,#1103));
#1086 = ORIENTED_EDGE('',*,*,#1087,.F.);
#1087 = EDGE_CURVE('',#317,#1088,#1090,.T.);
#1088 = VERTEX_POINT('',#1089);
#1089 = CARTESIAN_POINT('',(14.1,67.5,12.8));
#1090 = LINE('',#1091,#1092);
#1091 = CARTESIAN_POINT('',(13.633333333333,67.966666666667,
    12.333333333334));
#1092 = VECTOR('',#1093,1.);
#1093 = DIRECTION('',(-0.57735026919,0.57735026919,-0.57735026919));
#1094 = ORIENTED_EDGE('',*,*,#324,.T.);
#1095 = ORIENTED_EDGE('',*,*,#1096,.T.);
#1096 = EDGE_CURVE('',#325,#1097,#1099,.T.);
#1097 = VERTEX_POINT('',#1098);
#1098 = CARTESIAN_POINT('',(6.4,67.5,12.8));
#1099 = LINE('',#1100,#1101);
#1100 = CARTESIAN_POINT('',(7.216666666667,68.316666666667,
    11.983333333334));
#1101 = VECTOR('',#1102,1.);
#1102 = DIRECTION('',(0.57735026919,0.57735026919,-0.57735026919));
#1103 = ORIENTED_EDGE('',*,*,#1104,.F.);
#1104 = EDGE_CURVE('',#1088,#1097,#1105,.T.);
#1105 = LINE('',#1106,#1107);
#1106 = CARTESIAN_POINT('',(15.5,67.5,12.8));
#1107 = VECTOR('',#1108,1.);
#1108 = DIRECTION('',(-1.,0.,0.));
#1109 = PLANE('',#1110);
#1110 = AXIS2_PLACEMENT_3D('',#1111,#1112,#1113);
#1111 = CARTESIAN_POINT('',(15.5,66.8,13.5));
#1112 = DIRECTION('',(0.,0.707106781187,0.707106781187));
#1113 = DIRECTION('',(1.,0.,0.));
#1114 = ADVANCED_FACE('',(#1115),#1133,.T.);
#1115 = FACE_BOUND('',#1116,.F.);
#1116 = EDGE_LOOP('',(#1117,#1125,#1126,#1127));
#1117 = ORIENTED_EDGE('',*,*,#1118,.F.);
#1118 = EDGE_CURVE('',#348,#1119,#1121,.T.);
#1119 = VERTEX_POINT('',#1120);
#1120 = CARTESIAN_POINT('',(14.1,67.5,7.2));
#1121 = LINE('',#1122,#1123);
#1122 = CARTESIAN_POINT('',(13.283333333333,68.316666666667,
    8.016666666667));
#1123 = VECTOR('',#1124,1.);
#1124 = DIRECTION('',(-0.57735026919,0.57735026919,0.57735026919));
#1125 = ORIENTED_EDGE('',*,*,#355,.T.);
#1126 = ORIENTED_EDGE('',*,*,#1087,.T.);
#1127 = ORIENTED_EDGE('',*,*,#1128,.F.);
#1128 = EDGE_CURVE('',#1119,#1088,#1129,.T.);
#1129 = LINE('',#1130,#1131);
#1130 = CARTESIAN_POINT('',(14.1,67.5,5.8));
#1131 = VECTOR('',#1132,1.);
#1132 = DIRECTION('',(0.,2.2E-16,1.));
#1133 = PLANE('',#1134);
#1134 = AXIS2_PLACEMENT_3D('',#1135,#1136,#1137);
#1135 = CARTESIAN_POINT('',(14.8,66.8,5.8));
#1136 = DIRECTION('',(0.707106781187,0.707106781187,1.E-17));
#1137 = DIRECTION('',(1.170710678119E-16,-1.029289321881E-16,-1.));
#1138 = ADVANCED_FACE('',(#1139),#1157,.T.);
#1139 = FACE_BOUND('',#1140,.F.);
#1140 = EDGE_LOOP('',(#1141,#1149,#1150,#1151));
#1141 = ORIENTED_EDGE('',*,*,#1142,.F.);
#1142 = EDGE_CURVE('',#372,#1143,#1145,.T.);
#1143 = VERTEX_POINT('',#1144);
#1144 = CARTESIAN_POINT('',(6.4,67.5,7.2));
#1145 = LINE('',#1146,#1147);
#1146 = CARTESIAN_POINT('',(6.866666666667,67.966666666667,
    7.666666666667));
#1147 = VECTOR('',#1148,1.);
#1148 = DIRECTION('',(0.57735026919,0.57735026919,0.57735026919));
#1149 = ORIENTED_EDGE('',*,*,#379,.T.);
#1150 = ORIENTED_EDGE('',*,*,#1118,.T.);
#1151 = ORIENTED_EDGE('',*,*,#1152,.F.);
#1152 = EDGE_CURVE('',#1143,#1119,#1153,.T.);
#1153 = LINE('',#1154,#1155);
#1154 = CARTESIAN_POINT('',(5.,67.5,7.2));
#1155 = VECTOR('',#1156,1.);
#1156 = DIRECTION('',(1.,0.,0.));
#1157 = PLANE('',#1158);
#1158 = AXIS2_PLACEMENT_3D('',#1159,#1160,#1161);
#1159 = CARTESIAN_POINT('',(5.,66.8,6.5));
#1160 = DIRECTION('',(0.,0.707106781187,-0.707106781187));
#1161 = DIRECTION('',(-1.,-0.,-0.));
#1162 = ADVANCED_FACE('',(#1163),#1174,.T.);
#1163 = FACE_BOUND('',#1164,.F.);
#1164 = EDGE_LOOP('',(#1165,#1166,#1167,#1168));
#1165 = ORIENTED_EDGE('',*,*,#1096,.F.);
#1166 = ORIENTED_EDGE('',*,*,#396,.T.);
#1167 = ORIENTED_EDGE('',*,*,#1142,.T.);
#1168 = ORIENTED_EDGE('',*,*,#1169,.F.);
#1169 = EDGE_CURVE('',#1097,#1143,#1170,.T.);
#1170 = LINE('',#1171,#1172);
#1171 = CARTESIAN_POINT('',(6.4,67.5,14.2));
#1172 = VECTOR('',#1173,1.);
#1173 = DIRECTION('',(0.,-2.2E-16,-1.));
#1174 = PLANE('',#1175);
#1175 = AXIS2_PLACEMENT_3D('',#1176,#1177,#1178);
#1176 = CARTESIAN_POINT('',(5.7,66.8,14.2));
#1177 = DIRECTION('',(-0.707106781187,0.707106781187,-1.E-17));
#1178 = DIRECTION('',(1.029289321881E-16,1.170710678119E-16,1.));
#1179 = ADVANCED_FACE('',(#1180,#1191),#1194,.F.);
#1180 = FACE_BOUND('',#1181,.F.);
#1181 = EDGE_LOOP('',(#1182));
#1182 = ORIENTED_EDGE('',*,*,#1183,.F.);
#1183 = EDGE_CURVE('',#1184,#1184,#1186,.T.);
#1184 = VERTEX_POINT('',#1185);
#1185 = CARTESIAN_POINT('',(23.5,63.,10.));
#1186 = CIRCLE('',#1187,3.);
#1187 = AXIS2_PLACEMENT_3D('',#1188,#1189,#1190);
#1188 = CARTESIAN_POINT('',(20.5,63.,10.));
#1189 = DIRECTION('',(0.,-1.,0.));
#1190 = DIRECTION('',(1.,0.,0.));
#1191 = FACE_BOUND('',#1192,.F.);
#1192 = EDGE_LOOP('',(#1193));
#1193 = ORIENTED_EDGE('',*,*,#412,.T.);
#1194 = PLANE('',#1195);
#1195 = AXIS2_PLACEMENT_3D('',#1196,#1197,#1198);
#1196 = CARTESIAN_POINT('',(20.5,63.,10.));
#1197 = DIRECTION('',(0.,1.,0.));
#1198 = DIRECTION('',(0.,0.,1.));
#1199 = ADVANCED_FACE('',(#1200),#1225,.T.);
#1200 = FACE_BOUND('',#1201,.F.);
#1201 = EDGE_LOOP('',(#1202,#1210,#1211,#1219));
#1202 = ORIENTED_EDGE('',*,*,#1203,.F.);
#1203 = EDGE_CURVE('',#438,#1204,#1206,.T.);
#1204 = VERTEX_POINT('',#1205);
#1205 = CARTESIAN_POINT('',(34.6,67.5,12.8));
#1206 = LINE('',#1207,#1208);
#1207 = CARTESIAN_POINT('',(34.133333333334,67.966666666667,
    12.333333333334));
#1208 = VECTOR('',#1209,1.);
#1209 = DIRECTION('',(-0.57735026919,0.57735026919,-0.57735026919));
#1210 = ORIENTED_EDGE('',*,*,#445,.T.);
#1211 = ORIENTED_EDGE('',*,*,#1212,.T.);
#1212 = EDGE_CURVE('',#446,#1213,#1215,.T.);
#1213 = VERTEX_POINT('',#1214);
#1214 = CARTESIAN_POINT('',(26.9,67.5,12.8));
#1215 = LINE('',#1216,#1217);
#1216 = CARTESIAN_POINT('',(27.716666666667,68.316666666667,
    11.983333333334));
#1217 = VECTOR('',#1218,1.);
#1218 = DIRECTION('',(0.57735026919,0.57735026919,-0.57735026919));
#1219 = ORIENTED_EDGE('',*,*,#1220,.F.);
#1220 = EDGE_CURVE('',#1204,#1213,#1221,.T.);
#1221 = LINE('',#1222,#1223);
#1222 = CARTESIAN_POINT('',(36.,67.5,12.8));
#1223 = VECTOR('',#1224,1.);
#1224 = DIRECTION('',(-1.,0.,0.));
#1225 = PLANE('',#1226);
#1226 = AXIS2_PLACEMENT_3D('',#1227,#1228,#1229);
#1227 = CARTESIAN_POINT('',(36.,66.8,13.5));
#1228 = DIRECTION('',(0.,0.707106781187,0.707106781187));
#1229 = DIRECTION('',(1.,0.,0.));
#1230 = ADVANCED_FACE('',(#1231),#1249,.T.);
#1231 = FACE_BOUND('',#1232,.F.);
#1232 = EDGE_LOOP('',(#1233,#1241,#1242,#1243));
#1233 = ORIENTED_EDGE('',*,*,#1234,.F.);
#1234 = EDGE_CURVE('',#469,#1235,#1237,.T.);
#1235 = VERTEX_POINT('',#1236);
#1236 = CARTESIAN_POINT('',(34.6,67.5,7.2));
#1237 = LINE('',#1238,#1239);
#1238 = CARTESIAN_POINT('',(33.783333333334,68.316666666667,
    8.016666666667));
#1239 = VECTOR('',#1240,1.);
#1240 = DIRECTION('',(-0.57735026919,0.57735026919,0.57735026919));
#1241 = ORIENTED_EDGE('',*,*,#476,.T.);
#1242 = ORIENTED_EDGE('',*,*,#1203,.T.);
#1243 = ORIENTED_EDGE('',*,*,#1244,.F.);
#1244 = EDGE_CURVE('',#1235,#1204,#1245,.T.);
#1245 = LINE('',#1246,#1247);
#1246 = CARTESIAN_POINT('',(34.6,67.5,5.8));
#1247 = VECTOR('',#1248,1.);
#1248 = DIRECTION('',(0.,2.2E-16,1.));
#1249 = PLANE('',#1250);
#1250 = AXIS2_PLACEMENT_3D('',#1251,#1252,#1253);
#1251 = CARTESIAN_POINT('',(35.3,66.8,5.8));
#1252 = DIRECTION('',(0.707106781187,0.707106781187,0.));
#1253 = DIRECTION('',(1.1E-16,-1.1E-16,-1.));
#1254 = ADVANCED_FACE('',(#1255),#1273,.T.);
#1255 = FACE_BOUND('',#1256,.F.);
#1256 = EDGE_LOOP('',(#1257,#1265,#1266,#1267));
#1257 = ORIENTED_EDGE('',*,*,#1258,.F.);
#1258 = EDGE_CURVE('',#493,#1259,#1261,.T.);
#1259 = VERTEX_POINT('',#1260);
#1260 = CARTESIAN_POINT('',(26.9,67.5,7.2));
#1261 = LINE('',#1262,#1263);
#1262 = CARTESIAN_POINT('',(27.366666666667,67.966666666667,
    7.666666666667));
#1263 = VECTOR('',#1264,1.);
#1264 = DIRECTION('',(0.57735026919,0.57735026919,0.57735026919));
#1265 = ORIENTED_EDGE('',*,*,#500,.T.);
#1266 = ORIENTED_EDGE('',*,*,#1234,.T.);
#1267 = ORIENTED_EDGE('',*,*,#1268,.F.);
#1268 = EDGE_CURVE('',#1259,#1235,#1269,.T.);
#1269 = LINE('',#1270,#1271);
#1270 = CARTESIAN_POINT('',(25.5,67.5,7.2));
#1271 = VECTOR('',#1272,1.);
#1272 = DIRECTION('',(1.,0.,0.));
#1273 = PLANE('',#1274);
#1274 = AXIS2_PLACEMENT_3D('',#1275,#1276,#1277);
#1275 = CARTESIAN_POINT('',(25.5,66.8,6.5));
#1276 = DIRECTION('',(0.,0.707106781187,-0.707106781187));
#1277 = DIRECTION('',(-1.,-0.,-0.));
#1278 = ADVANCED_FACE('',(#1279),#1290,.T.);
#1279 = FACE_BOUND('',#1280,.F.);
#1280 = EDGE_LOOP('',(#1281,#1282,#1283,#1284));
#1281 = ORIENTED_EDGE('',*,*,#1212,.F.);
#1282 = ORIENTED_EDGE('',*,*,#517,.T.);
#1283 = ORIENTED_EDGE('',*,*,#1258,.T.);
#1284 = ORIENTED_EDGE('',*,*,#1285,.F.);
#1285 = EDGE_CURVE('',#1213,#1259,#1286,.T.);
#1286 = LINE('',#1287,#1288);
#1287 = CARTESIAN_POINT('',(26.9,67.5,14.2));
#1288 = VECTOR('',#1289,1.);
#1289 = DIRECTION('',(0.,-2.2E-16,-1.));
#1290 = PLANE('',#1291);
#1291 = AXIS2_PLACEMENT_3D('',#1292,#1293,#1294);
#1292 = CARTESIAN_POINT('',(26.2,66.8,14.2));
#1293 = DIRECTION('',(-0.707106781187,0.707106781187,0.));
#1294 = DIRECTION('',(1.1E-16,1.1E-16,1.));
#1295 = ADVANCED_FACE('',(#1296),#1302,.T.);
#1296 = FACE_BOUND('',#1297,.T.);
#1297 = EDGE_LOOP('',(#1298,#1299,#1300,#1301));
#1298 = ORIENTED_EDGE('',*,*,#572,.F.);
#1299 = ORIENTED_EDGE('',*,*,#642,.T.);
#1300 = ORIENTED_EDGE('',*,*,#956,.T.);
#1301 = ORIENTED_EDGE('',*,*,#534,.F.);
#1302 = PLANE('',#1303);
#1303 = AXIS2_PLACEMENT_3D('',#1304,#1305,#1306);
#1304 = CARTESIAN_POINT('',(0.,4.2,0.2));
#1305 = DIRECTION('',(-0.,-0.707106781187,-0.707106781187));
#1306 = DIRECTION('',(1.,-0.,0.));
#1307 = ADVANCED_FACE('',(#1308),#1376,.F.);
#1308 = FACE_BOUND('',#1309,.F.);
#1309 = EDGE_LOOP('',(#1310,#1311,#1319,#1373,#1374,#1375));
#1310 = ORIENTED_EDGE('',*,*,#598,.F.);
#1311 = ORIENTED_EDGE('',*,*,#1312,.T.);
#1312 = EDGE_CURVE('',#599,#1313,#1315,.T.);
#1313 = VERTEX_POINT('',#1314);
#1314 = CARTESIAN_POINT('',(22.2,9.460607985831,10.));
#1315 = LINE('',#1316,#1317);
#1316 = CARTESIAN_POINT('',(22.2,2.22E-15,10.));
#1317 = VECTOR('',#1318,1.);
#1318 = DIRECTION('',(0.,1.,-2.2E-16));
#1319 = ORIENTED_EDGE('',*,*,#1320,.T.);
#1320 = EDGE_CURVE('',#1313,#1313,#1321,.T.);
#1321 = B_SPLINE_CURVE_WITH_KNOTS('',8,(#1322,#1323,#1324,#1325,#1326,
    #1327,#1328,#1329,#1330,#1331,#1332,#1333,#1334,#1335,#1336,#1337,
    #1338,#1339,#1340,#1341,#1342,#1343,#1344,#1345,#1346,#1347,#1348,
    #1349,#1350,#1351,#1352,#1353,#1354,#1355,#1356,#1357,#1358,#1359,
    #1360,#1361,#1362,#1363,#1364,#1365,#1366,#1367,#1368,#1369,#1370,
    #1371,#1372),.UNSPECIFIED.,.T.,.F.,(9,7,7,7,7,7,7,9),(0.,
    0.104581140277,0.247256552047,0.394733940928,0.530134855723,
    0.752622595735,0.901599295178,1.),.UNSPECIFIED.);
#1322 = CARTESIAN_POINT('',(22.2,9.460607985831,10.));
#1323 = CARTESIAN_POINT('',(22.2,9.411043441678,10.157605205557));
#1324 = CARTESIAN_POINT('',(22.183301158946,9.364655743183,
    10.315507465456));
#1325 = CARTESIAN_POINT('',(22.14979391109,9.322268266704,
    10.470939300077));
#1326 = CARTESIAN_POINT('',(22.100089295735,9.284382943319,
    10.621163572524));
#1327 = CARTESIAN_POINT('',(22.035483151203,9.251159408961,
    10.76360575523));
#1328 = CARTESIAN_POINT('',(21.957939876042,9.222481098136,
    10.896007715792));
#1329 = CARTESIAN_POINT('',(21.870084126381,9.198056144541,
    11.016592572625));
#1330 = CARTESIAN_POINT('',(21.645727358022,9.149458414286,
    11.271075373126));
#1331 = CARTESIAN_POINT('',(21.501503518139,9.128258288399,
    11.395707831133));
#1332 = CARTESIAN_POINT('',(21.346514837219,9.112443481392,
    11.498389918165));
#1333 = CARTESIAN_POINT('',(21.183853014133,9.100871445132,
    11.579631360078));
#1334 = CARTESIAN_POINT('',(21.01598023358,9.092725766936,
    11.640006725849));
#1335 = CARTESIAN_POINT('',(20.844918430054,9.087479695173,
    11.680020371483));
#1336 = CARTESIAN_POINT('',(20.672396441022,9.084860061502,11.7));
#1337 = CARTESIAN_POINT('',(20.32180127144,9.084860061502,11.7));
#1338 = CARTESIAN_POINT('',(20.143404973599,9.087659008473,
    11.678653028196));
#1339 = CARTESIAN_POINT('',(19.966583929124,9.093267829594,
    11.635871626766));
#1340 = CARTESIAN_POINT('',(19.793284464846,9.101999957692,
    11.571272583124));
#1341 = CARTESIAN_POINT('',(19.6257961599,9.114456517764,11.484291500258
    ));
#1342 = CARTESIAN_POINT('',(19.466915968273,9.131571306528,
    11.374308406341));
#1343 = CARTESIAN_POINT('',(19.320166405253,9.154650630472,
    11.240810831873));
#1344 = CARTESIAN_POINT('',(19.070737060139,9.213522195112,
    10.939302547531));
#1345 = CARTESIAN_POINT('',(18.96352456557,9.248569879502,
    10.772706630456));
#1346 = CARTESIAN_POINT('',(18.876408089846,9.291271846673,
    10.586893690899));
#1347 = CARTESIAN_POINT('',(18.814936688454,9.342072900267,
    10.386967663419));
#1348 = CARTESIAN_POINT('',(18.782294403592,9.400682652672,
    10.179279844585));
#1349 = CARTESIAN_POINT('',(18.779313639817,9.46568694495,9.970716305556
    ));
#1350 = CARTESIAN_POINT('',(18.804417242794,9.534502217695,
    9.768036031831));
#1351 = CARTESIAN_POINT('',(18.933910166002,9.71822387555,9.263694394403
    ));
#1352 = CARTESIAN_POINT('',(19.078123549099,9.833193084417,
    8.985268485954));
#1353 = CARTESIAN_POINT('',(19.269593920225,9.941154905156,
    8.750481855852));
#1354 = CARTESIAN_POINT('',(19.495534826989,10.034545510859,
    8.562750537669));
#1355 = CARTESIAN_POINT('',(19.745297103868,10.107337149165,
    8.423587418798));
#1356 = CARTESIAN_POINT('',(20.009987461637,10.155564275152,
    8.33340408607));
#1357 = CARTESIAN_POINT('',(20.281857125759,10.177432103854,
    8.292305322495));
#1358 = CARTESIAN_POINT('',(20.735220922431,10.169847351908,
    8.306552853784));
#1359 = CARTESIAN_POINT('',(20.916095665606,10.154977820139,
    8.334494646286));
#1360 = CARTESIAN_POINT('',(21.09373505472,10.128448850265,8.38448689062
    ));
#1361 = CARTESIAN_POINT('',(21.265796574027,10.090800853737,
    8.456406744057));
#1362 = CARTESIAN_POINT('',(21.429767946718,10.042967433132,
    8.55010932362));
#1363 = CARTESIAN_POINT('',(21.582865369709,9.986273164707,
    8.665343594972));
#1364 = CARTESIAN_POINT('',(21.72192444028,9.922394244977,8.801628608463
    ));
#1365 = CARTESIAN_POINT('',(21.92340928285,9.807609496821,9.061381302328
    ));
#1366 = CARTESIAN_POINT('',(21.996426386038,9.759318633292,
    9.174270303873));
#1367 = CARTESIAN_POINT('',(22.060583359924,9.709158736978,
    9.296090359291));
#1368 = CARTESIAN_POINT('',(22.114316869704,9.658005604406,
    9.425941904028));
#1369 = CARTESIAN_POINT('',(22.156237898925,9.606763443452,
    9.562688947862));
#1370 = CARTESIAN_POINT('',(22.185138626748,9.556295160142,
    9.704987739421));
#1371 = CARTESIAN_POINT('',(22.2,9.507367063129,9.851315610475));
#1372 = CARTESIAN_POINT('',(22.2,9.460607985831,10.));
#1373 = ORIENTED_EDGE('',*,*,#1312,.F.);
#1374 = ORIENTED_EDGE('',*,*,#607,.F.);
#1375 = ORIENTED_EDGE('',*,*,#549,.F.);
#1376 = CYLINDRICAL_SURFACE('',#1377,1.7);
#1377 = AXIS2_PLACEMENT_3D('',#1378,#1379,#1380);
#1378 = CARTESIAN_POINT('',(20.5,2.22E-15,10.));
#1379 = DIRECTION('',(0.,-1.,2.2E-16));
#1380 = DIRECTION('',(1.,0.,0.));
#1381 = ADVANCED_FACE('',(#1382),#1416,.F.);
#1382 = FACE_BOUND('',#1383,.F.);
#1383 = EDGE_LOOP('',(#1384,#1385,#1393,#1401,#1410));
#1384 = ORIENTED_EDGE('',*,*,#660,.F.);
#1385 = ORIENTED_EDGE('',*,*,#1386,.T.);
#1386 = EDGE_CURVE('',#661,#1387,#1389,.T.);
#1387 = VERTEX_POINT('',#1388);
#1388 = CARTESIAN_POINT('',(32.5,22.5,3.));
#1389 = LINE('',#1390,#1391);
#1390 = CARTESIAN_POINT('',(32.5,22.5,0.));
#1391 = VECTOR('',#1392,1.);
#1392 = DIRECTION('',(0.,0.,1.));
#1393 = ORIENTED_EDGE('',*,*,#1394,.F.);
#1394 = EDGE_CURVE('',#1395,#1387,#1397,.T.);
#1395 = VERTEX_POINT('',#1396);
#1396 = CARTESIAN_POINT('',(32.5,19.,3.));
#1397 = LINE('',#1398,#1399);
#1398 = CARTESIAN_POINT('',(32.5,27.75,3.));
#1399 = VECTOR('',#1400,1.);
#1400 = DIRECTION('',(0.,1.,0.));
#1401 = ORIENTED_EDGE('',*,*,#1402,.T.);
#1402 = EDGE_CURVE('',#1395,#1403,#1405,.T.);
#1403 = VERTEX_POINT('',#1404);
#1404 = CARTESIAN_POINT('',(32.5,12.5,5.400657923215));
#1405 = CIRCLE('',#1406,10.);
#1406 = AXIS2_PLACEMENT_3D('',#1407,#1408,#1409);
#1407 = CARTESIAN_POINT('',(32.5,19.,13.));
#1408 = DIRECTION('',(-1.,0.,0.));
#1409 = DIRECTION('',(-0.,-1.,-0.));
#1410 = ORIENTED_EDGE('',*,*,#1411,.F.);
#1411 = EDGE_CURVE('',#663,#1403,#1412,.T.);
#1412 = LINE('',#1413,#1414);
#1413 = CARTESIAN_POINT('',(32.5,12.5,0.));
#1414 = VECTOR('',#1415,1.);
#1415 = DIRECTION('',(0.,0.,1.));
#1416 = PLANE('',#1417);
#1417 = AXIS2_PLACEMENT_3D('',#1418,#1419,#1420);
#1418 = CARTESIAN_POINT('',(32.5,22.5,0.));
#1419 = DIRECTION('',(1.,0.,0.));
#1420 = DIRECTION('',(0.,-1.,0.));
#1421 = ADVANCED_FACE('',(#1422),#1441,.F.);
#1422 = FACE_BOUND('',#1423,.T.);
#1423 = EDGE_LOOP('',(#1424,#1425,#1426,#1435));
#1424 = ORIENTED_EDGE('',*,*,#670,.F.);
#1425 = ORIENTED_EDGE('',*,*,#1386,.T.);
#1426 = ORIENTED_EDGE('',*,*,#1427,.F.);
#1427 = EDGE_CURVE('',#1428,#1387,#1430,.T.);
#1428 = VERTEX_POINT('',#1429);
#1429 = CARTESIAN_POINT('',(29.5,22.5,3.));
#1430 = CIRCLE('',#1431,1.5);
#1431 = AXIS2_PLACEMENT_3D('',#1432,#1433,#1434);
#1432 = CARTESIAN_POINT('',(31.,22.5,3.));
#1433 = DIRECTION('',(0.,0.,-1.));
#1434 = DIRECTION('',(1.,0.,0.));
#1435 = ORIENTED_EDGE('',*,*,#1436,.F.);
#1436 = EDGE_CURVE('',#671,#1428,#1437,.T.);
#1437 = LINE('',#1438,#1439);
#1438 = CARTESIAN_POINT('',(29.5,22.5,0.));
#1439 = VECTOR('',#1440,1.);
#1440 = DIRECTION('',(0.,0.,1.));
#1441 = CYLINDRICAL_SURFACE('',#1442,1.5);
#1442 = AXIS2_PLACEMENT_3D('',#1443,#1444,#1445);
#1443 = CARTESIAN_POINT('',(31.,22.5,0.));
#1444 = DIRECTION('',(-0.,-0.,-1.));
#1445 = DIRECTION('',(1.,0.,0.));
#1446 = ADVANCED_FACE('',(#1447),#1529,.F.);
#1447 = FACE_BOUND('',#1448,.T.);
#1448 = EDGE_LOOP('',(#1449,#1450,#1458,#1528));
#1449 = ORIENTED_EDGE('',*,*,#687,.F.);
#1450 = ORIENTED_EDGE('',*,*,#1451,.T.);
#1451 = EDGE_CURVE('',#680,#1452,#1454,.T.);
#1452 = VERTEX_POINT('',#1453);
#1453 = CARTESIAN_POINT('',(29.5,12.5,5.400657923215));
#1454 = LINE('',#1455,#1456);
#1455 = CARTESIAN_POINT('',(29.5,12.5,0.));
#1456 = VECTOR('',#1457,1.);
#1457 = DIRECTION('',(0.,0.,1.));
#1458 = ORIENTED_EDGE('',*,*,#1459,.T.);
#1459 = EDGE_CURVE('',#1452,#1403,#1460,.T.);
#1460 = B_SPLINE_CURVE_WITH_KNOTS('',6,(#1461,#1462,#1463,#1464,#1465,
    #1466,#1467,#1468,#1469,#1470,#1471,#1472,#1473,#1474,#1475,#1476,
    #1477,#1478,#1479,#1480,#1481,#1482,#1483,#1484,#1485,#1486,#1487,
    #1488,#1489,#1490,#1491,#1492,#1493,#1494,#1495,#1496,#1497,#1498,
    #1499,#1500,#1501,#1502,#1503,#1504,#1505,#1506,#1507,#1508,#1509,
    #1510,#1511,#1512,#1513,#1514,#1515,#1516,#1517,#1518,#1519,#1520,
    #1521,#1522,#1523,#1524,#1525,#1526,#1527),.UNSPECIFIED.,.F.,.F.,(7,
    5,5,5,5,5,5,5,5,5,5,5,5,7),(0.,0.171985392721,0.278965409095,
    0.32059872987,0.376007573457,0.42241955177,0.448323310451,
    0.499739520663,0.577033131546,0.623079668572,0.679033553724,
    0.718241463409,0.827817932059,1.),.UNSPECIFIED.);
#1461 = CARTESIAN_POINT('',(29.5,12.5,5.400657923215));
#1462 = CARTESIAN_POINT('',(29.5,12.362436185914,5.518321371251));
#1463 = CARTESIAN_POINT('',(29.515139018633,12.228265882095,
    5.638256738364));
#1464 = CARTESIAN_POINT('',(29.544016869694,12.098753722269,
    5.759263571556));
#1465 = CARTESIAN_POINT('',(29.585506850642,11.974798957635,
    5.880141198802));
#1466 = CARTESIAN_POINT('',(29.638710357356,11.857163635051,
    5.999594012916));
#1467 = CARTESIAN_POINT('',(29.742876262068,11.67782889694,
    6.188554405543));
#1468 = CARTESIAN_POINT('',(29.787117609635,11.611736849244,
    6.259933759687));
#1469 = CARTESIAN_POINT('',(29.835546502772,11.548434033994,
    6.32994196338));
#1470 = CARTESIAN_POINT('',(29.888109572787,11.488066085616,
    6.398230526315));
#1471 = CARTESIAN_POINT('',(29.944787164782,11.430832980779,
    6.464357174998));
#1472 = CARTESIAN_POINT('',(30.02922902804,11.356058510063,
    6.552426346246));
#1473 = CARTESIAN_POINT('',(30.053508841062,11.335625216184,
    6.576686826032));
#1474 = CARTESIAN_POINT('',(30.078413173693,11.31572183758,
    6.600502875014));
#1475 = CARTESIAN_POINT('',(30.103942366745,11.296366069334,
    6.623838150103));
#1476 = CARTESIAN_POINT('',(30.130096408204,11.277577805398,
    6.646652715547));
#1477 = CARTESIAN_POINT('',(30.192513865611,11.235158945147,
    6.698515499644));
#1478 = CARTESIAN_POINT('',(30.229266784914,11.211977759686,
    6.727135240024));
#1479 = CARTESIAN_POINT('',(30.267122966253,11.189895282751,
    6.754649879169));
#1480 = CARTESIAN_POINT('',(30.306069901773,11.168975084572,
    6.780939631172));
#1481 = CARTESIAN_POINT('',(30.346093300632,11.149284605068,
    6.805877309106));
#1482 = CARTESIAN_POINT('',(30.421590005283,11.115491641407,
    6.848971543918));
#1483 = CARTESIAN_POINT('',(30.456751420621,11.100999220831,
    6.867574378754));
#1484 = CARTESIAN_POINT('',(30.492627464896,11.087471024189,
    6.885043034561));
#1485 = CARTESIAN_POINT('',(30.52918331831,11.074957568469,
    6.901287417206));
#1486 = CARTESIAN_POINT('',(30.566383211405,11.063506755572,
    6.916221133402));
#1487 = CARTESIAN_POINT('',(30.625291635867,11.047391234263,
    6.93731872401));
#1488 = CARTESIAN_POINT('',(30.646577559226,11.041964947551,
    6.944440429799));
#1489 = CARTESIAN_POINT('',(30.668038516773,11.036893722156,
    6.951111223988));
#1490 = CARTESIAN_POINT('',(30.689663371382,11.032185798586,
    6.957316600128));
#1491 = CARTESIAN_POINT('',(30.711439527156,11.027848947884,
    6.963042929414));
#1492 = CARTESIAN_POINT('',(30.776848705916,11.016033316612,
    6.978667449368));
#1493 = CARTESIAN_POINT('',(30.8209051149,11.009663101213,6.987124984069
    ));
#1494 = CARTESIAN_POINT('',(30.865385529449,11.004843112701,
    6.993542409365));
#1495 = CARTESIAN_POINT('',(30.910152750487,11.001615010925,
    6.997846710786));
#1496 = CARTESIAN_POINT('',(30.95506968096,11.,7.));
#1497 = CARTESIAN_POINT('',(31.067543418358,11.,7.));
#1498 = CARTESIAN_POINT('',(31.134994626365,11.00364994111,
    6.995133965301));
#1499 = CARTESIAN_POINT('',(31.201937089491,11.01092994295,
    6.985425719232));
#1500 = CARTESIAN_POINT('',(31.267950000154,11.021740223479,
    6.971059931444));
#1501 = CARTESIAN_POINT('',(31.332612758488,11.035889235259,
    6.952377166869));
#1502 = CARTESIAN_POINT('',(31.432979238084,11.063324021486,
    6.91645998492));
#1503 = CARTESIAN_POINT('',(31.469853357894,11.074654644945,
    6.901682105051));
#1504 = CARTESIAN_POINT('',(31.506095768909,11.087029580772,
    6.885615773798));
#1505 = CARTESIAN_POINT('',(31.541671351737,11.10040216326,
    6.868345121725));
#1506 = CARTESIAN_POINT('',(31.576545911248,11.114723152321,
    6.849957931248));
#1507 = CARTESIAN_POINT('',(31.652172042999,11.148432521234,
    6.806956603164));
#1508 = CARTESIAN_POINT('',(31.692579700617,11.168250515287,
    6.78185027539));
#1509 = CARTESIAN_POINT('',(31.73189262046,11.189321448043,
    6.755364935134));
#1510 = CARTESIAN_POINT('',(31.770096100435,11.211576047638,
    6.727631223231));
#1511 = CARTESIAN_POINT('',(31.807177265324,11.234949037947,
    6.698772139537));
#1512 = CARTESIAN_POINT('',(31.868314348076,11.276497756481,
    6.647973221178));
#1513 = CARTESIAN_POINT('',(31.892951247543,11.294138188714,
    6.626543994839));
#1514 = CARTESIAN_POINT('',(31.917035281506,11.312281935204,
    6.604651734903));
#1515 = CARTESIAN_POINT('',(31.940566344882,11.330912278862,
    6.582329920775));
#1516 = CARTESIAN_POINT('',(31.963544711184,11.350014285597,
    6.559609140267));
#1517 = CARTESIAN_POINT('',(32.048647087305,11.424241645332,
    6.471980484977));
#1518 = CARTESIAN_POINT('',(32.107022558699,11.482499924288,
    6.404532096073));
#1519 = CARTESIAN_POINT('',(32.161092071545,11.544053514947,
    6.334789245476));
#1520 = CARTESIAN_POINT('',(32.210836674819,11.60868573868,
    6.263229945268));
#1521 = CARTESIAN_POINT('',(32.256200956889,11.676240213031,
    6.190228360843));
#1522 = CARTESIAN_POINT('',(32.361289642644,11.857163635051,
    5.999594012916));
#1523 = CARTESIAN_POINT('',(32.414493149358,11.974798957635,
    5.880141198802));
#1524 = CARTESIAN_POINT('',(32.455983130306,12.098753722269,
    5.759263571556));
#1525 = CARTESIAN_POINT('',(32.484860981367,12.228265882095,
    5.638256738364));
#1526 = CARTESIAN_POINT('',(32.5,12.362436185914,5.518321371251));
#1527 = CARTESIAN_POINT('',(32.5,12.5,5.400657923215));
#1528 = ORIENTED_EDGE('',*,*,#1411,.F.);
#1529 = CYLINDRICAL_SURFACE('',#1530,1.5);
#1530 = AXIS2_PLACEMENT_3D('',#1531,#1532,#1533);
#1531 = CARTESIAN_POINT('',(31.,12.5,0.));
#1532 = DIRECTION('',(-0.,-0.,-1.));
#1533 = DIRECTION('',(1.,0.,0.));
#1534 = ADVANCED_FACE('',(#1535),#1555,.T.);
#1535 = FACE_BOUND('',#1536,.T.);
#1536 = EDGE_LOOP('',(#1537,#1538,#1539,#1547,#1554));
#1537 = ORIENTED_EDGE('',*,*,#679,.F.);
#1538 = ORIENTED_EDGE('',*,*,#1436,.T.);
#1539 = ORIENTED_EDGE('',*,*,#1540,.F.);
#1540 = EDGE_CURVE('',#1541,#1428,#1543,.T.);
#1541 = VERTEX_POINT('',#1542);
#1542 = CARTESIAN_POINT('',(29.5,19.,3.));
#1543 = LINE('',#1544,#1545);
#1544 = CARTESIAN_POINT('',(29.5,27.75,3.));
#1545 = VECTOR('',#1546,1.);
#1546 = DIRECTION('',(0.,1.,0.));
#1547 = ORIENTED_EDGE('',*,*,#1548,.T.);
#1548 = EDGE_CURVE('',#1541,#1452,#1549,.T.);
#1549 = CIRCLE('',#1550,10.);
#1550 = AXIS2_PLACEMENT_3D('',#1551,#1552,#1553);
#1551 = CARTESIAN_POINT('',(29.5,19.,13.));
#1552 = DIRECTION('',(-1.,0.,0.));
#1553 = DIRECTION('',(-0.,-1.,-0.));
#1554 = ORIENTED_EDGE('',*,*,#1451,.F.);
#1555 = PLANE('',#1556);
#1556 = AXIS2_PLACEMENT_3D('',#1557,#1558,#1559);
#1557 = CARTESIAN_POINT('',(29.5,22.5,0.));
#1558 = DIRECTION('',(1.,0.,0.));
#1559 = DIRECTION('',(0.,-1.,0.));
#1560 = ADVANCED_FACE('',(#1561),#1595,.F.);
#1561 = FACE_BOUND('',#1562,.F.);
#1562 = EDGE_LOOP('',(#1563,#1564,#1572,#1580,#1589));
#1563 = ORIENTED_EDGE('',*,*,#696,.F.);
#1564 = ORIENTED_EDGE('',*,*,#1565,.T.);
#1565 = EDGE_CURVE('',#697,#1566,#1568,.T.);
#1566 = VERTEX_POINT('',#1567);
#1567 = CARTESIAN_POINT('',(26.5,38.5,3.));
#1568 = LINE('',#1569,#1570);
#1569 = CARTESIAN_POINT('',(26.5,38.5,0.));
#1570 = VECTOR('',#1571,1.);
#1571 = DIRECTION('',(0.,0.,1.));
#1572 = ORIENTED_EDGE('',*,*,#1573,.F.);
#1573 = EDGE_CURVE('',#1574,#1566,#1576,.T.);
#1574 = VERTEX_POINT('',#1575);
#1575 = CARTESIAN_POINT('',(26.5,19.,3.));
#1576 = LINE('',#1577,#1578);
#1577 = CARTESIAN_POINT('',(26.5,35.75,3.));
#1578 = VECTOR('',#1579,1.);
#1579 = DIRECTION('',(0.,1.,0.));
#1580 = ORIENTED_EDGE('',*,*,#1581,.T.);
#1581 = EDGE_CURVE('',#1574,#1582,#1584,.T.);
#1582 = VERTEX_POINT('',#1583);
#1583 = CARTESIAN_POINT('',(26.5,12.5,5.400657923215));
#1584 = CIRCLE('',#1585,10.);
#1585 = AXIS2_PLACEMENT_3D('',#1586,#1587,#1588);
#1586 = CARTESIAN_POINT('',(26.5,19.,13.));
#1587 = DIRECTION('',(-1.,0.,0.));
#1588 = DIRECTION('',(-0.,-1.,-0.));
#1589 = ORIENTED_EDGE('',*,*,#1590,.F.);
#1590 = EDGE_CURVE('',#699,#1582,#1591,.T.);
#1591 = LINE('',#1592,#1593);
#1592 = CARTESIAN_POINT('',(26.5,12.5,0.));
#1593 = VECTOR('',#1594,1.);
#1594 = DIRECTION('',(0.,0.,1.));
#1595 = PLANE('',#1596);
#1596 = AXIS2_PLACEMENT_3D('',#1597,#1598,#1599);
#1597 = CARTESIAN_POINT('',(26.5,38.5,0.));
#1598 = DIRECTION('',(1.,0.,0.));
#1599 = DIRECTION('',(0.,-1.,0.));
#1600 = ADVANCED_FACE('',(#1601),#1620,.F.);
#1601 = FACE_BOUND('',#1602,.T.);
#1602 = EDGE_LOOP('',(#1603,#1604,#1605,#1614));
#1603 = ORIENTED_EDGE('',*,*,#706,.F.);
#1604 = ORIENTED_EDGE('',*,*,#1565,.T.);
#1605 = ORIENTED_EDGE('',*,*,#1606,.F.);
#1606 = EDGE_CURVE('',#1607,#1566,#1609,.T.);
#1607 = VERTEX_POINT('',#1608);
#1608 = CARTESIAN_POINT('',(23.5,38.5,3.));
#1609 = CIRCLE('',#1610,1.5);
#1610 = AXIS2_PLACEMENT_3D('',#1611,#1612,#1613);
#1611 = CARTESIAN_POINT('',(25.,38.5,3.));
#1612 = DIRECTION('',(0.,0.,-1.));
#1613 = DIRECTION('',(1.,0.,0.));
#1614 = ORIENTED_EDGE('',*,*,#1615,.F.);
#1615 = EDGE_CURVE('',#707,#1607,#1616,.T.);
#1616 = LINE('',#1617,#1618);
#1617 = CARTESIAN_POINT('',(23.5,38.5,0.));
#1618 = VECTOR('',#1619,1.);
#1619 = DIRECTION('',(0.,0.,1.));
#1620 = CYLINDRICAL_SURFACE('',#1621,1.5);
#1621 = AXIS2_PLACEMENT_3D('',#1622,#1623,#1624);
#1622 = CARTESIAN_POINT('',(25.,38.5,0.));
#1623 = DIRECTION('',(-0.,-0.,-1.));
#1624 = DIRECTION('',(1.,0.,0.));
#1625 = ADVANCED_FACE('',(#1626),#1708,.F.);
#1626 = FACE_BOUND('',#1627,.T.);
#1627 = EDGE_LOOP('',(#1628,#1629,#1637,#1707));
#1628 = ORIENTED_EDGE('',*,*,#723,.F.);
#1629 = ORIENTED_EDGE('',*,*,#1630,.T.);
#1630 = EDGE_CURVE('',#716,#1631,#1633,.T.);
#1631 = VERTEX_POINT('',#1632);
#1632 = CARTESIAN_POINT('',(23.5,12.5,5.400657923215));
#1633 = LINE('',#1634,#1635);
#1634 = CARTESIAN_POINT('',(23.5,12.5,0.));
#1635 = VECTOR('',#1636,1.);
#1636 = DIRECTION('',(0.,0.,1.));
#1637 = ORIENTED_EDGE('',*,*,#1638,.T.);
#1638 = EDGE_CURVE('',#1631,#1582,#1639,.T.);
#1639 = B_SPLINE_CURVE_WITH_KNOTS('',6,(#1640,#1641,#1642,#1643,#1644,
    #1645,#1646,#1647,#1648,#1649,#1650,#1651,#1652,#1653,#1654,#1655,
    #1656,#1657,#1658,#1659,#1660,#1661,#1662,#1663,#1664,#1665,#1666,
    #1667,#1668,#1669,#1670,#1671,#1672,#1673,#1674,#1675,#1676,#1677,
    #1678,#1679,#1680,#1681,#1682,#1683,#1684,#1685,#1686,#1687,#1688,
    #1689,#1690,#1691,#1692,#1693,#1694,#1695,#1696,#1697,#1698,#1699,
    #1700,#1701,#1702,#1703,#1704,#1705,#1706),.UNSPECIFIED.,.F.,.F.,(7,
    5,5,5,5,5,5,5,5,5,5,5,5,7),(0.,0.171985390519,0.278965411264,
    0.320598731467,0.376007565393,0.422419543515,0.448323310381,
    0.499739536841,0.577033172151,0.6230797135,0.679033590998,
    0.718241495321,0.827817955495,1.),.UNSPECIFIED.);
#1640 = CARTESIAN_POINT('',(23.5,12.5,5.400657923215));
#1641 = CARTESIAN_POINT('',(23.5,12.362436185914,5.518321371251));
#1642 = CARTESIAN_POINT('',(23.515139018633,12.228265882095,
    5.638256738364));
#1643 = CARTESIAN_POINT('',(23.544016869694,12.098753722269,
    5.759263571556));
#1644 = CARTESIAN_POINT('',(23.585506850642,11.974798957635,
    5.880141198801));
#1645 = CARTESIAN_POINT('',(23.638710357356,11.857163635051,
    5.999594012916));
#1646 = CARTESIAN_POINT('',(23.742876264211,11.67782889325,
    6.188554409431));
#1647 = CARTESIAN_POINT('',(23.787117605383,11.611736854645,
    6.259933753736));
#1648 = CARTESIAN_POINT('',(23.835546503316,11.548434034344,
    6.329941963179));
#1649 = CARTESIAN_POINT('',(23.888109577295,11.488066080382,
    6.39823053217));
#1650 = CARTESIAN_POINT('',(23.944787161464,11.430832983717,
    6.464357171537));
#1651 = CARTESIAN_POINT('',(24.02922902804,11.356058510063,
    6.552426346246));
#1652 = CARTESIAN_POINT('',(24.053508841062,11.335625216184,
    6.576686826032));
#1653 = CARTESIAN_POINT('',(24.078413173693,11.31572183758,
    6.600502875014));
#1654 = CARTESIAN_POINT('',(24.103942366745,11.296366069334,
    6.623838150103));
#1655 = CARTESIAN_POINT('',(24.130096408204,11.277577805398,
    6.646652715547));
#1656 = CARTESIAN_POINT('',(24.192513859887,11.235158949037,
    6.698515494888));
#1657 = CARTESIAN_POINT('',(24.229266786416,11.211977759413,
    6.727135240435));
#1658 = CARTESIAN_POINT('',(24.267122971886,11.189895279634,
    6.754649883055));
#1659 = CARTESIAN_POINT('',(24.306069903128,11.168975083303,
    6.78093963269));
#1660 = CARTESIAN_POINT('',(24.346093294725,11.149284607713,
    6.805877305734));
#1661 = CARTESIAN_POINT('',(24.421590016089,11.11549163657,
    6.848971550087));
#1662 = CARTESIAN_POINT('',(24.456751417007,11.100999221323,
    6.867574378064));
#1663 = CARTESIAN_POINT('',(24.492627453379,11.087471028287,
    6.885043029275));
#1664 = CARTESIAN_POINT('',(24.529183315733,11.074957570182,
    6.901287415049));
#1665 = CARTESIAN_POINT('',(24.566383223507,11.063506752262,
    6.916221137736));
#1666 = CARTESIAN_POINT('',(24.625291635867,11.047391234263,
    6.93731872401));
#1667 = CARTESIAN_POINT('',(24.646577559226,11.041964947551,
    6.944440429799));
#1668 = CARTESIAN_POINT('',(24.668038516773,11.036893722156,
    6.951111223988));
#1669 = CARTESIAN_POINT('',(24.689663371382,11.032185798586,
    6.957316600128));
#1670 = CARTESIAN_POINT('',(24.711439527156,11.027848947884,
    6.963042929414));
#1671 = CARTESIAN_POINT('',(24.776848705917,11.016033316612,
    6.978667449368));
#1672 = CARTESIAN_POINT('',(24.8209051149,11.009663101213,6.987124984069
    ));
#1673 = CARTESIAN_POINT('',(24.865385529449,11.004843112701,
    6.993542409365));
#1674 = CARTESIAN_POINT('',(24.910152750487,11.001615010925,
    6.997846710786));
#1675 = CARTESIAN_POINT('',(24.955069680961,11.,7.));
#1676 = CARTESIAN_POINT('',(25.067543418358,11.,7.));
#1677 = CARTESIAN_POINT('',(25.134994626365,11.00364994111,
    6.995133965301));
#1678 = CARTESIAN_POINT('',(25.201937089491,11.01092994295,
    6.985425719232));
#1679 = CARTESIAN_POINT('',(25.267950000154,11.021740223479,
    6.971059931444));
#1680 = CARTESIAN_POINT('',(25.332612758488,11.035889235259,
    6.952377166869));
#1681 = CARTESIAN_POINT('',(25.43297922976,11.063324019211,
    6.916459987899));
#1682 = CARTESIAN_POINT('',(25.469853359956,11.074654646221,
    6.90168210344));
#1683 = CARTESIAN_POINT('',(25.50609577713,11.087029583682,
    6.885615770044));
#1684 = CARTESIAN_POINT('',(25.541671354158,11.100402163549,
    6.868345121313));
#1685 = CARTESIAN_POINT('',(25.576545903373,11.114723148811,
    6.849957935726));
#1686 = CARTESIAN_POINT('',(25.652172042999,11.148432521234,
    6.806956603164));
#1687 = CARTESIAN_POINT('',(25.692579700617,11.168250515287,
    6.78185027539));
#1688 = CARTESIAN_POINT('',(25.73189262046,11.189321448043,
    6.755364935134));
#1689 = CARTESIAN_POINT('',(25.770096100435,11.211576047638,
    6.727631223231));
#1690 = CARTESIAN_POINT('',(25.807177265324,11.234949037947,
    6.698772139537));
#1691 = CARTESIAN_POINT('',(25.868314348076,11.276497756481,
    6.647973221178));
#1692 = CARTESIAN_POINT('',(25.892951247543,11.294138188714,
    6.626543994839));
#1693 = CARTESIAN_POINT('',(25.917035281506,11.312281935204,
    6.604651734903));
#1694 = CARTESIAN_POINT('',(25.940566344882,11.330912278862,
    6.582329920775));
#1695 = CARTESIAN_POINT('',(25.963544711184,11.350014285597,
    6.559609140267));
#1696 = CARTESIAN_POINT('',(26.04864709103,11.42424164858,6.471980481142
    ));
#1697 = CARTESIAN_POINT('',(26.107022553621,11.482499918433,
    6.404532102628));
#1698 = CARTESIAN_POINT('',(26.161092070924,11.544053515352,
    6.334789245242));
#1699 = CARTESIAN_POINT('',(26.210836679599,11.608685744721,
    6.263229938608));
#1700 = CARTESIAN_POINT('',(26.256200954487,11.676240208897,
    6.190228365198));
#1701 = CARTESIAN_POINT('',(26.361289642644,11.857163635051,
    5.999594012916));
#1702 = CARTESIAN_POINT('',(26.414493149358,11.974798957635,
    5.880141198801));
#1703 = CARTESIAN_POINT('',(26.455983130306,12.098753722268,
    5.759263571556));
#1704 = CARTESIAN_POINT('',(26.484860981367,12.228265882095,
    5.638256738364));
#1705 = CARTESIAN_POINT('',(26.5,12.362436185914,5.518321371251));
#1706 = CARTESIAN_POINT('',(26.5,12.5,5.400657923215));
#1707 = ORIENTED_EDGE('',*,*,#1590,.F.);
#1708 = CYLINDRICAL_SURFACE('',#1709,1.5);
#1709 = AXIS2_PLACEMENT_3D('',#1710,#1711,#1712);
#1710 = CARTESIAN_POINT('',(25.,12.5,0.));
#1711 = DIRECTION('',(-0.,-0.,-1.));
#1712 = DIRECTION('',(1.,0.,0.));
#1713 = ADVANCED_FACE('',(#1714),#1734,.T.);
#1714 = FACE_BOUND('',#1715,.T.);
#1715 = EDGE_LOOP('',(#1716,#1717,#1718,#1726,#1733));
#1716 = ORIENTED_EDGE('',*,*,#715,.F.);
#1717 = ORIENTED_EDGE('',*,*,#1615,.T.);
#1718 = ORIENTED_EDGE('',*,*,#1719,.F.);
#1719 = EDGE_CURVE('',#1720,#1607,#1722,.T.);
#1720 = VERTEX_POINT('',#1721);
#1721 = CARTESIAN_POINT('',(23.5,19.,3.));
#1722 = LINE('',#1723,#1724);
#1723 = CARTESIAN_POINT('',(23.5,35.75,3.));
#1724 = VECTOR('',#1725,1.);
#1725 = DIRECTION('',(0.,1.,0.));
#1726 = ORIENTED_EDGE('',*,*,#1727,.T.);
#1727 = EDGE_CURVE('',#1720,#1631,#1728,.T.);
#1728 = CIRCLE('',#1729,10.);
#1729 = AXIS2_PLACEMENT_3D('',#1730,#1731,#1732);
#1730 = CARTESIAN_POINT('',(23.5,19.,13.));
#1731 = DIRECTION('',(-1.,0.,0.));
#1732 = DIRECTION('',(-0.,-1.,-0.));
#1733 = ORIENTED_EDGE('',*,*,#1630,.F.);
#1734 = PLANE('',#1735);
#1735 = AXIS2_PLACEMENT_3D('',#1736,#1737,#1738);
#1736 = CARTESIAN_POINT('',(23.5,38.5,0.));
#1737 = DIRECTION('',(1.,0.,0.));
#1738 = DIRECTION('',(0.,-1.,0.));
#1739 = ADVANCED_FACE('',(#1740),#1774,.F.);
#1740 = FACE_BOUND('',#1741,.F.);
#1741 = EDGE_LOOP('',(#1742,#1743,#1751,#1759,#1768));
#1742 = ORIENTED_EDGE('',*,*,#732,.F.);
#1743 = ORIENTED_EDGE('',*,*,#1744,.T.);
#1744 = EDGE_CURVE('',#733,#1745,#1747,.T.);
#1745 = VERTEX_POINT('',#1746);
#1746 = CARTESIAN_POINT('',(17.5,22.5,3.));
#1747 = LINE('',#1748,#1749);
#1748 = CARTESIAN_POINT('',(17.5,22.5,0.));
#1749 = VECTOR('',#1750,1.);
#1750 = DIRECTION('',(0.,0.,1.));
#1751 = ORIENTED_EDGE('',*,*,#1752,.F.);
#1752 = EDGE_CURVE('',#1753,#1745,#1755,.T.);
#1753 = VERTEX_POINT('',#1754);
#1754 = CARTESIAN_POINT('',(17.5,19.,3.));
#1755 = LINE('',#1756,#1757);
#1756 = CARTESIAN_POINT('',(17.5,27.75,3.));
#1757 = VECTOR('',#1758,1.);
#1758 = DIRECTION('',(0.,1.,0.));
#1759 = ORIENTED_EDGE('',*,*,#1760,.T.);
#1760 = EDGE_CURVE('',#1753,#1761,#1763,.T.);
#1761 = VERTEX_POINT('',#1762);
#1762 = CARTESIAN_POINT('',(17.5,12.5,5.400657923215));
#1763 = CIRCLE('',#1764,10.);
#1764 = AXIS2_PLACEMENT_3D('',#1765,#1766,#1767);
#1765 = CARTESIAN_POINT('',(17.5,19.,13.));
#1766 = DIRECTION('',(-1.,0.,0.));
#1767 = DIRECTION('',(-0.,-1.,-0.));
#1768 = ORIENTED_EDGE('',*,*,#1769,.F.);
#1769 = EDGE_CURVE('',#735,#1761,#1770,.T.);
#1770 = LINE('',#1771,#1772);
#1771 = CARTESIAN_POINT('',(17.5,12.5,0.));
#1772 = VECTOR('',#1773,1.);
#1773 = DIRECTION('',(0.,0.,1.));
#1774 = PLANE('',#1775);
#1775 = AXIS2_PLACEMENT_3D('',#1776,#1777,#1778);
#1776 = CARTESIAN_POINT('',(17.5,22.5,0.));
#1777 = DIRECTION('',(1.,0.,0.));
#1778 = DIRECTION('',(0.,-1.,0.));
#1779 = ADVANCED_FACE('',(#1780),#1799,.F.);
#1780 = FACE_BOUND('',#1781,.T.);
#1781 = EDGE_LOOP('',(#1782,#1783,#1784,#1793));
#1782 = ORIENTED_EDGE('',*,*,#742,.F.);
#1783 = ORIENTED_EDGE('',*,*,#1744,.T.);
#1784 = ORIENTED_EDGE('',*,*,#1785,.F.);
#1785 = EDGE_CURVE('',#1786,#1745,#1788,.T.);
#1786 = VERTEX_POINT('',#1787);
#1787 = CARTESIAN_POINT('',(14.5,22.5,3.));
#1788 = CIRCLE('',#1789,1.5);
#1789 = AXIS2_PLACEMENT_3D('',#1790,#1791,#1792);
#1790 = CARTESIAN_POINT('',(16.,22.5,3.));
#1791 = DIRECTION('',(0.,0.,-1.));
#1792 = DIRECTION('',(1.,0.,0.));
#1793 = ORIENTED_EDGE('',*,*,#1794,.F.);
#1794 = EDGE_CURVE('',#743,#1786,#1795,.T.);
#1795 = LINE('',#1796,#1797);
#1796 = CARTESIAN_POINT('',(14.5,22.5,0.));
#1797 = VECTOR('',#1798,1.);
#1798 = DIRECTION('',(0.,0.,1.));
#1799 = CYLINDRICAL_SURFACE('',#1800,1.5);
#1800 = AXIS2_PLACEMENT_3D('',#1801,#1802,#1803);
#1801 = CARTESIAN_POINT('',(16.,22.5,0.));
#1802 = DIRECTION('',(-0.,-0.,-1.));
#1803 = DIRECTION('',(1.,0.,0.));
#1804 = ADVANCED_FACE('',(#1805),#1887,.F.);
#1805 = FACE_BOUND('',#1806,.T.);
#1806 = EDGE_LOOP('',(#1807,#1808,#1816,#1886));
#1807 = ORIENTED_EDGE('',*,*,#759,.F.);
#1808 = ORIENTED_EDGE('',*,*,#1809,.T.);
#1809 = EDGE_CURVE('',#752,#1810,#1812,.T.);
#1810 = VERTEX_POINT('',#1811);
#1811 = CARTESIAN_POINT('',(14.5,12.5,5.400657923215));
#1812 = LINE('',#1813,#1814);
#1813 = CARTESIAN_POINT('',(14.5,12.5,0.));
#1814 = VECTOR('',#1815,1.);
#1815 = DIRECTION('',(0.,0.,1.));
#1816 = ORIENTED_EDGE('',*,*,#1817,.T.);
#1817 = EDGE_CURVE('',#1810,#1761,#1818,.T.);
#1818 = B_SPLINE_CURVE_WITH_KNOTS('',6,(#1819,#1820,#1821,#1822,#1823,
    #1824,#1825,#1826,#1827,#1828,#1829,#1830,#1831,#1832,#1833,#1834,
    #1835,#1836,#1837,#1838,#1839,#1840,#1841,#1842,#1843,#1844,#1845,
    #1846,#1847,#1848,#1849,#1850,#1851,#1852,#1853,#1854,#1855,#1856,
    #1857,#1858,#1859,#1860,#1861,#1862,#1863,#1864,#1865,#1866,#1867,
    #1868,#1869,#1870,#1871,#1872,#1873,#1874,#1875,#1876,#1877,#1878,
    #1879,#1880,#1881,#1882,#1883,#1884,#1885),.UNSPECIFIED.,.F.,.F.,(7,
    5,5,5,5,5,5,5,5,5,5,5,5,7),(0.,0.171985353822,0.278965351741,
    0.32059866306,0.376007494064,0.42241947641,0.448323245634,
    0.499739476775,0.577033119121,0.623079674948,0.679033570435,
    0.718241478083,0.827817941041,1.),.UNSPECIFIED.);
#1819 = CARTESIAN_POINT('',(14.5,12.5,5.400657923215));
#1820 = CARTESIAN_POINT('',(14.5,12.362436185914,5.518321371251));
#1821 = CARTESIAN_POINT('',(14.515139018633,12.228265882095,
    5.638256738364));
#1822 = CARTESIAN_POINT('',(14.544016869694,12.098753722268,
    5.759263571556));
#1823 = CARTESIAN_POINT('',(14.585506850642,11.974798957635,
    5.880141198801));
#1824 = CARTESIAN_POINT('',(14.638710357356,11.857163635051,
    5.999594012916));
#1825 = CARTESIAN_POINT('',(14.742876264211,11.67782889325,
    6.188554409431));
#1826 = CARTESIAN_POINT('',(14.787117605383,11.611736854645,
    6.259933753736));
#1827 = CARTESIAN_POINT('',(14.835546503316,11.548434034344,
    6.329941963179));
#1828 = CARTESIAN_POINT('',(14.888109577295,11.488066080382,
    6.39823053217));
#1829 = CARTESIAN_POINT('',(14.944787161464,11.430832983717,
    6.464357171537));
#1830 = CARTESIAN_POINT('',(15.02922902804,11.356058510063,
    6.552426346246));
#1831 = CARTESIAN_POINT('',(15.053508841062,11.335625216184,
    6.576686826032));
#1832 = CARTESIAN_POINT('',(15.078413173693,11.31572183758,
    6.600502875014));
#1833 = CARTESIAN_POINT('',(15.103942366745,11.296366069334,
    6.623838150103));
#1834 = CARTESIAN_POINT('',(15.130096408204,11.277577805398,
    6.646652715547));
#1835 = CARTESIAN_POINT('',(15.192513865611,11.235158945147,
    6.698515499644));
#1836 = CARTESIAN_POINT('',(15.229266784914,11.211977759686,
    6.727135240024));
#1837 = CARTESIAN_POINT('',(15.267122966253,11.189895282751,
    6.754649879169));
#1838 = CARTESIAN_POINT('',(15.306069901773,11.168975084572,
    6.780939631172));
#1839 = CARTESIAN_POINT('',(15.346093300632,11.149284605068,
    6.805877309106));
#1840 = CARTESIAN_POINT('',(15.421590016089,11.11549163657,
    6.848971550087));
#1841 = CARTESIAN_POINT('',(15.456751417007,11.100999221323,
    6.867574378064));
#1842 = CARTESIAN_POINT('',(15.492627453379,11.087471028287,
    6.885043029275));
#1843 = CARTESIAN_POINT('',(15.529183315733,11.074957570182,
    6.901287415049));
#1844 = CARTESIAN_POINT('',(15.566383223507,11.063506752262,
    6.916221137736));
#1845 = CARTESIAN_POINT('',(15.625291635867,11.047391234263,
    6.93731872401));
#1846 = CARTESIAN_POINT('',(15.646577559226,11.041964947551,
    6.944440429799));
#1847 = CARTESIAN_POINT('',(15.668038516773,11.036893722156,
    6.951111223988));
#1848 = CARTESIAN_POINT('',(15.689663371382,11.032185798586,
    6.957316600128));
#1849 = CARTESIAN_POINT('',(15.711439527156,11.027848947884,
    6.963042929414));
#1850 = CARTESIAN_POINT('',(15.776848705917,11.016033316612,
    6.978667449368));
#1851 = CARTESIAN_POINT('',(15.8209051149,11.009663101213,6.987124984069
    ));
#1852 = CARTESIAN_POINT('',(15.865385529449,11.004843112701,
    6.993542409365));
#1853 = CARTESIAN_POINT('',(15.910152750487,11.001615010925,
    6.997846710786));
#1854 = CARTESIAN_POINT('',(15.955069680961,11.,7.));
#1855 = CARTESIAN_POINT('',(16.067543418358,11.,7.));
#1856 = CARTESIAN_POINT('',(16.134994626365,11.00364994111,
    6.995133965301));
#1857 = CARTESIAN_POINT('',(16.201937089491,11.01092994295,
    6.985425719232));
#1858 = CARTESIAN_POINT('',(16.267950000154,11.021740223479,
    6.971059931444));
#1859 = CARTESIAN_POINT('',(16.332612758488,11.035889235259,
    6.952377166869));
#1860 = CARTESIAN_POINT('',(16.432979238131,11.063324021499,
    6.916459984903));
#1861 = CARTESIAN_POINT('',(16.469853357882,11.074654644937,
    6.90168210506));
#1862 = CARTESIAN_POINT('',(16.506095768862,11.087029580756,
    6.88561577382));
#1863 = CARTESIAN_POINT('',(16.541671351724,11.100402163259,
    6.868345121728));
#1864 = CARTESIAN_POINT('',(16.576545911293,11.114723152341,
    6.849957931223));
#1865 = CARTESIAN_POINT('',(16.652172033667,11.148432517074,
    6.80695660847));
#1866 = CARTESIAN_POINT('',(16.692579702582,11.168250517204,
    6.781850273102));
#1867 = CARTESIAN_POINT('',(16.731892629253,11.189321452928,
    6.755364929047));
#1868 = CARTESIAN_POINT('',(16.77009610306,11.211576048257,
    6.727631222354));
#1869 = CARTESIAN_POINT('',(16.807177256817,11.234949032166,
    6.698772146606));
#1870 = CARTESIAN_POINT('',(16.868314348076,11.276497756481,
    6.647973221178));
#1871 = CARTESIAN_POINT('',(16.892951247543,11.294138188714,
    6.626543994839));
#1872 = CARTESIAN_POINT('',(16.917035281506,11.312281935204,
    6.604651734903));
#1873 = CARTESIAN_POINT('',(16.940566344882,11.330912278862,
    6.582329920775));
#1874 = CARTESIAN_POINT('',(16.963544711184,11.350014285597,
    6.559609140267));
#1875 = CARTESIAN_POINT('',(17.048647087305,11.424241645332,
    6.471980484977));
#1876 = CARTESIAN_POINT('',(17.107022558699,11.482499924288,
    6.404532096073));
#1877 = CARTESIAN_POINT('',(17.161092071545,11.544053514947,
    6.334789245476));
#1878 = CARTESIAN_POINT('',(17.210836674819,11.60868573868,
    6.263229945268));
#1879 = CARTESIAN_POINT('',(17.256200956889,11.676240213031,
    6.190228360843));
#1880 = CARTESIAN_POINT('',(17.36128964263,11.857163635028,
    5.999594012941));
#1881 = CARTESIAN_POINT('',(17.414493149385,11.97479895767,
    5.880141198762));
#1882 = CARTESIAN_POINT('',(17.455983130285,12.098753722277,
    5.759263571556));
#1883 = CARTESIAN_POINT('',(17.484860981372,12.228265882047,
    5.638256738403));
#1884 = CARTESIAN_POINT('',(17.5,12.362436185943,5.518321371226));
#1885 = CARTESIAN_POINT('',(17.5,12.5,5.400657923215));
#1886 = ORIENTED_EDGE('',*,*,#1769,.F.);
#1887 = CYLINDRICAL_SURFACE('',#1888,1.5);
#1888 = AXIS2_PLACEMENT_3D('',#1889,#1890,#1891);
#1889 = CARTESIAN_POINT('',(16.,12.5,0.));
#1890 = DIRECTION('',(-0.,-0.,-1.));
#1891 = DIRECTION('',(1.,0.,0.));
#1892 = ADVANCED_FACE('',(#1893),#1913,.T.);
#1893 = FACE_BOUND('',#1894,.T.);
#1894 = EDGE_LOOP('',(#1895,#1896,#1897,#1905,#1912));
#1895 = ORIENTED_EDGE('',*,*,#751,.F.);
#1896 = ORIENTED_EDGE('',*,*,#1794,.T.);
#1897 = ORIENTED_EDGE('',*,*,#1898,.F.);
#1898 = EDGE_CURVE('',#1899,#1786,#1901,.T.);
#1899 = VERTEX_POINT('',#1900);
#1900 = CARTESIAN_POINT('',(14.5,19.,3.));
#1901 = LINE('',#1902,#1903);
#1902 = CARTESIAN_POINT('',(14.5,27.75,3.));
#1903 = VECTOR('',#1904,1.);
#1904 = DIRECTION('',(0.,1.,0.));
#1905 = ORIENTED_EDGE('',*,*,#1906,.T.);
#1906 = EDGE_CURVE('',#1899,#1810,#1907,.T.);
#1907 = CIRCLE('',#1908,10.);
#1908 = AXIS2_PLACEMENT_3D('',#1909,#1910,#1911);
#1909 = CARTESIAN_POINT('',(14.5,19.,13.));
#1910 = DIRECTION('',(-1.,0.,0.));
#1911 = DIRECTION('',(-0.,-1.,-0.));
#1912 = ORIENTED_EDGE('',*,*,#1809,.F.);
#1913 = PLANE('',#1914);
#1914 = AXIS2_PLACEMENT_3D('',#1915,#1916,#1917);
#1915 = CARTESIAN_POINT('',(14.5,22.5,0.));
#1916 = DIRECTION('',(1.,0.,0.));
#1917 = DIRECTION('',(0.,-1.,0.));
#1918 = ADVANCED_FACE('',(#1919),#1953,.F.);
#1919 = FACE_BOUND('',#1920,.F.);
#1920 = EDGE_LOOP('',(#1921,#1922,#1930,#1938,#1947));
#1921 = ORIENTED_EDGE('',*,*,#768,.F.);
#1922 = ORIENTED_EDGE('',*,*,#1923,.T.);
#1923 = EDGE_CURVE('',#769,#1924,#1926,.T.);
#1924 = VERTEX_POINT('',#1925);
#1925 = CARTESIAN_POINT('',(11.5,38.5,3.));
#1926 = LINE('',#1927,#1928);
#1927 = CARTESIAN_POINT('',(11.5,38.5,0.));
#1928 = VECTOR('',#1929,1.);
#1929 = DIRECTION('',(0.,0.,1.));
#1930 = ORIENTED_EDGE('',*,*,#1931,.F.);
#1931 = EDGE_CURVE('',#1932,#1924,#1934,.T.);
#1932 = VERTEX_POINT('',#1933);
#1933 = CARTESIAN_POINT('',(11.5,19.,3.));
#1934 = LINE('',#1935,#1936);
#1935 = CARTESIAN_POINT('',(11.5,35.75,3.));
#1936 = VECTOR('',#1937,1.);
#1937 = DIRECTION('',(0.,1.,0.));
#1938 = ORIENTED_EDGE('',*,*,#1939,.T.);
#1939 = EDGE_CURVE('',#1932,#1940,#1942,.T.);
#1940 = VERTEX_POINT('',#1941);
#1941 = CARTESIAN_POINT('',(11.5,12.5,5.400657923215));
#1942 = CIRCLE('',#1943,10.);
#1943 = AXIS2_PLACEMENT_3D('',#1944,#1945,#1946);
#1944 = CARTESIAN_POINT('',(11.5,19.,13.));
#1945 = DIRECTION('',(-1.,0.,0.));
#1946 = DIRECTION('',(-0.,-1.,-0.));
#1947 = ORIENTED_EDGE('',*,*,#1948,.F.);
#1948 = EDGE_CURVE('',#771,#1940,#1949,.T.);
#1949 = LINE('',#1950,#1951);
#1950 = CARTESIAN_POINT('',(11.5,12.5,0.));
#1951 = VECTOR('',#1952,1.);
#1952 = DIRECTION('',(0.,0.,1.));
#1953 = PLANE('',#1954);
#1954 = AXIS2_PLACEMENT_3D('',#1955,#1956,#1957);
#1955 = CARTESIAN_POINT('',(11.5,38.5,0.));
#1956 = DIRECTION('',(1.,0.,0.));
#1957 = DIRECTION('',(0.,-1.,0.));
#1958 = ADVANCED_FACE('',(#1959),#1978,.F.);
#1959 = FACE_BOUND('',#1960,.T.);
#1960 = EDGE_LOOP('',(#1961,#1962,#1963,#1972));
#1961 = ORIENTED_EDGE('',*,*,#778,.F.);
#1962 = ORIENTED_EDGE('',*,*,#1923,.T.);
#1963 = ORIENTED_EDGE('',*,*,#1964,.F.);
#1964 = EDGE_CURVE('',#1965,#1924,#1967,.T.);
#1965 = VERTEX_POINT('',#1966);
#1966 = CARTESIAN_POINT('',(8.5,38.5,3.));
#1967 = CIRCLE('',#1968,1.5);
#1968 = AXIS2_PLACEMENT_3D('',#1969,#1970,#1971);
#1969 = CARTESIAN_POINT('',(10.,38.5,3.));
#1970 = DIRECTION('',(0.,0.,-1.));
#1971 = DIRECTION('',(1.,0.,0.));
#1972 = ORIENTED_EDGE('',*,*,#1973,.F.);
#1973 = EDGE_CURVE('',#779,#1965,#1974,.T.);
#1974 = LINE('',#1975,#1976);
#1975 = CARTESIAN_POINT('',(8.5,38.5,0.));
#1976 = VECTOR('',#1977,1.);
#1977 = DIRECTION('',(0.,0.,1.));
#1978 = CYLINDRICAL_SURFACE('',#1979,1.5);
#1979 = AXIS2_PLACEMENT_3D('',#1980,#1981,#1982);
#1980 = CARTESIAN_POINT('',(10.,38.5,0.));
#1981 = DIRECTION('',(-0.,-0.,-1.));
#1982 = DIRECTION('',(1.,0.,0.));
#1983 = ADVANCED_FACE('',(#1984),#2066,.F.);
#1984 = FACE_BOUND('',#1985,.T.);
#1985 = EDGE_LOOP('',(#1986,#1987,#1995,#2065));
#1986 = ORIENTED_EDGE('',*,*,#795,.F.);
#1987 = ORIENTED_EDGE('',*,*,#1988,.T.);
#1988 = EDGE_CURVE('',#788,#1989,#1991,.T.);
#1989 = VERTEX_POINT('',#1990);
#1990 = CARTESIAN_POINT('',(8.5,12.5,5.400657923215));
#1991 = LINE('',#1992,#1993);
#1992 = CARTESIAN_POINT('',(8.5,12.5,0.));
#1993 = VECTOR('',#1994,1.);
#1994 = DIRECTION('',(0.,0.,1.));
#1995 = ORIENTED_EDGE('',*,*,#1996,.T.);
#1996 = EDGE_CURVE('',#1989,#1940,#1997,.T.);
#1997 = B_SPLINE_CURVE_WITH_KNOTS('',6,(#1998,#1999,#2000,#2001,#2002,
    #2003,#2004,#2005,#2006,#2007,#2008,#2009,#2010,#2011,#2012,#2013,
    #2014,#2015,#2016,#2017,#2018,#2019,#2020,#2021,#2022,#2023,#2024,
    #2025,#2026,#2027,#2028,#2029,#2030,#2031,#2032,#2033,#2034,#2035,
    #2036,#2037,#2038,#2039,#2040,#2041,#2042,#2043,#2044,#2045,#2046,
    #2047,#2048,#2049,#2050,#2051,#2052,#2053,#2054,#2055,#2056,#2057,
    #2058,#2059,#2060,#2061,#2062,#2063,#2064),.UNSPECIFIED.,.F.,.F.,(7,
    5,5,5,5,5,5,5,5,5,5,5,5,7),(0.,0.171985419314,0.27896545797,
    0.320598785143,0.376007637246,0.422419622692,0.448323385354,
    0.49973960347,0.577033226235,0.623079770397,0.679033651709,
    0.718241549425,0.827817984624,1.),.UNSPECIFIED.);
#1998 = CARTESIAN_POINT('',(8.5,12.5,5.400657923215));
#1999 = CARTESIAN_POINT('',(8.5,12.362436185914,5.518321371251));
#2000 = CARTESIAN_POINT('',(8.515139018633,12.228265882095,
    5.638256738364));
#2001 = CARTESIAN_POINT('',(8.544016869694,12.098753722268,
    5.759263571556));
#2002 = CARTESIAN_POINT('',(8.585506850642,11.974798957635,
    5.880141198801));
#2003 = CARTESIAN_POINT('',(8.638710357356,11.857163635051,
    5.999594012916));
#2004 = CARTESIAN_POINT('',(8.742876264211,11.67782889325,6.188554409431
    ));
#2005 = CARTESIAN_POINT('',(8.787117605383,11.611736854645,
    6.259933753736));
#2006 = CARTESIAN_POINT('',(8.835546503316,11.548434034344,
    6.329941963179));
#2007 = CARTESIAN_POINT('',(8.888109577295,11.488066080382,6.39823053217
    ));
#2008 = CARTESIAN_POINT('',(8.944787161464,11.430832983717,
    6.464357171537));
#2009 = CARTESIAN_POINT('',(9.02922902804,11.356058510063,6.552426346246
    ));
#2010 = CARTESIAN_POINT('',(9.053508841062,11.335625216184,
    6.576686826032));
#2011 = CARTESIAN_POINT('',(9.078413173693,11.31572183758,6.600502875014
    ));
#2012 = CARTESIAN_POINT('',(9.103942366745,11.296366069334,
    6.623838150103));
#2013 = CARTESIAN_POINT('',(9.130096408204,11.277577805398,
    6.646652715547));
#2014 = CARTESIAN_POINT('',(9.192513865611,11.235158945147,
    6.698515499644));
#2015 = CARTESIAN_POINT('',(9.229266784914,11.211977759686,
    6.727135240024));
#2016 = CARTESIAN_POINT('',(9.267122966253,11.189895282751,
    6.754649879169));
#2017 = CARTESIAN_POINT('',(9.306069901773,11.168975084572,
    6.780939631172));
#2018 = CARTESIAN_POINT('',(9.346093300632,11.149284605068,
    6.805877309106));
#2019 = CARTESIAN_POINT('',(9.421590005283,11.115491641407,
    6.848971543918));
#2020 = CARTESIAN_POINT('',(9.456751420621,11.100999220831,
    6.867574378754));
#2021 = CARTESIAN_POINT('',(9.492627464896,11.087471024189,
    6.885043034561));
#2022 = CARTESIAN_POINT('',(9.52918331831,11.074957568469,6.901287417206
    ));
#2023 = CARTESIAN_POINT('',(9.566383211405,11.063506755572,
    6.916221133402));
#2024 = CARTESIAN_POINT('',(9.625291635867,11.047391234263,6.93731872401
    ));
#2025 = CARTESIAN_POINT('',(9.646577559226,11.041964947551,
    6.944440429799));
#2026 = CARTESIAN_POINT('',(9.668038516773,11.036893722156,
    6.951111223988));
#2027 = CARTESIAN_POINT('',(9.689663371382,11.032185798586,
    6.957316600128));
#2028 = CARTESIAN_POINT('',(9.711439527156,11.027848947884,
    6.963042929414));
#2029 = CARTESIAN_POINT('',(9.776848705917,11.016033316612,
    6.978667449368));
#2030 = CARTESIAN_POINT('',(9.8209051149,11.009663101213,6.987124984069)
  );
#2031 = CARTESIAN_POINT('',(9.865385529449,11.004843112701,
    6.993542409365));
#2032 = CARTESIAN_POINT('',(9.910152750487,11.001615010925,
    6.997846710786));
#2033 = CARTESIAN_POINT('',(9.955069680961,11.,7.));
#2034 = CARTESIAN_POINT('',(10.067543418358,11.,7.));
#2035 = CARTESIAN_POINT('',(10.134994626365,11.00364994111,
    6.995133965301));
#2036 = CARTESIAN_POINT('',(10.201937089491,11.01092994295,
    6.985425719232));
#2037 = CARTESIAN_POINT('',(10.267950000154,11.021740223479,
    6.971059931444));
#2038 = CARTESIAN_POINT('',(10.332612758488,11.035889235259,
    6.952377166869));
#2039 = CARTESIAN_POINT('',(10.432979238131,11.063324021499,
    6.916459984903));
#2040 = CARTESIAN_POINT('',(10.469853357882,11.074654644937,
    6.90168210506));
#2041 = CARTESIAN_POINT('',(10.506095768862,11.087029580756,
    6.88561577382));
#2042 = CARTESIAN_POINT('',(10.541671351724,11.100402163259,
    6.868345121728));
#2043 = CARTESIAN_POINT('',(10.576545911293,11.114723152341,
    6.849957931223));
#2044 = CARTESIAN_POINT('',(10.652172033667,11.148432517074,
    6.80695660847));
#2045 = CARTESIAN_POINT('',(10.692579702582,11.168250517204,
    6.781850273102));
#2046 = CARTESIAN_POINT('',(10.731892629253,11.189321452928,
    6.755364929047));
#2047 = CARTESIAN_POINT('',(10.77009610306,11.211576048257,
    6.727631222354));
#2048 = CARTESIAN_POINT('',(10.807177256817,11.234949032166,
    6.698772146606));
#2049 = CARTESIAN_POINT('',(10.868314348076,11.276497756481,
    6.647973221178));
#2050 = CARTESIAN_POINT('',(10.892951247543,11.294138188714,
    6.626543994839));
#2051 = CARTESIAN_POINT('',(10.917035281506,11.312281935204,
    6.604651734903));
#2052 = CARTESIAN_POINT('',(10.940566344882,11.330912278862,
    6.582329920775));
#2053 = CARTESIAN_POINT('',(10.963544711184,11.350014285597,
    6.559609140267));
#2054 = CARTESIAN_POINT('',(11.048647087305,11.424241645332,
    6.471980484977));
#2055 = CARTESIAN_POINT('',(11.107022558699,11.482499924288,
    6.404532096073));
#2056 = CARTESIAN_POINT('',(11.161092071545,11.544053514947,
    6.334789245476));
#2057 = CARTESIAN_POINT('',(11.210836674819,11.60868573868,
    6.263229945268));
#2058 = CARTESIAN_POINT('',(11.256200956889,11.676240213031,
    6.190228360843));
#2059 = CARTESIAN_POINT('',(11.361289642644,11.857163635051,
    5.999594012916));
#2060 = CARTESIAN_POINT('',(11.414493149358,11.974798957635,
    5.880141198801));
#2061 = CARTESIAN_POINT('',(11.455983130305,12.098753722268,
    5.759263571556));
#2062 = CARTESIAN_POINT('',(11.484860981367,12.228265882095,
    5.638256738364));
#2063 = CARTESIAN_POINT('',(11.5,12.362436185914,5.518321371251));
#2064 = CARTESIAN_POINT('',(11.5,12.5,5.400657923215));
#2065 = ORIENTED_EDGE('',*,*,#1948,.F.);
#2066 = CYLINDRICAL_SURFACE('',#2067,1.5);
#2067 = AXIS2_PLACEMENT_3D('',#2068,#2069,#2070);
#2068 = CARTESIAN_POINT('',(10.,12.5,0.));
#2069 = DIRECTION('',(-0.,-0.,-1.));
#2070 = DIRECTION('',(1.,0.,0.));
#2071 = ADVANCED_FACE('',(#2072),#2092,.T.);
#2072 = FACE_BOUND('',#2073,.T.);
#2073 = EDGE_LOOP('',(#2074,#2075,#2076,#2084,#2091));
#2074 = ORIENTED_EDGE('',*,*,#787,.F.);
#2075 = ORIENTED_EDGE('',*,*,#1973,.T.);
#2076 = ORIENTED_EDGE('',*,*,#2077,.F.);
#2077 = EDGE_CURVE('',#2078,#1965,#2080,.T.);
#2078 = VERTEX_POINT('',#2079);
#2079 = CARTESIAN_POINT('',(8.5,19.,3.));
#2080 = LINE('',#2081,#2082);
#2081 = CARTESIAN_POINT('',(8.5,35.75,3.));
#2082 = VECTOR('',#2083,1.);
#2083 = DIRECTION('',(0.,1.,0.));
#2084 = ORIENTED_EDGE('',*,*,#2085,.T.);
#2085 = EDGE_CURVE('',#2078,#1989,#2086,.T.);
#2086 = CIRCLE('',#2087,10.);
#2087 = AXIS2_PLACEMENT_3D('',#2088,#2089,#2090);
#2088 = CARTESIAN_POINT('',(8.5,19.,13.));
#2089 = DIRECTION('',(-1.,0.,0.));
#2090 = DIRECTION('',(-0.,-1.,-0.));
#2091 = ORIENTED_EDGE('',*,*,#1988,.F.);
#2092 = PLANE('',#2093);
#2093 = AXIS2_PLACEMENT_3D('',#2094,#2095,#2096);
#2094 = CARTESIAN_POINT('',(8.5,38.5,0.));
#2095 = DIRECTION('',(1.,0.,0.));
#2096 = DIRECTION('',(0.,-1.,0.));
#2097 = ADVANCED_FACE('',(#2098),#2132,.F.);
#2098 = FACE_BOUND('',#2099,.F.);
#2099 = EDGE_LOOP('',(#2100,#2101,#2109,#2118,#2126));
#2100 = ORIENTED_EDGE('',*,*,#804,.F.);
#2101 = ORIENTED_EDGE('',*,*,#2102,.T.);
#2102 = EDGE_CURVE('',#805,#2103,#2105,.T.);
#2103 = VERTEX_POINT('',#2104);
#2104 = CARTESIAN_POINT('',(32.5,57.5,5.400657923215));
#2105 = LINE('',#2106,#2107);
#2106 = CARTESIAN_POINT('',(32.5,57.5,0.));
#2107 = VECTOR('',#2108,1.);
#2108 = DIRECTION('',(0.,0.,1.));
#2109 = ORIENTED_EDGE('',*,*,#2110,.T.);
#2110 = EDGE_CURVE('',#2103,#2111,#2113,.T.);
#2111 = VERTEX_POINT('',#2112);
#2112 = CARTESIAN_POINT('',(32.5,51.,3.));
#2113 = CIRCLE('',#2114,10.);
#2114 = AXIS2_PLACEMENT_3D('',#2115,#2116,#2117);
#2115 = CARTESIAN_POINT('',(32.5,51.,13.));
#2116 = DIRECTION('',(-1.,0.,0.));
#2117 = DIRECTION('',(0.,1.,0.));
#2118 = ORIENTED_EDGE('',*,*,#2119,.F.);
#2119 = EDGE_CURVE('',#2120,#2111,#2122,.T.);
#2120 = VERTEX_POINT('',#2121);
#2121 = CARTESIAN_POINT('',(32.5,31.5,3.));
#2122 = LINE('',#2123,#2124);
#2123 = CARTESIAN_POINT('',(32.5,45.25,3.));
#2124 = VECTOR('',#2125,1.);
#2125 = DIRECTION('',(0.,1.,0.));
#2126 = ORIENTED_EDGE('',*,*,#2127,.F.);
#2127 = EDGE_CURVE('',#807,#2120,#2128,.T.);
#2128 = LINE('',#2129,#2130);
#2129 = CARTESIAN_POINT('',(32.5,31.5,0.));
#2130 = VECTOR('',#2131,1.);
#2131 = DIRECTION('',(0.,0.,1.));
#2132 = PLANE('',#2133);
#2133 = AXIS2_PLACEMENT_3D('',#2134,#2135,#2136);
#2134 = CARTESIAN_POINT('',(32.5,57.5,0.));
#2135 = DIRECTION('',(1.,0.,0.));
#2136 = DIRECTION('',(0.,-1.,0.));
#2137 = ADVANCED_FACE('',(#2138),#2220,.F.);
#2138 = FACE_BOUND('',#2139,.T.);
#2139 = EDGE_LOOP('',(#2140,#2141,#2142,#2214));
#2140 = ORIENTED_EDGE('',*,*,#814,.F.);
#2141 = ORIENTED_EDGE('',*,*,#2102,.T.);
#2142 = ORIENTED_EDGE('',*,*,#2143,.T.);
#2143 = EDGE_CURVE('',#2103,#2144,#2146,.T.);
#2144 = VERTEX_POINT('',#2145);
#2145 = CARTESIAN_POINT('',(29.5,57.5,5.400657923215));
#2146 = B_SPLINE_CURVE_WITH_KNOTS('',6,(#2147,#2148,#2149,#2150,#2151,
    #2152,#2153,#2154,#2155,#2156,#2157,#2158,#2159,#2160,#2161,#2162,
    #2163,#2164,#2165,#2166,#2167,#2168,#2169,#2170,#2171,#2172,#2173,
    #2174,#2175,#2176,#2177,#2178,#2179,#2180,#2181,#2182,#2183,#2184,
    #2185,#2186,#2187,#2188,#2189,#2190,#2191,#2192,#2193,#2194,#2195,
    #2196,#2197,#2198,#2199,#2200,#2201,#2202,#2203,#2204,#2205,#2206,
    #2207,#2208,#2209,#2210,#2211,#2212,#2213),.UNSPECIFIED.,.F.,.F.,(7,
    5,5,5,5,5,5,5,5,5,5,5,5,7),(0.,0.171985353889,0.278965346109,
    0.320598657483,0.37600748856,0.422419470967,0.448323240225,
    0.499739471434,0.577033113882,0.623079669658,0.679033564941,
    0.718241472447,0.827817941516,1.),.UNSPECIFIED.);
#2147 = CARTESIAN_POINT('',(32.5,57.5,5.400657923215));
#2148 = CARTESIAN_POINT('',(32.5,57.637563814086,5.518321371251));
#2149 = CARTESIAN_POINT('',(32.484860981367,57.771734117905,
    5.638256738364));
#2150 = CARTESIAN_POINT('',(32.455983130305,57.901246277731,
    5.759263571556));
#2151 = CARTESIAN_POINT('',(32.414493149358,58.025201042365,
    5.880141198801));
#2152 = CARTESIAN_POINT('',(32.361289642644,58.142836364949,
    5.999594012916));
#2153 = CARTESIAN_POINT('',(32.257123737932,58.322171103059,
    6.188554405542));
#2154 = CARTESIAN_POINT('',(32.212882390365,58.388263150755,
    6.259933759687));
#2155 = CARTESIAN_POINT('',(32.164453497229,58.451565966006,
    6.32994196338));
#2156 = CARTESIAN_POINT('',(32.111890427213,58.511933914384,
    6.398230526315));
#2157 = CARTESIAN_POINT('',(32.055212835218,58.569167019221,
    6.464357174998));
#2158 = CARTESIAN_POINT('',(31.97077097196,58.643941489937,
    6.552426346246));
#2159 = CARTESIAN_POINT('',(31.946491158938,58.664374783816,
    6.576686826032));
#2160 = CARTESIAN_POINT('',(31.921586826307,58.68427816242,
    6.600502875014));
#2161 = CARTESIAN_POINT('',(31.896057633255,58.703633930666,
    6.623838150103));
#2162 = CARTESIAN_POINT('',(31.869903591796,58.722422194602,
    6.646652715547));
#2163 = CARTESIAN_POINT('',(31.807486134389,58.764841054853,
    6.698515499644));
#2164 = CARTESIAN_POINT('',(31.770733215086,58.788022240314,
    6.727135240024));
#2165 = CARTESIAN_POINT('',(31.732877033747,58.810104717249,
    6.754649879169));
#2166 = CARTESIAN_POINT('',(31.693930098227,58.831024915428,
    6.780939631172));
#2167 = CARTESIAN_POINT('',(31.653906699368,58.850715394932,
    6.805877309106));
#2168 = CARTESIAN_POINT('',(31.578409983911,58.88450836343,
    6.848971550087));
#2169 = CARTESIAN_POINT('',(31.543248582993,58.899000778677,
    6.867574378064));
#2170 = CARTESIAN_POINT('',(31.507372546621,58.912528971713,
    6.885043029275));
#2171 = CARTESIAN_POINT('',(31.470816684267,58.925042429818,
    6.901287415049));
#2172 = CARTESIAN_POINT('',(31.433616776493,58.936493247738,
    6.916221137736));
#2173 = CARTESIAN_POINT('',(31.374708364133,58.952608765737,
    6.93731872401));
#2174 = CARTESIAN_POINT('',(31.353422440774,58.958035052449,
    6.944440429799));
#2175 = CARTESIAN_POINT('',(31.331961483227,58.963106277844,
    6.951111223988));
#2176 = CARTESIAN_POINT('',(31.310336628618,58.967814201414,
    6.957316600128));
#2177 = CARTESIAN_POINT('',(31.288560472844,58.972151052116,
    6.963042929414));
#2178 = CARTESIAN_POINT('',(31.223151294083,58.983966683388,
    6.978667449368));
#2179 = CARTESIAN_POINT('',(31.1790948851,58.990336898787,6.987124984069
    ));
#2180 = CARTESIAN_POINT('',(31.134614470551,58.995156887299,
    6.993542409365));
#2181 = CARTESIAN_POINT('',(31.089847249513,58.998384989075,
    6.997846710786));
#2182 = CARTESIAN_POINT('',(31.044930319039,59.,7.));
#2183 = CARTESIAN_POINT('',(30.932456581642,59.,7.));
#2184 = CARTESIAN_POINT('',(30.865005373635,58.99635005889,
    6.995133965301));
#2185 = CARTESIAN_POINT('',(30.798062910509,58.98907005705,
    6.985425719232));
#2186 = CARTESIAN_POINT('',(30.732049999846,58.978259776521,
    6.971059931444));
#2187 = CARTESIAN_POINT('',(30.667387241512,58.964110764741,
    6.952377166869));
#2188 = CARTESIAN_POINT('',(30.56702076196,58.936675978526,
    6.916459984936));
#2189 = CARTESIAN_POINT('',(30.530146642095,58.925345355049,
    6.901682105043));
#2190 = CARTESIAN_POINT('',(30.493904231048,58.912970419212,
    6.885615773779));
#2191 = CARTESIAN_POINT('',(30.45832864825,58.899597836738,
    6.868345121723));
#2192 = CARTESIAN_POINT('',(30.423454088793,58.885276847698,
    6.849957931272));
#2193 = CARTESIAN_POINT('',(30.347827966333,58.851567482925,
    6.80695660847));
#2194 = CARTESIAN_POINT('',(30.307420297418,58.831749482796,
    6.781850273102));
#2195 = CARTESIAN_POINT('',(30.268107370747,58.810678547072,
    6.755364929047));
#2196 = CARTESIAN_POINT('',(30.22990389694,58.788423951743,
    6.727631222354));
#2197 = CARTESIAN_POINT('',(30.192822743183,58.765050967834,
    6.698772146606));
#2198 = CARTESIAN_POINT('',(30.131685651924,58.723502243519,
    6.647973221178));
#2199 = CARTESIAN_POINT('',(30.107048752457,58.705861811286,
    6.626543994839));
#2200 = CARTESIAN_POINT('',(30.082964718494,58.687718064796,
    6.604651734903));
#2201 = CARTESIAN_POINT('',(30.059433655118,58.669087721138,
    6.582329920775));
#2202 = CARTESIAN_POINT('',(30.036455288816,58.649985714403,
    6.559609140267));
#2203 = CARTESIAN_POINT('',(29.95135290897,58.57575835142,6.471980481142
    ));
#2204 = CARTESIAN_POINT('',(29.892977446379,58.517500081567,
    6.404532102628));
#2205 = CARTESIAN_POINT('',(29.838907929076,58.455946484648,
    6.334789245242));
#2206 = CARTESIAN_POINT('',(29.789163320401,58.391314255279,
    6.263229938608));
#2207 = CARTESIAN_POINT('',(29.743799045513,58.323759791103,
    6.190228365198));
#2208 = CARTESIAN_POINT('',(29.638710357356,58.142836364949,
    5.999594012916));
#2209 = CARTESIAN_POINT('',(29.585506850642,58.025201042365,
    5.880141198801));
#2210 = CARTESIAN_POINT('',(29.544016869694,57.901246277731,
    5.759263571556));
#2211 = CARTESIAN_POINT('',(29.515139018633,57.771734117905,
    5.638256738364));
#2212 = CARTESIAN_POINT('',(29.5,57.637563814086,5.518321371251));
#2213 = CARTESIAN_POINT('',(29.5,57.5,5.400657923215));
#2214 = ORIENTED_EDGE('',*,*,#2215,.F.);
#2215 = EDGE_CURVE('',#815,#2144,#2216,.T.);
#2216 = LINE('',#2217,#2218);
#2217 = CARTESIAN_POINT('',(29.5,57.5,0.));
#2218 = VECTOR('',#2219,1.);
#2219 = DIRECTION('',(0.,0.,1.));
#2220 = CYLINDRICAL_SURFACE('',#2221,1.5);
#2221 = AXIS2_PLACEMENT_3D('',#2222,#2223,#2224);
#2222 = CARTESIAN_POINT('',(31.,57.5,0.));
#2223 = DIRECTION('',(-0.,-0.,-1.));
#2224 = DIRECTION('',(1.,0.,0.));
#2225 = ADVANCED_FACE('',(#2226),#2245,.F.);
#2226 = FACE_BOUND('',#2227,.T.);
#2227 = EDGE_LOOP('',(#2228,#2229,#2237,#2244));
#2228 = ORIENTED_EDGE('',*,*,#831,.F.);
#2229 = ORIENTED_EDGE('',*,*,#2230,.T.);
#2230 = EDGE_CURVE('',#824,#2231,#2233,.T.);
#2231 = VERTEX_POINT('',#2232);
#2232 = CARTESIAN_POINT('',(29.5,31.5,3.));
#2233 = LINE('',#2234,#2235);
#2234 = CARTESIAN_POINT('',(29.5,31.5,0.));
#2235 = VECTOR('',#2236,1.);
#2236 = DIRECTION('',(0.,0.,1.));
#2237 = ORIENTED_EDGE('',*,*,#2238,.F.);
#2238 = EDGE_CURVE('',#2120,#2231,#2239,.T.);
#2239 = CIRCLE('',#2240,1.5);
#2240 = AXIS2_PLACEMENT_3D('',#2241,#2242,#2243);
#2241 = CARTESIAN_POINT('',(31.,31.5,3.));
#2242 = DIRECTION('',(0.,0.,-1.));
#2243 = DIRECTION('',(1.,0.,0.));
#2244 = ORIENTED_EDGE('',*,*,#2127,.F.);
#2245 = CYLINDRICAL_SURFACE('',#2246,1.5);
#2246 = AXIS2_PLACEMENT_3D('',#2247,#2248,#2249);
#2247 = CARTESIAN_POINT('',(31.,31.5,0.));
#2248 = DIRECTION('',(-0.,-0.,-1.));
#2249 = DIRECTION('',(1.,0.,0.));
#2250 = ADVANCED_FACE('',(#2251),#2271,.T.);
#2251 = FACE_BOUND('',#2252,.T.);
#2252 = EDGE_LOOP('',(#2253,#2254,#2255,#2264,#2270));
#2253 = ORIENTED_EDGE('',*,*,#823,.F.);
#2254 = ORIENTED_EDGE('',*,*,#2215,.T.);
#2255 = ORIENTED_EDGE('',*,*,#2256,.T.);
#2256 = EDGE_CURVE('',#2144,#2257,#2259,.T.);
#2257 = VERTEX_POINT('',#2258);
#2258 = CARTESIAN_POINT('',(29.5,51.,3.));
#2259 = CIRCLE('',#2260,10.);
#2260 = AXIS2_PLACEMENT_3D('',#2261,#2262,#2263);
#2261 = CARTESIAN_POINT('',(29.5,51.,13.));
#2262 = DIRECTION('',(-1.,0.,0.));
#2263 = DIRECTION('',(0.,1.,0.));
#2264 = ORIENTED_EDGE('',*,*,#2265,.F.);
#2265 = EDGE_CURVE('',#2231,#2257,#2266,.T.);
#2266 = LINE('',#2267,#2268);
#2267 = CARTESIAN_POINT('',(29.5,45.25,3.));
#2268 = VECTOR('',#2269,1.);
#2269 = DIRECTION('',(0.,1.,0.));
#2270 = ORIENTED_EDGE('',*,*,#2230,.F.);
#2271 = PLANE('',#2272);
#2272 = AXIS2_PLACEMENT_3D('',#2273,#2274,#2275);
#2273 = CARTESIAN_POINT('',(29.5,57.5,0.));
#2274 = DIRECTION('',(1.,0.,0.));
#2275 = DIRECTION('',(0.,-1.,0.));
#2276 = ADVANCED_FACE('',(#2277),#2311,.F.);
#2277 = FACE_BOUND('',#2278,.F.);
#2278 = EDGE_LOOP('',(#2279,#2280,#2288,#2297,#2305));
#2279 = ORIENTED_EDGE('',*,*,#840,.F.);
#2280 = ORIENTED_EDGE('',*,*,#2281,.T.);
#2281 = EDGE_CURVE('',#841,#2282,#2284,.T.);
#2282 = VERTEX_POINT('',#2283);
#2283 = CARTESIAN_POINT('',(26.5,57.5,5.400657923215));
#2284 = LINE('',#2285,#2286);
#2285 = CARTESIAN_POINT('',(26.5,57.5,0.));
#2286 = VECTOR('',#2287,1.);
#2287 = DIRECTION('',(0.,0.,1.));
#2288 = ORIENTED_EDGE('',*,*,#2289,.T.);
#2289 = EDGE_CURVE('',#2282,#2290,#2292,.T.);
#2290 = VERTEX_POINT('',#2291);
#2291 = CARTESIAN_POINT('',(26.5,51.,3.));
#2292 = CIRCLE('',#2293,10.);
#2293 = AXIS2_PLACEMENT_3D('',#2294,#2295,#2296);
#2294 = CARTESIAN_POINT('',(26.5,51.,13.));
#2295 = DIRECTION('',(-1.,0.,0.));
#2296 = DIRECTION('',(0.,1.,0.));
#2297 = ORIENTED_EDGE('',*,*,#2298,.F.);
#2298 = EDGE_CURVE('',#2299,#2290,#2301,.T.);
#2299 = VERTEX_POINT('',#2300);
#2300 = CARTESIAN_POINT('',(26.5,47.5,3.));
#2301 = LINE('',#2302,#2303);
#2302 = CARTESIAN_POINT('',(26.5,45.25,3.));
#2303 = VECTOR('',#2304,1.);
#2304 = DIRECTION('',(0.,1.,0.));
#2305 = ORIENTED_EDGE('',*,*,#2306,.F.);
#2306 = EDGE_CURVE('',#843,#2299,#2307,.T.);
#2307 = LINE('',#2308,#2309);
#2308 = CARTESIAN_POINT('',(26.5,47.5,0.));
#2309 = VECTOR('',#2310,1.);
#2310 = DIRECTION('',(0.,0.,1.));
#2311 = PLANE('',#2312);
#2312 = AXIS2_PLACEMENT_3D('',#2313,#2314,#2315);
#2313 = CARTESIAN_POINT('',(26.5,57.5,0.));
#2314 = DIRECTION('',(1.,0.,0.));
#2315 = DIRECTION('',(0.,-1.,0.));
#2316 = ADVANCED_FACE('',(#2317),#2399,.F.);
#2317 = FACE_BOUND('',#2318,.T.);
#2318 = EDGE_LOOP('',(#2319,#2320,#2321,#2393));
#2319 = ORIENTED_EDGE('',*,*,#850,.F.);
#2320 = ORIENTED_EDGE('',*,*,#2281,.T.);
#2321 = ORIENTED_EDGE('',*,*,#2322,.T.);
#2322 = EDGE_CURVE('',#2282,#2323,#2325,.T.);
#2323 = VERTEX_POINT('',#2324);
#2324 = CARTESIAN_POINT('',(23.5,57.5,5.400657923215));
#2325 = B_SPLINE_CURVE_WITH_KNOTS('',6,(#2326,#2327,#2328,#2329,#2330,
    #2331,#2332,#2333,#2334,#2335,#2336,#2337,#2338,#2339,#2340,#2341,
    #2342,#2343,#2344,#2345,#2346,#2347,#2348,#2349,#2350,#2351,#2352,
    #2353,#2354,#2355,#2356,#2357,#2358,#2359,#2360,#2361,#2362,#2363,
    #2364,#2365,#2366,#2367,#2368,#2369,#2370,#2371,#2372,#2373,#2374,
    #2375,#2376,#2377,#2378,#2379,#2380,#2381,#2382,#2383,#2384,#2385,
    #2386,#2387,#2388,#2389,#2390,#2391,#2392),.UNSPECIFIED.,.F.,.F.,(7,
    5,5,5,5,5,5,5,5,5,5,5,5,7),(0.,0.17198542477,0.27896546682,
    0.320598795314,0.376007640274,0.42241961306,0.448323368657,
    0.499739572747,0.577033174428,0.623079706021,0.679033584635,
    0.718241489739,0.827817952098,1.),.UNSPECIFIED.);
#2326 = CARTESIAN_POINT('',(26.5,57.5,5.400657923215));
#2327 = CARTESIAN_POINT('',(26.5,57.637563814086,5.518321371251));
#2328 = CARTESIAN_POINT('',(26.484860981367,57.771734117905,
    5.638256738364));
#2329 = CARTESIAN_POINT('',(26.455983130305,57.901246277732,
    5.759263571556));
#2330 = CARTESIAN_POINT('',(26.414493149358,58.025201042365,
    5.880141198801));
#2331 = CARTESIAN_POINT('',(26.361289642644,58.142836364949,
    5.999594012916));
#2332 = CARTESIAN_POINT('',(26.257123735789,58.322171106749,
    6.18855440943));
#2333 = CARTESIAN_POINT('',(26.212882394617,58.388263145355,
    6.259933753736));
#2334 = CARTESIAN_POINT('',(26.164453496684,58.451565965656,
    6.329941963179));
#2335 = CARTESIAN_POINT('',(26.111890422705,58.511933919618,
    6.39823053217));
#2336 = CARTESIAN_POINT('',(26.055212838536,58.569167016283,
    6.464357171537));
#2337 = CARTESIAN_POINT('',(25.97077097196,58.643941489937,
    6.552426346246));
#2338 = CARTESIAN_POINT('',(25.946491158938,58.664374783816,
    6.576686826032));
#2339 = CARTESIAN_POINT('',(25.921586826307,58.68427816242,
    6.600502875014));
#2340 = CARTESIAN_POINT('',(25.896057633255,58.703633930666,
    6.623838150103));
#2341 = CARTESIAN_POINT('',(25.869903591796,58.722422194602,
    6.646652715547));
#2342 = CARTESIAN_POINT('',(25.807486140114,58.764841050962,
    6.698515494886));
#2343 = CARTESIAN_POINT('',(25.770733213584,58.788022240587,
    6.727135240435));
#2344 = CARTESIAN_POINT('',(25.732877028112,58.810104720367,
    6.754649883056));
#2345 = CARTESIAN_POINT('',(25.693930096871,58.831024916698,
    6.78093963269));
#2346 = CARTESIAN_POINT('',(25.653906705277,58.850715392287,
    6.805877305733));
#2347 = CARTESIAN_POINT('',(25.578409994717,58.884508358593,
    6.848971543918));
#2348 = CARTESIAN_POINT('',(25.543248579379,58.899000779169,
    6.867574378754));
#2349 = CARTESIAN_POINT('',(25.507372535104,58.912528975811,
    6.885043034561));
#2350 = CARTESIAN_POINT('',(25.47081668169,58.925042431531,
    6.901287417206));
#2351 = CARTESIAN_POINT('',(25.433616788596,58.936493244428,
    6.916221133402));
#2352 = CARTESIAN_POINT('',(25.374708364133,58.952608765737,
    6.93731872401));
#2353 = CARTESIAN_POINT('',(25.353422440774,58.958035052449,
    6.944440429799));
#2354 = CARTESIAN_POINT('',(25.331961483227,58.963106277844,
    6.951111223988));
#2355 = CARTESIAN_POINT('',(25.310336628618,58.967814201414,
    6.957316600128));
#2356 = CARTESIAN_POINT('',(25.288560472844,58.972151052116,
    6.963042929414));
#2357 = CARTESIAN_POINT('',(25.223151294084,58.983966683388,
    6.978667449368));
#2358 = CARTESIAN_POINT('',(25.1790948851,58.990336898787,6.987124984069
    ));
#2359 = CARTESIAN_POINT('',(25.134614470551,58.995156887299,
    6.993542409365));
#2360 = CARTESIAN_POINT('',(25.089847249513,58.998384989075,
    6.997846710786));
#2361 = CARTESIAN_POINT('',(25.04493031904,59.,7.));
#2362 = CARTESIAN_POINT('',(24.932456581642,59.,7.));
#2363 = CARTESIAN_POINT('',(24.865005373635,58.99635005889,
    6.995133965301));
#2364 = CARTESIAN_POINT('',(24.798062910509,58.98907005705,
    6.985425719232));
#2365 = CARTESIAN_POINT('',(24.732049999846,58.978259776521,
    6.971059931444));
#2366 = CARTESIAN_POINT('',(24.667387241512,58.964110764741,
    6.952377166869));
#2367 = CARTESIAN_POINT('',(24.567020761875,58.936675978503,
    6.916459984905));
#2368 = CARTESIAN_POINT('',(24.530146642116,58.925345355062,
    6.901682105059));
#2369 = CARTESIAN_POINT('',(24.493904231132,58.912970419242,
    6.885615773817));
#2370 = CARTESIAN_POINT('',(24.458328648274,58.899597836741,
    6.868345121727));
#2371 = CARTESIAN_POINT('',(24.423454088713,58.885276847662,
    6.849957931226));
#2372 = CARTESIAN_POINT('',(24.347827957001,58.851567478766,
    6.806956603164));
#2373 = CARTESIAN_POINT('',(24.307420299383,58.831749484713,
    6.78185027539));
#2374 = CARTESIAN_POINT('',(24.26810737954,58.810678551957,
    6.755364935134));
#2375 = CARTESIAN_POINT('',(24.229903899565,58.788423952362,
    6.727631223231));
#2376 = CARTESIAN_POINT('',(24.192822734676,58.765050962053,
    6.698772139537));
#2377 = CARTESIAN_POINT('',(24.131685651924,58.723502243519,
    6.647973221178));
#2378 = CARTESIAN_POINT('',(24.107048752457,58.705861811286,
    6.626543994839));
#2379 = CARTESIAN_POINT('',(24.082964718494,58.687718064796,
    6.604651734903));
#2380 = CARTESIAN_POINT('',(24.059433655118,58.669087721138,
    6.582329920775));
#2381 = CARTESIAN_POINT('',(24.036455288816,58.649985714403,
    6.559609140267));
#2382 = CARTESIAN_POINT('',(23.95135290897,58.57575835142,6.471980481142
    ));
#2383 = CARTESIAN_POINT('',(23.892977446379,58.517500081567,
    6.404532102628));
#2384 = CARTESIAN_POINT('',(23.838907929076,58.455946484648,
    6.334789245242));
#2385 = CARTESIAN_POINT('',(23.789163320401,58.391314255279,
    6.263229938608));
#2386 = CARTESIAN_POINT('',(23.743799045513,58.323759791103,
    6.190228365198));
#2387 = CARTESIAN_POINT('',(23.63871035737,58.142836364972,5.99959401294
    ));
#2388 = CARTESIAN_POINT('',(23.585506850615,58.02520104233,
    5.880141198762));
#2389 = CARTESIAN_POINT('',(23.544016869715,57.901246277723,
    5.759263571556));
#2390 = CARTESIAN_POINT('',(23.515139018628,57.771734117953,
    5.638256738404));
#2391 = CARTESIAN_POINT('',(23.5,57.637563814057,5.518321371226));
#2392 = CARTESIAN_POINT('',(23.5,57.5,5.400657923215));
#2393 = ORIENTED_EDGE('',*,*,#2394,.F.);
#2394 = EDGE_CURVE('',#851,#2323,#2395,.T.);
#2395 = LINE('',#2396,#2397);
#2396 = CARTESIAN_POINT('',(23.5,57.5,0.));
#2397 = VECTOR('',#2398,1.);
#2398 = DIRECTION('',(0.,0.,1.));
#2399 = CYLINDRICAL_SURFACE('',#2400,1.5);
#2400 = AXIS2_PLACEMENT_3D('',#2401,#2402,#2403);
#2401 = CARTESIAN_POINT('',(25.,57.5,0.));
#2402 = DIRECTION('',(-0.,-0.,-1.));
#2403 = DIRECTION('',(1.,0.,0.));
#2404 = ADVANCED_FACE('',(#2405),#2424,.F.);
#2405 = FACE_BOUND('',#2406,.T.);
#2406 = EDGE_LOOP('',(#2407,#2408,#2416,#2423));
#2407 = ORIENTED_EDGE('',*,*,#867,.F.);
#2408 = ORIENTED_EDGE('',*,*,#2409,.T.);
#2409 = EDGE_CURVE('',#860,#2410,#2412,.T.);
#2410 = VERTEX_POINT('',#2411);
#2411 = CARTESIAN_POINT('',(23.5,47.5,3.));
#2412 = LINE('',#2413,#2414);
#2413 = CARTESIAN_POINT('',(23.5,47.5,0.));
#2414 = VECTOR('',#2415,1.);
#2415 = DIRECTION('',(0.,0.,1.));
#2416 = ORIENTED_EDGE('',*,*,#2417,.F.);
#2417 = EDGE_CURVE('',#2299,#2410,#2418,.T.);
#2418 = CIRCLE('',#2419,1.5);
#2419 = AXIS2_PLACEMENT_3D('',#2420,#2421,#2422);
#2420 = CARTESIAN_POINT('',(25.,47.5,3.));
#2421 = DIRECTION('',(0.,0.,-1.));
#2422 = DIRECTION('',(1.,0.,0.));
#2423 = ORIENTED_EDGE('',*,*,#2306,.F.);
#2424 = CYLINDRICAL_SURFACE('',#2425,1.5);
#2425 = AXIS2_PLACEMENT_3D('',#2426,#2427,#2428);
#2426 = CARTESIAN_POINT('',(25.,47.5,0.));
#2427 = DIRECTION('',(-0.,-0.,-1.));
#2428 = DIRECTION('',(1.,0.,0.));
#2429 = ADVANCED_FACE('',(#2430),#2450,.T.);
#2430 = FACE_BOUND('',#2431,.T.);
#2431 = EDGE_LOOP('',(#2432,#2433,#2434,#2443,#2449));
#2432 = ORIENTED_EDGE('',*,*,#859,.F.);
#2433 = ORIENTED_EDGE('',*,*,#2394,.T.);
#2434 = ORIENTED_EDGE('',*,*,#2435,.T.);
#2435 = EDGE_CURVE('',#2323,#2436,#2438,.T.);
#2436 = VERTEX_POINT('',#2437);
#2437 = CARTESIAN_POINT('',(23.5,51.,3.));
#2438 = CIRCLE('',#2439,10.);
#2439 = AXIS2_PLACEMENT_3D('',#2440,#2441,#2442);
#2440 = CARTESIAN_POINT('',(23.5,51.,13.));
#2441 = DIRECTION('',(-1.,0.,0.));
#2442 = DIRECTION('',(0.,1.,0.));
#2443 = ORIENTED_EDGE('',*,*,#2444,.F.);
#2444 = EDGE_CURVE('',#2410,#2436,#2445,.T.);
#2445 = LINE('',#2446,#2447);
#2446 = CARTESIAN_POINT('',(23.5,45.25,3.));
#2447 = VECTOR('',#2448,1.);
#2448 = DIRECTION('',(0.,1.,0.));
#2449 = ORIENTED_EDGE('',*,*,#2409,.F.);
#2450 = PLANE('',#2451);
#2451 = AXIS2_PLACEMENT_3D('',#2452,#2453,#2454);
#2452 = CARTESIAN_POINT('',(23.5,57.5,0.));
#2453 = DIRECTION('',(1.,0.,0.));
#2454 = DIRECTION('',(0.,-1.,0.));
#2455 = ADVANCED_FACE('',(#2456),#2490,.F.);
#2456 = FACE_BOUND('',#2457,.F.);
#2457 = EDGE_LOOP('',(#2458,#2459,#2467,#2476,#2484));
#2458 = ORIENTED_EDGE('',*,*,#876,.F.);
#2459 = ORIENTED_EDGE('',*,*,#2460,.T.);
#2460 = EDGE_CURVE('',#877,#2461,#2463,.T.);
#2461 = VERTEX_POINT('',#2462);
#2462 = CARTESIAN_POINT('',(17.5,57.5,5.400657923215));
#2463 = LINE('',#2464,#2465);
#2464 = CARTESIAN_POINT('',(17.5,57.5,0.));
#2465 = VECTOR('',#2466,1.);
#2466 = DIRECTION('',(0.,0.,1.));
#2467 = ORIENTED_EDGE('',*,*,#2468,.T.);
#2468 = EDGE_CURVE('',#2461,#2469,#2471,.T.);
#2469 = VERTEX_POINT('',#2470);
#2470 = CARTESIAN_POINT('',(17.5,51.,3.));
#2471 = CIRCLE('',#2472,10.);
#2472 = AXIS2_PLACEMENT_3D('',#2473,#2474,#2475);
#2473 = CARTESIAN_POINT('',(17.5,51.,13.));
#2474 = DIRECTION('',(-1.,0.,0.));
#2475 = DIRECTION('',(0.,1.,0.));
#2476 = ORIENTED_EDGE('',*,*,#2477,.F.);
#2477 = EDGE_CURVE('',#2478,#2469,#2480,.T.);
#2478 = VERTEX_POINT('',#2479);
#2479 = CARTESIAN_POINT('',(17.5,31.5,3.));
#2480 = LINE('',#2481,#2482);
#2481 = CARTESIAN_POINT('',(17.5,45.25,3.));
#2482 = VECTOR('',#2483,1.);
#2483 = DIRECTION('',(0.,1.,0.));
#2484 = ORIENTED_EDGE('',*,*,#2485,.F.);
#2485 = EDGE_CURVE('',#879,#2478,#2486,.T.);
#2486 = LINE('',#2487,#2488);
#2487 = CARTESIAN_POINT('',(17.5,31.5,0.));
#2488 = VECTOR('',#2489,1.);
#2489 = DIRECTION('',(0.,0.,1.));
#2490 = PLANE('',#2491);
#2491 = AXIS2_PLACEMENT_3D('',#2492,#2493,#2494);
#2492 = CARTESIAN_POINT('',(17.5,57.5,0.));
#2493 = DIRECTION('',(1.,0.,0.));
#2494 = DIRECTION('',(0.,-1.,0.));
#2495 = ADVANCED_FACE('',(#2496),#2578,.F.);
#2496 = FACE_BOUND('',#2497,.T.);
#2497 = EDGE_LOOP('',(#2498,#2499,#2500,#2572));
#2498 = ORIENTED_EDGE('',*,*,#886,.F.);
#2499 = ORIENTED_EDGE('',*,*,#2460,.T.);
#2500 = ORIENTED_EDGE('',*,*,#2501,.T.);
#2501 = EDGE_CURVE('',#2461,#2502,#2504,.T.);
#2502 = VERTEX_POINT('',#2503);
#2503 = CARTESIAN_POINT('',(14.5,57.5,5.400657923215));
#2504 = B_SPLINE_CURVE_WITH_KNOTS('',6,(#2505,#2506,#2507,#2508,#2509,
    #2510,#2511,#2512,#2513,#2514,#2515,#2516,#2517,#2518,#2519,#2520,
    #2521,#2522,#2523,#2524,#2525,#2526,#2527,#2528,#2529,#2530,#2531,
    #2532,#2533,#2534,#2535,#2536,#2537,#2538,#2539,#2540,#2541,#2542,
    #2543,#2544,#2545,#2546,#2547,#2548,#2549,#2550,#2551,#2552,#2553,
    #2554,#2555,#2556,#2557,#2558,#2559,#2560,#2561,#2562,#2563,#2564,
    #2565,#2566,#2567,#2568,#2569,#2570,#2571),.UNSPECIFIED.,.F.,.F.,(7,
    5,5,5,5,5,5,5,5,5,5,5,5,7),(0.,0.171985453258,0.278965507289,
    0.320598842719,0.376007696857,0.422419677294,0.44832343716,
    0.499739649726,0.577033264147,0.623079803403,0.679033678837,
    0.718241572434,0.827818002632,1.),.UNSPECIFIED.);
#2505 = CARTESIAN_POINT('',(17.5,57.5,5.400657923215));
#2506 = CARTESIAN_POINT('',(17.5,57.637563814086,5.518321371251));
#2507 = CARTESIAN_POINT('',(17.484860981367,57.771734117905,
    5.638256738364));
#2508 = CARTESIAN_POINT('',(17.455983130306,57.901246277732,
    5.759263571556));
#2509 = CARTESIAN_POINT('',(17.414493149358,58.025201042365,
    5.880141198801));
#2510 = CARTESIAN_POINT('',(17.361289642644,58.142836364949,
    5.999594012916));
#2511 = CARTESIAN_POINT('',(17.257123737932,58.322171103059,
    6.188554405542));
#2512 = CARTESIAN_POINT('',(17.212882390365,58.388263150755,
    6.259933759687));
#2513 = CARTESIAN_POINT('',(17.164453497229,58.451565966006,
    6.32994196338));
#2514 = CARTESIAN_POINT('',(17.111890427213,58.511933914384,
    6.398230526315));
#2515 = CARTESIAN_POINT('',(17.055212835218,58.569167019221,
    6.464357174998));
#2516 = CARTESIAN_POINT('',(16.97077097196,58.643941489937,
    6.552426346246));
#2517 = CARTESIAN_POINT('',(16.946491158938,58.664374783816,
    6.576686826032));
#2518 = CARTESIAN_POINT('',(16.921586826307,58.68427816242,
    6.600502875014));
#2519 = CARTESIAN_POINT('',(16.896057633255,58.703633930666,
    6.623838150103));
#2520 = CARTESIAN_POINT('',(16.869903591796,58.722422194602,
    6.646652715547));
#2521 = CARTESIAN_POINT('',(16.807486140147,58.76484105094,
    6.698515494859));
#2522 = CARTESIAN_POINT('',(16.770733213575,58.788022240588,
    6.727135240437));
#2523 = CARTESIAN_POINT('',(16.73287702808,58.810104720385,
    6.754649883078));
#2524 = CARTESIAN_POINT('',(16.693930096864,58.831024916705,
    6.780939632699));
#2525 = CARTESIAN_POINT('',(16.653906705311,58.850715392272,
    6.805877305714));
#2526 = CARTESIAN_POINT('',(16.578409994717,58.884508358593,
    6.848971543918));
#2527 = CARTESIAN_POINT('',(16.543248579379,58.899000779169,
    6.867574378754));
#2528 = CARTESIAN_POINT('',(16.507372535104,58.912528975811,
    6.885043034561));
#2529 = CARTESIAN_POINT('',(16.47081668169,58.925042431531,
    6.901287417206));
#2530 = CARTESIAN_POINT('',(16.433616788596,58.936493244428,
    6.916221133402));
#2531 = CARTESIAN_POINT('',(16.374708364133,58.952608765737,
    6.93731872401));
#2532 = CARTESIAN_POINT('',(16.353422440774,58.958035052449,
    6.944440429799));
#2533 = CARTESIAN_POINT('',(16.331961483227,58.963106277844,
    6.951111223988));
#2534 = CARTESIAN_POINT('',(16.310336628618,58.967814201414,
    6.957316600128));
#2535 = CARTESIAN_POINT('',(16.288560472844,58.972151052116,
    6.963042929414));
#2536 = CARTESIAN_POINT('',(16.223151294084,58.983966683388,
    6.978667449368));
#2537 = CARTESIAN_POINT('',(16.1790948851,58.990336898787,6.987124984069
    ));
#2538 = CARTESIAN_POINT('',(16.134614470551,58.995156887299,
    6.993542409365));
#2539 = CARTESIAN_POINT('',(16.089847249513,58.998384989075,
    6.997846710786));
#2540 = CARTESIAN_POINT('',(16.04493031904,59.,7.));
#2541 = CARTESIAN_POINT('',(15.932456581642,59.,7.));
#2542 = CARTESIAN_POINT('',(15.865005373635,58.99635005889,
    6.995133965301));
#2543 = CARTESIAN_POINT('',(15.798062910509,58.98907005705,
    6.985425719232));
#2544 = CARTESIAN_POINT('',(15.732049999846,58.978259776521,
    6.971059931444));
#2545 = CARTESIAN_POINT('',(15.667387241512,58.964110764741,
    6.952377166869));
#2546 = CARTESIAN_POINT('',(15.567020761816,58.936675978486,
    6.916459984884));
#2547 = CARTESIAN_POINT('',(15.530146642131,58.925345355071,
    6.901682105071));
#2548 = CARTESIAN_POINT('',(15.493904231191,58.912970419263,
    6.885615773844));
#2549 = CARTESIAN_POINT('',(15.458328648292,58.899597836743,
    6.86834512173));
#2550 = CARTESIAN_POINT('',(15.423454088657,58.885276847637,
    6.849957931194));
#2551 = CARTESIAN_POINT('',(15.347827966333,58.851567482926,
    6.80695660847));
#2552 = CARTESIAN_POINT('',(15.307420297418,58.831749482796,
    6.781850273102));
#2553 = CARTESIAN_POINT('',(15.268107370747,58.810678547072,
    6.755364929047));
#2554 = CARTESIAN_POINT('',(15.22990389694,58.788423951743,
    6.727631222354));
#2555 = CARTESIAN_POINT('',(15.192822743183,58.765050967834,
    6.698772146606));
#2556 = CARTESIAN_POINT('',(15.131685651924,58.723502243519,
    6.647973221178));
#2557 = CARTESIAN_POINT('',(15.107048752457,58.705861811286,
    6.626543994839));
#2558 = CARTESIAN_POINT('',(15.082964718494,58.687718064796,
    6.604651734903));
#2559 = CARTESIAN_POINT('',(15.059433655118,58.669087721138,
    6.582329920775));
#2560 = CARTESIAN_POINT('',(15.036455288816,58.649985714403,
    6.559609140267));
#2561 = CARTESIAN_POINT('',(14.95135290897,58.57575835142,6.471980481142
    ));
#2562 = CARTESIAN_POINT('',(14.892977446379,58.517500081567,
    6.404532102628));
#2563 = CARTESIAN_POINT('',(14.838907929076,58.455946484648,
    6.334789245242));
#2564 = CARTESIAN_POINT('',(14.789163320401,58.391314255279,
    6.263229938608));
#2565 = CARTESIAN_POINT('',(14.743799045513,58.323759791103,
    6.190228365198));
#2566 = CARTESIAN_POINT('',(14.63871035737,58.142836364972,5.99959401294
    ));
#2567 = CARTESIAN_POINT('',(14.585506850615,58.02520104233,
    5.880141198762));
#2568 = CARTESIAN_POINT('',(14.544016869715,57.901246277723,
    5.759263571556));
#2569 = CARTESIAN_POINT('',(14.515139018628,57.771734117953,
    5.638256738403));
#2570 = CARTESIAN_POINT('',(14.5,57.637563814057,5.518321371226));
#2571 = CARTESIAN_POINT('',(14.5,57.5,5.400657923215));
#2572 = ORIENTED_EDGE('',*,*,#2573,.F.);
#2573 = EDGE_CURVE('',#887,#2502,#2574,.T.);
#2574 = LINE('',#2575,#2576);
#2575 = CARTESIAN_POINT('',(14.5,57.5,0.));
#2576 = VECTOR('',#2577,1.);
#2577 = DIRECTION('',(0.,0.,1.));
#2578 = CYLINDRICAL_SURFACE('',#2579,1.5);
#2579 = AXIS2_PLACEMENT_3D('',#2580,#2581,#2582);
#2580 = CARTESIAN_POINT('',(16.,57.5,0.));
#2581 = DIRECTION('',(-0.,-0.,-1.));
#2582 = DIRECTION('',(1.,0.,0.));
#2583 = ADVANCED_FACE('',(#2584),#2603,.F.);
#2584 = FACE_BOUND('',#2585,.T.);
#2585 = EDGE_LOOP('',(#2586,#2587,#2595,#2602));
#2586 = ORIENTED_EDGE('',*,*,#903,.F.);
#2587 = ORIENTED_EDGE('',*,*,#2588,.T.);
#2588 = EDGE_CURVE('',#896,#2589,#2591,.T.);
#2589 = VERTEX_POINT('',#2590);
#2590 = CARTESIAN_POINT('',(14.5,31.5,3.));
#2591 = LINE('',#2592,#2593);
#2592 = CARTESIAN_POINT('',(14.5,31.5,0.));
#2593 = VECTOR('',#2594,1.);
#2594 = DIRECTION('',(0.,0.,1.));
#2595 = ORIENTED_EDGE('',*,*,#2596,.F.);
#2596 = EDGE_CURVE('',#2478,#2589,#2597,.T.);
#2597 = CIRCLE('',#2598,1.5);
#2598 = AXIS2_PLACEMENT_3D('',#2599,#2600,#2601);
#2599 = CARTESIAN_POINT('',(16.,31.5,3.));
#2600 = DIRECTION('',(0.,0.,-1.));
#2601 = DIRECTION('',(1.,0.,0.));
#2602 = ORIENTED_EDGE('',*,*,#2485,.F.);
#2603 = CYLINDRICAL_SURFACE('',#2604,1.5);
#2604 = AXIS2_PLACEMENT_3D('',#2605,#2606,#2607);
#2605 = CARTESIAN_POINT('',(16.,31.5,0.));
#2606 = DIRECTION('',(-0.,-0.,-1.));
#2607 = DIRECTION('',(1.,0.,0.));
#2608 = ADVANCED_FACE('',(#2609),#2629,.T.);
#2609 = FACE_BOUND('',#2610,.T.);
#2610 = EDGE_LOOP('',(#2611,#2612,#2613,#2622,#2628));
#2611 = ORIENTED_EDGE('',*,*,#895,.F.);
#2612 = ORIENTED_EDGE('',*,*,#2573,.T.);
#2613 = ORIENTED_EDGE('',*,*,#2614,.T.);
#2614 = EDGE_CURVE('',#2502,#2615,#2617,.T.);
#2615 = VERTEX_POINT('',#2616);
#2616 = CARTESIAN_POINT('',(14.5,51.,3.));
#2617 = CIRCLE('',#2618,10.);
#2618 = AXIS2_PLACEMENT_3D('',#2619,#2620,#2621);
#2619 = CARTESIAN_POINT('',(14.5,51.,13.));
#2620 = DIRECTION('',(-1.,0.,0.));
#2621 = DIRECTION('',(0.,1.,0.));
#2622 = ORIENTED_EDGE('',*,*,#2623,.F.);
#2623 = EDGE_CURVE('',#2589,#2615,#2624,.T.);
#2624 = LINE('',#2625,#2626);
#2625 = CARTESIAN_POINT('',(14.5,45.25,3.));
#2626 = VECTOR('',#2627,1.);
#2627 = DIRECTION('',(0.,1.,0.));
#2628 = ORIENTED_EDGE('',*,*,#2588,.F.);
#2629 = PLANE('',#2630);
#2630 = AXIS2_PLACEMENT_3D('',#2631,#2632,#2633);
#2631 = CARTESIAN_POINT('',(14.5,57.5,0.));
#2632 = DIRECTION('',(1.,0.,0.));
#2633 = DIRECTION('',(0.,-1.,0.));
#2634 = ADVANCED_FACE('',(#2635),#2669,.F.);
#2635 = FACE_BOUND('',#2636,.F.);
#2636 = EDGE_LOOP('',(#2637,#2638,#2646,#2655,#2663));
#2637 = ORIENTED_EDGE('',*,*,#912,.F.);
#2638 = ORIENTED_EDGE('',*,*,#2639,.T.);
#2639 = EDGE_CURVE('',#913,#2640,#2642,.T.);
#2640 = VERTEX_POINT('',#2641);
#2641 = CARTESIAN_POINT('',(11.5,57.5,5.400657923215));
#2642 = LINE('',#2643,#2644);
#2643 = CARTESIAN_POINT('',(11.5,57.5,0.));
#2644 = VECTOR('',#2645,1.);
#2645 = DIRECTION('',(0.,0.,1.));
#2646 = ORIENTED_EDGE('',*,*,#2647,.T.);
#2647 = EDGE_CURVE('',#2640,#2648,#2650,.T.);
#2648 = VERTEX_POINT('',#2649);
#2649 = CARTESIAN_POINT('',(11.5,51.,3.));
#2650 = CIRCLE('',#2651,10.);
#2651 = AXIS2_PLACEMENT_3D('',#2652,#2653,#2654);
#2652 = CARTESIAN_POINT('',(11.5,51.,13.));
#2653 = DIRECTION('',(-1.,0.,0.));
#2654 = DIRECTION('',(0.,1.,0.));
#2655 = ORIENTED_EDGE('',*,*,#2656,.F.);
#2656 = EDGE_CURVE('',#2657,#2648,#2659,.T.);
#2657 = VERTEX_POINT('',#2658);
#2658 = CARTESIAN_POINT('',(11.5,47.5,3.));
#2659 = LINE('',#2660,#2661);
#2660 = CARTESIAN_POINT('',(11.5,45.25,3.));
#2661 = VECTOR('',#2662,1.);
#2662 = DIRECTION('',(0.,1.,0.));
#2663 = ORIENTED_EDGE('',*,*,#2664,.F.);
#2664 = EDGE_CURVE('',#915,#2657,#2665,.T.);
#2665 = LINE('',#2666,#2667);
#2666 = CARTESIAN_POINT('',(11.5,47.5,0.));
#2667 = VECTOR('',#2668,1.);
#2668 = DIRECTION('',(0.,0.,1.));
#2669 = PLANE('',#2670);
#2670 = AXIS2_PLACEMENT_3D('',#2671,#2672,#2673);
#2671 = CARTESIAN_POINT('',(11.5,57.5,0.));
#2672 = DIRECTION('',(1.,0.,0.));
#2673 = DIRECTION('',(0.,-1.,0.));
#2674 = ADVANCED_FACE('',(#2675),#2757,.F.);
#2675 = FACE_BOUND('',#2676,.T.);
#2676 = EDGE_LOOP('',(#2677,#2678,#2679,#2751));
#2677 = ORIENTED_EDGE('',*,*,#922,.F.);
#2678 = ORIENTED_EDGE('',*,*,#2639,.T.);
#2679 = ORIENTED_EDGE('',*,*,#2680,.T.);
#2680 = EDGE_CURVE('',#2640,#2681,#2683,.T.);
#2681 = VERTEX_POINT('',#2682);
#2682 = CARTESIAN_POINT('',(8.5,57.5,5.400657923215));
#2683 = B_SPLINE_CURVE_WITH_KNOTS('',6,(#2684,#2685,#2686,#2687,#2688,
    #2689,#2690,#2691,#2692,#2693,#2694,#2695,#2696,#2697,#2698,#2699,
    #2700,#2701,#2702,#2703,#2704,#2705,#2706,#2707,#2708,#2709,#2710,
    #2711,#2712,#2713,#2714,#2715,#2716,#2717,#2718,#2719,#2720,#2721,
    #2722,#2723,#2724,#2725,#2726,#2727,#2728,#2729,#2730,#2731,#2732,
    #2733,#2734,#2735,#2736,#2737,#2738,#2739,#2740,#2741,#2742,#2743,
    #2744,#2745,#2746,#2747,#2748,#2749,#2750),.UNSPECIFIED.,.F.,.F.,(7,
    5,5,5,5,5,5,5,5,5,5,5,5,7),(0.,0.171985419002,0.278965451724,
    0.320598778861,0.376007630915,0.42241961632,0.448323378959,
    0.499739597029,0.577033219723,0.623079763858,0.679033645158,
    0.718241542864,0.827817984548,1.),.UNSPECIFIED.);
#2684 = CARTESIAN_POINT('',(11.5,57.5,5.400657923215));
#2685 = CARTESIAN_POINT('',(11.5,57.637563814086,5.518321371251));
#2686 = CARTESIAN_POINT('',(11.484860981367,57.771734117905,
    5.638256738364));
#2687 = CARTESIAN_POINT('',(11.455983130306,57.901246277732,
    5.759263571556));
#2688 = CARTESIAN_POINT('',(11.414493149358,58.025201042365,
    5.880141198801));
#2689 = CARTESIAN_POINT('',(11.361289642644,58.142836364949,
    5.999594012916));
#2690 = CARTESIAN_POINT('',(11.257123737932,58.322171103059,
    6.188554405542));
#2691 = CARTESIAN_POINT('',(11.212882390365,58.388263150755,
    6.259933759687));
#2692 = CARTESIAN_POINT('',(11.164453497229,58.451565966006,
    6.32994196338));
#2693 = CARTESIAN_POINT('',(11.111890427213,58.511933914384,
    6.398230526315));
#2694 = CARTESIAN_POINT('',(11.055212835218,58.569167019221,
    6.464357174998));
#2695 = CARTESIAN_POINT('',(10.97077097196,58.643941489937,
    6.552426346246));
#2696 = CARTESIAN_POINT('',(10.946491158938,58.664374783816,
    6.576686826032));
#2697 = CARTESIAN_POINT('',(10.921586826307,58.68427816242,
    6.600502875014));
#2698 = CARTESIAN_POINT('',(10.896057633255,58.703633930666,
    6.623838150103));
#2699 = CARTESIAN_POINT('',(10.869903591796,58.722422194602,
    6.646652715547));
#2700 = CARTESIAN_POINT('',(10.807486134389,58.764841054853,
    6.698515499644));
#2701 = CARTESIAN_POINT('',(10.770733215086,58.788022240314,
    6.727135240024));
#2702 = CARTESIAN_POINT('',(10.732877033747,58.810104717249,
    6.754649879169));
#2703 = CARTESIAN_POINT('',(10.693930098227,58.831024915428,
    6.780939631172));
#2704 = CARTESIAN_POINT('',(10.653906699368,58.850715394932,
    6.805877309106));
#2705 = CARTESIAN_POINT('',(10.578409994717,58.884508358593,
    6.848971543918));
#2706 = CARTESIAN_POINT('',(10.543248579379,58.899000779169,
    6.867574378754));
#2707 = CARTESIAN_POINT('',(10.507372535104,58.912528975811,
    6.885043034561));
#2708 = CARTESIAN_POINT('',(10.47081668169,58.925042431531,
    6.901287417206));
#2709 = CARTESIAN_POINT('',(10.433616788596,58.936493244428,
    6.916221133402));
#2710 = CARTESIAN_POINT('',(10.374708364133,58.952608765737,
    6.93731872401));
#2711 = CARTESIAN_POINT('',(10.353422440774,58.958035052449,
    6.944440429799));
#2712 = CARTESIAN_POINT('',(10.331961483227,58.963106277844,
    6.951111223988));
#2713 = CARTESIAN_POINT('',(10.310336628618,58.967814201414,
    6.957316600128));
#2714 = CARTESIAN_POINT('',(10.288560472844,58.972151052116,
    6.963042929414));
#2715 = CARTESIAN_POINT('',(10.223151294084,58.983966683388,
    6.978667449368));
#2716 = CARTESIAN_POINT('',(10.1790948851,58.990336898787,6.987124984069
    ));
#2717 = CARTESIAN_POINT('',(10.134614470551,58.995156887299,
    6.993542409365));
#2718 = CARTESIAN_POINT('',(10.089847249513,58.998384989075,
    6.997846710786));
#2719 = CARTESIAN_POINT('',(10.04493031904,59.,7.));
#2720 = CARTESIAN_POINT('',(9.932456581642,59.,7.));
#2721 = CARTESIAN_POINT('',(9.865005373635,58.99635005889,6.995133965301
    ));
#2722 = CARTESIAN_POINT('',(9.798062910509,58.98907005705,6.985425719232
    ));
#2723 = CARTESIAN_POINT('',(9.732049999846,58.978259776521,
    6.971059931444));
#2724 = CARTESIAN_POINT('',(9.667387241512,58.964110764741,
    6.952377166869));
#2725 = CARTESIAN_POINT('',(9.567020761856,58.936675978497,
    6.916459984898));
#2726 = CARTESIAN_POINT('',(9.530146642121,58.925345355065,
    6.901682105063));
#2727 = CARTESIAN_POINT('',(9.49390423115,58.912970419248,6.885615773825
    ));
#2728 = CARTESIAN_POINT('',(9.45832864828,58.899597836742,6.868345121728
    ));
#2729 = CARTESIAN_POINT('',(9.423454088695,58.885276847654,
    6.849957931216));
#2730 = CARTESIAN_POINT('',(9.347827966333,58.851567482925,6.80695660847
    ));
#2731 = CARTESIAN_POINT('',(9.307420297418,58.831749482796,
    6.781850273102));
#2732 = CARTESIAN_POINT('',(9.268107370747,58.810678547072,
    6.755364929047));
#2733 = CARTESIAN_POINT('',(9.22990389694,58.788423951743,6.727631222354
    ));
#2734 = CARTESIAN_POINT('',(9.192822743183,58.765050967834,
    6.698772146606));
#2735 = CARTESIAN_POINT('',(9.131685651924,58.723502243519,
    6.647973221178));
#2736 = CARTESIAN_POINT('',(9.107048752457,58.705861811286,
    6.626543994839));
#2737 = CARTESIAN_POINT('',(9.082964718494,58.687718064796,
    6.604651734903));
#2738 = CARTESIAN_POINT('',(9.059433655118,58.669087721138,
    6.582329920775));
#2739 = CARTESIAN_POINT('',(9.036455288816,58.649985714403,
    6.559609140267));
#2740 = CARTESIAN_POINT('',(8.95135290897,58.57575835142,6.471980481142)
  );
#2741 = CARTESIAN_POINT('',(8.892977446379,58.517500081567,
    6.404532102628));
#2742 = CARTESIAN_POINT('',(8.838907929076,58.455946484648,
    6.334789245242));
#2743 = CARTESIAN_POINT('',(8.789163320401,58.391314255279,
    6.263229938608));
#2744 = CARTESIAN_POINT('',(8.743799045513,58.323759791103,
    6.190228365198));
#2745 = CARTESIAN_POINT('',(8.638710357356,58.142836364949,
    5.999594012916));
#2746 = CARTESIAN_POINT('',(8.585506850642,58.025201042365,
    5.880141198801));
#2747 = CARTESIAN_POINT('',(8.544016869694,57.901246277731,
    5.759263571556));
#2748 = CARTESIAN_POINT('',(8.515139018633,57.771734117905,
    5.638256738364));
#2749 = CARTESIAN_POINT('',(8.5,57.637563814086,5.518321371251));
#2750 = CARTESIAN_POINT('',(8.5,57.5,5.400657923215));
#2751 = ORIENTED_EDGE('',*,*,#2752,.F.);
#2752 = EDGE_CURVE('',#923,#2681,#2753,.T.);
#2753 = LINE('',#2754,#2755);
#2754 = CARTESIAN_POINT('',(8.5,57.5,0.));
#2755 = VECTOR('',#2756,1.);
#2756 = DIRECTION('',(0.,0.,1.));
#2757 = CYLINDRICAL_SURFACE('',#2758,1.5);
#2758 = AXIS2_PLACEMENT_3D('',#2759,#2760,#2761);
#2759 = CARTESIAN_POINT('',(10.,57.5,0.));
#2760 = DIRECTION('',(-0.,-0.,-1.));
#2761 = DIRECTION('',(1.,0.,0.));
#2762 = ADVANCED_FACE('',(#2763),#2782,.F.);
#2763 = FACE_BOUND('',#2764,.T.);
#2764 = EDGE_LOOP('',(#2765,#2766,#2774,#2781));
#2765 = ORIENTED_EDGE('',*,*,#939,.F.);
#2766 = ORIENTED_EDGE('',*,*,#2767,.T.);
#2767 = EDGE_CURVE('',#932,#2768,#2770,.T.);
#2768 = VERTEX_POINT('',#2769);
#2769 = CARTESIAN_POINT('',(8.5,47.5,3.));
#2770 = LINE('',#2771,#2772);
#2771 = CARTESIAN_POINT('',(8.5,47.5,0.));
#2772 = VECTOR('',#2773,1.);
#2773 = DIRECTION('',(0.,0.,1.));
#2774 = ORIENTED_EDGE('',*,*,#2775,.F.);
#2775 = EDGE_CURVE('',#2657,#2768,#2776,.T.);
#2776 = CIRCLE('',#2777,1.5);
#2777 = AXIS2_PLACEMENT_3D('',#2778,#2779,#2780);
#2778 = CARTESIAN_POINT('',(10.,47.5,3.));
#2779 = DIRECTION('',(0.,0.,-1.));
#2780 = DIRECTION('',(1.,0.,0.));
#2781 = ORIENTED_EDGE('',*,*,#2664,.F.);
#2782 = CYLINDRICAL_SURFACE('',#2783,1.5);
#2783 = AXIS2_PLACEMENT_3D('',#2784,#2785,#2786);
#2784 = CARTESIAN_POINT('',(10.,47.5,0.));
#2785 = DIRECTION('',(-0.,-0.,-1.));
#2786 = DIRECTION('',(1.,0.,0.));
#2787 = ADVANCED_FACE('',(#2788),#2808,.T.);
#2788 = FACE_BOUND('',#2789,.T.);
#2789 = EDGE_LOOP('',(#2790,#2791,#2792,#2801,#2807));
#2790 = ORIENTED_EDGE('',*,*,#931,.F.);
#2791 = ORIENTED_EDGE('',*,*,#2752,.T.);
#2792 = ORIENTED_EDGE('',*,*,#2793,.T.);
#2793 = EDGE_CURVE('',#2681,#2794,#2796,.T.);
#2794 = VERTEX_POINT('',#2795);
#2795 = CARTESIAN_POINT('',(8.5,51.,3.));
#2796 = CIRCLE('',#2797,10.);
#2797 = AXIS2_PLACEMENT_3D('',#2798,#2799,#2800);
#2798 = CARTESIAN_POINT('',(8.5,51.,13.));
#2799 = DIRECTION('',(-1.,0.,0.));
#2800 = DIRECTION('',(0.,1.,0.));
#2801 = ORIENTED_EDGE('',*,*,#2802,.F.);
#2802 = EDGE_CURVE('',#2768,#2794,#2803,.T.);
#2803 = LINE('',#2804,#2805);
#2804 = CARTESIAN_POINT('',(8.5,45.25,3.));
#2805 = VECTOR('',#2806,1.);
#2806 = DIRECTION('',(0.,1.,0.));
#2807 = ORIENTED_EDGE('',*,*,#2767,.F.);
#2808 = PLANE('',#2809);
#2809 = AXIS2_PLACEMENT_3D('',#2810,#2811,#2812);
#2810 = CARTESIAN_POINT('',(8.5,57.5,0.));
#2811 = DIRECTION('',(1.,0.,0.));
#2812 = DIRECTION('',(0.,-1.,0.));
#2813 = ADVANCED_FACE('',(#2814),#2858,.F.);
#2814 = FACE_BOUND('',#2815,.F.);
#2815 = EDGE_LOOP('',(#2816,#2817,#2818,#2826,#2835,#2843,#2852));
#2816 = ORIENTED_EDGE('',*,*,#1003,.F.);
#2817 = ORIENTED_EDGE('',*,*,#980,.T.);
#2818 = ORIENTED_EDGE('',*,*,#2819,.F.);
#2819 = EDGE_CURVE('',#2820,#981,#2822,.T.);
#2820 = VERTEX_POINT('',#2821);
#2821 = CARTESIAN_POINT('',(4.,61.,13.));
#2822 = LINE('',#2823,#2824);
#2823 = CARTESIAN_POINT('',(4.,61.,0.));
#2824 = VECTOR('',#2825,1.);
#2825 = DIRECTION('',(0.,0.,1.));
#2826 = ORIENTED_EDGE('',*,*,#2827,.T.);
#2827 = EDGE_CURVE('',#2820,#2828,#2830,.T.);
#2828 = VERTEX_POINT('',#2829);
#2829 = CARTESIAN_POINT('',(4.,51.,3.));
#2830 = CIRCLE('',#2831,10.);
#2831 = AXIS2_PLACEMENT_3D('',#2832,#2833,#2834);
#2832 = CARTESIAN_POINT('',(4.,51.,13.));
#2833 = DIRECTION('',(-1.,0.,0.));
#2834 = DIRECTION('',(0.,0.,-1.));
#2835 = ORIENTED_EDGE('',*,*,#2836,.T.);
#2836 = EDGE_CURVE('',#2828,#2837,#2839,.T.);
#2837 = VERTEX_POINT('',#2838);
#2838 = CARTESIAN_POINT('',(4.,19.,3.));
#2839 = LINE('',#2840,#2841);
#2840 = CARTESIAN_POINT('',(4.,21.,3.));
#2841 = VECTOR('',#2842,1.);
#2842 = DIRECTION('',(0.,-1.,0.));
#2843 = ORIENTED_EDGE('',*,*,#2844,.F.);
#2844 = EDGE_CURVE('',#2845,#2837,#2847,.T.);
#2845 = VERTEX_POINT('',#2846);
#2846 = CARTESIAN_POINT('',(4.,9.,13.));
#2847 = CIRCLE('',#2848,10.);
#2848 = AXIS2_PLACEMENT_3D('',#2849,#2850,#2851);
#2849 = CARTESIAN_POINT('',(4.,19.,13.));
#2850 = DIRECTION('',(1.,-0.,0.));
#2851 = DIRECTION('',(0.,0.,-1.));
#2852 = ORIENTED_EDGE('',*,*,#2853,.T.);
#2853 = EDGE_CURVE('',#2845,#1004,#2854,.T.);
#2854 = LINE('',#2855,#2856);
#2855 = CARTESIAN_POINT('',(4.,9.,0.));
#2856 = VECTOR('',#2857,1.);
#2857 = DIRECTION('',(0.,0.,1.));
#2858 = PLANE('',#2859);
#2859 = AXIS2_PLACEMENT_3D('',#2860,#2861,#2862);
#2860 = CARTESIAN_POINT('',(4.,9.,0.));
#2861 = DIRECTION('',(-1.,0.,0.));
#2862 = DIRECTION('',(0.,1.,0.));
#2863 = ADVANCED_FACE('',(#2864),#2882,.T.);
#2864 = FACE_BOUND('',#2865,.T.);
#2865 = EDGE_LOOP('',(#2866,#2874,#2880,#2881));
#2866 = ORIENTED_EDGE('',*,*,#2867,.F.);
#2867 = EDGE_CURVE('',#2868,#1013,#2870,.T.);
#2868 = VERTEX_POINT('',#2869);
#2869 = CARTESIAN_POINT('',(37.,9.,13.));
#2870 = LINE('',#2871,#2872);
#2871 = CARTESIAN_POINT('',(37.,9.,0.));
#2872 = VECTOR('',#2873,1.);
#2873 = DIRECTION('',(0.,0.,1.));
#2874 = ORIENTED_EDGE('',*,*,#2875,.T.);
#2875 = EDGE_CURVE('',#2868,#2845,#2876,.T.);
#2876 = LINE('',#2877,#2878);
#2877 = CARTESIAN_POINT('',(37.,9.,13.));
#2878 = VECTOR('',#2879,1.);
#2879 = DIRECTION('',(-1.,0.,0.));
#2880 = ORIENTED_EDGE('',*,*,#2853,.T.);
#2881 = ORIENTED_EDGE('',*,*,#1012,.T.);
#2882 = PLANE('',#2883);
#2883 = AXIS2_PLACEMENT_3D('',#2884,#2885,#2886);
#2884 = CARTESIAN_POINT('',(4.,9.,0.));
#2885 = DIRECTION('',(0.,1.,0.));
#2886 = DIRECTION('',(1.,0.,0.));
#2887 = ADVANCED_FACE('',(#2888),#2925,.F.);
#2888 = FACE_BOUND('',#2889,.F.);
#2889 = EDGE_LOOP('',(#2890,#2891,#2892,#2901,#2909,#2918,#2924));
#2890 = ORIENTED_EDGE('',*,*,#1020,.T.);
#2891 = ORIENTED_EDGE('',*,*,#2867,.F.);
#2892 = ORIENTED_EDGE('',*,*,#2893,.T.);
#2893 = EDGE_CURVE('',#2868,#2894,#2896,.T.);
#2894 = VERTEX_POINT('',#2895);
#2895 = CARTESIAN_POINT('',(37.,19.,3.));
#2896 = CIRCLE('',#2897,10.);
#2897 = AXIS2_PLACEMENT_3D('',#2898,#2899,#2900);
#2898 = CARTESIAN_POINT('',(37.,19.,13.));
#2899 = DIRECTION('',(1.,-0.,0.));
#2900 = DIRECTION('',(0.,0.,-1.));
#2901 = ORIENTED_EDGE('',*,*,#2902,.T.);
#2902 = EDGE_CURVE('',#2894,#2903,#2905,.T.);
#2903 = VERTEX_POINT('',#2904);
#2904 = CARTESIAN_POINT('',(37.,51.,3.));
#2905 = LINE('',#2906,#2907);
#2906 = CARTESIAN_POINT('',(37.,47.,3.));
#2907 = VECTOR('',#2908,1.);
#2908 = DIRECTION('',(0.,1.,0.));
#2909 = ORIENTED_EDGE('',*,*,#2910,.F.);
#2910 = EDGE_CURVE('',#2911,#2903,#2913,.T.);
#2911 = VERTEX_POINT('',#2912);
#2912 = CARTESIAN_POINT('',(37.,61.,13.));
#2913 = CIRCLE('',#2914,10.);
#2914 = AXIS2_PLACEMENT_3D('',#2915,#2916,#2917);
#2915 = CARTESIAN_POINT('',(37.,51.,13.));
#2916 = DIRECTION('',(-1.,0.,0.));
#2917 = DIRECTION('',(0.,0.,-1.));
#2918 = ORIENTED_EDGE('',*,*,#2919,.T.);
#2919 = EDGE_CURVE('',#2911,#1049,#2920,.T.);
#2920 = LINE('',#2921,#2922);
#2921 = CARTESIAN_POINT('',(37.,61.,0.));
#2922 = VECTOR('',#2923,1.);
#2923 = DIRECTION('',(0.,0.,1.));
#2924 = ORIENTED_EDGE('',*,*,#1072,.T.);
#2925 = PLANE('',#2926);
#2926 = AXIS2_PLACEMENT_3D('',#2927,#2928,#2929);
#2927 = CARTESIAN_POINT('',(37.,61.,0.));
#2928 = DIRECTION('',(1.,0.,0.));
#2929 = DIRECTION('',(0.,-1.,0.));
#2930 = ADVANCED_FACE('',(#2931),#2950,.F.);
#2931 = FACE_BOUND('',#2932,.F.);
#2932 = EDGE_LOOP('',(#2933,#2934,#2942,#2948,#2949));
#2933 = ORIENTED_EDGE('',*,*,#2919,.F.);
#2934 = ORIENTED_EDGE('',*,*,#2935,.T.);
#2935 = EDGE_CURVE('',#2911,#2936,#2938,.T.);
#2936 = VERTEX_POINT('',#2937);
#2937 = CARTESIAN_POINT('',(20.5,61.,13.));
#2938 = LINE('',#2939,#2940);
#2939 = CARTESIAN_POINT('',(37.,61.,13.));
#2940 = VECTOR('',#2941,1.);
#2941 = DIRECTION('',(-1.,0.,0.));
#2942 = ORIENTED_EDGE('',*,*,#2943,.T.);
#2943 = EDGE_CURVE('',#2936,#2820,#2944,.T.);
#2944 = LINE('',#2945,#2946);
#2945 = CARTESIAN_POINT('',(37.,61.,13.));
#2946 = VECTOR('',#2947,1.);
#2947 = DIRECTION('',(-1.,0.,0.));
#2948 = ORIENTED_EDGE('',*,*,#2819,.T.);
#2949 = ORIENTED_EDGE('',*,*,#1056,.T.);
#2950 = PLANE('',#2951);
#2951 = AXIS2_PLACEMENT_3D('',#2952,#2953,#2954);
#2952 = CARTESIAN_POINT('',(4.,61.,0.));
#2953 = DIRECTION('',(0.,1.,0.));
#2954 = DIRECTION('',(1.,0.,0.));
#2955 = ADVANCED_FACE('',(#2956),#2962,.T.);
#2956 = FACE_BOUND('',#2957,.T.);
#2957 = EDGE_LOOP('',(#2958,#2959,#2960,#2961));
#2958 = ORIENTED_EDGE('',*,*,#1104,.F.);
#2959 = ORIENTED_EDGE('',*,*,#1128,.F.);
#2960 = ORIENTED_EDGE('',*,*,#1152,.F.);
#2961 = ORIENTED_EDGE('',*,*,#1169,.F.);
#2962 = PLANE('',#2963);
#2963 = AXIS2_PLACEMENT_3D('',#2964,#2965,#2966);
#2964 = CARTESIAN_POINT('',(20.5,67.5,10.));
#2965 = DIRECTION('',(0.,1.,0.));
#2966 = DIRECTION('',(0.,0.,1.));
#2967 = ADVANCED_FACE('',(#2968),#3044,.F.);
#2968 = FACE_BOUND('',#2969,.T.);
#2969 = EDGE_LOOP('',(#2970,#2971,#2979,#2996,#3043));
#2970 = ORIENTED_EDGE('',*,*,#1183,.F.);
#2971 = ORIENTED_EDGE('',*,*,#2972,.T.);
#2972 = EDGE_CURVE('',#1184,#2973,#2975,.T.);
#2973 = VERTEX_POINT('',#2974);
#2974 = CARTESIAN_POINT('',(23.5,60.539392014169,10.));
#2975 = LINE('',#2976,#2977);
#2976 = CARTESIAN_POINT('',(23.5,63.,10.));
#2977 = VECTOR('',#2978,1.);
#2978 = DIRECTION('',(-0.,-1.,-0.));
#2979 = ORIENTED_EDGE('',*,*,#2980,.T.);
#2980 = EDGE_CURVE('',#2973,#2936,#2981,.T.);
#2981 = B_SPLINE_CURVE_WITH_KNOTS('',7,(#2982,#2983,#2984,#2985,#2986,
    #2987,#2988,#2989,#2990,#2991,#2992,#2993,#2994,#2995),
  .UNSPECIFIED.,.F.,.F.,(8,6,8),(0.,0.389681357722,1.),.UNSPECIFIED.);
#2982 = CARTESIAN_POINT('',(23.5,60.539392014169,10.));
#2983 = CARTESIAN_POINT('',(23.5,60.632539519833,10.296190190556));
#2984 = CARTESIAN_POINT('',(23.465883269878,60.714920107365,
    10.595635912299));
#2985 = CARTESIAN_POINT('',(23.396300438943,60.78417419853,
    10.890770744314));
#2986 = CARTESIAN_POINT('',(23.292660272473,60.839629568702,
    11.173959662242));
#2987 = CARTESIAN_POINT('',(23.158985744806,60.882358130995,
    11.438065633091));
#2988 = CARTESIAN_POINT('',(23.002031358244,60.914403115446,
    11.67729577734));
#2989 = CARTESIAN_POINT('',(22.564254517006,60.974896178484,
    12.217905153782));
#2990 = CARTESIAN_POINT('',(22.25682450866,60.991973472385,
    12.486165162033));
#2991 = CARTESIAN_POINT('',(21.924511773615,60.998387794014,
    12.695110880227));
#2992 = CARTESIAN_POINT('',(21.576962448803,61.000001055937,
    12.848470460788));
#2993 = CARTESIAN_POINT('',(21.22085288802,60.999999708871,
    12.949436527369));
#2994 = CARTESIAN_POINT('',(20.860581631684,61.,13.000000009498));
#2995 = CARTESIAN_POINT('',(20.499999920975,61.,13.));
#2996 = ORIENTED_EDGE('',*,*,#2997,.T.);
#2997 = EDGE_CURVE('',#2936,#2973,#2998,.T.);
#2998 = B_SPLINE_CURVE_WITH_KNOTS('',7,(#2999,#3000,#3001,#3002,#3003,
    #3004,#3005,#3006,#3007,#3008,#3009,#3010,#3011,#3012,#3013,#3014,
    #3015,#3016,#3017,#3018,#3019,#3020,#3021,#3022,#3023,#3024,#3025,
    #3026,#3027,#3028,#3029,#3030,#3031,#3032,#3033,#3034,#3035,#3036,
    #3037,#3038,#3039,#3040,#3041,#3042),.UNSPECIFIED.,.F.,.F.,(8,6,6,6,
    6,6,6,8),(0.,0.153227963118,0.292290838097,0.422248866492,
    0.587404733626,0.732517252346,0.897695455096,1.),.UNSPECIFIED.);
#2999 = CARTESIAN_POINT('',(20.499999920975,61.,13.));
#3000 = CARTESIAN_POINT('',(20.218080678039,61.,12.999999992574));
#3001 = CARTESIAN_POINT('',(19.936369626285,61.000000035055,
    12.969092190517));
#3002 = CARTESIAN_POINT('',(19.656754781923,60.999999850889,
    12.907355181442));
#3003 = CARTESIAN_POINT('',(19.38131294711,60.999398531526,
    12.814119512575));
#3004 = CARTESIAN_POINT('',(19.112691148976,60.9969984701,
    12.688138798828));
#3005 = CARTESIAN_POINT('',(18.854529565826,60.990783874512,
    12.527803023567));
#3006 = CARTESIAN_POINT('',(18.391964914867,60.965684884837,
    12.153225534725));
#3007 = CARTESIAN_POINT('',(18.179935618046,60.947760479109,
    11.94139956386));
#3008 = CARTESIAN_POINT('',(17.986016963391,60.92134136181,
    11.696503990343));
#3009 = CARTESIAN_POINT('',(17.818684310692,60.883375033229,
    11.421536318627));
#3010 = CARTESIAN_POINT('',(17.684772629362,60.830797059198,
    11.121277809984));
#3011 = CARTESIAN_POINT('',(17.589570168298,60.761411894458,
    10.801628962895));
#3012 = CARTESIAN_POINT('',(17.48774594157,60.593240889472,
    10.158735987555));
#3013 = CARTESIAN_POINT('',(17.477567106034,60.499707309841,
    9.848680340078));
#3014 = CARTESIAN_POINT('',(17.504437786091,60.395141834624,
    9.545343755536));
#3015 = CARTESIAN_POINT('',(17.565213961659,60.282021457556,
    9.254378082996));
#3016 = CARTESIAN_POINT('',(17.655598683727,60.163977104933,
    8.980709789941));
#3017 = CARTESIAN_POINT('',(17.770101062855,60.045338580844,
    8.728323644773));
#3018 = CARTESIAN_POINT('',(18.069449477638,59.784071471789,
    8.209837012745));
#3019 = CARTESIAN_POINT('',(18.269060653068,59.640058001523,
    7.95141229289));
#3020 = CARTESIAN_POINT('',(18.494196935172,59.503048567927,
    7.725359988923));
#3021 = CARTESIAN_POINT('',(18.740172515452,59.377461374103,
    7.53160130445));
#3022 = CARTESIAN_POINT('',(19.003570779468,59.267294699347,
    7.370141127516));
#3023 = CARTESIAN_POINT('',(19.281846050344,59.176326405677,
    7.241415530095));
#3024 = CARTESIAN_POINT('',(19.828723811509,59.04805165527,
    7.063724189987));
#3025 = CARTESIAN_POINT('',(20.09365659325,59.005748309668,
    7.007217747162));
#3026 = CARTESIAN_POINT('',(20.363989924448,58.983847598001,
    6.97872143337));
#3027 = CARTESIAN_POINT('',(20.63609392194,58.983852009528,
    6.978726914078));
#3028 = CARTESIAN_POINT('',(20.90641137343,59.005758357358,
    7.007231096388));
#3029 = CARTESIAN_POINT('',(21.171313459622,59.04806039253,
    7.063736292663));
#3030 = CARTESIAN_POINT('',(21.718151054165,59.176325732202,
    7.24141459777));
#3031 = CARTESIAN_POINT('',(21.996426328851,59.267293498634,
    7.370139407123));
#3032 = CARTESIAN_POINT('',(22.259826571505,59.377460598118,
    7.531600066213));
#3033 = CARTESIAN_POINT('',(22.505804037497,59.503048807481,
    7.725360122161));
#3034 = CARTESIAN_POINT('',(22.730941552856,59.640059343616,
    7.951414435089));
#3035 = CARTESIAN_POINT('',(22.930552117503,59.784072857899,
    8.209839757959));
#3036 = CARTESIAN_POINT('',(23.201833704149,60.020843641852,
    8.679713249188));
#3037 = CARTESIAN_POINT('',(23.294109646919,60.112967825754,
    8.873033959694));
#3038 = CARTESIAN_POINT('',(23.372349682381,60.204979037785,
    9.079043893991));
#3039 = CARTESIAN_POINT('',(23.434187776725,60.295145466897,
    9.296492852849));
#3040 = CARTESIAN_POINT('',(23.477422674744,60.381831023129,
    9.523798762706));
#3041 = CARTESIAN_POINT('',(23.5,60.463616297618,9.75904857822));
#3042 = CARTESIAN_POINT('',(23.5,60.539392014169,10.));
#3043 = ORIENTED_EDGE('',*,*,#2972,.F.);
#3044 = CYLINDRICAL_SURFACE('',#3045,3.);
#3045 = AXIS2_PLACEMENT_3D('',#3046,#3047,#3048);
#3046 = CARTESIAN_POINT('',(20.5,63.,10.));
#3047 = DIRECTION('',(0.,1.,-2.2E-16));
#3048 = DIRECTION('',(1.,0.,0.));
#3049 = ADVANCED_FACE('',(#3050),#3056,.T.);
#3050 = FACE_BOUND('',#3051,.T.);
#3051 = EDGE_LOOP('',(#3052,#3053,#3054,#3055));
#3052 = ORIENTED_EDGE('',*,*,#1220,.F.);
#3053 = ORIENTED_EDGE('',*,*,#1244,.F.);
#3054 = ORIENTED_EDGE('',*,*,#1268,.F.);
#3055 = ORIENTED_EDGE('',*,*,#1285,.F.);
#3056 = PLANE('',#3057);
#3057 = AXIS2_PLACEMENT_3D('',#3058,#3059,#3060);
#3058 = CARTESIAN_POINT('',(20.5,67.5,10.));
#3059 = DIRECTION('',(0.,1.,0.));
#3060 = DIRECTION('',(0.,0.,1.));
#3061 = ADVANCED_FACE('',(#3062,#3109),#3112,.F.);
#3062 = FACE_BOUND('',#3063,.T.);
#3063 = EDGE_LOOP('',(#3064,#3065,#3066,#3072,#3073,#3074,#3075,#3081,
    #3082,#3083,#3084,#3090,#3091,#3092,#3093,#3099,#3100,#3101,#3102,
    #3108));
#3064 = ORIENTED_EDGE('',*,*,#2875,.F.);
#3065 = ORIENTED_EDGE('',*,*,#2893,.T.);
#3066 = ORIENTED_EDGE('',*,*,#3067,.T.);
#3067 = EDGE_CURVE('',#2894,#1395,#3068,.T.);
#3068 = LINE('',#3069,#3070);
#3069 = CARTESIAN_POINT('',(37.,19.,3.));
#3070 = VECTOR('',#3071,1.);
#3071 = DIRECTION('',(-1.,0.,0.));
#3072 = ORIENTED_EDGE('',*,*,#1402,.T.);
#3073 = ORIENTED_EDGE('',*,*,#1459,.F.);
#3074 = ORIENTED_EDGE('',*,*,#1548,.F.);
#3075 = ORIENTED_EDGE('',*,*,#3076,.T.);
#3076 = EDGE_CURVE('',#1541,#1574,#3077,.T.);
#3077 = LINE('',#3078,#3079);
#3078 = CARTESIAN_POINT('',(37.,19.,3.));
#3079 = VECTOR('',#3080,1.);
#3080 = DIRECTION('',(-1.,0.,0.));
#3081 = ORIENTED_EDGE('',*,*,#1581,.T.);
#3082 = ORIENTED_EDGE('',*,*,#1638,.F.);
#3083 = ORIENTED_EDGE('',*,*,#1727,.F.);
#3084 = ORIENTED_EDGE('',*,*,#3085,.T.);
#3085 = EDGE_CURVE('',#1720,#1753,#3086,.T.);
#3086 = LINE('',#3087,#3088);
#3087 = CARTESIAN_POINT('',(37.,19.,3.));
#3088 = VECTOR('',#3089,1.);
#3089 = DIRECTION('',(-1.,0.,0.));
#3090 = ORIENTED_EDGE('',*,*,#1760,.T.);
#3091 = ORIENTED_EDGE('',*,*,#1817,.F.);
#3092 = ORIENTED_EDGE('',*,*,#1906,.F.);
#3093 = ORIENTED_EDGE('',*,*,#3094,.T.);
#3094 = EDGE_CURVE('',#1899,#1932,#3095,.T.);
#3095 = LINE('',#3096,#3097);
#3096 = CARTESIAN_POINT('',(37.,19.,3.));
#3097 = VECTOR('',#3098,1.);
#3098 = DIRECTION('',(-1.,0.,0.));
#3099 = ORIENTED_EDGE('',*,*,#1939,.T.);
#3100 = ORIENTED_EDGE('',*,*,#1996,.F.);
#3101 = ORIENTED_EDGE('',*,*,#2085,.F.);
#3102 = ORIENTED_EDGE('',*,*,#3103,.T.);
#3103 = EDGE_CURVE('',#2078,#2837,#3104,.T.);
#3104 = LINE('',#3105,#3106);
#3105 = CARTESIAN_POINT('',(37.,19.,3.));
#3106 = VECTOR('',#3107,1.);
#3107 = DIRECTION('',(-1.,0.,0.));
#3108 = ORIENTED_EDGE('',*,*,#2844,.F.);
#3109 = FACE_BOUND('',#3110,.T.);
#3110 = EDGE_LOOP('',(#3111));
#3111 = ORIENTED_EDGE('',*,*,#1320,.T.);
#3112 = CYLINDRICAL_SURFACE('',#3113,10.);
#3113 = AXIS2_PLACEMENT_3D('',#3114,#3115,#3116);
#3114 = CARTESIAN_POINT('',(37.,19.,13.));
#3115 = DIRECTION('',(-1.,0.,0.));
#3116 = DIRECTION('',(-0.,-1.,-0.));
#3117 = ADVANCED_FACE('',(#3118),#3181,.T.);
#3118 = FACE_BOUND('',#3119,.T.);
#3119 = EDGE_LOOP('',(#3120,#3121,#3122,#3128,#3129,#3130,#3131,#3137,
    #3138,#3139,#3140,#3146,#3147,#3148,#3149,#3155,#3156,#3157,#3158,
    #3164,#3165,#3166,#3167,#3168,#3169,#3170,#3171,#3172,#3173,#3174,
    #3175,#3176,#3177,#3178,#3179,#3180));
#3120 = ORIENTED_EDGE('',*,*,#3067,.F.);
#3121 = ORIENTED_EDGE('',*,*,#2902,.T.);
#3122 = ORIENTED_EDGE('',*,*,#3123,.T.);
#3123 = EDGE_CURVE('',#2903,#2111,#3124,.T.);
#3124 = LINE('',#3125,#3126);
#3125 = CARTESIAN_POINT('',(37.,51.,3.));
#3126 = VECTOR('',#3127,1.);
#3127 = DIRECTION('',(-1.,0.,0.));
#3128 = ORIENTED_EDGE('',*,*,#2119,.F.);
#3129 = ORIENTED_EDGE('',*,*,#2238,.T.);
#3130 = ORIENTED_EDGE('',*,*,#2265,.T.);
#3131 = ORIENTED_EDGE('',*,*,#3132,.T.);
#3132 = EDGE_CURVE('',#2257,#2290,#3133,.T.);
#3133 = LINE('',#3134,#3135);
#3134 = CARTESIAN_POINT('',(37.,51.,3.));
#3135 = VECTOR('',#3136,1.);
#3136 = DIRECTION('',(-1.,0.,0.));
#3137 = ORIENTED_EDGE('',*,*,#2298,.F.);
#3138 = ORIENTED_EDGE('',*,*,#2417,.T.);
#3139 = ORIENTED_EDGE('',*,*,#2444,.T.);
#3140 = ORIENTED_EDGE('',*,*,#3141,.T.);
#3141 = EDGE_CURVE('',#2436,#2469,#3142,.T.);
#3142 = LINE('',#3143,#3144);
#3143 = CARTESIAN_POINT('',(37.,51.,3.));
#3144 = VECTOR('',#3145,1.);
#3145 = DIRECTION('',(-1.,0.,0.));
#3146 = ORIENTED_EDGE('',*,*,#2477,.F.);
#3147 = ORIENTED_EDGE('',*,*,#2596,.T.);
#3148 = ORIENTED_EDGE('',*,*,#2623,.T.);
#3149 = ORIENTED_EDGE('',*,*,#3150,.T.);
#3150 = EDGE_CURVE('',#2615,#2648,#3151,.T.);
#3151 = LINE('',#3152,#3153);
#3152 = CARTESIAN_POINT('',(37.,51.,3.));
#3153 = VECTOR('',#3154,1.);
#3154 = DIRECTION('',(-1.,0.,0.));
#3155 = ORIENTED_EDGE('',*,*,#2656,.F.);
#3156 = ORIENTED_EDGE('',*,*,#2775,.T.);
#3157 = ORIENTED_EDGE('',*,*,#2802,.T.);
#3158 = ORIENTED_EDGE('',*,*,#3159,.T.);
#3159 = EDGE_CURVE('',#2794,#2828,#3160,.T.);
#3160 = LINE('',#3161,#3162);
#3161 = CARTESIAN_POINT('',(37.,51.,3.));
#3162 = VECTOR('',#3163,1.);
#3163 = DIRECTION('',(-1.,0.,0.));
#3164 = ORIENTED_EDGE('',*,*,#2836,.T.);
#3165 = ORIENTED_EDGE('',*,*,#3103,.F.);
#3166 = ORIENTED_EDGE('',*,*,#2077,.T.);
#3167 = ORIENTED_EDGE('',*,*,#1964,.T.);
#3168 = ORIENTED_EDGE('',*,*,#1931,.F.);
#3169 = ORIENTED_EDGE('',*,*,#3094,.F.);
#3170 = ORIENTED_EDGE('',*,*,#1898,.T.);
#3171 = ORIENTED_EDGE('',*,*,#1785,.T.);
#3172 = ORIENTED_EDGE('',*,*,#1752,.F.);
#3173 = ORIENTED_EDGE('',*,*,#3085,.F.);
#3174 = ORIENTED_EDGE('',*,*,#1719,.T.);
#3175 = ORIENTED_EDGE('',*,*,#1606,.T.);
#3176 = ORIENTED_EDGE('',*,*,#1573,.F.);
#3177 = ORIENTED_EDGE('',*,*,#3076,.F.);
#3178 = ORIENTED_EDGE('',*,*,#1540,.T.);
#3179 = ORIENTED_EDGE('',*,*,#1427,.T.);
#3180 = ORIENTED_EDGE('',*,*,#1394,.F.);
#3181 = PLANE('',#3182);
#3182 = AXIS2_PLACEMENT_3D('',#3183,#3184,#3185);
#3183 = CARTESIAN_POINT('',(20.5,33.,3.));
#3184 = DIRECTION('',(0.,0.,1.));
#3185 = DIRECTION('',(1.,0.,0.));
#3186 = ADVANCED_FACE('',(#3187,#3210),#3214,.F.);
#3187 = FACE_BOUND('',#3188,.F.);
#3188 = EDGE_LOOP('',(#3189,#3190,#3191,#3192,#3193,#3194,#3195,#3196,
    #3197,#3198,#3199,#3200,#3201,#3202,#3203,#3204,#3205,#3206,#3207,
    #3208,#3209));
#3189 = ORIENTED_EDGE('',*,*,#2935,.F.);
#3190 = ORIENTED_EDGE('',*,*,#2910,.T.);
#3191 = ORIENTED_EDGE('',*,*,#3123,.T.);
#3192 = ORIENTED_EDGE('',*,*,#2110,.F.);
#3193 = ORIENTED_EDGE('',*,*,#2143,.T.);
#3194 = ORIENTED_EDGE('',*,*,#2256,.T.);
#3195 = ORIENTED_EDGE('',*,*,#3132,.T.);
#3196 = ORIENTED_EDGE('',*,*,#2289,.F.);
#3197 = ORIENTED_EDGE('',*,*,#2322,.T.);
#3198 = ORIENTED_EDGE('',*,*,#2435,.T.);
#3199 = ORIENTED_EDGE('',*,*,#3141,.T.);
#3200 = ORIENTED_EDGE('',*,*,#2468,.F.);
#3201 = ORIENTED_EDGE('',*,*,#2501,.T.);
#3202 = ORIENTED_EDGE('',*,*,#2614,.T.);
#3203 = ORIENTED_EDGE('',*,*,#3150,.T.);
#3204 = ORIENTED_EDGE('',*,*,#2647,.F.);
#3205 = ORIENTED_EDGE('',*,*,#2680,.T.);
#3206 = ORIENTED_EDGE('',*,*,#2793,.T.);
#3207 = ORIENTED_EDGE('',*,*,#3159,.T.);
#3208 = ORIENTED_EDGE('',*,*,#2827,.F.);
#3209 = ORIENTED_EDGE('',*,*,#2943,.F.);
#3210 = FACE_BOUND('',#3211,.F.);
#3211 = EDGE_LOOP('',(#3212,#3213));
#3212 = ORIENTED_EDGE('',*,*,#2980,.T.);
#3213 = ORIENTED_EDGE('',*,*,#2997,.T.);
#3214 = CYLINDRICAL_SURFACE('',#3215,10.);
#3215 = AXIS2_PLACEMENT_3D('',#3216,#3217,#3218);
#3216 = CARTESIAN_POINT('',(37.,51.,13.));
#3217 = DIRECTION('',(-1.,0.,0.));
#3218 = DIRECTION('',(0.,1.,0.));
#3219 = ( GEOMETRIC_REPRESENTATION_CONTEXT(3) 
GLOBAL_UNCERTAINTY_ASSIGNED_CONTEXT((#3223)) 
GLOBAL_UNIT_ASSIGNED_CONTEXT((#3220,#3221,#3222)) REPRESENTATION_CONTEXT
('Context #1','3D Context with UNIT and UNCERTAINTY') );
#3220 = ( LENGTH_UNIT() NAMED_UNIT(*) SI_UNIT(.MILLI.,.METRE.) );
#3221 = ( NAMED_UNIT(*) PLANE_ANGLE_UNIT() SI_UNIT($,.RADIAN.) );
#3222 = ( NAMED_UNIT(*) SI_UNIT($,.STERADIAN.) SOLID_ANGLE_UNIT() );
#3223 = UNCERTAINTY_MEASURE_WITH_UNIT(LENGTH_MEASURE(2.E-05),#3220,
  'distance_accuracy_value','confusion accuracy');
#3224 = PRODUCT_RELATED_PRODUCT_CATEGORY('part',$,(#7));
#3225 = MECHANICAL_DESIGN_GEOMETRIC_PRESENTATION_REPRESENTATION('',(
    #3226),#3219);
#3226 = STYLED_ITEM('color',(#3227),#15);
#3227 = PRESENTATION_STYLE_ASSIGNMENT((#3228,#3234));
#3228 = SURFACE_STYLE_USAGE(.BOTH.,#3229);
#3229 = SURFACE_SIDE_STYLE('',(#3230));
#3230 = SURFACE_STYLE_FILL_AREA(#3231);
#3231 = FILL_AREA_STYLE('',(#3232));
#3232 = FILL_AREA_STYLE_COLOUR('',#3233);
#3233 = COLOUR_RGB('',0.980392145089,0.745098043297,0.137254909518);
#3234 = CURVE_STYLE('',#3235,POSITIVE_LENGTH_MEASURE(0.1),#3236);
#3235 = DRAUGHTING_PRE_DEFINED_CURVE_FONT('continuous');
#3236 = COLOUR_RGB('',9.803921802644E-02,9.803921802644E-02,
  9.803921802644E-02);
ENDSEC;
END-ISO-10303-21;
