ISO-10303-21;
HEADER;
FILE_DESCRIPTION(('FreeCAD Model'),'2;1');
FILE_NAME('Open CASCADE Shape Model','2026-07-15T18:29:49',(''),(''),
  'Open CASCADE STEP processor 7.8','FreeCAD','Unknown');
FILE_SCHEMA(('AUTOMOTIVE_DESIGN { 1 0 10303 214 1 1 1 1 }'));
ENDSEC;
DATA;
#1 = APPLICATION_PROTOCOL_DEFINITION('international standard',
  'automotive_design',2000,#2);
#2 = APPLICATION_CONTEXT(
  'core data for automotive mechanical design processes');
#3 = SHAPE_DEFINITION_REPRESENTATION(#4,#10);
#4 = PRODUCT_DEFINITION_SHAPE('','',#5);
#5 = PRODUCT_DEFINITION('design','',#6,#9);
#6 = PRODUCT_DEFINITION_FORMATION('','',#7);
#7 = PRODUCT('MkII-FanMount60mm','MkII-FanMount60mm','',(#8));
#8 = PRODUCT_CONTEXT('',#2,'mechanical');
#9 = PRODUCT_DEFINITION_CONTEXT('part definition',#2,'design');
#10 = ADVANCED_BREP_SHAPE_REPRESENTATION('',(#11,#15),#6235);
#11 = AXIS2_PLACEMENT_3D('',#12,#13,#14);
#12 = CARTESIAN_POINT('',(0.,0.,0.));
#13 = DIRECTION('',(0.,0.,1.));
#14 = DIRECTION('',(1.,0.,-0.));
#15 = MANIFOLD_SOLID_BREP('',#16);
#16 = CLOSED_SHELL('',(#17,#136,#183,#214,#390,#414,#445,#469,#493,#510,
    #535,#566,#590,#614,#631,#655,#720,#744,#795,#1235,#1253,#1285,#1328
    ,#1352,#1369,#1395,#1498,#1522,#1547,#1571,#1596,#1620,#1645,#1669,
    #1687,#1719,#1762,#1786,#1803,#1834,#1858,#1882,#1899,#1919,#1950,
    #1974,#1998,#2015,#2032,#2106,#2180,#2197,#2214,#2231,#2248,#2265,
    #2282,#2299,#2316,#2334,#2346,#2386,#2411,#2630,#2656,#2696,#2721,
    #2940,#2966,#3006,#3031,#3262,#3288,#3328,#3353,#3588,#3614,#3654,
    #3873,#3898,#3924,#3964,#4183,#4208,#4234,#4274,#4489,#4514,#4540,
    #4580,#4811,#4836,#4862,#4887,#4912,#4937,#4962,#5012,#5036,#5079,
    #5104,#5135,#5159,#5183,#5200,#5225,#5256,#5280,#5304,#5321,#5371,
    #5395,#5438,#5463,#5475,#5557,#5569,#5607,#5645,#5688,#5731,#5820,
    #5845,#5870,#5895,#5920,#5945,#5976,#6000,#6024,#6041,#6061,#6092,
    #6116,#6140,#6157,#6175,#6184,#6193,#6202,#6211,#6223));
#17 = ADVANCED_FACE('',(#18,#52,#86,#97),#131,.T.);
#18 = FACE_BOUND('',#19,.T.);
#19 = EDGE_LOOP('',(#20,#30,#38,#46));
#20 = ORIENTED_EDGE('',*,*,#21,.T.);
#21 = EDGE_CURVE('',#22,#24,#26,.T.);
#22 = VERTEX_POINT('',#23);
#23 = CARTESIAN_POINT('',(0.,66.,0.4));
#24 = VERTEX_POINT('',#25);
#25 = CARTESIAN_POINT('',(0.,66.,20.));
#26 = LINE('',#27,#28);
#27 = CARTESIAN_POINT('',(0.,66.,0.));
#28 = VECTOR('',#29,1.);
#29 = DIRECTION('',(0.,0.,1.));
#30 = ORIENTED_EDGE('',*,*,#31,.T.);
#31 = EDGE_CURVE('',#24,#32,#34,.T.);
#32 = VERTEX_POINT('',#33);
#33 = CARTESIAN_POINT('',(28.417792998516,66.,20.));
#34 = LINE('',#35,#36);
#35 = CARTESIAN_POINT('',(0.,66.,20.));
#36 = VECTOR('',#37,1.);
#37 = DIRECTION('',(1.,0.,0.));
#38 = ORIENTED_EDGE('',*,*,#39,.F.);
#39 = EDGE_CURVE('',#40,#32,#42,.T.);
#40 = VERTEX_POINT('',#41);
#41 = CARTESIAN_POINT('',(28.417792998516,66.,0.4));
#42 = LINE('',#43,#44);
#43 = CARTESIAN_POINT('',(28.417792998516,66.,0.));
#44 = VECTOR('',#45,1.);
#45 = DIRECTION('',(0.,0.,1.));
#46 = ORIENTED_EDGE('',*,*,#47,.F.);
#47 = EDGE_CURVE('',#22,#40,#48,.T.);
#48 = LINE('',#49,#50);
#49 = CARTESIAN_POINT('',(0.,66.,0.4));
#50 = VECTOR('',#51,1.);
#51 = DIRECTION('',(1.,0.,0.));
#52 = FACE_BOUND('',#53,.T.);
#53 = EDGE_LOOP('',(#54,#64,#72,#80));
#54 = ORIENTED_EDGE('',*,*,#55,.T.);
#55 = EDGE_CURVE('',#56,#58,#60,.T.);
#56 = VERTEX_POINT('',#57);
#57 = CARTESIAN_POINT('',(8.25,66.,14.2));
#58 = VERTEX_POINT('',#59);
#59 = CARTESIAN_POINT('',(2.25,66.,14.2));
#60 = LINE('',#61,#62);
#61 = CARTESIAN_POINT('',(8.25,66.,14.2));
#62 = VECTOR('',#63,1.);
#63 = DIRECTION('',(-1.,0.,0.));
#64 = ORIENTED_EDGE('',*,*,#65,.T.);
#65 = EDGE_CURVE('',#58,#66,#68,.T.);
#66 = VERTEX_POINT('',#67);
#67 = CARTESIAN_POINT('',(2.25,66.,5.8));
#68 = LINE('',#69,#70);
#69 = CARTESIAN_POINT('',(2.25,66.,14.2));
#70 = VECTOR('',#71,1.);
#71 = DIRECTION('',(0.,0.,-1.));
#72 = ORIENTED_EDGE('',*,*,#73,.T.);
#73 = EDGE_CURVE('',#66,#74,#76,.T.);
#74 = VERTEX_POINT('',#75);
#75 = CARTESIAN_POINT('',(8.25,66.,5.8));
#76 = LINE('',#77,#78);
#77 = CARTESIAN_POINT('',(2.25,66.,5.8));
#78 = VECTOR('',#79,1.);
#79 = DIRECTION('',(1.,0.,0.));
#80 = ORIENTED_EDGE('',*,*,#81,.T.);
#81 = EDGE_CURVE('',#74,#56,#82,.T.);
#82 = LINE('',#83,#84);
#83 = CARTESIAN_POINT('',(8.25,66.,5.8));
#84 = VECTOR('',#85,1.);
#85 = DIRECTION('',(0.,0.,1.));
#86 = FACE_BOUND('',#87,.T.);
#87 = EDGE_LOOP('',(#88));
#88 = ORIENTED_EDGE('',*,*,#89,.T.);
#89 = EDGE_CURVE('',#90,#90,#92,.T.);
#90 = VERTEX_POINT('',#91);
#91 = CARTESIAN_POINT('',(14.95,66.,10.));
#92 = CIRCLE('',#93,1.7);
#93 = AXIS2_PLACEMENT_3D('',#94,#95,#96);
#94 = CARTESIAN_POINT('',(13.25,66.,10.));
#95 = DIRECTION('',(0.,-1.,2.2E-16));
#96 = DIRECTION('',(1.,0.,0.));
#97 = FACE_BOUND('',#98,.T.);
#98 = EDGE_LOOP('',(#99,#109,#117,#125));
#99 = ORIENTED_EDGE('',*,*,#100,.T.);
#100 = EDGE_CURVE('',#101,#103,#105,.T.);
#101 = VERTEX_POINT('',#102);
#102 = CARTESIAN_POINT('',(24.25,66.,14.2));
#103 = VERTEX_POINT('',#104);
#104 = CARTESIAN_POINT('',(18.25,66.,14.2));
#105 = LINE('',#106,#107);
#106 = CARTESIAN_POINT('',(24.25,66.,14.2));
#107 = VECTOR('',#108,1.);
#108 = DIRECTION('',(-1.,0.,0.));
#109 = ORIENTED_EDGE('',*,*,#110,.T.);
#110 = EDGE_CURVE('',#103,#111,#113,.T.);
#111 = VERTEX_POINT('',#112);
#112 = CARTESIAN_POINT('',(18.25,66.,5.8));
#113 = LINE('',#114,#115);
#114 = CARTESIAN_POINT('',(18.25,66.,14.2));
#115 = VECTOR('',#116,1.);
#116 = DIRECTION('',(0.,0.,-1.));
#117 = ORIENTED_EDGE('',*,*,#118,.T.);
#118 = EDGE_CURVE('',#111,#119,#121,.T.);
#119 = VERTEX_POINT('',#120);
#120 = CARTESIAN_POINT('',(24.25,66.,5.8));
#121 = LINE('',#122,#123);
#122 = CARTESIAN_POINT('',(18.25,66.,5.8));
#123 = VECTOR('',#124,1.);
#124 = DIRECTION('',(1.,0.,0.));
#125 = ORIENTED_EDGE('',*,*,#126,.T.);
#126 = EDGE_CURVE('',#119,#101,#127,.T.);
#127 = LINE('',#128,#129);
#128 = CARTESIAN_POINT('',(24.25,66.,5.8));
#129 = VECTOR('',#130,1.);
#130 = DIRECTION('',(0.,0.,1.));
#131 = PLANE('',#132);
#132 = AXIS2_PLACEMENT_3D('',#133,#134,#135);
#133 = CARTESIAN_POINT('',(14.208896499258,66.,10.));
#134 = DIRECTION('',(0.,1.,0.));
#135 = DIRECTION('',(0.,0.,1.));
#136 = ADVANCED_FACE('',(#137),#178,.T.);
#137 = FACE_BOUND('',#138,.T.);
#138 = EDGE_LOOP('',(#139,#140,#148,#156,#164,#172));
#139 = ORIENTED_EDGE('',*,*,#21,.F.);
#140 = ORIENTED_EDGE('',*,*,#141,.T.);
#141 = EDGE_CURVE('',#22,#142,#144,.T.);
#142 = VERTEX_POINT('',#143);
#143 = CARTESIAN_POINT('',(0.,4.,0.4));
#144 = LINE('',#145,#146);
#145 = CARTESIAN_POINT('',(0.,66.,0.4));
#146 = VECTOR('',#147,1.);
#147 = DIRECTION('',(0.,-1.,0.));
#148 = ORIENTED_EDGE('',*,*,#149,.F.);
#149 = EDGE_CURVE('',#150,#142,#152,.T.);
#150 = VERTEX_POINT('',#151);
#151 = CARTESIAN_POINT('',(0.,4.,8.987407973119));
#152 = LINE('',#153,#154);
#153 = CARTESIAN_POINT('',(0.,4.,8.987407973119));
#154 = VECTOR('',#155,1.);
#155 = DIRECTION('',(0.,0.,-1.));
#156 = ORIENTED_EDGE('',*,*,#157,.F.);
#157 = EDGE_CURVE('',#158,#150,#160,.T.);
#158 = VERTEX_POINT('',#159);
#159 = CARTESIAN_POINT('',(0.,0.,14.7));
#160 = LINE('',#161,#162);
#161 = CARTESIAN_POINT('',(0.,0.,14.7));
#162 = VECTOR('',#163,1.);
#163 = DIRECTION('',(0.,0.573576436357,-0.819152044285));
#164 = ORIENTED_EDGE('',*,*,#165,.T.);
#165 = EDGE_CURVE('',#158,#166,#168,.T.);
#166 = VERTEX_POINT('',#167);
#167 = CARTESIAN_POINT('',(0.,0.,20.));
#168 = LINE('',#169,#170);
#169 = CARTESIAN_POINT('',(0.,0.,0.));
#170 = VECTOR('',#171,1.);
#171 = DIRECTION('',(0.,0.,1.));
#172 = ORIENTED_EDGE('',*,*,#173,.F.);
#173 = EDGE_CURVE('',#24,#166,#174,.T.);
#174 = LINE('',#175,#176);
#175 = CARTESIAN_POINT('',(0.,66.,20.));
#176 = VECTOR('',#177,1.);
#177 = DIRECTION('',(0.,-1.,0.));
#178 = PLANE('',#179);
#179 = AXIS2_PLACEMENT_3D('',#180,#181,#182);
#180 = CARTESIAN_POINT('',(0.,33.,10.));
#181 = DIRECTION('',(-1.,-0.,-0.));
#182 = DIRECTION('',(0.,0.,-1.));
#183 = ADVANCED_FACE('',(#184),#209,.T.);
#184 = FACE_BOUND('',#185,.T.);
#185 = EDGE_LOOP('',(#186,#194,#195,#203));
#186 = ORIENTED_EDGE('',*,*,#187,.F.);
#187 = EDGE_CURVE('',#22,#188,#190,.T.);
#188 = VERTEX_POINT('',#189);
#189 = CARTESIAN_POINT('',(0.4,65.6,0.));
#190 = LINE('',#191,#192);
#191 = CARTESIAN_POINT('',(0.133333333333,65.866666666667,0.266666666667
    ));
#192 = VECTOR('',#193,1.);
#193 = DIRECTION('',(0.57735026919,-0.57735026919,-0.57735026919));
#194 = ORIENTED_EDGE('',*,*,#47,.T.);
#195 = ORIENTED_EDGE('',*,*,#196,.T.);
#196 = EDGE_CURVE('',#40,#197,#199,.T.);
#197 = VERTEX_POINT('',#198);
#198 = CARTESIAN_POINT('',(28.017792998516,65.6,-3.E-15));
#199 = LINE('',#200,#201);
#200 = CARTESIAN_POINT('',(23.548160832096,61.130367833581,
    -4.469632166419));
#201 = VECTOR('',#202,1.);
#202 = DIRECTION('',(-0.57735026919,-0.57735026919,-0.57735026919));
#203 = ORIENTED_EDGE('',*,*,#204,.F.);
#204 = EDGE_CURVE('',#188,#197,#205,.T.);
#205 = LINE('',#206,#207);
#206 = CARTESIAN_POINT('',(0.,65.6,0.));
#207 = VECTOR('',#208,1.);
#208 = DIRECTION('',(1.,0.,0.));
#209 = PLANE('',#210);
#210 = AXIS2_PLACEMENT_3D('',#211,#212,#213);
#211 = CARTESIAN_POINT('',(0.,65.8,0.2));
#212 = DIRECTION('',(-0.,0.707106781187,-0.707106781187));
#213 = DIRECTION('',(1.,0.,-0.));
#214 = ADVANCED_FACE('',(#215,#249,#351),#385,.T.);
#215 = FACE_BOUND('',#216,.T.);
#216 = EDGE_LOOP('',(#217,#227,#235,#243));
#217 = ORIENTED_EDGE('',*,*,#218,.F.);
#218 = EDGE_CURVE('',#219,#221,#223,.T.);
#219 = VERTEX_POINT('',#220);
#220 = CARTESIAN_POINT('',(3.,62.,20.));
#221 = VERTEX_POINT('',#222);
#222 = CARTESIAN_POINT('',(3.,5.,20.));
#223 = LINE('',#224,#225);
#224 = CARTESIAN_POINT('',(3.,9.,20.));
#225 = VECTOR('',#226,1.);
#226 = DIRECTION('',(-0.,-1.,-0.));
#227 = ORIENTED_EDGE('',*,*,#228,.F.);
#228 = EDGE_CURVE('',#229,#219,#231,.T.);
#229 = VERTEX_POINT('',#230);
#230 = CARTESIAN_POINT('',(23.25,62.,20.));
#231 = LINE('',#232,#233);
#232 = CARTESIAN_POINT('',(22.25,62.,20.));
#233 = VECTOR('',#234,1.);
#234 = DIRECTION('',(-1.,0.,0.));
#235 = ORIENTED_EDGE('',*,*,#236,.F.);
#236 = EDGE_CURVE('',#237,#229,#239,.T.);
#237 = VERTEX_POINT('',#238);
#238 = CARTESIAN_POINT('',(23.25,5.,20.));
#239 = LINE('',#240,#241);
#240 = CARTESIAN_POINT('',(23.25,9.,20.));
#241 = VECTOR('',#242,1.);
#242 = DIRECTION('',(0.,1.,0.));
#243 = ORIENTED_EDGE('',*,*,#244,.F.);
#244 = EDGE_CURVE('',#221,#237,#245,.T.);
#245 = LINE('',#246,#247);
#246 = CARTESIAN_POINT('',(4.,5.,20.));
#247 = VECTOR('',#248,1.);
#248 = DIRECTION('',(1.,0.,0.));
#249 = FACE_BOUND('',#250,.T.);
#250 = EDGE_LOOP('',(#251,#252,#253,#261,#269,#277,#285,#294,#302,#311,
    #319,#328,#336,#345));
#251 = ORIENTED_EDGE('',*,*,#31,.F.);
#252 = ORIENTED_EDGE('',*,*,#173,.T.);
#253 = ORIENTED_EDGE('',*,*,#254,.T.);
#254 = EDGE_CURVE('',#166,#255,#257,.T.);
#255 = VERTEX_POINT('',#256);
#256 = CARTESIAN_POINT('',(113.,0.,20.));
#257 = LINE('',#258,#259);
#258 = CARTESIAN_POINT('',(0.,0.,20.));
#259 = VECTOR('',#260,1.);
#260 = DIRECTION('',(1.,0.,0.));
#261 = ORIENTED_EDGE('',*,*,#262,.T.);
#262 = EDGE_CURVE('',#255,#263,#265,.T.);
#263 = VERTEX_POINT('',#264);
#264 = CARTESIAN_POINT('',(113.,66.,20.));
#265 = LINE('',#266,#267);
#266 = CARTESIAN_POINT('',(113.,0.,20.));
#267 = VECTOR('',#268,1.);
#268 = DIRECTION('',(0.,1.,0.));
#269 = ORIENTED_EDGE('',*,*,#270,.T.);
#270 = EDGE_CURVE('',#263,#271,#273,.T.);
#271 = VERTEX_POINT('',#272);
#272 = CARTESIAN_POINT('',(84.582207001484,66.,20.));
#273 = LINE('',#274,#275);
#274 = CARTESIAN_POINT('',(113.,66.,20.));
#275 = VECTOR('',#276,1.);
#276 = DIRECTION('',(-1.,0.,0.));
#277 = ORIENTED_EDGE('',*,*,#278,.T.);
#278 = EDGE_CURVE('',#271,#279,#281,.T.);
#279 = VERTEX_POINT('',#280);
#280 = CARTESIAN_POINT('',(84.582207001484,65.,20.));
#281 = LINE('',#282,#283);
#282 = CARTESIAN_POINT('',(84.582207001484,66.,20.));
#283 = VECTOR('',#284,1.);
#284 = DIRECTION('',(0.,-1.,0.));
#285 = ORIENTED_EDGE('',*,*,#286,.F.);
#286 = EDGE_CURVE('',#287,#279,#289,.T.);
#287 = VERTEX_POINT('',#288);
#288 = CARTESIAN_POINT('',(86.75,60.75,20.));
#289 = CIRCLE('',#290,5.25);
#290 = AXIS2_PLACEMENT_3D('',#291,#292,#293);
#291 = CARTESIAN_POINT('',(81.5,60.75,20.));
#292 = DIRECTION('',(0.,0.,1.));
#293 = DIRECTION('',(1.,0.,0.));
#294 = ORIENTED_EDGE('',*,*,#295,.T.);
#295 = EDGE_CURVE('',#287,#296,#298,.T.);
#296 = VERTEX_POINT('',#297);
#297 = CARTESIAN_POINT('',(86.75,10.75,20.));
#298 = LINE('',#299,#300);
#299 = CARTESIAN_POINT('',(86.75,60.75,20.));
#300 = VECTOR('',#301,1.);
#301 = DIRECTION('',(0.,-1.,0.));
#302 = ORIENTED_EDGE('',*,*,#303,.F.);
#303 = EDGE_CURVE('',#304,#296,#306,.T.);
#304 = VERTEX_POINT('',#305);
#305 = CARTESIAN_POINT('',(81.5,5.5,20.));
#306 = CIRCLE('',#307,5.25);
#307 = AXIS2_PLACEMENT_3D('',#308,#309,#310);
#308 = CARTESIAN_POINT('',(81.5,10.75,20.));
#309 = DIRECTION('',(0.,0.,1.));
#310 = DIRECTION('',(1.,0.,0.));
#311 = ORIENTED_EDGE('',*,*,#312,.F.);
#312 = EDGE_CURVE('',#313,#304,#315,.T.);
#313 = VERTEX_POINT('',#314);
#314 = CARTESIAN_POINT('',(31.5,5.5,20.));
#315 = LINE('',#316,#317);
#316 = CARTESIAN_POINT('',(31.5,5.5,20.));
#317 = VECTOR('',#318,1.);
#318 = DIRECTION('',(1.,0.,0.));
#319 = ORIENTED_EDGE('',*,*,#320,.F.);
#320 = EDGE_CURVE('',#321,#313,#323,.T.);
#321 = VERTEX_POINT('',#322);
#322 = CARTESIAN_POINT('',(26.25,10.75,20.));
#323 = CIRCLE('',#324,5.25);
#324 = AXIS2_PLACEMENT_3D('',#325,#326,#327);
#325 = CARTESIAN_POINT('',(31.5,10.75,20.));
#326 = DIRECTION('',(0.,0.,1.));
#327 = DIRECTION('',(1.,0.,0.));
#328 = ORIENTED_EDGE('',*,*,#329,.F.);
#329 = EDGE_CURVE('',#330,#321,#332,.T.);
#330 = VERTEX_POINT('',#331);
#331 = CARTESIAN_POINT('',(26.25,60.75,20.));
#332 = LINE('',#333,#334);
#333 = CARTESIAN_POINT('',(26.25,60.75,20.));
#334 = VECTOR('',#335,1.);
#335 = DIRECTION('',(0.,-1.,0.));
#336 = ORIENTED_EDGE('',*,*,#337,.F.);
#337 = EDGE_CURVE('',#338,#330,#340,.T.);
#338 = VERTEX_POINT('',#339);
#339 = CARTESIAN_POINT('',(28.417792998516,65.,20.));
#340 = CIRCLE('',#341,5.25);
#341 = AXIS2_PLACEMENT_3D('',#342,#343,#344);
#342 = CARTESIAN_POINT('',(31.5,60.75,20.));
#343 = DIRECTION('',(0.,0.,1.));
#344 = DIRECTION('',(1.,0.,0.));
#345 = ORIENTED_EDGE('',*,*,#346,.F.);
#346 = EDGE_CURVE('',#32,#338,#347,.T.);
#347 = LINE('',#348,#349);
#348 = CARTESIAN_POINT('',(28.417792998516,66.,20.));
#349 = VECTOR('',#350,1.);
#350 = DIRECTION('',(0.,-1.,0.));
#351 = FACE_BOUND('',#352,.T.);
#352 = EDGE_LOOP('',(#353,#363,#371,#379));
#353 = ORIENTED_EDGE('',*,*,#354,.F.);
#354 = EDGE_CURVE('',#355,#357,#359,.T.);
#355 = VERTEX_POINT('',#356);
#356 = CARTESIAN_POINT('',(89.75,62.,20.));
#357 = VERTEX_POINT('',#358);
#358 = CARTESIAN_POINT('',(89.75,5.,20.));
#359 = LINE('',#360,#361);
#360 = CARTESIAN_POINT('',(89.75,9.,20.));
#361 = VECTOR('',#362,1.);
#362 = DIRECTION('',(-0.,-1.,-0.));
#363 = ORIENTED_EDGE('',*,*,#364,.F.);
#364 = EDGE_CURVE('',#365,#355,#367,.T.);
#365 = VERTEX_POINT('',#366);
#366 = CARTESIAN_POINT('',(110.,62.,20.));
#367 = LINE('',#368,#369);
#368 = CARTESIAN_POINT('',(109.,62.,20.));
#369 = VECTOR('',#370,1.);
#370 = DIRECTION('',(-1.,0.,0.));
#371 = ORIENTED_EDGE('',*,*,#372,.F.);
#372 = EDGE_CURVE('',#373,#365,#375,.T.);
#373 = VERTEX_POINT('',#374);
#374 = CARTESIAN_POINT('',(110.,5.,20.));
#375 = LINE('',#376,#377);
#376 = CARTESIAN_POINT('',(110.,9.,20.));
#377 = VECTOR('',#378,1.);
#378 = DIRECTION('',(0.,1.,0.));
#379 = ORIENTED_EDGE('',*,*,#380,.F.);
#380 = EDGE_CURVE('',#357,#373,#381,.T.);
#381 = LINE('',#382,#383);
#382 = CARTESIAN_POINT('',(90.75,5.,20.));
#383 = VECTOR('',#384,1.);
#384 = DIRECTION('',(1.,0.,0.));
#385 = PLANE('',#386);
#386 = AXIS2_PLACEMENT_3D('',#387,#388,#389);
#387 = CARTESIAN_POINT('',(56.5,29.785494999356,20.));
#388 = DIRECTION('',(0.,0.,1.));
#389 = DIRECTION('',(1.,0.,0.));
#390 = ADVANCED_FACE('',(#391),#409,.T.);
#391 = FACE_BOUND('',#392,.T.);
#392 = EDGE_LOOP('',(#393,#394,#395,#403));
#393 = ORIENTED_EDGE('',*,*,#39,.T.);
#394 = ORIENTED_EDGE('',*,*,#346,.T.);
#395 = ORIENTED_EDGE('',*,*,#396,.F.);
#396 = EDGE_CURVE('',#397,#338,#399,.T.);
#397 = VERTEX_POINT('',#398);
#398 = CARTESIAN_POINT('',(28.417792998516,65.,0.4));
#399 = LINE('',#400,#401);
#400 = CARTESIAN_POINT('',(28.417792998516,65.,0.));
#401 = VECTOR('',#402,1.);
#402 = DIRECTION('',(0.,0.,1.));
#403 = ORIENTED_EDGE('',*,*,#404,.F.);
#404 = EDGE_CURVE('',#40,#397,#405,.T.);
#405 = LINE('',#406,#407);
#406 = CARTESIAN_POINT('',(28.417792998515,66.,0.4));
#407 = VECTOR('',#408,1.);
#408 = DIRECTION('',(0.,-1.,0.));
#409 = PLANE('',#410);
#410 = AXIS2_PLACEMENT_3D('',#411,#412,#413);
#411 = CARTESIAN_POINT('',(28.417792998515,65.5,10.));
#412 = DIRECTION('',(1.,0.,0.));
#413 = DIRECTION('',(0.,0.,1.));
#414 = ADVANCED_FACE('',(#415),#440,.T.);
#415 = FACE_BOUND('',#416,.T.);
#416 = EDGE_LOOP('',(#417,#425,#433,#439));
#417 = ORIENTED_EDGE('',*,*,#418,.T.);
#418 = EDGE_CURVE('',#56,#419,#421,.T.);
#419 = VERTEX_POINT('',#420);
#420 = CARTESIAN_POINT('',(8.25,66.1,14.2));
#421 = LINE('',#422,#423);
#422 = CARTESIAN_POINT('',(8.25,66.,14.2));
#423 = VECTOR('',#424,1.);
#424 = DIRECTION('',(0.,1.,0.));
#425 = ORIENTED_EDGE('',*,*,#426,.T.);
#426 = EDGE_CURVE('',#419,#427,#429,.T.);
#427 = VERTEX_POINT('',#428);
#428 = CARTESIAN_POINT('',(2.25,66.1,14.2));
#429 = LINE('',#430,#431);
#430 = CARTESIAN_POINT('',(8.25,66.1,14.2));
#431 = VECTOR('',#432,1.);
#432 = DIRECTION('',(-1.,0.,0.));
#433 = ORIENTED_EDGE('',*,*,#434,.F.);
#434 = EDGE_CURVE('',#58,#427,#435,.T.);
#435 = LINE('',#436,#437);
#436 = CARTESIAN_POINT('',(2.25,66.,14.2));
#437 = VECTOR('',#438,1.);
#438 = DIRECTION('',(0.,1.,0.));
#439 = ORIENTED_EDGE('',*,*,#55,.F.);
#440 = PLANE('',#441);
#441 = AXIS2_PLACEMENT_3D('',#442,#443,#444);
#442 = CARTESIAN_POINT('',(8.25,66.,14.2));
#443 = DIRECTION('',(0.,0.,1.));
#444 = DIRECTION('',(-1.,0.,0.));
#445 = ADVANCED_FACE('',(#446),#464,.T.);
#446 = FACE_BOUND('',#447,.T.);
#447 = EDGE_LOOP('',(#448,#456,#462,#463));
#448 = ORIENTED_EDGE('',*,*,#449,.T.);
#449 = EDGE_CURVE('',#74,#450,#452,.T.);
#450 = VERTEX_POINT('',#451);
#451 = CARTESIAN_POINT('',(8.25,66.1,5.8));
#452 = LINE('',#453,#454);
#453 = CARTESIAN_POINT('',(8.25,66.,5.8));
#454 = VECTOR('',#455,1.);
#455 = DIRECTION('',(0.,1.,0.));
#456 = ORIENTED_EDGE('',*,*,#457,.T.);
#457 = EDGE_CURVE('',#450,#419,#458,.T.);
#458 = LINE('',#459,#460);
#459 = CARTESIAN_POINT('',(8.25,66.1,5.8));
#460 = VECTOR('',#461,1.);
#461 = DIRECTION('',(0.,2.2E-16,1.));
#462 = ORIENTED_EDGE('',*,*,#418,.F.);
#463 = ORIENTED_EDGE('',*,*,#81,.F.);
#464 = PLANE('',#465);
#465 = AXIS2_PLACEMENT_3D('',#466,#467,#468);
#466 = CARTESIAN_POINT('',(8.25,66.,5.8));
#467 = DIRECTION('',(1.,0.,0.));
#468 = DIRECTION('',(0.,2.2E-16,1.));
#469 = ADVANCED_FACE('',(#470),#488,.T.);
#470 = FACE_BOUND('',#471,.T.);
#471 = EDGE_LOOP('',(#472,#480,#486,#487));
#472 = ORIENTED_EDGE('',*,*,#473,.T.);
#473 = EDGE_CURVE('',#66,#474,#476,.T.);
#474 = VERTEX_POINT('',#475);
#475 = CARTESIAN_POINT('',(2.25,66.1,5.8));
#476 = LINE('',#477,#478);
#477 = CARTESIAN_POINT('',(2.25,66.,5.8));
#478 = VECTOR('',#479,1.);
#479 = DIRECTION('',(0.,1.,0.));
#480 = ORIENTED_EDGE('',*,*,#481,.T.);
#481 = EDGE_CURVE('',#474,#450,#482,.T.);
#482 = LINE('',#483,#484);
#483 = CARTESIAN_POINT('',(2.25,66.1,5.8));
#484 = VECTOR('',#485,1.);
#485 = DIRECTION('',(1.,0.,0.));
#486 = ORIENTED_EDGE('',*,*,#449,.F.);
#487 = ORIENTED_EDGE('',*,*,#73,.F.);
#488 = PLANE('',#489);
#489 = AXIS2_PLACEMENT_3D('',#490,#491,#492);
#490 = CARTESIAN_POINT('',(2.25,66.,5.8));
#491 = DIRECTION('',(0.,0.,-1.));
#492 = DIRECTION('',(1.,0.,0.));
#493 = ADVANCED_FACE('',(#494),#505,.T.);
#494 = FACE_BOUND('',#495,.T.);
#495 = EDGE_LOOP('',(#496,#497,#503,#504));
#496 = ORIENTED_EDGE('',*,*,#434,.T.);
#497 = ORIENTED_EDGE('',*,*,#498,.T.);
#498 = EDGE_CURVE('',#427,#474,#499,.T.);
#499 = LINE('',#500,#501);
#500 = CARTESIAN_POINT('',(2.25,66.1,14.2));
#501 = VECTOR('',#502,1.);
#502 = DIRECTION('',(0.,-2.2E-16,-1.));
#503 = ORIENTED_EDGE('',*,*,#473,.F.);
#504 = ORIENTED_EDGE('',*,*,#65,.F.);
#505 = PLANE('',#506);
#506 = AXIS2_PLACEMENT_3D('',#507,#508,#509);
#507 = CARTESIAN_POINT('',(2.25,66.,14.2));
#508 = DIRECTION('',(-1.,0.,0.));
#509 = DIRECTION('',(-0.,-2.2E-16,-1.));
#510 = ADVANCED_FACE('',(#511),#530,.F.);
#511 = FACE_BOUND('',#512,.F.);
#512 = EDGE_LOOP('',(#513,#522,#528,#529));
#513 = ORIENTED_EDGE('',*,*,#514,.F.);
#514 = EDGE_CURVE('',#515,#515,#517,.T.);
#515 = VERTEX_POINT('',#516);
#516 = CARTESIAN_POINT('',(14.95,63.,10.));
#517 = CIRCLE('',#518,1.7);
#518 = AXIS2_PLACEMENT_3D('',#519,#520,#521);
#519 = CARTESIAN_POINT('',(13.25,63.,10.));
#520 = DIRECTION('',(0.,-1.,2.2E-16));
#521 = DIRECTION('',(1.,0.,0.));
#522 = ORIENTED_EDGE('',*,*,#523,.T.);
#523 = EDGE_CURVE('',#515,#90,#524,.T.);
#524 = LINE('',#525,#526);
#525 = CARTESIAN_POINT('',(14.95,2.22E-15,10.));
#526 = VECTOR('',#527,1.);
#527 = DIRECTION('',(0.,1.,-2.2E-16));
#528 = ORIENTED_EDGE('',*,*,#89,.T.);
#529 = ORIENTED_EDGE('',*,*,#523,.F.);
#530 = CYLINDRICAL_SURFACE('',#531,1.7);
#531 = AXIS2_PLACEMENT_3D('',#532,#533,#534);
#532 = CARTESIAN_POINT('',(13.25,2.22E-15,10.));
#533 = DIRECTION('',(0.,-1.,2.2E-16));
#534 = DIRECTION('',(1.,0.,0.));
#535 = ADVANCED_FACE('',(#536),#561,.T.);
#536 = FACE_BOUND('',#537,.T.);
#537 = EDGE_LOOP('',(#538,#546,#554,#560));
#538 = ORIENTED_EDGE('',*,*,#539,.T.);
#539 = EDGE_CURVE('',#101,#540,#542,.T.);
#540 = VERTEX_POINT('',#541);
#541 = CARTESIAN_POINT('',(24.25,66.1,14.2));
#542 = LINE('',#543,#544);
#543 = CARTESIAN_POINT('',(24.25,66.,14.2));
#544 = VECTOR('',#545,1.);
#545 = DIRECTION('',(0.,1.,0.));
#546 = ORIENTED_EDGE('',*,*,#547,.T.);
#547 = EDGE_CURVE('',#540,#548,#550,.T.);
#548 = VERTEX_POINT('',#549);
#549 = CARTESIAN_POINT('',(18.25,66.1,14.2));
#550 = LINE('',#551,#552);
#551 = CARTESIAN_POINT('',(24.25,66.1,14.2));
#552 = VECTOR('',#553,1.);
#553 = DIRECTION('',(-1.,0.,0.));
#554 = ORIENTED_EDGE('',*,*,#555,.F.);
#555 = EDGE_CURVE('',#103,#548,#556,.T.);
#556 = LINE('',#557,#558);
#557 = CARTESIAN_POINT('',(18.25,66.,14.2));
#558 = VECTOR('',#559,1.);
#559 = DIRECTION('',(0.,1.,0.));
#560 = ORIENTED_EDGE('',*,*,#100,.F.);
#561 = PLANE('',#562);
#562 = AXIS2_PLACEMENT_3D('',#563,#564,#565);
#563 = CARTESIAN_POINT('',(24.25,66.,14.2));
#564 = DIRECTION('',(0.,0.,1.));
#565 = DIRECTION('',(-1.,0.,0.));
#566 = ADVANCED_FACE('',(#567),#585,.T.);
#567 = FACE_BOUND('',#568,.T.);
#568 = EDGE_LOOP('',(#569,#577,#583,#584));
#569 = ORIENTED_EDGE('',*,*,#570,.T.);
#570 = EDGE_CURVE('',#119,#571,#573,.T.);
#571 = VERTEX_POINT('',#572);
#572 = CARTESIAN_POINT('',(24.25,66.1,5.8));
#573 = LINE('',#574,#575);
#574 = CARTESIAN_POINT('',(24.25,66.,5.8));
#575 = VECTOR('',#576,1.);
#576 = DIRECTION('',(0.,1.,0.));
#577 = ORIENTED_EDGE('',*,*,#578,.T.);
#578 = EDGE_CURVE('',#571,#540,#579,.T.);
#579 = LINE('',#580,#581);
#580 = CARTESIAN_POINT('',(24.25,66.1,5.8));
#581 = VECTOR('',#582,1.);
#582 = DIRECTION('',(0.,2.2E-16,1.));
#583 = ORIENTED_EDGE('',*,*,#539,.F.);
#584 = ORIENTED_EDGE('',*,*,#126,.F.);
#585 = PLANE('',#586);
#586 = AXIS2_PLACEMENT_3D('',#587,#588,#589);
#587 = CARTESIAN_POINT('',(24.25,66.,5.8));
#588 = DIRECTION('',(1.,0.,0.));
#589 = DIRECTION('',(0.,2.2E-16,1.));
#590 = ADVANCED_FACE('',(#591),#609,.T.);
#591 = FACE_BOUND('',#592,.T.);
#592 = EDGE_LOOP('',(#593,#601,#607,#608));
#593 = ORIENTED_EDGE('',*,*,#594,.T.);
#594 = EDGE_CURVE('',#111,#595,#597,.T.);
#595 = VERTEX_POINT('',#596);
#596 = CARTESIAN_POINT('',(18.25,66.1,5.8));
#597 = LINE('',#598,#599);
#598 = CARTESIAN_POINT('',(18.25,66.,5.8));
#599 = VECTOR('',#600,1.);
#600 = DIRECTION('',(0.,1.,0.));
#601 = ORIENTED_EDGE('',*,*,#602,.T.);
#602 = EDGE_CURVE('',#595,#571,#603,.T.);
#603 = LINE('',#604,#605);
#604 = CARTESIAN_POINT('',(18.25,66.1,5.8));
#605 = VECTOR('',#606,1.);
#606 = DIRECTION('',(1.,0.,0.));
#607 = ORIENTED_EDGE('',*,*,#570,.F.);
#608 = ORIENTED_EDGE('',*,*,#118,.F.);
#609 = PLANE('',#610);
#610 = AXIS2_PLACEMENT_3D('',#611,#612,#613);
#611 = CARTESIAN_POINT('',(18.25,66.,5.8));
#612 = DIRECTION('',(0.,0.,-1.));
#613 = DIRECTION('',(1.,0.,0.));
#614 = ADVANCED_FACE('',(#615),#626,.T.);
#615 = FACE_BOUND('',#616,.T.);
#616 = EDGE_LOOP('',(#617,#618,#624,#625));
#617 = ORIENTED_EDGE('',*,*,#555,.T.);
#618 = ORIENTED_EDGE('',*,*,#619,.T.);
#619 = EDGE_CURVE('',#548,#595,#620,.T.);
#620 = LINE('',#621,#622);
#621 = CARTESIAN_POINT('',(18.25,66.1,14.2));
#622 = VECTOR('',#623,1.);
#623 = DIRECTION('',(0.,-2.2E-16,-1.));
#624 = ORIENTED_EDGE('',*,*,#594,.F.);
#625 = ORIENTED_EDGE('',*,*,#110,.F.);
#626 = PLANE('',#627);
#627 = AXIS2_PLACEMENT_3D('',#628,#629,#630);
#628 = CARTESIAN_POINT('',(18.25,66.,14.2));
#629 = DIRECTION('',(-1.,0.,0.));
#630 = DIRECTION('',(-0.,-2.2E-16,-1.));
#631 = ADVANCED_FACE('',(#632),#650,.T.);
#632 = FACE_BOUND('',#633,.F.);
#633 = EDGE_LOOP('',(#634,#635,#636,#644));
#634 = ORIENTED_EDGE('',*,*,#187,.F.);
#635 = ORIENTED_EDGE('',*,*,#141,.T.);
#636 = ORIENTED_EDGE('',*,*,#637,.F.);
#637 = EDGE_CURVE('',#638,#142,#640,.T.);
#638 = VERTEX_POINT('',#639);
#639 = CARTESIAN_POINT('',(0.4,4.4,0.));
#640 = LINE('',#641,#642);
#641 = CARTESIAN_POINT('',(10.466666666667,14.466666666667,
    -10.06666666666));
#642 = VECTOR('',#643,1.);
#643 = DIRECTION('',(-0.57735026919,-0.57735026919,0.57735026919));
#644 = ORIENTED_EDGE('',*,*,#645,.F.);
#645 = EDGE_CURVE('',#188,#638,#646,.T.);
#646 = LINE('',#647,#648);
#647 = CARTESIAN_POINT('',(0.4,66.,0.));
#648 = VECTOR('',#649,1.);
#649 = DIRECTION('',(0.,-1.,0.));
#650 = PLANE('',#651);
#651 = AXIS2_PLACEMENT_3D('',#652,#653,#654);
#652 = CARTESIAN_POINT('',(0.2,66.,0.2));
#653 = DIRECTION('',(-0.707106781187,0.,-0.707106781187));
#654 = DIRECTION('',(-0.,1.,0.));
#655 = ADVANCED_FACE('',(#656),#715,.F.);
#656 = FACE_BOUND('',#657,.F.);
#657 = EDGE_LOOP('',(#658,#659,#667,#676,#684,#693,#701,#709));
#658 = ORIENTED_EDGE('',*,*,#149,.F.);
#659 = ORIENTED_EDGE('',*,*,#660,.T.);
#660 = EDGE_CURVE('',#150,#661,#663,.T.);
#661 = VERTEX_POINT('',#662);
#662 = CARTESIAN_POINT('',(11.884475416883,4.,8.987407973119));
#663 = LINE('',#664,#665);
#664 = CARTESIAN_POINT('',(0.,4.,8.987407973119));
#665 = VECTOR('',#666,1.);
#666 = DIRECTION('',(1.,0.,0.));
#667 = ORIENTED_EDGE('',*,*,#668,.T.);
#668 = EDGE_CURVE('',#661,#669,#671,.T.);
#669 = VERTEX_POINT('',#670);
#670 = CARTESIAN_POINT('',(14.615524583117,4.,8.987407973119));
#671 = CIRCLE('',#672,1.7);
#672 = AXIS2_PLACEMENT_3D('',#673,#674,#675);
#673 = CARTESIAN_POINT('',(13.25,4.,10.));
#674 = DIRECTION('',(0.,-1.,2.2E-16));
#675 = DIRECTION('',(1.,0.,0.));
#676 = ORIENTED_EDGE('',*,*,#677,.T.);
#677 = EDGE_CURVE('',#669,#678,#680,.T.);
#678 = VERTEX_POINT('',#679);
#679 = CARTESIAN_POINT('',(98.384475416883,4.,8.987407973119));
#680 = LINE('',#681,#682);
#681 = CARTESIAN_POINT('',(0.,4.,8.987407973119));
#682 = VECTOR('',#683,1.);
#683 = DIRECTION('',(1.,0.,0.));
#684 = ORIENTED_EDGE('',*,*,#685,.T.);
#685 = EDGE_CURVE('',#678,#686,#688,.T.);
#686 = VERTEX_POINT('',#687);
#687 = CARTESIAN_POINT('',(101.11552458311,4.,8.987407973119));
#688 = CIRCLE('',#689,1.7);
#689 = AXIS2_PLACEMENT_3D('',#690,#691,#692);
#690 = CARTESIAN_POINT('',(99.75,4.,10.));
#691 = DIRECTION('',(0.,-1.,2.2E-16));
#692 = DIRECTION('',(1.,0.,0.));
#693 = ORIENTED_EDGE('',*,*,#694,.T.);
#694 = EDGE_CURVE('',#686,#695,#697,.T.);
#695 = VERTEX_POINT('',#696);
#696 = CARTESIAN_POINT('',(113.,4.,8.987407973119));
#697 = LINE('',#698,#699);
#698 = CARTESIAN_POINT('',(0.,4.,8.987407973119));
#699 = VECTOR('',#700,1.);
#700 = DIRECTION('',(1.,0.,0.));
#701 = ORIENTED_EDGE('',*,*,#702,.F.);
#702 = EDGE_CURVE('',#703,#695,#705,.T.);
#703 = VERTEX_POINT('',#704);
#704 = CARTESIAN_POINT('',(113.,4.,0.4));
#705 = LINE('',#706,#707);
#706 = CARTESIAN_POINT('',(113.,4.,9.49370398656));
#707 = VECTOR('',#708,1.);
#708 = DIRECTION('',(0.,0.,1.));
#709 = ORIENTED_EDGE('',*,*,#710,.F.);
#710 = EDGE_CURVE('',#142,#703,#711,.T.);
#711 = LINE('',#712,#713);
#712 = CARTESIAN_POINT('',(0.,4.,0.4));
#713 = VECTOR('',#714,1.);
#714 = DIRECTION('',(1.,0.,0.));
#715 = PLANE('',#716);
#716 = AXIS2_PLACEMENT_3D('',#717,#718,#719);
#717 = CARTESIAN_POINT('',(0.,4.,8.987407973119));
#718 = DIRECTION('',(0.,1.,0.));
#719 = DIRECTION('',(0.,0.,-1.));
#720 = ADVANCED_FACE('',(#721),#739,.T.);
#721 = FACE_BOUND('',#722,.T.);
#722 = EDGE_LOOP('',(#723,#724,#732,#738));
#723 = ORIENTED_EDGE('',*,*,#165,.F.);
#724 = ORIENTED_EDGE('',*,*,#725,.T.);
#725 = EDGE_CURVE('',#158,#726,#728,.T.);
#726 = VERTEX_POINT('',#727);
#727 = CARTESIAN_POINT('',(113.,0.,14.7));
#728 = LINE('',#729,#730);
#729 = CARTESIAN_POINT('',(0.,0.,14.7));
#730 = VECTOR('',#731,1.);
#731 = DIRECTION('',(1.,0.,0.));
#732 = ORIENTED_EDGE('',*,*,#733,.T.);
#733 = EDGE_CURVE('',#726,#255,#734,.T.);
#734 = LINE('',#735,#736);
#735 = CARTESIAN_POINT('',(113.,0.,0.));
#736 = VECTOR('',#737,1.);
#737 = DIRECTION('',(0.,0.,1.));
#738 = ORIENTED_EDGE('',*,*,#254,.F.);
#739 = PLANE('',#740);
#740 = AXIS2_PLACEMENT_3D('',#741,#742,#743);
#741 = CARTESIAN_POINT('',(56.5,0.,10.));
#742 = DIRECTION('',(-0.,-1.,-0.));
#743 = DIRECTION('',(0.,0.,-1.));
#744 = ADVANCED_FACE('',(#745),#790,.F.);
#745 = FACE_BOUND('',#746,.F.);
#746 = EDGE_LOOP('',(#747,#748,#749,#755,#756,#765,#772,#773,#782,#789)
  );
#747 = ORIENTED_EDGE('',*,*,#157,.F.);
#748 = ORIENTED_EDGE('',*,*,#725,.T.);
#749 = ORIENTED_EDGE('',*,*,#750,.F.);
#750 = EDGE_CURVE('',#695,#726,#751,.T.);
#751 = LINE('',#752,#753);
#752 = CARTESIAN_POINT('',(113.,6.532472647104,5.370662210084));
#753 = VECTOR('',#754,1.);
#754 = DIRECTION('',(0.,-0.573576436357,0.819152044285));
#755 = ORIENTED_EDGE('',*,*,#694,.F.);
#756 = ORIENTED_EDGE('',*,*,#757,.F.);
#757 = EDGE_CURVE('',#758,#686,#760,.T.);
#758 = VERTEX_POINT('',#759);
#759 = CARTESIAN_POINT('',(101.45,3.290975429636,10.));
#760 = ELLIPSE('',#761,2.075316800905,1.7);
#761 = AXIS2_PLACEMENT_3D('',#762,#763,#764);
#762 = CARTESIAN_POINT('',(99.75,3.290975429636,10.));
#763 = DIRECTION('',(-0.,0.819152044285,0.573576436357));
#764 = DIRECTION('',(0.,-0.573576436357,0.819152044285));
#765 = ORIENTED_EDGE('',*,*,#766,.F.);
#766 = EDGE_CURVE('',#678,#758,#767,.T.);
#767 = ELLIPSE('',#768,2.075316800905,1.7);
#768 = AXIS2_PLACEMENT_3D('',#769,#770,#771);
#769 = CARTESIAN_POINT('',(99.75,3.290975429636,10.));
#770 = DIRECTION('',(-0.,0.819152044285,0.573576436357));
#771 = DIRECTION('',(0.,-0.573576436357,0.819152044285));
#772 = ORIENTED_EDGE('',*,*,#677,.F.);
#773 = ORIENTED_EDGE('',*,*,#774,.F.);
#774 = EDGE_CURVE('',#775,#669,#777,.T.);
#775 = VERTEX_POINT('',#776);
#776 = CARTESIAN_POINT('',(14.95,3.290975429636,10.));
#777 = ELLIPSE('',#778,2.075316800905,1.7);
#778 = AXIS2_PLACEMENT_3D('',#779,#780,#781);
#779 = CARTESIAN_POINT('',(13.25,3.290975429636,10.));
#780 = DIRECTION('',(-0.,0.819152044285,0.573576436357));
#781 = DIRECTION('',(0.,-0.573576436357,0.819152044285));
#782 = ORIENTED_EDGE('',*,*,#783,.F.);
#783 = EDGE_CURVE('',#661,#775,#784,.T.);
#784 = ELLIPSE('',#785,2.075316800905,1.7);
#785 = AXIS2_PLACEMENT_3D('',#786,#787,#788);
#786 = CARTESIAN_POINT('',(13.25,3.290975429636,10.));
#787 = DIRECTION('',(-0.,0.819152044285,0.573576436357));
#788 = DIRECTION('',(0.,-0.573576436357,0.819152044285));
#789 = ORIENTED_EDGE('',*,*,#660,.F.);
#790 = PLANE('',#791);
#791 = AXIS2_PLACEMENT_3D('',#792,#793,#794);
#792 = CARTESIAN_POINT('',(0.,0.,14.7));
#793 = DIRECTION('',(0.,0.819152044285,0.573576436357));
#794 = DIRECTION('',(0.,0.573576436357,-0.819152044285));
#795 = ADVANCED_FACE('',(#796,#898,#934,#970,#1006,#1042,#1078,#1114,
    #1150,#1186,#1197,#1208,#1219),#1230,.T.);
#796 = FACE_BOUND('',#797,.T.);
#797 = EDGE_LOOP('',(#798,#809,#817,#826,#834,#843,#851,#860,#868,#876,
    #884,#890,#891,#892));
#798 = ORIENTED_EDGE('',*,*,#799,.T.);
#799 = EDGE_CURVE('',#800,#802,#804,.T.);
#800 = VERTEX_POINT('',#801);
#801 = CARTESIAN_POINT('',(28.017792998516,65.199352132481,-1.E-15));
#802 = VERTEX_POINT('',#803);
#803 = CARTESIAN_POINT('',(25.85,60.75,-1.E-15));
#804 = CIRCLE('',#805,5.65);
#805 = AXIS2_PLACEMENT_3D('',#806,#807,#808);
#806 = CARTESIAN_POINT('',(31.5,60.75,0.));
#807 = DIRECTION('',(0.,0.,1.));
#808 = DIRECTION('',(-0.587087047902,0.809523809524,0.));
#809 = ORIENTED_EDGE('',*,*,#810,.T.);
#810 = EDGE_CURVE('',#802,#811,#813,.T.);
#811 = VERTEX_POINT('',#812);
#812 = CARTESIAN_POINT('',(25.85,10.75,0.));
#813 = LINE('',#814,#815);
#814 = CARTESIAN_POINT('',(25.85,60.75,0.));
#815 = VECTOR('',#816,1.);
#816 = DIRECTION('',(0.,-1.,0.));
#817 = ORIENTED_EDGE('',*,*,#818,.T.);
#818 = EDGE_CURVE('',#811,#819,#821,.T.);
#819 = VERTEX_POINT('',#820);
#820 = CARTESIAN_POINT('',(31.5,5.1,-1.E-15));
#821 = CIRCLE('',#822,5.65);
#822 = AXIS2_PLACEMENT_3D('',#823,#824,#825);
#823 = CARTESIAN_POINT('',(31.5,10.75,0.));
#824 = DIRECTION('',(0.,0.,1.));
#825 = DIRECTION('',(-1.,0.,0.));
#826 = ORIENTED_EDGE('',*,*,#827,.T.);
#827 = EDGE_CURVE('',#819,#828,#830,.T.);
#828 = VERTEX_POINT('',#829);
#829 = CARTESIAN_POINT('',(81.5,5.1,0.));
#830 = LINE('',#831,#832);
#831 = CARTESIAN_POINT('',(31.5,5.1,0.));
#832 = VECTOR('',#833,1.);
#833 = DIRECTION('',(1.,0.,0.));
#834 = ORIENTED_EDGE('',*,*,#835,.T.);
#835 = EDGE_CURVE('',#828,#836,#838,.T.);
#836 = VERTEX_POINT('',#837);
#837 = CARTESIAN_POINT('',(87.15,10.75,3.E-15));
#838 = CIRCLE('',#839,5.65);
#839 = AXIS2_PLACEMENT_3D('',#840,#841,#842);
#840 = CARTESIAN_POINT('',(81.5,10.75,0.));
#841 = DIRECTION('',(-0.,0.,1.));
#842 = DIRECTION('',(0.,-1.,0.));
#843 = ORIENTED_EDGE('',*,*,#844,.T.);
#844 = EDGE_CURVE('',#836,#845,#847,.T.);
#845 = VERTEX_POINT('',#846);
#846 = CARTESIAN_POINT('',(87.15,60.75,-3.E-15));
#847 = LINE('',#848,#849);
#848 = CARTESIAN_POINT('',(87.15,10.75,0.));
#849 = VECTOR('',#850,1.);
#850 = DIRECTION('',(0.,1.,0.));
#851 = ORIENTED_EDGE('',*,*,#852,.T.);
#852 = EDGE_CURVE('',#845,#853,#855,.T.);
#853 = VERTEX_POINT('',#854);
#854 = CARTESIAN_POINT('',(84.982207001485,65.199352132481,3.E-15));
#855 = CIRCLE('',#856,5.65);
#856 = AXIS2_PLACEMENT_3D('',#857,#858,#859);
#857 = CARTESIAN_POINT('',(81.5,60.75,0.));
#858 = DIRECTION('',(0.,0.,1.));
#859 = DIRECTION('',(1.,0.,-0.));
#860 = ORIENTED_EDGE('',*,*,#861,.F.);
#861 = EDGE_CURVE('',#862,#853,#864,.T.);
#862 = VERTEX_POINT('',#863);
#863 = CARTESIAN_POINT('',(84.982207001485,65.6,2.E-15));
#864 = LINE('',#865,#866);
#865 = CARTESIAN_POINT('',(84.982207001485,66.,0.));
#866 = VECTOR('',#867,1.);
#867 = DIRECTION('',(0.,-1.,0.));
#868 = ORIENTED_EDGE('',*,*,#869,.F.);
#869 = EDGE_CURVE('',#870,#862,#872,.T.);
#870 = VERTEX_POINT('',#871);
#871 = CARTESIAN_POINT('',(112.6,65.6,2.E-15));
#872 = LINE('',#873,#874);
#873 = CARTESIAN_POINT('',(113.,65.6,0.));
#874 = VECTOR('',#875,1.);
#875 = DIRECTION('',(-1.,0.,0.));
#876 = ORIENTED_EDGE('',*,*,#877,.F.);
#877 = EDGE_CURVE('',#878,#870,#880,.T.);
#878 = VERTEX_POINT('',#879);
#879 = CARTESIAN_POINT('',(112.6,4.4,2.E-15));
#880 = LINE('',#881,#882);
#881 = CARTESIAN_POINT('',(112.6,4.,0.));
#882 = VECTOR('',#883,1.);
#883 = DIRECTION('',(0.,1.,0.));
#884 = ORIENTED_EDGE('',*,*,#885,.F.);
#885 = EDGE_CURVE('',#638,#878,#886,.T.);
#886 = LINE('',#887,#888);
#887 = CARTESIAN_POINT('',(0.,4.4,0.));
#888 = VECTOR('',#889,1.);
#889 = DIRECTION('',(1.,0.,0.));
#890 = ORIENTED_EDGE('',*,*,#645,.F.);
#891 = ORIENTED_EDGE('',*,*,#204,.T.);
#892 = ORIENTED_EDGE('',*,*,#893,.T.);
#893 = EDGE_CURVE('',#197,#800,#894,.T.);
#894 = LINE('',#895,#896);
#895 = CARTESIAN_POINT('',(28.017792998515,66.,0.));
#896 = VECTOR('',#897,1.);
#897 = DIRECTION('',(0.,-1.,0.));
#898 = FACE_BOUND('',#899,.T.);
#899 = EDGE_LOOP('',(#900,#910,#919,#927));
#900 = ORIENTED_EDGE('',*,*,#901,.F.);
#901 = EDGE_CURVE('',#902,#904,#906,.T.);
#902 = VERTEX_POINT('',#903);
#903 = CARTESIAN_POINT('',(104.375,23.,0.));
#904 = VERTEX_POINT('',#905);
#905 = CARTESIAN_POINT('',(104.375,13.,0.));
#906 = LINE('',#907,#908);
#907 = CARTESIAN_POINT('',(104.375,23.,0.));
#908 = VECTOR('',#909,1.);
#909 = DIRECTION('',(0.,-1.,0.));
#910 = ORIENTED_EDGE('',*,*,#911,.T.);
#911 = EDGE_CURVE('',#902,#912,#914,.T.);
#912 = VERTEX_POINT('',#913);
#913 = CARTESIAN_POINT('',(101.375,23.,0.));
#914 = CIRCLE('',#915,1.5);
#915 = AXIS2_PLACEMENT_3D('',#916,#917,#918);
#916 = CARTESIAN_POINT('',(102.875,23.,0.));
#917 = DIRECTION('',(0.,0.,1.));
#918 = DIRECTION('',(1.,0.,0.));
#919 = ORIENTED_EDGE('',*,*,#920,.T.);
#920 = EDGE_CURVE('',#912,#921,#923,.T.);
#921 = VERTEX_POINT('',#922);
#922 = CARTESIAN_POINT('',(101.375,13.,0.));
#923 = LINE('',#924,#925);
#924 = CARTESIAN_POINT('',(101.375,23.,0.));
#925 = VECTOR('',#926,1.);
#926 = DIRECTION('',(0.,-1.,0.));
#927 = ORIENTED_EDGE('',*,*,#928,.T.);
#928 = EDGE_CURVE('',#921,#904,#929,.T.);
#929 = CIRCLE('',#930,1.5);
#930 = AXIS2_PLACEMENT_3D('',#931,#932,#933);
#931 = CARTESIAN_POINT('',(102.875,13.,0.));
#932 = DIRECTION('',(0.,0.,1.));
#933 = DIRECTION('',(1.,0.,0.));
#934 = FACE_BOUND('',#935,.T.);
#935 = EDGE_LOOP('',(#936,#946,#955,#963));
#936 = ORIENTED_EDGE('',*,*,#937,.F.);
#937 = EDGE_CURVE('',#938,#940,#942,.T.);
#938 = VERTEX_POINT('',#939);
#939 = CARTESIAN_POINT('',(98.375,39.,0.));
#940 = VERTEX_POINT('',#941);
#941 = CARTESIAN_POINT('',(98.375,13.,0.));
#942 = LINE('',#943,#944);
#943 = CARTESIAN_POINT('',(98.375,39.,0.));
#944 = VECTOR('',#945,1.);
#945 = DIRECTION('',(0.,-1.,0.));
#946 = ORIENTED_EDGE('',*,*,#947,.T.);
#947 = EDGE_CURVE('',#938,#948,#950,.T.);
#948 = VERTEX_POINT('',#949);
#949 = CARTESIAN_POINT('',(95.375,39.,0.));
#950 = CIRCLE('',#951,1.5);
#951 = AXIS2_PLACEMENT_3D('',#952,#953,#954);
#952 = CARTESIAN_POINT('',(96.875,39.,0.));
#953 = DIRECTION('',(0.,0.,1.));
#954 = DIRECTION('',(1.,0.,0.));
#955 = ORIENTED_EDGE('',*,*,#956,.T.);
#956 = EDGE_CURVE('',#948,#957,#959,.T.);
#957 = VERTEX_POINT('',#958);
#958 = CARTESIAN_POINT('',(95.375,13.,0.));
#959 = LINE('',#960,#961);
#960 = CARTESIAN_POINT('',(95.375,39.,0.));
#961 = VECTOR('',#962,1.);
#962 = DIRECTION('',(0.,-1.,0.));
#963 = ORIENTED_EDGE('',*,*,#964,.T.);
#964 = EDGE_CURVE('',#957,#940,#965,.T.);
#965 = CIRCLE('',#966,1.5);
#966 = AXIS2_PLACEMENT_3D('',#967,#968,#969);
#967 = CARTESIAN_POINT('',(96.875,13.,0.));
#968 = DIRECTION('',(0.,0.,1.));
#969 = DIRECTION('',(1.,0.,0.));
#970 = FACE_BOUND('',#971,.T.);
#971 = EDGE_LOOP('',(#972,#982,#991,#999));
#972 = ORIENTED_EDGE('',*,*,#973,.F.);
#973 = EDGE_CURVE('',#974,#976,#978,.T.);
#974 = VERTEX_POINT('',#975);
#975 = CARTESIAN_POINT('',(11.625,23.,0.));
#976 = VERTEX_POINT('',#977);
#977 = CARTESIAN_POINT('',(11.625,13.,0.));
#978 = LINE('',#979,#980);
#979 = CARTESIAN_POINT('',(11.625,23.,0.));
#980 = VECTOR('',#981,1.);
#981 = DIRECTION('',(0.,-1.,0.));
#982 = ORIENTED_EDGE('',*,*,#983,.T.);
#983 = EDGE_CURVE('',#974,#984,#986,.T.);
#984 = VERTEX_POINT('',#985);
#985 = CARTESIAN_POINT('',(8.625,23.,0.));
#986 = CIRCLE('',#987,1.5);
#987 = AXIS2_PLACEMENT_3D('',#988,#989,#990);
#988 = CARTESIAN_POINT('',(10.125,23.,0.));
#989 = DIRECTION('',(0.,0.,1.));
#990 = DIRECTION('',(1.,0.,0.));
#991 = ORIENTED_EDGE('',*,*,#992,.T.);
#992 = EDGE_CURVE('',#984,#993,#995,.T.);
#993 = VERTEX_POINT('',#994);
#994 = CARTESIAN_POINT('',(8.625,13.,0.));
#995 = LINE('',#996,#997);
#996 = CARTESIAN_POINT('',(8.625,23.,0.));
#997 = VECTOR('',#998,1.);
#998 = DIRECTION('',(0.,-1.,0.));
#999 = ORIENTED_EDGE('',*,*,#1000,.T.);
#1000 = EDGE_CURVE('',#993,#976,#1001,.T.);
#1001 = CIRCLE('',#1002,1.5);
#1002 = AXIS2_PLACEMENT_3D('',#1003,#1004,#1005);
#1003 = CARTESIAN_POINT('',(10.125,13.,0.));
#1004 = DIRECTION('',(0.,0.,1.));
#1005 = DIRECTION('',(1.,0.,0.));
#1006 = FACE_BOUND('',#1007,.T.);
#1007 = EDGE_LOOP('',(#1008,#1018,#1027,#1035));
#1008 = ORIENTED_EDGE('',*,*,#1009,.F.);
#1009 = EDGE_CURVE('',#1010,#1012,#1014,.T.);
#1010 = VERTEX_POINT('',#1011);
#1011 = CARTESIAN_POINT('',(17.625,39.,0.));
#1012 = VERTEX_POINT('',#1013);
#1013 = CARTESIAN_POINT('',(17.625,13.,0.));
#1014 = LINE('',#1015,#1016);
#1015 = CARTESIAN_POINT('',(17.625,39.,0.));
#1016 = VECTOR('',#1017,1.);
#1017 = DIRECTION('',(0.,-1.,0.));
#1018 = ORIENTED_EDGE('',*,*,#1019,.T.);
#1019 = EDGE_CURVE('',#1010,#1020,#1022,.T.);
#1020 = VERTEX_POINT('',#1021);
#1021 = CARTESIAN_POINT('',(14.625,39.,0.));
#1022 = CIRCLE('',#1023,1.5);
#1023 = AXIS2_PLACEMENT_3D('',#1024,#1025,#1026);
#1024 = CARTESIAN_POINT('',(16.125,39.,0.));
#1025 = DIRECTION('',(0.,0.,1.));
#1026 = DIRECTION('',(1.,0.,0.));
#1027 = ORIENTED_EDGE('',*,*,#1028,.T.);
#1028 = EDGE_CURVE('',#1020,#1029,#1031,.T.);
#1029 = VERTEX_POINT('',#1030);
#1030 = CARTESIAN_POINT('',(14.625,13.,0.));
#1031 = LINE('',#1032,#1033);
#1032 = CARTESIAN_POINT('',(14.625,39.,0.));
#1033 = VECTOR('',#1034,1.);
#1034 = DIRECTION('',(0.,-1.,0.));
#1035 = ORIENTED_EDGE('',*,*,#1036,.T.);
#1036 = EDGE_CURVE('',#1029,#1012,#1037,.T.);
#1037 = CIRCLE('',#1038,1.5);
#1038 = AXIS2_PLACEMENT_3D('',#1039,#1040,#1041);
#1039 = CARTESIAN_POINT('',(16.125,13.,0.));
#1040 = DIRECTION('',(0.,0.,1.));
#1041 = DIRECTION('',(1.,0.,0.));
#1042 = FACE_BOUND('',#1043,.T.);
#1043 = EDGE_LOOP('',(#1044,#1054,#1063,#1071));
#1044 = ORIENTED_EDGE('',*,*,#1045,.F.);
#1045 = EDGE_CURVE('',#1046,#1048,#1050,.T.);
#1046 = VERTEX_POINT('',#1047);
#1047 = CARTESIAN_POINT('',(104.375,57.,0.));
#1048 = VERTEX_POINT('',#1049);
#1049 = CARTESIAN_POINT('',(104.375,31.,0.));
#1050 = LINE('',#1051,#1052);
#1051 = CARTESIAN_POINT('',(104.375,57.,0.));
#1052 = VECTOR('',#1053,1.);
#1053 = DIRECTION('',(0.,-1.,0.));
#1054 = ORIENTED_EDGE('',*,*,#1055,.T.);
#1055 = EDGE_CURVE('',#1046,#1056,#1058,.T.);
#1056 = VERTEX_POINT('',#1057);
#1057 = CARTESIAN_POINT('',(101.375,57.,0.));
#1058 = CIRCLE('',#1059,1.5);
#1059 = AXIS2_PLACEMENT_3D('',#1060,#1061,#1062);
#1060 = CARTESIAN_POINT('',(102.875,57.,0.));
#1061 = DIRECTION('',(0.,0.,1.));
#1062 = DIRECTION('',(1.,0.,0.));
#1063 = ORIENTED_EDGE('',*,*,#1064,.T.);
#1064 = EDGE_CURVE('',#1056,#1065,#1067,.T.);
#1065 = VERTEX_POINT('',#1066);
#1066 = CARTESIAN_POINT('',(101.375,31.,0.));
#1067 = LINE('',#1068,#1069);
#1068 = CARTESIAN_POINT('',(101.375,57.,0.));
#1069 = VECTOR('',#1070,1.);
#1070 = DIRECTION('',(0.,-1.,0.));
#1071 = ORIENTED_EDGE('',*,*,#1072,.T.);
#1072 = EDGE_CURVE('',#1065,#1048,#1073,.T.);
#1073 = CIRCLE('',#1074,1.5);
#1074 = AXIS2_PLACEMENT_3D('',#1075,#1076,#1077);
#1075 = CARTESIAN_POINT('',(102.875,31.,0.));
#1076 = DIRECTION('',(0.,0.,1.));
#1077 = DIRECTION('',(1.,0.,0.));
#1078 = FACE_BOUND('',#1079,.T.);
#1079 = EDGE_LOOP('',(#1080,#1090,#1099,#1107));
#1080 = ORIENTED_EDGE('',*,*,#1081,.F.);
#1081 = EDGE_CURVE('',#1082,#1084,#1086,.T.);
#1082 = VERTEX_POINT('',#1083);
#1083 = CARTESIAN_POINT('',(98.375,57.,0.));
#1084 = VERTEX_POINT('',#1085);
#1085 = CARTESIAN_POINT('',(98.375,47.,0.));
#1086 = LINE('',#1087,#1088);
#1087 = CARTESIAN_POINT('',(98.375,57.,0.));
#1088 = VECTOR('',#1089,1.);
#1089 = DIRECTION('',(0.,-1.,0.));
#1090 = ORIENTED_EDGE('',*,*,#1091,.T.);
#1091 = EDGE_CURVE('',#1082,#1092,#1094,.T.);
#1092 = VERTEX_POINT('',#1093);
#1093 = CARTESIAN_POINT('',(95.375,57.,0.));
#1094 = CIRCLE('',#1095,1.5);
#1095 = AXIS2_PLACEMENT_3D('',#1096,#1097,#1098);
#1096 = CARTESIAN_POINT('',(96.875,57.,0.));
#1097 = DIRECTION('',(0.,0.,1.));
#1098 = DIRECTION('',(1.,0.,0.));
#1099 = ORIENTED_EDGE('',*,*,#1100,.T.);
#1100 = EDGE_CURVE('',#1092,#1101,#1103,.T.);
#1101 = VERTEX_POINT('',#1102);
#1102 = CARTESIAN_POINT('',(95.375,47.,0.));
#1103 = LINE('',#1104,#1105);
#1104 = CARTESIAN_POINT('',(95.375,57.,0.));
#1105 = VECTOR('',#1106,1.);
#1106 = DIRECTION('',(0.,-1.,0.));
#1107 = ORIENTED_EDGE('',*,*,#1108,.T.);
#1108 = EDGE_CURVE('',#1101,#1084,#1109,.T.);
#1109 = CIRCLE('',#1110,1.5);
#1110 = AXIS2_PLACEMENT_3D('',#1111,#1112,#1113);
#1111 = CARTESIAN_POINT('',(96.875,47.,0.));
#1112 = DIRECTION('',(0.,0.,1.));
#1113 = DIRECTION('',(1.,0.,0.));
#1114 = FACE_BOUND('',#1115,.T.);
#1115 = EDGE_LOOP('',(#1116,#1126,#1135,#1143));
#1116 = ORIENTED_EDGE('',*,*,#1117,.F.);
#1117 = EDGE_CURVE('',#1118,#1120,#1122,.T.);
#1118 = VERTEX_POINT('',#1119);
#1119 = CARTESIAN_POINT('',(11.625,57.,0.));
#1120 = VERTEX_POINT('',#1121);
#1121 = CARTESIAN_POINT('',(11.625,31.,0.));
#1122 = LINE('',#1123,#1124);
#1123 = CARTESIAN_POINT('',(11.625,57.,0.));
#1124 = VECTOR('',#1125,1.);
#1125 = DIRECTION('',(0.,-1.,0.));
#1126 = ORIENTED_EDGE('',*,*,#1127,.T.);
#1127 = EDGE_CURVE('',#1118,#1128,#1130,.T.);
#1128 = VERTEX_POINT('',#1129);
#1129 = CARTESIAN_POINT('',(8.625,57.,0.));
#1130 = CIRCLE('',#1131,1.5);
#1131 = AXIS2_PLACEMENT_3D('',#1132,#1133,#1134);
#1132 = CARTESIAN_POINT('',(10.125,57.,0.));
#1133 = DIRECTION('',(0.,0.,1.));
#1134 = DIRECTION('',(1.,0.,0.));
#1135 = ORIENTED_EDGE('',*,*,#1136,.T.);
#1136 = EDGE_CURVE('',#1128,#1137,#1139,.T.);
#1137 = VERTEX_POINT('',#1138);
#1138 = CARTESIAN_POINT('',(8.625,31.,0.));
#1139 = LINE('',#1140,#1141);
#1140 = CARTESIAN_POINT('',(8.625,57.,0.));
#1141 = VECTOR('',#1142,1.);
#1142 = DIRECTION('',(0.,-1.,0.));
#1143 = ORIENTED_EDGE('',*,*,#1144,.T.);
#1144 = EDGE_CURVE('',#1137,#1120,#1145,.T.);
#1145 = CIRCLE('',#1146,1.5);
#1146 = AXIS2_PLACEMENT_3D('',#1147,#1148,#1149);
#1147 = CARTESIAN_POINT('',(10.125,31.,0.));
#1148 = DIRECTION('',(0.,0.,1.));
#1149 = DIRECTION('',(1.,0.,0.));
#1150 = FACE_BOUND('',#1151,.T.);
#1151 = EDGE_LOOP('',(#1152,#1162,#1171,#1179));
#1152 = ORIENTED_EDGE('',*,*,#1153,.F.);
#1153 = EDGE_CURVE('',#1154,#1156,#1158,.T.);
#1154 = VERTEX_POINT('',#1155);
#1155 = CARTESIAN_POINT('',(17.625,57.,0.));
#1156 = VERTEX_POINT('',#1157);
#1157 = CARTESIAN_POINT('',(17.625,47.,0.));
#1158 = LINE('',#1159,#1160);
#1159 = CARTESIAN_POINT('',(17.625,57.,0.));
#1160 = VECTOR('',#1161,1.);
#1161 = DIRECTION('',(0.,-1.,0.));
#1162 = ORIENTED_EDGE('',*,*,#1163,.T.);
#1163 = EDGE_CURVE('',#1154,#1164,#1166,.T.);
#1164 = VERTEX_POINT('',#1165);
#1165 = CARTESIAN_POINT('',(14.625,57.,0.));
#1166 = CIRCLE('',#1167,1.5);
#1167 = AXIS2_PLACEMENT_3D('',#1168,#1169,#1170);
#1168 = CARTESIAN_POINT('',(16.125,57.,0.));
#1169 = DIRECTION('',(0.,0.,1.));
#1170 = DIRECTION('',(1.,0.,0.));
#1171 = ORIENTED_EDGE('',*,*,#1172,.T.);
#1172 = EDGE_CURVE('',#1164,#1173,#1175,.T.);
#1173 = VERTEX_POINT('',#1174);
#1174 = CARTESIAN_POINT('',(14.625,47.,0.));
#1175 = LINE('',#1176,#1177);
#1176 = CARTESIAN_POINT('',(14.625,57.,0.));
#1177 = VECTOR('',#1178,1.);
#1178 = DIRECTION('',(0.,-1.,0.));
#1179 = ORIENTED_EDGE('',*,*,#1180,.T.);
#1180 = EDGE_CURVE('',#1173,#1156,#1181,.T.);
#1181 = CIRCLE('',#1182,1.5);
#1182 = AXIS2_PLACEMENT_3D('',#1183,#1184,#1185);
#1183 = CARTESIAN_POINT('',(16.125,47.,0.));
#1184 = DIRECTION('',(0.,0.,1.));
#1185 = DIRECTION('',(1.,0.,0.));
#1186 = FACE_BOUND('',#1187,.T.);
#1187 = EDGE_LOOP('',(#1188));
#1188 = ORIENTED_EDGE('',*,*,#1189,.T.);
#1189 = EDGE_CURVE('',#1190,#1190,#1192,.T.);
#1190 = VERTEX_POINT('',#1191);
#1191 = CARTESIAN_POINT('',(93.5,9.,3.E-15));
#1192 = CIRCLE('',#1193,2.75);
#1193 = AXIS2_PLACEMENT_3D('',#1194,#1195,#1196);
#1194 = CARTESIAN_POINT('',(90.75,9.,0.));
#1195 = DIRECTION('',(0.,0.,1.));
#1196 = DIRECTION('',(1.,0.,-0.));
#1197 = FACE_BOUND('',#1198,.T.);
#1198 = EDGE_LOOP('',(#1199));
#1199 = ORIENTED_EDGE('',*,*,#1200,.T.);
#1200 = EDGE_CURVE('',#1201,#1201,#1203,.T.);
#1201 = VERTEX_POINT('',#1202);
#1202 = CARTESIAN_POINT('',(25.,9.,-1.E-15));
#1203 = CIRCLE('',#1204,2.75);
#1204 = AXIS2_PLACEMENT_3D('',#1205,#1206,#1207);
#1205 = CARTESIAN_POINT('',(22.25,9.,0.));
#1206 = DIRECTION('',(0.,0.,1.));
#1207 = DIRECTION('',(1.,0.,-0.));
#1208 = FACE_BOUND('',#1209,.T.);
#1209 = EDGE_LOOP('',(#1210));
#1210 = ORIENTED_EDGE('',*,*,#1211,.T.);
#1211 = EDGE_CURVE('',#1212,#1212,#1214,.T.);
#1212 = VERTEX_POINT('',#1213);
#1213 = CARTESIAN_POINT('',(25.,61.,-1.E-15));
#1214 = CIRCLE('',#1215,2.75);
#1215 = AXIS2_PLACEMENT_3D('',#1216,#1217,#1218);
#1216 = CARTESIAN_POINT('',(22.25,61.,0.));
#1217 = DIRECTION('',(0.,0.,1.));
#1218 = DIRECTION('',(1.,0.,-0.));
#1219 = FACE_BOUND('',#1220,.T.);
#1220 = EDGE_LOOP('',(#1221));
#1221 = ORIENTED_EDGE('',*,*,#1222,.T.);
#1222 = EDGE_CURVE('',#1223,#1223,#1225,.T.);
#1223 = VERTEX_POINT('',#1224);
#1224 = CARTESIAN_POINT('',(93.5,61.,3.E-15));
#1225 = CIRCLE('',#1226,2.75);
#1226 = AXIS2_PLACEMENT_3D('',#1227,#1228,#1229);
#1227 = CARTESIAN_POINT('',(90.75,61.,0.));
#1228 = DIRECTION('',(0.,0.,1.));
#1229 = DIRECTION('',(1.,0.,-0.));
#1230 = PLANE('',#1231);
#1231 = AXIS2_PLACEMENT_3D('',#1232,#1233,#1234);
#1232 = CARTESIAN_POINT('',(56.5,26.7328718699,0.));
#1233 = DIRECTION('',(-0.,-0.,-1.));
#1234 = DIRECTION('',(-1.,0.,0.));
#1235 = ADVANCED_FACE('',(#1236),#1248,.T.);
#1236 = FACE_BOUND('',#1237,.T.);
#1237 = EDGE_LOOP('',(#1238,#1239,#1240,#1247));
#1238 = ORIENTED_EDGE('',*,*,#196,.F.);
#1239 = ORIENTED_EDGE('',*,*,#404,.T.);
#1240 = ORIENTED_EDGE('',*,*,#1241,.T.);
#1241 = EDGE_CURVE('',#397,#800,#1242,.T.);
#1242 = PARABOLA('',#1243,0.76643056473);
#1243 = AXIS2_PLACEMENT_3D('',#1244,#1245,#1246);
#1244 = CARTESIAN_POINT('',(32.583896499258,60.75,4.566103500742));
#1245 = DIRECTION('',(0.707106781187,1.E-17,-0.707106781187));
#1246 = DIRECTION('',(-0.707106781187,-1.E-17,-0.707106781187));
#1247 = ORIENTED_EDGE('',*,*,#893,.F.);
#1248 = PLANE('',#1249);
#1249 = AXIS2_PLACEMENT_3D('',#1250,#1251,#1252);
#1250 = CARTESIAN_POINT('',(28.217792998515,66.,0.2));
#1251 = DIRECTION('',(0.707106781187,1.E-17,-0.707106781187));
#1252 = DIRECTION('',(7.071067811865E-18,-1.,-7.071067811865E-18));
#1253 = ADVANCED_FACE('',(#1254),#1280,.T.);
#1254 = FACE_BOUND('',#1255,.T.);
#1255 = EDGE_LOOP('',(#1256,#1257,#1266,#1274));
#1256 = ORIENTED_EDGE('',*,*,#218,.T.);
#1257 = ORIENTED_EDGE('',*,*,#1258,.T.);
#1258 = EDGE_CURVE('',#221,#1259,#1261,.T.);
#1259 = VERTEX_POINT('',#1260);
#1260 = CARTESIAN_POINT('',(4.,7.645751311065,19.));
#1261 = ELLIPSE('',#1262,5.656854249492,4.);
#1262 = AXIS2_PLACEMENT_3D('',#1263,#1264,#1265);
#1263 = CARTESIAN_POINT('',(7.,5.,16.));
#1264 = DIRECTION('',(-0.707106781187,-0.,-0.707106781187));
#1265 = DIRECTION('',(0.707106781187,0.,-0.707106781187));
#1266 = ORIENTED_EDGE('',*,*,#1267,.F.);
#1267 = EDGE_CURVE('',#1268,#1259,#1270,.T.);
#1268 = VERTEX_POINT('',#1269);
#1269 = CARTESIAN_POINT('',(4.,61.,19.));
#1270 = LINE('',#1271,#1272);
#1271 = CARTESIAN_POINT('',(4.,61.,19.));
#1272 = VECTOR('',#1273,1.);
#1273 = DIRECTION('',(0.,-1.,0.));
#1274 = ORIENTED_EDGE('',*,*,#1275,.F.);
#1275 = EDGE_CURVE('',#219,#1268,#1276,.T.);
#1276 = LINE('',#1277,#1278);
#1277 = CARTESIAN_POINT('',(6.708333333333,58.291666666667,
    16.291666666667));
#1278 = VECTOR('',#1279,1.);
#1279 = DIRECTION('',(0.57735026919,-0.57735026919,-0.57735026919));
#1280 = PLANE('',#1281);
#1281 = AXIS2_PLACEMENT_3D('',#1282,#1283,#1284);
#1282 = CARTESIAN_POINT('',(3.480740838176,33.574993660211,
    19.519259161824));
#1283 = DIRECTION('',(0.707106781187,0.,0.707106781187));
#1284 = DIRECTION('',(-0.707106781187,0.,0.707106781187));
#1285 = ADVANCED_FACE('',(#1286),#1323,.T.);
#1286 = FACE_BOUND('',#1287,.F.);
#1287 = EDGE_LOOP('',(#1288,#1297,#1305,#1314,#1321,#1322));
#1288 = ORIENTED_EDGE('',*,*,#1289,.T.);
#1289 = EDGE_CURVE('',#1259,#1290,#1292,.T.);
#1290 = VERTEX_POINT('',#1291);
#1291 = CARTESIAN_POINT('',(4.,9.,16.));
#1292 = CIRCLE('',#1293,4.);
#1293 = AXIS2_PLACEMENT_3D('',#1294,#1295,#1296);
#1294 = CARTESIAN_POINT('',(4.,5.,16.));
#1295 = DIRECTION('',(-1.,0.,0.));
#1296 = DIRECTION('',(0.,0.,1.));
#1297 = ORIENTED_EDGE('',*,*,#1298,.T.);
#1298 = EDGE_CURVE('',#1290,#1299,#1301,.T.);
#1299 = VERTEX_POINT('',#1300);
#1300 = CARTESIAN_POINT('',(22.25,9.,16.));
#1301 = LINE('',#1302,#1303);
#1302 = CARTESIAN_POINT('',(4.,9.,16.));
#1303 = VECTOR('',#1304,1.);
#1304 = DIRECTION('',(1.,0.,0.));
#1305 = ORIENTED_EDGE('',*,*,#1306,.F.);
#1306 = EDGE_CURVE('',#1307,#1299,#1309,.T.);
#1307 = VERTEX_POINT('',#1308);
#1308 = CARTESIAN_POINT('',(22.25,7.645751311065,19.));
#1309 = CIRCLE('',#1310,4.);
#1310 = AXIS2_PLACEMENT_3D('',#1311,#1312,#1313);
#1311 = CARTESIAN_POINT('',(22.25,5.,16.));
#1312 = DIRECTION('',(-1.,0.,0.));
#1313 = DIRECTION('',(0.,0.,1.));
#1314 = ORIENTED_EDGE('',*,*,#1315,.F.);
#1315 = EDGE_CURVE('',#237,#1307,#1316,.T.);
#1316 = ELLIPSE('',#1317,5.656854249492,4.);
#1317 = AXIS2_PLACEMENT_3D('',#1318,#1319,#1320);
#1318 = CARTESIAN_POINT('',(19.25,5.,16.));
#1319 = DIRECTION('',(-0.707106781187,0.,0.707106781187));
#1320 = DIRECTION('',(0.707106781187,0.,0.707106781187));
#1321 = ORIENTED_EDGE('',*,*,#244,.F.);
#1322 = ORIENTED_EDGE('',*,*,#1258,.T.);
#1323 = CYLINDRICAL_SURFACE('',#1324,4.);
#1324 = AXIS2_PLACEMENT_3D('',#1325,#1326,#1327);
#1325 = CARTESIAN_POINT('',(4.,5.,16.));
#1326 = DIRECTION('',(1.,0.,0.));
#1327 = DIRECTION('',(0.,0.,1.));
#1328 = ADVANCED_FACE('',(#1329),#1347,.T.);
#1329 = FACE_BOUND('',#1330,.T.);
#1330 = EDGE_LOOP('',(#1331,#1339,#1340,#1341));
#1331 = ORIENTED_EDGE('',*,*,#1332,.F.);
#1332 = EDGE_CURVE('',#229,#1333,#1335,.T.);
#1333 = VERTEX_POINT('',#1334);
#1334 = CARTESIAN_POINT('',(22.25,61.,19.));
#1335 = LINE('',#1336,#1337);
#1336 = CARTESIAN_POINT('',(13.916666666667,52.666666666667,
    10.666666666667));
#1337 = VECTOR('',#1338,1.);
#1338 = DIRECTION('',(-0.57735026919,-0.57735026919,-0.57735026919));
#1339 = ORIENTED_EDGE('',*,*,#228,.T.);
#1340 = ORIENTED_EDGE('',*,*,#1275,.T.);
#1341 = ORIENTED_EDGE('',*,*,#1342,.F.);
#1342 = EDGE_CURVE('',#1333,#1268,#1343,.T.);
#1343 = LINE('',#1344,#1345);
#1344 = CARTESIAN_POINT('',(22.25,61.,19.));
#1345 = VECTOR('',#1346,1.);
#1346 = DIRECTION('',(-1.,0.,0.));
#1347 = PLANE('',#1348);
#1348 = AXIS2_PLACEMENT_3D('',#1349,#1350,#1351);
#1349 = CARTESIAN_POINT('',(22.25,61.5,19.5));
#1350 = DIRECTION('',(0.,-0.707106781187,0.707106781187));
#1351 = DIRECTION('',(-1.,0.,0.));
#1352 = ADVANCED_FACE('',(#1353),#1364,.T.);
#1353 = FACE_BOUND('',#1354,.T.);
#1354 = EDGE_LOOP('',(#1355,#1356,#1357,#1358));
#1355 = ORIENTED_EDGE('',*,*,#1315,.F.);
#1356 = ORIENTED_EDGE('',*,*,#236,.T.);
#1357 = ORIENTED_EDGE('',*,*,#1332,.T.);
#1358 = ORIENTED_EDGE('',*,*,#1359,.F.);
#1359 = EDGE_CURVE('',#1307,#1333,#1360,.T.);
#1360 = LINE('',#1361,#1362);
#1361 = CARTESIAN_POINT('',(22.25,5.,19.));
#1362 = VECTOR('',#1363,1.);
#1363 = DIRECTION('',(0.,1.,0.));
#1364 = PLANE('',#1365);
#1365 = AXIS2_PLACEMENT_3D('',#1366,#1367,#1368);
#1366 = CARTESIAN_POINT('',(22.769259161824,33.574993660211,
    19.519259161824));
#1367 = DIRECTION('',(-0.707106781187,0.,0.707106781187));
#1368 = DIRECTION('',(-0.707106781187,0.,-0.707106781187));
#1369 = ADVANCED_FACE('',(#1370),#1390,.T.);
#1370 = FACE_BOUND('',#1371,.T.);
#1371 = EDGE_LOOP('',(#1372,#1380,#1381,#1382,#1383,#1384));
#1372 = ORIENTED_EDGE('',*,*,#1373,.T.);
#1373 = EDGE_CURVE('',#1374,#263,#1376,.T.);
#1374 = VERTEX_POINT('',#1375);
#1375 = CARTESIAN_POINT('',(113.,66.,0.4));
#1376 = LINE('',#1377,#1378);
#1377 = CARTESIAN_POINT('',(113.,66.,0.));
#1378 = VECTOR('',#1379,1.);
#1379 = DIRECTION('',(0.,0.,1.));
#1380 = ORIENTED_EDGE('',*,*,#262,.F.);
#1381 = ORIENTED_EDGE('',*,*,#733,.F.);
#1382 = ORIENTED_EDGE('',*,*,#750,.F.);
#1383 = ORIENTED_EDGE('',*,*,#702,.F.);
#1384 = ORIENTED_EDGE('',*,*,#1385,.T.);
#1385 = EDGE_CURVE('',#703,#1374,#1386,.T.);
#1386 = LINE('',#1387,#1388);
#1387 = CARTESIAN_POINT('',(113.,4.,0.4));
#1388 = VECTOR('',#1389,1.);
#1389 = DIRECTION('',(0.,1.,0.));
#1390 = PLANE('',#1391);
#1391 = AXIS2_PLACEMENT_3D('',#1392,#1393,#1394);
#1392 = CARTESIAN_POINT('',(113.,33.,10.));
#1393 = DIRECTION('',(1.,0.,0.));
#1394 = DIRECTION('',(0.,0.,1.));
#1395 = ADVANCED_FACE('',(#1396,#1414,#1448,#1459),#1493,.T.);
#1396 = FACE_BOUND('',#1397,.T.);
#1397 = EDGE_LOOP('',(#1398,#1399,#1407,#1413));
#1398 = ORIENTED_EDGE('',*,*,#1373,.F.);
#1399 = ORIENTED_EDGE('',*,*,#1400,.T.);
#1400 = EDGE_CURVE('',#1374,#1401,#1403,.T.);
#1401 = VERTEX_POINT('',#1402);
#1402 = CARTESIAN_POINT('',(84.582207001484,66.,0.4));
#1403 = LINE('',#1404,#1405);
#1404 = CARTESIAN_POINT('',(113.,66.,0.4));
#1405 = VECTOR('',#1406,1.);
#1406 = DIRECTION('',(-1.,0.,0.));
#1407 = ORIENTED_EDGE('',*,*,#1408,.T.);
#1408 = EDGE_CURVE('',#1401,#271,#1409,.T.);
#1409 = LINE('',#1410,#1411);
#1410 = CARTESIAN_POINT('',(84.582207001484,66.,0.));
#1411 = VECTOR('',#1412,1.);
#1412 = DIRECTION('',(0.,0.,1.));
#1413 = ORIENTED_EDGE('',*,*,#270,.F.);
#1414 = FACE_BOUND('',#1415,.T.);
#1415 = EDGE_LOOP('',(#1416,#1426,#1434,#1442));
#1416 = ORIENTED_EDGE('',*,*,#1417,.T.);
#1417 = EDGE_CURVE('',#1418,#1420,#1422,.T.);
#1418 = VERTEX_POINT('',#1419);
#1419 = CARTESIAN_POINT('',(94.750000000001,66.,14.2));
#1420 = VERTEX_POINT('',#1421);
#1421 = CARTESIAN_POINT('',(88.750000000001,66.,14.2));
#1422 = LINE('',#1423,#1424);
#1423 = CARTESIAN_POINT('',(94.750000000001,66.,14.2));
#1424 = VECTOR('',#1425,1.);
#1425 = DIRECTION('',(-1.,0.,0.));
#1426 = ORIENTED_EDGE('',*,*,#1427,.T.);
#1427 = EDGE_CURVE('',#1420,#1428,#1430,.T.);
#1428 = VERTEX_POINT('',#1429);
#1429 = CARTESIAN_POINT('',(88.750000000001,66.,5.8));
#1430 = LINE('',#1431,#1432);
#1431 = CARTESIAN_POINT('',(88.750000000001,66.,14.2));
#1432 = VECTOR('',#1433,1.);
#1433 = DIRECTION('',(0.,0.,-1.));
#1434 = ORIENTED_EDGE('',*,*,#1435,.T.);
#1435 = EDGE_CURVE('',#1428,#1436,#1438,.T.);
#1436 = VERTEX_POINT('',#1437);
#1437 = CARTESIAN_POINT('',(94.750000000001,66.,5.8));
#1438 = LINE('',#1439,#1440);
#1439 = CARTESIAN_POINT('',(88.750000000001,66.,5.8));
#1440 = VECTOR('',#1441,1.);
#1441 = DIRECTION('',(1.,0.,0.));
#1442 = ORIENTED_EDGE('',*,*,#1443,.T.);
#1443 = EDGE_CURVE('',#1436,#1418,#1444,.T.);
#1444 = LINE('',#1445,#1446);
#1445 = CARTESIAN_POINT('',(94.750000000001,66.,5.8));
#1446 = VECTOR('',#1447,1.);
#1447 = DIRECTION('',(0.,0.,1.));
#1448 = FACE_BOUND('',#1449,.T.);
#1449 = EDGE_LOOP('',(#1450));
#1450 = ORIENTED_EDGE('',*,*,#1451,.T.);
#1451 = EDGE_CURVE('',#1452,#1452,#1454,.T.);
#1452 = VERTEX_POINT('',#1453);
#1453 = CARTESIAN_POINT('',(101.45,66.,10.));
#1454 = CIRCLE('',#1455,1.7);
#1455 = AXIS2_PLACEMENT_3D('',#1456,#1457,#1458);
#1456 = CARTESIAN_POINT('',(99.75,66.,10.));
#1457 = DIRECTION('',(0.,-1.,2.2E-16));
#1458 = DIRECTION('',(1.,0.,0.));
#1459 = FACE_BOUND('',#1460,.T.);
#1460 = EDGE_LOOP('',(#1461,#1471,#1479,#1487));
#1461 = ORIENTED_EDGE('',*,*,#1462,.T.);
#1462 = EDGE_CURVE('',#1463,#1465,#1467,.T.);
#1463 = VERTEX_POINT('',#1464);
#1464 = CARTESIAN_POINT('',(110.75,66.,14.2));
#1465 = VERTEX_POINT('',#1466);
#1466 = CARTESIAN_POINT('',(104.75,66.,14.2));
#1467 = LINE('',#1468,#1469);
#1468 = CARTESIAN_POINT('',(110.75,66.,14.2));
#1469 = VECTOR('',#1470,1.);
#1470 = DIRECTION('',(-1.,0.,0.));
#1471 = ORIENTED_EDGE('',*,*,#1472,.T.);
#1472 = EDGE_CURVE('',#1465,#1473,#1475,.T.);
#1473 = VERTEX_POINT('',#1474);
#1474 = CARTESIAN_POINT('',(104.75,66.,5.8));
#1475 = LINE('',#1476,#1477);
#1476 = CARTESIAN_POINT('',(104.75,66.,14.2));
#1477 = VECTOR('',#1478,1.);
#1478 = DIRECTION('',(0.,0.,-1.));
#1479 = ORIENTED_EDGE('',*,*,#1480,.T.);
#1480 = EDGE_CURVE('',#1473,#1481,#1483,.T.);
#1481 = VERTEX_POINT('',#1482);
#1482 = CARTESIAN_POINT('',(110.75,66.,5.8));
#1483 = LINE('',#1484,#1485);
#1484 = CARTESIAN_POINT('',(104.75,66.,5.8));
#1485 = VECTOR('',#1486,1.);
#1486 = DIRECTION('',(1.,0.,0.));
#1487 = ORIENTED_EDGE('',*,*,#1488,.T.);
#1488 = EDGE_CURVE('',#1481,#1463,#1489,.T.);
#1489 = LINE('',#1490,#1491);
#1490 = CARTESIAN_POINT('',(110.75,66.,5.8));
#1491 = VECTOR('',#1492,1.);
#1492 = DIRECTION('',(0.,0.,1.));
#1493 = PLANE('',#1494);
#1494 = AXIS2_PLACEMENT_3D('',#1495,#1496,#1497);
#1495 = CARTESIAN_POINT('',(98.791103500742,66.,10.));
#1496 = DIRECTION('',(0.,1.,0.));
#1497 = DIRECTION('',(0.,0.,1.));
#1498 = ADVANCED_FACE('',(#1499),#1517,.T.);
#1499 = FACE_BOUND('',#1500,.T.);
#1500 = EDGE_LOOP('',(#1501,#1502,#1510,#1516));
#1501 = ORIENTED_EDGE('',*,*,#1408,.F.);
#1502 = ORIENTED_EDGE('',*,*,#1503,.T.);
#1503 = EDGE_CURVE('',#1401,#1504,#1506,.T.);
#1504 = VERTEX_POINT('',#1505);
#1505 = CARTESIAN_POINT('',(84.582207001484,65.,0.4));
#1506 = LINE('',#1507,#1508);
#1507 = CARTESIAN_POINT('',(84.582207001485,66.,0.4));
#1508 = VECTOR('',#1509,1.);
#1509 = DIRECTION('',(0.,-1.,0.));
#1510 = ORIENTED_EDGE('',*,*,#1511,.T.);
#1511 = EDGE_CURVE('',#1504,#279,#1512,.T.);
#1512 = LINE('',#1513,#1514);
#1513 = CARTESIAN_POINT('',(84.582207001484,65.,0.));
#1514 = VECTOR('',#1515,1.);
#1515 = DIRECTION('',(0.,0.,1.));
#1516 = ORIENTED_EDGE('',*,*,#278,.F.);
#1517 = PLANE('',#1518);
#1518 = AXIS2_PLACEMENT_3D('',#1519,#1520,#1521);
#1519 = CARTESIAN_POINT('',(84.582207001485,65.5,10.));
#1520 = DIRECTION('',(-1.,-0.,-0.));
#1521 = DIRECTION('',(0.,0.,-1.));
#1522 = ADVANCED_FACE('',(#1523),#1542,.F.);
#1523 = FACE_BOUND('',#1524,.T.);
#1524 = EDGE_LOOP('',(#1525,#1533,#1534,#1535));
#1525 = ORIENTED_EDGE('',*,*,#1526,.T.);
#1526 = EDGE_CURVE('',#1527,#287,#1529,.T.);
#1527 = VERTEX_POINT('',#1528);
#1528 = CARTESIAN_POINT('',(86.75,60.75,0.4));
#1529 = LINE('',#1530,#1531);
#1530 = CARTESIAN_POINT('',(86.75,60.75,0.));
#1531 = VECTOR('',#1532,1.);
#1532 = DIRECTION('',(0.,0.,1.));
#1533 = ORIENTED_EDGE('',*,*,#286,.T.);
#1534 = ORIENTED_EDGE('',*,*,#1511,.F.);
#1535 = ORIENTED_EDGE('',*,*,#1536,.F.);
#1536 = EDGE_CURVE('',#1527,#1504,#1537,.T.);
#1537 = CIRCLE('',#1538,5.25);
#1538 = AXIS2_PLACEMENT_3D('',#1539,#1540,#1541);
#1539 = CARTESIAN_POINT('',(81.5,60.75,0.4));
#1540 = DIRECTION('',(0.,0.,1.));
#1541 = DIRECTION('',(1.,0.,-0.));
#1542 = CYLINDRICAL_SURFACE('',#1543,5.25);
#1543 = AXIS2_PLACEMENT_3D('',#1544,#1545,#1546);
#1544 = CARTESIAN_POINT('',(81.5,60.75,0.));
#1545 = DIRECTION('',(-0.,-0.,-1.));
#1546 = DIRECTION('',(1.,0.,0.));
#1547 = ADVANCED_FACE('',(#1548),#1566,.T.);
#1548 = FACE_BOUND('',#1549,.T.);
#1549 = EDGE_LOOP('',(#1550,#1558,#1559,#1560));
#1550 = ORIENTED_EDGE('',*,*,#1551,.T.);
#1551 = EDGE_CURVE('',#1552,#296,#1554,.T.);
#1552 = VERTEX_POINT('',#1553);
#1553 = CARTESIAN_POINT('',(86.75,10.75,0.4));
#1554 = LINE('',#1555,#1556);
#1555 = CARTESIAN_POINT('',(86.75,10.75,0.));
#1556 = VECTOR('',#1557,1.);
#1557 = DIRECTION('',(0.,0.,1.));
#1558 = ORIENTED_EDGE('',*,*,#295,.F.);
#1559 = ORIENTED_EDGE('',*,*,#1526,.F.);
#1560 = ORIENTED_EDGE('',*,*,#1561,.F.);
#1561 = EDGE_CURVE('',#1552,#1527,#1562,.T.);
#1562 = LINE('',#1563,#1564);
#1563 = CARTESIAN_POINT('',(86.75,10.75,0.4));
#1564 = VECTOR('',#1565,1.);
#1565 = DIRECTION('',(0.,1.,0.));
#1566 = PLANE('',#1567);
#1567 = AXIS2_PLACEMENT_3D('',#1568,#1569,#1570);
#1568 = CARTESIAN_POINT('',(86.75,35.75,10.));
#1569 = DIRECTION('',(-1.,-0.,-0.));
#1570 = DIRECTION('',(0.,0.,-1.));
#1571 = ADVANCED_FACE('',(#1572),#1591,.F.);
#1572 = FACE_BOUND('',#1573,.T.);
#1573 = EDGE_LOOP('',(#1574,#1582,#1583,#1584));
#1574 = ORIENTED_EDGE('',*,*,#1575,.T.);
#1575 = EDGE_CURVE('',#1576,#304,#1578,.T.);
#1576 = VERTEX_POINT('',#1577);
#1577 = CARTESIAN_POINT('',(81.5,5.5,0.4));
#1578 = LINE('',#1579,#1580);
#1579 = CARTESIAN_POINT('',(81.5,5.5,0.));
#1580 = VECTOR('',#1581,1.);
#1581 = DIRECTION('',(0.,0.,1.));
#1582 = ORIENTED_EDGE('',*,*,#303,.T.);
#1583 = ORIENTED_EDGE('',*,*,#1551,.F.);
#1584 = ORIENTED_EDGE('',*,*,#1585,.F.);
#1585 = EDGE_CURVE('',#1576,#1552,#1586,.T.);
#1586 = CIRCLE('',#1587,5.25);
#1587 = AXIS2_PLACEMENT_3D('',#1588,#1589,#1590);
#1588 = CARTESIAN_POINT('',(81.5,10.75,0.4));
#1589 = DIRECTION('',(-0.,0.,1.));
#1590 = DIRECTION('',(0.,-1.,0.));
#1591 = CYLINDRICAL_SURFACE('',#1592,5.25);
#1592 = AXIS2_PLACEMENT_3D('',#1593,#1594,#1595);
#1593 = CARTESIAN_POINT('',(81.5,10.75,0.));
#1594 = DIRECTION('',(-0.,-0.,-1.));
#1595 = DIRECTION('',(1.,0.,0.));
#1596 = ADVANCED_FACE('',(#1597),#1615,.T.);
#1597 = FACE_BOUND('',#1598,.T.);
#1598 = EDGE_LOOP('',(#1599,#1607,#1608,#1609));
#1599 = ORIENTED_EDGE('',*,*,#1600,.T.);
#1600 = EDGE_CURVE('',#1601,#313,#1603,.T.);
#1601 = VERTEX_POINT('',#1602);
#1602 = CARTESIAN_POINT('',(31.5,5.5,0.4));
#1603 = LINE('',#1604,#1605);
#1604 = CARTESIAN_POINT('',(31.5,5.5,0.));
#1605 = VECTOR('',#1606,1.);
#1606 = DIRECTION('',(0.,0.,1.));
#1607 = ORIENTED_EDGE('',*,*,#312,.T.);
#1608 = ORIENTED_EDGE('',*,*,#1575,.F.);
#1609 = ORIENTED_EDGE('',*,*,#1610,.F.);
#1610 = EDGE_CURVE('',#1601,#1576,#1611,.T.);
#1611 = LINE('',#1612,#1613);
#1612 = CARTESIAN_POINT('',(31.5,5.5,0.4));
#1613 = VECTOR('',#1614,1.);
#1614 = DIRECTION('',(1.,0.,0.));
#1615 = PLANE('',#1616);
#1616 = AXIS2_PLACEMENT_3D('',#1617,#1618,#1619);
#1617 = CARTESIAN_POINT('',(56.5,5.5,10.));
#1618 = DIRECTION('',(0.,1.,0.));
#1619 = DIRECTION('',(0.,0.,1.));
#1620 = ADVANCED_FACE('',(#1621),#1640,.F.);
#1621 = FACE_BOUND('',#1622,.T.);
#1622 = EDGE_LOOP('',(#1623,#1631,#1632,#1633));
#1623 = ORIENTED_EDGE('',*,*,#1624,.T.);
#1624 = EDGE_CURVE('',#1625,#321,#1627,.T.);
#1625 = VERTEX_POINT('',#1626);
#1626 = CARTESIAN_POINT('',(26.25,10.75,0.4));
#1627 = LINE('',#1628,#1629);
#1628 = CARTESIAN_POINT('',(26.25,10.75,0.));
#1629 = VECTOR('',#1630,1.);
#1630 = DIRECTION('',(0.,0.,1.));
#1631 = ORIENTED_EDGE('',*,*,#320,.T.);
#1632 = ORIENTED_EDGE('',*,*,#1600,.F.);
#1633 = ORIENTED_EDGE('',*,*,#1634,.F.);
#1634 = EDGE_CURVE('',#1625,#1601,#1635,.T.);
#1635 = CIRCLE('',#1636,5.25);
#1636 = AXIS2_PLACEMENT_3D('',#1637,#1638,#1639);
#1637 = CARTESIAN_POINT('',(31.5,10.75,0.4));
#1638 = DIRECTION('',(0.,0.,1.));
#1639 = DIRECTION('',(-1.,0.,0.));
#1640 = CYLINDRICAL_SURFACE('',#1641,5.25);
#1641 = AXIS2_PLACEMENT_3D('',#1642,#1643,#1644);
#1642 = CARTESIAN_POINT('',(31.5,10.75,0.));
#1643 = DIRECTION('',(-0.,-0.,-1.));
#1644 = DIRECTION('',(1.,0.,0.));
#1645 = ADVANCED_FACE('',(#1646),#1664,.T.);
#1646 = FACE_BOUND('',#1647,.T.);
#1647 = EDGE_LOOP('',(#1648,#1656,#1657,#1658));
#1648 = ORIENTED_EDGE('',*,*,#1649,.T.);
#1649 = EDGE_CURVE('',#1650,#330,#1652,.T.);
#1650 = VERTEX_POINT('',#1651);
#1651 = CARTESIAN_POINT('',(26.25,60.75,0.4));
#1652 = LINE('',#1653,#1654);
#1653 = CARTESIAN_POINT('',(26.25,60.75,0.));
#1654 = VECTOR('',#1655,1.);
#1655 = DIRECTION('',(0.,0.,1.));
#1656 = ORIENTED_EDGE('',*,*,#329,.T.);
#1657 = ORIENTED_EDGE('',*,*,#1624,.F.);
#1658 = ORIENTED_EDGE('',*,*,#1659,.F.);
#1659 = EDGE_CURVE('',#1650,#1625,#1660,.T.);
#1660 = LINE('',#1661,#1662);
#1661 = CARTESIAN_POINT('',(26.25,60.75,0.4));
#1662 = VECTOR('',#1663,1.);
#1663 = DIRECTION('',(0.,-1.,0.));
#1664 = PLANE('',#1665);
#1665 = AXIS2_PLACEMENT_3D('',#1666,#1667,#1668);
#1666 = CARTESIAN_POINT('',(26.25,35.75,10.));
#1667 = DIRECTION('',(1.,0.,0.));
#1668 = DIRECTION('',(0.,0.,1.));
#1669 = ADVANCED_FACE('',(#1670),#1682,.F.);
#1670 = FACE_BOUND('',#1671,.T.);
#1671 = EDGE_LOOP('',(#1672,#1673,#1674,#1675));
#1672 = ORIENTED_EDGE('',*,*,#396,.T.);
#1673 = ORIENTED_EDGE('',*,*,#337,.T.);
#1674 = ORIENTED_EDGE('',*,*,#1649,.F.);
#1675 = ORIENTED_EDGE('',*,*,#1676,.F.);
#1676 = EDGE_CURVE('',#397,#1650,#1677,.T.);
#1677 = CIRCLE('',#1678,5.25);
#1678 = AXIS2_PLACEMENT_3D('',#1679,#1680,#1681);
#1679 = CARTESIAN_POINT('',(31.5,60.75,0.4));
#1680 = DIRECTION('',(0.,0.,1.));
#1681 = DIRECTION('',(-0.587087047902,0.809523809524,0.));
#1682 = CYLINDRICAL_SURFACE('',#1683,5.25);
#1683 = AXIS2_PLACEMENT_3D('',#1684,#1685,#1686);
#1684 = CARTESIAN_POINT('',(31.5,60.75,0.));
#1685 = DIRECTION('',(-0.,-0.,-1.));
#1686 = DIRECTION('',(1.,0.,0.));
#1687 = ADVANCED_FACE('',(#1688),#1714,.T.);
#1688 = FACE_BOUND('',#1689,.T.);
#1689 = EDGE_LOOP('',(#1690,#1691,#1700,#1708));
#1690 = ORIENTED_EDGE('',*,*,#354,.T.);
#1691 = ORIENTED_EDGE('',*,*,#1692,.T.);
#1692 = EDGE_CURVE('',#357,#1693,#1695,.T.);
#1693 = VERTEX_POINT('',#1694);
#1694 = CARTESIAN_POINT('',(90.75,7.645751311065,19.));
#1695 = ELLIPSE('',#1696,5.656854249492,4.);
#1696 = AXIS2_PLACEMENT_3D('',#1697,#1698,#1699);
#1697 = CARTESIAN_POINT('',(93.75,5.,16.));
#1698 = DIRECTION('',(-0.707106781187,-0.,-0.707106781187));
#1699 = DIRECTION('',(0.707106781187,0.,-0.707106781187));
#1700 = ORIENTED_EDGE('',*,*,#1701,.F.);
#1701 = EDGE_CURVE('',#1702,#1693,#1704,.T.);
#1702 = VERTEX_POINT('',#1703);
#1703 = CARTESIAN_POINT('',(90.75,61.,19.));
#1704 = LINE('',#1705,#1706);
#1705 = CARTESIAN_POINT('',(90.75,61.,19.));
#1706 = VECTOR('',#1707,1.);
#1707 = DIRECTION('',(0.,-1.,0.));
#1708 = ORIENTED_EDGE('',*,*,#1709,.F.);
#1709 = EDGE_CURVE('',#355,#1702,#1710,.T.);
#1710 = LINE('',#1711,#1712);
#1711 = CARTESIAN_POINT('',(93.458333333333,58.291666666667,
    16.291666666667));
#1712 = VECTOR('',#1713,1.);
#1713 = DIRECTION('',(0.57735026919,-0.57735026919,-0.57735026919));
#1714 = PLANE('',#1715);
#1715 = AXIS2_PLACEMENT_3D('',#1716,#1717,#1718);
#1716 = CARTESIAN_POINT('',(90.230740838176,33.574993660211,
    19.519259161824));
#1717 = DIRECTION('',(0.707106781187,0.,0.707106781187));
#1718 = DIRECTION('',(-0.707106781187,0.,0.707106781187));
#1719 = ADVANCED_FACE('',(#1720),#1757,.T.);
#1720 = FACE_BOUND('',#1721,.F.);
#1721 = EDGE_LOOP('',(#1722,#1731,#1739,#1748,#1755,#1756));
#1722 = ORIENTED_EDGE('',*,*,#1723,.T.);
#1723 = EDGE_CURVE('',#1693,#1724,#1726,.T.);
#1724 = VERTEX_POINT('',#1725);
#1725 = CARTESIAN_POINT('',(90.75,9.,16.));
#1726 = CIRCLE('',#1727,4.);
#1727 = AXIS2_PLACEMENT_3D('',#1728,#1729,#1730);
#1728 = CARTESIAN_POINT('',(90.75,5.,16.));
#1729 = DIRECTION('',(-1.,0.,0.));
#1730 = DIRECTION('',(0.,0.,1.));
#1731 = ORIENTED_EDGE('',*,*,#1732,.T.);
#1732 = EDGE_CURVE('',#1724,#1733,#1735,.T.);
#1733 = VERTEX_POINT('',#1734);
#1734 = CARTESIAN_POINT('',(109.,9.,16.));
#1735 = LINE('',#1736,#1737);
#1736 = CARTESIAN_POINT('',(90.75,9.,16.));
#1737 = VECTOR('',#1738,1.);
#1738 = DIRECTION('',(1.,0.,0.));
#1739 = ORIENTED_EDGE('',*,*,#1740,.F.);
#1740 = EDGE_CURVE('',#1741,#1733,#1743,.T.);
#1741 = VERTEX_POINT('',#1742);
#1742 = CARTESIAN_POINT('',(109.,7.645751311065,19.));
#1743 = CIRCLE('',#1744,4.);
#1744 = AXIS2_PLACEMENT_3D('',#1745,#1746,#1747);
#1745 = CARTESIAN_POINT('',(109.,5.,16.));
#1746 = DIRECTION('',(-1.,0.,0.));
#1747 = DIRECTION('',(0.,0.,1.));
#1748 = ORIENTED_EDGE('',*,*,#1749,.F.);
#1749 = EDGE_CURVE('',#373,#1741,#1750,.T.);
#1750 = ELLIPSE('',#1751,5.656854249492,4.);
#1751 = AXIS2_PLACEMENT_3D('',#1752,#1753,#1754);
#1752 = CARTESIAN_POINT('',(106.,5.,16.));
#1753 = DIRECTION('',(-0.707106781187,0.,0.707106781187));
#1754 = DIRECTION('',(0.707106781187,0.,0.707106781187));
#1755 = ORIENTED_EDGE('',*,*,#380,.F.);
#1756 = ORIENTED_EDGE('',*,*,#1692,.T.);
#1757 = CYLINDRICAL_SURFACE('',#1758,4.);
#1758 = AXIS2_PLACEMENT_3D('',#1759,#1760,#1761);
#1759 = CARTESIAN_POINT('',(90.75,5.,16.));
#1760 = DIRECTION('',(1.,0.,0.));
#1761 = DIRECTION('',(0.,0.,1.));
#1762 = ADVANCED_FACE('',(#1763),#1781,.T.);
#1763 = FACE_BOUND('',#1764,.T.);
#1764 = EDGE_LOOP('',(#1765,#1773,#1774,#1775));
#1765 = ORIENTED_EDGE('',*,*,#1766,.F.);
#1766 = EDGE_CURVE('',#365,#1767,#1769,.T.);
#1767 = VERTEX_POINT('',#1768);
#1768 = CARTESIAN_POINT('',(109.,61.,19.));
#1769 = LINE('',#1770,#1771);
#1770 = CARTESIAN_POINT('',(100.66666666666,52.666666666667,
    10.666666666667));
#1771 = VECTOR('',#1772,1.);
#1772 = DIRECTION('',(-0.57735026919,-0.57735026919,-0.57735026919));
#1773 = ORIENTED_EDGE('',*,*,#364,.T.);
#1774 = ORIENTED_EDGE('',*,*,#1709,.T.);
#1775 = ORIENTED_EDGE('',*,*,#1776,.F.);
#1776 = EDGE_CURVE('',#1767,#1702,#1777,.T.);
#1777 = LINE('',#1778,#1779);
#1778 = CARTESIAN_POINT('',(109.,61.,19.));
#1779 = VECTOR('',#1780,1.);
#1780 = DIRECTION('',(-1.,0.,0.));
#1781 = PLANE('',#1782);
#1782 = AXIS2_PLACEMENT_3D('',#1783,#1784,#1785);
#1783 = CARTESIAN_POINT('',(109.,61.5,19.5));
#1784 = DIRECTION('',(0.,-0.707106781187,0.707106781187));
#1785 = DIRECTION('',(-1.,0.,0.));
#1786 = ADVANCED_FACE('',(#1787),#1798,.T.);
#1787 = FACE_BOUND('',#1788,.T.);
#1788 = EDGE_LOOP('',(#1789,#1790,#1791,#1792));
#1789 = ORIENTED_EDGE('',*,*,#1749,.F.);
#1790 = ORIENTED_EDGE('',*,*,#372,.T.);
#1791 = ORIENTED_EDGE('',*,*,#1766,.T.);
#1792 = ORIENTED_EDGE('',*,*,#1793,.F.);
#1793 = EDGE_CURVE('',#1741,#1767,#1794,.T.);
#1794 = LINE('',#1795,#1796);
#1795 = CARTESIAN_POINT('',(109.,5.,19.));
#1796 = VECTOR('',#1797,1.);
#1797 = DIRECTION('',(0.,1.,0.));
#1798 = PLANE('',#1799);
#1799 = AXIS2_PLACEMENT_3D('',#1800,#1801,#1802);
#1800 = CARTESIAN_POINT('',(109.51925916182,33.574993660211,
    19.519259161824));
#1801 = DIRECTION('',(-0.707106781187,0.,0.707106781187));
#1802 = DIRECTION('',(-0.707106781187,0.,-0.707106781187));
#1803 = ADVANCED_FACE('',(#1804),#1829,.T.);
#1804 = FACE_BOUND('',#1805,.F.);
#1805 = EDGE_LOOP('',(#1806,#1814,#1815,#1823));
#1806 = ORIENTED_EDGE('',*,*,#1807,.F.);
#1807 = EDGE_CURVE('',#419,#1808,#1810,.T.);
#1808 = VERTEX_POINT('',#1809);
#1809 = CARTESIAN_POINT('',(6.85,67.5,12.8));
#1810 = LINE('',#1811,#1812);
#1811 = CARTESIAN_POINT('',(6.383333333333,67.966666666667,
    12.333333333333));
#1812 = VECTOR('',#1813,1.);
#1813 = DIRECTION('',(-0.57735026919,0.57735026919,-0.57735026919));
#1814 = ORIENTED_EDGE('',*,*,#426,.T.);
#1815 = ORIENTED_EDGE('',*,*,#1816,.T.);
#1816 = EDGE_CURVE('',#427,#1817,#1819,.T.);
#1817 = VERTEX_POINT('',#1818);
#1818 = CARTESIAN_POINT('',(3.65,67.5,12.8));
#1819 = LINE('',#1820,#1821);
#1820 = CARTESIAN_POINT('',(3.716666666667,67.566666666667,
    12.733333333333));
#1821 = VECTOR('',#1822,1.);
#1822 = DIRECTION('',(0.57735026919,0.57735026919,-0.57735026919));
#1823 = ORIENTED_EDGE('',*,*,#1824,.F.);
#1824 = EDGE_CURVE('',#1808,#1817,#1825,.T.);
#1825 = LINE('',#1826,#1827);
#1826 = CARTESIAN_POINT('',(8.25,67.5,12.8));
#1827 = VECTOR('',#1828,1.);
#1828 = DIRECTION('',(-1.,0.,0.));
#1829 = PLANE('',#1830);
#1830 = AXIS2_PLACEMENT_3D('',#1831,#1832,#1833);
#1831 = CARTESIAN_POINT('',(8.25,66.8,13.5));
#1832 = DIRECTION('',(0.,0.707106781187,0.707106781187));
#1833 = DIRECTION('',(1.,0.,0.));
#1834 = ADVANCED_FACE('',(#1835),#1853,.T.);
#1835 = FACE_BOUND('',#1836,.F.);
#1836 = EDGE_LOOP('',(#1837,#1845,#1846,#1847));
#1837 = ORIENTED_EDGE('',*,*,#1838,.F.);
#1838 = EDGE_CURVE('',#450,#1839,#1841,.T.);
#1839 = VERTEX_POINT('',#1840);
#1840 = CARTESIAN_POINT('',(6.85,67.5,7.2));
#1841 = LINE('',#1842,#1843);
#1842 = CARTESIAN_POINT('',(6.783333333333,67.566666666667,
    7.266666666667));
#1843 = VECTOR('',#1844,1.);
#1844 = DIRECTION('',(-0.57735026919,0.57735026919,0.57735026919));
#1845 = ORIENTED_EDGE('',*,*,#457,.T.);
#1846 = ORIENTED_EDGE('',*,*,#1807,.T.);
#1847 = ORIENTED_EDGE('',*,*,#1848,.F.);
#1848 = EDGE_CURVE('',#1839,#1808,#1849,.T.);
#1849 = LINE('',#1850,#1851);
#1850 = CARTESIAN_POINT('',(6.85,67.5,5.8));
#1851 = VECTOR('',#1852,1.);
#1852 = DIRECTION('',(0.,2.2E-16,1.));
#1853 = PLANE('',#1854);
#1854 = AXIS2_PLACEMENT_3D('',#1855,#1856,#1857);
#1855 = CARTESIAN_POINT('',(7.55,66.8,5.8));
#1856 = DIRECTION('',(0.707106781187,0.707106781187,1.E-17));
#1857 = DIRECTION('',(1.170710678119E-16,-1.029289321881E-16,-1.));
#1858 = ADVANCED_FACE('',(#1859),#1877,.T.);
#1859 = FACE_BOUND('',#1860,.F.);
#1860 = EDGE_LOOP('',(#1861,#1869,#1870,#1871));
#1861 = ORIENTED_EDGE('',*,*,#1862,.F.);
#1862 = EDGE_CURVE('',#474,#1863,#1865,.T.);
#1863 = VERTEX_POINT('',#1864);
#1864 = CARTESIAN_POINT('',(3.65,67.5,7.2));
#1865 = LINE('',#1866,#1867);
#1866 = CARTESIAN_POINT('',(4.116666666667,67.966666666667,
    7.666666666667));
#1867 = VECTOR('',#1868,1.);
#1868 = DIRECTION('',(0.57735026919,0.57735026919,0.57735026919));
#1869 = ORIENTED_EDGE('',*,*,#481,.T.);
#1870 = ORIENTED_EDGE('',*,*,#1838,.T.);
#1871 = ORIENTED_EDGE('',*,*,#1872,.F.);
#1872 = EDGE_CURVE('',#1863,#1839,#1873,.T.);
#1873 = LINE('',#1874,#1875);
#1874 = CARTESIAN_POINT('',(2.25,67.5,7.2));
#1875 = VECTOR('',#1876,1.);
#1876 = DIRECTION('',(1.,0.,0.));
#1877 = PLANE('',#1878);
#1878 = AXIS2_PLACEMENT_3D('',#1879,#1880,#1881);
#1879 = CARTESIAN_POINT('',(2.25,66.8,6.5));
#1880 = DIRECTION('',(1.E-17,0.707106781187,-0.707106781187));
#1881 = DIRECTION('',(-1.,7.071067811865E-18,-7.071067811865E-18));
#1882 = ADVANCED_FACE('',(#1883),#1894,.T.);
#1883 = FACE_BOUND('',#1884,.F.);
#1884 = EDGE_LOOP('',(#1885,#1886,#1887,#1888));
#1885 = ORIENTED_EDGE('',*,*,#1816,.F.);
#1886 = ORIENTED_EDGE('',*,*,#498,.T.);
#1887 = ORIENTED_EDGE('',*,*,#1862,.T.);
#1888 = ORIENTED_EDGE('',*,*,#1889,.F.);
#1889 = EDGE_CURVE('',#1817,#1863,#1890,.T.);
#1890 = LINE('',#1891,#1892);
#1891 = CARTESIAN_POINT('',(3.65,67.5,14.2));
#1892 = VECTOR('',#1893,1.);
#1893 = DIRECTION('',(0.,-2.2E-16,-1.));
#1894 = PLANE('',#1895);
#1895 = AXIS2_PLACEMENT_3D('',#1896,#1897,#1898);
#1896 = CARTESIAN_POINT('',(2.95,66.8,14.2));
#1897 = DIRECTION('',(-0.707106781187,0.707106781187,0.));
#1898 = DIRECTION('',(1.1E-16,1.1E-16,1.));
#1899 = ADVANCED_FACE('',(#1900,#1911),#1914,.F.);
#1900 = FACE_BOUND('',#1901,.F.);
#1901 = EDGE_LOOP('',(#1902));
#1902 = ORIENTED_EDGE('',*,*,#1903,.F.);
#1903 = EDGE_CURVE('',#1904,#1904,#1906,.T.);
#1904 = VERTEX_POINT('',#1905);
#1905 = CARTESIAN_POINT('',(16.25,63.,10.));
#1906 = CIRCLE('',#1907,3.);
#1907 = AXIS2_PLACEMENT_3D('',#1908,#1909,#1910);
#1908 = CARTESIAN_POINT('',(13.25,63.,10.));
#1909 = DIRECTION('',(0.,-1.,0.));
#1910 = DIRECTION('',(1.,0.,0.));
#1911 = FACE_BOUND('',#1912,.F.);
#1912 = EDGE_LOOP('',(#1913));
#1913 = ORIENTED_EDGE('',*,*,#514,.T.);
#1914 = PLANE('',#1915);
#1915 = AXIS2_PLACEMENT_3D('',#1916,#1917,#1918);
#1916 = CARTESIAN_POINT('',(56.5,63.,10.));
#1917 = DIRECTION('',(0.,1.,0.));
#1918 = DIRECTION('',(0.,0.,1.));
#1919 = ADVANCED_FACE('',(#1920),#1945,.T.);
#1920 = FACE_BOUND('',#1921,.F.);
#1921 = EDGE_LOOP('',(#1922,#1930,#1931,#1939));
#1922 = ORIENTED_EDGE('',*,*,#1923,.F.);
#1923 = EDGE_CURVE('',#540,#1924,#1926,.T.);
#1924 = VERTEX_POINT('',#1925);
#1925 = CARTESIAN_POINT('',(22.85,67.5,12.8));
#1926 = LINE('',#1927,#1928);
#1927 = CARTESIAN_POINT('',(22.383333333333,67.966666666667,
    12.333333333333));
#1928 = VECTOR('',#1929,1.);
#1929 = DIRECTION('',(-0.57735026919,0.57735026919,-0.57735026919));
#1930 = ORIENTED_EDGE('',*,*,#547,.T.);
#1931 = ORIENTED_EDGE('',*,*,#1932,.T.);
#1932 = EDGE_CURVE('',#548,#1933,#1935,.T.);
#1933 = VERTEX_POINT('',#1934);
#1934 = CARTESIAN_POINT('',(19.65,67.5,12.8));
#1935 = LINE('',#1936,#1937);
#1936 = CARTESIAN_POINT('',(19.716666666667,67.566666666667,
    12.733333333333));
#1937 = VECTOR('',#1938,1.);
#1938 = DIRECTION('',(0.57735026919,0.57735026919,-0.57735026919));
#1939 = ORIENTED_EDGE('',*,*,#1940,.F.);
#1940 = EDGE_CURVE('',#1924,#1933,#1941,.T.);
#1941 = LINE('',#1942,#1943);
#1942 = CARTESIAN_POINT('',(24.25,67.5,12.8));
#1943 = VECTOR('',#1944,1.);
#1944 = DIRECTION('',(-1.,0.,0.));
#1945 = PLANE('',#1946);
#1946 = AXIS2_PLACEMENT_3D('',#1947,#1948,#1949);
#1947 = CARTESIAN_POINT('',(24.25,66.8,13.5));
#1948 = DIRECTION('',(0.,0.707106781187,0.707106781187));
#1949 = DIRECTION('',(1.,0.,0.));
#1950 = ADVANCED_FACE('',(#1951),#1969,.T.);
#1951 = FACE_BOUND('',#1952,.F.);
#1952 = EDGE_LOOP('',(#1953,#1961,#1962,#1963));
#1953 = ORIENTED_EDGE('',*,*,#1954,.F.);
#1954 = EDGE_CURVE('',#571,#1955,#1957,.T.);
#1955 = VERTEX_POINT('',#1956);
#1956 = CARTESIAN_POINT('',(22.85,67.5,7.2));
#1957 = LINE('',#1958,#1959);
#1958 = CARTESIAN_POINT('',(22.783333333333,67.566666666667,
    7.266666666667));
#1959 = VECTOR('',#1960,1.);
#1960 = DIRECTION('',(-0.57735026919,0.57735026919,0.57735026919));
#1961 = ORIENTED_EDGE('',*,*,#578,.T.);
#1962 = ORIENTED_EDGE('',*,*,#1923,.T.);
#1963 = ORIENTED_EDGE('',*,*,#1964,.F.);
#1964 = EDGE_CURVE('',#1955,#1924,#1965,.T.);
#1965 = LINE('',#1966,#1967);
#1966 = CARTESIAN_POINT('',(22.85,67.5,5.8));
#1967 = VECTOR('',#1968,1.);
#1968 = DIRECTION('',(0.,2.2E-16,1.));
#1969 = PLANE('',#1970);
#1970 = AXIS2_PLACEMENT_3D('',#1971,#1972,#1973);
#1971 = CARTESIAN_POINT('',(23.55,66.8,5.8));
#1972 = DIRECTION('',(0.707106781187,0.707106781187,0.));
#1973 = DIRECTION('',(1.1E-16,-1.1E-16,-1.));
#1974 = ADVANCED_FACE('',(#1975),#1993,.T.);
#1975 = FACE_BOUND('',#1976,.F.);
#1976 = EDGE_LOOP('',(#1977,#1985,#1986,#1987));
#1977 = ORIENTED_EDGE('',*,*,#1978,.F.);
#1978 = EDGE_CURVE('',#595,#1979,#1981,.T.);
#1979 = VERTEX_POINT('',#1980);
#1980 = CARTESIAN_POINT('',(19.65,67.5,7.2));
#1981 = LINE('',#1982,#1983);
#1982 = CARTESIAN_POINT('',(20.116666666667,67.966666666667,
    7.666666666667));
#1983 = VECTOR('',#1984,1.);
#1984 = DIRECTION('',(0.57735026919,0.57735026919,0.57735026919));
#1985 = ORIENTED_EDGE('',*,*,#602,.T.);
#1986 = ORIENTED_EDGE('',*,*,#1954,.T.);
#1987 = ORIENTED_EDGE('',*,*,#1988,.F.);
#1988 = EDGE_CURVE('',#1979,#1955,#1989,.T.);
#1989 = LINE('',#1990,#1991);
#1990 = CARTESIAN_POINT('',(18.25,67.5,7.2));
#1991 = VECTOR('',#1992,1.);
#1992 = DIRECTION('',(1.,0.,0.));
#1993 = PLANE('',#1994);
#1994 = AXIS2_PLACEMENT_3D('',#1995,#1996,#1997);
#1995 = CARTESIAN_POINT('',(18.25,66.8,6.5));
#1996 = DIRECTION('',(0.,0.707106781187,-0.707106781187));
#1997 = DIRECTION('',(-1.,-0.,-0.));
#1998 = ADVANCED_FACE('',(#1999),#2010,.T.);
#1999 = FACE_BOUND('',#2000,.F.);
#2000 = EDGE_LOOP('',(#2001,#2002,#2003,#2004));
#2001 = ORIENTED_EDGE('',*,*,#1932,.F.);
#2002 = ORIENTED_EDGE('',*,*,#619,.T.);
#2003 = ORIENTED_EDGE('',*,*,#1978,.T.);
#2004 = ORIENTED_EDGE('',*,*,#2005,.F.);
#2005 = EDGE_CURVE('',#1933,#1979,#2006,.T.);
#2006 = LINE('',#2007,#2008);
#2007 = CARTESIAN_POINT('',(19.65,67.5,14.2));
#2008 = VECTOR('',#2009,1.);
#2009 = DIRECTION('',(0.,-2.2E-16,-1.));
#2010 = PLANE('',#2011);
#2011 = AXIS2_PLACEMENT_3D('',#2012,#2013,#2014);
#2012 = CARTESIAN_POINT('',(18.95,66.8,14.2));
#2013 = DIRECTION('',(-0.707106781187,0.707106781187,0.));
#2014 = DIRECTION('',(1.1E-16,1.1E-16,1.));
#2015 = ADVANCED_FACE('',(#2016),#2027,.F.);
#2016 = FACE_BOUND('',#2017,.T.);
#2017 = EDGE_LOOP('',(#2018,#2019,#2020,#2026));
#2018 = ORIENTED_EDGE('',*,*,#637,.F.);
#2019 = ORIENTED_EDGE('',*,*,#885,.T.);
#2020 = ORIENTED_EDGE('',*,*,#2021,.F.);
#2021 = EDGE_CURVE('',#703,#878,#2022,.T.);
#2022 = LINE('',#2023,#2024);
#2023 = CARTESIAN_POINT('',(94.033333333333,22.966666666667,
    -18.56666666666));
#2024 = VECTOR('',#2025,1.);
#2025 = DIRECTION('',(-0.57735026919,0.57735026919,-0.57735026919));
#2026 = ORIENTED_EDGE('',*,*,#710,.F.);
#2027 = PLANE('',#2028);
#2028 = AXIS2_PLACEMENT_3D('',#2029,#2030,#2031);
#2029 = CARTESIAN_POINT('',(0.,4.2,0.2));
#2030 = DIRECTION('',(-0.,0.707106781187,0.707106781187));
#2031 = DIRECTION('',(-1.,-0.,-0.));
#2032 = ADVANCED_FACE('',(#2033),#2101,.F.);
#2033 = FACE_BOUND('',#2034,.F.);
#2034 = EDGE_LOOP('',(#2035,#2036,#2044,#2098,#2099,#2100));
#2035 = ORIENTED_EDGE('',*,*,#783,.T.);
#2036 = ORIENTED_EDGE('',*,*,#2037,.T.);
#2037 = EDGE_CURVE('',#775,#2038,#2040,.T.);
#2038 = VERTEX_POINT('',#2039);
#2039 = CARTESIAN_POINT('',(14.95,9.460607985831,10.));
#2040 = LINE('',#2041,#2042);
#2041 = CARTESIAN_POINT('',(14.95,2.22E-15,10.));
#2042 = VECTOR('',#2043,1.);
#2043 = DIRECTION('',(0.,1.,-2.2E-16));
#2044 = ORIENTED_EDGE('',*,*,#2045,.T.);
#2045 = EDGE_CURVE('',#2038,#2038,#2046,.T.);
#2046 = B_SPLINE_CURVE_WITH_KNOTS('',8,(#2047,#2048,#2049,#2050,#2051,
    #2052,#2053,#2054,#2055,#2056,#2057,#2058,#2059,#2060,#2061,#2062,
    #2063,#2064,#2065,#2066,#2067,#2068,#2069,#2070,#2071,#2072,#2073,
    #2074,#2075,#2076,#2077,#2078,#2079,#2080,#2081,#2082,#2083,#2084,
    #2085,#2086,#2087,#2088,#2089,#2090,#2091,#2092,#2093,#2094,#2095,
    #2096,#2097),.UNSPECIFIED.,.T.,.F.,(9,7,7,7,7,7,7,9),(0.,
    0.104581138831,0.247256550832,0.394733939951,0.530134854964,
    0.752622595335,0.90159929502,1.),.UNSPECIFIED.);
#2047 = CARTESIAN_POINT('',(14.95,9.460607985831,10.));
#2048 = CARTESIAN_POINT('',(14.95,9.411043440916,10.15760520798));
#2049 = CARTESIAN_POINT('',(14.933301158532,9.364655744604,
    10.315507461093));
#2050 = CARTESIAN_POINT('',(14.899793912594,9.322268266277,
    10.470939300771));
#2051 = CARTESIAN_POINT('',(14.850089294524,9.28438294246,10.62116357583
    ));
#2052 = CARTESIAN_POINT('',(14.785483149683,9.251159409391,
    10.763605754552));
#2053 = CARTESIAN_POINT('',(14.707939879033,9.222481098557,
    10.896007713088));
#2054 = CARTESIAN_POINT('',(14.620084124916,9.198056144224,
    11.016592574286));
#2055 = CARTESIAN_POINT('',(14.395727358022,9.149458414286,
    11.271075373126));
#2056 = CARTESIAN_POINT('',(14.251503518139,9.128258288399,
    11.395707831133));
#2057 = CARTESIAN_POINT('',(14.096514837219,9.112443481392,
    11.498389918165));
#2058 = CARTESIAN_POINT('',(13.933853014133,9.100871445132,
    11.579631360079));
#2059 = CARTESIAN_POINT('',(13.76598023358,9.092725766936,
    11.640006725849));
#2060 = CARTESIAN_POINT('',(13.594918430054,9.087479695173,
    11.680020371483));
#2061 = CARTESIAN_POINT('',(13.422396441022,9.084860061502,11.7));
#2062 = CARTESIAN_POINT('',(13.071801271439,9.084860061502,11.7));
#2063 = CARTESIAN_POINT('',(12.893404973599,9.087659008473,
    11.678653028196));
#2064 = CARTESIAN_POINT('',(12.716583929124,9.093267829594,
    11.635871626766));
#2065 = CARTESIAN_POINT('',(12.543284464845,9.101999957692,
    11.571272583124));
#2066 = CARTESIAN_POINT('',(12.3757961599,9.114456517764,11.484291500257
    ));
#2067 = CARTESIAN_POINT('',(12.216915968274,9.131571306528,
    11.374308406341));
#2068 = CARTESIAN_POINT('',(12.070166405253,9.154650630472,
    11.240810831873));
#2069 = CARTESIAN_POINT('',(11.820737060139,9.213522195112,
    10.939302547531));
#2070 = CARTESIAN_POINT('',(11.71352456557,9.248569879502,
    10.772706630456));
#2071 = CARTESIAN_POINT('',(11.626408089846,9.291271846673,
    10.586893690899));
#2072 = CARTESIAN_POINT('',(11.564936688454,9.342072900267,
    10.386967663419));
#2073 = CARTESIAN_POINT('',(11.532294403592,9.400682652672,
    10.179279844585));
#2074 = CARTESIAN_POINT('',(11.529313639817,9.46568694495,9.970716305555
    ));
#2075 = CARTESIAN_POINT('',(11.554417242794,9.534502217695,
    9.768036031831));
#2076 = CARTESIAN_POINT('',(11.683910166002,9.71822387555,9.263694394403
    ));
#2077 = CARTESIAN_POINT('',(11.828123549099,9.833193084417,
    8.985268485954));
#2078 = CARTESIAN_POINT('',(12.019593920225,9.941154905157,
    8.750481855852));
#2079 = CARTESIAN_POINT('',(12.245534826989,10.034545510859,
    8.562750537669));
#2080 = CARTESIAN_POINT('',(12.495297103869,10.107337149165,
    8.423587418798));
#2081 = CARTESIAN_POINT('',(12.759987461637,10.155564275152,
    8.33340408607));
#2082 = CARTESIAN_POINT('',(13.031857125759,10.177432103854,
    8.292305322495));
#2083 = CARTESIAN_POINT('',(13.485220922431,10.169847351908,
    8.306552853784));
#2084 = CARTESIAN_POINT('',(13.666095665606,10.154977820139,
    8.334494646286));
#2085 = CARTESIAN_POINT('',(13.84373505472,10.128448850265,8.38448689062
    ));
#2086 = CARTESIAN_POINT('',(14.015796574027,10.090800853737,
    8.456406744057));
#2087 = CARTESIAN_POINT('',(14.179767946718,10.042967433132,
    8.55010932362));
#2088 = CARTESIAN_POINT('',(14.332865369709,9.986273164707,
    8.665343594972));
#2089 = CARTESIAN_POINT('',(14.47192444028,9.922394244977,8.801628608463
    ));
#2090 = CARTESIAN_POINT('',(14.67340928285,9.807609496821,9.061381302328
    ));
#2091 = CARTESIAN_POINT('',(14.746426386038,9.759318633292,
    9.174270303873));
#2092 = CARTESIAN_POINT('',(14.810583359924,9.709158736978,
    9.296090359291));
#2093 = CARTESIAN_POINT('',(14.864316869704,9.658005604406,
    9.425941904029));
#2094 = CARTESIAN_POINT('',(14.906237898925,9.606763443452,
    9.562688947862));
#2095 = CARTESIAN_POINT('',(14.935138626748,9.556295160142,9.70498773942
    ));
#2096 = CARTESIAN_POINT('',(14.95,9.507367063129,9.851315610475));
#2097 = CARTESIAN_POINT('',(14.95,9.460607985831,10.));
#2098 = ORIENTED_EDGE('',*,*,#2037,.F.);
#2099 = ORIENTED_EDGE('',*,*,#774,.T.);
#2100 = ORIENTED_EDGE('',*,*,#668,.F.);
#2101 = CYLINDRICAL_SURFACE('',#2102,1.7);
#2102 = AXIS2_PLACEMENT_3D('',#2103,#2104,#2105);
#2103 = CARTESIAN_POINT('',(13.25,2.22E-15,10.));
#2104 = DIRECTION('',(0.,-1.,2.2E-16));
#2105 = DIRECTION('',(1.,0.,0.));
#2106 = ADVANCED_FACE('',(#2107),#2175,.F.);
#2107 = FACE_BOUND('',#2108,.F.);
#2108 = EDGE_LOOP('',(#2109,#2110,#2118,#2172,#2173,#2174));
#2109 = ORIENTED_EDGE('',*,*,#766,.T.);
#2110 = ORIENTED_EDGE('',*,*,#2111,.T.);
#2111 = EDGE_CURVE('',#758,#2112,#2114,.T.);
#2112 = VERTEX_POINT('',#2113);
#2113 = CARTESIAN_POINT('',(101.45,9.460607985831,10.));
#2114 = LINE('',#2115,#2116);
#2115 = CARTESIAN_POINT('',(101.45,2.22E-15,10.));
#2116 = VECTOR('',#2117,1.);
#2117 = DIRECTION('',(0.,1.,-2.2E-16));
#2118 = ORIENTED_EDGE('',*,*,#2119,.T.);
#2119 = EDGE_CURVE('',#2112,#2112,#2120,.T.);
#2120 = B_SPLINE_CURVE_WITH_KNOTS('',8,(#2121,#2122,#2123,#2124,#2125,
    #2126,#2127,#2128,#2129,#2130,#2131,#2132,#2133,#2134,#2135,#2136,
    #2137,#2138,#2139,#2140,#2141,#2142,#2143,#2144,#2145,#2146,#2147,
    #2148,#2149,#2150,#2151,#2152,#2153,#2154,#2155,#2156,#2157,#2158,
    #2159,#2160,#2161,#2162,#2163,#2164,#2165,#2166,#2167,#2168,#2169,
    #2170,#2171),.UNSPECIFIED.,.T.,.F.,(9,7,7,7,7,7,7,9),(0.,
    0.104581140277,0.247256552047,0.394733940928,0.530134855722,
    0.752622595734,0.901599295178,1.),.UNSPECIFIED.);
#2121 = CARTESIAN_POINT('',(101.45,9.460607985831,10.));
#2122 = CARTESIAN_POINT('',(101.45,9.411043441678,10.157605205558));
#2123 = CARTESIAN_POINT('',(101.43330115894,9.364655743183,
    10.315507465455));
#2124 = CARTESIAN_POINT('',(101.39979391109,9.322268266704,
    10.470939300077));
#2125 = CARTESIAN_POINT('',(101.35008929573,9.284382943319,
    10.621163572524));
#2126 = CARTESIAN_POINT('',(101.2854831512,9.251159408961,
    10.763605755229));
#2127 = CARTESIAN_POINT('',(101.20793987604,9.222481098136,
    10.896007715792));
#2128 = CARTESIAN_POINT('',(101.12008412638,9.198056144541,
    11.016592572625));
#2129 = CARTESIAN_POINT('',(100.89572735802,9.149458414286,
    11.271075373126));
#2130 = CARTESIAN_POINT('',(100.75150351813,9.128258288399,
    11.395707831133));
#2131 = CARTESIAN_POINT('',(100.59651483721,9.112443481392,
    11.498389918165));
#2132 = CARTESIAN_POINT('',(100.43385301413,9.100871445132,
    11.579631360079));
#2133 = CARTESIAN_POINT('',(100.26598023358,9.092725766936,
    11.640006725848));
#2134 = CARTESIAN_POINT('',(100.09491843005,9.087479695173,
    11.680020371483));
#2135 = CARTESIAN_POINT('',(99.922396441022,9.084860061502,11.7));
#2136 = CARTESIAN_POINT('',(99.571801271439,9.084860061502,11.7));
#2137 = CARTESIAN_POINT('',(99.393404973599,9.087659008473,
    11.678653028196));
#2138 = CARTESIAN_POINT('',(99.216583929124,9.093267829594,
    11.635871626766));
#2139 = CARTESIAN_POINT('',(99.043284464845,9.101999957692,
    11.571272583124));
#2140 = CARTESIAN_POINT('',(98.8757961599,9.114456517764,11.484291500257
    ));
#2141 = CARTESIAN_POINT('',(98.716915968273,9.131571306528,
    11.374308406341));
#2142 = CARTESIAN_POINT('',(98.570166405253,9.154650630472,
    11.240810831873));
#2143 = CARTESIAN_POINT('',(98.320737060139,9.213522195112,
    10.939302547531));
#2144 = CARTESIAN_POINT('',(98.21352456557,9.248569879502,
    10.772706630456));
#2145 = CARTESIAN_POINT('',(98.126408089846,9.291271846673,
    10.586893690899));
#2146 = CARTESIAN_POINT('',(98.064936688454,9.342072900267,
    10.386967663419));
#2147 = CARTESIAN_POINT('',(98.032294403592,9.400682652672,
    10.179279844585));
#2148 = CARTESIAN_POINT('',(98.029313639817,9.46568694495,9.970716305556
    ));
#2149 = CARTESIAN_POINT('',(98.054417242794,9.534502217695,
    9.768036031831));
#2150 = CARTESIAN_POINT('',(98.183910166002,9.71822387555,9.263694394402
    ));
#2151 = CARTESIAN_POINT('',(98.328123549099,9.833193084417,
    8.985268485955));
#2152 = CARTESIAN_POINT('',(98.519593920225,9.941154905157,8.75048185585
    ));
#2153 = CARTESIAN_POINT('',(98.745534826989,10.034545510858,
    8.56275053767));
#2154 = CARTESIAN_POINT('',(98.995297103869,10.107337149166,
    8.423587418797));
#2155 = CARTESIAN_POINT('',(99.259987461637,10.155564275152,
    8.33340408607));
#2156 = CARTESIAN_POINT('',(99.531857125759,10.177432103854,
    8.292305322495));
#2157 = CARTESIAN_POINT('',(99.985220922431,10.169847351908,
    8.306552853784));
#2158 = CARTESIAN_POINT('',(100.1660956656,10.154977820139,
    8.334494646286));
#2159 = CARTESIAN_POINT('',(100.34373505472,10.128448850265,
    8.38448689062));
#2160 = CARTESIAN_POINT('',(100.51579657402,10.090800853737,
    8.456406744057));
#2161 = CARTESIAN_POINT('',(100.67976794671,10.042967433132,
    8.55010932362));
#2162 = CARTESIAN_POINT('',(100.83286536971,9.986273164707,
    8.665343594972));
#2163 = CARTESIAN_POINT('',(100.97192444028,9.922394244977,
    8.801628608463));
#2164 = CARTESIAN_POINT('',(101.17340928285,9.807609496821,
    9.061381302328));
#2165 = CARTESIAN_POINT('',(101.24642638603,9.759318633292,
    9.174270303873));
#2166 = CARTESIAN_POINT('',(101.31058335992,9.709158736978,
    9.296090359291));
#2167 = CARTESIAN_POINT('',(101.3643168697,9.658005604406,9.425941904029
    ));
#2168 = CARTESIAN_POINT('',(101.40623789892,9.606763443452,
    9.562688947862));
#2169 = CARTESIAN_POINT('',(101.43513862674,9.556295160142,9.70498773942
    ));
#2170 = CARTESIAN_POINT('',(101.45,9.507367063129,9.851315610475));
#2171 = CARTESIAN_POINT('',(101.45,9.460607985831,10.));
#2172 = ORIENTED_EDGE('',*,*,#2111,.F.);
#2173 = ORIENTED_EDGE('',*,*,#757,.T.);
#2174 = ORIENTED_EDGE('',*,*,#685,.F.);
#2175 = CYLINDRICAL_SURFACE('',#2176,1.7);
#2176 = AXIS2_PLACEMENT_3D('',#2177,#2178,#2179);
#2177 = CARTESIAN_POINT('',(99.75,2.22E-15,10.));
#2178 = DIRECTION('',(0.,-1.,2.2E-16));
#2179 = DIRECTION('',(1.,0.,0.));
#2180 = ADVANCED_FACE('',(#2181),#2192,.F.);
#2181 = FACE_BOUND('',#2182,.T.);
#2182 = EDGE_LOOP('',(#2183,#2184,#2185,#2191));
#2183 = ORIENTED_EDGE('',*,*,#1241,.F.);
#2184 = ORIENTED_EDGE('',*,*,#1676,.T.);
#2185 = ORIENTED_EDGE('',*,*,#2186,.T.);
#2186 = EDGE_CURVE('',#1650,#802,#2187,.T.);
#2187 = LINE('',#2188,#2189);
#2188 = CARTESIAN_POINT('',(26.25,60.75,0.4));
#2189 = VECTOR('',#2190,1.);
#2190 = DIRECTION('',(-0.707106781187,-1.1E-16,-0.707106781187));
#2191 = ORIENTED_EDGE('',*,*,#799,.F.);
#2192 = CONICAL_SURFACE('',#2193,5.25,0.785398163397);
#2193 = AXIS2_PLACEMENT_3D('',#2194,#2195,#2196);
#2194 = CARTESIAN_POINT('',(31.5,60.75,0.4));
#2195 = DIRECTION('',(0.,0.,-1.));
#2196 = DIRECTION('',(-0.587087047902,0.809523809524,0.));
#2197 = ADVANCED_FACE('',(#2198),#2209,.T.);
#2198 = FACE_BOUND('',#2199,.T.);
#2199 = EDGE_LOOP('',(#2200,#2201,#2202,#2208));
#2200 = ORIENTED_EDGE('',*,*,#2186,.F.);
#2201 = ORIENTED_EDGE('',*,*,#1659,.T.);
#2202 = ORIENTED_EDGE('',*,*,#2203,.T.);
#2203 = EDGE_CURVE('',#1625,#811,#2204,.T.);
#2204 = LINE('',#2205,#2206);
#2205 = CARTESIAN_POINT('',(26.05,10.75,0.2));
#2206 = VECTOR('',#2207,1.);
#2207 = DIRECTION('',(-0.707106781187,0.,-0.707106781187));
#2208 = ORIENTED_EDGE('',*,*,#810,.F.);
#2209 = PLANE('',#2210);
#2210 = AXIS2_PLACEMENT_3D('',#2211,#2212,#2213);
#2211 = CARTESIAN_POINT('',(26.05,60.75,0.2));
#2212 = DIRECTION('',(0.707106781187,1.E-17,-0.707106781187));
#2213 = DIRECTION('',(7.071067811865E-18,-1.,-7.071067811865E-18));
#2214 = ADVANCED_FACE('',(#2215),#2226,.F.);
#2215 = FACE_BOUND('',#2216,.T.);
#2216 = EDGE_LOOP('',(#2217,#2218,#2219,#2225));
#2217 = ORIENTED_EDGE('',*,*,#2203,.F.);
#2218 = ORIENTED_EDGE('',*,*,#1634,.T.);
#2219 = ORIENTED_EDGE('',*,*,#2220,.T.);
#2220 = EDGE_CURVE('',#1601,#819,#2221,.T.);
#2221 = LINE('',#2222,#2223);
#2222 = CARTESIAN_POINT('',(31.5,5.5,0.4));
#2223 = VECTOR('',#2224,1.);
#2224 = DIRECTION('',(-4.E-17,-0.707106781187,-0.707106781187));
#2225 = ORIENTED_EDGE('',*,*,#818,.F.);
#2226 = CONICAL_SURFACE('',#2227,5.25,0.785398163397);
#2227 = AXIS2_PLACEMENT_3D('',#2228,#2229,#2230);
#2228 = CARTESIAN_POINT('',(31.5,10.75,0.4));
#2229 = DIRECTION('',(0.,0.,-1.));
#2230 = DIRECTION('',(-1.,0.,0.));
#2231 = ADVANCED_FACE('',(#2232),#2243,.T.);
#2232 = FACE_BOUND('',#2233,.T.);
#2233 = EDGE_LOOP('',(#2234,#2235,#2236,#2242));
#2234 = ORIENTED_EDGE('',*,*,#2220,.F.);
#2235 = ORIENTED_EDGE('',*,*,#1610,.T.);
#2236 = ORIENTED_EDGE('',*,*,#2237,.T.);
#2237 = EDGE_CURVE('',#1576,#828,#2238,.T.);
#2238 = LINE('',#2239,#2240);
#2239 = CARTESIAN_POINT('',(81.5,5.3,0.2));
#2240 = VECTOR('',#2241,1.);
#2241 = DIRECTION('',(0.,-0.707106781187,-0.707106781187));
#2242 = ORIENTED_EDGE('',*,*,#827,.F.);
#2243 = PLANE('',#2244);
#2244 = AXIS2_PLACEMENT_3D('',#2245,#2246,#2247);
#2245 = CARTESIAN_POINT('',(31.5,5.3,0.2));
#2246 = DIRECTION('',(0.,0.707106781187,-0.707106781187));
#2247 = DIRECTION('',(1.,-0.,0.));
#2248 = ADVANCED_FACE('',(#2249),#2260,.F.);
#2249 = FACE_BOUND('',#2250,.T.);
#2250 = EDGE_LOOP('',(#2251,#2252,#2253,#2259));
#2251 = ORIENTED_EDGE('',*,*,#2237,.F.);
#2252 = ORIENTED_EDGE('',*,*,#1585,.T.);
#2253 = ORIENTED_EDGE('',*,*,#2254,.T.);
#2254 = EDGE_CURVE('',#1552,#836,#2255,.T.);
#2255 = LINE('',#2256,#2257);
#2256 = CARTESIAN_POINT('',(86.75,10.75,0.4));
#2257 = VECTOR('',#2258,1.);
#2258 = DIRECTION('',(0.707106781187,-4.E-17,-0.707106781187));
#2259 = ORIENTED_EDGE('',*,*,#835,.F.);
#2260 = CONICAL_SURFACE('',#2261,5.25,0.785398163397);
#2261 = AXIS2_PLACEMENT_3D('',#2262,#2263,#2264);
#2262 = CARTESIAN_POINT('',(81.5,10.75,0.4));
#2263 = DIRECTION('',(0.,0.,-1.));
#2264 = DIRECTION('',(0.,-1.,0.));
#2265 = ADVANCED_FACE('',(#2266),#2277,.T.);
#2266 = FACE_BOUND('',#2267,.F.);
#2267 = EDGE_LOOP('',(#2268,#2269,#2270,#2276));
#2268 = ORIENTED_EDGE('',*,*,#2021,.F.);
#2269 = ORIENTED_EDGE('',*,*,#1385,.T.);
#2270 = ORIENTED_EDGE('',*,*,#2271,.T.);
#2271 = EDGE_CURVE('',#1374,#870,#2272,.T.);
#2272 = LINE('',#2273,#2274);
#2273 = CARTESIAN_POINT('',(102.53333333333,55.533333333333,
    -10.06666666666));
#2274 = VECTOR('',#2275,1.);
#2275 = DIRECTION('',(-0.57735026919,-0.57735026919,-0.57735026919));
#2276 = ORIENTED_EDGE('',*,*,#877,.F.);
#2277 = PLANE('',#2278);
#2278 = AXIS2_PLACEMENT_3D('',#2279,#2280,#2281);
#2279 = CARTESIAN_POINT('',(112.8,4.,0.2));
#2280 = DIRECTION('',(0.707106781187,0.,-0.707106781187));
#2281 = DIRECTION('',(-0.,-1.,-0.));
#2282 = ADVANCED_FACE('',(#2283),#2294,.T.);
#2283 = FACE_BOUND('',#2284,.T.);
#2284 = EDGE_LOOP('',(#2285,#2286,#2287,#2293));
#2285 = ORIENTED_EDGE('',*,*,#2254,.F.);
#2286 = ORIENTED_EDGE('',*,*,#1561,.T.);
#2287 = ORIENTED_EDGE('',*,*,#2288,.T.);
#2288 = EDGE_CURVE('',#1527,#845,#2289,.T.);
#2289 = LINE('',#2290,#2291);
#2290 = CARTESIAN_POINT('',(86.95,60.75,0.2));
#2291 = VECTOR('',#2292,1.);
#2292 = DIRECTION('',(0.707106781187,0.,-0.707106781187));
#2293 = ORIENTED_EDGE('',*,*,#844,.F.);
#2294 = PLANE('',#2295);
#2295 = AXIS2_PLACEMENT_3D('',#2296,#2297,#2298);
#2296 = CARTESIAN_POINT('',(86.95,10.75,0.2));
#2297 = DIRECTION('',(-0.707106781187,-0.,-0.707106781187));
#2298 = DIRECTION('',(0.,1.,-0.));
#2299 = ADVANCED_FACE('',(#2300),#2311,.T.);
#2300 = FACE_BOUND('',#2301,.F.);
#2301 = EDGE_LOOP('',(#2302,#2303,#2304,#2310));
#2302 = ORIENTED_EDGE('',*,*,#2271,.F.);
#2303 = ORIENTED_EDGE('',*,*,#1400,.T.);
#2304 = ORIENTED_EDGE('',*,*,#2305,.T.);
#2305 = EDGE_CURVE('',#1401,#862,#2306,.T.);
#2306 = LINE('',#2307,#2308);
#2307 = CARTESIAN_POINT('',(89.451839167904,61.130367833581,
    -4.469632166419));
#2308 = VECTOR('',#2309,1.);
#2309 = DIRECTION('',(0.57735026919,-0.57735026919,-0.57735026919));
#2310 = ORIENTED_EDGE('',*,*,#869,.F.);
#2311 = PLANE('',#2312);
#2312 = AXIS2_PLACEMENT_3D('',#2313,#2314,#2315);
#2313 = CARTESIAN_POINT('',(113.,65.8,0.2));
#2314 = DIRECTION('',(-0.,0.707106781187,-0.707106781187));
#2315 = DIRECTION('',(1.,0.,-0.));
#2316 = ADVANCED_FACE('',(#2317),#2329,.F.);
#2317 = FACE_BOUND('',#2318,.T.);
#2318 = EDGE_LOOP('',(#2319,#2320,#2321,#2328));
#2319 = ORIENTED_EDGE('',*,*,#2288,.F.);
#2320 = ORIENTED_EDGE('',*,*,#1536,.T.);
#2321 = ORIENTED_EDGE('',*,*,#2322,.T.);
#2322 = EDGE_CURVE('',#1504,#853,#2323,.T.);
#2323 = PARABOLA('',#2324,0.76643056473);
#2324 = AXIS2_PLACEMENT_3D('',#2325,#2326,#2327);
#2325 = CARTESIAN_POINT('',(80.416103500742,60.75,4.566103500742));
#2326 = DIRECTION('',(0.707106781187,0.,0.707106781187));
#2327 = DIRECTION('',(0.707106781187,0.,-0.707106781187));
#2328 = ORIENTED_EDGE('',*,*,#852,.F.);
#2329 = CONICAL_SURFACE('',#2330,5.25,0.785398163397);
#2330 = AXIS2_PLACEMENT_3D('',#2331,#2332,#2333);
#2331 = CARTESIAN_POINT('',(81.5,60.75,0.4));
#2332 = DIRECTION('',(0.,0.,-1.));
#2333 = DIRECTION('',(1.,0.,0.));
#2334 = ADVANCED_FACE('',(#2335),#2341,.T.);
#2335 = FACE_BOUND('',#2336,.F.);
#2336 = EDGE_LOOP('',(#2337,#2338,#2339,#2340));
#2337 = ORIENTED_EDGE('',*,*,#2305,.F.);
#2338 = ORIENTED_EDGE('',*,*,#1503,.T.);
#2339 = ORIENTED_EDGE('',*,*,#2322,.T.);
#2340 = ORIENTED_EDGE('',*,*,#861,.F.);
#2341 = PLANE('',#2342);
#2342 = AXIS2_PLACEMENT_3D('',#2343,#2344,#2345);
#2343 = CARTESIAN_POINT('',(84.782207001485,66.,0.2));
#2344 = DIRECTION('',(-0.707106781187,-0.,-0.707106781187));
#2345 = DIRECTION('',(-0.,1.,-0.));
#2346 = ADVANCED_FACE('',(#2347),#2381,.F.);
#2347 = FACE_BOUND('',#2348,.F.);
#2348 = EDGE_LOOP('',(#2349,#2350,#2358,#2366,#2375));
#2349 = ORIENTED_EDGE('',*,*,#901,.F.);
#2350 = ORIENTED_EDGE('',*,*,#2351,.T.);
#2351 = EDGE_CURVE('',#902,#2352,#2354,.T.);
#2352 = VERTEX_POINT('',#2353);
#2353 = CARTESIAN_POINT('',(104.375,23.,3.));
#2354 = LINE('',#2355,#2356);
#2355 = CARTESIAN_POINT('',(104.375,23.,0.));
#2356 = VECTOR('',#2357,1.);
#2357 = DIRECTION('',(0.,0.,1.));
#2358 = ORIENTED_EDGE('',*,*,#2359,.F.);
#2359 = EDGE_CURVE('',#2360,#2352,#2362,.T.);
#2360 = VERTEX_POINT('',#2361);
#2361 = CARTESIAN_POINT('',(104.375,19.,3.));
#2362 = LINE('',#2363,#2364);
#2363 = CARTESIAN_POINT('',(104.375,24.86643593495,3.));
#2364 = VECTOR('',#2365,1.);
#2365 = DIRECTION('',(0.,1.,0.));
#2366 = ORIENTED_EDGE('',*,*,#2367,.T.);
#2367 = EDGE_CURVE('',#2360,#2368,#2370,.T.);
#2368 = VERTEX_POINT('',#2369);
#2369 = CARTESIAN_POINT('',(104.375,13.,5.));
#2370 = CIRCLE('',#2371,10.);
#2371 = AXIS2_PLACEMENT_3D('',#2372,#2373,#2374);
#2372 = CARTESIAN_POINT('',(104.375,19.,13.));
#2373 = DIRECTION('',(-1.,0.,0.));
#2374 = DIRECTION('',(-0.,-1.,-0.));
#2375 = ORIENTED_EDGE('',*,*,#2376,.F.);
#2376 = EDGE_CURVE('',#904,#2368,#2377,.T.);
#2377 = LINE('',#2378,#2379);
#2378 = CARTESIAN_POINT('',(104.375,13.,0.));
#2379 = VECTOR('',#2380,1.);
#2380 = DIRECTION('',(0.,0.,1.));
#2381 = PLANE('',#2382);
#2382 = AXIS2_PLACEMENT_3D('',#2383,#2384,#2385);
#2383 = CARTESIAN_POINT('',(104.375,23.,0.));
#2384 = DIRECTION('',(1.,0.,0.));
#2385 = DIRECTION('',(0.,-1.,0.));
#2386 = ADVANCED_FACE('',(#2387),#2406,.F.);
#2387 = FACE_BOUND('',#2388,.T.);
#2388 = EDGE_LOOP('',(#2389,#2390,#2391,#2400));
#2389 = ORIENTED_EDGE('',*,*,#911,.F.);
#2390 = ORIENTED_EDGE('',*,*,#2351,.T.);
#2391 = ORIENTED_EDGE('',*,*,#2392,.F.);
#2392 = EDGE_CURVE('',#2393,#2352,#2395,.T.);
#2393 = VERTEX_POINT('',#2394);
#2394 = CARTESIAN_POINT('',(101.375,23.,3.));
#2395 = CIRCLE('',#2396,1.5);
#2396 = AXIS2_PLACEMENT_3D('',#2397,#2398,#2399);
#2397 = CARTESIAN_POINT('',(102.875,23.,3.));
#2398 = DIRECTION('',(0.,0.,-1.));
#2399 = DIRECTION('',(1.,0.,0.));
#2400 = ORIENTED_EDGE('',*,*,#2401,.F.);
#2401 = EDGE_CURVE('',#912,#2393,#2402,.T.);
#2402 = LINE('',#2403,#2404);
#2403 = CARTESIAN_POINT('',(101.375,23.,0.));
#2404 = VECTOR('',#2405,1.);
#2405 = DIRECTION('',(0.,0.,1.));
#2406 = CYLINDRICAL_SURFACE('',#2407,1.5);
#2407 = AXIS2_PLACEMENT_3D('',#2408,#2409,#2410);
#2408 = CARTESIAN_POINT('',(102.875,23.,0.));
#2409 = DIRECTION('',(-0.,-0.,-1.));
#2410 = DIRECTION('',(1.,0.,0.));
#2411 = ADVANCED_FACE('',(#2412),#2625,.F.);
#2412 = FACE_BOUND('',#2413,.T.);
#2413 = EDGE_LOOP('',(#2414,#2415,#2423,#2624));
#2414 = ORIENTED_EDGE('',*,*,#928,.F.);
#2415 = ORIENTED_EDGE('',*,*,#2416,.T.);
#2416 = EDGE_CURVE('',#921,#2417,#2419,.T.);
#2417 = VERTEX_POINT('',#2418);
#2418 = CARTESIAN_POINT('',(101.375,13.,5.));
#2419 = LINE('',#2420,#2421);
#2420 = CARTESIAN_POINT('',(101.375,13.,0.));
#2421 = VECTOR('',#2422,1.);
#2422 = DIRECTION('',(0.,0.,1.));
#2423 = ORIENTED_EDGE('',*,*,#2424,.T.);
#2424 = EDGE_CURVE('',#2417,#2368,#2425,.T.);
#2425 = B_SPLINE_CURVE_WITH_KNOTS('',5,(#2426,#2427,#2428,#2429,#2430,
    #2431,#2432,#2433,#2434,#2435,#2436,#2437,#2438,#2439,#2440,#2441,
    #2442,#2443,#2444,#2445,#2446,#2447,#2448,#2449,#2450,#2451,#2452,
    #2453,#2454,#2455,#2456,#2457,#2458,#2459,#2460,#2461,#2462,#2463,
    #2464,#2465,#2466,#2467,#2468,#2469,#2470,#2471,#2472,#2473,#2474,
    #2475,#2476,#2477,#2478,#2479,#2480,#2481,#2482,#2483,#2484,#2485,
    #2486,#2487,#2488,#2489,#2490,#2491,#2492,#2493,#2494,#2495,#2496,
    #2497,#2498,#2499,#2500,#2501,#2502,#2503,#2504,#2505,#2506,#2507,
    #2508,#2509,#2510,#2511,#2512,#2513,#2514,#2515,#2516,#2517,#2518,
    #2519,#2520,#2521,#2522,#2523,#2524,#2525,#2526,#2527,#2528,#2529,
    #2530,#2531,#2532,#2533,#2534,#2535,#2536,#2537,#2538,#2539,#2540,
    #2541,#2542,#2543,#2544,#2545,#2546,#2547,#2548,#2549,#2550,#2551,
    #2552,#2553,#2554,#2555,#2556,#2557,#2558,#2559,#2560,#2561,#2562,
    #2563,#2564,#2565,#2566,#2567,#2568,#2569,#2570,#2571,#2572,#2573,
    #2574,#2575,#2576,#2577,#2578,#2579,#2580,#2581,#2582,#2583,#2584,
    #2585,#2586,#2587,#2588,#2589,#2590,#2591,#2592,#2593,#2594,#2595,
    #2596,#2597,#2598,#2599,#2600,#2601,#2602,#2603,#2604,#2605,#2606,
    #2607,#2608,#2609,#2610,#2611,#2612,#2613,#2614,#2615,#2616,#2617,
    #2618,#2619,#2620,#2621,#2622,#2623),.UNSPECIFIED.,.F.,.F.,(6,4,4,4,
    4,4,4,4,4,4,4,4,4,4,4,4,4,4,4,4,4,4,4,4,4,4,4,4,4,4,4,4,4,4,4,4,4,4,
    4,4,4,4,4,4,4,4,4,4,4,6),(0.,6.146817949436E-02,0.181626413401,
    0.313530288995,0.36748643443,0.414489052065,0.441339737962,
    0.499833082096,0.585082311453,0.632954214958,0.687943536958,
    0.818231508484,0.938479079712,0.995176148952,0.99531357132,
    0.995450983227,0.995569433373,0.995702088309,0.995829996336,
    0.995962632124,0.996099994629,0.99623734668,0.996374688278,
    0.996507284041,0.996635135015,0.996772446341,0.996909747219,
    0.99704703765,0.997184317635,0.997312120645,0.997444647538,
    0.997581897272,0.997719136565,0.997856365418,0.997993583832,
    0.998130791809,0.998267989349,0.998405176455,0.998542353128,
    0.998679519368,0.998816675178,0.998953820558,0.999090955511,
    0.999228080037,0.999365194138,0.999502297815,0.99963939107,
    0.999776473904,0.999908819857,1.),.UNSPECIFIED.);
#2426 = CARTESIAN_POINT('',(101.375,13.,5.));
#2427 = CARTESIAN_POINT('',(101.375,12.940101545368,5.044923840974));
#2428 = CARTESIAN_POINT('',(101.37798983941,12.880728744479,
    5.090329489344));
#2429 = CARTESIAN_POINT('',(101.38386464224,12.822048501509,
    5.13608517074));
#2430 = CARTESIAN_POINT('',(101.39251402153,12.764213962823,
    5.182051227036));
#2431 = CARTESIAN_POINT('',(101.42592711442,12.596235001383,
    5.318057566394));
#2432 = CARTESIAN_POINT('',(101.45818023843,12.4889228045,5.408232654434
    ));
#2433 = CARTESIAN_POINT('',(101.49977227407,12.386108969338,
    5.497792572331));
#2434 = CARTESIAN_POINT('',(101.55005135336,12.288372919459,
    5.585833852099));
#2435 = CARTESIAN_POINT('',(101.67267910307,12.095142505277,
    5.765224248758));
#2436 = CARTESIAN_POINT('',(101.74674841451,12.000733606234,
    5.856117692942));
#2437 = CARTESIAN_POINT('',(101.83013638035,11.913680629845,
    5.94277795522));
#2438 = CARTESIAN_POINT('',(101.92248599011,11.834770664461,
    6.023635546859));
#2439 = CARTESIAN_POINT('',(102.06475528665,11.736662951257,
    6.126453823637));
#2440 = CARTESIAN_POINT('',(102.10749652593,11.709736986938,
    6.154981094891));
#2441 = CARTESIAN_POINT('',(102.15162737997,11.684461534222,
    6.18202535681));
#2442 = CARTESIAN_POINT('',(102.19709439822,11.660933403956,
    6.207421141502));
#2443 = CARTESIAN_POINT('',(102.28456277552,11.620362754808,
    6.251538489491));
#2444 = CARTESIAN_POINT('',(102.32625810218,11.602874349879,
    6.270699798538));
#2445 = CARTESIAN_POINT('',(102.36885655537,11.586866014182,
    6.288354167273));
#2446 = CARTESIAN_POINT('',(102.41228535442,11.572410360435,
    6.304383422259));
#2447 = CARTESIAN_POINT('',(102.48170953963,11.552238459884,
    6.326847182289));
#2448 = CARTESIAN_POINT('',(102.50719224487,11.545433686393,
    6.334447649394));
#2449 = CARTESIAN_POINT('',(102.53289913546,11.53917119659,
    6.341460341703));
#2450 = CARTESIAN_POINT('',(102.5588094426,11.533463029595,6.34786609074
    ));
#2451 = CARTESIAN_POINT('',(102.641736627,11.517116270715,6.366242749831
    ));
#2452 = CARTESIAN_POINT('',(102.6994516552,11.508589872614,6.37588145397
    ));
#2453 = CARTESIAN_POINT('',(102.75775978621,11.502864406435,
    6.382373869424));
#2454 = CARTESIAN_POINT('',(102.81637209293,11.5,6.385621722339));
#2455 = CARTESIAN_POINT('',(102.96044534374,11.5,6.385621722339));
#2456 = CARTESIAN_POINT('',(103.04579637756,11.506084496097,
    6.378723195938));
#2457 = CARTESIAN_POINT('',(103.13021967181,11.518224047711,
    6.364955374237));
#2458 = CARTESIAN_POINT('',(103.21288112836,11.536172547829,
    6.344739715554));
#2459 = CARTESIAN_POINT('',(103.33794665336,11.572458958647,
    6.304328596493));
#2460 = CARTESIAN_POINT('',(103.38214019064,11.587183942758,
    6.288000880005));
#2461 = CARTESIAN_POINT('',(103.42547289985,11.603516521651,
    6.269990993354));
#2462 = CARTESIAN_POINT('',(103.46786824124,11.621380119721,
    6.250423563761));
#2463 = CARTESIAN_POINT('',(103.55678959052,11.662870718125,
    6.205325088283));
#2464 = CARTESIAN_POINT('',(103.60299661997,11.686961153099,
    6.17933766636));
#2465 = CARTESIAN_POINT('',(103.64781438905,11.712857662014,
    6.151650953447));
#2466 = CARTESIAN_POINT('',(103.69118724658,11.740458455723,
    6.122439105034));
#2467 = CARTESIAN_POINT('',(103.83228082966,11.838860153041,
    6.019447765078));
#2468 = CARTESIAN_POINT('',(103.92308747983,11.917056516259,
    5.939419005457));
#2469 = CARTESIAN_POINT('',(104.00515418303,12.003164949546,
    5.853777962323));
#2470 = CARTESIAN_POINT('',(104.07813612795,12.096431476131,
    5.764028236162));
#2471 = CARTESIAN_POINT('',(104.19993462591,12.288346792015,
    5.585857520921));
#2472 = CARTESIAN_POINT('',(104.25021565084,12.386081911161,
    5.497816447503));
#2473 = CARTESIAN_POINT('',(104.29180969509,12.488894918316,
    5.408256586393));
#2474 = CARTESIAN_POINT('',(104.32406490796,12.596206406357,
    5.318081408978));
#2475 = CARTESIAN_POINT('',(104.3565957345,12.75973297888,5.185678988335
    ));
#2476 = CARTESIAN_POINT('',(104.36476039601,12.812965656319,
    5.143309104306));
#2477 = CARTESIAN_POINT('',(104.3705759753,12.866925663488,
    5.101108298211));
#2478 = CARTESIAN_POINT('',(104.37395579814,12.921495389378,
    5.059185296727));
#2479 = CARTESIAN_POINT('',(104.37481873294,12.976680778156,
    5.017542635272));
#2480 = CARTESIAN_POINT('',(104.37482080467,12.976814215864,
    5.017441948116));
#2481 = CARTESIAN_POINT('',(104.37482286159,12.976947656341,
    5.017341263247));
#2482 = CARTESIAN_POINT('',(104.37482490371,12.977081099585,
    5.017240580666));
#2483 = CARTESIAN_POINT('',(104.3748289582,12.977347981447,
    5.017039227745));
#2484 = CARTESIAN_POINT('',(104.37483097056,12.977481420063,
    5.016938557406));
#2485 = CARTESIAN_POINT('',(104.37483296813,12.977614861442,
    5.016837889358));
#2486 = CARTESIAN_POINT('',(104.37483495088,12.977748305582,
    5.016737223602));
#2487 = CARTESIAN_POINT('',(104.37483861523,12.977996784756,
    5.016549787444));
#2488 = CARTESIAN_POINT('',(104.37484030062,12.978111819083,
    5.016463016452));
#2489 = CARTESIAN_POINT('',(104.37484197502,12.978226855457,
    5.016376247166));
#2490 = CARTESIAN_POINT('',(104.3748436384,12.978341893879,
    5.016289479587));
#2491 = CARTESIAN_POINT('',(104.37484714134,12.978585770709,
    5.016105542699));
#2492 = CARTESIAN_POINT('',(104.37484897808,12.978714609636,
    5.016008373824));
#2493 = CARTESIAN_POINT('',(104.37485080102,12.978843451128,
    5.015911207092));
#2494 = CARTESIAN_POINT('',(104.37485261017,12.978972295181,
    5.015814042506));
#2495 = CARTESIAN_POINT('',(104.3748561366,12.979225377776,
    5.015623194475));
#2496 = CARTESIAN_POINT('',(104.37485785486,12.979349616138,
    5.01552951088));
#2497 = CARTESIAN_POINT('',(104.37485956029,12.979473856878,
    5.015435829283));
#2498 = CARTESIAN_POINT('',(104.37486125288,12.979598099995,
    5.015342149683));
#2499 = CARTESIAN_POINT('',(104.37486467449,12.979851183365,
    5.015151331954));
#2500 = CARTESIAN_POINT('',(104.37486640253,12.979980023797,
    5.015054193974));
#2501 = CARTESIAN_POINT('',(104.37486811677,12.98010886678,
    5.014957058147));
#2502 = CARTESIAN_POINT('',(104.37486981721,12.980237712314,
    5.014859924473));
#2503 = CARTESIAN_POINT('',(104.37487325058,12.980500000214,
    5.014662199975));
#2504 = CARTESIAN_POINT('',(104.37487498251,12.980633442766,
    5.014561609308));
#2505 = CARTESIAN_POINT('',(104.37487669963,12.980766888048,
    5.014461020954));
#2506 = CARTESIAN_POINT('',(104.37487840195,12.980900336059,
    5.014360434913));
#2507 = CARTESIAN_POINT('',(104.37488177683,12.98116722738,5.01415927512
    ));
#2508 = CARTESIAN_POINT('',(104.3748834494,12.981300670688,
    5.014058701366));
#2509 = CARTESIAN_POINT('',(104.37488510716,12.981434116721,
    5.01395812993));
#2510 = CARTESIAN_POINT('',(104.37488675011,12.981567565477,
    5.013857560812));
#2511 = CARTESIAN_POINT('',(104.37489000626,12.981834458272,
    5.013656434871));
#2512 = CARTESIAN_POINT('',(104.37489161947,12.981967902311,
    5.013555878048));
#2513 = CARTESIAN_POINT('',(104.37489321787,12.982101349069,
    5.013455323546));
#2514 = CARTESIAN_POINT('',(104.37489480145,12.982234798542,
    5.013354771368));
#2515 = CARTESIAN_POINT('',(104.37489788478,12.982497091479,
    5.013157146158));
#2516 = CARTESIAN_POINT('',(104.37489938554,12.982625934759,
    5.013060072969));
#2517 = CARTESIAN_POINT('',(104.37490087249,12.982754780566,
    5.012963001949));
#2518 = CARTESIAN_POINT('',(104.37490234563,12.982883628899,
    5.012865933099));
#2519 = CARTESIAN_POINT('',(104.37490521207,12.983136719829,
    5.012675273164));
#2520 = CARTESIAN_POINT('',(104.37490660635,12.98326096225,
    5.012581681926));
#2521 = CARTESIAN_POINT('',(104.37490798778,12.983385207015,
    5.012488092708));
#2522 = CARTESIAN_POINT('',(104.37490935637,12.983509454123,
    5.012394505512));
#2523 = CARTESIAN_POINT('',(104.37491216819,12.983767146879,
    5.012200410317));
#2524 = CARTESIAN_POINT('',(104.37491360944,12.983900592887,
    5.012099902628));
#2525 = CARTESIAN_POINT('',(104.37491503589,12.984034041593,
    5.011999397274));
#2526 = CARTESIAN_POINT('',(104.37491644751,12.984167492995,
    5.011898894257));
#2527 = CARTESIAN_POINT('',(104.37491924103,12.984434391034,
    5.011697900547));
#2528 = CARTESIAN_POINT('',(104.37492062292,12.98456783767,
    5.011597409853));
#2529 = CARTESIAN_POINT('',(104.37492199,12.984701286997,5.0114969215));
#2530 = CARTESIAN_POINT('',(104.37492334226,12.984834739014,
    5.011396435488));
#2531 = CARTESIAN_POINT('',(104.37492601705,12.985101638269,
    5.011195475796));
#2532 = CARTESIAN_POINT('',(104.37492733957,12.985235085506,
    5.011095002115));
#2533 = CARTESIAN_POINT('',(104.37492864729,12.985368535429,
    5.010994530779));
#2534 = CARTESIAN_POINT('',(104.37492994018,12.985501988034,
    5.010894061789));
#2535 = CARTESIAN_POINT('',(104.37493249623,12.985768888453,
    5.010693136148));
#2536 = CARTESIAN_POINT('',(104.3749337594,12.985902336265,
    5.010592679497));
#2537 = CARTESIAN_POINT('',(104.37493500774,12.986035786756,
    5.010492225195));
#2538 = CARTESIAN_POINT('',(104.37493624127,12.986169239923,
    5.010391773243));
#2539 = CARTESIAN_POINT('',(104.37493859455,12.986426938627,
    5.010197808474));
#2540 = CARTESIAN_POINT('',(104.37493971628,12.986551183808,
    5.010104295342));
#2541 = CARTESIAN_POINT('',(104.37494082517,12.986675431304,
    5.010010784251));
#2542 = CARTESIAN_POINT('',(104.37494192121,12.986799681115,5.0099172752
    ));
#2543 = CARTESIAN_POINT('',(104.37494412764,12.987052777996,
    5.009726804959));
#2544 = CARTESIAN_POINT('',(104.37494523705,12.98718162524,
    5.009629843921));
#2545 = CARTESIAN_POINT('',(104.37494633266,12.98731047497,
    5.009532885081));
#2546 = CARTESIAN_POINT('',(104.37494741444,12.987439327182,
    5.009435928441));
#2547 = CARTESIAN_POINT('',(104.37494958844,12.987701628544,
    5.009238564412));
#2548 = CARTESIAN_POINT('',(104.37495067965,12.987835077873,
    5.009138157183));
#2549 = CARTESIAN_POINT('',(104.37495175603,12.987968529862,
    5.009037752316));
#2550 = CARTESIAN_POINT('',(104.3749528176,12.988101984508,
    5.008937349813));
#2551 = CARTESIAN_POINT('',(104.37495491101,12.988368888956,
    5.008736557176));
#2552 = CARTESIAN_POINT('',(104.37495594285,12.988502338758,
    5.008636167042));
#2553 = CARTESIAN_POINT('',(104.37495695987,12.988635791212,
    5.008535779274));
#2554 = CARTESIAN_POINT('',(104.37495796207,12.988769246317,
    5.008435393876));
#2555 = CARTESIAN_POINT('',(104.37495993674,12.98903615167,
    5.008234635455));
#2556 = CARTESIAN_POINT('',(104.37496090922,12.989169601918,
    5.008134262432));
#2557 = CARTESIAN_POINT('',(104.37496186687,12.989303054811,
    5.008033891781));
#2558 = CARTESIAN_POINT('',(104.3749628097,12.989436510348,
    5.007933523503));
#2559 = CARTESIAN_POINT('',(104.37496466564,12.989703416553,
    5.007732799331));
#2560 = CARTESIAN_POINT('',(104.37496557875,12.989836867221,
    5.007632443437));
#2561 = CARTESIAN_POINT('',(104.37496647704,12.989970320527,
    5.007532089919));
#2562 = CARTESIAN_POINT('',(104.3749673605,12.99010377647,5.007431738779
    ));
#2563 = CARTESIAN_POINT('',(104.3749690977,12.990370683474,5.00723104889
    ));
#2564 = CARTESIAN_POINT('',(104.37496995145,12.990504134535,
    5.007130710141));
#2565 = CARTESIAN_POINT('',(104.37497079037,12.990637588228,
    5.007030373773));
#2566 = CARTESIAN_POINT('',(104.37497161446,12.99077104455,
    5.006930039787));
#2567 = CARTESIAN_POINT('',(104.37497323293,12.991037952301,
    5.006729384214));
#2568 = CARTESIAN_POINT('',(104.3749740273,12.991171403728,
    5.006629062627));
#2569 = CARTESIAN_POINT('',(104.37497480686,12.991304857781,
    5.006528743425));
#2570 = CARTESIAN_POINT('',(104.37497557158,12.991438314457,
    5.00642842661));
#2571 = CARTESIAN_POINT('',(104.37497707131,12.991705222901,
    5.006227805388));
#2572 = CARTESIAN_POINT('',(104.37497780633,12.991838674669,
    5.006127500979));
#2573 = CARTESIAN_POINT('',(104.37497852651,12.991972129055,
    5.006027198961));
#2574 = CARTESIAN_POINT('',(104.37497923187,12.992105586058,
    5.005926899334));
#2575 = CARTESIAN_POINT('',(104.37498061286,12.992372495143,
    5.005726312494));
#2576 = CARTESIAN_POINT('',(104.37498128851,12.992505947225,
    5.005626025281));
#2577 = CARTESIAN_POINT('',(104.37498194932,12.992639401918,
    5.005525740462));
#2578 = CARTESIAN_POINT('',(104.37498259531,12.992772859222,
    5.005425458039));
#2579 = CARTESIAN_POINT('',(104.37498385757,12.993039768894,
    5.005224905616));
#2580 = CARTESIAN_POINT('',(104.37498447385,12.993173221263,
    5.005124635615));
#2581 = CARTESIAN_POINT('',(104.3749850753,12.993306676238,
    5.005024368013));
#2582 = CARTESIAN_POINT('',(104.37498566192,12.993440133815,
    5.004924102812));
#2583 = CARTESIAN_POINT('',(104.37498680544,12.993707044023,
    5.004723584838));
#2584 = CARTESIAN_POINT('',(104.37498736235,12.993840496653,
    5.004623332066));
#2585 = CARTESIAN_POINT('',(104.37498790443,12.993973951882,
    5.004523081697));
#2586 = CARTESIAN_POINT('',(104.37498843168,12.994107409707,
    5.004422833733));
#2587 = CARTESIAN_POINT('',(104.37498945647,12.994374320397,
    5.004222350243));
#2588 = CARTESIAN_POINT('',(104.37498995402,12.994507773262,
    5.004122114716));
#2589 = CARTESIAN_POINT('',(104.37499043673,12.994641228719,
    5.004021881597));
#2590 = CARTESIAN_POINT('',(104.37499090461,12.994774686765,
    5.003921650888));
#2591 = CARTESIAN_POINT('',(104.37499181066,12.995041597884,
    5.003721201914));
#2592 = CARTESIAN_POINT('',(104.37499224884,12.995175050958,
    5.003620983649));
#2593 = CARTESIAN_POINT('',(104.37499267218,12.995308506616,
    5.003520767797));
#2594 = CARTESIAN_POINT('',(104.37499308069,12.995441964857,
    5.003420554359));
#2595 = CARTESIAN_POINT('',(104.37499386801,12.995708876353,
    5.003220139935));
#2596 = CARTESIAN_POINT('',(104.37499424682,12.995842329608,
    5.003119938948));
#2597 = CARTESIAN_POINT('',(104.37499461079,12.995975785441,
    5.003019740379));
#2598 = CARTESIAN_POINT('',(104.37499495993,12.996109243851,
    5.002919544229));
#2599 = CARTESIAN_POINT('',(104.37499562851,12.996376155671,
    5.002719164388));
#2600 = CARTESIAN_POINT('',(104.37499594795,12.996509609081,
    5.002618980696));
#2601 = CARTESIAN_POINT('',(104.37499625256,12.996643065063,
    5.002518799427));
#2602 = CARTESIAN_POINT('',(104.37499654233,12.996776523615,
    5.002418620582));
#2603 = CARTESIAN_POINT('',(104.37499709217,12.997043435706,
    5.002218275357));
#2604 = CARTESIAN_POINT('',(104.37499735225,12.997176889245,
    5.002118108977));
#2605 = CARTESIAN_POINT('',(104.37499759749,12.997310345349,
    5.002017945024));
#2606 = CARTESIAN_POINT('',(104.37499782789,12.997443804016,
    5.001917783499));
#2607 = CARTESIAN_POINT('',(104.37499825899,12.997710716326,
    5.001717472924));
#2608 = CARTESIAN_POINT('',(104.3749984597,12.997844169968,
    5.001617323873));
#2609 = CARTESIAN_POINT('',(104.37499864557,12.997977626168,
    5.001517177253));
#2610 = CARTESIAN_POINT('',(104.3749988166,12.998111084924,
    5.001417033066));
#2611 = CARTESIAN_POINT('',(104.37499912897,12.998377997399,
    5.001216757173));
#2612 = CARTESIAN_POINT('',(104.37499927031,12.998511451117,
    5.001116625467));
#2613 = CARTESIAN_POINT('',(104.37499939681,12.998644907387,
    5.001016496196));
#2614 = CARTESIAN_POINT('',(104.37499950847,12.998778366206,
    5.000916369364));
#2615 = CARTESIAN_POINT('',(104.37499969876,12.999040677195,
    5.000719580363));
#2616 = CARTESIAN_POINT('',(104.3749997784,12.999169529194,
    5.000622918029));
#2617 = CARTESIAN_POINT('',(104.37499984421,12.999298383564,
    5.00052625797));
#2618 = CARTESIAN_POINT('',(104.37499989618,12.999427240304,
    5.000429600188));
#2619 = CARTESIAN_POINT('',(104.37499996059,12.999644877284,
    5.000266353584));
#2620 = CARTESIAN_POINT('',(104.37499998029,12.999733656278,
    5.000199763565));
#2621 = CARTESIAN_POINT('',(104.37499999343,12.999822436396,
    5.000133174627));
#2622 = CARTESIAN_POINT('',(104.375,12.999911217637,5.000066586772));
#2623 = CARTESIAN_POINT('',(104.375,13.,5.));
#2624 = ORIENTED_EDGE('',*,*,#2376,.F.);
#2625 = CYLINDRICAL_SURFACE('',#2626,1.5);
#2626 = AXIS2_PLACEMENT_3D('',#2627,#2628,#2629);
#2627 = CARTESIAN_POINT('',(102.875,13.,0.));
#2628 = DIRECTION('',(-0.,-0.,-1.));
#2629 = DIRECTION('',(1.,0.,0.));
#2630 = ADVANCED_FACE('',(#2631),#2651,.T.);
#2631 = FACE_BOUND('',#2632,.T.);
#2632 = EDGE_LOOP('',(#2633,#2634,#2635,#2643,#2650));
#2633 = ORIENTED_EDGE('',*,*,#920,.F.);
#2634 = ORIENTED_EDGE('',*,*,#2401,.T.);
#2635 = ORIENTED_EDGE('',*,*,#2636,.F.);
#2636 = EDGE_CURVE('',#2637,#2393,#2639,.T.);
#2637 = VERTEX_POINT('',#2638);
#2638 = CARTESIAN_POINT('',(101.375,19.,3.));
#2639 = LINE('',#2640,#2641);
#2640 = CARTESIAN_POINT('',(101.375,24.86643593495,3.));
#2641 = VECTOR('',#2642,1.);
#2642 = DIRECTION('',(0.,1.,0.));
#2643 = ORIENTED_EDGE('',*,*,#2644,.T.);
#2644 = EDGE_CURVE('',#2637,#2417,#2645,.T.);
#2645 = CIRCLE('',#2646,10.);
#2646 = AXIS2_PLACEMENT_3D('',#2647,#2648,#2649);
#2647 = CARTESIAN_POINT('',(101.375,19.,13.));
#2648 = DIRECTION('',(-1.,0.,0.));
#2649 = DIRECTION('',(-0.,-1.,-0.));
#2650 = ORIENTED_EDGE('',*,*,#2416,.F.);
#2651 = PLANE('',#2652);
#2652 = AXIS2_PLACEMENT_3D('',#2653,#2654,#2655);
#2653 = CARTESIAN_POINT('',(101.375,23.,0.));
#2654 = DIRECTION('',(1.,0.,0.));
#2655 = DIRECTION('',(0.,-1.,0.));
#2656 = ADVANCED_FACE('',(#2657),#2691,.F.);
#2657 = FACE_BOUND('',#2658,.F.);
#2658 = EDGE_LOOP('',(#2659,#2660,#2668,#2676,#2685));
#2659 = ORIENTED_EDGE('',*,*,#937,.F.);
#2660 = ORIENTED_EDGE('',*,*,#2661,.T.);
#2661 = EDGE_CURVE('',#938,#2662,#2664,.T.);
#2662 = VERTEX_POINT('',#2663);
#2663 = CARTESIAN_POINT('',(98.375,39.,3.));
#2664 = LINE('',#2665,#2666);
#2665 = CARTESIAN_POINT('',(98.375,39.,0.));
#2666 = VECTOR('',#2667,1.);
#2667 = DIRECTION('',(0.,0.,1.));
#2668 = ORIENTED_EDGE('',*,*,#2669,.F.);
#2669 = EDGE_CURVE('',#2670,#2662,#2672,.T.);
#2670 = VERTEX_POINT('',#2671);
#2671 = CARTESIAN_POINT('',(98.375,19.,3.));
#2672 = LINE('',#2673,#2674);
#2673 = CARTESIAN_POINT('',(98.375,32.86643593495,3.));
#2674 = VECTOR('',#2675,1.);
#2675 = DIRECTION('',(0.,1.,0.));
#2676 = ORIENTED_EDGE('',*,*,#2677,.T.);
#2677 = EDGE_CURVE('',#2670,#2678,#2680,.T.);
#2678 = VERTEX_POINT('',#2679);
#2679 = CARTESIAN_POINT('',(98.375,13.,5.));
#2680 = CIRCLE('',#2681,10.);
#2681 = AXIS2_PLACEMENT_3D('',#2682,#2683,#2684);
#2682 = CARTESIAN_POINT('',(98.375,19.,13.));
#2683 = DIRECTION('',(-1.,0.,0.));
#2684 = DIRECTION('',(-0.,-1.,-0.));
#2685 = ORIENTED_EDGE('',*,*,#2686,.F.);
#2686 = EDGE_CURVE('',#940,#2678,#2687,.T.);
#2687 = LINE('',#2688,#2689);
#2688 = CARTESIAN_POINT('',(98.375,13.,0.));
#2689 = VECTOR('',#2690,1.);
#2690 = DIRECTION('',(0.,0.,1.));
#2691 = PLANE('',#2692);
#2692 = AXIS2_PLACEMENT_3D('',#2693,#2694,#2695);
#2693 = CARTESIAN_POINT('',(98.375,39.,0.));
#2694 = DIRECTION('',(1.,0.,0.));
#2695 = DIRECTION('',(0.,-1.,0.));
#2696 = ADVANCED_FACE('',(#2697),#2716,.F.);
#2697 = FACE_BOUND('',#2698,.T.);
#2698 = EDGE_LOOP('',(#2699,#2700,#2701,#2710));
#2699 = ORIENTED_EDGE('',*,*,#947,.F.);
#2700 = ORIENTED_EDGE('',*,*,#2661,.T.);
#2701 = ORIENTED_EDGE('',*,*,#2702,.F.);
#2702 = EDGE_CURVE('',#2703,#2662,#2705,.T.);
#2703 = VERTEX_POINT('',#2704);
#2704 = CARTESIAN_POINT('',(95.375,39.,3.));
#2705 = CIRCLE('',#2706,1.5);
#2706 = AXIS2_PLACEMENT_3D('',#2707,#2708,#2709);
#2707 = CARTESIAN_POINT('',(96.875,39.,3.));
#2708 = DIRECTION('',(0.,0.,-1.));
#2709 = DIRECTION('',(1.,0.,0.));
#2710 = ORIENTED_EDGE('',*,*,#2711,.F.);
#2711 = EDGE_CURVE('',#948,#2703,#2712,.T.);
#2712 = LINE('',#2713,#2714);
#2713 = CARTESIAN_POINT('',(95.375,39.,0.));
#2714 = VECTOR('',#2715,1.);
#2715 = DIRECTION('',(0.,0.,1.));
#2716 = CYLINDRICAL_SURFACE('',#2717,1.5);
#2717 = AXIS2_PLACEMENT_3D('',#2718,#2719,#2720);
#2718 = CARTESIAN_POINT('',(96.875,39.,0.));
#2719 = DIRECTION('',(-0.,-0.,-1.));
#2720 = DIRECTION('',(1.,0.,0.));
#2721 = ADVANCED_FACE('',(#2722),#2935,.F.);
#2722 = FACE_BOUND('',#2723,.T.);
#2723 = EDGE_LOOP('',(#2724,#2725,#2733,#2934));
#2724 = ORIENTED_EDGE('',*,*,#964,.F.);
#2725 = ORIENTED_EDGE('',*,*,#2726,.T.);
#2726 = EDGE_CURVE('',#957,#2727,#2729,.T.);
#2727 = VERTEX_POINT('',#2728);
#2728 = CARTESIAN_POINT('',(95.375,13.,5.));
#2729 = LINE('',#2730,#2731);
#2730 = CARTESIAN_POINT('',(95.375,13.,0.));
#2731 = VECTOR('',#2732,1.);
#2732 = DIRECTION('',(0.,0.,1.));
#2733 = ORIENTED_EDGE('',*,*,#2734,.T.);
#2734 = EDGE_CURVE('',#2727,#2678,#2735,.T.);
#2735 = B_SPLINE_CURVE_WITH_KNOTS('',5,(#2736,#2737,#2738,#2739,#2740,
    #2741,#2742,#2743,#2744,#2745,#2746,#2747,#2748,#2749,#2750,#2751,
    #2752,#2753,#2754,#2755,#2756,#2757,#2758,#2759,#2760,#2761,#2762,
    #2763,#2764,#2765,#2766,#2767,#2768,#2769,#2770,#2771,#2772,#2773,
    #2774,#2775,#2776,#2777,#2778,#2779,#2780,#2781,#2782,#2783,#2784,
    #2785,#2786,#2787,#2788,#2789,#2790,#2791,#2792,#2793,#2794,#2795,
    #2796,#2797,#2798,#2799,#2800,#2801,#2802,#2803,#2804,#2805,#2806,
    #2807,#2808,#2809,#2810,#2811,#2812,#2813,#2814,#2815,#2816,#2817,
    #2818,#2819,#2820,#2821,#2822,#2823,#2824,#2825,#2826,#2827,#2828,
    #2829,#2830,#2831,#2832,#2833,#2834,#2835,#2836,#2837,#2838,#2839,
    #2840,#2841,#2842,#2843,#2844,#2845,#2846,#2847,#2848,#2849,#2850,
    #2851,#2852,#2853,#2854,#2855,#2856,#2857,#2858,#2859,#2860,#2861,
    #2862,#2863,#2864,#2865,#2866,#2867,#2868,#2869,#2870,#2871,#2872,
    #2873,#2874,#2875,#2876,#2877,#2878,#2879,#2880,#2881,#2882,#2883,
    #2884,#2885,#2886,#2887,#2888,#2889,#2890,#2891,#2892,#2893,#2894,
    #2895,#2896,#2897,#2898,#2899,#2900,#2901,#2902,#2903,#2904,#2905,
    #2906,#2907,#2908,#2909,#2910,#2911,#2912,#2913,#2914,#2915,#2916,
    #2917,#2918,#2919,#2920,#2921,#2922,#2923,#2924,#2925,#2926,#2927,
    #2928,#2929,#2930,#2931,#2932,#2933),.UNSPECIFIED.,.F.,.F.,(6,4,4,4,
    4,4,4,4,4,4,4,4,4,4,4,4,4,4,4,4,4,4,4,4,4,4,4,4,4,4,4,4,4,4,4,4,4,4,
    4,4,4,4,4,4,4,4,4,4,4,6),(0.,6.146817919549E-02,0.181626412505,
    0.313530279867,0.367486415658,0.414489026226,0.44133971335,
    0.499833060157,0.58508229341,0.632954199102,0.687943523596,
    0.818231493669,0.938479070142,0.995176147739,0.995313570141,
    0.995450982083,0.995569432259,0.995697349719,0.995825258114,
    0.995962631109,0.996099993648,0.996237345734,0.996374687366,
    0.996507283163,0.996635134169,0.99677244553,0.996909746443,
    0.997047036908,0.997184316927,0.99731211997,0.997444646896,
    0.997581896665,0.997719135992,0.997856364879,0.997993583328,
    0.998130791339,0.998263258137,0.998395715207,0.998532892634,
    0.998670059628,0.998807216192,0.998944362326,0.999072040732,
    0.99920916673,0.999341554354,0.999478659862,0.999615754949,
    0.999752839614,0.999880460798,1.),.UNSPECIFIED.);
#2736 = CARTESIAN_POINT('',(95.375,13.,5.));
#2737 = CARTESIAN_POINT('',(95.375,12.940101545374,5.044923840969));
#2738 = CARTESIAN_POINT('',(95.37798983942,12.880728744474,
    5.090329489349));
#2739 = CARTESIAN_POINT('',(95.383864642249,12.822048501504,
    5.136085170744));
#2740 = CARTESIAN_POINT('',(95.392514021536,12.764213962829,
    5.182051227031));
#2741 = CARTESIAN_POINT('',(95.425927114427,12.596235001383,
    5.318057566394));
#2742 = CARTESIAN_POINT('',(95.458180238434,12.4889228045,5.408232654434
    ));
#2743 = CARTESIAN_POINT('',(95.499772274079,12.386108969338,
    5.497792572331));
#2744 = CARTESIAN_POINT('',(95.550051353361,12.288372919459,
    5.585833852099));
#2745 = CARTESIAN_POINT('',(95.672679099387,12.095142511085,
    5.765224243367));
#2746 = CARTESIAN_POINT('',(95.746748425691,12.000733593154,
    5.856117705532));
#2747 = CARTESIAN_POINT('',(95.830136367468,11.91368064158,
    5.942777943504));
#2748 = CARTESIAN_POINT('',(95.922485996012,11.834770660396,
    6.023635551118));
#2749 = CARTESIAN_POINT('',(96.064755279437,11.736662956233,
    6.126453818422));
#2750 = CARTESIAN_POINT('',(96.107496532181,11.709736983788,
    6.154981098288));
#2751 = CARTESIAN_POINT('',(96.151627385981,11.684461530371,
    6.182025360871));
#2752 = CARTESIAN_POINT('',(96.197094390514,11.660933407532,
    6.207421137613));
#2753 = CARTESIAN_POINT('',(96.284562783398,11.620362751157,
    6.251538493462));
#2754 = CARTESIAN_POINT('',(96.326258095118,11.60287435216,
    6.270699796012));
#2755 = CARTESIAN_POINT('',(96.368856548699,11.586866017031,
    6.288354164163));
#2756 = CARTESIAN_POINT('',(96.412285363084,11.572410357918,
    6.304383425061));
#2757 = CARTESIAN_POINT('',(96.48170953963,11.552238459884,
    6.326847182289));
#2758 = CARTESIAN_POINT('',(96.507192244876,11.545433686393,
    6.334447649394));
#2759 = CARTESIAN_POINT('',(96.532899135467,11.53917119659,
    6.341460341703));
#2760 = CARTESIAN_POINT('',(96.558809442608,11.533463029595,
    6.34786609074));
#2761 = CARTESIAN_POINT('',(96.641736627001,11.517116270715,
    6.366242749831));
#2762 = CARTESIAN_POINT('',(96.699451655208,11.508589872614,
    6.37588145397));
#2763 = CARTESIAN_POINT('',(96.757759786215,11.502864406435,
    6.382373869424));
#2764 = CARTESIAN_POINT('',(96.816372092931,11.5,6.385621722339));
#2765 = CARTESIAN_POINT('',(96.960445343748,11.5,6.385621722339));
#2766 = CARTESIAN_POINT('',(97.045796377565,11.506084496097,
    6.378723195938));
#2767 = CARTESIAN_POINT('',(97.130219671811,11.518224047711,
    6.364955374237));
#2768 = CARTESIAN_POINT('',(97.212881128366,11.536172547829,
    6.344739715554));
#2769 = CARTESIAN_POINT('',(97.337946653365,11.572458958647,
    6.304328596493));
#2770 = CARTESIAN_POINT('',(97.382140190646,11.587183942758,
    6.288000880005));
#2771 = CARTESIAN_POINT('',(97.425472899857,11.603516521651,
    6.269990993354));
#2772 = CARTESIAN_POINT('',(97.467868241242,11.621380119721,
    6.250423563761));
#2773 = CARTESIAN_POINT('',(97.556789590504,11.662870718118,
    6.205325088291));
#2774 = CARTESIAN_POINT('',(97.602996619988,11.686961153107,
    6.179337666351));
#2775 = CARTESIAN_POINT('',(97.647814389064,11.712857662021,
    6.15165095344));
#2776 = CARTESIAN_POINT('',(97.691187246568,11.740458455711,
    6.122439105046));
#2777 = CARTESIAN_POINT('',(97.832280824094,11.838860149159,
    6.019447769141));
#2778 = CARTESIAN_POINT('',(97.923087492014,11.917056527424,
    5.939418994317));
#2779 = CARTESIAN_POINT('',(98.005154172483,12.003164937153,
    5.853777974247));
#2780 = CARTESIAN_POINT('',(98.07813613142,12.096431481597,
    5.764028231087));
#2781 = CARTESIAN_POINT('',(98.19993462591,12.288346792015,
    5.585857520921));
#2782 = CARTESIAN_POINT('',(98.250215650849,12.386081911161,
    5.497816447503));
#2783 = CARTESIAN_POINT('',(98.291809695097,12.488894918316,
    5.408256586393));
#2784 = CARTESIAN_POINT('',(98.324064907961,12.596206406357,
    5.318081408978));
#2785 = CARTESIAN_POINT('',(98.356595735582,12.759732984317,
    5.185678983933));
#2786 = CARTESIAN_POINT('',(98.364760395773,12.812965651579,
    5.143309107933));
#2787 = CARTESIAN_POINT('',(98.370575974568,12.866925658897,
    5.101108301876));
#2788 = CARTESIAN_POINT('',(98.373955798235,12.921495395113,5.0591852924
    ));
#2789 = CARTESIAN_POINT('',(98.374818732948,12.976680778156,
    5.017542635272));
#2790 = CARTESIAN_POINT('',(98.374820804673,12.976814215864,
    5.017441948116));
#2791 = CARTESIAN_POINT('',(98.374822861597,12.976947656341,
    5.017341263247));
#2792 = CARTESIAN_POINT('',(98.374824903719,12.977081099585,
    5.017240580666));
#2793 = CARTESIAN_POINT('',(98.374828958203,12.977347981447,
    5.017039227745));
#2794 = CARTESIAN_POINT('',(98.374830970567,12.977481420063,
    5.016938557406));
#2795 = CARTESIAN_POINT('',(98.37483296813,12.977614861442,
    5.016837889358));
#2796 = CARTESIAN_POINT('',(98.374834950889,12.977748305582,
    5.016737223602));
#2797 = CARTESIAN_POINT('',(98.374838615236,12.977996784756,
    5.016549787444));
#2798 = CARTESIAN_POINT('',(98.374840300629,12.978111819083,
    5.016463016452));
#2799 = CARTESIAN_POINT('',(98.37484197502,12.978226855457,
    5.016376247166));
#2800 = CARTESIAN_POINT('',(98.374843638409,12.978341893879,
    5.016289479587));
#2801 = CARTESIAN_POINT('',(98.374847075252,12.978581169573,
    5.016109012969));
#2802 = CARTESIAN_POINT('',(98.374848846876,12.978705407185,
    5.016015314214));
#2803 = CARTESIAN_POINT('',(98.374850605667,12.978829647181,
    5.015921617453));
#2804 = CARTESIAN_POINT('',(98.374852351625,12.97895388956,
    5.015827922686));
#2805 = CARTESIAN_POINT('',(98.374855817749,12.979202370274,
    5.015640543782));
#2806 = CARTESIAN_POINT('',(98.374857537917,12.979326608609,
    5.015546859646));
#2807 = CARTESIAN_POINT('',(98.374859245251,12.979450849323,
    5.015453177506));
#2808 = CARTESIAN_POINT('',(98.374860939751,12.979575092414,
    5.015359497364));
#2809 = CARTESIAN_POINT('',(98.374864427514,12.979832776908,
    5.015165209352));
#2810 = CARTESIAN_POINT('',(98.374866218808,12.979966218676,
    5.015064601789));
#2811 = CARTESIAN_POINT('',(98.374867995295,12.980099663181,
    5.014963996533));
#2812 = CARTESIAN_POINT('',(98.374869756975,12.980233110422,
    5.014863393588));
#2813 = CARTESIAN_POINT('',(98.374873250584,12.980500000214,
    5.014662199975));
#2814 = CARTESIAN_POINT('',(98.374874982516,12.980633442766,
    5.014561609308));
#2815 = CARTESIAN_POINT('',(98.374876699639,12.980766888048,
    5.014461020954));
#2816 = CARTESIAN_POINT('',(98.374878401954,12.980900336059,
    5.014360434913));
#2817 = CARTESIAN_POINT('',(98.374881776836,12.98116722738,5.01415927512
    ));
#2818 = CARTESIAN_POINT('',(98.374883449405,12.981300670688,
    5.014058701366));
#2819 = CARTESIAN_POINT('',(98.374885107165,12.981434116721,
    5.01395812993));
#2820 = CARTESIAN_POINT('',(98.374886750115,12.981567565477,
    5.013857560812));
#2821 = CARTESIAN_POINT('',(98.374890006268,12.981834458272,
    5.013656434871));
#2822 = CARTESIAN_POINT('',(98.374891619474,12.981967902311,
    5.013555878048));
#2823 = CARTESIAN_POINT('',(98.37489321787,12.982101349069,
    5.013455323546));
#2824 = CARTESIAN_POINT('',(98.374894801454,12.982234798542,
    5.013354771368));
#2825 = CARTESIAN_POINT('',(98.374897884789,12.982497091479,
    5.013157146158));
#2826 = CARTESIAN_POINT('',(98.374899385546,12.982625934759,
    5.013060072969));
#2827 = CARTESIAN_POINT('',(98.374900872495,12.982754780566,
    5.012963001949));
#2828 = CARTESIAN_POINT('',(98.374902345636,12.982883628899,
    5.012865933099));
#2829 = CARTESIAN_POINT('',(98.374905212078,12.983136719829,
    5.012675273164));
#2830 = CARTESIAN_POINT('',(98.37490660635,12.98326096225,5.012581681926
    ));
#2831 = CARTESIAN_POINT('',(98.374907987782,12.983385207015,
    5.012488092708));
#2832 = CARTESIAN_POINT('',(98.374909356373,12.983509454123,
    5.012394505512));
#2833 = CARTESIAN_POINT('',(98.374912168191,12.983767146879,
    5.012200410317));
#2834 = CARTESIAN_POINT('',(98.374913609448,12.983900592887,
    5.012099902628));
#2835 = CARTESIAN_POINT('',(98.37491503589,12.984034041593,
    5.011999397274));
#2836 = CARTESIAN_POINT('',(98.374916447518,12.984167492995,
    5.011898894257));
#2837 = CARTESIAN_POINT('',(98.374919241035,12.984434391034,
    5.011697900547));
#2838 = CARTESIAN_POINT('',(98.374920622927,12.98456783767,
    5.011597409853));
#2839 = CARTESIAN_POINT('',(98.374921990004,12.984701286997,5.0114969215
    ));
#2840 = CARTESIAN_POINT('',(98.374923342265,12.984834739014,
    5.011396435488));
#2841 = CARTESIAN_POINT('',(98.374926017051,12.985101638269,
    5.011195475796));
#2842 = CARTESIAN_POINT('',(98.374927339579,12.985235085506,
    5.011095002115));
#2843 = CARTESIAN_POINT('',(98.37492864729,12.985368535429,
    5.010994530779));
#2844 = CARTESIAN_POINT('',(98.374929940184,12.985501988034,
    5.010894061789));
#2845 = CARTESIAN_POINT('',(98.374932496239,12.985768888453,
    5.010693136148));
#2846 = CARTESIAN_POINT('',(98.374933759402,12.985902336265,
    5.010592679497));
#2847 = CARTESIAN_POINT('',(98.374935007747,12.986035786756,
    5.010492225195));
#2848 = CARTESIAN_POINT('',(98.374936241274,12.986169239923,
    5.010391773243));
#2849 = CARTESIAN_POINT('',(98.374938594557,12.986426938627,
    5.010197808474));
#2850 = CARTESIAN_POINT('',(98.374939716289,12.986551183808,
    5.010104295342));
#2851 = CARTESIAN_POINT('',(98.374940825175,12.986675431304,
    5.010010784251));
#2852 = CARTESIAN_POINT('',(98.374941921216,12.986799681115,5.0099172752
    ));
#2853 = CARTESIAN_POINT('',(98.374944127641,12.987052777996,
    5.009726804959));
#2854 = CARTESIAN_POINT('',(98.374945237058,12.98718162524,
    5.009629843921));
#2855 = CARTESIAN_POINT('',(98.37494633266,12.98731047497,5.009532885081
    ));
#2856 = CARTESIAN_POINT('',(98.374947414446,12.987439327182,
    5.009435928441));
#2857 = CARTESIAN_POINT('',(98.374949588442,12.987701628544,
    5.009238564412));
#2858 = CARTESIAN_POINT('',(98.374950679651,12.987835077873,
    5.009138157183));
#2859 = CARTESIAN_POINT('',(98.374951756038,12.987968529862,
    5.009037752316));
#2860 = CARTESIAN_POINT('',(98.374952817604,12.988101984508,
    5.008937349813));
#2861 = CARTESIAN_POINT('',(98.374954911011,12.988368888956,
    5.008736557176));
#2862 = CARTESIAN_POINT('',(98.374955942853,12.988502338758,
    5.008636167042));
#2863 = CARTESIAN_POINT('',(98.374956959874,12.988635791212,
    5.008535779274));
#2864 = CARTESIAN_POINT('',(98.374957962072,12.988769246317,
    5.008435393876));
#2865 = CARTESIAN_POINT('',(98.374959936745,12.98903615167,
    5.008234635455));
#2866 = CARTESIAN_POINT('',(98.374960909221,12.989169601918,
    5.008134262432));
#2867 = CARTESIAN_POINT('',(98.374961866875,12.989303054811,
    5.008033891781));
#2868 = CARTESIAN_POINT('',(98.374962809705,12.989436510348,
    5.007933523503));
#2869 = CARTESIAN_POINT('',(98.374964665643,12.989703416553,
    5.007732799331));
#2870 = CARTESIAN_POINT('',(98.374965578754,12.989836867221,
    5.007632443437));
#2871 = CARTESIAN_POINT('',(98.374966477041,12.989970320527,
    5.007532089919));
#2872 = CARTESIAN_POINT('',(98.374967360502,12.99010377647,
    5.007431738779));
#2873 = CARTESIAN_POINT('',(98.374969097706,12.990370683474,
    5.00723104889));
#2874 = CARTESIAN_POINT('',(98.37496995145,12.990504134535,
    5.007130710141));
#2875 = CARTESIAN_POINT('',(98.37497079037,12.990637588228,
    5.007030373773));
#2876 = CARTESIAN_POINT('',(98.374971614462,12.99077104455,
    5.006930039787));
#2877 = CARTESIAN_POINT('',(98.374973205029,12.991033350787,
    5.006732843534));
#2878 = CARTESIAN_POINT('',(98.374973972509,12.991162200523,
    5.006635981106));
#2879 = CARTESIAN_POINT('',(98.374974726168,12.991291052706,
    5.006539120901));
#2880 = CARTESIAN_POINT('',(98.374975466004,12.991419907334,
    5.006442262921));
#2881 = CARTESIAN_POINT('',(98.374976917976,12.991677612017,
    5.006248558528));
#2882 = CARTESIAN_POINT('',(98.374977630113,12.99180646207,
    5.006151712113));
#2883 = CARTESIAN_POINT('',(98.374978328428,12.991935314565,
    5.006054867926));
#2884 = CARTESIAN_POINT('',(98.374979012919,12.9920641695,5.005958025969
    ));
#2885 = CARTESIAN_POINT('',(98.374980378153,12.992326476318,
    5.00576089545));
#2886 = CARTESIAN_POINT('',(98.374981057892,12.992459928379,
    5.00566060705));
#2887 = CARTESIAN_POINT('',(98.374981722803,12.992593383052,
    5.005560321045));
#2888 = CARTESIAN_POINT('',(98.374982372883,12.992726840335,
    5.005460037436));
#2889 = CARTESIAN_POINT('',(98.374983643334,12.992993749969,
    5.005259482638));
#2890 = CARTESIAN_POINT('',(98.374984263707,12.993127202319,
    5.005159211449));
#2891 = CARTESIAN_POINT('',(98.374984869249,12.993260657275,
    5.005058942659));
#2892 = CARTESIAN_POINT('',(98.374985459961,12.993394114834,
    5.004958676269));
#2893 = CARTESIAN_POINT('',(98.374986611675,12.993661025007,
    5.004758155919));
#2894 = CARTESIAN_POINT('',(98.374987172681,12.99379447762,
    5.004657901958));
#2895 = CARTESIAN_POINT('',(98.374987718855,12.993927932832,5.0045576504
    ));
#2896 = CARTESIAN_POINT('',(98.374988250198,12.994061390641,
    5.004457401247));
#2897 = CARTESIAN_POINT('',(98.374989283176,12.9943283013,5.004256915378
    ));
#2898 = CARTESIAN_POINT('',(98.374989784815,12.994461754149,
    5.004156678661));
#2899 = CARTESIAN_POINT('',(98.374990271621,12.994595209591,
    5.004056444352));
#2900 = CARTESIAN_POINT('',(98.374990743594,12.994728667623,
    5.003956212452));
#2901 = CARTESIAN_POINT('',(98.374991626312,12.994986375559,
    5.003762672705));
#2902 = CARTESIAN_POINT('',(98.374992039036,12.995110625119,
    5.003669364536));
#2903 = CARTESIAN_POINT('',(98.374992438901,12.99523487692,
    5.003576058458));
#2904 = CARTESIAN_POINT('',(98.374992825908,12.995359130961,
    5.003482754473));
#2905 = CARTESIAN_POINT('',(98.374993601886,12.99561683789,
    5.003289246795));
#2906 = CARTESIAN_POINT('',(98.374993988884,12.995750291122,
    5.003189043424));
#2907 = CARTESIAN_POINT('',(98.374994361048,12.995883746932,
    5.00308884247));
#2908 = CARTESIAN_POINT('',(98.374994718377,12.99601720532,
    5.002988643935));
#2909 = CARTESIAN_POINT('',(98.374995391525,12.996279515515,
    5.002791713971));
#2910 = CARTESIAN_POINT('',(98.374995708353,12.996408367148,
    5.002694982378));
#2911 = CARTESIAN_POINT('',(98.374996011351,12.996537221179,
    5.002598253042));
#2912 = CARTESIAN_POINT('',(98.374996300517,12.996666077606,
    5.002501525965));
#2913 = CARTESIAN_POINT('',(98.374996860998,12.996928387378,
    5.002304629358));
#2914 = CARTESIAN_POINT('',(98.374997131309,12.997061840898,
    5.002204459993));
#2915 = CARTESIAN_POINT('',(98.374997386784,12.997195296983,
    5.002104293053));
#2916 = CARTESIAN_POINT('',(98.37499762742,12.997328755631,
    5.002004128541));
#2917 = CARTESIAN_POINT('',(98.374998078998,12.997595667907,
    5.001803811989));
#2918 = CARTESIAN_POINT('',(98.374998289941,12.997729121533,
    5.001703659949));
#2919 = CARTESIAN_POINT('',(98.374998486047,12.997862577719,
    5.00160351034));
#2920 = CARTESIAN_POINT('',(98.374998667313,12.997996036461,
    5.001503363162));
#2921 = CARTESIAN_POINT('',(98.374999000154,12.998262948911,
    5.001303081287));
#2922 = CARTESIAN_POINT('',(98.37499915173,12.998396402619,
    5.001202946589));
#2923 = CARTESIAN_POINT('',(98.374999288467,12.998529858878,
    5.001102814326));
#2924 = CARTESIAN_POINT('',(98.374999410364,12.998663317688,5.0010026845
    ));
#2925 = CARTESIAN_POINT('',(98.374999617085,12.998921027053,
    5.000809341903));
#2926 = CARTESIAN_POINT('',(98.374999703887,12.999045277269,
    5.000716128807));
#2927 = CARTESIAN_POINT('',(98.374999777826,12.999169529692,
    5.000622917826));
#2928 = CARTESIAN_POINT('',(98.3749998389,12.999293784319,5.000529708961
    ));
#2929 = CARTESIAN_POINT('',(98.374999932263,12.999534429057,
    5.000349198053));
#2930 = CARTESIAN_POINT('',(98.374999966131,12.999650818897,
    5.00026189575));
#2931 = CARTESIAN_POINT('',(98.37499998871,12.999767210668,
    5.000174595307));
#2932 = CARTESIAN_POINT('',(98.375,12.99988360437,5.000087296723));
#2933 = CARTESIAN_POINT('',(98.375,13.,5.));
#2934 = ORIENTED_EDGE('',*,*,#2686,.F.);
#2935 = CYLINDRICAL_SURFACE('',#2936,1.5);
#2936 = AXIS2_PLACEMENT_3D('',#2937,#2938,#2939);
#2937 = CARTESIAN_POINT('',(96.875,13.,0.));
#2938 = DIRECTION('',(-0.,-0.,-1.));
#2939 = DIRECTION('',(1.,0.,0.));
#2940 = ADVANCED_FACE('',(#2941),#2961,.T.);
#2941 = FACE_BOUND('',#2942,.T.);
#2942 = EDGE_LOOP('',(#2943,#2944,#2945,#2953,#2960));
#2943 = ORIENTED_EDGE('',*,*,#956,.F.);
#2944 = ORIENTED_EDGE('',*,*,#2711,.T.);
#2945 = ORIENTED_EDGE('',*,*,#2946,.F.);
#2946 = EDGE_CURVE('',#2947,#2703,#2949,.T.);
#2947 = VERTEX_POINT('',#2948);
#2948 = CARTESIAN_POINT('',(95.375,19.,3.));
#2949 = LINE('',#2950,#2951);
#2950 = CARTESIAN_POINT('',(95.375,32.86643593495,3.));
#2951 = VECTOR('',#2952,1.);
#2952 = DIRECTION('',(0.,1.,0.));
#2953 = ORIENTED_EDGE('',*,*,#2954,.T.);
#2954 = EDGE_CURVE('',#2947,#2727,#2955,.T.);
#2955 = CIRCLE('',#2956,10.);
#2956 = AXIS2_PLACEMENT_3D('',#2957,#2958,#2959);
#2957 = CARTESIAN_POINT('',(95.375,19.,13.));
#2958 = DIRECTION('',(-1.,0.,0.));
#2959 = DIRECTION('',(-0.,-1.,-0.));
#2960 = ORIENTED_EDGE('',*,*,#2726,.F.);
#2961 = PLANE('',#2962);
#2962 = AXIS2_PLACEMENT_3D('',#2963,#2964,#2965);
#2963 = CARTESIAN_POINT('',(95.375,39.,0.));
#2964 = DIRECTION('',(1.,0.,0.));
#2965 = DIRECTION('',(0.,-1.,0.));
#2966 = ADVANCED_FACE('',(#2967),#3001,.F.);
#2967 = FACE_BOUND('',#2968,.F.);
#2968 = EDGE_LOOP('',(#2969,#2970,#2978,#2986,#2995));
#2969 = ORIENTED_EDGE('',*,*,#973,.F.);
#2970 = ORIENTED_EDGE('',*,*,#2971,.T.);
#2971 = EDGE_CURVE('',#974,#2972,#2974,.T.);
#2972 = VERTEX_POINT('',#2973);
#2973 = CARTESIAN_POINT('',(11.625,23.,3.));
#2974 = LINE('',#2975,#2976);
#2975 = CARTESIAN_POINT('',(11.625,23.,0.));
#2976 = VECTOR('',#2977,1.);
#2977 = DIRECTION('',(0.,0.,1.));
#2978 = ORIENTED_EDGE('',*,*,#2979,.F.);
#2979 = EDGE_CURVE('',#2980,#2972,#2982,.T.);
#2980 = VERTEX_POINT('',#2981);
#2981 = CARTESIAN_POINT('',(11.625,19.,3.));
#2982 = LINE('',#2983,#2984);
#2983 = CARTESIAN_POINT('',(11.625,24.86643593495,3.));
#2984 = VECTOR('',#2985,1.);
#2985 = DIRECTION('',(0.,1.,0.));
#2986 = ORIENTED_EDGE('',*,*,#2987,.T.);
#2987 = EDGE_CURVE('',#2980,#2988,#2990,.T.);
#2988 = VERTEX_POINT('',#2989);
#2989 = CARTESIAN_POINT('',(11.625,13.,5.));
#2990 = CIRCLE('',#2991,10.);
#2991 = AXIS2_PLACEMENT_3D('',#2992,#2993,#2994);
#2992 = CARTESIAN_POINT('',(11.625,19.,13.));
#2993 = DIRECTION('',(-1.,0.,0.));
#2994 = DIRECTION('',(-0.,-1.,-0.));
#2995 = ORIENTED_EDGE('',*,*,#2996,.F.);
#2996 = EDGE_CURVE('',#976,#2988,#2997,.T.);
#2997 = LINE('',#2998,#2999);
#2998 = CARTESIAN_POINT('',(11.625,13.,0.));
#2999 = VECTOR('',#3000,1.);
#3000 = DIRECTION('',(0.,0.,1.));
#3001 = PLANE('',#3002);
#3002 = AXIS2_PLACEMENT_3D('',#3003,#3004,#3005);
#3003 = CARTESIAN_POINT('',(11.625,23.,0.));
#3004 = DIRECTION('',(1.,0.,0.));
#3005 = DIRECTION('',(0.,-1.,0.));
#3006 = ADVANCED_FACE('',(#3007),#3026,.F.);
#3007 = FACE_BOUND('',#3008,.T.);
#3008 = EDGE_LOOP('',(#3009,#3010,#3011,#3020));
#3009 = ORIENTED_EDGE('',*,*,#983,.F.);
#3010 = ORIENTED_EDGE('',*,*,#2971,.T.);
#3011 = ORIENTED_EDGE('',*,*,#3012,.F.);
#3012 = EDGE_CURVE('',#3013,#2972,#3015,.T.);
#3013 = VERTEX_POINT('',#3014);
#3014 = CARTESIAN_POINT('',(8.625,23.,3.));
#3015 = CIRCLE('',#3016,1.5);
#3016 = AXIS2_PLACEMENT_3D('',#3017,#3018,#3019);
#3017 = CARTESIAN_POINT('',(10.125,23.,3.));
#3018 = DIRECTION('',(0.,0.,-1.));
#3019 = DIRECTION('',(1.,0.,0.));
#3020 = ORIENTED_EDGE('',*,*,#3021,.F.);
#3021 = EDGE_CURVE('',#984,#3013,#3022,.T.);
#3022 = LINE('',#3023,#3024);
#3023 = CARTESIAN_POINT('',(8.625,23.,0.));
#3024 = VECTOR('',#3025,1.);
#3025 = DIRECTION('',(0.,0.,1.));
#3026 = CYLINDRICAL_SURFACE('',#3027,1.5);
#3027 = AXIS2_PLACEMENT_3D('',#3028,#3029,#3030);
#3028 = CARTESIAN_POINT('',(10.125,23.,0.));
#3029 = DIRECTION('',(-0.,-0.,-1.));
#3030 = DIRECTION('',(1.,0.,0.));
#3031 = ADVANCED_FACE('',(#3032),#3257,.F.);
#3032 = FACE_BOUND('',#3033,.T.);
#3033 = EDGE_LOOP('',(#3034,#3035,#3043,#3256));
#3034 = ORIENTED_EDGE('',*,*,#1000,.F.);
#3035 = ORIENTED_EDGE('',*,*,#3036,.T.);
#3036 = EDGE_CURVE('',#993,#3037,#3039,.T.);
#3037 = VERTEX_POINT('',#3038);
#3038 = CARTESIAN_POINT('',(8.625,13.,5.));
#3039 = LINE('',#3040,#3041);
#3040 = CARTESIAN_POINT('',(8.625,13.,0.));
#3041 = VECTOR('',#3042,1.);
#3042 = DIRECTION('',(0.,0.,1.));
#3043 = ORIENTED_EDGE('',*,*,#3044,.T.);
#3044 = EDGE_CURVE('',#3037,#2988,#3045,.T.);
#3045 = B_SPLINE_CURVE_WITH_KNOTS('',5,(#3046,#3047,#3048,#3049,#3050,
    #3051,#3052,#3053,#3054,#3055,#3056,#3057,#3058,#3059,#3060,#3061,
    #3062,#3063,#3064,#3065,#3066,#3067,#3068,#3069,#3070,#3071,#3072,
    #3073,#3074,#3075,#3076,#3077,#3078,#3079,#3080,#3081,#3082,#3083,
    #3084,#3085,#3086,#3087,#3088,#3089,#3090,#3091,#3092,#3093,#3094,
    #3095,#3096,#3097,#3098,#3099,#3100,#3101,#3102,#3103,#3104,#3105,
    #3106,#3107,#3108,#3109,#3110,#3111,#3112,#3113,#3114,#3115,#3116,
    #3117,#3118,#3119,#3120,#3121,#3122,#3123,#3124,#3125,#3126,#3127,
    #3128,#3129,#3130,#3131,#3132,#3133,#3134,#3135,#3136,#3137,#3138,
    #3139,#3140,#3141,#3142,#3143,#3144,#3145,#3146,#3147,#3148,#3149,
    #3150,#3151,#3152,#3153,#3154,#3155,#3156,#3157,#3158,#3159,#3160,
    #3161,#3162,#3163,#3164,#3165,#3166,#3167,#3168,#3169,#3170,#3171,
    #3172,#3173,#3174,#3175,#3176,#3177,#3178,#3179,#3180,#3181,#3182,
    #3183,#3184,#3185,#3186,#3187,#3188,#3189,#3190,#3191,#3192,#3193,
    #3194,#3195,#3196,#3197,#3198,#3199,#3200,#3201,#3202,#3203,#3204,
    #3205,#3206,#3207,#3208,#3209,#3210,#3211,#3212,#3213,#3214,#3215,
    #3216,#3217,#3218,#3219,#3220,#3221,#3222,#3223,#3224,#3225,#3226,
    #3227,#3228,#3229,#3230,#3231,#3232,#3233,#3234,#3235,#3236,#3237,
    #3238,#3239,#3240,#3241,#3242,#3243,#3244,#3245,#3246,#3247,#3248,
    #3249,#3250,#3251,#3252,#3253,#3254,#3255),.UNSPECIFIED.,.F.,.F.,(6,
    4,4,4,4,4,4,4,4,4,4,4,4,4,4,4,4,4,4,4,4,4,4,4,4,4,4,4,4,4,4,4,4,4,4,
    4,4,4,4,4,4,4,4,4,4,4,4,4,4,4,4,4,6),(0.,6.146817858379E-02,
    0.18162641071,0.313530284349,0.367486419558,0.41448902962,
    0.441339716453,0.499833062629,0.585082295008,0.632954200234,
    0.687943524197,0.818231500335,0.938479075819,0.995190365261,
    0.995308832516,0.995446244792,0.995574170957,0.995716300508,
    0.995806310102,0.995938947638,0.996066838888,0.996213665815,
    0.996313122431,0.996431516017,0.996530960627,0.996668279889,
    0.99681505789,0.996923949982,0.997056505398,0.997189051076,
    0.997316853759,0.997449380312,0.997558234127,0.99769074295,
    0.997780654108,0.997903683169,0.998026703839,0.998107135895,
    0.998244335243,0.998381524155,0.998509242385,0.998613302404,
    0.998745733746,0.998854509361,0.998939633526,0.999124055437,
    0.999251721099,0.999369921987,0.999497570246,0.999587391382,
    0.999724478177,0.999856827954,1.),.UNSPECIFIED.);
#3046 = CARTESIAN_POINT('',(8.625,13.,5.));
#3047 = CARTESIAN_POINT('',(8.625,12.940101545368,5.044923840974));
#3048 = CARTESIAN_POINT('',(8.627989839419,12.880728744479,
    5.090329489345));
#3049 = CARTESIAN_POINT('',(8.633864642249,12.822048501509,5.13608517074
    ));
#3050 = CARTESIAN_POINT('',(8.642514021537,12.764213962823,
    5.182051227036));
#3051 = CARTESIAN_POINT('',(8.675927114427,12.596235001383,
    5.318057566394));
#3052 = CARTESIAN_POINT('',(8.708180238434,12.4889228045,5.408232654434)
  );
#3053 = CARTESIAN_POINT('',(8.749772274079,12.386108969338,
    5.497792572331));
#3054 = CARTESIAN_POINT('',(8.800051353361,12.288372919459,
    5.585833852099));
#3055 = CARTESIAN_POINT('',(8.922679103073,12.095142505277,
    5.765224248758));
#3056 = CARTESIAN_POINT('',(8.99674841451,12.000733606234,5.856117692942
    ));
#3057 = CARTESIAN_POINT('',(9.080136380357,11.913680629845,5.94277795522
    ));
#3058 = CARTESIAN_POINT('',(9.172485990118,11.834770664461,
    6.023635546859));
#3059 = CARTESIAN_POINT('',(9.314755279437,11.736662956233,
    6.126453818422));
#3060 = CARTESIAN_POINT('',(9.357496532181,11.709736983788,
    6.154981098288));
#3061 = CARTESIAN_POINT('',(9.401627385981,11.684461530371,
    6.182025360871));
#3062 = CARTESIAN_POINT('',(9.447094390514,11.660933407532,
    6.207421137613));
#3063 = CARTESIAN_POINT('',(9.534562783398,11.620362751157,
    6.251538493462));
#3064 = CARTESIAN_POINT('',(9.576258095118,11.60287435216,6.270699796012
    ));
#3065 = CARTESIAN_POINT('',(9.618856548699,11.586866017031,
    6.288354164163));
#3066 = CARTESIAN_POINT('',(9.662285363084,11.572410357918,
    6.304383425061));
#3067 = CARTESIAN_POINT('',(9.73170953963,11.552238459884,6.326847182289
    ));
#3068 = CARTESIAN_POINT('',(9.757192244876,11.545433686393,
    6.334447649394));
#3069 = CARTESIAN_POINT('',(9.782899135467,11.53917119659,6.341460341703
    ));
#3070 = CARTESIAN_POINT('',(9.808809442608,11.533463029595,6.34786609074
    ));
#3071 = CARTESIAN_POINT('',(9.891736627001,11.517116270715,
    6.366242749831));
#3072 = CARTESIAN_POINT('',(9.949451655208,11.508589872614,6.37588145397
    ));
#3073 = CARTESIAN_POINT('',(10.007759786215,11.502864406435,
    6.382373869424));
#3074 = CARTESIAN_POINT('',(10.06637209293,11.5,6.385621722339));
#3075 = CARTESIAN_POINT('',(10.210445343793,11.5,6.385621722339));
#3076 = CARTESIAN_POINT('',(10.295796377526,11.506084496103,
    6.378723195931));
#3077 = CARTESIAN_POINT('',(10.380219671777,11.518224047695,
    6.364955374255));
#3078 = CARTESIAN_POINT('',(10.462881128409,11.536172547841,
    6.344739715541));
#3079 = CARTESIAN_POINT('',(10.587946653365,11.572458958647,
    6.304328596493));
#3080 = CARTESIAN_POINT('',(10.632140190646,11.587183942758,
    6.288000880005));
#3081 = CARTESIAN_POINT('',(10.675472899857,11.603516521651,
    6.269990993354));
#3082 = CARTESIAN_POINT('',(10.717868241242,11.621380119721,
    6.250423563761));
#3083 = CARTESIAN_POINT('',(10.806789590508,11.662870718119,
    6.205325088289));
#3084 = CARTESIAN_POINT('',(10.852996619984,11.686961153105,
    6.179337666353));
#3085 = CARTESIAN_POINT('',(10.897814389061,11.712857662019,
    6.151650953441));
#3086 = CARTESIAN_POINT('',(10.941187246572,11.740458455714,
    6.122439105043));
#3087 = CARTESIAN_POINT('',(11.082280829661,11.838860153041,
    6.019447765078));
#3088 = CARTESIAN_POINT('',(11.173087479838,11.917056516259,
    5.939419005458));
#3089 = CARTESIAN_POINT('',(11.255154183033,12.003164949546,
    5.853777962323));
#3090 = CARTESIAN_POINT('',(11.328136127951,12.096431476131,
    5.764028236162));
#3091 = CARTESIAN_POINT('',(11.44993462591,12.288346792015,
    5.585857520921));
#3092 = CARTESIAN_POINT('',(11.500215650849,12.386081911161,
    5.497816447503));
#3093 = CARTESIAN_POINT('',(11.541809695097,12.488894918316,
    5.408256586393));
#3094 = CARTESIAN_POINT('',(11.574064907961,12.596206406357,
    5.318081408978));
#3095 = CARTESIAN_POINT('',(11.606598348479,12.75974611888,
    5.185668349283));
#3096 = CARTESIAN_POINT('',(11.614764490715,12.812992350816,
    5.14328785698));
#3097 = CARTESIAN_POINT('',(11.62058034983,12.866966257518,5.10107655075
    ));
#3098 = CARTESIAN_POINT('',(11.623959187311,12.921550132587,
    5.059143240949));
#3099 = CARTESIAN_POINT('',(11.624819517557,12.976731394746,
    5.017504442236));
#3100 = CARTESIAN_POINT('',(11.624821300002,12.976846427609,
    5.017417643735));
#3101 = CARTESIAN_POINT('',(11.624823071447,12.976961462531,
    5.017330846934));
#3102 = CARTESIAN_POINT('',(11.624824831893,12.977076499508,
    5.017244051833));
#3103 = CARTESIAN_POINT('',(11.624828610549,12.977324974361,
    5.017056585226));
#3104 = CARTESIAN_POINT('',(11.62483062496,12.977458412947,
    5.016955914307));
#3105 = CARTESIAN_POINT('',(11.624832624569,12.977591854295,
    5.016855245678));
#3106 = CARTESIAN_POINT('',(11.624834609376,12.977725298404,
    5.016754579342));
#3107 = CARTESIAN_POINT('',(11.624838413383,12.977982979777,
    5.016560200493));
#3108 = CARTESIAN_POINT('',(11.624840234557,12.978107216672,
    5.016466487674));
#3109 = CARTESIAN_POINT('',(11.624842042899,12.978231455957,
    5.016372776845));
#3110 = CARTESIAN_POINT('',(11.624843838409,12.97835569763,
    5.016279068007));
#3111 = CARTESIAN_POINT('',(11.624847601689,12.978617980315,
    5.016081250231));
#3112 = CARTESIAN_POINT('',(11.624849566451,12.978756021887,
    5.015977141761));
#3113 = CARTESIAN_POINT('',(11.62485151537,12.978894066403,
    5.015873035751));
#3114 = CARTESIAN_POINT('',(11.624853448445,12.979032113858,
    5.015768932205));
#3115 = CARTESIAN_POINT('',(11.624856579842,12.979257590547,
    5.015598904677));
#3116 = CARTESIAN_POINT('',(11.624857787654,12.979345018019,
    5.015532979219));
#3117 = CARTESIAN_POINT('',(11.624858989111,12.979432446669,
    5.015467054751));
#3118 = CARTESIAN_POINT('',(11.624860184213,12.979519876497,
    5.015401131272));
#3119 = CARTESIAN_POINT('',(11.624863124686,12.979736145245,
    5.015238065843));
#3120 = CARTESIAN_POINT('',(11.624864862612,12.979864985543,
    5.015140925053));
#3121 = CARTESIAN_POINT('',(11.624866586735,12.979993828395,
    5.015043786414));
#3122 = CARTESIAN_POINT('',(11.624868297054,12.980122673798,
    5.014946649927));
#3123 = CARTESIAN_POINT('',(11.624871629375,12.980375759024,
    5.014755857104));
#3124 = CARTESIAN_POINT('',(11.624873252347,12.980499998667,
    5.014662200617));
#3125 = CARTESIAN_POINT('',(11.624874862483,12.980624240678,
    5.014568546133));
#3126 = CARTESIAN_POINT('',(11.624876459783,12.980748485057,
    5.014474893655));
#3127 = CARTESIAN_POINT('',(11.624879863305,12.981015374612,
    5.014273726751));
#3128 = CARTESIAN_POINT('',(11.624881665445,12.981158020542,
    5.014166212964));
#3129 = CARTESIAN_POINT('',(11.624883450662,12.981300669586,
    5.014058701823));
#3130 = CARTESIAN_POINT('',(11.624885218957,12.981443321742,
    5.013951193331));
#3131 = CARTESIAN_POINT('',(11.624888156658,12.981682607853,
    5.01377086592));
#3132 = CARTESIAN_POINT('',(11.624889335224,12.981779240125,
    5.013698045568));
#3133 = CARTESIAN_POINT('',(11.624890506024,12.981875873822,
    5.013625226432));
#3134 = CARTESIAN_POINT('',(11.624891669057,12.981972508945,
    5.013552408514));
#3135 = CARTESIAN_POINT('',(11.624894199558,12.982184182058,
    5.013392910499));
#3136 = CARTESIAN_POINT('',(11.624895563786,12.982299220642,
    5.013306230909));
#3137 = CARTESIAN_POINT('',(11.624896917007,12.982414261243,
    5.013219553047));
#3138 = CARTESIAN_POINT('',(11.624898259221,12.98252930386,
    5.013132876913));
#3139 = CARTESIAN_POINT('',(11.624900708571,12.982740980149,
    5.012973400403));
#3140 = CARTESIAN_POINT('',(11.62490181895,12.982837613229,
    5.012900599518));
#3141 = CARTESIAN_POINT('',(11.624902921562,12.982934247728,
    5.012827799853));
#3142 = CARTESIAN_POINT('',(11.624904016406,12.983030883648,
    5.01275500141));
#3143 = CARTESIAN_POINT('',(11.624906604584,12.983260963794,
    5.012581681287));
#3144 = CARTESIAN_POINT('',(11.624908090875,12.983394409308,
    5.012481160716));
#3145 = CARTESIAN_POINT('',(11.624909562353,12.983527857525,
    5.012380642476));
#3146 = CARTESIAN_POINT('',(11.624911019018,12.983661308443,
    5.01228012657));
#3147 = CARTESIAN_POINT('',(11.624914002033,12.983937408147,
    5.012072175915));
#3148 = CARTESIAN_POINT('',(11.624915526272,12.984080057317,
    5.011964741498));
#3149 = CARTESIAN_POINT('',(11.624917033584,12.984222709568,
    5.011857309752));
#3150 = CARTESIAN_POINT('',(11.624918523967,12.984365364899,
    5.011749880677));
#3151 = CARTESIAN_POINT('',(11.624921090548,12.984613859141,
    5.011562756464));
#3152 = CARTESIAN_POINT('',(11.624922174359,12.984719696669,
    5.011483060124));
#3153 = CARTESIAN_POINT('',(11.624923248851,12.98482553589,
    5.011403365256));
#3154 = CARTESIAN_POINT('',(11.624924314023,12.984931376802,
    5.011323671861));
#3155 = CARTESIAN_POINT('',(11.624926655175,12.985166062646,
    5.01114697018));
#3156 = CARTESIAN_POINT('',(11.624927926664,12.985294908393,
    5.011049962604));
#3157 = CARTESIAN_POINT('',(11.62492918434,12.985423756642,
    5.010952957214));
#3158 = CARTESIAN_POINT('',(11.624930428204,12.985552607392,
    5.010855954011));
#3159 = CARTESIAN_POINT('',(11.624932888213,12.985810304423,
    5.010661959109));
#3160 = CARTESIAN_POINT('',(11.62493410436,12.985939150704,5.01056496741
    ));
#3161 = CARTESIAN_POINT('',(11.624935306694,12.986067999482,5.0104679779
    ));
#3162 = CARTESIAN_POINT('',(11.624936495214,12.986196850754,
    5.010370990582));
#3163 = CARTESIAN_POINT('',(11.624938802589,12.986449947399,
    5.010180490834));
#3164 = CARTESIAN_POINT('',(11.624939922415,12.986574192596,
    5.01008697825));
#3165 = CARTESIAN_POINT('',(11.624941029395,12.98669844011,
    5.009993467706));
#3166 = CARTESIAN_POINT('',(11.62494212353,12.986822689937,
    5.009899959204));
#3167 = CARTESIAN_POINT('',(11.624944326072,12.987075786852,
    5.009709490078));
#3168 = CARTESIAN_POINT('',(11.624945433513,12.987204634114,
    5.009612529609));
#3169 = CARTESIAN_POINT('',(11.624946527138,12.98733348386,
    5.009515571338));
#3170 = CARTESIAN_POINT('',(11.624947606948,12.987462336088,
    5.009418615267));
#3171 = CARTESIAN_POINT('',(11.624949548518,12.987697028658,
    5.009242026045));
#3172 = CARTESIAN_POINT('',(11.624950414774,12.987802868191,
    5.009162392178));
#3173 = CARTESIAN_POINT('',(11.624951271707,12.987908709397,
    5.009082759797));
#3174 = CARTESIAN_POINT('',(11.624952119318,12.988014552274,
    5.009003128903));
#3175 = CARTESIAN_POINT('',(11.62495397806,12.988249242435,
    5.008826565834));
#3176 = CARTESIAN_POINT('',(11.624954984699,12.988378090524,
    5.008729634376));
#3177 = CARTESIAN_POINT('',(11.624955977522,12.988506941086,
    5.008632705123));
#3178 = CARTESIAN_POINT('',(11.624956956526,12.98863579412,
    5.008535778078));
#3179 = CARTESIAN_POINT('',(11.624958576617,12.988852081897,
    5.00837308687));
#3180 = CARTESIAN_POINT('',(11.624959225161,12.988939515307,
    5.008307321517));
#3181 = CARTESIAN_POINT('',(11.624959867343,12.989026949854,
    5.00824155718));
#3182 = CARTESIAN_POINT('',(11.624960503161,12.989114385537,
    5.008175793862));
#3183 = CARTESIAN_POINT('',(11.624961993925,12.989321465677,
    5.008020046357));
#3184 = CARTESIAN_POINT('',(11.62496284332,12.989441111123,
    5.007930063058));
#3185 = CARTESIAN_POINT('',(11.624963680799,12.989560758695,
    5.007840081668));
#3186 = CARTESIAN_POINT('',(11.624964506362,12.989680408389,
    5.007750102186));
#3187 = CARTESIAN_POINT('',(11.624966133599,12.989919703859,
    5.007570153179));
#3188 = CARTESIAN_POINT('',(11.624966935275,12.990039349636,
    5.007480183654));
#3189 = CARTESIAN_POINT('',(11.624967725035,12.990158997531,
    5.00739021604));
#3190 = CARTESIAN_POINT('',(11.624968502877,12.990278647545,
    5.007300250337));
#3191 = CARTESIAN_POINT('',(11.624969769571,12.990476529348,
    5.007151467389));
#3192 = CARTESIAN_POINT('',(11.624970265245,12.990554759926,
    5.007092649047));
#3193 = CARTESIAN_POINT('',(11.624970755825,12.990632991408,
    5.007033831523));
#3194 = CARTESIAN_POINT('',(11.62497124131,12.990711223795,
    5.006975014818));
#3195 = CARTESIAN_POINT('',(11.624972541139,12.990922905821,
    5.006815872001));
#3196 = CARTESIAN_POINT('',(11.624973345753,12.991056357187,
    5.006715547454));
#3197 = CARTESIAN_POINT('',(11.62497413554,12.99118981118,5.006615225291
    ));
#3198 = CARTESIAN_POINT('',(11.6249749105,12.991323267797,5.006514905515
    ));
#3199 = CARTESIAN_POINT('',(11.624976430705,12.991590176125,
    5.006314278367));
#3200 = CARTESIAN_POINT('',(11.624977175953,12.991723627836,
    5.006213970996));
#3201 = CARTESIAN_POINT('',(11.624977906373,12.991857082167,
    5.006113666013));
#3202 = CARTESIAN_POINT('',(11.624978621964,12.991990539115,
    5.006013363422));
#3203 = CARTESIAN_POINT('',(11.62497997511,12.992248245012,
    5.005819687136));
#3204 = CARTESIAN_POINT('',(11.624980614643,12.992372493611,
    5.005726313122));
#3205 = CARTESIAN_POINT('',(11.624981241321,12.992496744475,
    5.005632941184));
#3206 = CARTESIAN_POINT('',(11.624981855145,12.992620997603,
    5.005539571321));
#3207 = CARTESIAN_POINT('',(11.624982945759,12.99284649162,5.00537013097
    ));
#3208 = CARTESIAN_POINT('',(11.624983426871,12.992947731749,
    5.005294059782));
#3209 = CARTESIAN_POINT('',(11.624983899448,12.993048973378,
    5.005217989975));
#3210 = CARTESIAN_POINT('',(11.624984363491,12.993150216507,
    5.005141921548));
#3211 = CARTESIAN_POINT('',(11.624985398696,12.993380309487,
    5.004969048245));
#3212 = CARTESIAN_POINT('',(11.624985964569,12.993509160266,
    5.004872244226));
#3213 = CARTESIAN_POINT('',(11.624986516617,12.99363801347,
    5.004775442445));
#3214 = CARTESIAN_POINT('',(11.624987054839,12.993766869099,
    5.004678642904));
#3215 = CARTESIAN_POINT('',(11.624988009956,12.994001567755,
    5.004502338854));
#3216 = CARTESIAN_POINT('',(11.624988431351,12.994107409995,
    5.004422833616));
#3217 = CARTESIAN_POINT('',(11.624988843417,12.994213253867,
    5.004343329891));
#3218 = CARTESIAN_POINT('',(11.624989246152,12.994319099372,
    5.00426382768));
#3219 = CARTESIAN_POINT('',(11.624989947423,12.994507778942,
    5.004122112391));
#3220 = CARTESIAN_POINT('',(11.624990249574,12.994590612377,
    5.004059898727));
#3221 = CARTESIAN_POINT('',(11.624990546011,12.994673446809,
    5.003997685991));
#3222 = CARTESIAN_POINT('',(11.624990836734,12.994756282239,
    5.003935474183));
#3223 = CARTESIAN_POINT('',(11.624991739212,12.99501858418,
    5.003738483139));
#3224 = CARTESIAN_POINT('',(11.624992329858,12.995198054374,
    5.003603707334));
#3225 = CARTESIAN_POINT('',(11.624992893678,12.995377529243,
    5.003468935892));
#3226 = CARTESIAN_POINT('',(11.624993430667,12.995557008782,
    5.003334168818));
#3227 = CARTESIAN_POINT('',(11.624994293979,12.99586074053,
    5.003106116933));
#3228 = CARTESIAN_POINT('',(11.624994634275,12.995984990309,
    5.003012829845));
#3229 = CARTESIAN_POINT('',(11.624994961713,12.996109242323,
    5.002919544853));
#3230 = CARTESIAN_POINT('',(11.62499527629,12.996233496568,
    5.002826261959));
#3231 = CARTESIAN_POINT('',(11.624995857354,12.996472797493,
    5.002646615945));
#3232 = CARTESIAN_POINT('',(11.624996125676,12.996587843855,
    5.002560252525));
#3233 = CARTESIAN_POINT('',(11.624996382974,12.996702892127,
    5.002473890906));
#3234 = CARTESIAN_POINT('',(11.624996629245,12.996817942308,
    5.002387531088));
#3235 = CARTESIAN_POINT('',(11.624997118535,12.997057242183,
    5.002207912773));
#3236 = CARTESIAN_POINT('',(11.624997359721,12.997181492195,
    5.002114654575));
#3237 = CARTESIAN_POINT('',(11.624997588047,12.99730574443,
    5.002021398481));
#3238 = CARTESIAN_POINT('',(11.62499780351,12.997429998886,
    5.001928144492));
#3239 = CARTESIAN_POINT('',(11.624998148672,12.997641690174,
    5.00176927487));
#3240 = CARTESIAN_POINT('',(11.624998284865,12.997729125884,
    5.001703658174));
#3241 = CARTESIAN_POINT('',(11.624998414689,12.997816562693,
    5.001638042521));
#3242 = CARTESIAN_POINT('',(11.624998538143,12.997904000599,
    5.001572427912));
#3243 = CARTESIAN_POINT('',(11.624998833924,12.99812489074,
    5.001406673628));
#3244 = CARTESIAN_POINT('',(11.624998997783,12.998258344433,
    5.001306535341));
#3245 = CARTESIAN_POINT('',(11.624999146804,12.998391800679,
    5.001206399488));
#3246 = CARTESIAN_POINT('',(11.624999280984,12.998525259477,
    5.00110626607));
#3247 = CARTESIAN_POINT('',(11.624999515539,12.998787570431,
    5.000909464124));
#3248 = CARTESIAN_POINT('',(11.624999616921,12.998916422414,
    5.00081279543));
#3249 = CARTESIAN_POINT('',(11.62499970447,12.999045276771,5.00071612901
    ));
#3250 = CARTESIAN_POINT('',(11.624999778183,12.999174133501,
    5.000619464864));
#3251 = CARTESIAN_POINT('',(11.624999902834,12.999442388538,
    5.000418237065));
#3252 = CARTESIAN_POINT('',(11.624999951415,12.999581787248,
    5.000313673798));
#3253 = CARTESIAN_POINT('',(11.624999983805,12.99972118873,
    5.000209113197));
#3254 = CARTESIAN_POINT('',(11.625,12.999860592982,5.000104555264));
#3255 = CARTESIAN_POINT('',(11.625,13.,5.));
#3256 = ORIENTED_EDGE('',*,*,#2996,.F.);
#3257 = CYLINDRICAL_SURFACE('',#3258,1.5);
#3258 = AXIS2_PLACEMENT_3D('',#3259,#3260,#3261);
#3259 = CARTESIAN_POINT('',(10.125,13.,0.));
#3260 = DIRECTION('',(-0.,-0.,-1.));
#3261 = DIRECTION('',(1.,0.,0.));
#3262 = ADVANCED_FACE('',(#3263),#3283,.T.);
#3263 = FACE_BOUND('',#3264,.T.);
#3264 = EDGE_LOOP('',(#3265,#3266,#3267,#3275,#3282));
#3265 = ORIENTED_EDGE('',*,*,#992,.F.);
#3266 = ORIENTED_EDGE('',*,*,#3021,.T.);
#3267 = ORIENTED_EDGE('',*,*,#3268,.F.);
#3268 = EDGE_CURVE('',#3269,#3013,#3271,.T.);
#3269 = VERTEX_POINT('',#3270);
#3270 = CARTESIAN_POINT('',(8.625,19.,3.));
#3271 = LINE('',#3272,#3273);
#3272 = CARTESIAN_POINT('',(8.625,24.86643593495,3.));
#3273 = VECTOR('',#3274,1.);
#3274 = DIRECTION('',(0.,1.,0.));
#3275 = ORIENTED_EDGE('',*,*,#3276,.T.);
#3276 = EDGE_CURVE('',#3269,#3037,#3277,.T.);
#3277 = CIRCLE('',#3278,10.);
#3278 = AXIS2_PLACEMENT_3D('',#3279,#3280,#3281);
#3279 = CARTESIAN_POINT('',(8.625,19.,13.));
#3280 = DIRECTION('',(-1.,0.,0.));
#3281 = DIRECTION('',(-0.,-1.,-0.));
#3282 = ORIENTED_EDGE('',*,*,#3036,.F.);
#3283 = PLANE('',#3284);
#3284 = AXIS2_PLACEMENT_3D('',#3285,#3286,#3287);
#3285 = CARTESIAN_POINT('',(8.625,23.,0.));
#3286 = DIRECTION('',(1.,0.,0.));
#3287 = DIRECTION('',(0.,-1.,0.));
#3288 = ADVANCED_FACE('',(#3289),#3323,.F.);
#3289 = FACE_BOUND('',#3290,.F.);
#3290 = EDGE_LOOP('',(#3291,#3292,#3300,#3308,#3317));
#3291 = ORIENTED_EDGE('',*,*,#1009,.F.);
#3292 = ORIENTED_EDGE('',*,*,#3293,.T.);
#3293 = EDGE_CURVE('',#1010,#3294,#3296,.T.);
#3294 = VERTEX_POINT('',#3295);
#3295 = CARTESIAN_POINT('',(17.625,39.,3.));
#3296 = LINE('',#3297,#3298);
#3297 = CARTESIAN_POINT('',(17.625,39.,0.));
#3298 = VECTOR('',#3299,1.);
#3299 = DIRECTION('',(0.,0.,1.));
#3300 = ORIENTED_EDGE('',*,*,#3301,.F.);
#3301 = EDGE_CURVE('',#3302,#3294,#3304,.T.);
#3302 = VERTEX_POINT('',#3303);
#3303 = CARTESIAN_POINT('',(17.625,19.,3.));
#3304 = LINE('',#3305,#3306);
#3305 = CARTESIAN_POINT('',(17.625,32.86643593495,3.));
#3306 = VECTOR('',#3307,1.);
#3307 = DIRECTION('',(0.,1.,0.));
#3308 = ORIENTED_EDGE('',*,*,#3309,.T.);
#3309 = EDGE_CURVE('',#3302,#3310,#3312,.T.);
#3310 = VERTEX_POINT('',#3311);
#3311 = CARTESIAN_POINT('',(17.625,13.,5.));
#3312 = CIRCLE('',#3313,10.);
#3313 = AXIS2_PLACEMENT_3D('',#3314,#3315,#3316);
#3314 = CARTESIAN_POINT('',(17.625,19.,13.));
#3315 = DIRECTION('',(-1.,0.,0.));
#3316 = DIRECTION('',(-0.,-1.,-0.));
#3317 = ORIENTED_EDGE('',*,*,#3318,.F.);
#3318 = EDGE_CURVE('',#1012,#3310,#3319,.T.);
#3319 = LINE('',#3320,#3321);
#3320 = CARTESIAN_POINT('',(17.625,13.,0.));
#3321 = VECTOR('',#3322,1.);
#3322 = DIRECTION('',(0.,0.,1.));
#3323 = PLANE('',#3324);
#3324 = AXIS2_PLACEMENT_3D('',#3325,#3326,#3327);
#3325 = CARTESIAN_POINT('',(17.625,39.,0.));
#3326 = DIRECTION('',(1.,0.,0.));
#3327 = DIRECTION('',(0.,-1.,0.));
#3328 = ADVANCED_FACE('',(#3329),#3348,.F.);
#3329 = FACE_BOUND('',#3330,.T.);
#3330 = EDGE_LOOP('',(#3331,#3332,#3333,#3342));
#3331 = ORIENTED_EDGE('',*,*,#1019,.F.);
#3332 = ORIENTED_EDGE('',*,*,#3293,.T.);
#3333 = ORIENTED_EDGE('',*,*,#3334,.F.);
#3334 = EDGE_CURVE('',#3335,#3294,#3337,.T.);
#3335 = VERTEX_POINT('',#3336);
#3336 = CARTESIAN_POINT('',(14.625,39.,3.));
#3337 = CIRCLE('',#3338,1.5);
#3338 = AXIS2_PLACEMENT_3D('',#3339,#3340,#3341);
#3339 = CARTESIAN_POINT('',(16.125,39.,3.));
#3340 = DIRECTION('',(0.,0.,-1.));
#3341 = DIRECTION('',(1.,0.,0.));
#3342 = ORIENTED_EDGE('',*,*,#3343,.F.);
#3343 = EDGE_CURVE('',#1020,#3335,#3344,.T.);
#3344 = LINE('',#3345,#3346);
#3345 = CARTESIAN_POINT('',(14.625,39.,0.));
#3346 = VECTOR('',#3347,1.);
#3347 = DIRECTION('',(0.,0.,1.));
#3348 = CYLINDRICAL_SURFACE('',#3349,1.5);
#3349 = AXIS2_PLACEMENT_3D('',#3350,#3351,#3352);
#3350 = CARTESIAN_POINT('',(16.125,39.,0.));
#3351 = DIRECTION('',(-0.,-0.,-1.));
#3352 = DIRECTION('',(1.,0.,0.));
#3353 = ADVANCED_FACE('',(#3354),#3583,.F.);
#3354 = FACE_BOUND('',#3355,.T.);
#3355 = EDGE_LOOP('',(#3356,#3357,#3365,#3582));
#3356 = ORIENTED_EDGE('',*,*,#1036,.F.);
#3357 = ORIENTED_EDGE('',*,*,#3358,.T.);
#3358 = EDGE_CURVE('',#1029,#3359,#3361,.T.);
#3359 = VERTEX_POINT('',#3360);
#3360 = CARTESIAN_POINT('',(14.625,13.,5.));
#3361 = LINE('',#3362,#3363);
#3362 = CARTESIAN_POINT('',(14.625,13.,0.));
#3363 = VECTOR('',#3364,1.);
#3364 = DIRECTION('',(0.,0.,1.));
#3365 = ORIENTED_EDGE('',*,*,#3366,.T.);
#3366 = EDGE_CURVE('',#3359,#3310,#3367,.T.);
#3367 = B_SPLINE_CURVE_WITH_KNOTS('',5,(#3368,#3369,#3370,#3371,#3372,
    #3373,#3374,#3375,#3376,#3377,#3378,#3379,#3380,#3381,#3382,#3383,
    #3384,#3385,#3386,#3387,#3388,#3389,#3390,#3391,#3392,#3393,#3394,
    #3395,#3396,#3397,#3398,#3399,#3400,#3401,#3402,#3403,#3404,#3405,
    #3406,#3407,#3408,#3409,#3410,#3411,#3412,#3413,#3414,#3415,#3416,
    #3417,#3418,#3419,#3420,#3421,#3422,#3423,#3424,#3425,#3426,#3427,
    #3428,#3429,#3430,#3431,#3432,#3433,#3434,#3435,#3436,#3437,#3438,
    #3439,#3440,#3441,#3442,#3443,#3444,#3445,#3446,#3447,#3448,#3449,
    #3450,#3451,#3452,#3453,#3454,#3455,#3456,#3457,#3458,#3459,#3460,
    #3461,#3462,#3463,#3464,#3465,#3466,#3467,#3468,#3469,#3470,#3471,
    #3472,#3473,#3474,#3475,#3476,#3477,#3478,#3479,#3480,#3481,#3482,
    #3483,#3484,#3485,#3486,#3487,#3488,#3489,#3490,#3491,#3492,#3493,
    #3494,#3495,#3496,#3497,#3498,#3499,#3500,#3501,#3502,#3503,#3504,
    #3505,#3506,#3507,#3508,#3509,#3510,#3511,#3512,#3513,#3514,#3515,
    #3516,#3517,#3518,#3519,#3520,#3521,#3522,#3523,#3524,#3525,#3526,
    #3527,#3528,#3529,#3530,#3531,#3532,#3533,#3534,#3535,#3536,#3537,
    #3538,#3539,#3540,#3541,#3542,#3543,#3544,#3545,#3546,#3547,#3548,
    #3549,#3550,#3551,#3552,#3553,#3554,#3555,#3556,#3557,#3558,#3559,
    #3560,#3561,#3562,#3563,#3564,#3565,#3566,#3567,#3568,#3569,#3570,
    #3571,#3572,#3573,#3574,#3575,#3576,#3577,#3578,#3579,#3580,#3581),
  .UNSPECIFIED.,.F.,.F.,(6,4,4,4,4,4,4,4,4,4,4,4,4,4,4,4,4,4,4,4,4,4,4,4
    ,4,4,4,4,4,4,4,4,4,4,4,4,4,4,4,4,4,4,4,4,4,4,4,4,4,4,4,4,4,6),(0.,
    6.146820531199E-02,0.181626473472,0.313530386666,0.367486538056,
    0.414489153126,0.441339837557,0.499833178492,0.58508240318,
    0.632954304063,0.687943617489,0.818231553649,0.938479092236,
    0.995176149657,0.995299356385,0.995398863373,0.995488888779,
    0.995626287321,0.995763675406,0.995901053034,0.996028946943,
    0.996161568092,0.996289443542,0.996384160256,0.996502549158,
    0.996635135507,0.996762977404,0.996900278983,0.997018634027,
    0.997108578669,0.99722692005,0.997354720024,0.997463579529,
    0.997534571319,0.997671814192,0.997780654564,0.997884756601,
    0.997988852631,0.99808821142,0.99817337174,0.99828691258,
    0.998414637483,0.998551813415,0.998688978916,0.998788299147,
    0.998930175704,0.999038940173,0.999157154983,0.999284818275,
    0.999421928042,0.999559027387,0.999696116309,0.999833194812,1.),
  .UNSPECIFIED.);
#3368 = CARTESIAN_POINT('',(14.625,13.,5.));
#3369 = CARTESIAN_POINT('',(14.625,12.940101553485,5.044923834886));
#3370 = CARTESIAN_POINT('',(14.627989840439,12.880728737993,
    5.090329494515));
#3371 = CARTESIAN_POINT('',(14.633864642505,12.8220484948,5.136085175848
    ));
#3372 = CARTESIAN_POINT('',(14.642514020011,12.764213970495,
    5.182051220824));
#3373 = CARTESIAN_POINT('',(14.675927114427,12.596235001383,
    5.318057566394));
#3374 = CARTESIAN_POINT('',(14.708180238434,12.4889228045,5.408232654434
    ));
#3375 = CARTESIAN_POINT('',(14.749772274079,12.386108969338,
    5.497792572331));
#3376 = CARTESIAN_POINT('',(14.800051353361,12.288372919459,
    5.585833852099));
#3377 = CARTESIAN_POINT('',(14.922679103073,12.095142505277,
    5.765224248758));
#3378 = CARTESIAN_POINT('',(14.99674841451,12.000733606234,
    5.856117692942));
#3379 = CARTESIAN_POINT('',(15.080136380357,11.913680629845,
    5.94277795522));
#3380 = CARTESIAN_POINT('',(15.172485990118,11.834770664461,
    6.023635546859));
#3381 = CARTESIAN_POINT('',(15.314755279437,11.736662956233,
    6.126453818422));
#3382 = CARTESIAN_POINT('',(15.357496532181,11.709736983788,
    6.154981098288));
#3383 = CARTESIAN_POINT('',(15.401627385981,11.684461530371,
    6.182025360871));
#3384 = CARTESIAN_POINT('',(15.447094390514,11.660933407532,
    6.207421137613));
#3385 = CARTESIAN_POINT('',(15.534562775526,11.620362754808,
    6.251538489491));
#3386 = CARTESIAN_POINT('',(15.576258102188,11.602874349879,
    6.270699798538));
#3387 = CARTESIAN_POINT('',(15.618856555374,11.586866014182,
    6.288354167273));
#3388 = CARTESIAN_POINT('',(15.662285354422,11.572410360435,
    6.304383422259));
#3389 = CARTESIAN_POINT('',(15.73170953963,11.552238459884,
    6.326847182289));
#3390 = CARTESIAN_POINT('',(15.757192244876,11.545433686393,
    6.334447649394));
#3391 = CARTESIAN_POINT('',(15.782899135467,11.53917119659,
    6.341460341703));
#3392 = CARTESIAN_POINT('',(15.808809442608,11.533463029595,
    6.34786609074));
#3393 = CARTESIAN_POINT('',(15.891736626995,11.517116270716,
    6.366242749829));
#3394 = CARTESIAN_POINT('',(15.949451655213,11.508589872613,
    6.375881453972));
#3395 = CARTESIAN_POINT('',(16.00775978622,11.502864406436,
    6.382373869423));
#3396 = CARTESIAN_POINT('',(16.066372092925,11.5,6.385621722339));
#3397 = CARTESIAN_POINT('',(16.210445343748,11.5,6.385621722339));
#3398 = CARTESIAN_POINT('',(16.295796377565,11.506084496097,
    6.378723195938));
#3399 = CARTESIAN_POINT('',(16.380219671811,11.518224047711,
    6.364955374237));
#3400 = CARTESIAN_POINT('',(16.462881128366,11.536172547829,
    6.344739715554));
#3401 = CARTESIAN_POINT('',(16.587946653365,11.572458958647,
    6.304328596493));
#3402 = CARTESIAN_POINT('',(16.632140190646,11.587183942758,
    6.288000880005));
#3403 = CARTESIAN_POINT('',(16.675472899857,11.603516521651,
    6.269990993354));
#3404 = CARTESIAN_POINT('',(16.717868241242,11.621380119721,
    6.250423563761));
#3405 = CARTESIAN_POINT('',(16.806789585713,11.662870715882,
    6.205325090721));
#3406 = CARTESIAN_POINT('',(16.852996623871,11.686961155625,
    6.179337663699));
#3407 = CARTESIAN_POINT('',(16.897814392932,11.712857663975,
    6.151650951332));
#3408 = CARTESIAN_POINT('',(16.941187241746,11.740458452349,
    6.122439108566));
#3409 = CARTESIAN_POINT('',(17.082280829661,11.838860153041,
    6.019447765078));
#3410 = CARTESIAN_POINT('',(17.173087479838,11.917056516259,
    5.939419005457));
#3411 = CARTESIAN_POINT('',(17.255154183033,12.003164949546,
    5.853777962323));
#3412 = CARTESIAN_POINT('',(17.328136127951,12.096431476131,
    5.764028236162));
#3413 = CARTESIAN_POINT('',(17.44993462591,12.288346792015,
    5.585857520921));
#3414 = CARTESIAN_POINT('',(17.500215650849,12.386081911161,
    5.497816447503));
#3415 = CARTESIAN_POINT('',(17.541809695097,12.488894918316,
    5.408256586393));
#3416 = CARTESIAN_POINT('',(17.574064907961,12.596206406357,
    5.318081408978));
#3417 = CARTESIAN_POINT('',(17.606595735157,12.759732982181,
    5.185678985663));
#3418 = CARTESIAN_POINT('',(17.614760395868,12.812965653441,
    5.143309106508));
#3419 = CARTESIAN_POINT('',(17.620575974858,12.866925660701,
    5.101108300436));
#3420 = CARTESIAN_POINT('',(17.623955798199,12.921495392859,
    5.059185294101));
#3421 = CARTESIAN_POINT('',(17.624818517108,12.976666975013,
    5.017553051065));
#3422 = CARTESIAN_POINT('',(17.624820375896,12.976786609034,
    5.017462779255));
#3423 = CARTESIAN_POINT('',(17.624822222788,12.976906245281,
    5.017372509282));
#3424 = CARTESIAN_POINT('',(17.624824057781,12.977025883753,
    5.017282241149));
#3425 = CARTESIAN_POINT('',(17.624827353286,12.977242151357,
    5.017119071961));
#3426 = CARTESIAN_POINT('',(17.624828817934,12.977338779715,
    5.017046170267));
#3427 = CARTESIAN_POINT('',(17.62483027482,12.977435409523,
    5.016973269773));
#3428 = CARTESIAN_POINT('',(17.624831723944,12.97753204078,
    5.016900370482));
#3429 = CARTESIAN_POINT('',(17.624834469326,12.977716098484,
    5.01676152044));
#3430 = CARTESIAN_POINT('',(17.624835766993,12.977803524669,
    5.016695569472));
#3431 = CARTESIAN_POINT('',(17.624837058305,12.977890952038,
    5.016629619488));
#3432 = CARTESIAN_POINT('',(17.624838343264,12.977978380591,
    5.016563670489));
#3433 = CARTESIAN_POINT('',(17.624841573297,12.978199247308,
    5.016397071321));
#3434 = CARTESIAN_POINT('',(17.624843509925,12.978332687045,
    5.016296422462));
#3435 = CARTESIAN_POINT('',(17.624845431749,12.978466129537,
    5.016195775899));
#3436 = CARTESIAN_POINT('',(17.624847338769,12.97859957478,
    5.016095131635));
#3437 = CARTESIAN_POINT('',(17.624851123053,12.978866460609,
    5.015893855367));
#3438 = CARTESIAN_POINT('',(17.624853000319,12.978999901195,
    5.015793223363));
#3439 = CARTESIAN_POINT('',(17.62485486278,12.979133344528,
    5.015692593661));
#3440 = CARTESIAN_POINT('',(17.624856710436,12.979266790606,
    5.015591966261));
#3441 = CARTESIAN_POINT('',(17.624860375994,12.979533678093,
    5.015390723729));
#3442 = CARTESIAN_POINT('',(17.624862193898,12.9796671195,5.015290108597
    ));
#3443 = CARTESIAN_POINT('',(17.624863996997,12.979800563649,
    5.015189495771));
#3444 = CARTESIAN_POINT('',(17.624865785288,12.979934010536,
    5.015088885252));
#3445 = CARTESIAN_POINT('',(17.624869209824,12.980191697231,
    5.014894614213));
#3446 = CARTESIAN_POINT('',(17.624870848043,12.980315936674,
    5.014800953386));
#3447 = CARTESIAN_POINT('',(17.624872473426,12.980440178487,
    5.014707294561));
#3448 = CARTESIAN_POINT('',(17.624874085973,12.980564422668,
    5.01461363774));
#3449 = CARTESIAN_POINT('',(17.624877344522,12.98081750819,
    5.014422866422));
#3450 = CARTESIAN_POINT('',(17.624878989557,12.980946349708,
    5.014325752076));
#3451 = CARTESIAN_POINT('',(17.624880620788,12.98107519377,
    5.014228639888));
#3452 = CARTESIAN_POINT('',(17.624882238213,12.981204040372,
    5.014131529858));
#3453 = CARTESIAN_POINT('',(17.624885388066,12.981457127934,
    5.013940789018));
#3454 = CARTESIAN_POINT('',(17.624886921464,12.981581368715,
    5.013847158055));
#3455 = CARTESIAN_POINT('',(17.624888442025,12.981705611856,
    5.013753529102));
#3456 = CARTESIAN_POINT('',(17.624889949748,12.981829857353,
    5.01365990216));
#3457 = CARTESIAN_POINT('',(17.624892551885,12.982046134978,
    5.01349692971));
#3458 = CARTESIAN_POINT('',(17.624893652095,12.982138166042,
    5.013427583293));
#3459 = CARTESIAN_POINT('',(17.62489474526,12.982230198397,5.01335823798
    ));
#3460 = CARTESIAN_POINT('',(17.62489583138,12.982322232044,
    5.013288893773));
#3461 = CARTESIAN_POINT('',(17.62489825922,12.98252930386,5.013132876914
    ));
#3462 = CARTESIAN_POINT('',(17.624899596978,12.982644342754,
    5.013046204883));
#3463 = CARTESIAN_POINT('',(17.624900923729,12.982759383664,
    5.012959534582));
#3464 = CARTESIAN_POINT('',(17.624902239472,12.982874426586,
    5.01287286601));
#3465 = CARTESIAN_POINT('',(17.624905005406,12.983118312888,
    5.012689139058));
#3466 = CARTESIAN_POINT('',(17.624906452799,12.983247156778,
    5.012592081118));
#3467 = CARTESIAN_POINT('',(17.624907886384,12.983376003191,
    5.012495025351));
#3468 = CARTESIAN_POINT('',(17.624909306159,12.983504852122,
    5.012397971757));
#3469 = CARTESIAN_POINT('',(17.624912067776,12.983757944219,
    5.012207341797));
#3470 = CARTESIAN_POINT('',(17.62491341059,12.983882187206,
    5.012113765277));
#3471 = CARTESIAN_POINT('',(17.624914740563,12.984006432532,
    5.012020190782));
#3472 = CARTESIAN_POINT('',(17.624916057694,12.984130680196,
    5.011926618312));
#3473 = CARTESIAN_POINT('',(17.624918762782,12.984388374095,
    5.011732553664));
#3474 = CARTESIAN_POINT('',(17.624920148768,12.984521820689,
    5.011632061798));
#3475 = CARTESIAN_POINT('',(17.624921519939,12.984655269974,
    5.011531572272));
#3476 = CARTESIAN_POINT('',(17.624922876295,12.98478872195,
    5.011431085087));
#3477 = CARTESIAN_POINT('',(17.62492537425,12.985037215587,
    5.011243981516));
#3478 = CARTESIAN_POINT('',(17.624926519656,12.985152256558,
    5.011157364529));
#3479 = CARTESIAN_POINT('',(17.624927654052,12.985267299525,
    5.011070749285));
#3480 = CARTESIAN_POINT('',(17.624928777437,12.985382344486,
    5.010984135782));
#3481 = CARTESIAN_POINT('',(17.624930735164,12.98558482208,
    5.010831702888));
#3482 = CARTESIAN_POINT('',(17.624931574159,12.98567225387,
    5.010765882758));
#3483 = CARTESIAN_POINT('',(17.624932406793,12.985759686811,
    5.010700063637));
#3484 = CARTESIAN_POINT('',(17.624933233067,12.985847120901,
    5.010634245523));
#3485 = CARTESIAN_POINT('',(17.624935131751,12.98604959587,
    5.010481831963));
#3486 = CARTESIAN_POINT('',(17.62493619951,12.986164637587,
    5.010395237254));
#3487 = CARTESIAN_POINT('',(17.624937256258,12.986279681294,
    5.010308644292));
#3488 = CARTESIAN_POINT('',(17.624938301992,12.986394726987,
    5.010222053078));
#3489 = CARTESIAN_POINT('',(17.624940454136,12.986634017685,
    5.010041953369));
#3490 = CARTESIAN_POINT('',(17.624941558715,12.986758263019,
    5.009948445166));
#3491 = CARTESIAN_POINT('',(17.624942650448,12.986882510667,
    5.009854939004));
#3492 = CARTESIAN_POINT('',(17.624943729335,12.987006760628,
    5.009761434885));
#3493 = CARTESIAN_POINT('',(17.624945703423,12.987236850486,
    5.009588288118));
#3494 = CARTESIAN_POINT('',(17.62494660215,12.987342689748,
    5.009508644909));
#3495 = CARTESIAN_POINT('',(17.624947491555,12.987448530686,
    5.009429003183));
#3496 = CARTESIAN_POINT('',(17.624948371638,12.987554373299,
    5.009349362943));
#3497 = CARTESIAN_POINT('',(17.624949810256,12.987729243026,
    5.009217788458));
#3498 = CARTESIAN_POINT('',(17.62495037415,12.987798269179,5.00916585336
    ));
#3499 = CARTESIAN_POINT('',(17.624950934078,12.987867296044,
    5.009113918894));
#3500 = CARTESIAN_POINT('',(17.624951490041,12.98793632362,5.00906198506
    ));
#3501 = CARTESIAN_POINT('',(17.624953109173,12.988138798892,
    5.008909653464));
#3502 = CARTESIAN_POINT('',(17.624954161487,12.988272248534,
    5.008809257433));
#3503 = CARTESIAN_POINT('',(17.624955198979,12.988405700831,
    5.008708863767));
#3504 = CARTESIAN_POINT('',(17.624956221648,12.98853915578,
    5.008608472469));
#3505 = CARTESIAN_POINT('',(17.624958028766,12.988778451843,
    5.008428470162));
#3506 = CARTESIAN_POINT('',(17.624958818714,12.988884291973,
    5.008348858275));
#3507 = CARTESIAN_POINT('',(17.624959599339,12.98899013377,
    5.008269247879));
#3508 = CARTESIAN_POINT('',(17.62496037064,12.989095977231,
    5.008189638974));
#3509 = CARTESIAN_POINT('',(17.62496186142,12.989303059543,
    5.008033889835));
#3510 = CARTESIAN_POINT('',(17.624962581693,12.989404298252,
    5.007957749473));
#3511 = CARTESIAN_POINT('',(17.624963293435,12.989505538483,
    5.007881610478));
#3512 = CARTESIAN_POINT('',(17.624963996646,12.989606780234,
    5.007805472848));
#3513 = CARTESIAN_POINT('',(17.624965385963,12.989809260932,
    5.007653204718));
#3514 = CARTESIAN_POINT('',(17.62496607207,12.989910499879,
    5.007577074216));
#3515 = CARTESIAN_POINT('',(17.624966749646,12.990011740344,
    5.007500945082));
#3516 = CARTESIAN_POINT('',(17.62496741869,12.990112982326,
    5.007424817317));
#3517 = CARTESIAN_POINT('',(17.624968709654,12.990310861896,
    5.007276028914));
#3518 = CARTESIAN_POINT('',(17.624969332333,12.990407499349,
    5.007203368154));
#3519 = CARTESIAN_POINT('',(17.624969947238,12.990504138183,
    5.007130708642));
#3520 = CARTESIAN_POINT('',(17.624970554369,12.990600778397,
    5.007058050379));
#3521 = CARTESIAN_POINT('',(17.624971667431,12.990780251404,
    5.00692311911));
#3522 = CARTESIAN_POINT('',(17.624972175427,12.990863083831,
    5.006860845773));
#3523 = CARTESIAN_POINT('',(17.624972677711,12.990945917271,
    5.006798573353));
#3524 = CARTESIAN_POINT('',(17.624973174282,12.991028751723,
    5.006736301853));
#3525 = CARTESIAN_POINT('',(17.624974319584,12.991222028388,
    5.006591008402));
#3526 = CARTESIAN_POINT('',(17.624974963873,12.991332471388,
    5.006507987166));
#3527 = CARTESIAN_POINT('',(17.624975598006,12.991442916185,
    5.006424967565));
#3528 = CARTESIAN_POINT('',(17.624976221984,12.991553362777,
    5.006341949599));
#3529 = CARTESIAN_POINT('',(17.62497752631,12.991788057291,
    5.006165546145));
#3530 = CARTESIAN_POINT('',(17.624978203961,12.991912305687,
    5.006072161091));
#3531 = CARTESIAN_POINT('',(17.624978868759,12.992036556354,
    5.005978778109));
#3532 = CARTESIAN_POINT('',(17.624979520703,12.992160809287,5.0058853972
    ));
#3533 = CARTESIAN_POINT('',(17.624980846171,12.992418513976,
    5.005691729947));
#3534 = CARTESIAN_POINT('',(17.624981517721,12.992551966078,
    5.00559144392));
#3535 = CARTESIAN_POINT('',(17.624982174443,12.992685420792,
    5.005491160288));
#3536 = CARTESIAN_POINT('',(17.624982816335,12.992818878115,
    5.005390879053));
#3537 = CARTESIAN_POINT('',(17.624984070408,12.993085787826,
    5.005190329004));
#3538 = CARTESIAN_POINT('',(17.624984682592,12.993219240214,
    5.005090060191));
#3539 = CARTESIAN_POINT('',(17.624985279946,12.993352695207,
    5.004989793777));
#3540 = CARTESIAN_POINT('',(17.624985862469,12.993486152802,
    5.004889529764));
#3541 = CARTESIAN_POINT('',(17.624986841218,12.993716250252,
    5.004716669678));
#3542 = CARTESIAN_POINT('',(17.624987244501,12.99381288887,
    5.004644072462));
#3543 = CARTESIAN_POINT('',(17.624987640006,12.993909528851,
    5.004571476507));
#3544 = CARTESIAN_POINT('',(17.624988027734,12.994006170194,
    5.004498881812));
#3545 = CARTESIAN_POINT('',(17.624988950432,12.994240864671,
    5.00432259041));
#3546 = CARTESIAN_POINT('',(17.62498947731,12.994378919223,
    5.004218895015));
#3547 = CARTESIAN_POINT('',(17.624989988315,12.994516976549,
    5.004115202195));
#3548 = CARTESIAN_POINT('',(17.624990483446,12.994655036648,
    5.004011511955));
#3549 = CARTESIAN_POINT('',(17.624991330106,12.994898940363,
    5.003828335943));
#3550 = CARTESIAN_POINT('',(17.62499168818,12.995004782836,5.00374884911
    ));
#3551 = CARTESIAN_POINT('',(17.624992036924,12.995110626936,
    5.003669363793));
#3552 = CARTESIAN_POINT('',(17.624992376337,12.995216472663,
    5.003589879994));
#3553 = CARTESIAN_POINT('',(17.624993065181,12.995437364243,
    5.003424009367));
#3554 = CARTESIAN_POINT('',(17.624993412919,12.995552410392,
    5.003337622814));
#3555 = CARTESIAN_POINT('',(17.624993749633,12.995667458459,
    5.003251238057));
#3556 = CARTESIAN_POINT('',(17.624994075322,12.995782508443,
    5.003164855096));
#3557 = CARTESIAN_POINT('',(17.624994729799,12.996021807924,
    5.002985188634));
#3558 = CARTESIAN_POINT('',(17.624995056754,12.996146057739,
    5.002891905432));
#3559 = CARTESIAN_POINT('',(17.624995370849,12.996270309787,
    5.002798624327));
#3560 = CARTESIAN_POINT('',(17.624995672084,12.996394564065,
    5.002705345322));
#3561 = CARTESIAN_POINT('',(17.62499627017,12.996652271468,
    5.002511889463));
#3562 = CARTESIAN_POINT('',(17.624996565046,12.996785724935,
    5.002411712934));
#3563 = CARTESIAN_POINT('',(17.624996845087,12.996919180971,
    5.002311538828));
#3564 = CARTESIAN_POINT('',(17.62499711029,12.997052639573,
    5.002211367147));
#3565 = CARTESIAN_POINT('',(17.624997611,12.997319551761,5.002011036256)
  );
#3566 = CARTESIAN_POINT('',(17.62499784651,12.997453005346,
    5.001910877045));
#3567 = CARTESIAN_POINT('',(17.624998067182,12.997586461493,
    5.001810720262));
#3568 = CARTESIAN_POINT('',(17.624998273015,12.9977199202,5.00171056591)
  );
#3569 = CARTESIAN_POINT('',(17.624998654988,12.997986832584,
    5.001510269682));
#3570 = CARTESIAN_POINT('',(17.62499883113,12.998120286261,
    5.001410127806));
#3571 = CARTESIAN_POINT('',(17.624998992433,12.998253742493,
    5.001309988363));
#3572 = CARTESIAN_POINT('',(17.624999138897,12.998387201279,
    5.001209851355));
#3573 = CARTESIAN_POINT('',(17.624999402133,12.998654113806,
    5.001009589823));
#3574 = CARTESIAN_POINT('',(17.624999518908,12.998787567549,
    5.000909465299));
#3575 = CARTESIAN_POINT('',(17.624999620842,12.998921023839,
    5.000809343213));
#3576 = CARTESIAN_POINT('',(17.624999707936,12.999054482676,
    5.000709223566));
#3577 = CARTESIAN_POINT('',(17.624999868109,12.999350347719,
    5.000487277853));
#3578 = CARTESIAN_POINT('',(17.624999934052,12.999512755148,
    5.00036545296));
#3579 = CARTESIAN_POINT('',(17.624999978017,12.99967516634,
    5.000243631685));
#3580 = CARTESIAN_POINT('',(17.625,12.999837581292,5.000121814031));
#3581 = CARTESIAN_POINT('',(17.625,13.,5.));
#3582 = ORIENTED_EDGE('',*,*,#3318,.F.);
#3583 = CYLINDRICAL_SURFACE('',#3584,1.5);
#3584 = AXIS2_PLACEMENT_3D('',#3585,#3586,#3587);
#3585 = CARTESIAN_POINT('',(16.125,13.,0.));
#3586 = DIRECTION('',(-0.,-0.,-1.));
#3587 = DIRECTION('',(1.,0.,0.));
#3588 = ADVANCED_FACE('',(#3589),#3609,.T.);
#3589 = FACE_BOUND('',#3590,.T.);
#3590 = EDGE_LOOP('',(#3591,#3592,#3593,#3601,#3608));
#3591 = ORIENTED_EDGE('',*,*,#1028,.F.);
#3592 = ORIENTED_EDGE('',*,*,#3343,.T.);
#3593 = ORIENTED_EDGE('',*,*,#3594,.F.);
#3594 = EDGE_CURVE('',#3595,#3335,#3597,.T.);
#3595 = VERTEX_POINT('',#3596);
#3596 = CARTESIAN_POINT('',(14.625,19.,3.));
#3597 = LINE('',#3598,#3599);
#3598 = CARTESIAN_POINT('',(14.625,32.86643593495,3.));
#3599 = VECTOR('',#3600,1.);
#3600 = DIRECTION('',(0.,1.,0.));
#3601 = ORIENTED_EDGE('',*,*,#3602,.T.);
#3602 = EDGE_CURVE('',#3595,#3359,#3603,.T.);
#3603 = CIRCLE('',#3604,10.);
#3604 = AXIS2_PLACEMENT_3D('',#3605,#3606,#3607);
#3605 = CARTESIAN_POINT('',(14.625,19.,13.));
#3606 = DIRECTION('',(-1.,0.,0.));
#3607 = DIRECTION('',(-0.,-1.,-0.));
#3608 = ORIENTED_EDGE('',*,*,#3358,.F.);
#3609 = PLANE('',#3610);
#3610 = AXIS2_PLACEMENT_3D('',#3611,#3612,#3613);
#3611 = CARTESIAN_POINT('',(14.625,39.,0.));
#3612 = DIRECTION('',(1.,0.,0.));
#3613 = DIRECTION('',(0.,-1.,0.));
#3614 = ADVANCED_FACE('',(#3615),#3649,.F.);
#3615 = FACE_BOUND('',#3616,.F.);
#3616 = EDGE_LOOP('',(#3617,#3618,#3626,#3635,#3643));
#3617 = ORIENTED_EDGE('',*,*,#1045,.F.);
#3618 = ORIENTED_EDGE('',*,*,#3619,.T.);
#3619 = EDGE_CURVE('',#1046,#3620,#3622,.T.);
#3620 = VERTEX_POINT('',#3621);
#3621 = CARTESIAN_POINT('',(104.375,57.,5.));
#3622 = LINE('',#3623,#3624);
#3623 = CARTESIAN_POINT('',(104.375,57.,0.));
#3624 = VECTOR('',#3625,1.);
#3625 = DIRECTION('',(0.,0.,1.));
#3626 = ORIENTED_EDGE('',*,*,#3627,.F.);
#3627 = EDGE_CURVE('',#3628,#3620,#3630,.T.);
#3628 = VERTEX_POINT('',#3629);
#3629 = CARTESIAN_POINT('',(104.375,51.,3.));
#3630 = CIRCLE('',#3631,10.);
#3631 = AXIS2_PLACEMENT_3D('',#3632,#3633,#3634);
#3632 = CARTESIAN_POINT('',(104.375,51.,13.));
#3633 = DIRECTION('',(1.,0.,0.));
#3634 = DIRECTION('',(0.,1.,0.));
#3635 = ORIENTED_EDGE('',*,*,#3636,.F.);
#3636 = EDGE_CURVE('',#3637,#3628,#3639,.T.);
#3637 = VERTEX_POINT('',#3638);
#3638 = CARTESIAN_POINT('',(104.375,31.,3.));
#3639 = LINE('',#3640,#3641);
#3640 = CARTESIAN_POINT('',(104.375,41.86643593495,3.));
#3641 = VECTOR('',#3642,1.);
#3642 = DIRECTION('',(0.,1.,0.));
#3643 = ORIENTED_EDGE('',*,*,#3644,.F.);
#3644 = EDGE_CURVE('',#1048,#3637,#3645,.T.);
#3645 = LINE('',#3646,#3647);
#3646 = CARTESIAN_POINT('',(104.375,31.,0.));
#3647 = VECTOR('',#3648,1.);
#3648 = DIRECTION('',(0.,0.,1.));
#3649 = PLANE('',#3650);
#3650 = AXIS2_PLACEMENT_3D('',#3651,#3652,#3653);
#3651 = CARTESIAN_POINT('',(104.375,57.,0.));
#3652 = DIRECTION('',(1.,0.,0.));
#3653 = DIRECTION('',(0.,-1.,0.));
#3654 = ADVANCED_FACE('',(#3655),#3868,.F.);
#3655 = FACE_BOUND('',#3656,.T.);
#3656 = EDGE_LOOP('',(#3657,#3658,#3659,#3862));
#3657 = ORIENTED_EDGE('',*,*,#1055,.F.);
#3658 = ORIENTED_EDGE('',*,*,#3619,.T.);
#3659 = ORIENTED_EDGE('',*,*,#3660,.T.);
#3660 = EDGE_CURVE('',#3620,#3661,#3663,.T.);
#3661 = VERTEX_POINT('',#3662);
#3662 = CARTESIAN_POINT('',(101.375,57.,5.));
#3663 = B_SPLINE_CURVE_WITH_KNOTS('',5,(#3664,#3665,#3666,#3667,#3668,
    #3669,#3670,#3671,#3672,#3673,#3674,#3675,#3676,#3677,#3678,#3679,
    #3680,#3681,#3682,#3683,#3684,#3685,#3686,#3687,#3688,#3689,#3690,
    #3691,#3692,#3693,#3694,#3695,#3696,#3697,#3698,#3699,#3700,#3701,
    #3702,#3703,#3704,#3705,#3706,#3707,#3708,#3709,#3710,#3711,#3712,
    #3713,#3714,#3715,#3716,#3717,#3718,#3719,#3720,#3721,#3722,#3723,
    #3724,#3725,#3726,#3727,#3728,#3729,#3730,#3731,#3732,#3733,#3734,
    #3735,#3736,#3737,#3738,#3739,#3740,#3741,#3742,#3743,#3744,#3745,
    #3746,#3747,#3748,#3749,#3750,#3751,#3752,#3753,#3754,#3755,#3756,
    #3757,#3758,#3759,#3760,#3761,#3762,#3763,#3764,#3765,#3766,#3767,
    #3768,#3769,#3770,#3771,#3772,#3773,#3774,#3775,#3776,#3777,#3778,
    #3779,#3780,#3781,#3782,#3783,#3784,#3785,#3786,#3787,#3788,#3789,
    #3790,#3791,#3792,#3793,#3794,#3795,#3796,#3797,#3798,#3799,#3800,
    #3801,#3802,#3803,#3804,#3805,#3806,#3807,#3808,#3809,#3810,#3811,
    #3812,#3813,#3814,#3815,#3816,#3817,#3818,#3819,#3820,#3821,#3822,
    #3823,#3824,#3825,#3826,#3827,#3828,#3829,#3830,#3831,#3832,#3833,
    #3834,#3835,#3836,#3837,#3838,#3839,#3840,#3841,#3842,#3843,#3844,
    #3845,#3846,#3847,#3848,#3849,#3850,#3851,#3852,#3853,#3854,#3855,
    #3856,#3857,#3858,#3859,#3860,#3861),.UNSPECIFIED.,.F.,.F.,(6,4,4,4,
    4,4,4,4,4,4,4,4,4,4,4,4,4,4,4,4,4,4,4,4,4,4,4,4,4,4,4,4,4,4,4,4,4,4,
    4,4,4,4,4,4,4,4,4,4,4,6),(0.,6.146818291623E-02,0.181626423513,
    0.31353030645,0.367486445462,0.414489058837,0.441339747563,
    0.499833097864,0.585082336256,0.63295424486,0.687943567155,
    0.818231524328,0.93847908231,0.995176148875,0.995313571245,
    0.995450983155,0.995578908978,0.995716300691,0.995853681947,
    0.995986315996,0.996118940299,0.996242082712,0.996379423951,
    0.996507283986,0.996644605044,0.996781915652,0.996919215812,
    0.99705177157,0.997189051197,0.997326320379,0.997463579117,
    0.997581897234,0.997719136529,0.997856365384,0.997988852305,
    0.998121329495,0.998253796957,0.998390985144,0.998528162898,
    0.998660600486,0.998797757736,0.998934904557,0.99907204095,
    0.999209166916,0.999341554509,0.999478659985,0.999615755039,
    0.999752839672,0.999880460826,1.),.UNSPECIFIED.);
#3664 = CARTESIAN_POINT('',(104.375,57.,5.));
#3665 = CARTESIAN_POINT('',(104.375,57.059898454632,5.044923840974));
#3666 = CARTESIAN_POINT('',(104.37201016058,57.119271255521,
    5.090329489344));
#3667 = CARTESIAN_POINT('',(104.36613535775,57.177951498491,
    5.136085170739));
#3668 = CARTESIAN_POINT('',(104.35748597846,57.235786037177,
    5.182051227036));
#3669 = CARTESIAN_POINT('',(104.32407288557,57.403764998617,
    5.318057566394));
#3670 = CARTESIAN_POINT('',(104.29181976156,57.5110771955,5.408232654434
    ));
#3671 = CARTESIAN_POINT('',(104.25022772592,57.613891030662,
    5.497792572331));
#3672 = CARTESIAN_POINT('',(104.19994864663,57.711627080541,
    5.585833852099));
#3673 = CARTESIAN_POINT('',(104.07732089692,57.904857494722,
    5.765224248758));
#3674 = CARTESIAN_POINT('',(104.00325158549,57.999266393766,
    5.856117692942));
#3675 = CARTESIAN_POINT('',(103.91986361964,58.086319370155,
    5.94277795522));
#3676 = CARTESIAN_POINT('',(103.82751400988,58.165229335539,
    6.023635546859));
#3677 = CARTESIAN_POINT('',(103.68524472056,58.263337043767,
    6.126453818422));
#3678 = CARTESIAN_POINT('',(103.64250346781,58.290263016212,
    6.154981098288));
#3679 = CARTESIAN_POINT('',(103.59837261401,58.315538469629,
    6.182025360871));
#3680 = CARTESIAN_POINT('',(103.55290560948,58.339066592468,
    6.207421137613));
#3681 = CARTESIAN_POINT('',(103.4654372166,58.379637248843,
    6.251538493462));
#3682 = CARTESIAN_POINT('',(103.42374190488,58.39712564784,
    6.270699796011));
#3683 = CARTESIAN_POINT('',(103.3811434513,58.413133982969,
    6.288354164163));
#3684 = CARTESIAN_POINT('',(103.33771463691,58.427589642082,
    6.304383425061));
#3685 = CARTESIAN_POINT('',(103.26829046037,58.447761540116,
    6.326847182289));
#3686 = CARTESIAN_POINT('',(103.24280775512,58.454566313607,
    6.334447649394));
#3687 = CARTESIAN_POINT('',(103.21710086453,58.46082880341,
    6.341460341703));
#3688 = CARTESIAN_POINT('',(103.19119055739,58.466536970405,
    6.34786609074));
#3689 = CARTESIAN_POINT('',(103.10826337299,58.482883729285,
    6.366242749831));
#3690 = CARTESIAN_POINT('',(103.05054834479,58.491410127386,
    6.37588145397));
#3691 = CARTESIAN_POINT('',(102.99224021378,58.497135593565,
    6.382373869424));
#3692 = CARTESIAN_POINT('',(102.93362790706,58.5,6.385621722339));
#3693 = CARTESIAN_POINT('',(102.7895546562,58.5,6.385621722339));
#3694 = CARTESIAN_POINT('',(102.70420362247,58.493915503897,
    6.378723195931));
#3695 = CARTESIAN_POINT('',(102.61978032822,58.481775952305,
    6.364955374255));
#3696 = CARTESIAN_POINT('',(102.53711887159,58.463827452159,
    6.344739715541));
#3697 = CARTESIAN_POINT('',(102.41205334663,58.427541041353,
    6.304328596493));
#3698 = CARTESIAN_POINT('',(102.36785980935,58.412816057242,
    6.288000880005));
#3699 = CARTESIAN_POINT('',(102.32452710014,58.396483478349,
    6.269990993354));
#3700 = CARTESIAN_POINT('',(102.28213175875,58.378619880279,
    6.250423563761));
#3701 = CARTESIAN_POINT('',(102.19321041428,58.337129284118,
    6.205325090721));
#3702 = CARTESIAN_POINT('',(102.14700337612,58.313038844375,
    6.179337663699));
#3703 = CARTESIAN_POINT('',(102.10218560706,58.287142336025,
    6.151650951332));
#3704 = CARTESIAN_POINT('',(102.05881275825,58.259541547651,
    6.122439108566));
#3705 = CARTESIAN_POINT('',(101.91771917033,58.161139846958,
    6.019447765078));
#3706 = CARTESIAN_POINT('',(101.82691252016,58.082943483741,
    5.939419005458));
#3707 = CARTESIAN_POINT('',(101.74484581696,57.996835050454,
    5.853777962323));
#3708 = CARTESIAN_POINT('',(101.67186387204,57.903568523869,
    5.764028236162));
#3709 = CARTESIAN_POINT('',(101.55006537408,57.711653207984,
    5.585857520921));
#3710 = CARTESIAN_POINT('',(101.49978434915,57.613918088839,
    5.497816447503));
#3711 = CARTESIAN_POINT('',(101.4581903049,57.511105081684,
    5.408256586393));
#3712 = CARTESIAN_POINT('',(101.42593509203,57.403793593643,
    5.318081408978));
#3713 = CARTESIAN_POINT('',(101.39340426484,57.240267017819,
    5.185678985663));
#3714 = CARTESIAN_POINT('',(101.38523960413,57.187034346558,
    5.143309106508));
#3715 = CARTESIAN_POINT('',(101.37942402514,57.133074339298,
    5.101108300436));
#3716 = CARTESIAN_POINT('',(101.3760442018,57.078504607141,
    5.059185294101));
#3717 = CARTESIAN_POINT('',(101.37518126705,57.023319221844,
    5.017542635272));
#3718 = CARTESIAN_POINT('',(101.37517919532,57.023185784136,
    5.017441948116));
#3719 = CARTESIAN_POINT('',(101.3751771384,57.023052343659,
    5.017341263247));
#3720 = CARTESIAN_POINT('',(101.37517509628,57.022918900414,
    5.017240580665));
#3721 = CARTESIAN_POINT('',(101.37517104179,57.022652018553,
    5.017039227745));
#3722 = CARTESIAN_POINT('',(101.37516902943,57.022518579937,
    5.016938557406));
#3723 = CARTESIAN_POINT('',(101.37516703187,57.022385138558,
    5.016837889358));
#3724 = CARTESIAN_POINT('',(101.37516504911,57.022251694418,
    5.016737223602));
#3725 = CARTESIAN_POINT('',(101.37516124905,57.021994012987,
    5.016542845874));
#3726 = CARTESIAN_POINT('',(101.37515942978,57.021869776064,
    5.016449133596));
#3727 = CARTESIAN_POINT('',(101.37515762335,57.021745536751,
    5.016355423308));
#3728 = CARTESIAN_POINT('',(101.37515582974,57.021621295051,
    5.016261715011));
#3729 = CARTESIAN_POINT('',(101.37515213643,57.021363613422,
    5.01606736859));
#3730 = CARTESIAN_POINT('',(101.3751502387,57.021230173126,
    5.015966730772));
#3731 = CARTESIAN_POINT('',(101.37514835577,57.02109673008,
    5.015866095253));
#3732 = CARTESIAN_POINT('',(101.37514648764,57.020963284286,
    5.015765462036));
#3733 = CARTESIAN_POINT('',(101.37514278114,57.020696397365,
    5.015564207868));
#3734 = CARTESIAN_POINT('',(101.37514094277,57.020562956238,
    5.015463586916));
#3735 = CARTESIAN_POINT('',(101.3751391192,57.020429512368,
    5.015362968268));
#3736 = CARTESIAN_POINT('',(101.37513731044,57.020296065757,
    5.015262351926));
#3737 = CARTESIAN_POINT('',(101.37513378452,57.020033778396,
    5.015064600574));
#3738 = CARTESIAN_POINT('',(101.37513206636,57.019904937832,
    5.014967465407));
#3739 = CARTESIAN_POINT('',(101.375130362,57.019776094717,5.014870332391
    ));
#3740 = CARTESIAN_POINT('',(101.37512867144,57.019647249053,
    5.01477320153));
#3741 = CARTESIAN_POINT('',(101.37512531807,57.019389562099,
    5.014578951256));
#3742 = CARTESIAN_POINT('',(101.37512365525,57.019260720809,
    5.014481831843));
#3743 = CARTESIAN_POINT('',(101.37512200623,57.019131876974,
    5.014384714586));
#3744 = CARTESIAN_POINT('',(101.37512037101,57.019003030596,
    5.014287599487));
#3745 = CARTESIAN_POINT('',(101.37511724412,57.018754544729,
    5.014100316637));
#3746 = CARTESIAN_POINT('',(101.37511575054,57.018634905591,
    5.014010148587));
#3747 = CARTESIAN_POINT('',(101.37511426886,57.018515264263,
    5.013919982401));
#3748 = CARTESIAN_POINT('',(101.37511279909,57.018395620748,
    5.013829818079));
#3749 = CARTESIAN_POINT('',(101.37510971525,57.018142533701,
    5.013639097062));
#3750 = CARTESIAN_POINT('',(101.37510810409,57.018009089637,
    5.013538540823));
#3751 = CARTESIAN_POINT('',(101.37510650774,57.017875642855,
    5.013437986905));
#3752 = CARTESIAN_POINT('',(101.3751049262,57.017742193358,
    5.013337435311));
#3753 = CARTESIAN_POINT('',(101.37510190091,57.017484501667,
    5.013143278085));
#3754 = CARTESIAN_POINT('',(101.37510045518,57.017360259835,
    5.013049672143));
#3755 = CARTESIAN_POINT('',(101.37509902229,57.017236015652,
    5.012956068217));
#3756 = CARTESIAN_POINT('',(101.37509760224,57.017111769122,
    5.012862466309));
#3757 = CARTESIAN_POINT('',(101.37509468369,57.016854077552,
    5.012668340594));
#3758 = CARTESIAN_POINT('',(101.37509318716,57.016720632153,
    5.012567817096));
#3759 = CARTESIAN_POINT('',(101.37509170545,57.016587184049,
    5.012467295929));
#3760 = CARTESIAN_POINT('',(101.37509023855,57.016453733243,
    5.012366777094));
#3761 = CARTESIAN_POINT('',(101.37508733449,57.016186836384,
    5.012165751743));
#3762 = CARTESIAN_POINT('',(101.37508589733,57.016053390332,
    5.012065245225));
#3763 = CARTESIAN_POINT('',(101.37508447498,57.015919941582,
    5.011964741043));
#3764 = CARTESIAN_POINT('',(101.37508306745,57.015786490137,
    5.011864239198));
#3765 = CARTESIAN_POINT('',(101.37508028212,57.015519592013,
    5.011663247833));
#3766 = CARTESIAN_POINT('',(101.37507890432,57.015386145335,
    5.011562758313));
#3767 = CARTESIAN_POINT('',(101.37507754134,57.015252695965,
    5.011462271132));
#3768 = CARTESIAN_POINT('',(101.37507619317,57.015119243907,
    5.011361786294));
#3769 = CARTESIAN_POINT('',(101.37507357255,57.014856945939,
    5.011164293471));
#3770 = CARTESIAN_POINT('',(101.37507229908,57.014728100211,
    5.011067285329));
#3771 = CARTESIAN_POINT('',(101.37507103943,57.014599251981,
    5.010970279372));
#3772 = CARTESIAN_POINT('',(101.37506979359,57.014470401251,
    5.010873275602));
#3773 = CARTESIAN_POINT('',(101.37506728563,57.014208102869,
    5.01067581561));
#3774 = CARTESIAN_POINT('',(101.37506602451,57.014074655037,
    5.010575359546));
#3775 = CARTESIAN_POINT('',(101.37506477822,57.013941204527,
    5.010474905832));
#3776 = CARTESIAN_POINT('',(101.37506354674,57.013807751341,
    5.010374454469));
#3777 = CARTESIAN_POINT('',(101.37506111351,57.013540849775,
    5.010173564089));
#3778 = CARTESIAN_POINT('',(101.37505991176,57.013407401395,
    5.010073125072));
#3779 = CARTESIAN_POINT('',(101.37505872483,57.013273950344,
    5.009972688409));
#3780 = CARTESIAN_POINT('',(101.37505755271,57.013140496623,
    5.009872254102));
#3781 = CARTESIAN_POINT('',(101.37505523822,57.012873594001,
    5.009671397842));
#3782 = CARTESIAN_POINT('',(101.37505409583,57.012740145099,
    5.009570975889));
#3783 = CARTESIAN_POINT('',(101.37505296827,57.012606693533,
    5.009470556295));
#3784 = CARTESIAN_POINT('',(101.37505185552,57.012473239305,
    5.00937013906));
#3785 = CARTESIAN_POINT('',(101.37504981118,57.012224741522,
    5.009183165773));
#3786 = CARTESIAN_POINT('',(101.37504887577,57.012109698651,
    5.009096609114));
#3787 = CARTESIAN_POINT('',(101.37504795138,57.011994653805,
    5.009010054211));
#3788 = CARTESIAN_POINT('',(101.37504703801,57.011879606985,
    5.008923501064));
#3789 = CARTESIAN_POINT('',(101.37504508898,57.011631111044,
    5.008736557176));
#3790 = CARTESIAN_POINT('',(101.37504405714,57.011497661242,
    5.008636167042));
#3791 = CARTESIAN_POINT('',(101.37504304012,57.011364208788,
    5.008535779274));
#3792 = CARTESIAN_POINT('',(101.37504203792,57.011230753683,
    5.008435393876));
#3793 = CARTESIAN_POINT('',(101.37504006325,57.01096384833,
    5.008234635454));
#3794 = CARTESIAN_POINT('',(101.37503909077,57.010830398082,
    5.008134262432));
#3795 = CARTESIAN_POINT('',(101.37503813312,57.010696945189,
    5.008033891781));
#3796 = CARTESIAN_POINT('',(101.37503719029,57.010563489652,
    5.007933523503));
#3797 = CARTESIAN_POINT('',(101.37503536635,57.010301184934,
    5.007736259834));
#3798 = CARTESIAN_POINT('',(101.37503448423,57.010172335932,
    5.007639364282));
#3799 = CARTESIAN_POINT('',(101.37503361593,57.010043484471,
    5.007542470945));
#3800 = CARTESIAN_POINT('',(101.37503276145,57.009914630551,
    5.007445579824));
#3801 = CARTESIAN_POINT('',(101.3750310802,57.009656927263,
    5.007251809134));
#3802 = CARTESIAN_POINT('',(101.37503025342,57.009528077894,
    5.007154929565));
#3803 = CARTESIAN_POINT('',(101.37502944047,57.009399226072,
    5.007058052214));
#3804 = CARTESIAN_POINT('',(101.37502864133,57.009270371797,
    5.006961177085));
#3805 = CARTESIAN_POINT('',(101.37502707077,57.00901266781,
    5.006767438384));
#3806 = CARTESIAN_POINT('',(101.37502629933,57.008883818098,
    5.006670574812));
#3807 = CARTESIAN_POINT('',(101.37502554172,57.008754965938,
    5.006573713464));
#3808 = CARTESIAN_POINT('',(101.37502479793,57.008626111332,
    5.00647685434));
#3809 = CARTESIAN_POINT('',(101.37502331199,57.00836380517,
    5.006279688869));
#3810 = CARTESIAN_POINT('',(101.37502257083,57.008230353436,
    5.006179382682));
#3811 = CARTESIAN_POINT('',(101.37502184451,57.008096899083,
    5.006079078886));
#3812 = CARTESIAN_POINT('',(101.37502113301,57.007963442113,
    5.00597877748));
#3813 = CARTESIAN_POINT('',(101.37501973973,57.007696533092,
    5.005778187081));
#3814 = CARTESIAN_POINT('',(101.37501905794,57.007563081042,
    5.005677898089));
#3815 = CARTESIAN_POINT('',(101.37501839099,57.007429626379,
    5.00557761149));
#3816 = CARTESIAN_POINT('',(101.37501773886,57.007296169105,
    5.005477327287));
#3817 = CARTESIAN_POINT('',(101.37501648629,57.007033861037,
    5.005280228905));
#3818 = CARTESIAN_POINT('',(101.37501588483,57.006905010419,
    5.005183414564));
#3819 = CARTESIAN_POINT('',(101.37501529721,57.006776157372,
    5.005086602458));
#3820 = CARTESIAN_POINT('',(101.37501472341,57.006647301897,
    5.00498979259));
#3821 = CARTESIAN_POINT('',(101.3750135835,57.006384994003,5.00479272741
    ));
#3822 = CARTESIAN_POINT('',(101.3750130184,57.006251541407,5.00469247226
    ));
#3823 = CARTESIAN_POINT('',(101.37501246813,57.006118086212,
    5.004592219513));
#3824 = CARTESIAN_POINT('',(101.3750119327,57.005984628419,
    5.004491969171));
#3825 = CARTESIAN_POINT('',(101.37501089153,57.005717717792,
    5.004291480922));
#3826 = CARTESIAN_POINT('',(101.3750103858,57.005584264958,
    5.004191243016));
#3827 = CARTESIAN_POINT('',(101.3750098949,57.005450809532,
    5.004091007516));
#3828 = CARTESIAN_POINT('',(101.37500941883,57.005317351514,
    5.003990774426));
#3829 = CARTESIAN_POINT('',(101.3750084964,57.005050440451,5.00379032069
    ));
#3830 = CARTESIAN_POINT('',(101.37500805003,57.004916987405,
    5.003690100043));
#3831 = CARTESIAN_POINT('',(101.3750076185,57.004783531773,
    5.003589881808));
#3832 = CARTESIAN_POINT('',(101.3750072018,57.004650073557,
    5.003489665987));
#3833 = CARTESIAN_POINT('',(101.37500639811,57.00438316211,
    5.003289246795));
#3834 = CARTESIAN_POINT('',(101.37500601111,57.004249708878,
    5.003189043424));
#3835 = CARTESIAN_POINT('',(101.37500563895,57.004116253068,
    5.00308884247));
#3836 = CARTESIAN_POINT('',(101.37500528162,57.00398279468,
    5.002988643935));
#3837 = CARTESIAN_POINT('',(101.37500460847,57.003720484485,
    5.00279171397));
#3838 = CARTESIAN_POINT('',(101.37500429164,57.003591632852,
    5.002694982378));
#3839 = CARTESIAN_POINT('',(101.37500398864,57.003462778821,
    5.002598253042));
#3840 = CARTESIAN_POINT('',(101.37500369948,57.003333922394,
    5.002501525965));
#3841 = CARTESIAN_POINT('',(101.375003139,57.003071612621,5.002304629358
    ));
#3842 = CARTESIAN_POINT('',(101.37500286869,57.002938159102,
    5.002204459993));
#3843 = CARTESIAN_POINT('',(101.37500261321,57.002804703017,
    5.002104293053));
#3844 = CARTESIAN_POINT('',(101.37500237258,57.002671244368,
    5.002004128541));
#3845 = CARTESIAN_POINT('',(101.375001921,57.002404332093,5.001803811989
    ));
#3846 = CARTESIAN_POINT('',(101.37500171005,57.002270878467,
    5.001703659949));
#3847 = CARTESIAN_POINT('',(101.37500151395,57.002137422281,
    5.001603510339));
#3848 = CARTESIAN_POINT('',(101.37500133268,57.002003963539,
    5.001503363162));
#3849 = CARTESIAN_POINT('',(101.37500099984,57.001737051088,
    5.001303081287));
#3850 = CARTESIAN_POINT('',(101.37500084827,57.001603597381,
    5.001202946589));
#3851 = CARTESIAN_POINT('',(101.37500071153,57.001470141122,
    5.001102814326));
#3852 = CARTESIAN_POINT('',(101.37500058963,57.001336682312,5.0010026845
    ));
#3853 = CARTESIAN_POINT('',(101.37500038291,57.001078972947,
    5.000809341903));
#3854 = CARTESIAN_POINT('',(101.37500029611,57.000954722731,
    5.000716128807));
#3855 = CARTESIAN_POINT('',(101.37500022217,57.000830470308,
    5.000622917826));
#3856 = CARTESIAN_POINT('',(101.3750001611,57.00070621568,5.000529708961
    ));
#3857 = CARTESIAN_POINT('',(101.37500006773,57.000465570943,
    5.000349198053));
#3858 = CARTESIAN_POINT('',(101.37500003386,57.000349181103,
    5.00026189575));
#3859 = CARTESIAN_POINT('',(101.37500001129,57.000232789332,
    5.000174595307));
#3860 = CARTESIAN_POINT('',(101.375,57.00011639563,5.000087296723));
#3861 = CARTESIAN_POINT('',(101.375,57.,5.));
#3862 = ORIENTED_EDGE('',*,*,#3863,.F.);
#3863 = EDGE_CURVE('',#1056,#3661,#3864,.T.);
#3864 = LINE('',#3865,#3866);
#3865 = CARTESIAN_POINT('',(101.375,57.,0.));
#3866 = VECTOR('',#3867,1.);
#3867 = DIRECTION('',(0.,0.,1.));
#3868 = CYLINDRICAL_SURFACE('',#3869,1.5);
#3869 = AXIS2_PLACEMENT_3D('',#3870,#3871,#3872);
#3870 = CARTESIAN_POINT('',(102.875,57.,0.));
#3871 = DIRECTION('',(-0.,-0.,-1.));
#3872 = DIRECTION('',(1.,0.,0.));
#3873 = ADVANCED_FACE('',(#3874),#3893,.F.);
#3874 = FACE_BOUND('',#3875,.T.);
#3875 = EDGE_LOOP('',(#3876,#3877,#3885,#3892));
#3876 = ORIENTED_EDGE('',*,*,#1072,.F.);
#3877 = ORIENTED_EDGE('',*,*,#3878,.T.);
#3878 = EDGE_CURVE('',#1065,#3879,#3881,.T.);
#3879 = VERTEX_POINT('',#3880);
#3880 = CARTESIAN_POINT('',(101.375,31.,3.));
#3881 = LINE('',#3882,#3883);
#3882 = CARTESIAN_POINT('',(101.375,31.,0.));
#3883 = VECTOR('',#3884,1.);
#3884 = DIRECTION('',(0.,0.,1.));
#3885 = ORIENTED_EDGE('',*,*,#3886,.F.);
#3886 = EDGE_CURVE('',#3637,#3879,#3887,.T.);
#3887 = CIRCLE('',#3888,1.5);
#3888 = AXIS2_PLACEMENT_3D('',#3889,#3890,#3891);
#3889 = CARTESIAN_POINT('',(102.875,31.,3.));
#3890 = DIRECTION('',(0.,0.,-1.));
#3891 = DIRECTION('',(1.,0.,0.));
#3892 = ORIENTED_EDGE('',*,*,#3644,.F.);
#3893 = CYLINDRICAL_SURFACE('',#3894,1.5);
#3894 = AXIS2_PLACEMENT_3D('',#3895,#3896,#3897);
#3895 = CARTESIAN_POINT('',(102.875,31.,0.));
#3896 = DIRECTION('',(-0.,-0.,-1.));
#3897 = DIRECTION('',(1.,0.,0.));
#3898 = ADVANCED_FACE('',(#3899),#3919,.T.);
#3899 = FACE_BOUND('',#3900,.T.);
#3900 = EDGE_LOOP('',(#3901,#3902,#3903,#3912,#3918));
#3901 = ORIENTED_EDGE('',*,*,#1064,.F.);
#3902 = ORIENTED_EDGE('',*,*,#3863,.T.);
#3903 = ORIENTED_EDGE('',*,*,#3904,.F.);
#3904 = EDGE_CURVE('',#3905,#3661,#3907,.T.);
#3905 = VERTEX_POINT('',#3906);
#3906 = CARTESIAN_POINT('',(101.375,51.,3.));
#3907 = CIRCLE('',#3908,10.);
#3908 = AXIS2_PLACEMENT_3D('',#3909,#3910,#3911);
#3909 = CARTESIAN_POINT('',(101.375,51.,13.));
#3910 = DIRECTION('',(1.,0.,0.));
#3911 = DIRECTION('',(0.,1.,0.));
#3912 = ORIENTED_EDGE('',*,*,#3913,.F.);
#3913 = EDGE_CURVE('',#3879,#3905,#3914,.T.);
#3914 = LINE('',#3915,#3916);
#3915 = CARTESIAN_POINT('',(101.375,41.86643593495,3.));
#3916 = VECTOR('',#3917,1.);
#3917 = DIRECTION('',(0.,1.,0.));
#3918 = ORIENTED_EDGE('',*,*,#3878,.F.);
#3919 = PLANE('',#3920);
#3920 = AXIS2_PLACEMENT_3D('',#3921,#3922,#3923);
#3921 = CARTESIAN_POINT('',(101.375,57.,0.));
#3922 = DIRECTION('',(1.,0.,0.));
#3923 = DIRECTION('',(0.,-1.,0.));
#3924 = ADVANCED_FACE('',(#3925),#3959,.F.);
#3925 = FACE_BOUND('',#3926,.F.);
#3926 = EDGE_LOOP('',(#3927,#3928,#3936,#3945,#3953));
#3927 = ORIENTED_EDGE('',*,*,#1081,.F.);
#3928 = ORIENTED_EDGE('',*,*,#3929,.T.);
#3929 = EDGE_CURVE('',#1082,#3930,#3932,.T.);
#3930 = VERTEX_POINT('',#3931);
#3931 = CARTESIAN_POINT('',(98.375,57.,5.));
#3932 = LINE('',#3933,#3934);
#3933 = CARTESIAN_POINT('',(98.375,57.,0.));
#3934 = VECTOR('',#3935,1.);
#3935 = DIRECTION('',(0.,0.,1.));
#3936 = ORIENTED_EDGE('',*,*,#3937,.F.);
#3937 = EDGE_CURVE('',#3938,#3930,#3940,.T.);
#3938 = VERTEX_POINT('',#3939);
#3939 = CARTESIAN_POINT('',(98.375,51.,3.));
#3940 = CIRCLE('',#3941,10.);
#3941 = AXIS2_PLACEMENT_3D('',#3942,#3943,#3944);
#3942 = CARTESIAN_POINT('',(98.375,51.,13.));
#3943 = DIRECTION('',(1.,0.,0.));
#3944 = DIRECTION('',(0.,1.,0.));
#3945 = ORIENTED_EDGE('',*,*,#3946,.F.);
#3946 = EDGE_CURVE('',#3947,#3938,#3949,.T.);
#3947 = VERTEX_POINT('',#3948);
#3948 = CARTESIAN_POINT('',(98.375,47.,3.));
#3949 = LINE('',#3950,#3951);
#3950 = CARTESIAN_POINT('',(98.375,41.86643593495,3.));
#3951 = VECTOR('',#3952,1.);
#3952 = DIRECTION('',(0.,1.,0.));
#3953 = ORIENTED_EDGE('',*,*,#3954,.F.);
#3954 = EDGE_CURVE('',#1084,#3947,#3955,.T.);
#3955 = LINE('',#3956,#3957);
#3956 = CARTESIAN_POINT('',(98.375,47.,0.));
#3957 = VECTOR('',#3958,1.);
#3958 = DIRECTION('',(0.,0.,1.));
#3959 = PLANE('',#3960);
#3960 = AXIS2_PLACEMENT_3D('',#3961,#3962,#3963);
#3961 = CARTESIAN_POINT('',(98.375,57.,0.));
#3962 = DIRECTION('',(1.,0.,0.));
#3963 = DIRECTION('',(0.,-1.,0.));
#3964 = ADVANCED_FACE('',(#3965),#4178,.F.);
#3965 = FACE_BOUND('',#3966,.T.);
#3966 = EDGE_LOOP('',(#3967,#3968,#3969,#4172));
#3967 = ORIENTED_EDGE('',*,*,#1091,.F.);
#3968 = ORIENTED_EDGE('',*,*,#3929,.T.);
#3969 = ORIENTED_EDGE('',*,*,#3970,.T.);
#3970 = EDGE_CURVE('',#3930,#3971,#3973,.T.);
#3971 = VERTEX_POINT('',#3972);
#3972 = CARTESIAN_POINT('',(95.375,57.,5.));
#3973 = B_SPLINE_CURVE_WITH_KNOTS('',5,(#3974,#3975,#3976,#3977,#3978,
    #3979,#3980,#3981,#3982,#3983,#3984,#3985,#3986,#3987,#3988,#3989,
    #3990,#3991,#3992,#3993,#3994,#3995,#3996,#3997,#3998,#3999,#4000,
    #4001,#4002,#4003,#4004,#4005,#4006,#4007,#4008,#4009,#4010,#4011,
    #4012,#4013,#4014,#4015,#4016,#4017,#4018,#4019,#4020,#4021,#4022,
    #4023,#4024,#4025,#4026,#4027,#4028,#4029,#4030,#4031,#4032,#4033,
    #4034,#4035,#4036,#4037,#4038,#4039,#4040,#4041,#4042,#4043,#4044,
    #4045,#4046,#4047,#4048,#4049,#4050,#4051,#4052,#4053,#4054,#4055,
    #4056,#4057,#4058,#4059,#4060,#4061,#4062,#4063,#4064,#4065,#4066,
    #4067,#4068,#4069,#4070,#4071,#4072,#4073,#4074,#4075,#4076,#4077,
    #4078,#4079,#4080,#4081,#4082,#4083,#4084,#4085,#4086,#4087,#4088,
    #4089,#4090,#4091,#4092,#4093,#4094,#4095,#4096,#4097,#4098,#4099,
    #4100,#4101,#4102,#4103,#4104,#4105,#4106,#4107,#4108,#4109,#4110,
    #4111,#4112,#4113,#4114,#4115,#4116,#4117,#4118,#4119,#4120,#4121,
    #4122,#4123,#4124,#4125,#4126,#4127,#4128,#4129,#4130,#4131,#4132,
    #4133,#4134,#4135,#4136,#4137,#4138,#4139,#4140,#4141,#4142,#4143,
    #4144,#4145,#4146,#4147,#4148,#4149,#4150,#4151,#4152,#4153,#4154,
    #4155,#4156,#4157,#4158,#4159,#4160,#4161,#4162,#4163,#4164,#4165,
    #4166,#4167,#4168,#4169,#4170,#4171),.UNSPECIFIED.,.F.,.F.,(6,4,4,4,
    4,4,4,4,4,4,4,4,4,4,4,4,4,4,4,4,4,4,4,4,4,4,4,4,4,4,4,4,4,4,4,4,4,4,
    4,4,4,4,4,4,4,4,4,4,4,6),(0.,6.146817411779E-02,0.18162638776,
    0.313530241109,0.367486377444,0.414488987153,0.441339668521,
    0.49983300279,0.58508221777,0.6329541228,0.687943457952,
    0.818231460721,0.938479060784,0.995176147191,0.995313569609,
    0.995446243398,0.995569431756,0.99569734923,0.995834731976,
    0.995972104266,0.996099993206,0.996237345307,0.99636995121,
    0.996507282767,0.996644603873,0.996781914529,0.996919214737,
    0.997051770541,0.997189050216,0.997326319446,0.997463578232,
    0.997581896391,0.997719135733,0.997856364636,0.997988851603,
    0.99812132884,0.998253796348,0.998390984583,0.998528162385,
    0.998660600019,0.998793027929,0.998930175157,0.999067311957,
    0.999199710009,0.999336826316,0.9994739322,0.999611027661,
    0.999748112701,0.999880460784,1.),.UNSPECIFIED.);
#3974 = CARTESIAN_POINT('',(98.375,57.,5.));
#3975 = CARTESIAN_POINT('',(98.375,57.059898449749,5.044923837312));
#3976 = CARTESIAN_POINT('',(98.372010159967,57.119271259422,
    5.090329492454));
#3977 = CARTESIAN_POINT('',(98.366135357597,57.177951502526,
    5.136085173812));
#3978 = CARTESIAN_POINT('',(98.35748597938,57.235786032562,
    5.182051223299));
#3979 = CARTESIAN_POINT('',(98.324072885573,57.403764998617,
    5.318057566394));
#3980 = CARTESIAN_POINT('',(98.291819761566,57.5110771955,5.408232654434
    ));
#3981 = CARTESIAN_POINT('',(98.250227725921,57.613891030662,
    5.497792572331));
#3982 = CARTESIAN_POINT('',(98.199948646639,57.711627080541,
    5.585833852099));
#3983 = CARTESIAN_POINT('',(98.077320896927,57.904857494723,
    5.765224248758));
#3984 = CARTESIAN_POINT('',(98.00325158549,57.999266393766,
    5.856117692942));
#3985 = CARTESIAN_POINT('',(97.919863619643,58.086319370155,
    5.94277795522));
#3986 = CARTESIAN_POINT('',(97.827514009882,58.165229335539,
    6.023635546859));
#3987 = CARTESIAN_POINT('',(97.685244713347,58.263337048743,
    6.126453823637));
#3988 = CARTESIAN_POINT('',(97.64250347407,58.290263013062,
    6.154981094891));
#3989 = CARTESIAN_POINT('',(97.598372620024,58.315538465778,
    6.18202535681));
#3990 = CARTESIAN_POINT('',(97.552905601777,58.339066596044,
    6.207421141502));
#3991 = CARTESIAN_POINT('',(97.465437224474,58.379637245192,
    6.251538489491));
#3992 = CARTESIAN_POINT('',(97.423741897812,58.397125650121,
    6.270699798537));
#3993 = CARTESIAN_POINT('',(97.381143444626,58.413133985818,
    6.288354167273));
#3994 = CARTESIAN_POINT('',(97.337714645578,58.427589639565,
    6.304383422258));
#3995 = CARTESIAN_POINT('',(97.26829046037,58.447761540116,
    6.326847182289));
#3996 = CARTESIAN_POINT('',(97.242807755124,58.454566313607,
    6.334447649394));
#3997 = CARTESIAN_POINT('',(97.217100864533,58.46082880341,
    6.341460341703));
#3998 = CARTESIAN_POINT('',(97.191190557392,58.466536970405,
    6.34786609074));
#3999 = CARTESIAN_POINT('',(97.108263372999,58.482883729285,
    6.366242749831));
#4000 = CARTESIAN_POINT('',(97.050548344792,58.491410127386,
    6.37588145397));
#4001 = CARTESIAN_POINT('',(96.992240213785,58.497135593565,
    6.382373869424));
#4002 = CARTESIAN_POINT('',(96.93362790707,58.5,6.385621722339));
#4003 = CARTESIAN_POINT('',(96.789554656252,58.5,6.385621722339));
#4004 = CARTESIAN_POINT('',(96.704203622435,58.493915503903,
    6.378723195938));
#4005 = CARTESIAN_POINT('',(96.619780328189,58.481775952289,
    6.364955374237));
#4006 = CARTESIAN_POINT('',(96.537118871634,58.463827452171,
    6.344739715554));
#4007 = CARTESIAN_POINT('',(96.412053337617,58.427541038737,
    6.304328593579));
#4008 = CARTESIAN_POINT('',(96.367859816684,58.412816060375,
    6.288000883424));
#4009 = CARTESIAN_POINT('',(96.324527107704,58.396483480794,
    6.269990996061));
#4010 = CARTESIAN_POINT('',(96.282131750202,58.378619876287,
    6.250423559421));
#4011 = CARTESIAN_POINT('',(96.193210409453,58.337129281862,
    6.20532508827));
#4012 = CARTESIAN_POINT('',(96.147003380047,58.313038846915,
    6.179337666374));
#4013 = CARTESIAN_POINT('',(96.102185610971,58.287142337997,
    6.151650953458));
#4014 = CARTESIAN_POINT('',(96.058812753389,58.259541544259,
    6.122439105015));
#4015 = CARTESIAN_POINT('',(95.917719170339,58.161139846958,
    6.019447765078));
#4016 = CARTESIAN_POINT('',(95.826912520162,58.082943483741,
    5.939419005458));
#4017 = CARTESIAN_POINT('',(95.744845816966,57.996835050454,
    5.853777962323));
#4018 = CARTESIAN_POINT('',(95.671863872049,57.903568523869,
    5.764028236162));
#4019 = CARTESIAN_POINT('',(95.550065374089,57.711653207984,
    5.585857520921));
#4020 = CARTESIAN_POINT('',(95.499784349151,57.613918088839,
    5.497816447503));
#4021 = CARTESIAN_POINT('',(95.458190304903,57.511105081684,
    5.408256586393));
#4022 = CARTESIAN_POINT('',(95.425935092039,57.403793593643,
    5.318081408978));
#4023 = CARTESIAN_POINT('',(95.393404264843,57.240267017819,
    5.185678985663));
#4024 = CARTESIAN_POINT('',(95.385239604132,57.187034346558,
    5.143309106508));
#4025 = CARTESIAN_POINT('',(95.379424025142,57.133074339298,
    5.101108300436));
#4026 = CARTESIAN_POINT('',(95.376044201801,57.078504607141,
    5.059185294101));
#4027 = CARTESIAN_POINT('',(95.375181267052,57.023319221844,
    5.017542635272));
#4028 = CARTESIAN_POINT('',(95.375179195327,57.023185784136,
    5.017441948116));
#4029 = CARTESIAN_POINT('',(95.375177138403,57.023052343659,
    5.017341263247));
#4030 = CARTESIAN_POINT('',(95.375175096281,57.022918900414,
    5.017240580665));
#4031 = CARTESIAN_POINT('',(95.375171111697,57.02265661962,
    5.017042699088));
#4032 = CARTESIAN_POINT('',(95.375169168229,57.022527782259,
    5.016945499936));
#4033 = CARTESIAN_POINT('',(95.37516723856,57.022398942321,5.01684830292
    ));
#4034 = CARTESIAN_POINT('',(95.375165322691,57.02227009981,5.01675110804
    ));
#4035 = CARTESIAN_POINT('',(95.375161654541,57.022021621344,
    5.016563671293));
#4036 = CARTESIAN_POINT('',(95.375159900358,57.021901985743,
    5.01647342913));
#4037 = CARTESIAN_POINT('',(95.375158158073,57.021782347927,
    5.016383188812));
#4038 = CARTESIAN_POINT('',(95.375156427689,57.021662707896,
    5.01629295034));
#4039 = CARTESIAN_POINT('',(95.375152924748,57.021418830427,
    5.016109012969));
#4040 = CARTESIAN_POINT('',(95.375151153124,57.021294592815,
    5.016015314214));
#4041 = CARTESIAN_POINT('',(95.375149394333,57.021170352819,
    5.015921617453));
#4042 = CARTESIAN_POINT('',(95.375147648375,57.02104611044,
    5.015827922685));
#4043 = CARTESIAN_POINT('',(95.375144053886,57.020788427413,
    5.015633604333));
#4044 = CARTESIAN_POINT('',(95.375142207324,57.020654986399,
    5.015532981053));
#4045 = CARTESIAN_POINT('',(95.375140375567,57.020521542641,
    5.015432360078));
#4046 = CARTESIAN_POINT('',(95.375138558617,57.020388096141,
    5.015331741407));
#4047 = CARTESIAN_POINT('',(95.375134954469,57.020121207818,
    5.015130516339));
#4048 = CARTESIAN_POINT('',(95.375133167269,57.019987765996,
    5.01502990994));
#4049 = CARTESIAN_POINT('',(95.375131394876,57.019854321436,
    5.014929305849));
#4050 = CARTESIAN_POINT('',(95.37512963729,57.019720874141,
    5.014828704069));
#4051 = CARTESIAN_POINT('',(95.375126272047,57.019463186665,
    5.014634449908));
#4052 = CARTESIAN_POINT('',(95.375124662416,57.019338946848,
    5.01454079722));
#4053 = CARTESIAN_POINT('',(95.375123065621,57.019214704665,
    5.014447146536));
#4054 = CARTESIAN_POINT('',(95.375121481662,57.019090460115,
    5.014353497859));
#4055 = CARTESIAN_POINT('',(95.375118223164,57.01883277262,5.01415927512
    ));
#4056 = CARTESIAN_POINT('',(95.375116550595,57.018699329312,
    5.014058701366));
#4057 = CARTESIAN_POINT('',(95.375114892835,57.018565883279,
    5.01395812993));
#4058 = CARTESIAN_POINT('',(95.375113249885,57.018432434523,
    5.013857560812));
#4059 = CARTESIAN_POINT('',(95.375110049868,57.018170142984,5.0136599023
    ));
#4060 = CARTESIAN_POINT('',(95.375108491795,57.018041300384,
    5.013562812749));
#4061 = CARTESIAN_POINT('',(95.375106947528,57.017912455251,
    5.013465725362));
#4062 = CARTESIAN_POINT('',(95.375105417069,57.017783607586,
    5.01336864014));
#4063 = CARTESIAN_POINT('',(95.375102329718,57.017521315385,
    5.013171014301));
#4064 = CARTESIAN_POINT('',(95.375100773829,57.017387870665,
    5.01307047384));
#4065 = CARTESIAN_POINT('',(95.375099232751,57.017254423233,
    5.012969935705));
#4066 = CARTESIAN_POINT('',(95.375097706485,57.017120973093,
    5.012869399898));
#4067 = CARTESIAN_POINT('',(95.375094683695,57.016854077552,
    5.012668340594));
#4068 = CARTESIAN_POINT('',(95.375093187169,57.016720632153,
    5.012567817096));
#4069 = CARTESIAN_POINT('',(95.375091705456,57.016587184049,
    5.012467295929));
#4070 = CARTESIAN_POINT('',(95.375090238556,57.016453733243,
    5.012366777094));
#4071 = CARTESIAN_POINT('',(95.375087334497,57.016186836384,
    5.012165751743));
#4072 = CARTESIAN_POINT('',(95.375085897335,57.016053390332,
    5.012065245225));
#4073 = CARTESIAN_POINT('',(95.375084474986,57.015919941582,
    5.011964741043));
#4074 = CARTESIAN_POINT('',(95.375083067453,57.015786490137,
    5.011864239198));
#4075 = CARTESIAN_POINT('',(95.375080282124,57.015519592013,
    5.011663247833));
#4076 = CARTESIAN_POINT('',(95.375078904326,57.015386145335,
    5.011562758313));
#4077 = CARTESIAN_POINT('',(95.375077541343,57.015252695965,
    5.011462271132));
#4078 = CARTESIAN_POINT('',(95.375076193177,57.015119243907,
    5.011361786294));
#4079 = CARTESIAN_POINT('',(95.375073572551,57.014856945939,
    5.011164293471));
#4080 = CARTESIAN_POINT('',(95.375072299086,57.014728100211,
    5.011067285329));
#4081 = CARTESIAN_POINT('',(95.375071039433,57.014599251981,
    5.010970279372));
#4082 = CARTESIAN_POINT('',(95.375069793593,57.014470401251,
    5.010873275602));
#4083 = CARTESIAN_POINT('',(95.375067285635,57.014208102869,
    5.01067581561));
#4084 = CARTESIAN_POINT('',(95.375066024519,57.014074655037,
    5.010575359546));
#4085 = CARTESIAN_POINT('',(95.375064778221,57.013941204527,
    5.010474905832));
#4086 = CARTESIAN_POINT('',(95.375063546741,57.013807751341,
    5.010374454469));
#4087 = CARTESIAN_POINT('',(95.375061113513,57.013540849775,
    5.010173564089));
#4088 = CARTESIAN_POINT('',(95.375059911762,57.013407401395,
    5.010073125072));
#4089 = CARTESIAN_POINT('',(95.37505872483,57.013273950344,
    5.009972688409));
#4090 = CARTESIAN_POINT('',(95.375057552717,57.013140496623,
    5.009872254102));
#4091 = CARTESIAN_POINT('',(95.375055238222,57.012873594001,
    5.009671397842));
#4092 = CARTESIAN_POINT('',(95.375054095836,57.012740145099,
    5.009570975889));
#4093 = CARTESIAN_POINT('',(95.37505296827,57.012606693533,
    5.009470556295));
#4094 = CARTESIAN_POINT('',(95.375051855525,57.012473239305,
    5.00937013906));
#4095 = CARTESIAN_POINT('',(95.375049811184,57.012224741522,
    5.009183165773));
#4096 = CARTESIAN_POINT('',(95.375048875779,57.012109698651,
    5.009096609114));
#4097 = CARTESIAN_POINT('',(95.375047951388,57.011994653805,
    5.009010054211));
#4098 = CARTESIAN_POINT('',(95.375047038013,57.011879606985,
    5.008923501064));
#4099 = CARTESIAN_POINT('',(95.375045088989,57.011631111044,
    5.008736557176));
#4100 = CARTESIAN_POINT('',(95.375044057147,57.011497661242,
    5.008636167042));
#4101 = CARTESIAN_POINT('',(95.375043040126,57.011364208788,
    5.008535779274));
#4102 = CARTESIAN_POINT('',(95.375042037928,57.011230753683,
    5.008435393876));
#4103 = CARTESIAN_POINT('',(95.375040063255,57.01096384833,
    5.008234635454));
#4104 = CARTESIAN_POINT('',(95.375039090778,57.010830398082,
    5.008134262432));
#4105 = CARTESIAN_POINT('',(95.375038133125,57.010696945189,
    5.008033891781));
#4106 = CARTESIAN_POINT('',(95.375037190295,57.010563489652,
    5.007933523503));
#4107 = CARTESIAN_POINT('',(95.375035366353,57.010301184934,
    5.007736259834));
#4108 = CARTESIAN_POINT('',(95.375034484234,57.010172335932,
    5.007639364282));
#4109 = CARTESIAN_POINT('',(95.375033615935,57.010043484471,
    5.007542470945));
#4110 = CARTESIAN_POINT('',(95.375032761456,57.009914630551,
    5.007445579824));
#4111 = CARTESIAN_POINT('',(95.375031080203,57.009656927263,
    5.007251809134));
#4112 = CARTESIAN_POINT('',(95.375030253426,57.009528077894,
    5.007154929565));
#4113 = CARTESIAN_POINT('',(95.375029440471,57.009399226072,
    5.007058052214));
#4114 = CARTESIAN_POINT('',(95.375028641336,57.009270371797,
    5.006961177085));
#4115 = CARTESIAN_POINT('',(95.375027070771,57.00901266781,
    5.006767438384));
#4116 = CARTESIAN_POINT('',(95.375026299337,57.008883818098,
    5.006670574812));
#4117 = CARTESIAN_POINT('',(95.375025541725,57.008754965938,
    5.006573713464));
#4118 = CARTESIAN_POINT('',(95.375024797936,57.008626111332,
    5.00647685434));
#4119 = CARTESIAN_POINT('',(95.37502331199,57.00836380517,5.006279688869
    ));
#4120 = CARTESIAN_POINT('',(95.375022570837,57.008230353436,
    5.006179382682));
#4121 = CARTESIAN_POINT('',(95.375021844512,57.008096899083,
    5.006079078886));
#4122 = CARTESIAN_POINT('',(95.375021133015,57.007963442113,
    5.00597877748));
#4123 = CARTESIAN_POINT('',(95.375019739734,57.007696533092,
    5.005778187081));
#4124 = CARTESIAN_POINT('',(95.375019057948,57.007563081042,
    5.005677898089));
#4125 = CARTESIAN_POINT('',(95.37501839099,57.007429626379,5.00557761149
    ));
#4126 = CARTESIAN_POINT('',(95.375017738862,57.007296169105,
    5.005477327287));
#4127 = CARTESIAN_POINT('',(95.37501648629,57.007033861037,
    5.005280228905));
#4128 = CARTESIAN_POINT('',(95.375015884839,57.006905010419,
    5.005183414564));
#4129 = CARTESIAN_POINT('',(95.375015297212,57.006776157372,
    5.005086602458));
#4130 = CARTESIAN_POINT('',(95.375014723412,57.006647301897,
    5.00498979259));
#4131 = CARTESIAN_POINT('',(95.375013603505,57.006389595558,
    5.00479618444));
#4132 = CARTESIAN_POINT('',(95.375013057397,57.006260744693,
    5.004699386157));
#4133 = CARTESIAN_POINT('',(95.375012525114,57.006131891406,
    5.004602590115));
#4134 = CARTESIAN_POINT('',(95.375012006659,57.006003035696,
    5.004505796314));
#4135 = CARTESIAN_POINT('',(95.375010979421,57.005740727337,
    5.004308763849));
#4136 = CARTESIAN_POINT('',(95.375010471641,57.00560727451,
    5.004208525347));
#4137 = CARTESIAN_POINT('',(95.375009978693,57.005473819091,
    5.004108289253));
#4138 = CARTESIAN_POINT('',(95.375009500578,57.005340361081,
    5.004008055568));
#4139 = CARTESIAN_POINT('',(95.375008574053,57.005073450032,
    5.00380760064));
#4140 = CARTESIAN_POINT('',(95.37500812564,57.004939996993,
    5.003707379398));
#4141 = CARTESIAN_POINT('',(95.375007692061,57.004806541367,
    5.003607160567));
#4142 = CARTESIAN_POINT('',(95.375007273316,57.004673083158,
    5.00350694415));
#4143 = CARTESIAN_POINT('',(95.375006479454,57.0044107733,5.003309979033
    ));
#4144 = CARTESIAN_POINT('',(95.375006103329,57.004281921827,
    5.003213230168));
#4145 = CARTESIAN_POINT('',(95.375005741034,57.004153067949,
    5.003116483556));
#4146 = CARTESIAN_POINT('',(95.375005392568,57.004024211669,
    5.003019739198));
#4147 = CARTESIAN_POINT('',(95.375004711374,57.003761902182,
    5.002822807406));
#4148 = CARTESIAN_POINT('',(95.375004379648,57.003628448802,
    5.002722620134));
#4149 = CARTESIAN_POINT('',(95.375004062758,57.003494992848,
    5.002622435284));
#4150 = CARTESIAN_POINT('',(95.375003760705,57.003361534324,
    5.002522252857));
#4151 = CARTESIAN_POINT('',(95.375003186296,57.003094622285,
    5.002321900468));
#4152 = CARTESIAN_POINT('',(95.375002913938,57.00296116877,
    5.002221730505));
#4153 = CARTESIAN_POINT('',(95.375002656417,57.002827712689,
    5.002121562968));
#4154 = CARTESIAN_POINT('',(95.375002413733,57.002694254044,
    5.002021397858));
#4155 = CARTESIAN_POINT('',(95.375001958061,57.002427341775,
    5.001821080111));
#4156 = CARTESIAN_POINT('',(95.37500174507,57.002293888152,
    5.001720927473));
#4157 = CARTESIAN_POINT('',(95.375001546917,57.002160431969,
    5.001620777266));
#4158 = CARTESIAN_POINT('',(95.375001363603,57.00202697323,
    5.001520629491));
#4159 = CARTESIAN_POINT('',(95.375001026669,57.001760060785,
    5.001320346419));
#4160 = CARTESIAN_POINT('',(95.375000873045,57.00162660708,
    5.001220211123));
#4161 = CARTESIAN_POINT('',(95.375000734261,57.001493150823,
    5.001120078262));
#4162 = CARTESIAN_POINT('',(95.375000610317,57.001359692015,
    5.001019947837));
#4163 = CARTESIAN_POINT('',(95.375000395881,57.001097381043,
    5.000823151775));
#4164 = CARTESIAN_POINT('',(95.375000304381,57.000968529053,
    5.000726485972));
#4165 = CARTESIAN_POINT('',(95.375000226716,57.000839674689,
    5.000629822443));
#4166 = CARTESIAN_POINT('',(95.375000162886,57.000710817954,
    5.000533161189));
#4167 = CARTESIAN_POINT('',(95.375000067737,57.000465570943,
    5.000349198053));
#4168 = CARTESIAN_POINT('',(95.375000033869,57.000349181103,
    5.00026189575));
#4169 = CARTESIAN_POINT('',(95.37500001129,57.000232789332,
    5.000174595307));
#4170 = CARTESIAN_POINT('',(95.375,57.00011639563,5.000087296723));
#4171 = CARTESIAN_POINT('',(95.375,57.,5.));
#4172 = ORIENTED_EDGE('',*,*,#4173,.F.);
#4173 = EDGE_CURVE('',#1092,#3971,#4174,.T.);
#4174 = LINE('',#4175,#4176);
#4175 = CARTESIAN_POINT('',(95.375,57.,0.));
#4176 = VECTOR('',#4177,1.);
#4177 = DIRECTION('',(0.,0.,1.));
#4178 = CYLINDRICAL_SURFACE('',#4179,1.5);
#4179 = AXIS2_PLACEMENT_3D('',#4180,#4181,#4182);
#4180 = CARTESIAN_POINT('',(96.875,57.,0.));
#4181 = DIRECTION('',(-0.,-0.,-1.));
#4182 = DIRECTION('',(1.,0.,0.));
#4183 = ADVANCED_FACE('',(#4184),#4203,.F.);
#4184 = FACE_BOUND('',#4185,.T.);
#4185 = EDGE_LOOP('',(#4186,#4187,#4195,#4202));
#4186 = ORIENTED_EDGE('',*,*,#1108,.F.);
#4187 = ORIENTED_EDGE('',*,*,#4188,.T.);
#4188 = EDGE_CURVE('',#1101,#4189,#4191,.T.);
#4189 = VERTEX_POINT('',#4190);
#4190 = CARTESIAN_POINT('',(95.375,47.,3.));
#4191 = LINE('',#4192,#4193);
#4192 = CARTESIAN_POINT('',(95.375,47.,0.));
#4193 = VECTOR('',#4194,1.);
#4194 = DIRECTION('',(0.,0.,1.));
#4195 = ORIENTED_EDGE('',*,*,#4196,.F.);
#4196 = EDGE_CURVE('',#3947,#4189,#4197,.T.);
#4197 = CIRCLE('',#4198,1.5);
#4198 = AXIS2_PLACEMENT_3D('',#4199,#4200,#4201);
#4199 = CARTESIAN_POINT('',(96.875,47.,3.));
#4200 = DIRECTION('',(0.,0.,-1.));
#4201 = DIRECTION('',(1.,0.,0.));
#4202 = ORIENTED_EDGE('',*,*,#3954,.F.);
#4203 = CYLINDRICAL_SURFACE('',#4204,1.5);
#4204 = AXIS2_PLACEMENT_3D('',#4205,#4206,#4207);
#4205 = CARTESIAN_POINT('',(96.875,47.,0.));
#4206 = DIRECTION('',(-0.,-0.,-1.));
#4207 = DIRECTION('',(1.,0.,0.));
#4208 = ADVANCED_FACE('',(#4209),#4229,.T.);
#4209 = FACE_BOUND('',#4210,.T.);
#4210 = EDGE_LOOP('',(#4211,#4212,#4213,#4222,#4228));
#4211 = ORIENTED_EDGE('',*,*,#1100,.F.);
#4212 = ORIENTED_EDGE('',*,*,#4173,.T.);
#4213 = ORIENTED_EDGE('',*,*,#4214,.F.);
#4214 = EDGE_CURVE('',#4215,#3971,#4217,.T.);
#4215 = VERTEX_POINT('',#4216);
#4216 = CARTESIAN_POINT('',(95.375,51.,3.));
#4217 = CIRCLE('',#4218,10.);
#4218 = AXIS2_PLACEMENT_3D('',#4219,#4220,#4221);
#4219 = CARTESIAN_POINT('',(95.375,51.,13.));
#4220 = DIRECTION('',(1.,0.,0.));
#4221 = DIRECTION('',(0.,1.,0.));
#4222 = ORIENTED_EDGE('',*,*,#4223,.F.);
#4223 = EDGE_CURVE('',#4189,#4215,#4224,.T.);
#4224 = LINE('',#4225,#4226);
#4225 = CARTESIAN_POINT('',(95.375,41.86643593495,3.));
#4226 = VECTOR('',#4227,1.);
#4227 = DIRECTION('',(0.,1.,0.));
#4228 = ORIENTED_EDGE('',*,*,#4188,.F.);
#4229 = PLANE('',#4230);
#4230 = AXIS2_PLACEMENT_3D('',#4231,#4232,#4233);
#4231 = CARTESIAN_POINT('',(95.375,57.,0.));
#4232 = DIRECTION('',(1.,0.,0.));
#4233 = DIRECTION('',(0.,-1.,0.));
#4234 = ADVANCED_FACE('',(#4235),#4269,.F.);
#4235 = FACE_BOUND('',#4236,.F.);
#4236 = EDGE_LOOP('',(#4237,#4238,#4246,#4255,#4263));
#4237 = ORIENTED_EDGE('',*,*,#1117,.F.);
#4238 = ORIENTED_EDGE('',*,*,#4239,.T.);
#4239 = EDGE_CURVE('',#1118,#4240,#4242,.T.);
#4240 = VERTEX_POINT('',#4241);
#4241 = CARTESIAN_POINT('',(11.625,57.,5.));
#4242 = LINE('',#4243,#4244);
#4243 = CARTESIAN_POINT('',(11.625,57.,0.));
#4244 = VECTOR('',#4245,1.);
#4245 = DIRECTION('',(0.,0.,1.));
#4246 = ORIENTED_EDGE('',*,*,#4247,.F.);
#4247 = EDGE_CURVE('',#4248,#4240,#4250,.T.);
#4248 = VERTEX_POINT('',#4249);
#4249 = CARTESIAN_POINT('',(11.625,51.,3.));
#4250 = CIRCLE('',#4251,10.);
#4251 = AXIS2_PLACEMENT_3D('',#4252,#4253,#4254);
#4252 = CARTESIAN_POINT('',(11.625,51.,13.));
#4253 = DIRECTION('',(1.,0.,0.));
#4254 = DIRECTION('',(0.,1.,0.));
#4255 = ORIENTED_EDGE('',*,*,#4256,.F.);
#4256 = EDGE_CURVE('',#4257,#4248,#4259,.T.);
#4257 = VERTEX_POINT('',#4258);
#4258 = CARTESIAN_POINT('',(11.625,31.,3.));
#4259 = LINE('',#4260,#4261);
#4260 = CARTESIAN_POINT('',(11.625,41.86643593495,3.));
#4261 = VECTOR('',#4262,1.);
#4262 = DIRECTION('',(0.,1.,0.));
#4263 = ORIENTED_EDGE('',*,*,#4264,.F.);
#4264 = EDGE_CURVE('',#1120,#4257,#4265,.T.);
#4265 = LINE('',#4266,#4267);
#4266 = CARTESIAN_POINT('',(11.625,31.,0.));
#4267 = VECTOR('',#4268,1.);
#4268 = DIRECTION('',(0.,0.,1.));
#4269 = PLANE('',#4270);
#4270 = AXIS2_PLACEMENT_3D('',#4271,#4272,#4273);
#4271 = CARTESIAN_POINT('',(11.625,57.,0.));
#4272 = DIRECTION('',(1.,0.,0.));
#4273 = DIRECTION('',(0.,-1.,0.));
#4274 = ADVANCED_FACE('',(#4275),#4484,.F.);
#4275 = FACE_BOUND('',#4276,.T.);
#4276 = EDGE_LOOP('',(#4277,#4278,#4279,#4478));
#4277 = ORIENTED_EDGE('',*,*,#1127,.F.);
#4278 = ORIENTED_EDGE('',*,*,#4239,.T.);
#4279 = ORIENTED_EDGE('',*,*,#4280,.T.);
#4280 = EDGE_CURVE('',#4240,#4281,#4283,.T.);
#4281 = VERTEX_POINT('',#4282);
#4282 = CARTESIAN_POINT('',(8.625,57.,5.));
#4283 = B_SPLINE_CURVE_WITH_KNOTS('',5,(#4284,#4285,#4286,#4287,#4288,
    #4289,#4290,#4291,#4292,#4293,#4294,#4295,#4296,#4297,#4298,#4299,
    #4300,#4301,#4302,#4303,#4304,#4305,#4306,#4307,#4308,#4309,#4310,
    #4311,#4312,#4313,#4314,#4315,#4316,#4317,#4318,#4319,#4320,#4321,
    #4322,#4323,#4324,#4325,#4326,#4327,#4328,#4329,#4330,#4331,#4332,
    #4333,#4334,#4335,#4336,#4337,#4338,#4339,#4340,#4341,#4342,#4343,
    #4344,#4345,#4346,#4347,#4348,#4349,#4350,#4351,#4352,#4353,#4354,
    #4355,#4356,#4357,#4358,#4359,#4360,#4361,#4362,#4363,#4364,#4365,
    #4366,#4367,#4368,#4369,#4370,#4371,#4372,#4373,#4374,#4375,#4376,
    #4377,#4378,#4379,#4380,#4381,#4382,#4383,#4384,#4385,#4386,#4387,
    #4388,#4389,#4390,#4391,#4392,#4393,#4394,#4395,#4396,#4397,#4398,
    #4399,#4400,#4401,#4402,#4403,#4404,#4405,#4406,#4407,#4408,#4409,
    #4410,#4411,#4412,#4413,#4414,#4415,#4416,#4417,#4418,#4419,#4420,
    #4421,#4422,#4423,#4424,#4425,#4426,#4427,#4428,#4429,#4430,#4431,
    #4432,#4433,#4434,#4435,#4436,#4437,#4438,#4439,#4440,#4441,#4442,
    #4443,#4444,#4445,#4446,#4447,#4448,#4449,#4450,#4451,#4452,#4453,
    #4454,#4455,#4456,#4457,#4458,#4459,#4460,#4461,#4462,#4463,#4464,
    #4465,#4466,#4467,#4468,#4469,#4470,#4471,#4472,#4473,#4474,#4475,
    #4476,#4477),.UNSPECIFIED.,.F.,.F.,(6,4,4,4,4,4,4,4,4,4,4,4,4,4,4,4,
    4,4,4,4,4,4,4,4,4,4,4,4,4,4,4,4,4,4,4,4,4,4,4,4,4,4,4,4,4,4,4,4,6),(
    0.,6.146817609998E-02,0.181626403367,0.313530271672,0.367486414126,
    0.414489029164,0.441339713576,0.49983305448,0.585082279176,
    0.632954189688,0.687943525544,0.818231514846,0.938479102481,
    0.995351483632,0.99547941638,0.995578913361,0.995687879952,
    0.995948425565,0.996047896695,0.996133153301,0.996384163254,
    0.996464668485,0.996597257508,0.996706162632,0.9968103266,
    0.99693815598,0.997056508442,0.997189053983,0.997297923394,
    0.997420985251,0.997506177005,0.997643421924,0.997780656403,
    0.997908417051,0.998045631372,0.998168642235,0.998461941982,
    0.998589654385,0.998774111893,0.998882885684,0.998963279487,
    0.999100413587,0.999194982753,0.999270634516,0.999417200776,
    0.999535390697,0.999634664246,0.999819014911,1.),.UNSPECIFIED.);
#4284 = CARTESIAN_POINT('',(11.625,57.,5.));
#4285 = CARTESIAN_POINT('',(11.625,57.05989845463,5.044923840972));
#4286 = CARTESIAN_POINT('',(11.62201016058,57.119271255523,
    5.090329489346));
#4287 = CARTESIAN_POINT('',(11.616135357751,57.177951498493,
    5.136085170741));
#4288 = CARTESIAN_POINT('',(11.607485978463,57.235786037175,
    5.182051227034));
#4289 = CARTESIAN_POINT('',(11.574072885573,57.403764998617,
    5.318057566394));
#4290 = CARTESIAN_POINT('',(11.541819761566,57.5110771955,5.408232654434
    ));
#4291 = CARTESIAN_POINT('',(11.500227725921,57.613891030662,
    5.497792572331));
#4292 = CARTESIAN_POINT('',(11.449948646639,57.711627080541,
    5.585833852099));
#4293 = CARTESIAN_POINT('',(11.327320896927,57.904857494723,
    5.765224248758));
#4294 = CARTESIAN_POINT('',(11.253251585491,57.999266393766,
    5.856117692942));
#4295 = CARTESIAN_POINT('',(11.169863619643,58.086319370155,
    5.94277795522));
#4296 = CARTESIAN_POINT('',(11.077514009882,58.165229335539,
    6.023635546859));
#4297 = CARTESIAN_POINT('',(10.935244713347,58.263337048743,
    6.126453823637));
#4298 = CARTESIAN_POINT('',(10.89250347407,58.290263013062,
    6.154981094891));
#4299 = CARTESIAN_POINT('',(10.848372620024,58.315538465778,
    6.18202535681));
#4300 = CARTESIAN_POINT('',(10.802905601777,58.339066596044,
    6.207421141502));
#4301 = CARTESIAN_POINT('',(10.715437224474,58.379637245192,
    6.251538489491));
#4302 = CARTESIAN_POINT('',(10.673741897812,58.397125650121,
    6.270699798537));
#4303 = CARTESIAN_POINT('',(10.631143444627,58.413133985818,
    6.288354167273));
#4304 = CARTESIAN_POINT('',(10.587714645578,58.427589639565,
    6.304383422259));
#4305 = CARTESIAN_POINT('',(10.51829046037,58.447761540116,
    6.326847182289));
#4306 = CARTESIAN_POINT('',(10.492807755124,58.454566313607,
    6.334447649394));
#4307 = CARTESIAN_POINT('',(10.467100864533,58.46082880341,
    6.341460341703));
#4308 = CARTESIAN_POINT('',(10.441190557392,58.466536970405,
    6.34786609074));
#4309 = CARTESIAN_POINT('',(10.358263372998,58.482883729285,
    6.366242749831));
#4310 = CARTESIAN_POINT('',(10.300548344793,58.491410127386,
    6.37588145397));
#4311 = CARTESIAN_POINT('',(10.242240213786,58.497135593565,
    6.382373869424));
#4312 = CARTESIAN_POINT('',(10.183627907068,58.5,6.385621722339));
#4313 = CARTESIAN_POINT('',(10.039554656207,58.5,6.385621722339));
#4314 = CARTESIAN_POINT('',(9.954203622474,58.493915503897,
    6.378723195931));
#4315 = CARTESIAN_POINT('',(9.869780328223,58.481775952305,
    6.364955374255));
#4316 = CARTESIAN_POINT('',(9.787118871591,58.463827452159,
    6.344739715541));
#4317 = CARTESIAN_POINT('',(9.662053337617,58.427541038737,
    6.304328593579));
#4318 = CARTESIAN_POINT('',(9.617859816684,58.412816060375,
    6.288000883424));
#4319 = CARTESIAN_POINT('',(9.574527107704,58.396483480794,
    6.269990996061));
#4320 = CARTESIAN_POINT('',(9.532131750202,58.378619876287,
    6.250423559421));
#4321 = CARTESIAN_POINT('',(9.443210414288,58.337129284118,
    6.205325090721));
#4322 = CARTESIAN_POINT('',(9.397003376129,58.313038844375,
    6.179337663699));
#4323 = CARTESIAN_POINT('',(9.352185607068,58.287142336025,
    6.151650951332));
#4324 = CARTESIAN_POINT('',(9.308812758254,58.259541547651,
    6.122439108566));
#4325 = CARTESIAN_POINT('',(9.167719170339,58.161139846958,
    6.019447765078));
#4326 = CARTESIAN_POINT('',(9.076912520162,58.082943483741,
    5.939419005458));
#4327 = CARTESIAN_POINT('',(8.994845816966,57.996835050454,
    5.853777962323));
#4328 = CARTESIAN_POINT('',(8.921863872049,57.903568523869,
    5.764028236162));
#4329 = CARTESIAN_POINT('',(8.800065374089,57.711653207984,
    5.585857520921));
#4330 = CARTESIAN_POINT('',(8.749784349151,57.613918088839,
    5.497816447503));
#4331 = CARTESIAN_POINT('',(8.708190304903,57.511105081684,
    5.408256586393));
#4332 = CARTESIAN_POINT('',(8.675935092039,57.403793593643,
    5.318081408978));
#4333 = CARTESIAN_POINT('',(8.643372036273,57.240105010635,
    5.185547813444));
#4334 = CARTESIAN_POINT('',(8.63518912296,57.186705087752,5.14304704221)
  );
#4335 = CARTESIAN_POINT('',(8.629370130826,57.132573644088,
    5.100716739479));
#4336 = CARTESIAN_POINT('',(8.626002533038,57.077829475348,
    5.058666671519));
#4337 = CARTESIAN_POINT('',(8.62516841194,57.022477163842,5.016907313878
    ));
#4338 = CARTESIAN_POINT('',(8.62516655265,57.022352927511,5.016813590249
    ));
#4339 = CARTESIAN_POINT('',(8.625164706192,57.022228688787,
    5.016719868608));
#4340 = CARTESIAN_POINT('',(8.625162872565,57.022104447671,
    5.016626148954));
#4341 = CARTESIAN_POINT('',(8.625159635687,57.021883576415,
    5.016459544366));
#4342 = CARTESIAN_POINT('',(8.625158227365,57.021786947219,
    5.016386658644));
#4343 = CARTESIAN_POINT('',(8.625156826806,57.021690316578,
    5.016313774127));
#4344 = CARTESIAN_POINT('',(8.62515543401,57.021593684494,5.016240890814
    ));
#4345 = CARTESIAN_POINT('',(8.625152532124,57.021391220356,
    5.016088190054));
#4346 = CARTESIAN_POINT('',(8.625151024582,57.021285388015,
    5.016008372848));
#4347 = CARTESIAN_POINT('',(8.625149526353,57.021179553945,
    5.015928557089));
#4348 = CARTESIAN_POINT('',(8.625148037436,57.021073718145,
    5.015848742776));
#4349 = CARTESIAN_POINT('',(8.625143020012,57.020714816784,
    5.015578092597));
#4350 = CARTESIAN_POINT('',(8.625139535437,57.020461743071,
    5.015387263561));
#4351 = CARTESIAN_POINT('',(8.625136104115,57.020208659494,
    5.015196442814));
#4352 = CARTESIAN_POINT('',(8.625132726054,57.019955566068,
    5.015005630369));
#4353 = CARTESIAN_POINT('',(8.625128131922,57.019605833015,
    5.014741981014));
#4354 = CARTESIAN_POINT('',(8.625126870347,57.019509201792,
    5.014669137004));
#4355 = CARTESIAN_POINT('',(8.625125616537,57.019412569135,
    5.014596294206));
#4356 = CARTESIAN_POINT('',(8.625124370492,57.019315935047,
    5.014523452621));
#4357 = CARTESIAN_POINT('',(8.625122070884,57.019136473321,
    5.014388180841));
#4358 = CARTESIAN_POINT('',(8.62512101526,57.019053646063,5.014325750323
    ));
#4359 = CARTESIAN_POINT('',(8.625119965342,57.018970817754,
    5.014263320698));
#4360 = CARTESIAN_POINT('',(8.625118921129,57.018887988395,
    5.014200891964));
#4361 = CARTESIAN_POINT('',(8.625114825078,57.018561291169,
    5.013954665938));
#4362 = CARTESIAN_POINT('',(8.625111816992,57.018317415251,5.01377087549
    ));
#4363 = CARTESIAN_POINT('',(8.62510885837,57.018073530245,5.01358709279)
  );
#4364 = CARTESIAN_POINT('',(8.625105949218,57.017829636163,
    5.013403317847));
#4365 = CARTESIAN_POINT('',(8.625102172375,57.01750750712,5.013160611898
    ));
#4366 = CARTESIAN_POINT('',(8.625101260295,57.017429280289,
    5.013101673922));
#4367 = CARTESIAN_POINT('',(8.625100353305,57.017351052527,
    5.013042736746));
#4368 = CARTESIAN_POINT('',(8.625099451404,57.017272823833,5.01298380037
    ));
#4369 = CARTESIAN_POINT('',(8.625097077583,57.017065753021,
    5.012827800164));
#4370 = CARTESIAN_POINT('',(8.625095614378,57.016936909309,
    5.012730737704));
#4371 = CARTESIAN_POINT('',(8.625094164982,57.016808063074,
    5.012633677415));
#4372 = CARTESIAN_POINT('',(8.625092729395,57.016679214318,5.0125366193)
  );
#4373 = CARTESIAN_POINT('',(8.625090139808,57.016444528004,
    5.012359844171));
#4374 = CARTESIAN_POINT('',(8.625088981315,57.016338691266,5.01228012645
    ));
#4375 = CARTESIAN_POINT('',(8.62508783214,57.01623285283,5.012200410197)
  );
#4376 = CARTESIAN_POINT('',(8.625086692283,57.016127012696,
    5.012120695412));
#4377 = CARTESIAN_POINT('',(8.625084480425,57.01591993683,5.011964739079
    ));
#4378 = CARTESIAN_POINT('',(8.62508340763,57.015818701243,5.011888497407
    ));
#4379 = CARTESIAN_POINT('',(8.625082343361,57.015717464105,
    5.011812257079));
#4380 = CARTESIAN_POINT('',(8.625081287618,57.015616225416,
    5.011736018097));
#4381 = CARTESIAN_POINT('',(8.625078955264,57.015390743781,
    5.011566222105));
#4382 = CARTESIAN_POINT('',(8.625077682967,57.015266500052,
    5.011472665776));
#4383 = CARTESIAN_POINT('',(8.625076423513,57.01514225399,5.011379111477
    ));
#4384 = CARTESIAN_POINT('',(8.625075176901,57.015018005599,
    5.011285559208));
#4385 = CARTESIAN_POINT('',(8.625072800835,57.014778715764,
    5.011105394291));
#4386 = CARTESIAN_POINT('',(8.625071669546,57.014663674654,
    5.011018781352));
#4387 = CARTESIAN_POINT('',(8.625070549267,57.014548631548,
    5.010932170156));
#4388 = CARTESIAN_POINT('',(8.625069440001,57.01443358645,5.010845560704
    ));
#4389 = CARTESIAN_POINT('',(8.625067111787,57.014189695577,
    5.010661959109));
#4390 = CARTESIAN_POINT('',(8.62506589564,57.014060849296,5.01056496741)
  );
#4391 = CARTESIAN_POINT('',(8.625064693306,57.013932000518,5.0104679779)
  );
#4392 = CARTESIAN_POINT('',(8.625063504786,57.013803149246,
    5.010370990582));
#4393 = CARTESIAN_POINT('',(8.625061365209,57.013568458398,
    5.010194344435));
#4394 = CARTESIAN_POINT('',(8.625060409657,57.013462619634,
    5.010114684891));
#4395 = CARTESIAN_POINT('',(8.625059463427,57.013356779189,
    5.010035026828));
#4396 = CARTESIAN_POINT('',(8.625058526518,57.013250937064,
    5.009955370247));
#4397 = CARTESIAN_POINT('',(8.625056550423,57.013025451434,
    5.009785676039));
#4398 = CARTESIAN_POINT('',(8.625055513825,57.012905807463,
    5.009695638825));
#4399 = CARTESIAN_POINT('',(8.625054489139,57.012786161348,
    5.009605603505));
#4400 = CARTESIAN_POINT('',(8.625053476365,57.012666513092,
    5.009515570082));
#4401 = CARTESIAN_POINT('',(8.625051782643,57.012464032587,
    5.009363212635));
#4402 = CARTESIAN_POINT('',(8.625051095489,57.012381201452,
    5.009300887623));
#4403 = CARTESIAN_POINT('',(8.625050414045,57.012298369292,
    5.009238563521));
#4404 = CARTESIAN_POINT('',(8.625049738311,57.012215536108,
    5.009176240329));
#4405 = CARTESIAN_POINT('',(8.625047988872,57.011999255013,
    5.009013516116));
#4406 = CARTESIAN_POINT('',(8.625046924275,57.011865805468,
    5.008913116548));
#4407 = CARTESIAN_POINT('',(8.6250458745,57.011732353267,5.008812719344)
  );
#4408 = CARTESIAN_POINT('',(8.625044839548,57.011598898413,
    5.008712324507));
#4409 = CARTESIAN_POINT('',(8.625042799367,57.011331993553,
    5.008511547204));
#4410 = CARTESIAN_POINT('',(8.625041794136,57.011198543547,
    5.008411164738));
#4411 = CARTESIAN_POINT('',(8.625040803728,57.011065090893,
    5.008310784641));
#4412 = CARTESIAN_POINT('',(8.625039828144,57.010931635591,
    5.008210406915));
#4413 = CARTESIAN_POINT('',(8.625037972949,57.01067393282,5.00801658551)
  );
#4414 = CARTESIAN_POINT('',(8.625037091362,57.010549685703,
    5.007923141514));
#4415 = CARTESIAN_POINT('',(8.625036222625,57.010425436296,
    5.007829699576));
#4416 = CARTESIAN_POINT('',(8.625035366738,57.010301184599,
    5.007736259696));
#4417 = CARTESIAN_POINT('',(8.625033618287,57.010043482434,
    5.007542470107));
#4418 = CARTESIAN_POINT('',(8.625032727694,57.009910031614,
    5.007442120715));
#4419 = CARTESIAN_POINT('',(8.625031851926,57.009776578158,5.0073417737)
  );
#4420 = CARTESIAN_POINT('',(8.625030990984,57.009643122067,
    5.007241429064));
#4421 = CARTESIAN_POINT('',(8.625029386337,57.009390019328,
    5.007051131278));
#4422 = CARTESIAN_POINT('',(8.625028639722,57.009270373195,
    5.006961177659));
#4423 = CARTESIAN_POINT('',(8.625027905024,57.009150724949,
    5.006871225955));
#4424 = CARTESIAN_POINT('',(8.625027182243,57.00903107459,5.006781276168
    ));
#4425 = CARTESIAN_POINT('',(8.625024776446,57.008626129925,
    5.006476861973));
#4426 = CARTESIAN_POINT('',(8.625023149268,57.00834082573,5.006262406549
    ));
#4427 = CARTESIAN_POINT('',(8.625021589861,57.008055509555,5.00604796204
    ));
#4428 = CARTESIAN_POINT('',(8.625020098234,57.007770181421,
    5.005833528464));
#4429 = CARTESIAN_POINT('',(8.625018054415,57.00736059485,5.005525739137
    ));
#4430 = CARTESIAN_POINT('',(8.625017447284,57.007236346089,
    5.005432374514));
#4431 = CARTESIAN_POINT('',(8.625016853007,57.007112095065,
    5.005339011968));
#4432 = CARTESIAN_POINT('',(8.625016271586,57.006987841781,
    5.005245651501));
#4433 = CARTESIAN_POINT('',(8.625014881831,57.006684121543,
    5.005017453778));
#4434 = CARTESIAN_POINT('',(8.625014087461,57.006504652136,
    5.004882618782));
#4435 = CARTESIAN_POINT('',(8.625013319912,57.006325178023,
    5.004747788128));
#4436 = CARTESIAN_POINT('',(8.625012579187,57.006145699208,
    5.004612961821));
#4437 = CARTESIAN_POINT('',(8.625011444308,57.005860375053,
    5.004398635944));
#4438 = CARTESIAN_POINT('',(8.625011032655,57.005754532774,
    5.004319133536));
#4439 = CARTESIAN_POINT('',(8.625010630331,57.005648688864,
    5.004239632641));
#4440 = CARTESIAN_POINT('',(8.625010237338,57.005542843323,
    5.004160133261));
#4441 = CARTESIAN_POINT('',(8.625009570113,57.00535876539,5.004021879186
    ));
#4442 = CARTESIAN_POINT('',(8.625009291647,57.005280533737,
    5.003963123804));
#4443 = CARTESIAN_POINT('',(8.625009018279,57.005202301194,5.00390436925
    ));
#4444 = CARTESIAN_POINT('',(8.625008750009,57.005124067762,
    5.003845615525));
#4445 = CARTESIAN_POINT('',(8.625008037921,57.004912382941,
    5.003686643142));
#4446 = CARTESIAN_POINT('',(8.625007603838,57.004778929854,
    5.003586426068));
#4447 = CARTESIAN_POINT('',(8.625007184588,57.004645474183,
    5.003486211407));
#4448 = CARTESIAN_POINT('',(8.625006780174,57.00451201593,5.003385999161
    ));
#4449 = CARTESIAN_POINT('',(8.625006121937,57.004286519054,
    5.003216683544));
#4450 = CARTESIAN_POINT('',(8.625005860335,57.004194481785,
    5.003147578905));
#4451 = CARTESIAN_POINT('',(8.625005605788,57.004102443289,
    5.003078475416));
#4452 = CARTESIAN_POINT('',(8.625005358298,57.004010403568,
    5.003009373077));
#4453 = CARTESIAN_POINT('',(8.625004925526,57.003844733339,
    5.002884993547));
#4454 = CARTESIAN_POINT('',(8.625004737703,57.003771103273,
    5.002829715942));
#4455 = CARTESIAN_POINT('',(8.625004554397,57.003697472423,
    5.002774439073));
#4456 = CARTESIAN_POINT('',(8.625004375606,57.00362384079,5.002719162942
    ));
#4457 = CARTESIAN_POINT('',(8.625003863697,57.003407554357,
    5.002556798069));
#4458 = CARTESIAN_POINT('',(8.625003543014,57.003264897402,
    5.002449711358));
#4459 = CARTESIAN_POINT('',(8.625003239283,57.003122237511,
    5.002342627417));
#4460 = CARTESIAN_POINT('',(8.625002952507,57.002979574686,
    5.002235546247));
#4461 = CARTESIAN_POINT('',(8.625002465105,57.002721864348,
    5.002042120643));
#4462 = CARTESIAN_POINT('',(8.62500225855,57.002606817858,5.001955775239
    ));
#4463 = CARTESIAN_POINT('',(8.625002063022,57.002491769465,
    5.001869431639));
#4464 = CARTESIAN_POINT('',(8.62500187852,57.002376719168,5.001783089846
    ));
#4465 = CARTESIAN_POINT('',(8.625001559338,57.00216502895,5.001624228642
    ));
#4466 = CARTESIAN_POINT('',(8.62500142141,57.002068389588,5.0015517087)
  );
#4467 = CARTESIAN_POINT('',(8.625001291262,57.001971748886,
    5.001479190033));
#4468 = CARTESIAN_POINT('',(8.625001168896,57.001875106844,
    5.001406672642));
#4469 = CARTESIAN_POINT('',(8.625000841528,57.001598997009,
    5.001199494334));
#4470 = CARTESIAN_POINT('',(8.62500065558,57.001419525938,5.001064836542
    ));
#4471 = CARTESIAN_POINT('',(8.625000496469,57.001240050254,
    5.000930183156));
#4472 = CARTESIAN_POINT('',(8.625000364198,57.001060569962,5.00079553418
    ));
#4473 = CARTESIAN_POINT('',(8.625000155267,57.000704876916,
    5.000528703178));
#4474 = CARTESIAN_POINT('',(8.625000077636,57.000528664329,
    5.000396520992));
#4475 = CARTESIAN_POINT('',(8.62500002588,57.000352447311,5.000264343065
    ));
#4476 = CARTESIAN_POINT('',(8.625,57.000176225866,5.0001321694));
#4477 = CARTESIAN_POINT('',(8.625,57.,5.));
#4478 = ORIENTED_EDGE('',*,*,#4479,.F.);
#4479 = EDGE_CURVE('',#1128,#4281,#4480,.T.);
#4480 = LINE('',#4481,#4482);
#4481 = CARTESIAN_POINT('',(8.625,57.,0.));
#4482 = VECTOR('',#4483,1.);
#4483 = DIRECTION('',(0.,0.,1.));
#4484 = CYLINDRICAL_SURFACE('',#4485,1.5);
#4485 = AXIS2_PLACEMENT_3D('',#4486,#4487,#4488);
#4486 = CARTESIAN_POINT('',(10.125,57.,0.));
#4487 = DIRECTION('',(-0.,-0.,-1.));
#4488 = DIRECTION('',(1.,0.,0.));
#4489 = ADVANCED_FACE('',(#4490),#4509,.F.);
#4490 = FACE_BOUND('',#4491,.T.);
#4491 = EDGE_LOOP('',(#4492,#4493,#4501,#4508));
#4492 = ORIENTED_EDGE('',*,*,#1144,.F.);
#4493 = ORIENTED_EDGE('',*,*,#4494,.T.);
#4494 = EDGE_CURVE('',#1137,#4495,#4497,.T.);
#4495 = VERTEX_POINT('',#4496);
#4496 = CARTESIAN_POINT('',(8.625,31.,3.));
#4497 = LINE('',#4498,#4499);
#4498 = CARTESIAN_POINT('',(8.625,31.,0.));
#4499 = VECTOR('',#4500,1.);
#4500 = DIRECTION('',(0.,0.,1.));
#4501 = ORIENTED_EDGE('',*,*,#4502,.F.);
#4502 = EDGE_CURVE('',#4257,#4495,#4503,.T.);
#4503 = CIRCLE('',#4504,1.5);
#4504 = AXIS2_PLACEMENT_3D('',#4505,#4506,#4507);
#4505 = CARTESIAN_POINT('',(10.125,31.,3.));
#4506 = DIRECTION('',(0.,0.,-1.));
#4507 = DIRECTION('',(1.,0.,0.));
#4508 = ORIENTED_EDGE('',*,*,#4264,.F.);
#4509 = CYLINDRICAL_SURFACE('',#4510,1.5);
#4510 = AXIS2_PLACEMENT_3D('',#4511,#4512,#4513);
#4511 = CARTESIAN_POINT('',(10.125,31.,0.));
#4512 = DIRECTION('',(-0.,-0.,-1.));
#4513 = DIRECTION('',(1.,0.,0.));
#4514 = ADVANCED_FACE('',(#4515),#4535,.T.);
#4515 = FACE_BOUND('',#4516,.T.);
#4516 = EDGE_LOOP('',(#4517,#4518,#4519,#4528,#4534));
#4517 = ORIENTED_EDGE('',*,*,#1136,.F.);
#4518 = ORIENTED_EDGE('',*,*,#4479,.T.);
#4519 = ORIENTED_EDGE('',*,*,#4520,.F.);
#4520 = EDGE_CURVE('',#4521,#4281,#4523,.T.);
#4521 = VERTEX_POINT('',#4522);
#4522 = CARTESIAN_POINT('',(8.625,51.,3.));
#4523 = CIRCLE('',#4524,10.);
#4524 = AXIS2_PLACEMENT_3D('',#4525,#4526,#4527);
#4525 = CARTESIAN_POINT('',(8.625,51.,13.));
#4526 = DIRECTION('',(1.,0.,0.));
#4527 = DIRECTION('',(0.,1.,0.));
#4528 = ORIENTED_EDGE('',*,*,#4529,.F.);
#4529 = EDGE_CURVE('',#4495,#4521,#4530,.T.);
#4530 = LINE('',#4531,#4532);
#4531 = CARTESIAN_POINT('',(8.625,41.86643593495,3.));
#4532 = VECTOR('',#4533,1.);
#4533 = DIRECTION('',(0.,1.,0.));
#4534 = ORIENTED_EDGE('',*,*,#4494,.F.);
#4535 = PLANE('',#4536);
#4536 = AXIS2_PLACEMENT_3D('',#4537,#4538,#4539);
#4537 = CARTESIAN_POINT('',(8.625,57.,0.));
#4538 = DIRECTION('',(1.,0.,0.));
#4539 = DIRECTION('',(0.,-1.,0.));
#4540 = ADVANCED_FACE('',(#4541),#4575,.F.);
#4541 = FACE_BOUND('',#4542,.F.);
#4542 = EDGE_LOOP('',(#4543,#4544,#4552,#4561,#4569));
#4543 = ORIENTED_EDGE('',*,*,#1153,.F.);
#4544 = ORIENTED_EDGE('',*,*,#4545,.T.);
#4545 = EDGE_CURVE('',#1154,#4546,#4548,.T.);
#4546 = VERTEX_POINT('',#4547);
#4547 = CARTESIAN_POINT('',(17.625,57.,5.));
#4548 = LINE('',#4549,#4550);
#4549 = CARTESIAN_POINT('',(17.625,57.,0.));
#4550 = VECTOR('',#4551,1.);
#4551 = DIRECTION('',(0.,0.,1.));
#4552 = ORIENTED_EDGE('',*,*,#4553,.F.);
#4553 = EDGE_CURVE('',#4554,#4546,#4556,.T.);
#4554 = VERTEX_POINT('',#4555);
#4555 = CARTESIAN_POINT('',(17.625,51.,3.));
#4556 = CIRCLE('',#4557,10.);
#4557 = AXIS2_PLACEMENT_3D('',#4558,#4559,#4560);
#4558 = CARTESIAN_POINT('',(17.625,51.,13.));
#4559 = DIRECTION('',(1.,0.,0.));
#4560 = DIRECTION('',(0.,1.,0.));
#4561 = ORIENTED_EDGE('',*,*,#4562,.F.);
#4562 = EDGE_CURVE('',#4563,#4554,#4565,.T.);
#4563 = VERTEX_POINT('',#4564);
#4564 = CARTESIAN_POINT('',(17.625,47.,3.));
#4565 = LINE('',#4566,#4567);
#4566 = CARTESIAN_POINT('',(17.625,41.86643593495,3.));
#4567 = VECTOR('',#4568,1.);
#4568 = DIRECTION('',(0.,1.,0.));
#4569 = ORIENTED_EDGE('',*,*,#4570,.F.);
#4570 = EDGE_CURVE('',#1156,#4563,#4571,.T.);
#4571 = LINE('',#4572,#4573);
#4572 = CARTESIAN_POINT('',(17.625,47.,0.));
#4573 = VECTOR('',#4574,1.);
#4574 = DIRECTION('',(0.,0.,1.));
#4575 = PLANE('',#4576);
#4576 = AXIS2_PLACEMENT_3D('',#4577,#4578,#4579);
#4577 = CARTESIAN_POINT('',(17.625,57.,0.));
#4578 = DIRECTION('',(1.,0.,0.));
#4579 = DIRECTION('',(0.,-1.,0.));
#4580 = ADVANCED_FACE('',(#4581),#4806,.F.);
#4581 = FACE_BOUND('',#4582,.T.);
#4582 = EDGE_LOOP('',(#4583,#4584,#4585,#4800));
#4583 = ORIENTED_EDGE('',*,*,#1163,.F.);
#4584 = ORIENTED_EDGE('',*,*,#4545,.T.);
#4585 = ORIENTED_EDGE('',*,*,#4586,.T.);
#4586 = EDGE_CURVE('',#4546,#4587,#4589,.T.);
#4587 = VERTEX_POINT('',#4588);
#4588 = CARTESIAN_POINT('',(14.625,57.,5.));
#4589 = B_SPLINE_CURVE_WITH_KNOTS('',5,(#4590,#4591,#4592,#4593,#4594,
    #4595,#4596,#4597,#4598,#4599,#4600,#4601,#4602,#4603,#4604,#4605,
    #4606,#4607,#4608,#4609,#4610,#4611,#4612,#4613,#4614,#4615,#4616,
    #4617,#4618,#4619,#4620,#4621,#4622,#4623,#4624,#4625,#4626,#4627,
    #4628,#4629,#4630,#4631,#4632,#4633,#4634,#4635,#4636,#4637,#4638,
    #4639,#4640,#4641,#4642,#4643,#4644,#4645,#4646,#4647,#4648,#4649,
    #4650,#4651,#4652,#4653,#4654,#4655,#4656,#4657,#4658,#4659,#4660,
    #4661,#4662,#4663,#4664,#4665,#4666,#4667,#4668,#4669,#4670,#4671,
    #4672,#4673,#4674,#4675,#4676,#4677,#4678,#4679,#4680,#4681,#4682,
    #4683,#4684,#4685,#4686,#4687,#4688,#4689,#4690,#4691,#4692,#4693,
    #4694,#4695,#4696,#4697,#4698,#4699,#4700,#4701,#4702,#4703,#4704,
    #4705,#4706,#4707,#4708,#4709,#4710,#4711,#4712,#4713,#4714,#4715,
    #4716,#4717,#4718,#4719,#4720,#4721,#4722,#4723,#4724,#4725,#4726,
    #4727,#4728,#4729,#4730,#4731,#4732,#4733,#4734,#4735,#4736,#4737,
    #4738,#4739,#4740,#4741,#4742,#4743,#4744,#4745,#4746,#4747,#4748,
    #4749,#4750,#4751,#4752,#4753,#4754,#4755,#4756,#4757,#4758,#4759,
    #4760,#4761,#4762,#4763,#4764,#4765,#4766,#4767,#4768,#4769,#4770,
    #4771,#4772,#4773,#4774,#4775,#4776,#4777,#4778,#4779,#4780,#4781,
    #4782,#4783,#4784,#4785,#4786,#4787,#4788,#4789,#4790,#4791,#4792,
    #4793,#4794,#4795,#4796,#4797,#4798,#4799),.UNSPECIFIED.,.F.,.F.,(6,
    4,4,4,4,4,4,4,4,4,4,4,4,4,4,4,4,4,4,4,4,4,4,4,4,4,4,4,4,4,4,4,4,4,4,
    4,4,4,4,4,4,4,4,4,4,4,4,4,4,4,4,4,6),(0.,6.14681908875E-02,
    0.18162643085,0.313530313091,0.367486451819,0.414489064946,
    0.441339753531,0.499833103523,0.585082341421,0.632954249722,
    0.687943571669,0.818231528018,0.938479085238,0.995166671394,
    0.995294617358,0.99537043291,0.995507840483,0.995593122681,
    0.995721038423,0.995953158656,0.996066839308,0.996175776547,
    0.996284707211,0.996388895606,0.996526225664,0.996611459755,
    0.996744038115,0.996867137871,0.997004431537,0.997113312189,
    0.997250587125,0.997373652325,0.997506174692,0.997643419739,
    0.997780654345,0.997898951661,0.998003046882,0.998140254132,
    0.998249066255,0.998390985247,0.998504512401,0.998584923145,
    0.998774110757,0.998863967921,0.99899165198,0.999128784049,
    0.999265905693,0.999369922054,0.999497570299,0.999634663907,
    0.999729205151,0.999823741439,1.),.UNSPECIFIED.);
#4590 = CARTESIAN_POINT('',(17.625,57.,5.));
#4591 = CARTESIAN_POINT('',(17.625,57.059898446515,5.044923834886));
#4592 = CARTESIAN_POINT('',(17.622010159561,57.119271262007,
    5.090329494515));
#4593 = CARTESIAN_POINT('',(17.616135357495,57.1779515052,5.136085175848
    ));
#4594 = CARTESIAN_POINT('',(17.607485979989,57.235786029505,
    5.182051220824));
#4595 = CARTESIAN_POINT('',(17.574072885573,57.403764998617,
    5.318057566394));
#4596 = CARTESIAN_POINT('',(17.541819761566,57.5110771955,5.408232654434
    ));
#4597 = CARTESIAN_POINT('',(17.500227725921,57.613891030662,
    5.497792572331));
#4598 = CARTESIAN_POINT('',(17.449948646639,57.711627080541,
    5.585833852099));
#4599 = CARTESIAN_POINT('',(17.327320896927,57.904857494723,
    5.765224248758));
#4600 = CARTESIAN_POINT('',(17.25325158549,57.999266393766,
    5.856117692942));
#4601 = CARTESIAN_POINT('',(17.169863619643,58.086319370155,
    5.94277795522));
#4602 = CARTESIAN_POINT('',(17.077514009882,58.165229335539,
    6.023635546859));
#4603 = CARTESIAN_POINT('',(16.935244720563,58.263337043767,
    6.126453818422));
#4604 = CARTESIAN_POINT('',(16.892503467819,58.290263016212,
    6.154981098288));
#4605 = CARTESIAN_POINT('',(16.848372614019,58.315538469629,
    6.182025360871));
#4606 = CARTESIAN_POINT('',(16.802905609486,58.339066592468,
    6.207421137613));
#4607 = CARTESIAN_POINT('',(16.715437216602,58.379637248843,
    6.251538493462));
#4608 = CARTESIAN_POINT('',(16.673741904882,58.39712564784,
    6.270699796011));
#4609 = CARTESIAN_POINT('',(16.631143451301,58.413133982969,
    6.288354164163));
#4610 = CARTESIAN_POINT('',(16.587714636916,58.427589642082,
    6.304383425061));
#4611 = CARTESIAN_POINT('',(16.51829046037,58.447761540116,
    6.326847182289));
#4612 = CARTESIAN_POINT('',(16.492807755124,58.454566313607,
    6.334447649394));
#4613 = CARTESIAN_POINT('',(16.467100864533,58.46082880341,
    6.341460341703));
#4614 = CARTESIAN_POINT('',(16.441190557392,58.466536970405,
    6.34786609074));
#4615 = CARTESIAN_POINT('',(16.358263372998,58.482883729285,
    6.366242749831));
#4616 = CARTESIAN_POINT('',(16.300548344793,58.491410127386,
    6.37588145397));
#4617 = CARTESIAN_POINT('',(16.242240213786,58.497135593565,
    6.382373869424));
#4618 = CARTESIAN_POINT('',(16.183627907068,58.5,6.385621722339));
#4619 = CARTESIAN_POINT('',(16.039554656252,58.5,6.385621722339));
#4620 = CARTESIAN_POINT('',(15.954203622435,58.493915503903,
    6.378723195938));
#4621 = CARTESIAN_POINT('',(15.869780328189,58.481775952289,
    6.364955374237));
#4622 = CARTESIAN_POINT('',(15.787118871634,58.463827452171,
    6.344739715554));
#4623 = CARTESIAN_POINT('',(15.662053346635,58.427541041353,
    6.304328596493));
#4624 = CARTESIAN_POINT('',(15.617859809354,58.412816057242,
    6.288000880005));
#4625 = CARTESIAN_POINT('',(15.574527100143,58.396483478349,
    6.269990993354));
#4626 = CARTESIAN_POINT('',(15.532131758758,58.378619880279,
    6.250423563761));
#4627 = CARTESIAN_POINT('',(15.443210414288,58.337129284118,
    6.205325090721));
#4628 = CARTESIAN_POINT('',(15.397003376129,58.313038844375,
    6.179337663699));
#4629 = CARTESIAN_POINT('',(15.352185607068,58.287142336025,
    6.151650951332));
#4630 = CARTESIAN_POINT('',(15.308812758254,58.259541547651,
    6.122439108566));
#4631 = CARTESIAN_POINT('',(15.167719170339,58.161139846958,
    6.019447765078));
#4632 = CARTESIAN_POINT('',(15.076912520162,58.082943483741,
    5.939419005458));
#4633 = CARTESIAN_POINT('',(14.994845816967,57.996835050454,
    5.853777962323));
#4634 = CARTESIAN_POINT('',(14.921863872049,57.903568523869,
    5.764028236162));
#4635 = CARTESIAN_POINT('',(14.800065374089,57.711653207984,
    5.585857520921));
#4636 = CARTESIAN_POINT('',(14.749784349151,57.613918088839,
    5.497816447503));
#4637 = CARTESIAN_POINT('',(14.708190304903,57.511105081684,
    5.408256586393));
#4638 = CARTESIAN_POINT('',(14.675935092039,57.403793593643,
    5.318081408978));
#4639 = CARTESIAN_POINT('',(14.643406007727,57.24027577898,
    5.185686079305));
#4640 = CARTESIAN_POINT('',(14.635242334059,57.187052142002,
    5.143323270765));
#4641 = CARTESIAN_POINT('',(14.629426941854,57.133101401077,
    5.10112946484));
#4642 = CARTESIAN_POINT('',(14.626046462299,57.078541103728,
    5.05921333244));
#4643 = CARTESIAN_POINT('',(14.625182127358,57.023374437774,
    5.017584300064));
#4644 = CARTESIAN_POINT('',(14.625180193744,57.023250202578,
    5.017490555378));
#4645 = CARTESIAN_POINT('',(14.62517827296,57.023125964981,
    5.017396812674));
#4646 = CARTESIAN_POINT('',(14.625176365006,57.023001724984,
    5.017303071952));
#4647 = CARTESIAN_POINT('',(14.625173346911,57.022803861622,
    5.017153787468));
#4648 = CARTESIAN_POINT('',(14.625172228444,57.022730239813,
    5.017098242418));
#4649 = CARTESIAN_POINT('',(14.625171114483,57.022656617162,
    5.017042698065));
#4650 = CARTESIAN_POINT('',(14.625170005028,57.02258299367,
    5.016987154409));
#4651 = CARTESIAN_POINT('',(14.625166897476,57.022375933114,
    5.016830945784));
#4652 = CARTESIAN_POINT('',(14.625164909675,57.022242494129,
    5.016730282409));
#4653 = CARTESIAN_POINT('',(14.625162936676,57.022109052385,
    5.016629621326));
#4654 = CARTESIAN_POINT('',(14.625160978481,57.021975607883,
    5.016528962537));
#4655 = CARTESIAN_POINT('',(14.625157828923,57.021759336401,
    5.016365833455));
#4656 = CARTESIAN_POINT('',(14.625156628458,57.021676511116,
    5.016303361749));
#4657 = CARTESIAN_POINT('',(14.625155433696,57.02159368477,
    5.016240890929));
#4658 = CARTESIAN_POINT('',(14.625154244638,57.021510857364,
    5.016178420993));
#4659 = CARTESIAN_POINT('',(14.625151286356,57.021303793534,
    5.016022253902));
#4660 = CARTESIAN_POINT('',(14.625149524261,57.021179555786,
    5.015928557853));
#4661 = CARTESIAN_POINT('',(14.625147774999,57.021055315656,
    5.015834863799));
#4662 = CARTESIAN_POINT('',(14.62514603857,57.020931073144,
    5.015741171739));
#4663 = CARTESIAN_POINT('',(14.625141187284,57.020581369269,
    5.015477468518));
#4664 = CARTESIAN_POINT('',(14.625138101856,57.02035590245,
    5.015307461934));
#4665 = CARTESIAN_POINT('',(14.625135058696,57.020130427805,
    5.015137461933));
#4666 = CARTESIAN_POINT('',(14.625132057811,57.019904945343,
    5.014967468521));
#4667 = CARTESIAN_POINT('',(14.625127650232,57.019569021443,
    5.014714230836));
#4668 = CARTESIAN_POINT('',(14.6251262114,57.019458585937,5.014630981547
    ));
#4669 = CARTESIAN_POINT('',(14.625124782708,57.019348148561,
    5.014547733841));
#4670 = CARTESIAN_POINT('',(14.62512336416,57.019237709315,
    5.014464487719));
#4671 = CARTESIAN_POINT('',(14.625120606115,57.019021435325,
    5.01430147209));
#4672 = CARTESIAN_POINT('',(14.62511926579,57.018915600734,
    5.014221702452));
#4673 = CARTESIAN_POINT('',(14.62511793478,57.018809764428,
    5.014141934271));
#4674 = CARTESIAN_POINT('',(14.625116613086,57.018703926409,
    5.014062167547));
#4675 = CARTESIAN_POINT('',(14.625113988408,57.018492253332,
    5.013902641831));
#4676 = CARTESIAN_POINT('',(14.625112685424,57.018386418275,
    5.013822882839));
#4677 = CARTESIAN_POINT('',(14.625111391754,57.018280581506,
    5.013743125305));
#4678 = CARTESIAN_POINT('',(14.625110107401,57.018174743026,
    5.013663369231));
#4679 = CARTESIAN_POINT('',(14.625107612837,57.017967670373,
    5.013507332101));
#4680 = CARTESIAN_POINT('',(14.625106401831,57.017866436345,
    5.01343105092));
#4681 = CARTESIAN_POINT('',(14.62510519935,57.017765200754,
    5.013354771076));
#4682 = CARTESIAN_POINT('',(14.625104005392,57.017663963601,
    5.01327849257));
#4683 = CARTESIAN_POINT('',(14.625101257447,57.017429282784,
    5.013101674955));
#4684 = CARTESIAN_POINT('',(14.625099709746,57.017295837968,
    5.013001136832));
#4685 = CARTESIAN_POINT('',(14.625098176856,57.017162390442,
    5.012900601037));
#4686 = CARTESIAN_POINT('',(14.625096658779,57.017028940208,
    5.01280006757));
#4687 = CARTESIAN_POINT('',(14.625094222512,57.016812659516,
    5.012637141644));
#4688 = CARTESIAN_POINT('',(14.625093295216,57.016729830722,
    5.012574747753));
#4689 = CARTESIAN_POINT('',(14.625092373626,57.016647000886,
    5.01251235476));
#4690 = CARTESIAN_POINT('',(14.625091457744,57.016564170009,
    5.012449962666));
#4691 = CARTESIAN_POINT('',(14.625089131825,57.016352496216,
    5.012290524356));
#4692 = CARTESIAN_POINT('',(14.62508772989,57.016223651823,
    5.012193479416));
#4693 = CARTESIAN_POINT('',(14.625086341765,57.016094804913,
    5.012096436653));
#4694 = CARTESIAN_POINT('',(14.62508496745,57.015965955488,
    5.011999396067));
#4695 = CARTESIAN_POINT('',(14.625082343711,57.015717463799,
    5.011812256953));
#4696 = CARTESIAN_POINT('',(14.625081092383,57.015597821882,
    5.011722158123));
#4697 = CARTESIAN_POINT('',(14.625079852963,57.015478177799,
    5.011632061173));
#4698 = CARTESIAN_POINT('',(14.625078625452,57.015358531553,
    5.011541966105));
#4699 = CARTESIAN_POINT('',(14.625076054085,57.015105438781,
    5.011351391615));
#4700 = CARTESIAN_POINT('',(14.625074713134,57.014971991727,
    5.011250912653));
#4701 = CARTESIAN_POINT('',(14.625073386999,57.014838541987,
    5.011150436033));
#4702 = CARTESIAN_POINT('',(14.625072075681,57.014705089561,
    5.011049961759));
#4703 = CARTESIAN_POINT('',(14.625069750991,57.014465797966,
    5.010869810633));
#4704 = CARTESIAN_POINT('',(14.625068732122,57.014359959792,
    5.010790132912));
#4705 = CARTESIAN_POINT('',(14.625067722572,57.014254119932,
    5.010710456667));
#4706 = CARTESIAN_POINT('',(14.625066722343,57.014148278386,
    5.010630781899));
#4707 = CARTESIAN_POINT('',(14.625064482115,57.013908989753,
    5.010450657836));
#4708 = CARTESIAN_POINT('',(14.625063247611,57.013775541672,
    5.010350209413));
#4709 = CARTESIAN_POINT('',(14.625062027925,57.013642090916,
    5.01024976334));
#4710 = CARTESIAN_POINT('',(14.625060823058,57.013508637487,
    5.01014931962));
#4711 = CARTESIAN_POINT('',(14.625058566149,57.013255539723,
    5.009958833873));
#4712 = CARTESIAN_POINT('',(14.625057511198,57.013135895913,
    5.009868791383));
#4713 = CARTESIAN_POINT('',(14.625056468159,57.013016249957,
    5.009778750786));
#4714 = CARTESIAN_POINT('',(14.625055437032,57.012896601857,
    5.009688712084));
#4715 = CARTESIAN_POINT('',(14.625053320281,57.012648106637,
    5.009501719432));
#4716 = CARTESIAN_POINT('',(14.625052236558,57.012519259174,
    5.009404765784));
#4717 = CARTESIAN_POINT('',(14.625051166651,57.012390409228,
    5.009307814337));
#4718 = CARTESIAN_POINT('',(14.625050110561,57.012261556803,
    5.00921086509));
#4719 = CARTESIAN_POINT('',(14.625047988872,57.011999255013,
    5.009013516116));
#4720 = CARTESIAN_POINT('',(14.625046924275,57.011865805468,
    5.008913116548));
#4721 = CARTESIAN_POINT('',(14.6250458745,57.011732353267,5.008812719344
    ));
#4722 = CARTESIAN_POINT('',(14.625044839548,57.011598898413,
    5.008712324507));
#4723 = CARTESIAN_POINT('',(14.625042799367,57.011331993553,
    5.008511547204));
#4724 = CARTESIAN_POINT('',(14.625041794136,57.011198543547,
    5.008411164738));
#4725 = CARTESIAN_POINT('',(14.625040803728,57.011065090893,
    5.008310784641));
#4726 = CARTESIAN_POINT('',(14.625039828144,57.010931635591,
    5.008210406915));
#4727 = CARTESIAN_POINT('',(14.625038039201,57.010683135839,
    5.008023507213));
#4728 = CARTESIAN_POINT('',(14.625037222034,57.010568092067,
    5.007936984626));
#4729 = CARTESIAN_POINT('',(14.625036415883,57.010453046332,
    5.007850463804));
#4730 = CARTESIAN_POINT('',(14.625035620749,57.010337998634,
    5.007763944746));
#4731 = CARTESIAN_POINT('',(14.625034146653,57.010121711515,
    5.007601296931));
#4732 = CARTESIAN_POINT('',(14.625033465205,57.010020472537,
    5.007525167774));
#4733 = CARTESIAN_POINT('',(14.625032792288,57.00991923204,
    5.007449039986));
#4734 = CARTESIAN_POINT('',(14.625032127903,57.009817990027,
    5.007372913567));
#4735 = CARTESIAN_POINT('',(14.625030607576,57.009583298045,
    5.007196448571));
#4736 = CARTESIAN_POINT('',(14.625029757926,57.009449846959,
    5.007096111006));
#4737 = CARTESIAN_POINT('',(14.625028923101,57.00931639324,
    5.006995775821));
#4738 = CARTESIAN_POINT('',(14.625028103103,57.009182936892,
    5.006895443018));
#4739 = CARTESIAN_POINT('',(14.625026659392,57.008943638361,
    5.006715545626));
#4740 = CARTESIAN_POINT('',(14.625026030177,57.008837797153,
    5.006635980152));
#4741 = CARTESIAN_POINT('',(14.625025410289,57.008731954293,
    5.006556416177));
#4742 = CARTESIAN_POINT('',(14.625024799727,57.008626109783,
    5.006476853704));
#4743 = CARTESIAN_POINT('',(14.625023414328,57.008382213011,
    5.006293524766));
#4744 = CARTESIAN_POINT('',(14.62502264603,57.008244159593,
    5.006189759354));
#4745 = CARTESIAN_POINT('',(14.6250218936,57.008106103371,5.006085996499
    ));
#4746 = CARTESIAN_POINT('',(14.625021157039,57.007968044349,
    5.005982236202));
#4747 = CARTESIAN_POINT('',(14.625019859836,57.007719540891,
    5.005795478155));
#4748 = CARTESIAN_POINT('',(14.62501929348,57.007609097464,
    5.005712479483));
#4749 = CARTESIAN_POINT('',(14.62501873728,57.007498652247,5.00562948245
    ));
#4750 = CARTESIAN_POINT('',(14.625018191236,57.007388205242,
    5.005546487057));
#4751 = CARTESIAN_POINT('',(14.625017275785,57.007199526094,
    5.005404709226));
#4752 = CARTESIAN_POINT('',(14.625016901315,57.007121294842,
    5.005345925969));
#4753 = CARTESIAN_POINT('',(14.625016531942,57.007043062693,
    5.005287143536));
#4754 = CARTESIAN_POINT('',(14.625016167664,57.006964829649,
    5.005228361927));
#4755 = CARTESIAN_POINT('',(14.625014963415,57.006702529609,
    5.005031283751));
#4756 = CARTESIAN_POINT('',(14.625014146559,57.006518458552,
    5.004892990923));
#4757 = CARTESIAN_POINT('',(14.625013357917,57.006334382544,
    5.004754702664));
#4758 = CARTESIAN_POINT('',(14.625012597493,57.006150301591,
    5.004616418976));
#4759 = CARTESIAN_POINT('',(14.625011517521,57.005878781663,
    5.004412462368));
#4760 = CARTESIAN_POINT('',(14.625011176117,57.005791346513,
    5.004346785904));
#4761 = CARTESIAN_POINT('',(14.625010841081,57.00570391025,
    5.004281110473));
#4762 = CARTESIAN_POINT('',(14.625010512411,57.005616472874,
    5.004215436075));
#4763 = CARTESIAN_POINT('',(14.625009732127,57.005404787183,
    5.004056443032));
#4764 = CARTESIAN_POINT('',(14.625009287003,57.005280537735,
    5.00396312544));
#4765 = CARTESIAN_POINT('',(14.625008854735,57.005156286042,
    5.003869809938));
#4766 = CARTESIAN_POINT('',(14.625008435326,57.005032032107,
    5.003776496525));
#4767 = CARTESIAN_POINT('',(14.625007592144,57.004774325389,
    5.003582969292));
#4768 = CARTESIAN_POINT('',(14.625007170344,57.004640872263,
    5.003482755791));
#4769 = CARTESIAN_POINT('',(14.625006763378,57.004507416554,
    5.003382544705));
#4770 = CARTESIAN_POINT('',(14.625006371247,57.004373958264,
    5.003282336035));
#4771 = CARTESIAN_POINT('',(14.625005616685,57.004107046673,
    5.003081931147));
#4772 = CARTESIAN_POINT('',(14.625005254252,57.003973593372,
    5.00298173493));
#4773 = CARTESIAN_POINT('',(14.625004906654,57.003840137495,
    5.002881541132));
#4774 = CARTESIAN_POINT('',(14.625004573893,57.003706679044,
    5.002781349754));
#4775 = CARTESIAN_POINT('',(14.6250040148,57.003471978496,5.002605160464
    ));
#4776 = CARTESIAN_POINT('',(14.62500378217,57.003370737491,
    5.002529161524));
#4777 = CARTESIAN_POINT('',(14.625003558078,57.003269495006,
    5.002453163978));
#4778 = CARTESIAN_POINT('',(14.625003342525,57.003168251043,
    5.002377167827));
#4779 = CARTESIAN_POINT('',(14.625002881465,57.002942757817,
    5.002207912773));
#4780 = CARTESIAN_POINT('',(14.625002640279,57.002818507805,
    5.002114654575));
#4781 = CARTESIAN_POINT('',(14.625002411953,57.00269425557,
    5.002021398481));
#4782 = CARTESIAN_POINT('',(14.62500219649,57.002570001114,
    5.001928144492));
#4783 = CARTESIAN_POINT('',(14.625001776298,57.002312293359,
    5.001734740531));
#4784 = CARTESIAN_POINT('',(14.625001573543,57.00217883972,
    5.001634590882));
#4785 = CARTESIAN_POINT('',(14.625001385626,57.002045383523,
    5.001534443664));
#4786 = CARTESIAN_POINT('',(14.625001212549,57.001911924769,
    5.001434298879));
#4787 = CARTESIAN_POINT('',(14.625000945189,57.001686427092,
    5.001265097273));
#4788 = CARTESIAN_POINT('',(14.625000843124,57.001594389507,
    5.001196039176));
#4789 = CARTESIAN_POINT('',(14.625000748117,57.001502350709,
    5.001126982237));
#4790 = CARTESIAN_POINT('',(14.625000660168,57.001410310697,
    5.001057926457));
#4791 = CARTESIAN_POINT('',(14.625000498392,57.001226233073,
    5.000919820835));
#4792 = CARTESIAN_POINT('',(14.625000424564,57.001134195461,
    5.000850770993));
#4793 = CARTESIAN_POINT('',(14.625000357795,57.001042156638,
    5.000781722311));
#4794 = CARTESIAN_POINT('',(14.625000298083,57.000950116604,
    5.00071267479));
#4795 = CARTESIAN_POINT('',(14.625000147263,57.000686468692,
    5.000514894665));
#4796 = CARTESIAN_POINT('',(14.625000073634,57.000514857819,
    5.000386164937));
#4797 = CARTESIAN_POINT('',(14.625000024546,57.000343242742,
    5.000257439248));
#4798 = CARTESIAN_POINT('',(14.625,57.000171623468,5.000128717601));
#4799 = CARTESIAN_POINT('',(14.625,57.,5.));
#4800 = ORIENTED_EDGE('',*,*,#4801,.F.);
#4801 = EDGE_CURVE('',#1164,#4587,#4802,.T.);
#4802 = LINE('',#4803,#4804);
#4803 = CARTESIAN_POINT('',(14.625,57.,0.));
#4804 = VECTOR('',#4805,1.);
#4805 = DIRECTION('',(0.,0.,1.));
#4806 = CYLINDRICAL_SURFACE('',#4807,1.5);
#4807 = AXIS2_PLACEMENT_3D('',#4808,#4809,#4810);
#4808 = CARTESIAN_POINT('',(16.125,57.,0.));
#4809 = DIRECTION('',(-0.,-0.,-1.));
#4810 = DIRECTION('',(1.,0.,0.));
#4811 = ADVANCED_FACE('',(#4812),#4831,.F.);
#4812 = FACE_BOUND('',#4813,.T.);
#4813 = EDGE_LOOP('',(#4814,#4815,#4823,#4830));
#4814 = ORIENTED_EDGE('',*,*,#1180,.F.);
#4815 = ORIENTED_EDGE('',*,*,#4816,.T.);
#4816 = EDGE_CURVE('',#1173,#4817,#4819,.T.);
#4817 = VERTEX_POINT('',#4818);
#4818 = CARTESIAN_POINT('',(14.625,47.,3.));
#4819 = LINE('',#4820,#4821);
#4820 = CARTESIAN_POINT('',(14.625,47.,0.));
#4821 = VECTOR('',#4822,1.);
#4822 = DIRECTION('',(0.,0.,1.));
#4823 = ORIENTED_EDGE('',*,*,#4824,.F.);
#4824 = EDGE_CURVE('',#4563,#4817,#4825,.T.);
#4825 = CIRCLE('',#4826,1.5);
#4826 = AXIS2_PLACEMENT_3D('',#4827,#4828,#4829);
#4827 = CARTESIAN_POINT('',(16.125,47.,3.));
#4828 = DIRECTION('',(0.,0.,-1.));
#4829 = DIRECTION('',(1.,0.,0.));
#4830 = ORIENTED_EDGE('',*,*,#4570,.F.);
#4831 = CYLINDRICAL_SURFACE('',#4832,1.5);
#4832 = AXIS2_PLACEMENT_3D('',#4833,#4834,#4835);
#4833 = CARTESIAN_POINT('',(16.125,47.,0.));
#4834 = DIRECTION('',(-0.,-0.,-1.));
#4835 = DIRECTION('',(1.,0.,0.));
#4836 = ADVANCED_FACE('',(#4837),#4857,.T.);
#4837 = FACE_BOUND('',#4838,.T.);
#4838 = EDGE_LOOP('',(#4839,#4840,#4841,#4850,#4856));
#4839 = ORIENTED_EDGE('',*,*,#1172,.F.);
#4840 = ORIENTED_EDGE('',*,*,#4801,.T.);
#4841 = ORIENTED_EDGE('',*,*,#4842,.F.);
#4842 = EDGE_CURVE('',#4843,#4587,#4845,.T.);
#4843 = VERTEX_POINT('',#4844);
#4844 = CARTESIAN_POINT('',(14.625,51.,3.));
#4845 = CIRCLE('',#4846,10.);
#4846 = AXIS2_PLACEMENT_3D('',#4847,#4848,#4849);
#4847 = CARTESIAN_POINT('',(14.625,51.,13.));
#4848 = DIRECTION('',(1.,0.,0.));
#4849 = DIRECTION('',(0.,1.,0.));
#4850 = ORIENTED_EDGE('',*,*,#4851,.F.);
#4851 = EDGE_CURVE('',#4817,#4843,#4852,.T.);
#4852 = LINE('',#4853,#4854);
#4853 = CARTESIAN_POINT('',(14.625,41.86643593495,3.));
#4854 = VECTOR('',#4855,1.);
#4855 = DIRECTION('',(0.,1.,0.));
#4856 = ORIENTED_EDGE('',*,*,#4816,.F.);
#4857 = PLANE('',#4858);
#4858 = AXIS2_PLACEMENT_3D('',#4859,#4860,#4861);
#4859 = CARTESIAN_POINT('',(14.625,57.,0.));
#4860 = DIRECTION('',(1.,0.,0.));
#4861 = DIRECTION('',(0.,-1.,0.));
#4862 = ADVANCED_FACE('',(#4863),#4882,.F.);
#4863 = FACE_BOUND('',#4864,.F.);
#4864 = EDGE_LOOP('',(#4865,#4873,#4874,#4875));
#4865 = ORIENTED_EDGE('',*,*,#4866,.F.);
#4866 = EDGE_CURVE('',#1190,#4867,#4869,.T.);
#4867 = VERTEX_POINT('',#4868);
#4868 = CARTESIAN_POINT('',(93.1,9.,0.4));
#4869 = LINE('',#4870,#4871);
#4870 = CARTESIAN_POINT('',(93.1,9.,0.4));
#4871 = VECTOR('',#4872,1.);
#4872 = DIRECTION('',(-0.707106781187,0.,0.707106781187));
#4873 = ORIENTED_EDGE('',*,*,#1189,.T.);
#4874 = ORIENTED_EDGE('',*,*,#4866,.T.);
#4875 = ORIENTED_EDGE('',*,*,#4876,.F.);
#4876 = EDGE_CURVE('',#4867,#4867,#4877,.T.);
#4877 = CIRCLE('',#4878,2.35);
#4878 = AXIS2_PLACEMENT_3D('',#4879,#4880,#4881);
#4879 = CARTESIAN_POINT('',(90.75,9.,0.4));
#4880 = DIRECTION('',(0.,0.,1.));
#4881 = DIRECTION('',(1.,0.,-0.));
#4882 = CONICAL_SURFACE('',#4883,2.35,0.785398163397);
#4883 = AXIS2_PLACEMENT_3D('',#4884,#4885,#4886);
#4884 = CARTESIAN_POINT('',(90.75,9.,0.4));
#4885 = DIRECTION('',(-0.,-0.,-1.));
#4886 = DIRECTION('',(1.,0.,-0.));
#4887 = ADVANCED_FACE('',(#4888),#4907,.F.);
#4888 = FACE_BOUND('',#4889,.F.);
#4889 = EDGE_LOOP('',(#4890,#4898,#4899,#4900));
#4890 = ORIENTED_EDGE('',*,*,#4891,.F.);
#4891 = EDGE_CURVE('',#1201,#4892,#4894,.T.);
#4892 = VERTEX_POINT('',#4893);
#4893 = CARTESIAN_POINT('',(24.6,9.,0.4));
#4894 = LINE('',#4895,#4896);
#4895 = CARTESIAN_POINT('',(24.6,9.,0.4));
#4896 = VECTOR('',#4897,1.);
#4897 = DIRECTION('',(-0.707106781187,0.,0.707106781187));
#4898 = ORIENTED_EDGE('',*,*,#1200,.T.);
#4899 = ORIENTED_EDGE('',*,*,#4891,.T.);
#4900 = ORIENTED_EDGE('',*,*,#4901,.F.);
#4901 = EDGE_CURVE('',#4892,#4892,#4902,.T.);
#4902 = CIRCLE('',#4903,2.35);
#4903 = AXIS2_PLACEMENT_3D('',#4904,#4905,#4906);
#4904 = CARTESIAN_POINT('',(22.25,9.,0.4));
#4905 = DIRECTION('',(0.,0.,1.));
#4906 = DIRECTION('',(1.,0.,-0.));
#4907 = CONICAL_SURFACE('',#4908,2.35,0.785398163397);
#4908 = AXIS2_PLACEMENT_3D('',#4909,#4910,#4911);
#4909 = CARTESIAN_POINT('',(22.25,9.,0.4));
#4910 = DIRECTION('',(-0.,-0.,-1.));
#4911 = DIRECTION('',(1.,0.,-0.));
#4912 = ADVANCED_FACE('',(#4913),#4932,.F.);
#4913 = FACE_BOUND('',#4914,.F.);
#4914 = EDGE_LOOP('',(#4915,#4923,#4924,#4925));
#4915 = ORIENTED_EDGE('',*,*,#4916,.F.);
#4916 = EDGE_CURVE('',#1212,#4917,#4919,.T.);
#4917 = VERTEX_POINT('',#4918);
#4918 = CARTESIAN_POINT('',(24.6,61.,0.4));
#4919 = LINE('',#4920,#4921);
#4920 = CARTESIAN_POINT('',(24.6,61.,0.4));
#4921 = VECTOR('',#4922,1.);
#4922 = DIRECTION('',(-0.707106781187,0.,0.707106781187));
#4923 = ORIENTED_EDGE('',*,*,#1211,.T.);
#4924 = ORIENTED_EDGE('',*,*,#4916,.T.);
#4925 = ORIENTED_EDGE('',*,*,#4926,.F.);
#4926 = EDGE_CURVE('',#4917,#4917,#4927,.T.);
#4927 = CIRCLE('',#4928,2.35);
#4928 = AXIS2_PLACEMENT_3D('',#4929,#4930,#4931);
#4929 = CARTESIAN_POINT('',(22.25,61.,0.4));
#4930 = DIRECTION('',(0.,0.,1.));
#4931 = DIRECTION('',(1.,0.,-0.));
#4932 = CONICAL_SURFACE('',#4933,2.35,0.785398163397);
#4933 = AXIS2_PLACEMENT_3D('',#4934,#4935,#4936);
#4934 = CARTESIAN_POINT('',(22.25,61.,0.4));
#4935 = DIRECTION('',(-0.,-0.,-1.));
#4936 = DIRECTION('',(1.,0.,-0.));
#4937 = ADVANCED_FACE('',(#4938),#4957,.F.);
#4938 = FACE_BOUND('',#4939,.F.);
#4939 = EDGE_LOOP('',(#4940,#4948,#4949,#4950));
#4940 = ORIENTED_EDGE('',*,*,#4941,.F.);
#4941 = EDGE_CURVE('',#1223,#4942,#4944,.T.);
#4942 = VERTEX_POINT('',#4943);
#4943 = CARTESIAN_POINT('',(93.1,61.,0.4));
#4944 = LINE('',#4945,#4946);
#4945 = CARTESIAN_POINT('',(93.1,61.,0.4));
#4946 = VECTOR('',#4947,1.);
#4947 = DIRECTION('',(-0.707106781187,0.,0.707106781187));
#4948 = ORIENTED_EDGE('',*,*,#1222,.T.);
#4949 = ORIENTED_EDGE('',*,*,#4941,.T.);
#4950 = ORIENTED_EDGE('',*,*,#4951,.F.);
#4951 = EDGE_CURVE('',#4942,#4942,#4952,.T.);
#4952 = CIRCLE('',#4953,2.35);
#4953 = AXIS2_PLACEMENT_3D('',#4954,#4955,#4956);
#4954 = CARTESIAN_POINT('',(90.75,61.,0.4));
#4955 = DIRECTION('',(0.,0.,1.));
#4956 = DIRECTION('',(1.,0.,-0.));
#4957 = CONICAL_SURFACE('',#4958,2.35,0.785398163397);
#4958 = AXIS2_PLACEMENT_3D('',#4959,#4960,#4961);
#4959 = CARTESIAN_POINT('',(90.75,61.,0.4));
#4960 = DIRECTION('',(-0.,-0.,-1.));
#4961 = DIRECTION('',(1.,0.,-0.));
#4962 = ADVANCED_FACE('',(#4963),#5007,.T.);
#4963 = FACE_BOUND('',#4964,.T.);
#4964 = EDGE_LOOP('',(#4965,#4966,#4974,#4983,#4991,#5000,#5006));
#4965 = ORIENTED_EDGE('',*,*,#1289,.T.);
#4966 = ORIENTED_EDGE('',*,*,#4967,.F.);
#4967 = EDGE_CURVE('',#4968,#1290,#4970,.T.);
#4968 = VERTEX_POINT('',#4969);
#4969 = CARTESIAN_POINT('',(4.,9.,13.));
#4970 = LINE('',#4971,#4972);
#4971 = CARTESIAN_POINT('',(4.,9.,0.));
#4972 = VECTOR('',#4973,1.);
#4973 = DIRECTION('',(0.,0.,1.));
#4974 = ORIENTED_EDGE('',*,*,#4975,.T.);
#4975 = EDGE_CURVE('',#4968,#4976,#4978,.T.);
#4976 = VERTEX_POINT('',#4977);
#4977 = CARTESIAN_POINT('',(4.,19.,3.));
#4978 = CIRCLE('',#4979,10.);
#4979 = AXIS2_PLACEMENT_3D('',#4980,#4981,#4982);
#4980 = CARTESIAN_POINT('',(4.,19.,13.));
#4981 = DIRECTION('',(1.,-0.,0.));
#4982 = DIRECTION('',(0.,0.,-1.));
#4983 = ORIENTED_EDGE('',*,*,#4984,.T.);
#4984 = EDGE_CURVE('',#4976,#4985,#4987,.T.);
#4985 = VERTEX_POINT('',#4986);
#4986 = CARTESIAN_POINT('',(4.,51.,3.));
#4987 = LINE('',#4988,#4989);
#4988 = CARTESIAN_POINT('',(4.,43.86643593495,3.));
#4989 = VECTOR('',#4990,1.);
#4990 = DIRECTION('',(0.,1.,0.));
#4991 = ORIENTED_EDGE('',*,*,#4992,.F.);
#4992 = EDGE_CURVE('',#4993,#4985,#4995,.T.);
#4993 = VERTEX_POINT('',#4994);
#4994 = CARTESIAN_POINT('',(4.,61.,13.));
#4995 = CIRCLE('',#4996,10.);
#4996 = AXIS2_PLACEMENT_3D('',#4997,#4998,#4999);
#4997 = CARTESIAN_POINT('',(4.,51.,13.));
#4998 = DIRECTION('',(-1.,0.,0.));
#4999 = DIRECTION('',(0.,0.,1.));
#5000 = ORIENTED_EDGE('',*,*,#5001,.T.);
#5001 = EDGE_CURVE('',#4993,#1268,#5002,.T.);
#5002 = LINE('',#5003,#5004);
#5003 = CARTESIAN_POINT('',(4.,61.,0.));
#5004 = VECTOR('',#5005,1.);
#5005 = DIRECTION('',(0.,0.,1.));
#5006 = ORIENTED_EDGE('',*,*,#1267,.T.);
#5007 = PLANE('',#5008);
#5008 = AXIS2_PLACEMENT_3D('',#5009,#5010,#5011);
#5009 = CARTESIAN_POINT('',(4.,61.,0.));
#5010 = DIRECTION('',(1.,0.,0.));
#5011 = DIRECTION('',(0.,-1.,0.));
#5012 = ADVANCED_FACE('',(#5013),#5031,.T.);
#5013 = FACE_BOUND('',#5014,.T.);
#5014 = EDGE_LOOP('',(#5015,#5023,#5029,#5030));
#5015 = ORIENTED_EDGE('',*,*,#5016,.F.);
#5016 = EDGE_CURVE('',#5017,#1299,#5019,.T.);
#5017 = VERTEX_POINT('',#5018);
#5018 = CARTESIAN_POINT('',(22.25,9.,13.));
#5019 = LINE('',#5020,#5021);
#5020 = CARTESIAN_POINT('',(22.25,9.,0.));
#5021 = VECTOR('',#5022,1.);
#5022 = DIRECTION('',(0.,0.,1.));
#5023 = ORIENTED_EDGE('',*,*,#5024,.T.);
#5024 = EDGE_CURVE('',#5017,#4968,#5025,.T.);
#5025 = LINE('',#5026,#5027);
#5026 = CARTESIAN_POINT('',(22.25,9.,13.));
#5027 = VECTOR('',#5028,1.);
#5028 = DIRECTION('',(-1.,0.,0.));
#5029 = ORIENTED_EDGE('',*,*,#4967,.T.);
#5030 = ORIENTED_EDGE('',*,*,#1298,.T.);
#5031 = PLANE('',#5032);
#5032 = AXIS2_PLACEMENT_3D('',#5033,#5034,#5035);
#5033 = CARTESIAN_POINT('',(4.,9.,0.));
#5034 = DIRECTION('',(0.,1.,0.));
#5035 = DIRECTION('',(1.,0.,0.));
#5036 = ADVANCED_FACE('',(#5037),#5074,.T.);
#5037 = FACE_BOUND('',#5038,.T.);
#5038 = EDGE_LOOP('',(#5039,#5040,#5041,#5049,#5058,#5066,#5073));
#5039 = ORIENTED_EDGE('',*,*,#1306,.F.);
#5040 = ORIENTED_EDGE('',*,*,#1359,.T.);
#5041 = ORIENTED_EDGE('',*,*,#5042,.F.);
#5042 = EDGE_CURVE('',#5043,#1333,#5045,.T.);
#5043 = VERTEX_POINT('',#5044);
#5044 = CARTESIAN_POINT('',(22.25,61.,13.));
#5045 = LINE('',#5046,#5047);
#5046 = CARTESIAN_POINT('',(22.25,61.,0.));
#5047 = VECTOR('',#5048,1.);
#5048 = DIRECTION('',(0.,0.,1.));
#5049 = ORIENTED_EDGE('',*,*,#5050,.T.);
#5050 = EDGE_CURVE('',#5043,#5051,#5053,.T.);
#5051 = VERTEX_POINT('',#5052);
#5052 = CARTESIAN_POINT('',(22.25,51.,3.));
#5053 = CIRCLE('',#5054,10.);
#5054 = AXIS2_PLACEMENT_3D('',#5055,#5056,#5057);
#5055 = CARTESIAN_POINT('',(22.25,51.,13.));
#5056 = DIRECTION('',(-1.,0.,0.));
#5057 = DIRECTION('',(0.,0.,1.));
#5058 = ORIENTED_EDGE('',*,*,#5059,.T.);
#5059 = EDGE_CURVE('',#5051,#5060,#5062,.T.);
#5060 = VERTEX_POINT('',#5061);
#5061 = CARTESIAN_POINT('',(22.25,19.,3.));
#5062 = LINE('',#5063,#5064);
#5063 = CARTESIAN_POINT('',(22.25,17.86643593495,3.));
#5064 = VECTOR('',#5065,1.);
#5065 = DIRECTION('',(0.,-1.,0.));
#5066 = ORIENTED_EDGE('',*,*,#5067,.F.);
#5067 = EDGE_CURVE('',#5017,#5060,#5068,.T.);
#5068 = CIRCLE('',#5069,10.);
#5069 = AXIS2_PLACEMENT_3D('',#5070,#5071,#5072);
#5070 = CARTESIAN_POINT('',(22.25,19.,13.));
#5071 = DIRECTION('',(1.,-0.,0.));
#5072 = DIRECTION('',(0.,0.,-1.));
#5073 = ORIENTED_EDGE('',*,*,#5016,.T.);
#5074 = PLANE('',#5075);
#5075 = AXIS2_PLACEMENT_3D('',#5076,#5077,#5078);
#5076 = CARTESIAN_POINT('',(22.25,9.,0.));
#5077 = DIRECTION('',(-1.,0.,0.));
#5078 = DIRECTION('',(0.,1.,0.));
#5079 = ADVANCED_FACE('',(#5080),#5099,.T.);
#5080 = FACE_BOUND('',#5081,.T.);
#5081 = EDGE_LOOP('',(#5082,#5083,#5091,#5097,#5098));
#5082 = ORIENTED_EDGE('',*,*,#5001,.F.);
#5083 = ORIENTED_EDGE('',*,*,#5084,.T.);
#5084 = EDGE_CURVE('',#4993,#5085,#5087,.T.);
#5085 = VERTEX_POINT('',#5086);
#5086 = CARTESIAN_POINT('',(13.25,61.,13.));
#5087 = LINE('',#5088,#5089);
#5088 = CARTESIAN_POINT('',(4.,61.,13.));
#5089 = VECTOR('',#5090,1.);
#5090 = DIRECTION('',(1.,0.,0.));
#5091 = ORIENTED_EDGE('',*,*,#5092,.T.);
#5092 = EDGE_CURVE('',#5085,#5043,#5093,.T.);
#5093 = LINE('',#5094,#5095);
#5094 = CARTESIAN_POINT('',(4.,61.,13.));
#5095 = VECTOR('',#5096,1.);
#5096 = DIRECTION('',(1.,0.,0.));
#5097 = ORIENTED_EDGE('',*,*,#5042,.T.);
#5098 = ORIENTED_EDGE('',*,*,#1342,.T.);
#5099 = PLANE('',#5100);
#5100 = AXIS2_PLACEMENT_3D('',#5101,#5102,#5103);
#5101 = CARTESIAN_POINT('',(22.25,61.,0.));
#5102 = DIRECTION('',(0.,-1.,0.));
#5103 = DIRECTION('',(-1.,0.,0.));
#5104 = ADVANCED_FACE('',(#5105),#5130,.T.);
#5105 = FACE_BOUND('',#5106,.T.);
#5106 = EDGE_LOOP('',(#5107,#5115,#5123,#5129));
#5107 = ORIENTED_EDGE('',*,*,#5108,.T.);
#5108 = EDGE_CURVE('',#1418,#5109,#5111,.T.);
#5109 = VERTEX_POINT('',#5110);
#5110 = CARTESIAN_POINT('',(94.750000000001,66.1,14.2));
#5111 = LINE('',#5112,#5113);
#5112 = CARTESIAN_POINT('',(94.750000000001,66.,14.2));
#5113 = VECTOR('',#5114,1.);
#5114 = DIRECTION('',(0.,1.,0.));
#5115 = ORIENTED_EDGE('',*,*,#5116,.T.);
#5116 = EDGE_CURVE('',#5109,#5117,#5119,.T.);
#5117 = VERTEX_POINT('',#5118);
#5118 = CARTESIAN_POINT('',(88.750000000001,66.1,14.2));
#5119 = LINE('',#5120,#5121);
#5120 = CARTESIAN_POINT('',(94.750000000001,66.1,14.2));
#5121 = VECTOR('',#5122,1.);
#5122 = DIRECTION('',(-1.,0.,0.));
#5123 = ORIENTED_EDGE('',*,*,#5124,.F.);
#5124 = EDGE_CURVE('',#1420,#5117,#5125,.T.);
#5125 = LINE('',#5126,#5127);
#5126 = CARTESIAN_POINT('',(88.750000000001,66.,14.2));
#5127 = VECTOR('',#5128,1.);
#5128 = DIRECTION('',(0.,1.,0.));
#5129 = ORIENTED_EDGE('',*,*,#1417,.F.);
#5130 = PLANE('',#5131);
#5131 = AXIS2_PLACEMENT_3D('',#5132,#5133,#5134);
#5132 = CARTESIAN_POINT('',(94.750000000001,66.,14.2));
#5133 = DIRECTION('',(0.,0.,1.));
#5134 = DIRECTION('',(-1.,0.,0.));
#5135 = ADVANCED_FACE('',(#5136),#5154,.T.);
#5136 = FACE_BOUND('',#5137,.T.);
#5137 = EDGE_LOOP('',(#5138,#5146,#5152,#5153));
#5138 = ORIENTED_EDGE('',*,*,#5139,.T.);
#5139 = EDGE_CURVE('',#1436,#5140,#5142,.T.);
#5140 = VERTEX_POINT('',#5141);
#5141 = CARTESIAN_POINT('',(94.750000000001,66.1,5.8));
#5142 = LINE('',#5143,#5144);
#5143 = CARTESIAN_POINT('',(94.750000000001,66.,5.8));
#5144 = VECTOR('',#5145,1.);
#5145 = DIRECTION('',(0.,1.,0.));
#5146 = ORIENTED_EDGE('',*,*,#5147,.T.);
#5147 = EDGE_CURVE('',#5140,#5109,#5148,.T.);
#5148 = LINE('',#5149,#5150);
#5149 = CARTESIAN_POINT('',(94.750000000001,66.1,5.8));
#5150 = VECTOR('',#5151,1.);
#5151 = DIRECTION('',(0.,2.2E-16,1.));
#5152 = ORIENTED_EDGE('',*,*,#5108,.F.);
#5153 = ORIENTED_EDGE('',*,*,#1443,.F.);
#5154 = PLANE('',#5155);
#5155 = AXIS2_PLACEMENT_3D('',#5156,#5157,#5158);
#5156 = CARTESIAN_POINT('',(94.750000000001,66.,5.8));
#5157 = DIRECTION('',(1.,0.,0.));
#5158 = DIRECTION('',(0.,2.2E-16,1.));
#5159 = ADVANCED_FACE('',(#5160),#5178,.T.);
#5160 = FACE_BOUND('',#5161,.T.);
#5161 = EDGE_LOOP('',(#5162,#5170,#5176,#5177));
#5162 = ORIENTED_EDGE('',*,*,#5163,.T.);
#5163 = EDGE_CURVE('',#1428,#5164,#5166,.T.);
#5164 = VERTEX_POINT('',#5165);
#5165 = CARTESIAN_POINT('',(88.750000000001,66.1,5.8));
#5166 = LINE('',#5167,#5168);
#5167 = CARTESIAN_POINT('',(88.750000000001,66.,5.8));
#5168 = VECTOR('',#5169,1.);
#5169 = DIRECTION('',(0.,1.,0.));
#5170 = ORIENTED_EDGE('',*,*,#5171,.T.);
#5171 = EDGE_CURVE('',#5164,#5140,#5172,.T.);
#5172 = LINE('',#5173,#5174);
#5173 = CARTESIAN_POINT('',(88.750000000001,66.1,5.8));
#5174 = VECTOR('',#5175,1.);
#5175 = DIRECTION('',(1.,0.,0.));
#5176 = ORIENTED_EDGE('',*,*,#5139,.F.);
#5177 = ORIENTED_EDGE('',*,*,#1435,.F.);
#5178 = PLANE('',#5179);
#5179 = AXIS2_PLACEMENT_3D('',#5180,#5181,#5182);
#5180 = CARTESIAN_POINT('',(88.750000000001,66.,5.8));
#5181 = DIRECTION('',(0.,0.,-1.));
#5182 = DIRECTION('',(1.,0.,0.));
#5183 = ADVANCED_FACE('',(#5184),#5195,.T.);
#5184 = FACE_BOUND('',#5185,.T.);
#5185 = EDGE_LOOP('',(#5186,#5187,#5193,#5194));
#5186 = ORIENTED_EDGE('',*,*,#5124,.T.);
#5187 = ORIENTED_EDGE('',*,*,#5188,.T.);
#5188 = EDGE_CURVE('',#5117,#5164,#5189,.T.);
#5189 = LINE('',#5190,#5191);
#5190 = CARTESIAN_POINT('',(88.750000000001,66.1,14.2));
#5191 = VECTOR('',#5192,1.);
#5192 = DIRECTION('',(0.,-2.2E-16,-1.));
#5193 = ORIENTED_EDGE('',*,*,#5163,.F.);
#5194 = ORIENTED_EDGE('',*,*,#1427,.F.);
#5195 = PLANE('',#5196);
#5196 = AXIS2_PLACEMENT_3D('',#5197,#5198,#5199);
#5197 = CARTESIAN_POINT('',(88.750000000001,66.,14.2));
#5198 = DIRECTION('',(-1.,0.,0.));
#5199 = DIRECTION('',(-0.,-2.2E-16,-1.));
#5200 = ADVANCED_FACE('',(#5201),#5220,.F.);
#5201 = FACE_BOUND('',#5202,.F.);
#5202 = EDGE_LOOP('',(#5203,#5212,#5218,#5219));
#5203 = ORIENTED_EDGE('',*,*,#5204,.F.);
#5204 = EDGE_CURVE('',#5205,#5205,#5207,.T.);
#5205 = VERTEX_POINT('',#5206);
#5206 = CARTESIAN_POINT('',(101.45,63.,10.));
#5207 = CIRCLE('',#5208,1.7);
#5208 = AXIS2_PLACEMENT_3D('',#5209,#5210,#5211);
#5209 = CARTESIAN_POINT('',(99.75,63.,10.));
#5210 = DIRECTION('',(0.,-1.,2.2E-16));
#5211 = DIRECTION('',(1.,0.,0.));
#5212 = ORIENTED_EDGE('',*,*,#5213,.T.);
#5213 = EDGE_CURVE('',#5205,#1452,#5214,.T.);
#5214 = LINE('',#5215,#5216);
#5215 = CARTESIAN_POINT('',(101.45,2.22E-15,10.));
#5216 = VECTOR('',#5217,1.);
#5217 = DIRECTION('',(0.,1.,-2.2E-16));
#5218 = ORIENTED_EDGE('',*,*,#1451,.T.);
#5219 = ORIENTED_EDGE('',*,*,#5213,.F.);
#5220 = CYLINDRICAL_SURFACE('',#5221,1.7);
#5221 = AXIS2_PLACEMENT_3D('',#5222,#5223,#5224);
#5222 = CARTESIAN_POINT('',(99.75,2.22E-15,10.));
#5223 = DIRECTION('',(0.,-1.,2.2E-16));
#5224 = DIRECTION('',(1.,0.,0.));
#5225 = ADVANCED_FACE('',(#5226),#5251,.T.);
#5226 = FACE_BOUND('',#5227,.T.);
#5227 = EDGE_LOOP('',(#5228,#5236,#5244,#5250));
#5228 = ORIENTED_EDGE('',*,*,#5229,.T.);
#5229 = EDGE_CURVE('',#1463,#5230,#5232,.T.);
#5230 = VERTEX_POINT('',#5231);
#5231 = CARTESIAN_POINT('',(110.75,66.1,14.2));
#5232 = LINE('',#5233,#5234);
#5233 = CARTESIAN_POINT('',(110.75,66.,14.2));
#5234 = VECTOR('',#5235,1.);
#5235 = DIRECTION('',(0.,1.,0.));
#5236 = ORIENTED_EDGE('',*,*,#5237,.T.);
#5237 = EDGE_CURVE('',#5230,#5238,#5240,.T.);
#5238 = VERTEX_POINT('',#5239);
#5239 = CARTESIAN_POINT('',(104.75,66.1,14.2));
#5240 = LINE('',#5241,#5242);
#5241 = CARTESIAN_POINT('',(110.75,66.1,14.2));
#5242 = VECTOR('',#5243,1.);
#5243 = DIRECTION('',(-1.,0.,0.));
#5244 = ORIENTED_EDGE('',*,*,#5245,.F.);
#5245 = EDGE_CURVE('',#1465,#5238,#5246,.T.);
#5246 = LINE('',#5247,#5248);
#5247 = CARTESIAN_POINT('',(104.75,66.,14.2));
#5248 = VECTOR('',#5249,1.);
#5249 = DIRECTION('',(0.,1.,0.));
#5250 = ORIENTED_EDGE('',*,*,#1462,.F.);
#5251 = PLANE('',#5252);
#5252 = AXIS2_PLACEMENT_3D('',#5253,#5254,#5255);
#5253 = CARTESIAN_POINT('',(110.75,66.,14.2));
#5254 = DIRECTION('',(0.,0.,1.));
#5255 = DIRECTION('',(-1.,0.,0.));
#5256 = ADVANCED_FACE('',(#5257),#5275,.T.);
#5257 = FACE_BOUND('',#5258,.T.);
#5258 = EDGE_LOOP('',(#5259,#5267,#5273,#5274));
#5259 = ORIENTED_EDGE('',*,*,#5260,.T.);
#5260 = EDGE_CURVE('',#1481,#5261,#5263,.T.);
#5261 = VERTEX_POINT('',#5262);
#5262 = CARTESIAN_POINT('',(110.75,66.1,5.8));
#5263 = LINE('',#5264,#5265);
#5264 = CARTESIAN_POINT('',(110.75,66.,5.8));
#5265 = VECTOR('',#5266,1.);
#5266 = DIRECTION('',(0.,1.,0.));
#5267 = ORIENTED_EDGE('',*,*,#5268,.T.);
#5268 = EDGE_CURVE('',#5261,#5230,#5269,.T.);
#5269 = LINE('',#5270,#5271);
#5270 = CARTESIAN_POINT('',(110.75,66.1,5.8));
#5271 = VECTOR('',#5272,1.);
#5272 = DIRECTION('',(0.,2.2E-16,1.));
#5273 = ORIENTED_EDGE('',*,*,#5229,.F.);
#5274 = ORIENTED_EDGE('',*,*,#1488,.F.);
#5275 = PLANE('',#5276);
#5276 = AXIS2_PLACEMENT_3D('',#5277,#5278,#5279);
#5277 = CARTESIAN_POINT('',(110.75,66.,5.8));
#5278 = DIRECTION('',(1.,0.,0.));
#5279 = DIRECTION('',(0.,2.2E-16,1.));
#5280 = ADVANCED_FACE('',(#5281),#5299,.T.);
#5281 = FACE_BOUND('',#5282,.T.);
#5282 = EDGE_LOOP('',(#5283,#5291,#5297,#5298));
#5283 = ORIENTED_EDGE('',*,*,#5284,.T.);
#5284 = EDGE_CURVE('',#1473,#5285,#5287,.T.);
#5285 = VERTEX_POINT('',#5286);
#5286 = CARTESIAN_POINT('',(104.75,66.1,5.8));
#5287 = LINE('',#5288,#5289);
#5288 = CARTESIAN_POINT('',(104.75,66.,5.8));
#5289 = VECTOR('',#5290,1.);
#5290 = DIRECTION('',(0.,1.,0.));
#5291 = ORIENTED_EDGE('',*,*,#5292,.T.);
#5292 = EDGE_CURVE('',#5285,#5261,#5293,.T.);
#5293 = LINE('',#5294,#5295);
#5294 = CARTESIAN_POINT('',(104.75,66.1,5.8));
#5295 = VECTOR('',#5296,1.);
#5296 = DIRECTION('',(1.,0.,0.));
#5297 = ORIENTED_EDGE('',*,*,#5260,.F.);
#5298 = ORIENTED_EDGE('',*,*,#1480,.F.);
#5299 = PLANE('',#5300);
#5300 = AXIS2_PLACEMENT_3D('',#5301,#5302,#5303);
#5301 = CARTESIAN_POINT('',(104.75,66.,5.8));
#5302 = DIRECTION('',(0.,0.,-1.));
#5303 = DIRECTION('',(1.,0.,0.));
#5304 = ADVANCED_FACE('',(#5305),#5316,.T.);
#5305 = FACE_BOUND('',#5306,.T.);
#5306 = EDGE_LOOP('',(#5307,#5308,#5314,#5315));
#5307 = ORIENTED_EDGE('',*,*,#5245,.T.);
#5308 = ORIENTED_EDGE('',*,*,#5309,.T.);
#5309 = EDGE_CURVE('',#5238,#5285,#5310,.T.);
#5310 = LINE('',#5311,#5312);
#5311 = CARTESIAN_POINT('',(104.75,66.1,14.2));
#5312 = VECTOR('',#5313,1.);
#5313 = DIRECTION('',(0.,-2.2E-16,-1.));
#5314 = ORIENTED_EDGE('',*,*,#5284,.F.);
#5315 = ORIENTED_EDGE('',*,*,#1472,.F.);
#5316 = PLANE('',#5317);
#5317 = AXIS2_PLACEMENT_3D('',#5318,#5319,#5320);
#5318 = CARTESIAN_POINT('',(104.75,66.,14.2));
#5319 = DIRECTION('',(-1.,0.,0.));
#5320 = DIRECTION('',(-0.,-2.2E-16,-1.));
#5321 = ADVANCED_FACE('',(#5322),#5366,.T.);
#5322 = FACE_BOUND('',#5323,.T.);
#5323 = EDGE_LOOP('',(#5324,#5325,#5333,#5342,#5350,#5359,#5365));
#5324 = ORIENTED_EDGE('',*,*,#1723,.T.);
#5325 = ORIENTED_EDGE('',*,*,#5326,.F.);
#5326 = EDGE_CURVE('',#5327,#1724,#5329,.T.);
#5327 = VERTEX_POINT('',#5328);
#5328 = CARTESIAN_POINT('',(90.75,9.,13.));
#5329 = LINE('',#5330,#5331);
#5330 = CARTESIAN_POINT('',(90.75,9.,0.));
#5331 = VECTOR('',#5332,1.);
#5332 = DIRECTION('',(0.,0.,1.));
#5333 = ORIENTED_EDGE('',*,*,#5334,.T.);
#5334 = EDGE_CURVE('',#5327,#5335,#5337,.T.);
#5335 = VERTEX_POINT('',#5336);
#5336 = CARTESIAN_POINT('',(90.75,19.,3.));
#5337 = CIRCLE('',#5338,10.);
#5338 = AXIS2_PLACEMENT_3D('',#5339,#5340,#5341);
#5339 = CARTESIAN_POINT('',(90.75,19.,13.));
#5340 = DIRECTION('',(1.,-0.,0.));
#5341 = DIRECTION('',(0.,0.,-1.));
#5342 = ORIENTED_EDGE('',*,*,#5343,.T.);
#5343 = EDGE_CURVE('',#5335,#5344,#5346,.T.);
#5344 = VERTEX_POINT('',#5345);
#5345 = CARTESIAN_POINT('',(90.75,51.,3.));
#5346 = LINE('',#5347,#5348);
#5347 = CARTESIAN_POINT('',(90.75,43.86643593495,3.));
#5348 = VECTOR('',#5349,1.);
#5349 = DIRECTION('',(0.,1.,0.));
#5350 = ORIENTED_EDGE('',*,*,#5351,.F.);
#5351 = EDGE_CURVE('',#5352,#5344,#5354,.T.);
#5352 = VERTEX_POINT('',#5353);
#5353 = CARTESIAN_POINT('',(90.75,61.,13.));
#5354 = CIRCLE('',#5355,10.);
#5355 = AXIS2_PLACEMENT_3D('',#5356,#5357,#5358);
#5356 = CARTESIAN_POINT('',(90.75,51.,13.));
#5357 = DIRECTION('',(-1.,0.,0.));
#5358 = DIRECTION('',(0.,0.,1.));
#5359 = ORIENTED_EDGE('',*,*,#5360,.T.);
#5360 = EDGE_CURVE('',#5352,#1702,#5361,.T.);
#5361 = LINE('',#5362,#5363);
#5362 = CARTESIAN_POINT('',(90.75,61.,0.));
#5363 = VECTOR('',#5364,1.);
#5364 = DIRECTION('',(0.,0.,1.));
#5365 = ORIENTED_EDGE('',*,*,#1701,.T.);
#5366 = PLANE('',#5367);
#5367 = AXIS2_PLACEMENT_3D('',#5368,#5369,#5370);
#5368 = CARTESIAN_POINT('',(90.75,61.,0.));
#5369 = DIRECTION('',(1.,0.,0.));
#5370 = DIRECTION('',(0.,-1.,0.));
#5371 = ADVANCED_FACE('',(#5372),#5390,.T.);
#5372 = FACE_BOUND('',#5373,.T.);
#5373 = EDGE_LOOP('',(#5374,#5382,#5388,#5389));
#5374 = ORIENTED_EDGE('',*,*,#5375,.F.);
#5375 = EDGE_CURVE('',#5376,#1733,#5378,.T.);
#5376 = VERTEX_POINT('',#5377);
#5377 = CARTESIAN_POINT('',(109.,9.,13.));
#5378 = LINE('',#5379,#5380);
#5379 = CARTESIAN_POINT('',(109.,9.,0.));
#5380 = VECTOR('',#5381,1.);
#5381 = DIRECTION('',(0.,0.,1.));
#5382 = ORIENTED_EDGE('',*,*,#5383,.T.);
#5383 = EDGE_CURVE('',#5376,#5327,#5384,.T.);
#5384 = LINE('',#5385,#5386);
#5385 = CARTESIAN_POINT('',(109.,9.,13.));
#5386 = VECTOR('',#5387,1.);
#5387 = DIRECTION('',(-1.,0.,0.));
#5388 = ORIENTED_EDGE('',*,*,#5326,.T.);
#5389 = ORIENTED_EDGE('',*,*,#1732,.T.);
#5390 = PLANE('',#5391);
#5391 = AXIS2_PLACEMENT_3D('',#5392,#5393,#5394);
#5392 = CARTESIAN_POINT('',(90.75,9.,0.));
#5393 = DIRECTION('',(0.,1.,0.));
#5394 = DIRECTION('',(1.,0.,0.));
#5395 = ADVANCED_FACE('',(#5396),#5433,.T.);
#5396 = FACE_BOUND('',#5397,.T.);
#5397 = EDGE_LOOP('',(#5398,#5399,#5400,#5408,#5417,#5425,#5432));
#5398 = ORIENTED_EDGE('',*,*,#1740,.F.);
#5399 = ORIENTED_EDGE('',*,*,#1793,.T.);
#5400 = ORIENTED_EDGE('',*,*,#5401,.F.);
#5401 = EDGE_CURVE('',#5402,#1767,#5404,.T.);
#5402 = VERTEX_POINT('',#5403);
#5403 = CARTESIAN_POINT('',(109.,61.,13.));
#5404 = LINE('',#5405,#5406);
#5405 = CARTESIAN_POINT('',(109.,61.,0.));
#5406 = VECTOR('',#5407,1.);
#5407 = DIRECTION('',(0.,0.,1.));
#5408 = ORIENTED_EDGE('',*,*,#5409,.T.);
#5409 = EDGE_CURVE('',#5402,#5410,#5412,.T.);
#5410 = VERTEX_POINT('',#5411);
#5411 = CARTESIAN_POINT('',(109.,51.,3.));
#5412 = CIRCLE('',#5413,10.);
#5413 = AXIS2_PLACEMENT_3D('',#5414,#5415,#5416);
#5414 = CARTESIAN_POINT('',(109.,51.,13.));
#5415 = DIRECTION('',(-1.,0.,0.));
#5416 = DIRECTION('',(0.,0.,1.));
#5417 = ORIENTED_EDGE('',*,*,#5418,.T.);
#5418 = EDGE_CURVE('',#5410,#5419,#5421,.T.);
#5419 = VERTEX_POINT('',#5420);
#5420 = CARTESIAN_POINT('',(109.,19.,3.));
#5421 = LINE('',#5422,#5423);
#5422 = CARTESIAN_POINT('',(109.,17.86643593495,3.));
#5423 = VECTOR('',#5424,1.);
#5424 = DIRECTION('',(0.,-1.,0.));
#5425 = ORIENTED_EDGE('',*,*,#5426,.F.);
#5426 = EDGE_CURVE('',#5376,#5419,#5427,.T.);
#5427 = CIRCLE('',#5428,10.);
#5428 = AXIS2_PLACEMENT_3D('',#5429,#5430,#5431);
#5429 = CARTESIAN_POINT('',(109.,19.,13.));
#5430 = DIRECTION('',(1.,-0.,0.));
#5431 = DIRECTION('',(0.,0.,-1.));
#5432 = ORIENTED_EDGE('',*,*,#5375,.T.);
#5433 = PLANE('',#5434);
#5434 = AXIS2_PLACEMENT_3D('',#5435,#5436,#5437);
#5435 = CARTESIAN_POINT('',(109.,9.,0.));
#5436 = DIRECTION('',(-1.,0.,0.));
#5437 = DIRECTION('',(0.,1.,0.));
#5438 = ADVANCED_FACE('',(#5439),#5458,.T.);
#5439 = FACE_BOUND('',#5440,.T.);
#5440 = EDGE_LOOP('',(#5441,#5442,#5450,#5456,#5457));
#5441 = ORIENTED_EDGE('',*,*,#5360,.F.);
#5442 = ORIENTED_EDGE('',*,*,#5443,.T.);
#5443 = EDGE_CURVE('',#5352,#5444,#5446,.T.);
#5444 = VERTEX_POINT('',#5445);
#5445 = CARTESIAN_POINT('',(99.75,61.,13.));
#5446 = LINE('',#5447,#5448);
#5447 = CARTESIAN_POINT('',(90.75,61.,13.));
#5448 = VECTOR('',#5449,1.);
#5449 = DIRECTION('',(1.,0.,0.));
#5450 = ORIENTED_EDGE('',*,*,#5451,.T.);
#5451 = EDGE_CURVE('',#5444,#5402,#5452,.T.);
#5452 = LINE('',#5453,#5454);
#5453 = CARTESIAN_POINT('',(90.75,61.,13.));
#5454 = VECTOR('',#5455,1.);
#5455 = DIRECTION('',(1.,0.,0.));
#5456 = ORIENTED_EDGE('',*,*,#5401,.T.);
#5457 = ORIENTED_EDGE('',*,*,#1776,.T.);
#5458 = PLANE('',#5459);
#5459 = AXIS2_PLACEMENT_3D('',#5460,#5461,#5462);
#5460 = CARTESIAN_POINT('',(109.,61.,0.));
#5461 = DIRECTION('',(0.,-1.,0.));
#5462 = DIRECTION('',(-1.,0.,0.));
#5463 = ADVANCED_FACE('',(#5464),#5470,.T.);
#5464 = FACE_BOUND('',#5465,.T.);
#5465 = EDGE_LOOP('',(#5466,#5467,#5468,#5469));
#5466 = ORIENTED_EDGE('',*,*,#1824,.F.);
#5467 = ORIENTED_EDGE('',*,*,#1848,.F.);
#5468 = ORIENTED_EDGE('',*,*,#1872,.F.);
#5469 = ORIENTED_EDGE('',*,*,#1889,.F.);
#5470 = PLANE('',#5471);
#5471 = AXIS2_PLACEMENT_3D('',#5472,#5473,#5474);
#5472 = CARTESIAN_POINT('',(56.5,67.5,10.));
#5473 = DIRECTION('',(0.,1.,0.));
#5474 = DIRECTION('',(0.,0.,1.));
#5475 = ADVANCED_FACE('',(#5476),#5552,.F.);
#5476 = FACE_BOUND('',#5477,.T.);
#5477 = EDGE_LOOP('',(#5478,#5479,#5487,#5504,#5551));
#5478 = ORIENTED_EDGE('',*,*,#1903,.F.);
#5479 = ORIENTED_EDGE('',*,*,#5480,.T.);
#5480 = EDGE_CURVE('',#1904,#5481,#5483,.T.);
#5481 = VERTEX_POINT('',#5482);
#5482 = CARTESIAN_POINT('',(16.25,60.539392014169,10.));
#5483 = LINE('',#5484,#5485);
#5484 = CARTESIAN_POINT('',(16.25,63.,10.));
#5485 = VECTOR('',#5486,1.);
#5486 = DIRECTION('',(-0.,-1.,-0.));
#5487 = ORIENTED_EDGE('',*,*,#5488,.T.);
#5488 = EDGE_CURVE('',#5481,#5085,#5489,.T.);
#5489 = B_SPLINE_CURVE_WITH_KNOTS('',7,(#5490,#5491,#5492,#5493,#5494,
    #5495,#5496,#5497,#5498,#5499,#5500,#5501,#5502,#5503),
  .UNSPECIFIED.,.F.,.F.,(8,6,8),(0.,0.389681362667,1.),.UNSPECIFIED.);
#5490 = CARTESIAN_POINT('',(16.25,60.539392014169,10.));
#5491 = CARTESIAN_POINT('',(16.25,60.632539519833,10.296190190556));
#5492 = CARTESIAN_POINT('',(16.215883269879,60.714920107365,
    10.595635912299));
#5493 = CARTESIAN_POINT('',(16.146300438943,60.78417419853,
    10.890770744314));
#5494 = CARTESIAN_POINT('',(16.042660272473,60.839629568702,
    11.173959662242));
#5495 = CARTESIAN_POINT('',(15.908985744806,60.882358130995,
    11.438065633091));
#5496 = CARTESIAN_POINT('',(15.752031358244,60.914403115446,
    11.67729577734));
#5497 = CARTESIAN_POINT('',(15.314254522561,60.974896177716,
    12.217905146922));
#5498 = CARTESIAN_POINT('',(15.006824484806,60.991973474545,
    12.486165182946));
#5499 = CARTESIAN_POINT('',(14.674511819124,60.998387791231,
    12.695110851386));
#5500 = CARTESIAN_POINT('',(14.326962401551,61.000001057798,
    12.84847048116));
#5501 = CARTESIAN_POINT('',(13.97085291495,60.999999708322,
    12.949436521111));
#5502 = CARTESIAN_POINT('',(13.610581624632,61.,13.000000009498));
#5503 = CARTESIAN_POINT('',(13.249999920975,61.,13.));
#5504 = ORIENTED_EDGE('',*,*,#5505,.T.);
#5505 = EDGE_CURVE('',#5085,#5481,#5506,.T.);
#5506 = B_SPLINE_CURVE_WITH_KNOTS('',7,(#5507,#5508,#5509,#5510,#5511,
    #5512,#5513,#5514,#5515,#5516,#5517,#5518,#5519,#5520,#5521,#5522,
    #5523,#5524,#5525,#5526,#5527,#5528,#5529,#5530,#5531,#5532,#5533,
    #5534,#5535,#5536,#5537,#5538,#5539,#5540,#5541,#5542,#5543,#5544,
    #5545,#5546,#5547,#5548,#5549,#5550),.UNSPECIFIED.,.F.,.F.,(8,6,6,6,
    6,6,6,8),(0.,0.153227969504,0.292290847517,0.422248878747,
    0.587404745505,0.73251726006,0.897695458071,1.),.UNSPECIFIED.);
#5507 = CARTESIAN_POINT('',(13.249999920975,61.,13.));
#5508 = CARTESIAN_POINT('',(12.96808068361,61.,12.999999992574));
#5509 = CARTESIAN_POINT('',(12.686369612969,61.00000003518,
    12.969092191842));
#5510 = CARTESIAN_POINT('',(12.406754791203,60.999999850428,
    12.90735517525));
#5511 = CARTESIAN_POINT('',(12.131312952316,60.999398532289,
    12.814119524097));
#5512 = CARTESIAN_POINT('',(11.862691138127,60.996998469439,
    12.688138788553));
#5513 = CARTESIAN_POINT('',(11.604529570642,60.990783874773,
    12.527803027467));
#5514 = CARTESIAN_POINT('',(11.141964914867,60.965684884837,
    12.153225534725));
#5515 = CARTESIAN_POINT('',(10.929935618046,60.947760479109,
    11.94139956386));
#5516 = CARTESIAN_POINT('',(10.736016963392,60.92134136181,
    11.696503990344));
#5517 = CARTESIAN_POINT('',(10.568684310692,60.883375033228,
    11.421536318625));
#5518 = CARTESIAN_POINT('',(10.434772629362,60.830797059198,
    11.121277809985));
#5519 = CARTESIAN_POINT('',(10.339570168298,60.761411894458,
    10.801628962895));
#5520 = CARTESIAN_POINT('',(10.23774594157,60.593240889472,
    10.158735987555));
#5521 = CARTESIAN_POINT('',(10.227567106034,60.499707309841,
    9.848680340078));
#5522 = CARTESIAN_POINT('',(10.254437786091,60.395141834624,
    9.545343755536));
#5523 = CARTESIAN_POINT('',(10.315213961659,60.282021457556,
    9.254378082996));
#5524 = CARTESIAN_POINT('',(10.405598683727,60.163977104933,
    8.980709789941));
#5525 = CARTESIAN_POINT('',(10.520101062856,60.045338580844,
    8.728323644773));
#5526 = CARTESIAN_POINT('',(10.819449473602,59.784071475312,
    8.209837019737));
#5527 = CARTESIAN_POINT('',(11.019060661736,59.640057992374,
    7.951412274667));
#5528 = CARTESIAN_POINT('',(11.24419693405,59.503048576387,
    7.725360007055));
#5529 = CARTESIAN_POINT('',(11.490172500226,59.377461373291,
    7.531601299594));
#5530 = CARTESIAN_POINT('',(11.753570798078,59.267294695853,
    7.370141123617));
#5531 = CARTESIAN_POINT('',(12.031846042655,59.17632640748,
    7.241415532593));
#5532 = CARTESIAN_POINT('',(12.578723811509,59.04805165527,
    7.063724189987));
#5533 = CARTESIAN_POINT('',(12.84365659325,59.005748309668,
    7.007217747162));
#5534 = CARTESIAN_POINT('',(13.113989924448,58.983847598001,
    6.97872143337));
#5535 = CARTESIAN_POINT('',(13.38609392194,58.983852009528,
    6.978726914078));
#5536 = CARTESIAN_POINT('',(13.65641137343,59.005758357358,
    7.007231096388));
#5537 = CARTESIAN_POINT('',(13.921313459622,59.04806039253,
    7.063736292663));
#5538 = CARTESIAN_POINT('',(14.468151054165,59.176325732202,
    7.24141459777));
#5539 = CARTESIAN_POINT('',(14.746426328852,59.267293498634,
    7.370139407124));
#5540 = CARTESIAN_POINT('',(15.009826571504,59.377460598118,
    7.531600066212));
#5541 = CARTESIAN_POINT('',(15.255804037498,59.503048807481,
    7.725360122162));
#5542 = CARTESIAN_POINT('',(15.480941552855,59.640059343615,
    7.951414435089));
#5543 = CARTESIAN_POINT('',(15.680552117503,59.7840728579,8.209839757959
    ));
#5544 = CARTESIAN_POINT('',(15.951833704109,60.020843641817,
    8.679713249119));
#5545 = CARTESIAN_POINT('',(16.044109646929,60.112967825755,
    8.873033959687));
#5546 = CARTESIAN_POINT('',(16.122349682409,60.204979037813,
    9.07904389405));
#5547 = CARTESIAN_POINT('',(16.18418777673,60.295145466918,
    9.296492852908));
#5548 = CARTESIAN_POINT('',(16.22742267473,60.38183102312,9.523798762696
    ));
#5549 = CARTESIAN_POINT('',(16.25,60.463616297593,9.759048578142));
#5550 = CARTESIAN_POINT('',(16.25,60.539392014169,10.));
#5551 = ORIENTED_EDGE('',*,*,#5480,.F.);
#5552 = CYLINDRICAL_SURFACE('',#5553,3.);
#5553 = AXIS2_PLACEMENT_3D('',#5554,#5555,#5556);
#5554 = CARTESIAN_POINT('',(13.25,63.,10.));
#5555 = DIRECTION('',(0.,1.,-2.2E-16));
#5556 = DIRECTION('',(1.,0.,0.));
#5557 = ADVANCED_FACE('',(#5558),#5564,.T.);
#5558 = FACE_BOUND('',#5559,.T.);
#5559 = EDGE_LOOP('',(#5560,#5561,#5562,#5563));
#5560 = ORIENTED_EDGE('',*,*,#1940,.F.);
#5561 = ORIENTED_EDGE('',*,*,#1964,.F.);
#5562 = ORIENTED_EDGE('',*,*,#1988,.F.);
#5563 = ORIENTED_EDGE('',*,*,#2005,.F.);
#5564 = PLANE('',#5565);
#5565 = AXIS2_PLACEMENT_3D('',#5566,#5567,#5568);
#5566 = CARTESIAN_POINT('',(56.5,67.5,10.));
#5567 = DIRECTION('',(0.,1.,0.));
#5568 = DIRECTION('',(0.,0.,1.));
#5569 = ADVANCED_FACE('',(#5570,#5599),#5602,.F.);
#5570 = FACE_BOUND('',#5571,.T.);
#5571 = EDGE_LOOP('',(#5572,#5573,#5574,#5580,#5581,#5582,#5583,#5589,
    #5590,#5591,#5592,#5598));
#5572 = ORIENTED_EDGE('',*,*,#5024,.F.);
#5573 = ORIENTED_EDGE('',*,*,#5067,.T.);
#5574 = ORIENTED_EDGE('',*,*,#5575,.T.);
#5575 = EDGE_CURVE('',#5060,#3302,#5576,.T.);
#5576 = LINE('',#5577,#5578);
#5577 = CARTESIAN_POINT('',(22.25,19.,3.));
#5578 = VECTOR('',#5579,1.);
#5579 = DIRECTION('',(-1.,0.,0.));
#5580 = ORIENTED_EDGE('',*,*,#3309,.T.);
#5581 = ORIENTED_EDGE('',*,*,#3366,.F.);
#5582 = ORIENTED_EDGE('',*,*,#3602,.F.);
#5583 = ORIENTED_EDGE('',*,*,#5584,.T.);
#5584 = EDGE_CURVE('',#3595,#2980,#5585,.T.);
#5585 = LINE('',#5586,#5587);
#5586 = CARTESIAN_POINT('',(22.25,19.,3.));
#5587 = VECTOR('',#5588,1.);
#5588 = DIRECTION('',(-1.,0.,0.));
#5589 = ORIENTED_EDGE('',*,*,#2987,.T.);
#5590 = ORIENTED_EDGE('',*,*,#3044,.F.);
#5591 = ORIENTED_EDGE('',*,*,#3276,.F.);
#5592 = ORIENTED_EDGE('',*,*,#5593,.T.);
#5593 = EDGE_CURVE('',#3269,#4976,#5594,.T.);
#5594 = LINE('',#5595,#5596);
#5595 = CARTESIAN_POINT('',(22.25,19.,3.));
#5596 = VECTOR('',#5597,1.);
#5597 = DIRECTION('',(-1.,0.,0.));
#5598 = ORIENTED_EDGE('',*,*,#4975,.F.);
#5599 = FACE_BOUND('',#5600,.T.);
#5600 = EDGE_LOOP('',(#5601));
#5601 = ORIENTED_EDGE('',*,*,#2045,.T.);
#5602 = CYLINDRICAL_SURFACE('',#5603,10.);
#5603 = AXIS2_PLACEMENT_3D('',#5604,#5605,#5606);
#5604 = CARTESIAN_POINT('',(22.25,19.,13.));
#5605 = DIRECTION('',(-1.,0.,0.));
#5606 = DIRECTION('',(-0.,-1.,-0.));
#5607 = ADVANCED_FACE('',(#5608,#5637),#5640,.F.);
#5608 = FACE_BOUND('',#5609,.T.);
#5609 = EDGE_LOOP('',(#5610,#5611,#5612,#5618,#5619,#5620,#5621,#5627,
    #5628,#5629,#5630,#5636));
#5610 = ORIENTED_EDGE('',*,*,#5383,.F.);
#5611 = ORIENTED_EDGE('',*,*,#5426,.T.);
#5612 = ORIENTED_EDGE('',*,*,#5613,.T.);
#5613 = EDGE_CURVE('',#5419,#2360,#5614,.T.);
#5614 = LINE('',#5615,#5616);
#5615 = CARTESIAN_POINT('',(109.,19.,3.));
#5616 = VECTOR('',#5617,1.);
#5617 = DIRECTION('',(-1.,0.,0.));
#5618 = ORIENTED_EDGE('',*,*,#2367,.T.);
#5619 = ORIENTED_EDGE('',*,*,#2424,.F.);
#5620 = ORIENTED_EDGE('',*,*,#2644,.F.);
#5621 = ORIENTED_EDGE('',*,*,#5622,.T.);
#5622 = EDGE_CURVE('',#2637,#2670,#5623,.T.);
#5623 = LINE('',#5624,#5625);
#5624 = CARTESIAN_POINT('',(109.,19.,3.));
#5625 = VECTOR('',#5626,1.);
#5626 = DIRECTION('',(-1.,0.,0.));
#5627 = ORIENTED_EDGE('',*,*,#2677,.T.);
#5628 = ORIENTED_EDGE('',*,*,#2734,.F.);
#5629 = ORIENTED_EDGE('',*,*,#2954,.F.);
#5630 = ORIENTED_EDGE('',*,*,#5631,.T.);
#5631 = EDGE_CURVE('',#2947,#5335,#5632,.T.);
#5632 = LINE('',#5633,#5634);
#5633 = CARTESIAN_POINT('',(109.,19.,3.));
#5634 = VECTOR('',#5635,1.);
#5635 = DIRECTION('',(-1.,0.,0.));
#5636 = ORIENTED_EDGE('',*,*,#5334,.F.);
#5637 = FACE_BOUND('',#5638,.T.);
#5638 = EDGE_LOOP('',(#5639));
#5639 = ORIENTED_EDGE('',*,*,#2119,.T.);
#5640 = CYLINDRICAL_SURFACE('',#5641,10.);
#5641 = AXIS2_PLACEMENT_3D('',#5642,#5643,#5644);
#5642 = CARTESIAN_POINT('',(109.,19.,13.));
#5643 = DIRECTION('',(-1.,0.,0.));
#5644 = DIRECTION('',(-0.,-1.,-0.));
#5645 = ADVANCED_FACE('',(#5646),#5683,.T.);
#5646 = FACE_BOUND('',#5647,.T.);
#5647 = EDGE_LOOP('',(#5648,#5649,#5655,#5656,#5657,#5658,#5664,#5665,
    #5666,#5667,#5673,#5674,#5675,#5676,#5677,#5678,#5679,#5680,#5681,
    #5682));
#5648 = ORIENTED_EDGE('',*,*,#5418,.F.);
#5649 = ORIENTED_EDGE('',*,*,#5650,.F.);
#5650 = EDGE_CURVE('',#3628,#5410,#5651,.T.);
#5651 = LINE('',#5652,#5653);
#5652 = CARTESIAN_POINT('',(90.75,51.,3.));
#5653 = VECTOR('',#5654,1.);
#5654 = DIRECTION('',(1.,0.,0.));
#5655 = ORIENTED_EDGE('',*,*,#3636,.F.);
#5656 = ORIENTED_EDGE('',*,*,#3886,.T.);
#5657 = ORIENTED_EDGE('',*,*,#3913,.T.);
#5658 = ORIENTED_EDGE('',*,*,#5659,.F.);
#5659 = EDGE_CURVE('',#3938,#3905,#5660,.T.);
#5660 = LINE('',#5661,#5662);
#5661 = CARTESIAN_POINT('',(90.75,51.,3.));
#5662 = VECTOR('',#5663,1.);
#5663 = DIRECTION('',(1.,0.,0.));
#5664 = ORIENTED_EDGE('',*,*,#3946,.F.);
#5665 = ORIENTED_EDGE('',*,*,#4196,.T.);
#5666 = ORIENTED_EDGE('',*,*,#4223,.T.);
#5667 = ORIENTED_EDGE('',*,*,#5668,.F.);
#5668 = EDGE_CURVE('',#5344,#4215,#5669,.T.);
#5669 = LINE('',#5670,#5671);
#5670 = CARTESIAN_POINT('',(90.75,51.,3.));
#5671 = VECTOR('',#5672,1.);
#5672 = DIRECTION('',(1.,0.,0.));
#5673 = ORIENTED_EDGE('',*,*,#5343,.F.);
#5674 = ORIENTED_EDGE('',*,*,#5631,.F.);
#5675 = ORIENTED_EDGE('',*,*,#2946,.T.);
#5676 = ORIENTED_EDGE('',*,*,#2702,.T.);
#5677 = ORIENTED_EDGE('',*,*,#2669,.F.);
#5678 = ORIENTED_EDGE('',*,*,#5622,.F.);
#5679 = ORIENTED_EDGE('',*,*,#2636,.T.);
#5680 = ORIENTED_EDGE('',*,*,#2392,.T.);
#5681 = ORIENTED_EDGE('',*,*,#2359,.F.);
#5682 = ORIENTED_EDGE('',*,*,#5613,.F.);
#5683 = PLANE('',#5684);
#5684 = AXIS2_PLACEMENT_3D('',#5685,#5686,#5687);
#5685 = CARTESIAN_POINT('',(56.5,26.7328718699,3.));
#5686 = DIRECTION('',(0.,0.,1.));
#5687 = DIRECTION('',(1.,0.,0.));
#5688 = ADVANCED_FACE('',(#5689),#5726,.T.);
#5689 = FACE_BOUND('',#5690,.T.);
#5690 = EDGE_LOOP('',(#5691,#5692,#5698,#5699,#5700,#5701,#5707,#5708,
    #5709,#5710,#5716,#5717,#5718,#5719,#5720,#5721,#5722,#5723,#5724,
    #5725));
#5691 = ORIENTED_EDGE('',*,*,#5059,.F.);
#5692 = ORIENTED_EDGE('',*,*,#5693,.F.);
#5693 = EDGE_CURVE('',#4554,#5051,#5694,.T.);
#5694 = LINE('',#5695,#5696);
#5695 = CARTESIAN_POINT('',(4.,51.,3.));
#5696 = VECTOR('',#5697,1.);
#5697 = DIRECTION('',(1.,0.,0.));
#5698 = ORIENTED_EDGE('',*,*,#4562,.F.);
#5699 = ORIENTED_EDGE('',*,*,#4824,.T.);
#5700 = ORIENTED_EDGE('',*,*,#4851,.T.);
#5701 = ORIENTED_EDGE('',*,*,#5702,.F.);
#5702 = EDGE_CURVE('',#4248,#4843,#5703,.T.);
#5703 = LINE('',#5704,#5705);
#5704 = CARTESIAN_POINT('',(4.,51.,3.));
#5705 = VECTOR('',#5706,1.);
#5706 = DIRECTION('',(1.,0.,0.));
#5707 = ORIENTED_EDGE('',*,*,#4256,.F.);
#5708 = ORIENTED_EDGE('',*,*,#4502,.T.);
#5709 = ORIENTED_EDGE('',*,*,#4529,.T.);
#5710 = ORIENTED_EDGE('',*,*,#5711,.F.);
#5711 = EDGE_CURVE('',#4985,#4521,#5712,.T.);
#5712 = LINE('',#5713,#5714);
#5713 = CARTESIAN_POINT('',(4.,51.,3.));
#5714 = VECTOR('',#5715,1.);
#5715 = DIRECTION('',(1.,0.,0.));
#5716 = ORIENTED_EDGE('',*,*,#4984,.F.);
#5717 = ORIENTED_EDGE('',*,*,#5593,.F.);
#5718 = ORIENTED_EDGE('',*,*,#3268,.T.);
#5719 = ORIENTED_EDGE('',*,*,#3012,.T.);
#5720 = ORIENTED_EDGE('',*,*,#2979,.F.);
#5721 = ORIENTED_EDGE('',*,*,#5584,.F.);
#5722 = ORIENTED_EDGE('',*,*,#3594,.T.);
#5723 = ORIENTED_EDGE('',*,*,#3334,.T.);
#5724 = ORIENTED_EDGE('',*,*,#3301,.F.);
#5725 = ORIENTED_EDGE('',*,*,#5575,.F.);
#5726 = PLANE('',#5727);
#5727 = AXIS2_PLACEMENT_3D('',#5728,#5729,#5730);
#5728 = CARTESIAN_POINT('',(56.5,26.7328718699,3.));
#5729 = DIRECTION('',(0.,0.,1.));
#5730 = DIRECTION('',(1.,0.,0.));
#5731 = ADVANCED_FACE('',(#5732,#5747),#5815,.F.);
#5732 = FACE_BOUND('',#5733,.T.);
#5733 = EDGE_LOOP('',(#5734,#5735,#5736,#5737,#5738,#5739,#5740,#5741,
    #5742,#5743,#5744,#5745,#5746));
#5734 = ORIENTED_EDGE('',*,*,#5443,.F.);
#5735 = ORIENTED_EDGE('',*,*,#5351,.T.);
#5736 = ORIENTED_EDGE('',*,*,#5668,.T.);
#5737 = ORIENTED_EDGE('',*,*,#4214,.T.);
#5738 = ORIENTED_EDGE('',*,*,#3970,.F.);
#5739 = ORIENTED_EDGE('',*,*,#3937,.F.);
#5740 = ORIENTED_EDGE('',*,*,#5659,.T.);
#5741 = ORIENTED_EDGE('',*,*,#3904,.T.);
#5742 = ORIENTED_EDGE('',*,*,#3660,.F.);
#5743 = ORIENTED_EDGE('',*,*,#3627,.F.);
#5744 = ORIENTED_EDGE('',*,*,#5650,.T.);
#5745 = ORIENTED_EDGE('',*,*,#5409,.F.);
#5746 = ORIENTED_EDGE('',*,*,#5451,.F.);
#5747 = FACE_BOUND('',#5748,.T.);
#5748 = EDGE_LOOP('',(#5749,#5798));
#5749 = ORIENTED_EDGE('',*,*,#5750,.F.);
#5750 = EDGE_CURVE('',#5444,#5751,#5753,.T.);
#5751 = VERTEX_POINT('',#5752);
#5752 = CARTESIAN_POINT('',(102.75,60.539392014169,10.));
#5753 = B_SPLINE_CURVE_WITH_KNOTS('',7,(#5754,#5755,#5756,#5757,#5758,
    #5759,#5760,#5761,#5762,#5763,#5764,#5765,#5766,#5767,#5768,#5769,
    #5770,#5771,#5772,#5773,#5774,#5775,#5776,#5777,#5778,#5779,#5780,
    #5781,#5782,#5783,#5784,#5785,#5786,#5787,#5788,#5789,#5790,#5791,
    #5792,#5793,#5794,#5795,#5796,#5797),.UNSPECIFIED.,.F.,.F.,(8,6,6,6,
    6,6,6,8),(0.,0.153227973121,0.292290857178,0.422248889957,
    0.5874047535,0.732517265229,0.897695460024,1.),.UNSPECIFIED.);
#5754 = CARTESIAN_POINT('',(99.749999920975,61.,13.));
#5755 = CARTESIAN_POINT('',(99.468080678039,61.,12.999999992574));
#5756 = CARTESIAN_POINT('',(99.186369626286,61.000000035055,
    12.969092190517));
#5757 = CARTESIAN_POINT('',(98.906754781922,60.999999850889,
    12.907355181442));
#5758 = CARTESIAN_POINT('',(98.631312947111,60.999398531526,
    12.814119512575));
#5759 = CARTESIAN_POINT('',(98.362691148975,60.9969984701,
    12.688138798828));
#5760 = CARTESIAN_POINT('',(98.104529565826,60.990783874512,
    12.527803023567));
#5761 = CARTESIAN_POINT('',(97.641964914867,60.965684884837,
    12.153225534726));
#5762 = CARTESIAN_POINT('',(97.429935618046,60.947760479109,
    11.941399563859));
#5763 = CARTESIAN_POINT('',(97.236016963392,60.921341361811,
    11.696503990346));
#5764 = CARTESIAN_POINT('',(97.068684310691,60.883375033228,
    11.421536318623));
#5765 = CARTESIAN_POINT('',(96.934772629362,60.830797059199,
    11.121277809986));
#5766 = CARTESIAN_POINT('',(96.839570168298,60.761411894458,
    10.801628962894));
#5767 = CARTESIAN_POINT('',(96.737745943122,60.593240892035,
    10.158735997352));
#5768 = CARTESIAN_POINT('',(96.727567106709,60.499707302771,
    9.848680318302));
#5769 = CARTESIAN_POINT('',(96.75443778201,60.395141839614,
    9.545343767097));
#5770 = CARTESIAN_POINT('',(96.815213961765,60.282021461779,
    9.254378096522));
#5771 = CARTESIAN_POINT('',(96.905598689485,60.163977096935,
    8.980709770562));
#5772 = CARTESIAN_POINT('',(97.020101058717,60.045338584456,
    8.72832365194));
#5773 = CARTESIAN_POINT('',(97.319449473602,59.784071475312,
    8.209837019737));
#5774 = CARTESIAN_POINT('',(97.519060661736,59.640057992374,
    7.951412274668));
#5775 = CARTESIAN_POINT('',(97.74419693405,59.503048576387,
    7.725360007054));
#5776 = CARTESIAN_POINT('',(97.990172500225,59.377461373291,
    7.531601299594));
#5777 = CARTESIAN_POINT('',(98.253570798078,59.267294695853,
    7.370141123617));
#5778 = CARTESIAN_POINT('',(98.531846042655,59.17632640748,
    7.241415532593));
#5779 = CARTESIAN_POINT('',(99.078723811509,59.04805165527,
    7.063724189987));
#5780 = CARTESIAN_POINT('',(99.34365659325,59.005748309668,
    7.007217747162));
#5781 = CARTESIAN_POINT('',(99.613989924448,58.983847598001,
    6.97872143337));
#5782 = CARTESIAN_POINT('',(99.88609392194,58.983852009528,
    6.978726914078));
#5783 = CARTESIAN_POINT('',(100.15641137343,59.005758357358,
    7.007231096388));
#5784 = CARTESIAN_POINT('',(100.42131345962,59.04806039253,
    7.063736292663));
#5785 = CARTESIAN_POINT('',(100.96815105416,59.176325732202,
    7.24141459777));
#5786 = CARTESIAN_POINT('',(101.24642632885,59.267293498634,
    7.370139407123));
#5787 = CARTESIAN_POINT('',(101.5098265715,59.377460598118,
    7.531600066212));
#5788 = CARTESIAN_POINT('',(101.75580403749,59.503048807481,
    7.725360122162));
#5789 = CARTESIAN_POINT('',(101.98094155285,59.640059343615,
    7.951414435089));
#5790 = CARTESIAN_POINT('',(102.1805521175,59.7840728579,8.209839757959)
  );
#5791 = CARTESIAN_POINT('',(102.45183370414,60.020843641852,
    8.679713249188));
#5792 = CARTESIAN_POINT('',(102.54410964691,60.112967825754,
    8.873033959694));
#5793 = CARTESIAN_POINT('',(102.62234968238,60.204979037785,
    9.079043893991));
#5794 = CARTESIAN_POINT('',(102.68418777672,60.295145466897,
    9.296492852849));
#5795 = CARTESIAN_POINT('',(102.72742267474,60.381831023129,
    9.523798762706));
#5796 = CARTESIAN_POINT('',(102.75,60.463616297618,9.759048578221));
#5797 = CARTESIAN_POINT('',(102.75,60.539392014169,10.));
#5798 = ORIENTED_EDGE('',*,*,#5799,.F.);
#5799 = EDGE_CURVE('',#5751,#5444,#5800,.T.);
#5800 = B_SPLINE_CURVE_WITH_KNOTS('',7,(#5801,#5802,#5803,#5804,#5805,
    #5806,#5807,#5808,#5809,#5810,#5811,#5812,#5813,#5814),
  .UNSPECIFIED.,.F.,.F.,(8,6,8),(0.,0.389681357722,1.),.UNSPECIFIED.);
#5801 = CARTESIAN_POINT('',(102.75,60.539392014169,10.));
#5802 = CARTESIAN_POINT('',(102.75,60.632539519833,10.296190190556));
#5803 = CARTESIAN_POINT('',(102.71588326987,60.714920107365,
    10.595635912298));
#5804 = CARTESIAN_POINT('',(102.64630043894,60.78417419853,
    10.890770744315));
#5805 = CARTESIAN_POINT('',(102.54266027247,60.839629568702,
    11.173959662241));
#5806 = CARTESIAN_POINT('',(102.4089857448,60.882358130995,
    11.438065633091));
#5807 = CARTESIAN_POINT('',(102.25203135824,60.914403115446,
    11.67729577734));
#5808 = CARTESIAN_POINT('',(101.814254517,60.974896178484,
    12.217905153782));
#5809 = CARTESIAN_POINT('',(101.50682450866,60.991973472385,
    12.486165162033));
#5810 = CARTESIAN_POINT('',(101.17451177361,60.998387794014,
    12.695110880227));
#5811 = CARTESIAN_POINT('',(100.8269624488,61.000001055937,
    12.848470460789));
#5812 = CARTESIAN_POINT('',(100.47085288802,60.999999708871,
    12.949436527369));
#5813 = CARTESIAN_POINT('',(100.11058163168,61.,13.000000009498));
#5814 = CARTESIAN_POINT('',(99.749999920975,61.,13.));
#5815 = CYLINDRICAL_SURFACE('',#5816,10.);
#5816 = AXIS2_PLACEMENT_3D('',#5817,#5818,#5819);
#5817 = CARTESIAN_POINT('',(90.75,51.,13.));
#5818 = DIRECTION('',(1.,0.,0.));
#5819 = DIRECTION('',(0.,1.,0.));
#5820 = ADVANCED_FACE('',(#5821,#5836),#5840,.F.);
#5821 = FACE_BOUND('',#5822,.T.);
#5822 = EDGE_LOOP('',(#5823,#5824,#5825,#5826,#5827,#5828,#5829,#5830,
    #5831,#5832,#5833,#5834,#5835));
#5823 = ORIENTED_EDGE('',*,*,#5084,.F.);
#5824 = ORIENTED_EDGE('',*,*,#4992,.T.);
#5825 = ORIENTED_EDGE('',*,*,#5711,.T.);
#5826 = ORIENTED_EDGE('',*,*,#4520,.T.);
#5827 = ORIENTED_EDGE('',*,*,#4280,.F.);
#5828 = ORIENTED_EDGE('',*,*,#4247,.F.);
#5829 = ORIENTED_EDGE('',*,*,#5702,.T.);
#5830 = ORIENTED_EDGE('',*,*,#4842,.T.);
#5831 = ORIENTED_EDGE('',*,*,#4586,.F.);
#5832 = ORIENTED_EDGE('',*,*,#4553,.F.);
#5833 = ORIENTED_EDGE('',*,*,#5693,.T.);
#5834 = ORIENTED_EDGE('',*,*,#5050,.F.);
#5835 = ORIENTED_EDGE('',*,*,#5092,.F.);
#5836 = FACE_BOUND('',#5837,.T.);
#5837 = EDGE_LOOP('',(#5838,#5839));
#5838 = ORIENTED_EDGE('',*,*,#5505,.F.);
#5839 = ORIENTED_EDGE('',*,*,#5488,.F.);
#5840 = CYLINDRICAL_SURFACE('',#5841,10.);
#5841 = AXIS2_PLACEMENT_3D('',#5842,#5843,#5844);
#5842 = CARTESIAN_POINT('',(4.,51.,13.));
#5843 = DIRECTION('',(1.,0.,0.));
#5844 = DIRECTION('',(0.,1.,0.));
#5845 = ADVANCED_FACE('',(#5846),#5865,.F.);
#5846 = FACE_BOUND('',#5847,.T.);
#5847 = EDGE_LOOP('',(#5848,#5856,#5863,#5864));
#5848 = ORIENTED_EDGE('',*,*,#5849,.T.);
#5849 = EDGE_CURVE('',#4867,#5850,#5852,.T.);
#5850 = VERTEX_POINT('',#5851);
#5851 = CARTESIAN_POINT('',(93.1,9.,5.));
#5852 = LINE('',#5853,#5854);
#5853 = CARTESIAN_POINT('',(93.1,9.,0.));
#5854 = VECTOR('',#5855,1.);
#5855 = DIRECTION('',(0.,0.,1.));
#5856 = ORIENTED_EDGE('',*,*,#5857,.T.);
#5857 = EDGE_CURVE('',#5850,#5850,#5858,.T.);
#5858 = CIRCLE('',#5859,2.35);
#5859 = AXIS2_PLACEMENT_3D('',#5860,#5861,#5862);
#5860 = CARTESIAN_POINT('',(90.75,9.,5.));
#5861 = DIRECTION('',(0.,0.,1.));
#5862 = DIRECTION('',(1.,0.,0.));
#5863 = ORIENTED_EDGE('',*,*,#5849,.F.);
#5864 = ORIENTED_EDGE('',*,*,#4876,.F.);
#5865 = CYLINDRICAL_SURFACE('',#5866,2.35);
#5866 = AXIS2_PLACEMENT_3D('',#5867,#5868,#5869);
#5867 = CARTESIAN_POINT('',(90.75,9.,0.));
#5868 = DIRECTION('',(-0.,-0.,-1.));
#5869 = DIRECTION('',(1.,0.,0.));
#5870 = ADVANCED_FACE('',(#5871),#5890,.F.);
#5871 = FACE_BOUND('',#5872,.T.);
#5872 = EDGE_LOOP('',(#5873,#5881,#5888,#5889));
#5873 = ORIENTED_EDGE('',*,*,#5874,.T.);
#5874 = EDGE_CURVE('',#4892,#5875,#5877,.T.);
#5875 = VERTEX_POINT('',#5876);
#5876 = CARTESIAN_POINT('',(24.6,9.,5.));
#5877 = LINE('',#5878,#5879);
#5878 = CARTESIAN_POINT('',(24.6,9.,0.));
#5879 = VECTOR('',#5880,1.);
#5880 = DIRECTION('',(0.,0.,1.));
#5881 = ORIENTED_EDGE('',*,*,#5882,.T.);
#5882 = EDGE_CURVE('',#5875,#5875,#5883,.T.);
#5883 = CIRCLE('',#5884,2.35);
#5884 = AXIS2_PLACEMENT_3D('',#5885,#5886,#5887);
#5885 = CARTESIAN_POINT('',(22.25,9.,5.));
#5886 = DIRECTION('',(0.,0.,1.));
#5887 = DIRECTION('',(1.,0.,0.));
#5888 = ORIENTED_EDGE('',*,*,#5874,.F.);
#5889 = ORIENTED_EDGE('',*,*,#4901,.F.);
#5890 = CYLINDRICAL_SURFACE('',#5891,2.35);
#5891 = AXIS2_PLACEMENT_3D('',#5892,#5893,#5894);
#5892 = CARTESIAN_POINT('',(22.25,9.,0.));
#5893 = DIRECTION('',(-0.,-0.,-1.));
#5894 = DIRECTION('',(1.,0.,0.));
#5895 = ADVANCED_FACE('',(#5896),#5915,.F.);
#5896 = FACE_BOUND('',#5897,.T.);
#5897 = EDGE_LOOP('',(#5898,#5906,#5913,#5914));
#5898 = ORIENTED_EDGE('',*,*,#5899,.T.);
#5899 = EDGE_CURVE('',#4917,#5900,#5902,.T.);
#5900 = VERTEX_POINT('',#5901);
#5901 = CARTESIAN_POINT('',(24.6,61.,5.));
#5902 = LINE('',#5903,#5904);
#5903 = CARTESIAN_POINT('',(24.6,61.,0.));
#5904 = VECTOR('',#5905,1.);
#5905 = DIRECTION('',(0.,0.,1.));
#5906 = ORIENTED_EDGE('',*,*,#5907,.T.);
#5907 = EDGE_CURVE('',#5900,#5900,#5908,.T.);
#5908 = CIRCLE('',#5909,2.35);
#5909 = AXIS2_PLACEMENT_3D('',#5910,#5911,#5912);
#5910 = CARTESIAN_POINT('',(22.25,61.,5.));
#5911 = DIRECTION('',(0.,0.,1.));
#5912 = DIRECTION('',(1.,0.,0.));
#5913 = ORIENTED_EDGE('',*,*,#5899,.F.);
#5914 = ORIENTED_EDGE('',*,*,#4926,.F.);
#5915 = CYLINDRICAL_SURFACE('',#5916,2.35);
#5916 = AXIS2_PLACEMENT_3D('',#5917,#5918,#5919);
#5917 = CARTESIAN_POINT('',(22.25,61.,0.));
#5918 = DIRECTION('',(-0.,-0.,-1.));
#5919 = DIRECTION('',(1.,0.,0.));
#5920 = ADVANCED_FACE('',(#5921),#5940,.F.);
#5921 = FACE_BOUND('',#5922,.T.);
#5922 = EDGE_LOOP('',(#5923,#5931,#5938,#5939));
#5923 = ORIENTED_EDGE('',*,*,#5924,.T.);
#5924 = EDGE_CURVE('',#4942,#5925,#5927,.T.);
#5925 = VERTEX_POINT('',#5926);
#5926 = CARTESIAN_POINT('',(93.1,61.,5.));
#5927 = LINE('',#5928,#5929);
#5928 = CARTESIAN_POINT('',(93.1,61.,0.));
#5929 = VECTOR('',#5930,1.);
#5930 = DIRECTION('',(0.,0.,1.));
#5931 = ORIENTED_EDGE('',*,*,#5932,.T.);
#5932 = EDGE_CURVE('',#5925,#5925,#5933,.T.);
#5933 = CIRCLE('',#5934,2.35);
#5934 = AXIS2_PLACEMENT_3D('',#5935,#5936,#5937);
#5935 = CARTESIAN_POINT('',(90.75,61.,5.));
#5936 = DIRECTION('',(0.,0.,1.));
#5937 = DIRECTION('',(1.,0.,0.));
#5938 = ORIENTED_EDGE('',*,*,#5924,.F.);
#5939 = ORIENTED_EDGE('',*,*,#4951,.F.);
#5940 = CYLINDRICAL_SURFACE('',#5941,2.35);
#5941 = AXIS2_PLACEMENT_3D('',#5942,#5943,#5944);
#5942 = CARTESIAN_POINT('',(90.75,61.,0.));
#5943 = DIRECTION('',(-0.,-0.,-1.));
#5944 = DIRECTION('',(1.,0.,0.));
#5945 = ADVANCED_FACE('',(#5946),#5971,.T.);
#5946 = FACE_BOUND('',#5947,.F.);
#5947 = EDGE_LOOP('',(#5948,#5956,#5957,#5965));
#5948 = ORIENTED_EDGE('',*,*,#5949,.F.);
#5949 = EDGE_CURVE('',#5109,#5950,#5952,.T.);
#5950 = VERTEX_POINT('',#5951);
#5951 = CARTESIAN_POINT('',(93.350000000001,67.5,12.8));
#5952 = LINE('',#5953,#5954);
#5953 = CARTESIAN_POINT('',(92.883333333334,67.966666666667,
    12.333333333333));
#5954 = VECTOR('',#5955,1.);
#5955 = DIRECTION('',(-0.57735026919,0.57735026919,-0.57735026919));
#5956 = ORIENTED_EDGE('',*,*,#5116,.T.);
#5957 = ORIENTED_EDGE('',*,*,#5958,.T.);
#5958 = EDGE_CURVE('',#5117,#5959,#5961,.T.);
#5959 = VERTEX_POINT('',#5960);
#5960 = CARTESIAN_POINT('',(90.150000000001,67.5,12.8));
#5961 = LINE('',#5962,#5963);
#5962 = CARTESIAN_POINT('',(90.216666666667,67.566666666667,
    12.733333333333));
#5963 = VECTOR('',#5964,1.);
#5964 = DIRECTION('',(0.57735026919,0.57735026919,-0.57735026919));
#5965 = ORIENTED_EDGE('',*,*,#5966,.F.);
#5966 = EDGE_CURVE('',#5950,#5959,#5967,.T.);
#5967 = LINE('',#5968,#5969);
#5968 = CARTESIAN_POINT('',(94.750000000001,67.5,12.8));
#5969 = VECTOR('',#5970,1.);
#5970 = DIRECTION('',(-1.,0.,0.));
#5971 = PLANE('',#5972);
#5972 = AXIS2_PLACEMENT_3D('',#5973,#5974,#5975);
#5973 = CARTESIAN_POINT('',(94.750000000001,66.8,13.5));
#5974 = DIRECTION('',(0.,0.707106781187,0.707106781187));
#5975 = DIRECTION('',(1.,0.,0.));
#5976 = ADVANCED_FACE('',(#5977),#5995,.T.);
#5977 = FACE_BOUND('',#5978,.F.);
#5978 = EDGE_LOOP('',(#5979,#5987,#5988,#5989));
#5979 = ORIENTED_EDGE('',*,*,#5980,.F.);
#5980 = EDGE_CURVE('',#5140,#5981,#5983,.T.);
#5981 = VERTEX_POINT('',#5982);
#5982 = CARTESIAN_POINT('',(93.350000000001,67.5,7.2));
#5983 = LINE('',#5984,#5985);
#5984 = CARTESIAN_POINT('',(93.283333333334,67.566666666667,
    7.266666666667));
#5985 = VECTOR('',#5986,1.);
#5986 = DIRECTION('',(-0.57735026919,0.57735026919,0.57735026919));
#5987 = ORIENTED_EDGE('',*,*,#5147,.T.);
#5988 = ORIENTED_EDGE('',*,*,#5949,.T.);
#5989 = ORIENTED_EDGE('',*,*,#5990,.F.);
#5990 = EDGE_CURVE('',#5981,#5950,#5991,.T.);
#5991 = LINE('',#5992,#5993);
#5992 = CARTESIAN_POINT('',(93.350000000001,67.5,5.8));
#5993 = VECTOR('',#5994,1.);
#5994 = DIRECTION('',(0.,2.2E-16,1.));
#5995 = PLANE('',#5996);
#5996 = AXIS2_PLACEMENT_3D('',#5997,#5998,#5999);
#5997 = CARTESIAN_POINT('',(94.050000000001,66.8,5.8));
#5998 = DIRECTION('',(0.707106781187,0.707106781187,0.));
#5999 = DIRECTION('',(1.1E-16,-1.1E-16,-1.));
#6000 = ADVANCED_FACE('',(#6001),#6019,.T.);
#6001 = FACE_BOUND('',#6002,.F.);
#6002 = EDGE_LOOP('',(#6003,#6011,#6012,#6013));
#6003 = ORIENTED_EDGE('',*,*,#6004,.F.);
#6004 = EDGE_CURVE('',#5164,#6005,#6007,.T.);
#6005 = VERTEX_POINT('',#6006);
#6006 = CARTESIAN_POINT('',(90.150000000001,67.5,7.2));
#6007 = LINE('',#6008,#6009);
#6008 = CARTESIAN_POINT('',(90.616666666667,67.966666666667,
    7.666666666667));
#6009 = VECTOR('',#6010,1.);
#6010 = DIRECTION('',(0.57735026919,0.57735026919,0.57735026919));
#6011 = ORIENTED_EDGE('',*,*,#5171,.T.);
#6012 = ORIENTED_EDGE('',*,*,#5980,.T.);
#6013 = ORIENTED_EDGE('',*,*,#6014,.F.);
#6014 = EDGE_CURVE('',#6005,#5981,#6015,.T.);
#6015 = LINE('',#6016,#6017);
#6016 = CARTESIAN_POINT('',(88.750000000001,67.5,7.2));
#6017 = VECTOR('',#6018,1.);
#6018 = DIRECTION('',(1.,0.,0.));
#6019 = PLANE('',#6020);
#6020 = AXIS2_PLACEMENT_3D('',#6021,#6022,#6023);
#6021 = CARTESIAN_POINT('',(88.750000000001,66.8,6.5));
#6022 = DIRECTION('',(0.,0.707106781187,-0.707106781187));
#6023 = DIRECTION('',(-1.,-0.,-0.));
#6024 = ADVANCED_FACE('',(#6025),#6036,.T.);
#6025 = FACE_BOUND('',#6026,.F.);
#6026 = EDGE_LOOP('',(#6027,#6028,#6029,#6030));
#6027 = ORIENTED_EDGE('',*,*,#5958,.F.);
#6028 = ORIENTED_EDGE('',*,*,#5188,.T.);
#6029 = ORIENTED_EDGE('',*,*,#6004,.T.);
#6030 = ORIENTED_EDGE('',*,*,#6031,.F.);
#6031 = EDGE_CURVE('',#5959,#6005,#6032,.T.);
#6032 = LINE('',#6033,#6034);
#6033 = CARTESIAN_POINT('',(90.150000000001,67.5,14.2));
#6034 = VECTOR('',#6035,1.);
#6035 = DIRECTION('',(0.,-2.2E-16,-1.));
#6036 = PLANE('',#6037);
#6037 = AXIS2_PLACEMENT_3D('',#6038,#6039,#6040);
#6038 = CARTESIAN_POINT('',(89.450000000001,66.8,14.2));
#6039 = DIRECTION('',(-0.707106781187,0.707106781187,0.));
#6040 = DIRECTION('',(1.1E-16,1.1E-16,1.));
#6041 = ADVANCED_FACE('',(#6042,#6053),#6056,.F.);
#6042 = FACE_BOUND('',#6043,.F.);
#6043 = EDGE_LOOP('',(#6044));
#6044 = ORIENTED_EDGE('',*,*,#6045,.F.);
#6045 = EDGE_CURVE('',#6046,#6046,#6048,.T.);
#6046 = VERTEX_POINT('',#6047);
#6047 = CARTESIAN_POINT('',(102.75,63.,10.));
#6048 = CIRCLE('',#6049,3.);
#6049 = AXIS2_PLACEMENT_3D('',#6050,#6051,#6052);
#6050 = CARTESIAN_POINT('',(99.75,63.,10.));
#6051 = DIRECTION('',(0.,-1.,0.));
#6052 = DIRECTION('',(1.,0.,0.));
#6053 = FACE_BOUND('',#6054,.F.);
#6054 = EDGE_LOOP('',(#6055));
#6055 = ORIENTED_EDGE('',*,*,#5204,.T.);
#6056 = PLANE('',#6057);
#6057 = AXIS2_PLACEMENT_3D('',#6058,#6059,#6060);
#6058 = CARTESIAN_POINT('',(56.5,63.,10.));
#6059 = DIRECTION('',(0.,1.,0.));
#6060 = DIRECTION('',(0.,0.,1.));
#6061 = ADVANCED_FACE('',(#6062),#6087,.T.);
#6062 = FACE_BOUND('',#6063,.F.);
#6063 = EDGE_LOOP('',(#6064,#6072,#6073,#6081));
#6064 = ORIENTED_EDGE('',*,*,#6065,.F.);
#6065 = EDGE_CURVE('',#5230,#6066,#6068,.T.);
#6066 = VERTEX_POINT('',#6067);
#6067 = CARTESIAN_POINT('',(109.35,67.5,12.8));
#6068 = LINE('',#6069,#6070);
#6069 = CARTESIAN_POINT('',(108.88333333333,67.966666666667,
    12.333333333333));
#6070 = VECTOR('',#6071,1.);
#6071 = DIRECTION('',(-0.57735026919,0.57735026919,-0.57735026919));
#6072 = ORIENTED_EDGE('',*,*,#5237,.T.);
#6073 = ORIENTED_EDGE('',*,*,#6074,.T.);
#6074 = EDGE_CURVE('',#5238,#6075,#6077,.T.);
#6075 = VERTEX_POINT('',#6076);
#6076 = CARTESIAN_POINT('',(106.15,67.5,12.8));
#6077 = LINE('',#6078,#6079);
#6078 = CARTESIAN_POINT('',(106.21666666666,67.566666666667,
    12.733333333333));
#6079 = VECTOR('',#6080,1.);
#6080 = DIRECTION('',(0.57735026919,0.57735026919,-0.57735026919));
#6081 = ORIENTED_EDGE('',*,*,#6082,.F.);
#6082 = EDGE_CURVE('',#6066,#6075,#6083,.T.);
#6083 = LINE('',#6084,#6085);
#6084 = CARTESIAN_POINT('',(110.75,67.5,12.8));
#6085 = VECTOR('',#6086,1.);
#6086 = DIRECTION('',(-1.,0.,0.));
#6087 = PLANE('',#6088);
#6088 = AXIS2_PLACEMENT_3D('',#6089,#6090,#6091);
#6089 = CARTESIAN_POINT('',(110.75,66.8,13.5));
#6090 = DIRECTION('',(0.,0.707106781187,0.707106781187));
#6091 = DIRECTION('',(1.,0.,0.));
#6092 = ADVANCED_FACE('',(#6093),#6111,.T.);
#6093 = FACE_BOUND('',#6094,.F.);
#6094 = EDGE_LOOP('',(#6095,#6103,#6104,#6105));
#6095 = ORIENTED_EDGE('',*,*,#6096,.F.);
#6096 = EDGE_CURVE('',#5261,#6097,#6099,.T.);
#6097 = VERTEX_POINT('',#6098);
#6098 = CARTESIAN_POINT('',(109.35,67.5,7.2));
#6099 = LINE('',#6100,#6101);
#6100 = CARTESIAN_POINT('',(109.28333333333,67.566666666667,
    7.266666666666));
#6101 = VECTOR('',#6102,1.);
#6102 = DIRECTION('',(-0.57735026919,0.57735026919,0.57735026919));
#6103 = ORIENTED_EDGE('',*,*,#5268,.T.);
#6104 = ORIENTED_EDGE('',*,*,#6065,.T.);
#6105 = ORIENTED_EDGE('',*,*,#6106,.F.);
#6106 = EDGE_CURVE('',#6097,#6066,#6107,.T.);
#6107 = LINE('',#6108,#6109);
#6108 = CARTESIAN_POINT('',(109.35,67.5,5.8));
#6109 = VECTOR('',#6110,1.);
#6110 = DIRECTION('',(0.,2.2E-16,1.));
#6111 = PLANE('',#6112);
#6112 = AXIS2_PLACEMENT_3D('',#6113,#6114,#6115);
#6113 = CARTESIAN_POINT('',(110.05,66.8,5.8));
#6114 = DIRECTION('',(0.707106781187,0.707106781187,0.));
#6115 = DIRECTION('',(1.1E-16,-1.1E-16,-1.));
#6116 = ADVANCED_FACE('',(#6117),#6135,.T.);
#6117 = FACE_BOUND('',#6118,.F.);
#6118 = EDGE_LOOP('',(#6119,#6127,#6128,#6129));
#6119 = ORIENTED_EDGE('',*,*,#6120,.F.);
#6120 = EDGE_CURVE('',#5285,#6121,#6123,.T.);
#6121 = VERTEX_POINT('',#6122);
#6122 = CARTESIAN_POINT('',(106.15,67.5,7.2));
#6123 = LINE('',#6124,#6125);
#6124 = CARTESIAN_POINT('',(106.61666666666,67.966666666667,
    7.666666666666));
#6125 = VECTOR('',#6126,1.);
#6126 = DIRECTION('',(0.57735026919,0.57735026919,0.57735026919));
#6127 = ORIENTED_EDGE('',*,*,#5292,.T.);
#6128 = ORIENTED_EDGE('',*,*,#6096,.T.);
#6129 = ORIENTED_EDGE('',*,*,#6130,.F.);
#6130 = EDGE_CURVE('',#6121,#6097,#6131,.T.);
#6131 = LINE('',#6132,#6133);
#6132 = CARTESIAN_POINT('',(104.75,67.5,7.2));
#6133 = VECTOR('',#6134,1.);
#6134 = DIRECTION('',(1.,0.,0.));
#6135 = PLANE('',#6136);
#6136 = AXIS2_PLACEMENT_3D('',#6137,#6138,#6139);
#6137 = CARTESIAN_POINT('',(104.75,66.8,6.5));
#6138 = DIRECTION('',(0.,0.707106781187,-0.707106781187));
#6139 = DIRECTION('',(-1.,-0.,-0.));
#6140 = ADVANCED_FACE('',(#6141),#6152,.T.);
#6141 = FACE_BOUND('',#6142,.F.);
#6142 = EDGE_LOOP('',(#6143,#6144,#6145,#6146));
#6143 = ORIENTED_EDGE('',*,*,#6074,.F.);
#6144 = ORIENTED_EDGE('',*,*,#5309,.T.);
#6145 = ORIENTED_EDGE('',*,*,#6120,.T.);
#6146 = ORIENTED_EDGE('',*,*,#6147,.F.);
#6147 = EDGE_CURVE('',#6075,#6121,#6148,.T.);
#6148 = LINE('',#6149,#6150);
#6149 = CARTESIAN_POINT('',(106.15,67.5,14.2));
#6150 = VECTOR('',#6151,1.);
#6151 = DIRECTION('',(0.,-2.2E-16,-1.));
#6152 = PLANE('',#6153);
#6153 = AXIS2_PLACEMENT_3D('',#6154,#6155,#6156);
#6154 = CARTESIAN_POINT('',(105.45,66.8,14.2));
#6155 = DIRECTION('',(-0.707106781187,0.707106781187,0.));
#6156 = DIRECTION('',(1.1E-16,1.1E-16,1.));
#6157 = ADVANCED_FACE('',(#6158),#6170,.F.);
#6158 = FACE_BOUND('',#6159,.T.);
#6159 = EDGE_LOOP('',(#6160,#6161,#6167,#6168,#6169));
#6160 = ORIENTED_EDGE('',*,*,#6045,.F.);
#6161 = ORIENTED_EDGE('',*,*,#6162,.T.);
#6162 = EDGE_CURVE('',#6046,#5751,#6163,.T.);
#6163 = LINE('',#6164,#6165);
#6164 = CARTESIAN_POINT('',(102.75,63.,10.));
#6165 = VECTOR('',#6166,1.);
#6166 = DIRECTION('',(-0.,-1.,-0.));
#6167 = ORIENTED_EDGE('',*,*,#5799,.T.);
#6168 = ORIENTED_EDGE('',*,*,#5750,.T.);
#6169 = ORIENTED_EDGE('',*,*,#6162,.F.);
#6170 = CYLINDRICAL_SURFACE('',#6171,3.);
#6171 = AXIS2_PLACEMENT_3D('',#6172,#6173,#6174);
#6172 = CARTESIAN_POINT('',(99.75,63.,10.));
#6173 = DIRECTION('',(0.,1.,-2.2E-16));
#6174 = DIRECTION('',(1.,0.,0.));
#6175 = ADVANCED_FACE('',(#6176),#6179,.F.);
#6176 = FACE_BOUND('',#6177,.F.);
#6177 = EDGE_LOOP('',(#6178));
#6178 = ORIENTED_EDGE('',*,*,#5857,.T.);
#6179 = PLANE('',#6180);
#6180 = AXIS2_PLACEMENT_3D('',#6181,#6182,#6183);
#6181 = CARTESIAN_POINT('',(56.5,35.,5.));
#6182 = DIRECTION('',(0.,0.,1.));
#6183 = DIRECTION('',(1.,0.,0.));
#6184 = ADVANCED_FACE('',(#6185),#6188,.F.);
#6185 = FACE_BOUND('',#6186,.F.);
#6186 = EDGE_LOOP('',(#6187));
#6187 = ORIENTED_EDGE('',*,*,#5882,.T.);
#6188 = PLANE('',#6189);
#6189 = AXIS2_PLACEMENT_3D('',#6190,#6191,#6192);
#6190 = CARTESIAN_POINT('',(56.5,35.,5.));
#6191 = DIRECTION('',(0.,0.,1.));
#6192 = DIRECTION('',(1.,0.,0.));
#6193 = ADVANCED_FACE('',(#6194),#6197,.F.);
#6194 = FACE_BOUND('',#6195,.F.);
#6195 = EDGE_LOOP('',(#6196));
#6196 = ORIENTED_EDGE('',*,*,#5907,.T.);
#6197 = PLANE('',#6198);
#6198 = AXIS2_PLACEMENT_3D('',#6199,#6200,#6201);
#6199 = CARTESIAN_POINT('',(56.5,35.,5.));
#6200 = DIRECTION('',(0.,0.,1.));
#6201 = DIRECTION('',(1.,0.,0.));
#6202 = ADVANCED_FACE('',(#6203),#6206,.F.);
#6203 = FACE_BOUND('',#6204,.F.);
#6204 = EDGE_LOOP('',(#6205));
#6205 = ORIENTED_EDGE('',*,*,#5932,.T.);
#6206 = PLANE('',#6207);
#6207 = AXIS2_PLACEMENT_3D('',#6208,#6209,#6210);
#6208 = CARTESIAN_POINT('',(56.5,35.,5.));
#6209 = DIRECTION('',(0.,0.,1.));
#6210 = DIRECTION('',(1.,0.,0.));
#6211 = ADVANCED_FACE('',(#6212),#6218,.T.);
#6212 = FACE_BOUND('',#6213,.T.);
#6213 = EDGE_LOOP('',(#6214,#6215,#6216,#6217));
#6214 = ORIENTED_EDGE('',*,*,#5966,.F.);
#6215 = ORIENTED_EDGE('',*,*,#5990,.F.);
#6216 = ORIENTED_EDGE('',*,*,#6014,.F.);
#6217 = ORIENTED_EDGE('',*,*,#6031,.F.);
#6218 = PLANE('',#6219);
#6219 = AXIS2_PLACEMENT_3D('',#6220,#6221,#6222);
#6220 = CARTESIAN_POINT('',(56.5,67.5,10.));
#6221 = DIRECTION('',(0.,1.,0.));
#6222 = DIRECTION('',(0.,0.,1.));
#6223 = ADVANCED_FACE('',(#6224),#6230,.T.);
#6224 = FACE_BOUND('',#6225,.T.);
#6225 = EDGE_LOOP('',(#6226,#6227,#6228,#6229));
#6226 = ORIENTED_EDGE('',*,*,#6082,.F.);
#6227 = ORIENTED_EDGE('',*,*,#6106,.F.);
#6228 = ORIENTED_EDGE('',*,*,#6130,.F.);
#6229 = ORIENTED_EDGE('',*,*,#6147,.F.);
#6230 = PLANE('',#6231);
#6231 = AXIS2_PLACEMENT_3D('',#6232,#6233,#6234);
#6232 = CARTESIAN_POINT('',(56.5,67.5,10.));
#6233 = DIRECTION('',(0.,1.,0.));
#6234 = DIRECTION('',(0.,0.,1.));
#6235 = ( GEOMETRIC_REPRESENTATION_CONTEXT(3) 
GLOBAL_UNCERTAINTY_ASSIGNED_CONTEXT((#6239)) 
GLOBAL_UNIT_ASSIGNED_CONTEXT((#6236,#6237,#6238)) REPRESENTATION_CONTEXT
('Context #1','3D Context with UNIT and UNCERTAINTY') );
#6236 = ( LENGTH_UNIT() NAMED_UNIT(*) SI_UNIT(.MILLI.,.METRE.) );
#6237 = ( NAMED_UNIT(*) PLANE_ANGLE_UNIT() SI_UNIT($,.RADIAN.) );
#6238 = ( NAMED_UNIT(*) SI_UNIT($,.STERADIAN.) SOLID_ANGLE_UNIT() );
#6239 = UNCERTAINTY_MEASURE_WITH_UNIT(LENGTH_MEASURE(2.E-05),#6236,
  'distance_accuracy_value','confusion accuracy');
#6240 = PRODUCT_RELATED_PRODUCT_CATEGORY('part',$,(#7));
#6241 = MECHANICAL_DESIGN_GEOMETRIC_PRESENTATION_REPRESENTATION('',(
    #6242),#6235);
#6242 = STYLED_ITEM('color',(#6243),#15);
#6243 = PRESENTATION_STYLE_ASSIGNMENT((#6244,#6250));
#6244 = SURFACE_STYLE_USAGE(.BOTH.,#6245);
#6245 = SURFACE_SIDE_STYLE('',(#6246));
#6246 = SURFACE_STYLE_FILL_AREA(#6247);
#6247 = FILL_AREA_STYLE('',(#6248));
#6248 = FILL_AREA_STYLE_COLOUR('',#6249);
#6249 = COLOUR_RGB('',0.666666687201,0.333333345507,0.);
#6250 = CURVE_STYLE('',#6251,POSITIVE_LENGTH_MEASURE(0.1),#6252);
#6251 = DRAUGHTING_PRE_DEFINED_CURVE_FONT('continuous');
#6252 = COLOUR_RGB('',9.803921802644E-02,9.803921802644E-02,
  9.803921802644E-02);
ENDSEC;
END-ISO-10303-21;
