ISO-10303-21;
HEADER;
FILE_DESCRIPTION(('FreeCAD Model'),'2;1');
FILE_NAME('Open CASCADE Shape Model','2026-07-15T18:29:33',(''),(''),
  'Open CASCADE STEP processor 7.8','FreeCAD','Unknown');
FILE_SCHEMA(('AUTOMOTIVE_DESIGN { 1 0 10303 214 1 1 1 1 }'));
ENDSEC;
DATA;
#1 = APPLICATION_PROTOCOL_DEFINITION('international standard',
  'automotive_design',2000,#2);
#2 = APPLICATION_CONTEXT(
  'core data for automotive mechanical design processes');
#3 = SHAPE_DEFINITION_REPRESENTATION(#4,#10);
#4 = PRODUCT_DEFINITION_SHAPE('','',#5);
#5 = PRODUCT_DEFINITION('design','',#6,#9);
#6 = PRODUCT_DEFINITION_FORMATION('','',#7);
#7 = PRODUCT('MkII-RightSideRear','MkII-RightSideRear','',(#8));
#8 = PRODUCT_CONTEXT('',#2,'mechanical');
#9 = PRODUCT_DEFINITION_CONTEXT('part definition',#2,'design');
#10 = ADVANCED_BREP_SHAPE_REPRESENTATION('',(#11,#15),#14432);
#11 = AXIS2_PLACEMENT_3D('',#12,#13,#14);
#12 = CARTESIAN_POINT('',(0.,0.,0.));
#13 = DIRECTION('',(0.,0.,1.));
#14 = DIRECTION('',(1.,0.,-0.));
#15 = MANIFOLD_SOLID_BREP('',#16);
#16 = CLOSED_SHELL('',(#17,#181,#228,#259,#453,#477,#508,#532,#556,#573,
    #604,#628,#652,#669,#694,#719,#750,#774,#798,#815,#891,#915,#973,
    #990,#2090,#2107,#2139,#2182,#2206,#2230,#2254,#2279,#2304,#2328,
    #2352,#2377,#2402,#2419,#2444,#2468,#2493,#2517,#2542,#2566,#2591,
    #2610,#2641,#2665,#2689,#2706,#2737,#2761,#2785,#2802,#2822,#2842,
    #2873,#2897,#2921,#2938,#2955,#3029,#3103,#3128,#3145,#3162,#3179,
    #3196,#3213,#3230,#3247,#3259,#3299,#3324,#3597,#3623,#3663,#3688,
    #3961,#3987,#4027,#4052,#4325,#4351,#4391,#4416,#4689,#4715,#4755,
    #4780,#5053,#5079,#5119,#5144,#5417,#5443,#5483,#5508,#5781,#5807,
    #5847,#5872,#6145,#6171,#6211,#6236,#6519,#6545,#6585,#6610,#6898,
    #6924,#6964,#6989,#7262,#7288,#7328,#7353,#7626,#7652,#7692,#7717,
    #8000,#8026,#8066,#8091,#8284,#8310,#8350,#8623,#8648,#8674,#8714,
    #8987,#9012,#9038,#9078,#9351,#9376,#9402,#9442,#9715,#9740,#9766,
    #9806,#10079,#10104,#10130,#10170,#10443,#10468,#10494,#10534,#10807
    ,#10832,#10858,#10898,#11171,#11196,#11222,#11262,#11545,#11570,
    #11596,#11636,#11914,#11939,#11965,#12005,#12278,#12303,#12329,
    #12369,#12647,#12672,#12698,#12738,#13021,#13046,#13072,#13112,
    #13330,#13355,#13381,#13431,#13455,#13489,#13529,#13554,#13579,
    #13665,#13689,#13722,#13747,#13772,#13789,#13801,#13813,#13895,
    #13977,#13989,#14138,#14147,#14352));
#17 = ADVANCED_FACE('',(#18,#52,#86,#120,#131,#142),#176,.T.);
#18 = FACE_BOUND('',#19,.F.);
#19 = EDGE_LOOP('',(#20,#30,#38,#46));
#20 = ORIENTED_EDGE('',*,*,#21,.T.);
#21 = EDGE_CURVE('',#22,#24,#26,.T.);
#22 = VERTEX_POINT('',#23);
#23 = CARTESIAN_POINT('',(0.,66.,0.4));
#24 = VERTEX_POINT('',#25);
#25 = CARTESIAN_POINT('',(0.,66.,20.));
#26 = LINE('',#27,#28);
#27 = CARTESIAN_POINT('',(0.,66.,0.));
#28 = VECTOR('',#29,1.);
#29 = DIRECTION('',(0.,0.,1.));
#30 = ORIENTED_EDGE('',*,*,#31,.T.);
#31 = EDGE_CURVE('',#24,#32,#34,.T.);
#32 = VERTEX_POINT('',#33);
#33 = CARTESIAN_POINT('',(-100.5,66.,20.));
#34 = LINE('',#35,#36);
#35 = CARTESIAN_POINT('',(0.,66.,20.));
#36 = VECTOR('',#37,1.);
#37 = DIRECTION('',(-1.,-0.,-0.));
#38 = ORIENTED_EDGE('',*,*,#39,.F.);
#39 = EDGE_CURVE('',#40,#32,#42,.T.);
#40 = VERTEX_POINT('',#41);
#41 = CARTESIAN_POINT('',(-100.5,66.,0.4));
#42 = LINE('',#43,#44);
#43 = CARTESIAN_POINT('',(-100.5,66.,0.));
#44 = VECTOR('',#45,1.);
#45 = DIRECTION('',(0.,0.,1.));
#46 = ORIENTED_EDGE('',*,*,#47,.F.);
#47 = EDGE_CURVE('',#22,#40,#48,.T.);
#48 = LINE('',#49,#50);
#49 = CARTESIAN_POINT('',(0.,66.,0.4));
#50 = VECTOR('',#51,1.);
#51 = DIRECTION('',(-1.,-0.,-0.));
#52 = FACE_BOUND('',#53,.F.);
#53 = EDGE_LOOP('',(#54,#64,#72,#80));
#54 = ORIENTED_EDGE('',*,*,#55,.T.);
#55 = EDGE_CURVE('',#56,#58,#60,.T.);
#56 = VERTEX_POINT('',#57);
#57 = CARTESIAN_POINT('',(-5.,66.,14.2));
#58 = VERTEX_POINT('',#59);
#59 = CARTESIAN_POINT('',(-5.,66.,5.8));
#60 = LINE('',#61,#62);
#61 = CARTESIAN_POINT('',(-5.,66.,14.2));
#62 = VECTOR('',#63,1.);
#63 = DIRECTION('',(-0.,0.,-1.));
#64 = ORIENTED_EDGE('',*,*,#65,.T.);
#65 = EDGE_CURVE('',#58,#66,#68,.T.);
#66 = VERTEX_POINT('',#67);
#67 = CARTESIAN_POINT('',(-15.1,66.,5.8));
#68 = LINE('',#69,#70);
#69 = CARTESIAN_POINT('',(-5.,66.,5.8));
#70 = VECTOR('',#71,1.);
#71 = DIRECTION('',(-1.,0.,-0.));
#72 = ORIENTED_EDGE('',*,*,#73,.T.);
#73 = EDGE_CURVE('',#66,#74,#76,.T.);
#74 = VERTEX_POINT('',#75);
#75 = CARTESIAN_POINT('',(-15.1,66.,14.2));
#76 = LINE('',#77,#78);
#77 = CARTESIAN_POINT('',(-15.1,66.,5.8));
#78 = VECTOR('',#79,1.);
#79 = DIRECTION('',(0.,0.,1.));
#80 = ORIENTED_EDGE('',*,*,#81,.T.);
#81 = EDGE_CURVE('',#74,#56,#82,.T.);
#82 = LINE('',#83,#84);
#83 = CARTESIAN_POINT('',(-15.1,66.,14.2));
#84 = VECTOR('',#85,1.);
#85 = DIRECTION('',(1.,0.,0.));
#86 = FACE_BOUND('',#87,.F.);
#87 = EDGE_LOOP('',(#88,#98,#106,#114));
#88 = ORIENTED_EDGE('',*,*,#89,.T.);
#89 = EDGE_CURVE('',#90,#92,#94,.T.);
#90 = VERTEX_POINT('',#91);
#91 = CARTESIAN_POINT('',(-75.4,66.,14.2));
#92 = VERTEX_POINT('',#93);
#93 = CARTESIAN_POINT('',(-25.1,66.,14.2));
#94 = LINE('',#95,#96);
#95 = CARTESIAN_POINT('',(-75.4,66.,14.2));
#96 = VECTOR('',#97,1.);
#97 = DIRECTION('',(1.,0.,0.));
#98 = ORIENTED_EDGE('',*,*,#99,.T.);
#99 = EDGE_CURVE('',#92,#100,#102,.T.);
#100 = VERTEX_POINT('',#101);
#101 = CARTESIAN_POINT('',(-25.1,66.,5.8));
#102 = LINE('',#103,#104);
#103 = CARTESIAN_POINT('',(-25.1,66.,14.2));
#104 = VECTOR('',#105,1.);
#105 = DIRECTION('',(-0.,0.,-1.));
#106 = ORIENTED_EDGE('',*,*,#107,.T.);
#107 = EDGE_CURVE('',#100,#108,#110,.T.);
#108 = VERTEX_POINT('',#109);
#109 = CARTESIAN_POINT('',(-75.4,66.,5.8));
#110 = LINE('',#111,#112);
#111 = CARTESIAN_POINT('',(-25.1,66.,5.8));
#112 = VECTOR('',#113,1.);
#113 = DIRECTION('',(-1.,0.,-0.));
#114 = ORIENTED_EDGE('',*,*,#115,.T.);
#115 = EDGE_CURVE('',#108,#90,#116,.T.);
#116 = LINE('',#117,#118);
#117 = CARTESIAN_POINT('',(-75.4,66.,5.8));
#118 = VECTOR('',#119,1.);
#119 = DIRECTION('',(0.,0.,1.));
#120 = FACE_BOUND('',#121,.F.);
#121 = EDGE_LOOP('',(#122));
#122 = ORIENTED_EDGE('',*,*,#123,.T.);
#123 = EDGE_CURVE('',#124,#124,#126,.T.);
#124 = VERTEX_POINT('',#125);
#125 = CARTESIAN_POINT('',(-21.8,66.,10.));
#126 = CIRCLE('',#127,1.7);
#127 = AXIS2_PLACEMENT_3D('',#128,#129,#130);
#128 = CARTESIAN_POINT('',(-20.1,66.,10.));
#129 = DIRECTION('',(0.,1.,-2.2E-16));
#130 = DIRECTION('',(-1.,0.,0.));
#131 = FACE_BOUND('',#132,.F.);
#132 = EDGE_LOOP('',(#133));
#133 = ORIENTED_EDGE('',*,*,#134,.T.);
#134 = EDGE_CURVE('',#135,#135,#137,.T.);
#135 = VERTEX_POINT('',#136);
#136 = CARTESIAN_POINT('',(-82.1,66.,10.));
#137 = CIRCLE('',#138,1.7);
#138 = AXIS2_PLACEMENT_3D('',#139,#140,#141);
#139 = CARTESIAN_POINT('',(-80.4,66.,10.));
#140 = DIRECTION('',(0.,1.,-2.2E-16));
#141 = DIRECTION('',(-1.,0.,0.));
#142 = FACE_BOUND('',#143,.F.);
#143 = EDGE_LOOP('',(#144,#154,#162,#170));
#144 = ORIENTED_EDGE('',*,*,#145,.T.);
#145 = EDGE_CURVE('',#146,#148,#150,.T.);
#146 = VERTEX_POINT('',#147);
#147 = CARTESIAN_POINT('',(-85.4,66.,14.2));
#148 = VERTEX_POINT('',#149);
#149 = CARTESIAN_POINT('',(-85.4,66.,5.8));
#150 = LINE('',#151,#152);
#151 = CARTESIAN_POINT('',(-85.4,66.,14.2));
#152 = VECTOR('',#153,1.);
#153 = DIRECTION('',(-0.,0.,-1.));
#154 = ORIENTED_EDGE('',*,*,#155,.T.);
#155 = EDGE_CURVE('',#148,#156,#158,.T.);
#156 = VERTEX_POINT('',#157);
#157 = CARTESIAN_POINT('',(-95.5,66.,5.8));
#158 = LINE('',#159,#160);
#159 = CARTESIAN_POINT('',(-85.4,66.,5.8));
#160 = VECTOR('',#161,1.);
#161 = DIRECTION('',(-1.,0.,-0.));
#162 = ORIENTED_EDGE('',*,*,#163,.T.);
#163 = EDGE_CURVE('',#156,#164,#166,.T.);
#164 = VERTEX_POINT('',#165);
#165 = CARTESIAN_POINT('',(-95.5,66.,14.2));
#166 = LINE('',#167,#168);
#167 = CARTESIAN_POINT('',(-95.5,66.,5.8));
#168 = VECTOR('',#169,1.);
#169 = DIRECTION('',(0.,0.,1.));
#170 = ORIENTED_EDGE('',*,*,#171,.T.);
#171 = EDGE_CURVE('',#164,#146,#172,.T.);
#172 = LINE('',#173,#174);
#173 = CARTESIAN_POINT('',(-95.5,66.,14.2));
#174 = VECTOR('',#175,1.);
#175 = DIRECTION('',(1.,0.,0.));
#176 = PLANE('',#177);
#177 = AXIS2_PLACEMENT_3D('',#178,#179,#180);
#178 = CARTESIAN_POINT('',(0.,66.,0.));
#179 = DIRECTION('',(0.,1.,0.));
#180 = DIRECTION('',(1.,0.,0.));
#181 = ADVANCED_FACE('',(#182),#223,.T.);
#182 = FACE_BOUND('',#183,.F.);
#183 = EDGE_LOOP('',(#184,#194,#202,#210,#216,#217));
#184 = ORIENTED_EDGE('',*,*,#185,.T.);
#185 = EDGE_CURVE('',#186,#188,#190,.T.);
#186 = VERTEX_POINT('',#187);
#187 = CARTESIAN_POINT('',(0.,4.,0.4));
#188 = VERTEX_POINT('',#189);
#189 = CARTESIAN_POINT('',(0.,4.,8.987407973032));
#190 = LINE('',#191,#192);
#191 = CARTESIAN_POINT('',(0.,4.,0.));
#192 = VECTOR('',#193,1.);
#193 = DIRECTION('',(0.,0.,1.));
#194 = ORIENTED_EDGE('',*,*,#195,.T.);
#195 = EDGE_CURVE('',#188,#196,#198,.T.);
#196 = VERTEX_POINT('',#197);
#197 = CARTESIAN_POINT('',(0.,0.,14.7));
#198 = LINE('',#199,#200);
#199 = CARTESIAN_POINT('',(0.,4.,8.987407973032));
#200 = VECTOR('',#201,1.);
#201 = DIRECTION('',(0.,-0.573576436351,0.819152044289));
#202 = ORIENTED_EDGE('',*,*,#203,.T.);
#203 = EDGE_CURVE('',#196,#204,#206,.T.);
#204 = VERTEX_POINT('',#205);
#205 = CARTESIAN_POINT('',(0.,0.,20.));
#206 = LINE('',#207,#208);
#207 = CARTESIAN_POINT('',(0.,0.,0.));
#208 = VECTOR('',#209,1.);
#209 = DIRECTION('',(0.,0.,1.));
#210 = ORIENTED_EDGE('',*,*,#211,.T.);
#211 = EDGE_CURVE('',#204,#24,#212,.T.);
#212 = LINE('',#213,#214);
#213 = CARTESIAN_POINT('',(0.,0.,20.));
#214 = VECTOR('',#215,1.);
#215 = DIRECTION('',(0.,1.,0.));
#216 = ORIENTED_EDGE('',*,*,#21,.F.);
#217 = ORIENTED_EDGE('',*,*,#218,.F.);
#218 = EDGE_CURVE('',#186,#22,#219,.T.);
#219 = LINE('',#220,#221);
#220 = CARTESIAN_POINT('',(0.,4.,0.4));
#221 = VECTOR('',#222,1.);
#222 = DIRECTION('',(-0.,1.,-0.));
#223 = PLANE('',#224);
#224 = AXIS2_PLACEMENT_3D('',#225,#226,#227);
#225 = CARTESIAN_POINT('',(0.,0.,0.));
#226 = DIRECTION('',(1.,0.,0.));
#227 = DIRECTION('',(0.,-1.,0.));
#228 = ADVANCED_FACE('',(#229),#254,.T.);
#229 = FACE_BOUND('',#230,.F.);
#230 = EDGE_LOOP('',(#231,#239,#240,#248));
#231 = ORIENTED_EDGE('',*,*,#232,.F.);
#232 = EDGE_CURVE('',#22,#233,#235,.T.);
#233 = VERTEX_POINT('',#234);
#234 = CARTESIAN_POINT('',(-0.4,65.6,0.));
#235 = LINE('',#236,#237);
#236 = CARTESIAN_POINT('',(-10.46666666666,55.533333333333,
    -10.06666666666));
#237 = VECTOR('',#238,1.);
#238 = DIRECTION('',(-0.57735026919,-0.57735026919,-0.57735026919));
#239 = ORIENTED_EDGE('',*,*,#47,.T.);
#240 = ORIENTED_EDGE('',*,*,#241,.T.);
#241 = EDGE_CURVE('',#40,#242,#244,.T.);
#242 = VERTEX_POINT('',#243);
#243 = CARTESIAN_POINT('',(-100.1,65.6,2.E-15));
#244 = LINE('',#245,#246);
#245 = CARTESIAN_POINT('',(-83.61666666666,49.116666666667,
    -16.48333333333));
#246 = VECTOR('',#247,1.);
#247 = DIRECTION('',(0.57735026919,-0.57735026919,-0.57735026919));
#248 = ORIENTED_EDGE('',*,*,#249,.F.);
#249 = EDGE_CURVE('',#233,#242,#250,.T.);
#250 = LINE('',#251,#252);
#251 = CARTESIAN_POINT('',(0.,65.6,0.));
#252 = VECTOR('',#253,1.);
#253 = DIRECTION('',(-1.,-0.,-0.));
#254 = PLANE('',#255);
#255 = AXIS2_PLACEMENT_3D('',#256,#257,#258);
#256 = CARTESIAN_POINT('',(0.,65.8,0.2));
#257 = DIRECTION('',(0.,0.707106781187,-0.707106781187));
#258 = DIRECTION('',(1.,-0.,0.));
#259 = ADVANCED_FACE('',(#260,#362),#448,.T.);
#260 = FACE_BOUND('',#261,.F.);
#261 = EDGE_LOOP('',(#262,#272,#280,#288,#297,#305,#314,#322,#331,#339,
    #348,#356));
#262 = ORIENTED_EDGE('',*,*,#263,.T.);
#263 = EDGE_CURVE('',#264,#266,#268,.T.);
#264 = VERTEX_POINT('',#265);
#265 = CARTESIAN_POINT('',(-3.,5.,20.));
#266 = VERTEX_POINT('',#267);
#267 = CARTESIAN_POINT('',(-3.,62.,20.));
#268 = LINE('',#269,#270);
#269 = CARTESIAN_POINT('',(-3.,5.,20.));
#270 = VECTOR('',#271,1.);
#271 = DIRECTION('',(0.,1.,0.));
#272 = ORIENTED_EDGE('',*,*,#273,.T.);
#273 = EDGE_CURVE('',#266,#274,#276,.T.);
#274 = VERTEX_POINT('',#275);
#275 = CARTESIAN_POINT('',(-97.5,62.,20.));
#276 = LINE('',#277,#278);
#277 = CARTESIAN_POINT('',(-4.,62.,20.));
#278 = VECTOR('',#279,1.);
#279 = DIRECTION('',(-1.,-0.,-0.));
#280 = ORIENTED_EDGE('',*,*,#281,.T.);
#281 = EDGE_CURVE('',#274,#282,#284,.T.);
#282 = VERTEX_POINT('',#283);
#283 = CARTESIAN_POINT('',(-97.5,58.076061575154,20.));
#284 = LINE('',#285,#286);
#285 = CARTESIAN_POINT('',(-97.5,61.,20.));
#286 = VECTOR('',#287,1.);
#287 = DIRECTION('',(-0.,-1.,-0.));
#288 = ORIENTED_EDGE('',*,*,#289,.T.);
#289 = EDGE_CURVE('',#282,#290,#292,.T.);
#290 = VERTEX_POINT('',#291);
#291 = CARTESIAN_POINT('',(-100.5,52.879909152447,20.));
#292 = CIRCLE('',#293,6.);
#293 = AXIS2_PLACEMENT_3D('',#294,#295,#296);
#294 = CARTESIAN_POINT('',(-103.5,58.076061575154,20.));
#295 = DIRECTION('',(0.,0.,-1.));
#296 = DIRECTION('',(1.,0.,0.));
#297 = ORIENTED_EDGE('',*,*,#298,.T.);
#298 = EDGE_CURVE('',#290,#299,#301,.T.);
#299 = VERTEX_POINT('',#300);
#300 = CARTESIAN_POINT('',(-108.5,48.26110699893,20.));
#301 = LINE('',#302,#303);
#302 = CARTESIAN_POINT('',(-100.5,52.879909152447,20.));
#303 = VECTOR('',#304,1.);
#304 = DIRECTION('',(-0.866025403784,-0.5,-0.));
#305 = ORIENTED_EDGE('',*,*,#306,.T.);
#306 = EDGE_CURVE('',#299,#307,#309,.T.);
#307 = VERTEX_POINT('',#308);
#308 = CARTESIAN_POINT('',(-110.,45.663030787577,20.));
#309 = CIRCLE('',#310,3.);
#310 = AXIS2_PLACEMENT_3D('',#311,#312,#313);
#311 = CARTESIAN_POINT('',(-107.,45.663030787577,20.));
#312 = DIRECTION('',(0.,0.,1.));
#313 = DIRECTION('',(-0.5,0.866025403784,0.));
#314 = ORIENTED_EDGE('',*,*,#315,.T.);
#315 = EDGE_CURVE('',#307,#316,#318,.T.);
#316 = VERTEX_POINT('',#317);
#317 = CARTESIAN_POINT('',(-110.,36.413030787577,20.));
#318 = LINE('',#319,#320);
#319 = CARTESIAN_POINT('',(-110.,45.663030787577,20.));
#320 = VECTOR('',#321,1.);
#321 = DIRECTION('',(-0.,-1.,-0.));
#322 = ORIENTED_EDGE('',*,*,#323,.T.);
#323 = EDGE_CURVE('',#316,#324,#326,.T.);
#324 = VERTEX_POINT('',#325);
#325 = CARTESIAN_POINT('',(-108.5,33.814954576224,20.));
#326 = CIRCLE('',#327,3.);
#327 = AXIS2_PLACEMENT_3D('',#328,#329,#330);
#328 = CARTESIAN_POINT('',(-107.,36.413030787577,20.));
#329 = DIRECTION('',(0.,0.,1.));
#330 = DIRECTION('',(-1.,0.,0.));
#331 = ORIENTED_EDGE('',*,*,#332,.T.);
#332 = EDGE_CURVE('',#324,#333,#335,.T.);
#333 = VERTEX_POINT('',#334);
#334 = CARTESIAN_POINT('',(-100.5,29.196152422707,20.));
#335 = LINE('',#336,#337);
#336 = CARTESIAN_POINT('',(-108.5,33.814954576224,20.));
#337 = VECTOR('',#338,1.);
#338 = DIRECTION('',(0.866025403784,-0.5,0.));
#339 = ORIENTED_EDGE('',*,*,#340,.T.);
#340 = EDGE_CURVE('',#333,#341,#343,.T.);
#341 = VERTEX_POINT('',#342);
#342 = CARTESIAN_POINT('',(-97.5,24.,20.));
#343 = CIRCLE('',#344,6.);
#344 = AXIS2_PLACEMENT_3D('',#345,#346,#347);
#345 = CARTESIAN_POINT('',(-103.5,24.,20.));
#346 = DIRECTION('',(0.,0.,-1.));
#347 = DIRECTION('',(0.5,0.866025403784,0.));
#348 = ORIENTED_EDGE('',*,*,#349,.T.);
#349 = EDGE_CURVE('',#341,#350,#352,.T.);
#350 = VERTEX_POINT('',#351);
#351 = CARTESIAN_POINT('',(-97.5,5.,20.));
#352 = LINE('',#353,#354);
#353 = CARTESIAN_POINT('',(-97.5,24.,20.));
#354 = VECTOR('',#355,1.);
#355 = DIRECTION('',(-0.,-1.,-0.));
#356 = ORIENTED_EDGE('',*,*,#357,.F.);
#357 = EDGE_CURVE('',#264,#350,#358,.T.);
#358 = LINE('',#359,#360);
#359 = CARTESIAN_POINT('',(-4.,5.,20.));
#360 = VECTOR('',#361,1.);
#361 = DIRECTION('',(-1.,-0.,-0.));
#362 = FACE_BOUND('',#363,.T.);
#363 = EDGE_LOOP('',(#364,#365,#373,#382,#390,#399,#407,#416,#424,#433,
    #441,#447));
#364 = ORIENTED_EDGE('',*,*,#31,.T.);
#365 = ORIENTED_EDGE('',*,*,#366,.T.);
#366 = EDGE_CURVE('',#32,#367,#369,.T.);
#367 = VERTEX_POINT('',#368);
#368 = CARTESIAN_POINT('',(-100.5,58.076061575154,20.));
#369 = LINE('',#370,#371);
#370 = CARTESIAN_POINT('',(-100.5,66.,20.));
#371 = VECTOR('',#372,1.);
#372 = DIRECTION('',(-0.,-1.,-0.));
#373 = ORIENTED_EDGE('',*,*,#374,.T.);
#374 = EDGE_CURVE('',#367,#375,#377,.T.);
#375 = VERTEX_POINT('',#376);
#376 = CARTESIAN_POINT('',(-102.,55.477985363801,20.));
#377 = CIRCLE('',#378,3.);
#378 = AXIS2_PLACEMENT_3D('',#379,#380,#381);
#379 = CARTESIAN_POINT('',(-103.5,58.076061575154,20.));
#380 = DIRECTION('',(0.,0.,-1.));
#381 = DIRECTION('',(-1.,-0.,-0.));
#382 = ORIENTED_EDGE('',*,*,#383,.T.);
#383 = EDGE_CURVE('',#375,#384,#386,.T.);
#384 = VERTEX_POINT('',#385);
#385 = CARTESIAN_POINT('',(-110.,50.859183210284,20.));
#386 = LINE('',#387,#388);
#387 = CARTESIAN_POINT('',(-102.,55.477985363801,20.));
#388 = VECTOR('',#389,1.);
#389 = DIRECTION('',(-0.866025403784,-0.5,-0.));
#390 = ORIENTED_EDGE('',*,*,#391,.F.);
#391 = EDGE_CURVE('',#392,#384,#394,.T.);
#392 = VERTEX_POINT('',#393);
#393 = CARTESIAN_POINT('',(-113.,45.663030787577,20.));
#394 = CIRCLE('',#395,6.);
#395 = AXIS2_PLACEMENT_3D('',#396,#397,#398);
#396 = CARTESIAN_POINT('',(-107.,45.663030787577,20.));
#397 = DIRECTION('',(0.,0.,-1.));
#398 = DIRECTION('',(-1.,-0.,-0.));
#399 = ORIENTED_EDGE('',*,*,#400,.T.);
#400 = EDGE_CURVE('',#392,#401,#403,.T.);
#401 = VERTEX_POINT('',#402);
#402 = CARTESIAN_POINT('',(-113.,36.413030787577,20.));
#403 = LINE('',#404,#405);
#404 = CARTESIAN_POINT('',(-113.,45.663030787577,20.));
#405 = VECTOR('',#406,1.);
#406 = DIRECTION('',(-0.,-1.,-0.));
#407 = ORIENTED_EDGE('',*,*,#408,.F.);
#408 = EDGE_CURVE('',#409,#401,#411,.T.);
#409 = VERTEX_POINT('',#410);
#410 = CARTESIAN_POINT('',(-110.,31.21687836487,20.));
#411 = CIRCLE('',#412,6.);
#412 = AXIS2_PLACEMENT_3D('',#413,#414,#415);
#413 = CARTESIAN_POINT('',(-107.,36.413030787577,20.));
#414 = DIRECTION('',(0.,0.,-1.));
#415 = DIRECTION('',(-1.,-0.,-0.));
#416 = ORIENTED_EDGE('',*,*,#417,.T.);
#417 = EDGE_CURVE('',#409,#418,#420,.T.);
#418 = VERTEX_POINT('',#419);
#419 = CARTESIAN_POINT('',(-102.,26.598076211353,20.));
#420 = LINE('',#421,#422);
#421 = CARTESIAN_POINT('',(-110.,31.21687836487,20.));
#422 = VECTOR('',#423,1.);
#423 = DIRECTION('',(0.866025403784,-0.5,0.));
#424 = ORIENTED_EDGE('',*,*,#425,.T.);
#425 = EDGE_CURVE('',#418,#426,#428,.T.);
#426 = VERTEX_POINT('',#427);
#427 = CARTESIAN_POINT('',(-100.5,24.,20.));
#428 = CIRCLE('',#429,3.);
#429 = AXIS2_PLACEMENT_3D('',#430,#431,#432);
#430 = CARTESIAN_POINT('',(-103.5,24.,20.));
#431 = DIRECTION('',(0.,0.,-1.));
#432 = DIRECTION('',(-1.,-0.,-0.));
#433 = ORIENTED_EDGE('',*,*,#434,.F.);
#434 = EDGE_CURVE('',#435,#426,#437,.T.);
#435 = VERTEX_POINT('',#436);
#436 = CARTESIAN_POINT('',(-100.5,0.,20.));
#437 = LINE('',#438,#439);
#438 = CARTESIAN_POINT('',(-100.5,0.,20.));
#439 = VECTOR('',#440,1.);
#440 = DIRECTION('',(0.,1.,0.));
#441 = ORIENTED_EDGE('',*,*,#442,.F.);
#442 = EDGE_CURVE('',#204,#435,#443,.T.);
#443 = LINE('',#444,#445);
#444 = CARTESIAN_POINT('',(0.,0.,20.));
#445 = VECTOR('',#446,1.);
#446 = DIRECTION('',(-1.,-0.,-0.));
#447 = ORIENTED_EDGE('',*,*,#211,.T.);
#448 = PLANE('',#449);
#449 = AXIS2_PLACEMENT_3D('',#450,#451,#452);
#450 = CARTESIAN_POINT('',(-53.16202213087,34.201895847688,20.));
#451 = DIRECTION('',(0.,0.,1.));
#452 = DIRECTION('',(1.,0.,0.));
#453 = ADVANCED_FACE('',(#454),#472,.T.);
#454 = FACE_BOUND('',#455,.F.);
#455 = EDGE_LOOP('',(#456,#457,#458,#466));
#456 = ORIENTED_EDGE('',*,*,#39,.T.);
#457 = ORIENTED_EDGE('',*,*,#366,.T.);
#458 = ORIENTED_EDGE('',*,*,#459,.F.);
#459 = EDGE_CURVE('',#460,#367,#462,.T.);
#460 = VERTEX_POINT('',#461);
#461 = CARTESIAN_POINT('',(-100.5,58.076061575154,0.4));
#462 = LINE('',#463,#464);
#463 = CARTESIAN_POINT('',(-100.5,58.076061575154,0.));
#464 = VECTOR('',#465,1.);
#465 = DIRECTION('',(0.,0.,1.));
#466 = ORIENTED_EDGE('',*,*,#467,.F.);
#467 = EDGE_CURVE('',#40,#460,#468,.T.);
#468 = LINE('',#469,#470);
#469 = CARTESIAN_POINT('',(-100.5,66.,0.4));
#470 = VECTOR('',#471,1.);
#471 = DIRECTION('',(-0.,-1.,-0.));
#472 = PLANE('',#473);
#473 = AXIS2_PLACEMENT_3D('',#474,#475,#476);
#474 = CARTESIAN_POINT('',(-100.5,66.,0.));
#475 = DIRECTION('',(-1.,-0.,-0.));
#476 = DIRECTION('',(0.,1.,0.));
#477 = ADVANCED_FACE('',(#478),#503,.T.);
#478 = FACE_BOUND('',#479,.F.);
#479 = EDGE_LOOP('',(#480,#488,#496,#502));
#480 = ORIENTED_EDGE('',*,*,#481,.T.);
#481 = EDGE_CURVE('',#56,#482,#484,.T.);
#482 = VERTEX_POINT('',#483);
#483 = CARTESIAN_POINT('',(-5.,66.1,14.2));
#484 = LINE('',#485,#486);
#485 = CARTESIAN_POINT('',(-5.,66.,14.2));
#486 = VECTOR('',#487,1.);
#487 = DIRECTION('',(0.,1.,0.));
#488 = ORIENTED_EDGE('',*,*,#489,.T.);
#489 = EDGE_CURVE('',#482,#490,#492,.T.);
#490 = VERTEX_POINT('',#491);
#491 = CARTESIAN_POINT('',(-5.,66.1,5.8));
#492 = LINE('',#493,#494);
#493 = CARTESIAN_POINT('',(-5.,66.1,14.2));
#494 = VECTOR('',#495,1.);
#495 = DIRECTION('',(-0.,-2.2E-16,-1.));
#496 = ORIENTED_EDGE('',*,*,#497,.F.);
#497 = EDGE_CURVE('',#58,#490,#498,.T.);
#498 = LINE('',#499,#500);
#499 = CARTESIAN_POINT('',(-5.,66.,5.8));
#500 = VECTOR('',#501,1.);
#501 = DIRECTION('',(0.,1.,0.));
#502 = ORIENTED_EDGE('',*,*,#55,.F.);
#503 = PLANE('',#504);
#504 = AXIS2_PLACEMENT_3D('',#505,#506,#507);
#505 = CARTESIAN_POINT('',(-5.,66.,14.2));
#506 = DIRECTION('',(1.,0.,0.));
#507 = DIRECTION('',(0.,2.2E-16,1.));
#508 = ADVANCED_FACE('',(#509),#527,.T.);
#509 = FACE_BOUND('',#510,.F.);
#510 = EDGE_LOOP('',(#511,#519,#525,#526));
#511 = ORIENTED_EDGE('',*,*,#512,.T.);
#512 = EDGE_CURVE('',#74,#513,#515,.T.);
#513 = VERTEX_POINT('',#514);
#514 = CARTESIAN_POINT('',(-15.1,66.1,14.2));
#515 = LINE('',#516,#517);
#516 = CARTESIAN_POINT('',(-15.1,66.,14.2));
#517 = VECTOR('',#518,1.);
#518 = DIRECTION('',(0.,1.,0.));
#519 = ORIENTED_EDGE('',*,*,#520,.T.);
#520 = EDGE_CURVE('',#513,#482,#521,.T.);
#521 = LINE('',#522,#523);
#522 = CARTESIAN_POINT('',(-15.1,66.1,14.2));
#523 = VECTOR('',#524,1.);
#524 = DIRECTION('',(1.,0.,0.));
#525 = ORIENTED_EDGE('',*,*,#481,.F.);
#526 = ORIENTED_EDGE('',*,*,#81,.F.);
#527 = PLANE('',#528);
#528 = AXIS2_PLACEMENT_3D('',#529,#530,#531);
#529 = CARTESIAN_POINT('',(-15.1,66.,14.2));
#530 = DIRECTION('',(0.,0.,1.));
#531 = DIRECTION('',(-1.,0.,0.));
#532 = ADVANCED_FACE('',(#533),#551,.T.);
#533 = FACE_BOUND('',#534,.F.);
#534 = EDGE_LOOP('',(#535,#543,#549,#550));
#535 = ORIENTED_EDGE('',*,*,#536,.T.);
#536 = EDGE_CURVE('',#66,#537,#539,.T.);
#537 = VERTEX_POINT('',#538);
#538 = CARTESIAN_POINT('',(-15.1,66.1,5.8));
#539 = LINE('',#540,#541);
#540 = CARTESIAN_POINT('',(-15.1,66.,5.8));
#541 = VECTOR('',#542,1.);
#542 = DIRECTION('',(0.,1.,0.));
#543 = ORIENTED_EDGE('',*,*,#544,.T.);
#544 = EDGE_CURVE('',#537,#513,#545,.T.);
#545 = LINE('',#546,#547);
#546 = CARTESIAN_POINT('',(-15.1,66.1,5.8));
#547 = VECTOR('',#548,1.);
#548 = DIRECTION('',(0.,2.2E-16,1.));
#549 = ORIENTED_EDGE('',*,*,#512,.F.);
#550 = ORIENTED_EDGE('',*,*,#73,.F.);
#551 = PLANE('',#552);
#552 = AXIS2_PLACEMENT_3D('',#553,#554,#555);
#553 = CARTESIAN_POINT('',(-15.1,66.,5.8));
#554 = DIRECTION('',(-1.,-0.,-0.));
#555 = DIRECTION('',(0.,-2.2E-16,-1.));
#556 = ADVANCED_FACE('',(#557),#568,.T.);
#557 = FACE_BOUND('',#558,.F.);
#558 = EDGE_LOOP('',(#559,#560,#566,#567));
#559 = ORIENTED_EDGE('',*,*,#497,.T.);
#560 = ORIENTED_EDGE('',*,*,#561,.T.);
#561 = EDGE_CURVE('',#490,#537,#562,.T.);
#562 = LINE('',#563,#564);
#563 = CARTESIAN_POINT('',(-5.,66.1,5.8));
#564 = VECTOR('',#565,1.);
#565 = DIRECTION('',(-1.,-0.,-0.));
#566 = ORIENTED_EDGE('',*,*,#536,.F.);
#567 = ORIENTED_EDGE('',*,*,#65,.F.);
#568 = PLANE('',#569);
#569 = AXIS2_PLACEMENT_3D('',#570,#571,#572);
#570 = CARTESIAN_POINT('',(-5.,66.,5.8));
#571 = DIRECTION('',(-0.,-0.,-1.));
#572 = DIRECTION('',(1.,0.,0.));
#573 = ADVANCED_FACE('',(#574),#599,.T.);
#574 = FACE_BOUND('',#575,.F.);
#575 = EDGE_LOOP('',(#576,#584,#592,#598));
#576 = ORIENTED_EDGE('',*,*,#577,.T.);
#577 = EDGE_CURVE('',#90,#578,#580,.T.);
#578 = VERTEX_POINT('',#579);
#579 = CARTESIAN_POINT('',(-75.4,66.1,14.2));
#580 = LINE('',#581,#582);
#581 = CARTESIAN_POINT('',(-75.4,66.,14.2));
#582 = VECTOR('',#583,1.);
#583 = DIRECTION('',(0.,1.,0.));
#584 = ORIENTED_EDGE('',*,*,#585,.T.);
#585 = EDGE_CURVE('',#578,#586,#588,.T.);
#586 = VERTEX_POINT('',#587);
#587 = CARTESIAN_POINT('',(-25.1,66.1,14.2));
#588 = LINE('',#589,#590);
#589 = CARTESIAN_POINT('',(-75.4,66.1,14.2));
#590 = VECTOR('',#591,1.);
#591 = DIRECTION('',(1.,0.,0.));
#592 = ORIENTED_EDGE('',*,*,#593,.F.);
#593 = EDGE_CURVE('',#92,#586,#594,.T.);
#594 = LINE('',#595,#596);
#595 = CARTESIAN_POINT('',(-25.1,66.,14.2));
#596 = VECTOR('',#597,1.);
#597 = DIRECTION('',(0.,1.,0.));
#598 = ORIENTED_EDGE('',*,*,#89,.F.);
#599 = PLANE('',#600);
#600 = AXIS2_PLACEMENT_3D('',#601,#602,#603);
#601 = CARTESIAN_POINT('',(-75.4,66.,14.2));
#602 = DIRECTION('',(0.,0.,1.));
#603 = DIRECTION('',(-1.,0.,0.));
#604 = ADVANCED_FACE('',(#605),#623,.T.);
#605 = FACE_BOUND('',#606,.F.);
#606 = EDGE_LOOP('',(#607,#615,#621,#622));
#607 = ORIENTED_EDGE('',*,*,#608,.T.);
#608 = EDGE_CURVE('',#108,#609,#611,.T.);
#609 = VERTEX_POINT('',#610);
#610 = CARTESIAN_POINT('',(-75.4,66.1,5.8));
#611 = LINE('',#612,#613);
#612 = CARTESIAN_POINT('',(-75.4,66.,5.8));
#613 = VECTOR('',#614,1.);
#614 = DIRECTION('',(0.,1.,0.));
#615 = ORIENTED_EDGE('',*,*,#616,.T.);
#616 = EDGE_CURVE('',#609,#578,#617,.T.);
#617 = LINE('',#618,#619);
#618 = CARTESIAN_POINT('',(-75.4,66.1,5.8));
#619 = VECTOR('',#620,1.);
#620 = DIRECTION('',(0.,2.2E-16,1.));
#621 = ORIENTED_EDGE('',*,*,#577,.F.);
#622 = ORIENTED_EDGE('',*,*,#115,.F.);
#623 = PLANE('',#624);
#624 = AXIS2_PLACEMENT_3D('',#625,#626,#627);
#625 = CARTESIAN_POINT('',(-75.4,66.,5.8));
#626 = DIRECTION('',(-1.,-0.,-0.));
#627 = DIRECTION('',(0.,-2.2E-16,-1.));
#628 = ADVANCED_FACE('',(#629),#647,.T.);
#629 = FACE_BOUND('',#630,.F.);
#630 = EDGE_LOOP('',(#631,#639,#645,#646));
#631 = ORIENTED_EDGE('',*,*,#632,.T.);
#632 = EDGE_CURVE('',#100,#633,#635,.T.);
#633 = VERTEX_POINT('',#634);
#634 = CARTESIAN_POINT('',(-25.1,66.1,5.8));
#635 = LINE('',#636,#637);
#636 = CARTESIAN_POINT('',(-25.1,66.,5.8));
#637 = VECTOR('',#638,1.);
#638 = DIRECTION('',(0.,1.,0.));
#639 = ORIENTED_EDGE('',*,*,#640,.T.);
#640 = EDGE_CURVE('',#633,#609,#641,.T.);
#641 = LINE('',#642,#643);
#642 = CARTESIAN_POINT('',(-25.1,66.1,5.8));
#643 = VECTOR('',#644,1.);
#644 = DIRECTION('',(-1.,-0.,-0.));
#645 = ORIENTED_EDGE('',*,*,#608,.F.);
#646 = ORIENTED_EDGE('',*,*,#107,.F.);
#647 = PLANE('',#648);
#648 = AXIS2_PLACEMENT_3D('',#649,#650,#651);
#649 = CARTESIAN_POINT('',(-25.1,66.,5.8));
#650 = DIRECTION('',(-0.,-0.,-1.));
#651 = DIRECTION('',(1.,0.,0.));
#652 = ADVANCED_FACE('',(#653),#664,.T.);
#653 = FACE_BOUND('',#654,.F.);
#654 = EDGE_LOOP('',(#655,#656,#662,#663));
#655 = ORIENTED_EDGE('',*,*,#593,.T.);
#656 = ORIENTED_EDGE('',*,*,#657,.T.);
#657 = EDGE_CURVE('',#586,#633,#658,.T.);
#658 = LINE('',#659,#660);
#659 = CARTESIAN_POINT('',(-25.1,66.1,14.2));
#660 = VECTOR('',#661,1.);
#661 = DIRECTION('',(-0.,-2.2E-16,-1.));
#662 = ORIENTED_EDGE('',*,*,#632,.F.);
#663 = ORIENTED_EDGE('',*,*,#99,.F.);
#664 = PLANE('',#665);
#665 = AXIS2_PLACEMENT_3D('',#666,#667,#668);
#666 = CARTESIAN_POINT('',(-25.1,66.,14.2));
#667 = DIRECTION('',(1.,0.,0.));
#668 = DIRECTION('',(0.,2.2E-16,1.));
#669 = ADVANCED_FACE('',(#670),#689,.F.);
#670 = FACE_BOUND('',#671,.T.);
#671 = EDGE_LOOP('',(#672,#681,#687,#688));
#672 = ORIENTED_EDGE('',*,*,#673,.F.);
#673 = EDGE_CURVE('',#674,#674,#676,.T.);
#674 = VERTEX_POINT('',#675);
#675 = CARTESIAN_POINT('',(-21.8,63.,10.));
#676 = CIRCLE('',#677,1.7);
#677 = AXIS2_PLACEMENT_3D('',#678,#679,#680);
#678 = CARTESIAN_POINT('',(-20.1,63.,10.));
#679 = DIRECTION('',(0.,1.,-2.2E-16));
#680 = DIRECTION('',(-1.,0.,0.));
#681 = ORIENTED_EDGE('',*,*,#682,.T.);
#682 = EDGE_CURVE('',#674,#124,#683,.T.);
#683 = LINE('',#684,#685);
#684 = CARTESIAN_POINT('',(-21.8,2.22E-15,10.));
#685 = VECTOR('',#686,1.);
#686 = DIRECTION('',(0.,1.,-2.2E-16));
#687 = ORIENTED_EDGE('',*,*,#123,.T.);
#688 = ORIENTED_EDGE('',*,*,#682,.F.);
#689 = CYLINDRICAL_SURFACE('',#690,1.7);
#690 = AXIS2_PLACEMENT_3D('',#691,#692,#693);
#691 = CARTESIAN_POINT('',(-20.1,2.22E-15,10.));
#692 = DIRECTION('',(0.,-1.,2.2E-16));
#693 = DIRECTION('',(-1.,0.,0.));
#694 = ADVANCED_FACE('',(#695),#714,.F.);
#695 = FACE_BOUND('',#696,.T.);
#696 = EDGE_LOOP('',(#697,#706,#712,#713));
#697 = ORIENTED_EDGE('',*,*,#698,.F.);
#698 = EDGE_CURVE('',#699,#699,#701,.T.);
#699 = VERTEX_POINT('',#700);
#700 = CARTESIAN_POINT('',(-82.1,63.,10.));
#701 = CIRCLE('',#702,1.7);
#702 = AXIS2_PLACEMENT_3D('',#703,#704,#705);
#703 = CARTESIAN_POINT('',(-80.4,63.,10.));
#704 = DIRECTION('',(0.,1.,-2.2E-16));
#705 = DIRECTION('',(-1.,0.,0.));
#706 = ORIENTED_EDGE('',*,*,#707,.T.);
#707 = EDGE_CURVE('',#699,#135,#708,.T.);
#708 = LINE('',#709,#710);
#709 = CARTESIAN_POINT('',(-82.1,2.22E-15,10.));
#710 = VECTOR('',#711,1.);
#711 = DIRECTION('',(0.,1.,-2.2E-16));
#712 = ORIENTED_EDGE('',*,*,#134,.T.);
#713 = ORIENTED_EDGE('',*,*,#707,.F.);
#714 = CYLINDRICAL_SURFACE('',#715,1.7);
#715 = AXIS2_PLACEMENT_3D('',#716,#717,#718);
#716 = CARTESIAN_POINT('',(-80.4,2.22E-15,10.));
#717 = DIRECTION('',(0.,-1.,2.2E-16));
#718 = DIRECTION('',(-1.,0.,0.));
#719 = ADVANCED_FACE('',(#720),#745,.T.);
#720 = FACE_BOUND('',#721,.F.);
#721 = EDGE_LOOP('',(#722,#730,#738,#744));
#722 = ORIENTED_EDGE('',*,*,#723,.T.);
#723 = EDGE_CURVE('',#146,#724,#726,.T.);
#724 = VERTEX_POINT('',#725);
#725 = CARTESIAN_POINT('',(-85.4,66.1,14.2));
#726 = LINE('',#727,#728);
#727 = CARTESIAN_POINT('',(-85.4,66.,14.2));
#728 = VECTOR('',#729,1.);
#729 = DIRECTION('',(0.,1.,0.));
#730 = ORIENTED_EDGE('',*,*,#731,.T.);
#731 = EDGE_CURVE('',#724,#732,#734,.T.);
#732 = VERTEX_POINT('',#733);
#733 = CARTESIAN_POINT('',(-85.4,66.1,5.8));
#734 = LINE('',#735,#736);
#735 = CARTESIAN_POINT('',(-85.4,66.1,14.2));
#736 = VECTOR('',#737,1.);
#737 = DIRECTION('',(-0.,-2.2E-16,-1.));
#738 = ORIENTED_EDGE('',*,*,#739,.F.);
#739 = EDGE_CURVE('',#148,#732,#740,.T.);
#740 = LINE('',#741,#742);
#741 = CARTESIAN_POINT('',(-85.4,66.,5.8));
#742 = VECTOR('',#743,1.);
#743 = DIRECTION('',(0.,1.,0.));
#744 = ORIENTED_EDGE('',*,*,#145,.F.);
#745 = PLANE('',#746);
#746 = AXIS2_PLACEMENT_3D('',#747,#748,#749);
#747 = CARTESIAN_POINT('',(-85.4,66.,14.2));
#748 = DIRECTION('',(1.,0.,0.));
#749 = DIRECTION('',(0.,2.2E-16,1.));
#750 = ADVANCED_FACE('',(#751),#769,.T.);
#751 = FACE_BOUND('',#752,.F.);
#752 = EDGE_LOOP('',(#753,#761,#767,#768));
#753 = ORIENTED_EDGE('',*,*,#754,.T.);
#754 = EDGE_CURVE('',#164,#755,#757,.T.);
#755 = VERTEX_POINT('',#756);
#756 = CARTESIAN_POINT('',(-95.5,66.1,14.2));
#757 = LINE('',#758,#759);
#758 = CARTESIAN_POINT('',(-95.5,66.,14.2));
#759 = VECTOR('',#760,1.);
#760 = DIRECTION('',(0.,1.,0.));
#761 = ORIENTED_EDGE('',*,*,#762,.T.);
#762 = EDGE_CURVE('',#755,#724,#763,.T.);
#763 = LINE('',#764,#765);
#764 = CARTESIAN_POINT('',(-95.5,66.1,14.2));
#765 = VECTOR('',#766,1.);
#766 = DIRECTION('',(1.,0.,0.));
#767 = ORIENTED_EDGE('',*,*,#723,.F.);
#768 = ORIENTED_EDGE('',*,*,#171,.F.);
#769 = PLANE('',#770);
#770 = AXIS2_PLACEMENT_3D('',#771,#772,#773);
#771 = CARTESIAN_POINT('',(-95.5,66.,14.2));
#772 = DIRECTION('',(0.,0.,1.));
#773 = DIRECTION('',(-1.,0.,0.));
#774 = ADVANCED_FACE('',(#775),#793,.T.);
#775 = FACE_BOUND('',#776,.F.);
#776 = EDGE_LOOP('',(#777,#785,#791,#792));
#777 = ORIENTED_EDGE('',*,*,#778,.T.);
#778 = EDGE_CURVE('',#156,#779,#781,.T.);
#779 = VERTEX_POINT('',#780);
#780 = CARTESIAN_POINT('',(-95.5,66.1,5.8));
#781 = LINE('',#782,#783);
#782 = CARTESIAN_POINT('',(-95.5,66.,5.8));
#783 = VECTOR('',#784,1.);
#784 = DIRECTION('',(0.,1.,0.));
#785 = ORIENTED_EDGE('',*,*,#786,.T.);
#786 = EDGE_CURVE('',#779,#755,#787,.T.);
#787 = LINE('',#788,#789);
#788 = CARTESIAN_POINT('',(-95.5,66.1,5.8));
#789 = VECTOR('',#790,1.);
#790 = DIRECTION('',(0.,2.2E-16,1.));
#791 = ORIENTED_EDGE('',*,*,#754,.F.);
#792 = ORIENTED_EDGE('',*,*,#163,.F.);
#793 = PLANE('',#794);
#794 = AXIS2_PLACEMENT_3D('',#795,#796,#797);
#795 = CARTESIAN_POINT('',(-95.5,66.,5.8));
#796 = DIRECTION('',(-1.,-0.,-0.));
#797 = DIRECTION('',(0.,-2.2E-16,-1.));
#798 = ADVANCED_FACE('',(#799),#810,.T.);
#799 = FACE_BOUND('',#800,.F.);
#800 = EDGE_LOOP('',(#801,#802,#808,#809));
#801 = ORIENTED_EDGE('',*,*,#739,.T.);
#802 = ORIENTED_EDGE('',*,*,#803,.T.);
#803 = EDGE_CURVE('',#732,#779,#804,.T.);
#804 = LINE('',#805,#806);
#805 = CARTESIAN_POINT('',(-85.4,66.1,5.8));
#806 = VECTOR('',#807,1.);
#807 = DIRECTION('',(-1.,-0.,-0.));
#808 = ORIENTED_EDGE('',*,*,#778,.F.);
#809 = ORIENTED_EDGE('',*,*,#155,.F.);
#810 = PLANE('',#811);
#811 = AXIS2_PLACEMENT_3D('',#812,#813,#814);
#812 = CARTESIAN_POINT('',(-85.4,66.,5.8));
#813 = DIRECTION('',(-0.,-0.,-1.));
#814 = DIRECTION('',(1.,0.,0.));
#815 = ADVANCED_FACE('',(#816,#875),#886,.T.);
#816 = FACE_BOUND('',#817,.F.);
#817 = EDGE_LOOP('',(#818,#819,#827,#835,#843,#852,#860,#869));
#818 = ORIENTED_EDGE('',*,*,#185,.F.);
#819 = ORIENTED_EDGE('',*,*,#820,.T.);
#820 = EDGE_CURVE('',#186,#821,#823,.T.);
#821 = VERTEX_POINT('',#822);
#822 = CARTESIAN_POINT('',(-100.5,4.,0.4));
#823 = LINE('',#824,#825);
#824 = CARTESIAN_POINT('',(0.,4.,0.4));
#825 = VECTOR('',#826,1.);
#826 = DIRECTION('',(-1.,-0.,-0.));
#827 = ORIENTED_EDGE('',*,*,#828,.T.);
#828 = EDGE_CURVE('',#821,#829,#831,.T.);
#829 = VERTEX_POINT('',#830);
#830 = CARTESIAN_POINT('',(-100.5,4.,8.987407973032));
#831 = LINE('',#832,#833);
#832 = CARTESIAN_POINT('',(-100.5,4.,0.));
#833 = VECTOR('',#834,1.);
#834 = DIRECTION('',(0.,0.,1.));
#835 = ORIENTED_EDGE('',*,*,#836,.F.);
#836 = EDGE_CURVE('',#837,#829,#839,.T.);
#837 = VERTEX_POINT('',#838);
#838 = CARTESIAN_POINT('',(-81.76552458305,4.,8.987407973032));
#839 = LINE('',#840,#841);
#840 = CARTESIAN_POINT('',(0.,4.,8.987407973032));
#841 = VECTOR('',#842,1.);
#842 = DIRECTION('',(-1.,-0.,-0.));
#843 = ORIENTED_EDGE('',*,*,#844,.F.);
#844 = EDGE_CURVE('',#845,#837,#847,.T.);
#845 = VERTEX_POINT('',#846);
#846 = CARTESIAN_POINT('',(-79.03447541694,4.,8.987407973032));
#847 = CIRCLE('',#848,1.7);
#848 = AXIS2_PLACEMENT_3D('',#849,#850,#851);
#849 = CARTESIAN_POINT('',(-80.4,4.,10.));
#850 = DIRECTION('',(0.,1.,-2.2E-16));
#851 = DIRECTION('',(-1.,0.,0.));
#852 = ORIENTED_EDGE('',*,*,#853,.F.);
#853 = EDGE_CURVE('',#854,#845,#856,.T.);
#854 = VERTEX_POINT('',#855);
#855 = CARTESIAN_POINT('',(-21.46552458305,4.,8.987407973032));
#856 = LINE('',#857,#858);
#857 = CARTESIAN_POINT('',(0.,4.,8.987407973032));
#858 = VECTOR('',#859,1.);
#859 = DIRECTION('',(-1.,-0.,-0.));
#860 = ORIENTED_EDGE('',*,*,#861,.F.);
#861 = EDGE_CURVE('',#862,#854,#864,.T.);
#862 = VERTEX_POINT('',#863);
#863 = CARTESIAN_POINT('',(-18.73447541694,4.,8.987407973032));
#864 = CIRCLE('',#865,1.7);
#865 = AXIS2_PLACEMENT_3D('',#866,#867,#868);
#866 = CARTESIAN_POINT('',(-20.1,4.,10.));
#867 = DIRECTION('',(0.,1.,-2.2E-16));
#868 = DIRECTION('',(-1.,0.,0.));
#869 = ORIENTED_EDGE('',*,*,#870,.F.);
#870 = EDGE_CURVE('',#188,#862,#871,.T.);
#871 = LINE('',#872,#873);
#872 = CARTESIAN_POINT('',(0.,4.,8.987407973032));
#873 = VECTOR('',#874,1.);
#874 = DIRECTION('',(-1.,-0.,-0.));
#875 = FACE_BOUND('',#876,.F.);
#876 = EDGE_LOOP('',(#877));
#877 = ORIENTED_EDGE('',*,*,#878,.F.);
#878 = EDGE_CURVE('',#879,#879,#881,.T.);
#879 = VERTEX_POINT('',#880);
#880 = CARTESIAN_POINT('',(-66.35,4.,5.5));
#881 = CIRCLE('',#882,2.35);
#882 = AXIS2_PLACEMENT_3D('',#883,#884,#885);
#883 = CARTESIAN_POINT('',(-64.,4.,5.5));
#884 = DIRECTION('',(0.,1.,-2.2E-16));
#885 = DIRECTION('',(-1.,0.,0.));
#886 = PLANE('',#887);
#887 = AXIS2_PLACEMENT_3D('',#888,#889,#890);
#888 = CARTESIAN_POINT('',(0.,4.,0.));
#889 = DIRECTION('',(-0.,-1.,-0.));
#890 = DIRECTION('',(0.,0.,-1.));
#891 = ADVANCED_FACE('',(#892),#910,.T.);
#892 = FACE_BOUND('',#893,.F.);
#893 = EDGE_LOOP('',(#894,#902,#903,#904));
#894 = ORIENTED_EDGE('',*,*,#895,.F.);
#895 = EDGE_CURVE('',#186,#896,#898,.T.);
#896 = VERTEX_POINT('',#897);
#897 = CARTESIAN_POINT('',(-0.4,4.4,0.));
#898 = LINE('',#899,#900);
#899 = CARTESIAN_POINT('',(-0.133333333333,4.133333333333,0.266666666667
    ));
#900 = VECTOR('',#901,1.);
#901 = DIRECTION('',(-0.57735026919,0.57735026919,-0.57735026919));
#902 = ORIENTED_EDGE('',*,*,#218,.T.);
#903 = ORIENTED_EDGE('',*,*,#232,.T.);
#904 = ORIENTED_EDGE('',*,*,#905,.F.);
#905 = EDGE_CURVE('',#896,#233,#906,.T.);
#906 = LINE('',#907,#908);
#907 = CARTESIAN_POINT('',(-0.4,4.,0.));
#908 = VECTOR('',#909,1.);
#909 = DIRECTION('',(-0.,1.,-0.));
#910 = PLANE('',#911);
#911 = AXIS2_PLACEMENT_3D('',#912,#913,#914);
#912 = CARTESIAN_POINT('',(-0.2,4.,0.2));
#913 = DIRECTION('',(0.707106781187,0.,-0.707106781187));
#914 = DIRECTION('',(0.,-1.,-0.));
#915 = ADVANCED_FACE('',(#916),#968,.T.);
#916 = FACE_BOUND('',#917,.F.);
#917 = EDGE_LOOP('',(#918,#919,#920,#929,#936,#937,#946,#953,#954,#962)
  );
#918 = ORIENTED_EDGE('',*,*,#195,.F.);
#919 = ORIENTED_EDGE('',*,*,#870,.T.);
#920 = ORIENTED_EDGE('',*,*,#921,.F.);
#921 = EDGE_CURVE('',#922,#862,#924,.T.);
#922 = VERTEX_POINT('',#923);
#923 = CARTESIAN_POINT('',(-21.8,3.290975429586,10.));
#924 = ELLIPSE('',#925,2.075316800894,1.7);
#925 = AXIS2_PLACEMENT_3D('',#926,#927,#928);
#926 = CARTESIAN_POINT('',(-20.1,3.290975429586,10.));
#927 = DIRECTION('',(-0.,0.819152044289,0.573576436351));
#928 = DIRECTION('',(0.,-0.573576436351,0.819152044289));
#929 = ORIENTED_EDGE('',*,*,#930,.F.);
#930 = EDGE_CURVE('',#854,#922,#931,.T.);
#931 = ELLIPSE('',#932,2.075316800894,1.7);
#932 = AXIS2_PLACEMENT_3D('',#933,#934,#935);
#933 = CARTESIAN_POINT('',(-20.1,3.290975429586,10.));
#934 = DIRECTION('',(-0.,0.819152044289,0.573576436351));
#935 = DIRECTION('',(0.,-0.573576436351,0.819152044289));
#936 = ORIENTED_EDGE('',*,*,#853,.T.);
#937 = ORIENTED_EDGE('',*,*,#938,.F.);
#938 = EDGE_CURVE('',#939,#845,#941,.T.);
#939 = VERTEX_POINT('',#940);
#940 = CARTESIAN_POINT('',(-82.1,3.290975429586,10.));
#941 = ELLIPSE('',#942,2.075316800894,1.7);
#942 = AXIS2_PLACEMENT_3D('',#943,#944,#945);
#943 = CARTESIAN_POINT('',(-80.4,3.290975429586,10.));
#944 = DIRECTION('',(-0.,0.819152044289,0.573576436351));
#945 = DIRECTION('',(0.,-0.573576436351,0.819152044289));
#946 = ORIENTED_EDGE('',*,*,#947,.F.);
#947 = EDGE_CURVE('',#837,#939,#948,.T.);
#948 = ELLIPSE('',#949,2.075316800894,1.7);
#949 = AXIS2_PLACEMENT_3D('',#950,#951,#952);
#950 = CARTESIAN_POINT('',(-80.4,3.290975429586,10.));
#951 = DIRECTION('',(-0.,0.819152044289,0.573576436351));
#952 = DIRECTION('',(0.,-0.573576436351,0.819152044289));
#953 = ORIENTED_EDGE('',*,*,#836,.T.);
#954 = ORIENTED_EDGE('',*,*,#955,.T.);
#955 = EDGE_CURVE('',#829,#956,#958,.T.);
#956 = VERTEX_POINT('',#957);
#957 = CARTESIAN_POINT('',(-100.5,0.,14.7));
#958 = LINE('',#959,#960);
#959 = CARTESIAN_POINT('',(-100.5,5.453370381388,6.911779959794));
#960 = VECTOR('',#961,1.);
#961 = DIRECTION('',(0.,-0.573576436351,0.819152044289));
#962 = ORIENTED_EDGE('',*,*,#963,.F.);
#963 = EDGE_CURVE('',#196,#956,#964,.T.);
#964 = LINE('',#965,#966);
#965 = CARTESIAN_POINT('',(0.,0.,14.7));
#966 = VECTOR('',#967,1.);
#967 = DIRECTION('',(-1.,-0.,-0.));
#968 = PLANE('',#969);
#969 = AXIS2_PLACEMENT_3D('',#970,#971,#972);
#970 = CARTESIAN_POINT('',(0.,4.,8.987407973032));
#971 = DIRECTION('',(-0.,-0.819152044289,-0.573576436351));
#972 = DIRECTION('',(0.,0.573576436351,-0.819152044289));
#973 = ADVANCED_FACE('',(#974),#985,.F.);
#974 = FACE_BOUND('',#975,.T.);
#975 = EDGE_LOOP('',(#976,#977,#978,#979));
#976 = ORIENTED_EDGE('',*,*,#963,.F.);
#977 = ORIENTED_EDGE('',*,*,#203,.T.);
#978 = ORIENTED_EDGE('',*,*,#442,.T.);
#979 = ORIENTED_EDGE('',*,*,#980,.F.);
#980 = EDGE_CURVE('',#956,#435,#981,.T.);
#981 = LINE('',#982,#983);
#982 = CARTESIAN_POINT('',(-100.5,0.,0.));
#983 = VECTOR('',#984,1.);
#984 = DIRECTION('',(0.,0.,1.));
#985 = PLANE('',#986);
#986 = AXIS2_PLACEMENT_3D('',#987,#988,#989);
#987 = CARTESIAN_POINT('',(0.,0.,0.));
#988 = DIRECTION('',(0.,1.,0.));
#989 = DIRECTION('',(1.,0.,0.));
#990 = ADVANCED_FACE('',(#991,#1077,#1113,#1149,#1185,#1221,#1257,#1293,
    #1329,#1365,#1401,#1437,#1473,#1509,#1545,#1581,#1617,#1653,#1689,
    #1725,#1761,#1797,#1833,#1869,#1905,#1941,#1977,#2013,#2049),#2085,
  .T.);
#991 = FACE_BOUND('',#992,.F.);
#992 = EDGE_LOOP('',(#993,#994,#995,#1003,#1012,#1020,#1029,#1037,#1046,
    #1054,#1063,#1071));
#993 = ORIENTED_EDGE('',*,*,#905,.T.);
#994 = ORIENTED_EDGE('',*,*,#249,.T.);
#995 = ORIENTED_EDGE('',*,*,#996,.T.);
#996 = EDGE_CURVE('',#242,#997,#999,.T.);
#997 = VERTEX_POINT('',#998);
#998 = CARTESIAN_POINT('',(-100.1,58.076061575154,2.E-15));
#999 = LINE('',#1000,#1001);
#1000 = CARTESIAN_POINT('',(-100.1,66.,0.));
#1001 = VECTOR('',#1002,1.);
#1002 = DIRECTION('',(-0.,-1.,-0.));
#1003 = ORIENTED_EDGE('',*,*,#1004,.T.);
#1004 = EDGE_CURVE('',#997,#1005,#1007,.T.);
#1005 = VERTEX_POINT('',#1006);
#1006 = CARTESIAN_POINT('',(-101.8,55.131575202287,3.E-15));
#1007 = CIRCLE('',#1008,3.4);
#1008 = AXIS2_PLACEMENT_3D('',#1009,#1010,#1011);
#1009 = CARTESIAN_POINT('',(-103.5,58.076061575154,0.));
#1010 = DIRECTION('',(0.,0.,-1.));
#1011 = DIRECTION('',(1.,-0.,0.));
#1012 = ORIENTED_EDGE('',*,*,#1013,.T.);
#1013 = EDGE_CURVE('',#1005,#1014,#1016,.T.);
#1014 = VERTEX_POINT('',#1015);
#1015 = CARTESIAN_POINT('',(-109.8,50.51277304877,3.E-15));
#1016 = LINE('',#1017,#1018);
#1017 = CARTESIAN_POINT('',(-101.8,55.131575202287,0.));
#1018 = VECTOR('',#1019,1.);
#1019 = DIRECTION('',(-0.866025403784,-0.5,-0.));
#1020 = ORIENTED_EDGE('',*,*,#1021,.T.);
#1021 = EDGE_CURVE('',#1014,#1022,#1024,.T.);
#1022 = VERTEX_POINT('',#1023);
#1023 = CARTESIAN_POINT('',(-112.6,45.663030787577,3.E-15));
#1024 = CIRCLE('',#1025,5.6);
#1025 = AXIS2_PLACEMENT_3D('',#1026,#1027,#1028);
#1026 = CARTESIAN_POINT('',(-107.,45.663030787577,0.));
#1027 = DIRECTION('',(0.,0.,1.));
#1028 = DIRECTION('',(-0.5,0.866025403784,-0.));
#1029 = ORIENTED_EDGE('',*,*,#1030,.T.);
#1030 = EDGE_CURVE('',#1022,#1031,#1033,.T.);
#1031 = VERTEX_POINT('',#1032);
#1032 = CARTESIAN_POINT('',(-112.6,36.413030787577,2.E-15));
#1033 = LINE('',#1034,#1035);
#1034 = CARTESIAN_POINT('',(-112.6,45.663030787577,0.));
#1035 = VECTOR('',#1036,1.);
#1036 = DIRECTION('',(-0.,-1.,-0.));
#1037 = ORIENTED_EDGE('',*,*,#1038,.T.);
#1038 = EDGE_CURVE('',#1031,#1039,#1041,.T.);
#1039 = VERTEX_POINT('',#1040);
#1040 = CARTESIAN_POINT('',(-109.8,31.563288526384,3.E-15));
#1041 = CIRCLE('',#1042,5.6);
#1042 = AXIS2_PLACEMENT_3D('',#1043,#1044,#1045);
#1043 = CARTESIAN_POINT('',(-107.,36.413030787577,0.));
#1044 = DIRECTION('',(0.,0.,1.));
#1045 = DIRECTION('',(-1.,0.,0.));
#1046 = ORIENTED_EDGE('',*,*,#1047,.T.);
#1047 = EDGE_CURVE('',#1039,#1048,#1050,.T.);
#1048 = VERTEX_POINT('',#1049);
#1049 = CARTESIAN_POINT('',(-101.8,26.944486372867,3.E-15));
#1050 = LINE('',#1051,#1052);
#1051 = CARTESIAN_POINT('',(-109.8,31.563288526384,0.));
#1052 = VECTOR('',#1053,1.);
#1053 = DIRECTION('',(0.866025403784,-0.5,0.));
#1054 = ORIENTED_EDGE('',*,*,#1055,.T.);
#1055 = EDGE_CURVE('',#1048,#1056,#1058,.T.);
#1056 = VERTEX_POINT('',#1057);
#1057 = CARTESIAN_POINT('',(-100.1,24.,3.E-15));
#1058 = CIRCLE('',#1059,3.4);
#1059 = AXIS2_PLACEMENT_3D('',#1060,#1061,#1062);
#1060 = CARTESIAN_POINT('',(-103.5,24.,0.));
#1061 = DIRECTION('',(0.,0.,-1.));
#1062 = DIRECTION('',(0.5,0.866025403784,0.));
#1063 = ORIENTED_EDGE('',*,*,#1064,.T.);
#1064 = EDGE_CURVE('',#1056,#1065,#1067,.T.);
#1065 = VERTEX_POINT('',#1066);
#1066 = CARTESIAN_POINT('',(-100.1,4.4,0.));
#1067 = LINE('',#1068,#1069);
#1068 = CARTESIAN_POINT('',(-100.1,24.,0.));
#1069 = VECTOR('',#1070,1.);
#1070 = DIRECTION('',(0.,-1.,-0.));
#1071 = ORIENTED_EDGE('',*,*,#1072,.F.);
#1072 = EDGE_CURVE('',#896,#1065,#1073,.T.);
#1073 = LINE('',#1074,#1075);
#1074 = CARTESIAN_POINT('',(0.,4.4,0.));
#1075 = VECTOR('',#1076,1.);
#1076 = DIRECTION('',(-1.,-0.,-0.));
#1077 = FACE_BOUND('',#1078,.F.);
#1078 = EDGE_LOOP('',(#1079,#1089,#1098,#1106));
#1079 = ORIENTED_EDGE('',*,*,#1080,.F.);
#1080 = EDGE_CURVE('',#1081,#1083,#1085,.T.);
#1081 = VERTEX_POINT('',#1082);
#1082 = CARTESIAN_POINT('',(-92.,22.5,0.));
#1083 = VERTEX_POINT('',#1084);
#1084 = CARTESIAN_POINT('',(-92.,12.5,0.));
#1085 = LINE('',#1086,#1087);
#1086 = CARTESIAN_POINT('',(-92.,22.5,0.));
#1087 = VECTOR('',#1088,1.);
#1088 = DIRECTION('',(-0.,-1.,-0.));
#1089 = ORIENTED_EDGE('',*,*,#1090,.T.);
#1090 = EDGE_CURVE('',#1081,#1091,#1093,.T.);
#1091 = VERTEX_POINT('',#1092);
#1092 = CARTESIAN_POINT('',(-89.,22.5,0.));
#1093 = CIRCLE('',#1094,1.5);
#1094 = AXIS2_PLACEMENT_3D('',#1095,#1096,#1097);
#1095 = CARTESIAN_POINT('',(-90.5,22.5,0.));
#1096 = DIRECTION('',(0.,0.,-1.));
#1097 = DIRECTION('',(-1.,-0.,-0.));
#1098 = ORIENTED_EDGE('',*,*,#1099,.T.);
#1099 = EDGE_CURVE('',#1091,#1100,#1102,.T.);
#1100 = VERTEX_POINT('',#1101);
#1101 = CARTESIAN_POINT('',(-89.,12.5,0.));
#1102 = LINE('',#1103,#1104);
#1103 = CARTESIAN_POINT('',(-89.,22.5,0.));
#1104 = VECTOR('',#1105,1.);
#1105 = DIRECTION('',(-0.,-1.,-0.));
#1106 = ORIENTED_EDGE('',*,*,#1107,.T.);
#1107 = EDGE_CURVE('',#1100,#1083,#1108,.T.);
#1108 = CIRCLE('',#1109,1.5);
#1109 = AXIS2_PLACEMENT_3D('',#1110,#1111,#1112);
#1110 = CARTESIAN_POINT('',(-90.5,12.5,0.));
#1111 = DIRECTION('',(0.,0.,-1.));
#1112 = DIRECTION('',(-1.,-0.,-0.));
#1113 = FACE_BOUND('',#1114,.F.);
#1114 = EDGE_LOOP('',(#1115,#1125,#1134,#1142));
#1115 = ORIENTED_EDGE('',*,*,#1116,.F.);
#1116 = EDGE_CURVE('',#1117,#1119,#1121,.T.);
#1117 = VERTEX_POINT('',#1118);
#1118 = CARTESIAN_POINT('',(-79.58333333333,22.5,0.));
#1119 = VERTEX_POINT('',#1120);
#1120 = CARTESIAN_POINT('',(-79.58333333333,12.5,0.));
#1121 = LINE('',#1122,#1123);
#1122 = CARTESIAN_POINT('',(-79.58333333333,22.5,0.));
#1123 = VECTOR('',#1124,1.);
#1124 = DIRECTION('',(-0.,-1.,-0.));
#1125 = ORIENTED_EDGE('',*,*,#1126,.T.);
#1126 = EDGE_CURVE('',#1117,#1127,#1129,.T.);
#1127 = VERTEX_POINT('',#1128);
#1128 = CARTESIAN_POINT('',(-76.58333333333,22.5,0.));
#1129 = CIRCLE('',#1130,1.5);
#1130 = AXIS2_PLACEMENT_3D('',#1131,#1132,#1133);
#1131 = CARTESIAN_POINT('',(-78.08333333333,22.5,0.));
#1132 = DIRECTION('',(0.,0.,-1.));
#1133 = DIRECTION('',(-1.,-0.,-0.));
#1134 = ORIENTED_EDGE('',*,*,#1135,.T.);
#1135 = EDGE_CURVE('',#1127,#1136,#1138,.T.);
#1136 = VERTEX_POINT('',#1137);
#1137 = CARTESIAN_POINT('',(-76.58333333333,12.5,0.));
#1138 = LINE('',#1139,#1140);
#1139 = CARTESIAN_POINT('',(-76.58333333333,22.5,0.));
#1140 = VECTOR('',#1141,1.);
#1141 = DIRECTION('',(-0.,-1.,-0.));
#1142 = ORIENTED_EDGE('',*,*,#1143,.T.);
#1143 = EDGE_CURVE('',#1136,#1119,#1144,.T.);
#1144 = CIRCLE('',#1145,1.5);
#1145 = AXIS2_PLACEMENT_3D('',#1146,#1147,#1148);
#1146 = CARTESIAN_POINT('',(-78.08333333333,12.5,0.));
#1147 = DIRECTION('',(0.,0.,-1.));
#1148 = DIRECTION('',(-1.,-0.,-0.));
#1149 = FACE_BOUND('',#1150,.F.);
#1150 = EDGE_LOOP('',(#1151,#1161,#1170,#1178));
#1151 = ORIENTED_EDGE('',*,*,#1152,.F.);
#1152 = EDGE_CURVE('',#1153,#1155,#1157,.T.);
#1153 = VERTEX_POINT('',#1154);
#1154 = CARTESIAN_POINT('',(-67.16666666666,22.5,0.));
#1155 = VERTEX_POINT('',#1156);
#1156 = CARTESIAN_POINT('',(-67.16666666666,12.5,0.));
#1157 = LINE('',#1158,#1159);
#1158 = CARTESIAN_POINT('',(-67.16666666666,22.5,0.));
#1159 = VECTOR('',#1160,1.);
#1160 = DIRECTION('',(-0.,-1.,-0.));
#1161 = ORIENTED_EDGE('',*,*,#1162,.T.);
#1162 = EDGE_CURVE('',#1153,#1163,#1165,.T.);
#1163 = VERTEX_POINT('',#1164);
#1164 = CARTESIAN_POINT('',(-64.16666666666,22.5,0.));
#1165 = CIRCLE('',#1166,1.5);
#1166 = AXIS2_PLACEMENT_3D('',#1167,#1168,#1169);
#1167 = CARTESIAN_POINT('',(-65.66666666666,22.5,0.));
#1168 = DIRECTION('',(0.,0.,-1.));
#1169 = DIRECTION('',(-1.,-0.,-0.));
#1170 = ORIENTED_EDGE('',*,*,#1171,.T.);
#1171 = EDGE_CURVE('',#1163,#1172,#1174,.T.);
#1172 = VERTEX_POINT('',#1173);
#1173 = CARTESIAN_POINT('',(-64.16666666666,12.5,0.));
#1174 = LINE('',#1175,#1176);
#1175 = CARTESIAN_POINT('',(-64.16666666666,22.5,0.));
#1176 = VECTOR('',#1177,1.);
#1177 = DIRECTION('',(-0.,-1.,-0.));
#1178 = ORIENTED_EDGE('',*,*,#1179,.T.);
#1179 = EDGE_CURVE('',#1172,#1155,#1180,.T.);
#1180 = CIRCLE('',#1181,1.5);
#1181 = AXIS2_PLACEMENT_3D('',#1182,#1183,#1184);
#1182 = CARTESIAN_POINT('',(-65.66666666666,12.5,0.));
#1183 = DIRECTION('',(0.,0.,-1.));
#1184 = DIRECTION('',(-1.,-0.,-0.));
#1185 = FACE_BOUND('',#1186,.F.);
#1186 = EDGE_LOOP('',(#1187,#1197,#1206,#1214));
#1187 = ORIENTED_EDGE('',*,*,#1188,.F.);
#1188 = EDGE_CURVE('',#1189,#1191,#1193,.T.);
#1189 = VERTEX_POINT('',#1190);
#1190 = CARTESIAN_POINT('',(-54.75,22.5,0.));
#1191 = VERTEX_POINT('',#1192);
#1192 = CARTESIAN_POINT('',(-54.75,12.5,0.));
#1193 = LINE('',#1194,#1195);
#1194 = CARTESIAN_POINT('',(-54.75,22.5,0.));
#1195 = VECTOR('',#1196,1.);
#1196 = DIRECTION('',(-0.,-1.,-0.));
#1197 = ORIENTED_EDGE('',*,*,#1198,.T.);
#1198 = EDGE_CURVE('',#1189,#1199,#1201,.T.);
#1199 = VERTEX_POINT('',#1200);
#1200 = CARTESIAN_POINT('',(-51.75,22.5,0.));
#1201 = CIRCLE('',#1202,1.5);
#1202 = AXIS2_PLACEMENT_3D('',#1203,#1204,#1205);
#1203 = CARTESIAN_POINT('',(-53.25,22.5,0.));
#1204 = DIRECTION('',(0.,0.,-1.));
#1205 = DIRECTION('',(-1.,-0.,-0.));
#1206 = ORIENTED_EDGE('',*,*,#1207,.T.);
#1207 = EDGE_CURVE('',#1199,#1208,#1210,.T.);
#1208 = VERTEX_POINT('',#1209);
#1209 = CARTESIAN_POINT('',(-51.75,12.5,0.));
#1210 = LINE('',#1211,#1212);
#1211 = CARTESIAN_POINT('',(-51.75,22.5,0.));
#1212 = VECTOR('',#1213,1.);
#1213 = DIRECTION('',(-0.,-1.,-0.));
#1214 = ORIENTED_EDGE('',*,*,#1215,.T.);
#1215 = EDGE_CURVE('',#1208,#1191,#1216,.T.);
#1216 = CIRCLE('',#1217,1.5);
#1217 = AXIS2_PLACEMENT_3D('',#1218,#1219,#1220);
#1218 = CARTESIAN_POINT('',(-53.25,12.5,0.));
#1219 = DIRECTION('',(0.,0.,-1.));
#1220 = DIRECTION('',(-1.,-0.,-0.));
#1221 = FACE_BOUND('',#1222,.F.);
#1222 = EDGE_LOOP('',(#1223,#1233,#1242,#1250));
#1223 = ORIENTED_EDGE('',*,*,#1224,.F.);
#1224 = EDGE_CURVE('',#1225,#1227,#1229,.T.);
#1225 = VERTEX_POINT('',#1226);
#1226 = CARTESIAN_POINT('',(-86.,38.5,0.));
#1227 = VERTEX_POINT('',#1228);
#1228 = CARTESIAN_POINT('',(-86.,12.5,0.));
#1229 = LINE('',#1230,#1231);
#1230 = CARTESIAN_POINT('',(-86.,38.5,0.));
#1231 = VECTOR('',#1232,1.);
#1232 = DIRECTION('',(-0.,-1.,-0.));
#1233 = ORIENTED_EDGE('',*,*,#1234,.T.);
#1234 = EDGE_CURVE('',#1225,#1235,#1237,.T.);
#1235 = VERTEX_POINT('',#1236);
#1236 = CARTESIAN_POINT('',(-83.,38.5,0.));
#1237 = CIRCLE('',#1238,1.5);
#1238 = AXIS2_PLACEMENT_3D('',#1239,#1240,#1241);
#1239 = CARTESIAN_POINT('',(-84.5,38.5,0.));
#1240 = DIRECTION('',(0.,0.,-1.));
#1241 = DIRECTION('',(-1.,-0.,-0.));
#1242 = ORIENTED_EDGE('',*,*,#1243,.T.);
#1243 = EDGE_CURVE('',#1235,#1244,#1246,.T.);
#1244 = VERTEX_POINT('',#1245);
#1245 = CARTESIAN_POINT('',(-83.,12.5,0.));
#1246 = LINE('',#1247,#1248);
#1247 = CARTESIAN_POINT('',(-83.,38.5,0.));
#1248 = VECTOR('',#1249,1.);
#1249 = DIRECTION('',(-0.,-1.,-0.));
#1250 = ORIENTED_EDGE('',*,*,#1251,.T.);
#1251 = EDGE_CURVE('',#1244,#1227,#1252,.T.);
#1252 = CIRCLE('',#1253,1.5);
#1253 = AXIS2_PLACEMENT_3D('',#1254,#1255,#1256);
#1254 = CARTESIAN_POINT('',(-84.5,12.5,0.));
#1255 = DIRECTION('',(0.,0.,-1.));
#1256 = DIRECTION('',(-1.,-0.,-0.));
#1257 = FACE_BOUND('',#1258,.F.);
#1258 = EDGE_LOOP('',(#1259,#1269,#1278,#1286));
#1259 = ORIENTED_EDGE('',*,*,#1260,.F.);
#1260 = EDGE_CURVE('',#1261,#1263,#1265,.T.);
#1261 = VERTEX_POINT('',#1262);
#1262 = CARTESIAN_POINT('',(-73.58333333333,38.5,0.));
#1263 = VERTEX_POINT('',#1264);
#1264 = CARTESIAN_POINT('',(-73.58333333333,12.5,0.));
#1265 = LINE('',#1266,#1267);
#1266 = CARTESIAN_POINT('',(-73.58333333333,38.5,0.));
#1267 = VECTOR('',#1268,1.);
#1268 = DIRECTION('',(-0.,-1.,-0.));
#1269 = ORIENTED_EDGE('',*,*,#1270,.T.);
#1270 = EDGE_CURVE('',#1261,#1271,#1273,.T.);
#1271 = VERTEX_POINT('',#1272);
#1272 = CARTESIAN_POINT('',(-70.58333333333,38.5,0.));
#1273 = CIRCLE('',#1274,1.5);
#1274 = AXIS2_PLACEMENT_3D('',#1275,#1276,#1277);
#1275 = CARTESIAN_POINT('',(-72.08333333333,38.5,0.));
#1276 = DIRECTION('',(0.,0.,-1.));
#1277 = DIRECTION('',(-1.,-0.,-0.));
#1278 = ORIENTED_EDGE('',*,*,#1279,.T.);
#1279 = EDGE_CURVE('',#1271,#1280,#1282,.T.);
#1280 = VERTEX_POINT('',#1281);
#1281 = CARTESIAN_POINT('',(-70.58333333333,12.5,0.));
#1282 = LINE('',#1283,#1284);
#1283 = CARTESIAN_POINT('',(-70.58333333333,38.5,0.));
#1284 = VECTOR('',#1285,1.);
#1285 = DIRECTION('',(-0.,-1.,-0.));
#1286 = ORIENTED_EDGE('',*,*,#1287,.T.);
#1287 = EDGE_CURVE('',#1280,#1263,#1288,.T.);
#1288 = CIRCLE('',#1289,1.5);
#1289 = AXIS2_PLACEMENT_3D('',#1290,#1291,#1292);
#1290 = CARTESIAN_POINT('',(-72.08333333333,12.5,0.));
#1291 = DIRECTION('',(0.,0.,-1.));
#1292 = DIRECTION('',(-1.,-0.,-0.));
#1293 = FACE_BOUND('',#1294,.F.);
#1294 = EDGE_LOOP('',(#1295,#1305,#1314,#1322));
#1295 = ORIENTED_EDGE('',*,*,#1296,.F.);
#1296 = EDGE_CURVE('',#1297,#1299,#1301,.T.);
#1297 = VERTEX_POINT('',#1298);
#1298 = CARTESIAN_POINT('',(-61.16666666666,38.5,0.));
#1299 = VERTEX_POINT('',#1300);
#1300 = CARTESIAN_POINT('',(-61.16666666666,12.5,0.));
#1301 = LINE('',#1302,#1303);
#1302 = CARTESIAN_POINT('',(-61.16666666666,38.5,0.));
#1303 = VECTOR('',#1304,1.);
#1304 = DIRECTION('',(-0.,-1.,-0.));
#1305 = ORIENTED_EDGE('',*,*,#1306,.T.);
#1306 = EDGE_CURVE('',#1297,#1307,#1309,.T.);
#1307 = VERTEX_POINT('',#1308);
#1308 = CARTESIAN_POINT('',(-58.16666666666,38.5,0.));
#1309 = CIRCLE('',#1310,1.5);
#1310 = AXIS2_PLACEMENT_3D('',#1311,#1312,#1313);
#1311 = CARTESIAN_POINT('',(-59.66666666666,38.5,0.));
#1312 = DIRECTION('',(0.,0.,-1.));
#1313 = DIRECTION('',(-1.,-0.,-0.));
#1314 = ORIENTED_EDGE('',*,*,#1315,.T.);
#1315 = EDGE_CURVE('',#1307,#1316,#1318,.T.);
#1316 = VERTEX_POINT('',#1317);
#1317 = CARTESIAN_POINT('',(-58.16666666666,12.5,0.));
#1318 = LINE('',#1319,#1320);
#1319 = CARTESIAN_POINT('',(-58.16666666666,38.5,0.));
#1320 = VECTOR('',#1321,1.);
#1321 = DIRECTION('',(-0.,-1.,-0.));
#1322 = ORIENTED_EDGE('',*,*,#1323,.T.);
#1323 = EDGE_CURVE('',#1316,#1299,#1324,.T.);
#1324 = CIRCLE('',#1325,1.5);
#1325 = AXIS2_PLACEMENT_3D('',#1326,#1327,#1328);
#1326 = CARTESIAN_POINT('',(-59.66666666666,12.5,0.));
#1327 = DIRECTION('',(0.,0.,-1.));
#1328 = DIRECTION('',(-1.,-0.,-0.));
#1329 = FACE_BOUND('',#1330,.F.);
#1330 = EDGE_LOOP('',(#1331,#1341,#1350,#1358));
#1331 = ORIENTED_EDGE('',*,*,#1332,.F.);
#1332 = EDGE_CURVE('',#1333,#1335,#1337,.T.);
#1333 = VERTEX_POINT('',#1334);
#1334 = CARTESIAN_POINT('',(-42.33333333333,22.5,0.));
#1335 = VERTEX_POINT('',#1336);
#1336 = CARTESIAN_POINT('',(-42.33333333333,12.5,0.));
#1337 = LINE('',#1338,#1339);
#1338 = CARTESIAN_POINT('',(-42.33333333333,22.5,0.));
#1339 = VECTOR('',#1340,1.);
#1340 = DIRECTION('',(-0.,-1.,-0.));
#1341 = ORIENTED_EDGE('',*,*,#1342,.T.);
#1342 = EDGE_CURVE('',#1333,#1343,#1345,.T.);
#1343 = VERTEX_POINT('',#1344);
#1344 = CARTESIAN_POINT('',(-39.33333333333,22.5,0.));
#1345 = CIRCLE('',#1346,1.5);
#1346 = AXIS2_PLACEMENT_3D('',#1347,#1348,#1349);
#1347 = CARTESIAN_POINT('',(-40.83333333333,22.5,0.));
#1348 = DIRECTION('',(0.,0.,-1.));
#1349 = DIRECTION('',(-1.,-0.,-0.));
#1350 = ORIENTED_EDGE('',*,*,#1351,.T.);
#1351 = EDGE_CURVE('',#1343,#1352,#1354,.T.);
#1352 = VERTEX_POINT('',#1353);
#1353 = CARTESIAN_POINT('',(-39.33333333333,12.5,0.));
#1354 = LINE('',#1355,#1356);
#1355 = CARTESIAN_POINT('',(-39.33333333333,22.5,0.));
#1356 = VECTOR('',#1357,1.);
#1357 = DIRECTION('',(-0.,-1.,-0.));
#1358 = ORIENTED_EDGE('',*,*,#1359,.T.);
#1359 = EDGE_CURVE('',#1352,#1335,#1360,.T.);
#1360 = CIRCLE('',#1361,1.5);
#1361 = AXIS2_PLACEMENT_3D('',#1362,#1363,#1364);
#1362 = CARTESIAN_POINT('',(-40.83333333333,12.5,0.));
#1363 = DIRECTION('',(0.,0.,-1.));
#1364 = DIRECTION('',(-1.,-0.,-0.));
#1365 = FACE_BOUND('',#1366,.F.);
#1366 = EDGE_LOOP('',(#1367,#1377,#1386,#1394));
#1367 = ORIENTED_EDGE('',*,*,#1368,.F.);
#1368 = EDGE_CURVE('',#1369,#1371,#1373,.T.);
#1369 = VERTEX_POINT('',#1370);
#1370 = CARTESIAN_POINT('',(-29.91666666666,22.5,0.));
#1371 = VERTEX_POINT('',#1372);
#1372 = CARTESIAN_POINT('',(-29.91666666666,12.5,0.));
#1373 = LINE('',#1374,#1375);
#1374 = CARTESIAN_POINT('',(-29.91666666666,22.5,0.));
#1375 = VECTOR('',#1376,1.);
#1376 = DIRECTION('',(-0.,-1.,-0.));
#1377 = ORIENTED_EDGE('',*,*,#1378,.T.);
#1378 = EDGE_CURVE('',#1369,#1379,#1381,.T.);
#1379 = VERTEX_POINT('',#1380);
#1380 = CARTESIAN_POINT('',(-26.91666666666,22.5,0.));
#1381 = CIRCLE('',#1382,1.5);
#1382 = AXIS2_PLACEMENT_3D('',#1383,#1384,#1385);
#1383 = CARTESIAN_POINT('',(-28.41666666666,22.5,0.));
#1384 = DIRECTION('',(0.,0.,-1.));
#1385 = DIRECTION('',(-1.,-0.,-0.));
#1386 = ORIENTED_EDGE('',*,*,#1387,.T.);
#1387 = EDGE_CURVE('',#1379,#1388,#1390,.T.);
#1388 = VERTEX_POINT('',#1389);
#1389 = CARTESIAN_POINT('',(-26.91666666666,12.5,0.));
#1390 = LINE('',#1391,#1392);
#1391 = CARTESIAN_POINT('',(-26.91666666666,22.5,0.));
#1392 = VECTOR('',#1393,1.);
#1393 = DIRECTION('',(-0.,-1.,-0.));
#1394 = ORIENTED_EDGE('',*,*,#1395,.T.);
#1395 = EDGE_CURVE('',#1388,#1371,#1396,.T.);
#1396 = CIRCLE('',#1397,1.5);
#1397 = AXIS2_PLACEMENT_3D('',#1398,#1399,#1400);
#1398 = CARTESIAN_POINT('',(-28.41666666666,12.5,0.));
#1399 = DIRECTION('',(0.,0.,-1.));
#1400 = DIRECTION('',(-1.,-0.,-0.));
#1401 = FACE_BOUND('',#1402,.F.);
#1402 = EDGE_LOOP('',(#1403,#1413,#1422,#1430));
#1403 = ORIENTED_EDGE('',*,*,#1404,.F.);
#1404 = EDGE_CURVE('',#1405,#1407,#1409,.T.);
#1405 = VERTEX_POINT('',#1406);
#1406 = CARTESIAN_POINT('',(-17.5,22.5,0.));
#1407 = VERTEX_POINT('',#1408);
#1408 = CARTESIAN_POINT('',(-17.5,12.5,0.));
#1409 = LINE('',#1410,#1411);
#1410 = CARTESIAN_POINT('',(-17.5,22.5,0.));
#1411 = VECTOR('',#1412,1.);
#1412 = DIRECTION('',(-0.,-1.,-0.));
#1413 = ORIENTED_EDGE('',*,*,#1414,.T.);
#1414 = EDGE_CURVE('',#1405,#1415,#1417,.T.);
#1415 = VERTEX_POINT('',#1416);
#1416 = CARTESIAN_POINT('',(-14.5,22.5,0.));
#1417 = CIRCLE('',#1418,1.5);
#1418 = AXIS2_PLACEMENT_3D('',#1419,#1420,#1421);
#1419 = CARTESIAN_POINT('',(-16.,22.5,0.));
#1420 = DIRECTION('',(0.,0.,-1.));
#1421 = DIRECTION('',(-1.,-0.,-0.));
#1422 = ORIENTED_EDGE('',*,*,#1423,.T.);
#1423 = EDGE_CURVE('',#1415,#1424,#1426,.T.);
#1424 = VERTEX_POINT('',#1425);
#1425 = CARTESIAN_POINT('',(-14.5,12.5,0.));
#1426 = LINE('',#1427,#1428);
#1427 = CARTESIAN_POINT('',(-14.5,22.5,0.));
#1428 = VECTOR('',#1429,1.);
#1429 = DIRECTION('',(-0.,-1.,-0.));
#1430 = ORIENTED_EDGE('',*,*,#1431,.T.);
#1431 = EDGE_CURVE('',#1424,#1407,#1432,.T.);
#1432 = CIRCLE('',#1433,1.5);
#1433 = AXIS2_PLACEMENT_3D('',#1434,#1435,#1436);
#1434 = CARTESIAN_POINT('',(-16.,12.5,0.));
#1435 = DIRECTION('',(0.,0.,-1.));
#1436 = DIRECTION('',(-1.,-0.,-0.));
#1437 = FACE_BOUND('',#1438,.F.);
#1438 = EDGE_LOOP('',(#1439,#1449,#1458,#1466));
#1439 = ORIENTED_EDGE('',*,*,#1440,.F.);
#1440 = EDGE_CURVE('',#1441,#1443,#1445,.T.);
#1441 = VERTEX_POINT('',#1442);
#1442 = CARTESIAN_POINT('',(-48.75,38.5,0.));
#1443 = VERTEX_POINT('',#1444);
#1444 = CARTESIAN_POINT('',(-48.75,12.5,0.));
#1445 = LINE('',#1446,#1447);
#1446 = CARTESIAN_POINT('',(-48.75,38.5,0.));
#1447 = VECTOR('',#1448,1.);
#1448 = DIRECTION('',(-0.,-1.,-0.));
#1449 = ORIENTED_EDGE('',*,*,#1450,.T.);
#1450 = EDGE_CURVE('',#1441,#1451,#1453,.T.);
#1451 = VERTEX_POINT('',#1452);
#1452 = CARTESIAN_POINT('',(-45.75,38.5,0.));
#1453 = CIRCLE('',#1454,1.5);
#1454 = AXIS2_PLACEMENT_3D('',#1455,#1456,#1457);
#1455 = CARTESIAN_POINT('',(-47.25,38.5,0.));
#1456 = DIRECTION('',(0.,0.,-1.));
#1457 = DIRECTION('',(-1.,-0.,-0.));
#1458 = ORIENTED_EDGE('',*,*,#1459,.T.);
#1459 = EDGE_CURVE('',#1451,#1460,#1462,.T.);
#1460 = VERTEX_POINT('',#1461);
#1461 = CARTESIAN_POINT('',(-45.75,12.5,0.));
#1462 = LINE('',#1463,#1464);
#1463 = CARTESIAN_POINT('',(-45.75,38.5,0.));
#1464 = VECTOR('',#1465,1.);
#1465 = DIRECTION('',(-0.,-1.,-0.));
#1466 = ORIENTED_EDGE('',*,*,#1467,.T.);
#1467 = EDGE_CURVE('',#1460,#1443,#1468,.T.);
#1468 = CIRCLE('',#1469,1.5);
#1469 = AXIS2_PLACEMENT_3D('',#1470,#1471,#1472);
#1470 = CARTESIAN_POINT('',(-47.25,12.5,0.));
#1471 = DIRECTION('',(0.,0.,-1.));
#1472 = DIRECTION('',(-1.,-0.,-0.));
#1473 = FACE_BOUND('',#1474,.F.);
#1474 = EDGE_LOOP('',(#1475,#1485,#1494,#1502));
#1475 = ORIENTED_EDGE('',*,*,#1476,.F.);
#1476 = EDGE_CURVE('',#1477,#1479,#1481,.T.);
#1477 = VERTEX_POINT('',#1478);
#1478 = CARTESIAN_POINT('',(-36.33333333333,38.5,0.));
#1479 = VERTEX_POINT('',#1480);
#1480 = CARTESIAN_POINT('',(-36.33333333333,12.5,0.));
#1481 = LINE('',#1482,#1483);
#1482 = CARTESIAN_POINT('',(-36.33333333333,38.5,0.));
#1483 = VECTOR('',#1484,1.);
#1484 = DIRECTION('',(-0.,-1.,-0.));
#1485 = ORIENTED_EDGE('',*,*,#1486,.T.);
#1486 = EDGE_CURVE('',#1477,#1487,#1489,.T.);
#1487 = VERTEX_POINT('',#1488);
#1488 = CARTESIAN_POINT('',(-33.33333333333,38.5,0.));
#1489 = CIRCLE('',#1490,1.5);
#1490 = AXIS2_PLACEMENT_3D('',#1491,#1492,#1493);
#1491 = CARTESIAN_POINT('',(-34.83333333333,38.5,0.));
#1492 = DIRECTION('',(0.,0.,-1.));
#1493 = DIRECTION('',(-1.,-0.,-0.));
#1494 = ORIENTED_EDGE('',*,*,#1495,.T.);
#1495 = EDGE_CURVE('',#1487,#1496,#1498,.T.);
#1496 = VERTEX_POINT('',#1497);
#1497 = CARTESIAN_POINT('',(-33.33333333333,12.5,0.));
#1498 = LINE('',#1499,#1500);
#1499 = CARTESIAN_POINT('',(-33.33333333333,38.5,0.));
#1500 = VECTOR('',#1501,1.);
#1501 = DIRECTION('',(-0.,-1.,-0.));
#1502 = ORIENTED_EDGE('',*,*,#1503,.T.);
#1503 = EDGE_CURVE('',#1496,#1479,#1504,.T.);
#1504 = CIRCLE('',#1505,1.5);
#1505 = AXIS2_PLACEMENT_3D('',#1506,#1507,#1508);
#1506 = CARTESIAN_POINT('',(-34.83333333333,12.5,0.));
#1507 = DIRECTION('',(0.,0.,-1.));
#1508 = DIRECTION('',(-1.,-0.,-0.));
#1509 = FACE_BOUND('',#1510,.F.);
#1510 = EDGE_LOOP('',(#1511,#1521,#1530,#1538));
#1511 = ORIENTED_EDGE('',*,*,#1512,.F.);
#1512 = EDGE_CURVE('',#1513,#1515,#1517,.T.);
#1513 = VERTEX_POINT('',#1514);
#1514 = CARTESIAN_POINT('',(-23.91666666666,38.5,0.));
#1515 = VERTEX_POINT('',#1516);
#1516 = CARTESIAN_POINT('',(-23.91666666666,12.5,0.));
#1517 = LINE('',#1518,#1519);
#1518 = CARTESIAN_POINT('',(-23.91666666666,38.5,0.));
#1519 = VECTOR('',#1520,1.);
#1520 = DIRECTION('',(-0.,-1.,-0.));
#1521 = ORIENTED_EDGE('',*,*,#1522,.T.);
#1522 = EDGE_CURVE('',#1513,#1523,#1525,.T.);
#1523 = VERTEX_POINT('',#1524);
#1524 = CARTESIAN_POINT('',(-20.91666666666,38.5,0.));
#1525 = CIRCLE('',#1526,1.5);
#1526 = AXIS2_PLACEMENT_3D('',#1527,#1528,#1529);
#1527 = CARTESIAN_POINT('',(-22.41666666666,38.5,0.));
#1528 = DIRECTION('',(0.,0.,-1.));
#1529 = DIRECTION('',(-1.,-0.,-0.));
#1530 = ORIENTED_EDGE('',*,*,#1531,.T.);
#1531 = EDGE_CURVE('',#1523,#1532,#1534,.T.);
#1532 = VERTEX_POINT('',#1533);
#1533 = CARTESIAN_POINT('',(-20.91666666666,12.5,0.));
#1534 = LINE('',#1535,#1536);
#1535 = CARTESIAN_POINT('',(-20.91666666666,38.5,0.));
#1536 = VECTOR('',#1537,1.);
#1537 = DIRECTION('',(-0.,-1.,-0.));
#1538 = ORIENTED_EDGE('',*,*,#1539,.T.);
#1539 = EDGE_CURVE('',#1532,#1515,#1540,.T.);
#1540 = CIRCLE('',#1541,1.5);
#1541 = AXIS2_PLACEMENT_3D('',#1542,#1543,#1544);
#1542 = CARTESIAN_POINT('',(-22.41666666666,12.5,0.));
#1543 = DIRECTION('',(0.,0.,-1.));
#1544 = DIRECTION('',(-1.,-0.,-0.));
#1545 = FACE_BOUND('',#1546,.F.);
#1546 = EDGE_LOOP('',(#1547,#1557,#1566,#1574));
#1547 = ORIENTED_EDGE('',*,*,#1548,.F.);
#1548 = EDGE_CURVE('',#1549,#1551,#1553,.T.);
#1549 = VERTEX_POINT('',#1550);
#1550 = CARTESIAN_POINT('',(-11.5,38.5,0.));
#1551 = VERTEX_POINT('',#1552);
#1552 = CARTESIAN_POINT('',(-11.5,12.5,0.));
#1553 = LINE('',#1554,#1555);
#1554 = CARTESIAN_POINT('',(-11.5,38.5,0.));
#1555 = VECTOR('',#1556,1.);
#1556 = DIRECTION('',(-0.,-1.,-0.));
#1557 = ORIENTED_EDGE('',*,*,#1558,.T.);
#1558 = EDGE_CURVE('',#1549,#1559,#1561,.T.);
#1559 = VERTEX_POINT('',#1560);
#1560 = CARTESIAN_POINT('',(-8.5,38.5,0.));
#1561 = CIRCLE('',#1562,1.5);
#1562 = AXIS2_PLACEMENT_3D('',#1563,#1564,#1565);
#1563 = CARTESIAN_POINT('',(-10.,38.5,0.));
#1564 = DIRECTION('',(0.,0.,-1.));
#1565 = DIRECTION('',(-1.,-0.,-0.));
#1566 = ORIENTED_EDGE('',*,*,#1567,.T.);
#1567 = EDGE_CURVE('',#1559,#1568,#1570,.T.);
#1568 = VERTEX_POINT('',#1569);
#1569 = CARTESIAN_POINT('',(-8.5,12.5,0.));
#1570 = LINE('',#1571,#1572);
#1571 = CARTESIAN_POINT('',(-8.5,38.5,0.));
#1572 = VECTOR('',#1573,1.);
#1573 = DIRECTION('',(-0.,-1.,-0.));
#1574 = ORIENTED_EDGE('',*,*,#1575,.T.);
#1575 = EDGE_CURVE('',#1568,#1551,#1576,.T.);
#1576 = CIRCLE('',#1577,1.5);
#1577 = AXIS2_PLACEMENT_3D('',#1578,#1579,#1580);
#1578 = CARTESIAN_POINT('',(-10.,12.5,0.));
#1579 = DIRECTION('',(0.,0.,-1.));
#1580 = DIRECTION('',(-1.,-0.,-0.));
#1581 = FACE_BOUND('',#1582,.F.);
#1582 = EDGE_LOOP('',(#1583,#1593,#1602,#1610));
#1583 = ORIENTED_EDGE('',*,*,#1584,.F.);
#1584 = EDGE_CURVE('',#1585,#1587,#1589,.T.);
#1585 = VERTEX_POINT('',#1586);
#1586 = CARTESIAN_POINT('',(-92.,57.5,0.));
#1587 = VERTEX_POINT('',#1588);
#1588 = CARTESIAN_POINT('',(-92.,31.5,0.));
#1589 = LINE('',#1590,#1591);
#1590 = CARTESIAN_POINT('',(-92.,57.5,0.));
#1591 = VECTOR('',#1592,1.);
#1592 = DIRECTION('',(-0.,-1.,-0.));
#1593 = ORIENTED_EDGE('',*,*,#1594,.T.);
#1594 = EDGE_CURVE('',#1585,#1595,#1597,.T.);
#1595 = VERTEX_POINT('',#1596);
#1596 = CARTESIAN_POINT('',(-89.,57.5,0.));
#1597 = CIRCLE('',#1598,1.5);
#1598 = AXIS2_PLACEMENT_3D('',#1599,#1600,#1601);
#1599 = CARTESIAN_POINT('',(-90.5,57.5,0.));
#1600 = DIRECTION('',(0.,0.,-1.));
#1601 = DIRECTION('',(-1.,-0.,-0.));
#1602 = ORIENTED_EDGE('',*,*,#1603,.T.);
#1603 = EDGE_CURVE('',#1595,#1604,#1606,.T.);
#1604 = VERTEX_POINT('',#1605);
#1605 = CARTESIAN_POINT('',(-89.,31.5,0.));
#1606 = LINE('',#1607,#1608);
#1607 = CARTESIAN_POINT('',(-89.,57.5,0.));
#1608 = VECTOR('',#1609,1.);
#1609 = DIRECTION('',(-0.,-1.,-0.));
#1610 = ORIENTED_EDGE('',*,*,#1611,.T.);
#1611 = EDGE_CURVE('',#1604,#1587,#1612,.T.);
#1612 = CIRCLE('',#1613,1.5);
#1613 = AXIS2_PLACEMENT_3D('',#1614,#1615,#1616);
#1614 = CARTESIAN_POINT('',(-90.5,31.5,0.));
#1615 = DIRECTION('',(0.,0.,-1.));
#1616 = DIRECTION('',(-1.,-0.,-0.));
#1617 = FACE_BOUND('',#1618,.F.);
#1618 = EDGE_LOOP('',(#1619,#1629,#1638,#1646));
#1619 = ORIENTED_EDGE('',*,*,#1620,.F.);
#1620 = EDGE_CURVE('',#1621,#1623,#1625,.T.);
#1621 = VERTEX_POINT('',#1622);
#1622 = CARTESIAN_POINT('',(-79.58333333333,57.5,0.));
#1623 = VERTEX_POINT('',#1624);
#1624 = CARTESIAN_POINT('',(-79.58333333333,31.5,0.));
#1625 = LINE('',#1626,#1627);
#1626 = CARTESIAN_POINT('',(-79.58333333333,57.5,0.));
#1627 = VECTOR('',#1628,1.);
#1628 = DIRECTION('',(-0.,-1.,-0.));
#1629 = ORIENTED_EDGE('',*,*,#1630,.T.);
#1630 = EDGE_CURVE('',#1621,#1631,#1633,.T.);
#1631 = VERTEX_POINT('',#1632);
#1632 = CARTESIAN_POINT('',(-76.58333333333,57.5,0.));
#1633 = CIRCLE('',#1634,1.5);
#1634 = AXIS2_PLACEMENT_3D('',#1635,#1636,#1637);
#1635 = CARTESIAN_POINT('',(-78.08333333333,57.5,0.));
#1636 = DIRECTION('',(0.,0.,-1.));
#1637 = DIRECTION('',(-1.,-0.,-0.));
#1638 = ORIENTED_EDGE('',*,*,#1639,.T.);
#1639 = EDGE_CURVE('',#1631,#1640,#1642,.T.);
#1640 = VERTEX_POINT('',#1641);
#1641 = CARTESIAN_POINT('',(-76.58333333333,31.5,0.));
#1642 = LINE('',#1643,#1644);
#1643 = CARTESIAN_POINT('',(-76.58333333333,57.5,0.));
#1644 = VECTOR('',#1645,1.);
#1645 = DIRECTION('',(-0.,-1.,-0.));
#1646 = ORIENTED_EDGE('',*,*,#1647,.T.);
#1647 = EDGE_CURVE('',#1640,#1623,#1648,.T.);
#1648 = CIRCLE('',#1649,1.5);
#1649 = AXIS2_PLACEMENT_3D('',#1650,#1651,#1652);
#1650 = CARTESIAN_POINT('',(-78.08333333333,31.5,0.));
#1651 = DIRECTION('',(0.,0.,-1.));
#1652 = DIRECTION('',(-1.,-0.,-0.));
#1653 = FACE_BOUND('',#1654,.F.);
#1654 = EDGE_LOOP('',(#1655,#1665,#1674,#1682));
#1655 = ORIENTED_EDGE('',*,*,#1656,.F.);
#1656 = EDGE_CURVE('',#1657,#1659,#1661,.T.);
#1657 = VERTEX_POINT('',#1658);
#1658 = CARTESIAN_POINT('',(-67.16666666666,57.5,0.));
#1659 = VERTEX_POINT('',#1660);
#1660 = CARTESIAN_POINT('',(-67.16666666666,31.5,0.));
#1661 = LINE('',#1662,#1663);
#1662 = CARTESIAN_POINT('',(-67.16666666666,57.5,0.));
#1663 = VECTOR('',#1664,1.);
#1664 = DIRECTION('',(-0.,-1.,-0.));
#1665 = ORIENTED_EDGE('',*,*,#1666,.T.);
#1666 = EDGE_CURVE('',#1657,#1667,#1669,.T.);
#1667 = VERTEX_POINT('',#1668);
#1668 = CARTESIAN_POINT('',(-64.16666666666,57.5,0.));
#1669 = CIRCLE('',#1670,1.5);
#1670 = AXIS2_PLACEMENT_3D('',#1671,#1672,#1673);
#1671 = CARTESIAN_POINT('',(-65.66666666666,57.5,0.));
#1672 = DIRECTION('',(0.,0.,-1.));
#1673 = DIRECTION('',(-1.,-0.,-0.));
#1674 = ORIENTED_EDGE('',*,*,#1675,.T.);
#1675 = EDGE_CURVE('',#1667,#1676,#1678,.T.);
#1676 = VERTEX_POINT('',#1677);
#1677 = CARTESIAN_POINT('',(-64.16666666666,31.5,0.));
#1678 = LINE('',#1679,#1680);
#1679 = CARTESIAN_POINT('',(-64.16666666666,57.5,0.));
#1680 = VECTOR('',#1681,1.);
#1681 = DIRECTION('',(-0.,-1.,-0.));
#1682 = ORIENTED_EDGE('',*,*,#1683,.T.);
#1683 = EDGE_CURVE('',#1676,#1659,#1684,.T.);
#1684 = CIRCLE('',#1685,1.5);
#1685 = AXIS2_PLACEMENT_3D('',#1686,#1687,#1688);
#1686 = CARTESIAN_POINT('',(-65.66666666666,31.5,0.));
#1687 = DIRECTION('',(0.,0.,-1.));
#1688 = DIRECTION('',(-1.,-0.,-0.));
#1689 = FACE_BOUND('',#1690,.F.);
#1690 = EDGE_LOOP('',(#1691,#1701,#1710,#1718));
#1691 = ORIENTED_EDGE('',*,*,#1692,.F.);
#1692 = EDGE_CURVE('',#1693,#1695,#1697,.T.);
#1693 = VERTEX_POINT('',#1694);
#1694 = CARTESIAN_POINT('',(-54.75,57.5,0.));
#1695 = VERTEX_POINT('',#1696);
#1696 = CARTESIAN_POINT('',(-54.75,31.5,0.));
#1697 = LINE('',#1698,#1699);
#1698 = CARTESIAN_POINT('',(-54.75,57.5,0.));
#1699 = VECTOR('',#1700,1.);
#1700 = DIRECTION('',(-0.,-1.,-0.));
#1701 = ORIENTED_EDGE('',*,*,#1702,.T.);
#1702 = EDGE_CURVE('',#1693,#1703,#1705,.T.);
#1703 = VERTEX_POINT('',#1704);
#1704 = CARTESIAN_POINT('',(-51.75,57.5,0.));
#1705 = CIRCLE('',#1706,1.5);
#1706 = AXIS2_PLACEMENT_3D('',#1707,#1708,#1709);
#1707 = CARTESIAN_POINT('',(-53.25,57.5,0.));
#1708 = DIRECTION('',(0.,0.,-1.));
#1709 = DIRECTION('',(-1.,-0.,-0.));
#1710 = ORIENTED_EDGE('',*,*,#1711,.T.);
#1711 = EDGE_CURVE('',#1703,#1712,#1714,.T.);
#1712 = VERTEX_POINT('',#1713);
#1713 = CARTESIAN_POINT('',(-51.75,31.5,0.));
#1714 = LINE('',#1715,#1716);
#1715 = CARTESIAN_POINT('',(-51.75,57.5,0.));
#1716 = VECTOR('',#1717,1.);
#1717 = DIRECTION('',(-0.,-1.,-0.));
#1718 = ORIENTED_EDGE('',*,*,#1719,.T.);
#1719 = EDGE_CURVE('',#1712,#1695,#1720,.T.);
#1720 = CIRCLE('',#1721,1.5);
#1721 = AXIS2_PLACEMENT_3D('',#1722,#1723,#1724);
#1722 = CARTESIAN_POINT('',(-53.25,31.5,0.));
#1723 = DIRECTION('',(0.,0.,-1.));
#1724 = DIRECTION('',(-1.,-0.,-0.));
#1725 = FACE_BOUND('',#1726,.F.);
#1726 = EDGE_LOOP('',(#1727,#1737,#1746,#1754));
#1727 = ORIENTED_EDGE('',*,*,#1728,.F.);
#1728 = EDGE_CURVE('',#1729,#1731,#1733,.T.);
#1729 = VERTEX_POINT('',#1730);
#1730 = CARTESIAN_POINT('',(-86.,57.5,0.));
#1731 = VERTEX_POINT('',#1732);
#1732 = CARTESIAN_POINT('',(-86.,47.5,0.));
#1733 = LINE('',#1734,#1735);
#1734 = CARTESIAN_POINT('',(-86.,57.5,0.));
#1735 = VECTOR('',#1736,1.);
#1736 = DIRECTION('',(-0.,-1.,-0.));
#1737 = ORIENTED_EDGE('',*,*,#1738,.T.);
#1738 = EDGE_CURVE('',#1729,#1739,#1741,.T.);
#1739 = VERTEX_POINT('',#1740);
#1740 = CARTESIAN_POINT('',(-83.,57.5,0.));
#1741 = CIRCLE('',#1742,1.5);
#1742 = AXIS2_PLACEMENT_3D('',#1743,#1744,#1745);
#1743 = CARTESIAN_POINT('',(-84.5,57.5,0.));
#1744 = DIRECTION('',(0.,0.,-1.));
#1745 = DIRECTION('',(-1.,-0.,-0.));
#1746 = ORIENTED_EDGE('',*,*,#1747,.T.);
#1747 = EDGE_CURVE('',#1739,#1748,#1750,.T.);
#1748 = VERTEX_POINT('',#1749);
#1749 = CARTESIAN_POINT('',(-83.,47.5,0.));
#1750 = LINE('',#1751,#1752);
#1751 = CARTESIAN_POINT('',(-83.,57.5,0.));
#1752 = VECTOR('',#1753,1.);
#1753 = DIRECTION('',(-0.,-1.,-0.));
#1754 = ORIENTED_EDGE('',*,*,#1755,.T.);
#1755 = EDGE_CURVE('',#1748,#1731,#1756,.T.);
#1756 = CIRCLE('',#1757,1.5);
#1757 = AXIS2_PLACEMENT_3D('',#1758,#1759,#1760);
#1758 = CARTESIAN_POINT('',(-84.5,47.5,0.));
#1759 = DIRECTION('',(0.,0.,-1.));
#1760 = DIRECTION('',(-1.,-0.,-0.));
#1761 = FACE_BOUND('',#1762,.F.);
#1762 = EDGE_LOOP('',(#1763,#1773,#1782,#1790));
#1763 = ORIENTED_EDGE('',*,*,#1764,.F.);
#1764 = EDGE_CURVE('',#1765,#1767,#1769,.T.);
#1765 = VERTEX_POINT('',#1766);
#1766 = CARTESIAN_POINT('',(-73.58333333333,57.5,0.));
#1767 = VERTEX_POINT('',#1768);
#1768 = CARTESIAN_POINT('',(-73.58333333333,47.5,0.));
#1769 = LINE('',#1770,#1771);
#1770 = CARTESIAN_POINT('',(-73.58333333333,57.5,0.));
#1771 = VECTOR('',#1772,1.);
#1772 = DIRECTION('',(-0.,-1.,-0.));
#1773 = ORIENTED_EDGE('',*,*,#1774,.T.);
#1774 = EDGE_CURVE('',#1765,#1775,#1777,.T.);
#1775 = VERTEX_POINT('',#1776);
#1776 = CARTESIAN_POINT('',(-70.58333333333,57.5,0.));
#1777 = CIRCLE('',#1778,1.5);
#1778 = AXIS2_PLACEMENT_3D('',#1779,#1780,#1781);
#1779 = CARTESIAN_POINT('',(-72.08333333333,57.5,0.));
#1780 = DIRECTION('',(0.,0.,-1.));
#1781 = DIRECTION('',(-1.,-0.,-0.));
#1782 = ORIENTED_EDGE('',*,*,#1783,.T.);
#1783 = EDGE_CURVE('',#1775,#1784,#1786,.T.);
#1784 = VERTEX_POINT('',#1785);
#1785 = CARTESIAN_POINT('',(-70.58333333333,47.5,0.));
#1786 = LINE('',#1787,#1788);
#1787 = CARTESIAN_POINT('',(-70.58333333333,57.5,0.));
#1788 = VECTOR('',#1789,1.);
#1789 = DIRECTION('',(-0.,-1.,-0.));
#1790 = ORIENTED_EDGE('',*,*,#1791,.T.);
#1791 = EDGE_CURVE('',#1784,#1767,#1792,.T.);
#1792 = CIRCLE('',#1793,1.5);
#1793 = AXIS2_PLACEMENT_3D('',#1794,#1795,#1796);
#1794 = CARTESIAN_POINT('',(-72.08333333333,47.5,0.));
#1795 = DIRECTION('',(0.,0.,-1.));
#1796 = DIRECTION('',(-1.,-0.,-0.));
#1797 = FACE_BOUND('',#1798,.F.);
#1798 = EDGE_LOOP('',(#1799,#1809,#1818,#1826));
#1799 = ORIENTED_EDGE('',*,*,#1800,.F.);
#1800 = EDGE_CURVE('',#1801,#1803,#1805,.T.);
#1801 = VERTEX_POINT('',#1802);
#1802 = CARTESIAN_POINT('',(-61.16666666666,57.5,0.));
#1803 = VERTEX_POINT('',#1804);
#1804 = CARTESIAN_POINT('',(-61.16666666666,47.5,0.));
#1805 = LINE('',#1806,#1807);
#1806 = CARTESIAN_POINT('',(-61.16666666666,57.5,0.));
#1807 = VECTOR('',#1808,1.);
#1808 = DIRECTION('',(-0.,-1.,-0.));
#1809 = ORIENTED_EDGE('',*,*,#1810,.T.);
#1810 = EDGE_CURVE('',#1801,#1811,#1813,.T.);
#1811 = VERTEX_POINT('',#1812);
#1812 = CARTESIAN_POINT('',(-58.16666666666,57.5,0.));
#1813 = CIRCLE('',#1814,1.5);
#1814 = AXIS2_PLACEMENT_3D('',#1815,#1816,#1817);
#1815 = CARTESIAN_POINT('',(-59.66666666666,57.5,0.));
#1816 = DIRECTION('',(0.,0.,-1.));
#1817 = DIRECTION('',(-1.,-0.,-0.));
#1818 = ORIENTED_EDGE('',*,*,#1819,.T.);
#1819 = EDGE_CURVE('',#1811,#1820,#1822,.T.);
#1820 = VERTEX_POINT('',#1821);
#1821 = CARTESIAN_POINT('',(-58.16666666666,47.5,0.));
#1822 = LINE('',#1823,#1824);
#1823 = CARTESIAN_POINT('',(-58.16666666666,57.5,0.));
#1824 = VECTOR('',#1825,1.);
#1825 = DIRECTION('',(-0.,-1.,-0.));
#1826 = ORIENTED_EDGE('',*,*,#1827,.T.);
#1827 = EDGE_CURVE('',#1820,#1803,#1828,.T.);
#1828 = CIRCLE('',#1829,1.5);
#1829 = AXIS2_PLACEMENT_3D('',#1830,#1831,#1832);
#1830 = CARTESIAN_POINT('',(-59.66666666666,47.5,0.));
#1831 = DIRECTION('',(0.,0.,-1.));
#1832 = DIRECTION('',(-1.,-0.,-0.));
#1833 = FACE_BOUND('',#1834,.F.);
#1834 = EDGE_LOOP('',(#1835,#1845,#1854,#1862));
#1835 = ORIENTED_EDGE('',*,*,#1836,.F.);
#1836 = EDGE_CURVE('',#1837,#1839,#1841,.T.);
#1837 = VERTEX_POINT('',#1838);
#1838 = CARTESIAN_POINT('',(-42.33333333333,57.5,0.));
#1839 = VERTEX_POINT('',#1840);
#1840 = CARTESIAN_POINT('',(-42.33333333333,31.5,0.));
#1841 = LINE('',#1842,#1843);
#1842 = CARTESIAN_POINT('',(-42.33333333333,57.5,0.));
#1843 = VECTOR('',#1844,1.);
#1844 = DIRECTION('',(-0.,-1.,-0.));
#1845 = ORIENTED_EDGE('',*,*,#1846,.T.);
#1846 = EDGE_CURVE('',#1837,#1847,#1849,.T.);
#1847 = VERTEX_POINT('',#1848);
#1848 = CARTESIAN_POINT('',(-39.33333333333,57.5,0.));
#1849 = CIRCLE('',#1850,1.5);
#1850 = AXIS2_PLACEMENT_3D('',#1851,#1852,#1853);
#1851 = CARTESIAN_POINT('',(-40.83333333333,57.5,0.));
#1852 = DIRECTION('',(0.,0.,-1.));
#1853 = DIRECTION('',(-1.,-0.,-0.));
#1854 = ORIENTED_EDGE('',*,*,#1855,.T.);
#1855 = EDGE_CURVE('',#1847,#1856,#1858,.T.);
#1856 = VERTEX_POINT('',#1857);
#1857 = CARTESIAN_POINT('',(-39.33333333333,31.5,0.));
#1858 = LINE('',#1859,#1860);
#1859 = CARTESIAN_POINT('',(-39.33333333333,57.5,0.));
#1860 = VECTOR('',#1861,1.);
#1861 = DIRECTION('',(-0.,-1.,-0.));
#1862 = ORIENTED_EDGE('',*,*,#1863,.T.);
#1863 = EDGE_CURVE('',#1856,#1839,#1864,.T.);
#1864 = CIRCLE('',#1865,1.5);
#1865 = AXIS2_PLACEMENT_3D('',#1866,#1867,#1868);
#1866 = CARTESIAN_POINT('',(-40.83333333333,31.5,0.));
#1867 = DIRECTION('',(0.,0.,-1.));
#1868 = DIRECTION('',(-1.,-0.,-0.));
#1869 = FACE_BOUND('',#1870,.F.);
#1870 = EDGE_LOOP('',(#1871,#1881,#1890,#1898));
#1871 = ORIENTED_EDGE('',*,*,#1872,.F.);
#1872 = EDGE_CURVE('',#1873,#1875,#1877,.T.);
#1873 = VERTEX_POINT('',#1874);
#1874 = CARTESIAN_POINT('',(-29.91666666666,57.5,0.));
#1875 = VERTEX_POINT('',#1876);
#1876 = CARTESIAN_POINT('',(-29.91666666666,31.5,0.));
#1877 = LINE('',#1878,#1879);
#1878 = CARTESIAN_POINT('',(-29.91666666666,57.5,0.));
#1879 = VECTOR('',#1880,1.);
#1880 = DIRECTION('',(-0.,-1.,-0.));
#1881 = ORIENTED_EDGE('',*,*,#1882,.T.);
#1882 = EDGE_CURVE('',#1873,#1883,#1885,.T.);
#1883 = VERTEX_POINT('',#1884);
#1884 = CARTESIAN_POINT('',(-26.91666666666,57.5,0.));
#1885 = CIRCLE('',#1886,1.5);
#1886 = AXIS2_PLACEMENT_3D('',#1887,#1888,#1889);
#1887 = CARTESIAN_POINT('',(-28.41666666666,57.5,0.));
#1888 = DIRECTION('',(0.,0.,-1.));
#1889 = DIRECTION('',(-1.,-0.,-0.));
#1890 = ORIENTED_EDGE('',*,*,#1891,.T.);
#1891 = EDGE_CURVE('',#1883,#1892,#1894,.T.);
#1892 = VERTEX_POINT('',#1893);
#1893 = CARTESIAN_POINT('',(-26.91666666666,31.5,0.));
#1894 = LINE('',#1895,#1896);
#1895 = CARTESIAN_POINT('',(-26.91666666666,57.5,0.));
#1896 = VECTOR('',#1897,1.);
#1897 = DIRECTION('',(-0.,-1.,-0.));
#1898 = ORIENTED_EDGE('',*,*,#1899,.T.);
#1899 = EDGE_CURVE('',#1892,#1875,#1900,.T.);
#1900 = CIRCLE('',#1901,1.5);
#1901 = AXIS2_PLACEMENT_3D('',#1902,#1903,#1904);
#1902 = CARTESIAN_POINT('',(-28.41666666666,31.5,0.));
#1903 = DIRECTION('',(0.,0.,-1.));
#1904 = DIRECTION('',(-1.,-0.,-0.));
#1905 = FACE_BOUND('',#1906,.F.);
#1906 = EDGE_LOOP('',(#1907,#1917,#1926,#1934));
#1907 = ORIENTED_EDGE('',*,*,#1908,.F.);
#1908 = EDGE_CURVE('',#1909,#1911,#1913,.T.);
#1909 = VERTEX_POINT('',#1910);
#1910 = CARTESIAN_POINT('',(-17.5,57.5,0.));
#1911 = VERTEX_POINT('',#1912);
#1912 = CARTESIAN_POINT('',(-17.5,31.5,0.));
#1913 = LINE('',#1914,#1915);
#1914 = CARTESIAN_POINT('',(-17.5,57.5,0.));
#1915 = VECTOR('',#1916,1.);
#1916 = DIRECTION('',(-0.,-1.,-0.));
#1917 = ORIENTED_EDGE('',*,*,#1918,.T.);
#1918 = EDGE_CURVE('',#1909,#1919,#1921,.T.);
#1919 = VERTEX_POINT('',#1920);
#1920 = CARTESIAN_POINT('',(-14.5,57.5,0.));
#1921 = CIRCLE('',#1922,1.5);
#1922 = AXIS2_PLACEMENT_3D('',#1923,#1924,#1925);
#1923 = CARTESIAN_POINT('',(-16.,57.5,0.));
#1924 = DIRECTION('',(0.,0.,-1.));
#1925 = DIRECTION('',(-1.,-0.,-0.));
#1926 = ORIENTED_EDGE('',*,*,#1927,.T.);
#1927 = EDGE_CURVE('',#1919,#1928,#1930,.T.);
#1928 = VERTEX_POINT('',#1929);
#1929 = CARTESIAN_POINT('',(-14.5,31.5,0.));
#1930 = LINE('',#1931,#1932);
#1931 = CARTESIAN_POINT('',(-14.5,57.5,0.));
#1932 = VECTOR('',#1933,1.);
#1933 = DIRECTION('',(-0.,-1.,-0.));
#1934 = ORIENTED_EDGE('',*,*,#1935,.T.);
#1935 = EDGE_CURVE('',#1928,#1911,#1936,.T.);
#1936 = CIRCLE('',#1937,1.5);
#1937 = AXIS2_PLACEMENT_3D('',#1938,#1939,#1940);
#1938 = CARTESIAN_POINT('',(-16.,31.5,0.));
#1939 = DIRECTION('',(0.,0.,-1.));
#1940 = DIRECTION('',(-1.,-0.,-0.));
#1941 = FACE_BOUND('',#1942,.F.);
#1942 = EDGE_LOOP('',(#1943,#1953,#1962,#1970));
#1943 = ORIENTED_EDGE('',*,*,#1944,.F.);
#1944 = EDGE_CURVE('',#1945,#1947,#1949,.T.);
#1945 = VERTEX_POINT('',#1946);
#1946 = CARTESIAN_POINT('',(-48.75,57.5,0.));
#1947 = VERTEX_POINT('',#1948);
#1948 = CARTESIAN_POINT('',(-48.75,47.5,0.));
#1949 = LINE('',#1950,#1951);
#1950 = CARTESIAN_POINT('',(-48.75,57.5,0.));
#1951 = VECTOR('',#1952,1.);
#1952 = DIRECTION('',(-0.,-1.,-0.));
#1953 = ORIENTED_EDGE('',*,*,#1954,.T.);
#1954 = EDGE_CURVE('',#1945,#1955,#1957,.T.);
#1955 = VERTEX_POINT('',#1956);
#1956 = CARTESIAN_POINT('',(-45.75,57.5,0.));
#1957 = CIRCLE('',#1958,1.5);
#1958 = AXIS2_PLACEMENT_3D('',#1959,#1960,#1961);
#1959 = CARTESIAN_POINT('',(-47.25,57.5,0.));
#1960 = DIRECTION('',(0.,0.,-1.));
#1961 = DIRECTION('',(-1.,-0.,-0.));
#1962 = ORIENTED_EDGE('',*,*,#1963,.T.);
#1963 = EDGE_CURVE('',#1955,#1964,#1966,.T.);
#1964 = VERTEX_POINT('',#1965);
#1965 = CARTESIAN_POINT('',(-45.75,47.5,0.));
#1966 = LINE('',#1967,#1968);
#1967 = CARTESIAN_POINT('',(-45.75,57.5,0.));
#1968 = VECTOR('',#1969,1.);
#1969 = DIRECTION('',(-0.,-1.,-0.));
#1970 = ORIENTED_EDGE('',*,*,#1971,.T.);
#1971 = EDGE_CURVE('',#1964,#1947,#1972,.T.);
#1972 = CIRCLE('',#1973,1.5);
#1973 = AXIS2_PLACEMENT_3D('',#1974,#1975,#1976);
#1974 = CARTESIAN_POINT('',(-47.25,47.5,0.));
#1975 = DIRECTION('',(0.,0.,-1.));
#1976 = DIRECTION('',(-1.,-0.,-0.));
#1977 = FACE_BOUND('',#1978,.F.);
#1978 = EDGE_LOOP('',(#1979,#1989,#1998,#2006));
#1979 = ORIENTED_EDGE('',*,*,#1980,.F.);
#1980 = EDGE_CURVE('',#1981,#1983,#1985,.T.);
#1981 = VERTEX_POINT('',#1982);
#1982 = CARTESIAN_POINT('',(-36.33333333333,57.5,0.));
#1983 = VERTEX_POINT('',#1984);
#1984 = CARTESIAN_POINT('',(-36.33333333333,47.5,0.));
#1985 = LINE('',#1986,#1987);
#1986 = CARTESIAN_POINT('',(-36.33333333333,57.5,0.));
#1987 = VECTOR('',#1988,1.);
#1988 = DIRECTION('',(-0.,-1.,-0.));
#1989 = ORIENTED_EDGE('',*,*,#1990,.T.);
#1990 = EDGE_CURVE('',#1981,#1991,#1993,.T.);
#1991 = VERTEX_POINT('',#1992);
#1992 = CARTESIAN_POINT('',(-33.33333333333,57.5,0.));
#1993 = CIRCLE('',#1994,1.5);
#1994 = AXIS2_PLACEMENT_3D('',#1995,#1996,#1997);
#1995 = CARTESIAN_POINT('',(-34.83333333333,57.5,0.));
#1996 = DIRECTION('',(0.,0.,-1.));
#1997 = DIRECTION('',(-1.,-0.,-0.));
#1998 = ORIENTED_EDGE('',*,*,#1999,.T.);
#1999 = EDGE_CURVE('',#1991,#2000,#2002,.T.);
#2000 = VERTEX_POINT('',#2001);
#2001 = CARTESIAN_POINT('',(-33.33333333333,47.5,0.));
#2002 = LINE('',#2003,#2004);
#2003 = CARTESIAN_POINT('',(-33.33333333333,57.5,0.));
#2004 = VECTOR('',#2005,1.);
#2005 = DIRECTION('',(-0.,-1.,-0.));
#2006 = ORIENTED_EDGE('',*,*,#2007,.T.);
#2007 = EDGE_CURVE('',#2000,#1983,#2008,.T.);
#2008 = CIRCLE('',#2009,1.5);
#2009 = AXIS2_PLACEMENT_3D('',#2010,#2011,#2012);
#2010 = CARTESIAN_POINT('',(-34.83333333333,47.5,0.));
#2011 = DIRECTION('',(0.,0.,-1.));
#2012 = DIRECTION('',(-1.,-0.,-0.));
#2013 = FACE_BOUND('',#2014,.F.);
#2014 = EDGE_LOOP('',(#2015,#2025,#2034,#2042));
#2015 = ORIENTED_EDGE('',*,*,#2016,.F.);
#2016 = EDGE_CURVE('',#2017,#2019,#2021,.T.);
#2017 = VERTEX_POINT('',#2018);
#2018 = CARTESIAN_POINT('',(-23.91666666666,57.5,0.));
#2019 = VERTEX_POINT('',#2020);
#2020 = CARTESIAN_POINT('',(-23.91666666666,47.5,0.));
#2021 = LINE('',#2022,#2023);
#2022 = CARTESIAN_POINT('',(-23.91666666666,57.5,0.));
#2023 = VECTOR('',#2024,1.);
#2024 = DIRECTION('',(-0.,-1.,-0.));
#2025 = ORIENTED_EDGE('',*,*,#2026,.T.);
#2026 = EDGE_CURVE('',#2017,#2027,#2029,.T.);
#2027 = VERTEX_POINT('',#2028);
#2028 = CARTESIAN_POINT('',(-20.91666666666,57.5,0.));
#2029 = CIRCLE('',#2030,1.5);
#2030 = AXIS2_PLACEMENT_3D('',#2031,#2032,#2033);
#2031 = CARTESIAN_POINT('',(-22.41666666666,57.5,0.));
#2032 = DIRECTION('',(0.,0.,-1.));
#2033 = DIRECTION('',(-1.,-0.,-0.));
#2034 = ORIENTED_EDGE('',*,*,#2035,.T.);
#2035 = EDGE_CURVE('',#2027,#2036,#2038,.T.);
#2036 = VERTEX_POINT('',#2037);
#2037 = CARTESIAN_POINT('',(-20.91666666666,47.5,0.));
#2038 = LINE('',#2039,#2040);
#2039 = CARTESIAN_POINT('',(-20.91666666666,57.5,0.));
#2040 = VECTOR('',#2041,1.);
#2041 = DIRECTION('',(-0.,-1.,-0.));
#2042 = ORIENTED_EDGE('',*,*,#2043,.T.);
#2043 = EDGE_CURVE('',#2036,#2019,#2044,.T.);
#2044 = CIRCLE('',#2045,1.5);
#2045 = AXIS2_PLACEMENT_3D('',#2046,#2047,#2048);
#2046 = CARTESIAN_POINT('',(-22.41666666666,47.5,0.));
#2047 = DIRECTION('',(0.,0.,-1.));
#2048 = DIRECTION('',(-1.,-0.,-0.));
#2049 = FACE_BOUND('',#2050,.F.);
#2050 = EDGE_LOOP('',(#2051,#2061,#2070,#2078));
#2051 = ORIENTED_EDGE('',*,*,#2052,.F.);
#2052 = EDGE_CURVE('',#2053,#2055,#2057,.T.);
#2053 = VERTEX_POINT('',#2054);
#2054 = CARTESIAN_POINT('',(-11.5,57.5,0.));
#2055 = VERTEX_POINT('',#2056);
#2056 = CARTESIAN_POINT('',(-11.5,47.5,0.));
#2057 = LINE('',#2058,#2059);
#2058 = CARTESIAN_POINT('',(-11.5,57.5,0.));
#2059 = VECTOR('',#2060,1.);
#2060 = DIRECTION('',(-0.,-1.,-0.));
#2061 = ORIENTED_EDGE('',*,*,#2062,.T.);
#2062 = EDGE_CURVE('',#2053,#2063,#2065,.T.);
#2063 = VERTEX_POINT('',#2064);
#2064 = CARTESIAN_POINT('',(-8.5,57.5,0.));
#2065 = CIRCLE('',#2066,1.5);
#2066 = AXIS2_PLACEMENT_3D('',#2067,#2068,#2069);
#2067 = CARTESIAN_POINT('',(-10.,57.5,0.));
#2068 = DIRECTION('',(0.,0.,-1.));
#2069 = DIRECTION('',(-1.,-0.,-0.));
#2070 = ORIENTED_EDGE('',*,*,#2071,.T.);
#2071 = EDGE_CURVE('',#2063,#2072,#2074,.T.);
#2072 = VERTEX_POINT('',#2073);
#2073 = CARTESIAN_POINT('',(-8.5,47.5,0.));
#2074 = LINE('',#2075,#2076);
#2075 = CARTESIAN_POINT('',(-8.5,57.5,0.));
#2076 = VECTOR('',#2077,1.);
#2077 = DIRECTION('',(-0.,-1.,-0.));
#2078 = ORIENTED_EDGE('',*,*,#2079,.T.);
#2079 = EDGE_CURVE('',#2072,#2055,#2080,.T.);
#2080 = CIRCLE('',#2081,1.5);
#2081 = AXIS2_PLACEMENT_3D('',#2082,#2083,#2084);
#2082 = CARTESIAN_POINT('',(-10.,47.5,0.));
#2083 = DIRECTION('',(0.,0.,-1.));
#2084 = DIRECTION('',(-1.,-0.,-0.));
#2085 = PLANE('',#2086);
#2086 = AXIS2_PLACEMENT_3D('',#2087,#2088,#2089);
#2087 = CARTESIAN_POINT('',(-53.10629472891,33.288639241772,0.));
#2088 = DIRECTION('',(0.,0.,-1.));
#2089 = DIRECTION('',(-1.,0.,0.));
#2090 = ADVANCED_FACE('',(#2091),#2102,.T.);
#2091 = FACE_BOUND('',#2092,.F.);
#2092 = EDGE_LOOP('',(#2093,#2094,#2095,#2101));
#2093 = ORIENTED_EDGE('',*,*,#241,.F.);
#2094 = ORIENTED_EDGE('',*,*,#467,.T.);
#2095 = ORIENTED_EDGE('',*,*,#2096,.T.);
#2096 = EDGE_CURVE('',#460,#997,#2097,.T.);
#2097 = LINE('',#2098,#2099);
#2098 = CARTESIAN_POINT('',(-100.3,58.076061575154,0.2));
#2099 = VECTOR('',#2100,1.);
#2100 = DIRECTION('',(0.707106781187,0.,-0.707106781187));
#2101 = ORIENTED_EDGE('',*,*,#996,.F.);
#2102 = PLANE('',#2103);
#2103 = AXIS2_PLACEMENT_3D('',#2104,#2105,#2106);
#2104 = CARTESIAN_POINT('',(-100.3,66.,0.2));
#2105 = DIRECTION('',(-0.707106781187,0.,-0.707106781187));
#2106 = DIRECTION('',(-0.,1.,0.));
#2107 = ADVANCED_FACE('',(#2108),#2134,.T.);
#2108 = FACE_BOUND('',#2109,.F.);
#2109 = EDGE_LOOP('',(#2110,#2119,#2127,#2133));
#2110 = ORIENTED_EDGE('',*,*,#2111,.T.);
#2111 = EDGE_CURVE('',#264,#2112,#2114,.T.);
#2112 = VERTEX_POINT('',#2113);
#2113 = CARTESIAN_POINT('',(-4.,7.645751311065,19.));
#2114 = ELLIPSE('',#2115,5.656854249492,4.);
#2115 = AXIS2_PLACEMENT_3D('',#2116,#2117,#2118);
#2116 = CARTESIAN_POINT('',(-7.,5.,16.));
#2117 = DIRECTION('',(-0.707106781187,0.,0.707106781187));
#2118 = DIRECTION('',(-0.707106781187,0.,-0.707106781187));
#2119 = ORIENTED_EDGE('',*,*,#2120,.T.);
#2120 = EDGE_CURVE('',#2112,#2121,#2123,.T.);
#2121 = VERTEX_POINT('',#2122);
#2122 = CARTESIAN_POINT('',(-4.,61.,19.));
#2123 = LINE('',#2124,#2125);
#2124 = CARTESIAN_POINT('',(-4.,9.,19.));
#2125 = VECTOR('',#2126,1.);
#2126 = DIRECTION('',(0.,1.,0.));
#2127 = ORIENTED_EDGE('',*,*,#2128,.F.);
#2128 = EDGE_CURVE('',#266,#2121,#2129,.T.);
#2129 = LINE('',#2130,#2131);
#2130 = CARTESIAN_POINT('',(-12.33333333333,52.666666666667,
    10.666666666667));
#2131 = VECTOR('',#2132,1.);
#2132 = DIRECTION('',(-0.57735026919,-0.57735026919,-0.57735026919));
#2133 = ORIENTED_EDGE('',*,*,#263,.F.);
#2134 = PLANE('',#2135);
#2135 = AXIS2_PLACEMENT_3D('',#2136,#2137,#2138);
#2136 = CARTESIAN_POINT('',(-3.480740838176,33.574993660211,
    19.519259161824));
#2137 = DIRECTION('',(-0.707106781187,0.,0.707106781187));
#2138 = DIRECTION('',(-0.707106781187,-0.,-0.707106781187));
#2139 = ADVANCED_FACE('',(#2140),#2177,.T.);
#2140 = FACE_BOUND('',#2141,.T.);
#2141 = EDGE_LOOP('',(#2142,#2151,#2159,#2168,#2175,#2176));
#2142 = ORIENTED_EDGE('',*,*,#2143,.T.);
#2143 = EDGE_CURVE('',#2112,#2144,#2146,.T.);
#2144 = VERTEX_POINT('',#2145);
#2145 = CARTESIAN_POINT('',(-4.,9.,16.));
#2146 = CIRCLE('',#2147,4.);
#2147 = AXIS2_PLACEMENT_3D('',#2148,#2149,#2150);
#2148 = CARTESIAN_POINT('',(-4.,5.,16.));
#2149 = DIRECTION('',(-1.,0.,0.));
#2150 = DIRECTION('',(0.,0.,1.));
#2151 = ORIENTED_EDGE('',*,*,#2152,.T.);
#2152 = EDGE_CURVE('',#2144,#2153,#2155,.T.);
#2153 = VERTEX_POINT('',#2154);
#2154 = CARTESIAN_POINT('',(-96.5,9.,16.));
#2155 = LINE('',#2156,#2157);
#2156 = CARTESIAN_POINT('',(-4.,9.,16.));
#2157 = VECTOR('',#2158,1.);
#2158 = DIRECTION('',(-1.,-0.,-0.));
#2159 = ORIENTED_EDGE('',*,*,#2160,.F.);
#2160 = EDGE_CURVE('',#2161,#2153,#2163,.T.);
#2161 = VERTEX_POINT('',#2162);
#2162 = CARTESIAN_POINT('',(-96.5,7.645751311065,19.));
#2163 = CIRCLE('',#2164,4.);
#2164 = AXIS2_PLACEMENT_3D('',#2165,#2166,#2167);
#2165 = CARTESIAN_POINT('',(-96.5,5.,16.));
#2166 = DIRECTION('',(-1.,0.,0.));
#2167 = DIRECTION('',(0.,0.,1.));
#2168 = ORIENTED_EDGE('',*,*,#2169,.F.);
#2169 = EDGE_CURVE('',#350,#2161,#2170,.T.);
#2170 = ELLIPSE('',#2171,5.656854249492,4.);
#2171 = AXIS2_PLACEMENT_3D('',#2172,#2173,#2174);
#2172 = CARTESIAN_POINT('',(-93.5,5.,16.));
#2173 = DIRECTION('',(-0.707106781187,0.,-0.707106781187));
#2174 = DIRECTION('',(-0.707106781187,0.,0.707106781187));
#2175 = ORIENTED_EDGE('',*,*,#357,.F.);
#2176 = ORIENTED_EDGE('',*,*,#2111,.T.);
#2177 = CYLINDRICAL_SURFACE('',#2178,4.);
#2178 = AXIS2_PLACEMENT_3D('',#2179,#2180,#2181);
#2179 = CARTESIAN_POINT('',(-4.,5.,16.));
#2180 = DIRECTION('',(-1.,-0.,-0.));
#2181 = DIRECTION('',(0.,0.,1.));
#2182 = ADVANCED_FACE('',(#2183),#2201,.F.);
#2183 = FACE_BOUND('',#2184,.T.);
#2184 = EDGE_LOOP('',(#2185,#2186,#2187,#2195));
#2185 = ORIENTED_EDGE('',*,*,#2128,.F.);
#2186 = ORIENTED_EDGE('',*,*,#273,.T.);
#2187 = ORIENTED_EDGE('',*,*,#2188,.T.);
#2188 = EDGE_CURVE('',#274,#2189,#2191,.T.);
#2189 = VERTEX_POINT('',#2190);
#2190 = CARTESIAN_POINT('',(-96.5,61.,19.));
#2191 = LINE('',#2192,#2193);
#2192 = CARTESIAN_POINT('',(-81.41666666666,45.916666666667,
    3.916666666667));
#2193 = VECTOR('',#2194,1.);
#2194 = DIRECTION('',(0.57735026919,-0.57735026919,-0.57735026919));
#2195 = ORIENTED_EDGE('',*,*,#2196,.F.);
#2196 = EDGE_CURVE('',#2121,#2189,#2197,.T.);
#2197 = LINE('',#2198,#2199);
#2198 = CARTESIAN_POINT('',(-4.,61.,19.));
#2199 = VECTOR('',#2200,1.);
#2200 = DIRECTION('',(-1.,-0.,-0.));
#2201 = PLANE('',#2202);
#2202 = AXIS2_PLACEMENT_3D('',#2203,#2204,#2205);
#2203 = CARTESIAN_POINT('',(-4.,61.5,19.5));
#2204 = DIRECTION('',(0.,0.707106781187,-0.707106781187));
#2205 = DIRECTION('',(1.,0.,0.));
#2206 = ADVANCED_FACE('',(#2207),#2225,.T.);
#2207 = FACE_BOUND('',#2208,.F.);
#2208 = EDGE_LOOP('',(#2209,#2210,#2218,#2224));
#2209 = ORIENTED_EDGE('',*,*,#349,.F.);
#2210 = ORIENTED_EDGE('',*,*,#2211,.T.);
#2211 = EDGE_CURVE('',#341,#2212,#2214,.T.);
#2212 = VERTEX_POINT('',#2213);
#2213 = CARTESIAN_POINT('',(-96.5,24.,19.));
#2214 = LINE('',#2215,#2216);
#2215 = CARTESIAN_POINT('',(-96.5,24.,19.));
#2216 = VECTOR('',#2217,1.);
#2217 = DIRECTION('',(0.707106781187,4.4E-16,-0.707106781187));
#2218 = ORIENTED_EDGE('',*,*,#2219,.T.);
#2219 = EDGE_CURVE('',#2212,#2161,#2220,.T.);
#2220 = LINE('',#2221,#2222);
#2221 = CARTESIAN_POINT('',(-96.5,9.,19.));
#2222 = VECTOR('',#2223,1.);
#2223 = DIRECTION('',(0.,-1.,0.));
#2224 = ORIENTED_EDGE('',*,*,#2169,.F.);
#2225 = PLANE('',#2226);
#2226 = AXIS2_PLACEMENT_3D('',#2227,#2228,#2229);
#2227 = CARTESIAN_POINT('',(-97.04310587588,14.752573188645,
    19.543105875883));
#2228 = DIRECTION('',(0.707106781187,1.3E-16,0.707106781187));
#2229 = DIRECTION('',(-0.707106781187,0.,0.707106781187));
#2230 = ADVANCED_FACE('',(#2231),#2249,.F.);
#2231 = FACE_BOUND('',#2232,.T.);
#2232 = EDGE_LOOP('',(#2233,#2234,#2235,#2243));
#2233 = ORIENTED_EDGE('',*,*,#2188,.F.);
#2234 = ORIENTED_EDGE('',*,*,#281,.T.);
#2235 = ORIENTED_EDGE('',*,*,#2236,.T.);
#2236 = EDGE_CURVE('',#282,#2237,#2239,.T.);
#2237 = VERTEX_POINT('',#2238);
#2238 = CARTESIAN_POINT('',(-96.5,58.076061575154,19.));
#2239 = LINE('',#2240,#2241);
#2240 = CARTESIAN_POINT('',(-97.,58.076061575154,19.5));
#2241 = VECTOR('',#2242,1.);
#2242 = DIRECTION('',(0.707106781187,0.,-0.707106781187));
#2243 = ORIENTED_EDGE('',*,*,#2244,.F.);
#2244 = EDGE_CURVE('',#2189,#2237,#2245,.T.);
#2245 = LINE('',#2246,#2247);
#2246 = CARTESIAN_POINT('',(-96.5,61.,19.));
#2247 = VECTOR('',#2248,1.);
#2248 = DIRECTION('',(-0.,-1.,-0.));
#2249 = PLANE('',#2250);
#2250 = AXIS2_PLACEMENT_3D('',#2251,#2252,#2253);
#2251 = CARTESIAN_POINT('',(-97.,61.,19.5));
#2252 = DIRECTION('',(-0.707106781187,-0.,-0.707106781187));
#2253 = DIRECTION('',(0.,1.,0.));
#2254 = ADVANCED_FACE('',(#2255),#2274,.T.);
#2255 = FACE_BOUND('',#2256,.T.);
#2256 = EDGE_LOOP('',(#2257,#2265,#2266,#2267));
#2257 = ORIENTED_EDGE('',*,*,#2258,.F.);
#2258 = EDGE_CURVE('',#333,#2259,#2261,.T.);
#2259 = VERTEX_POINT('',#2260);
#2260 = CARTESIAN_POINT('',(-100.,30.062177826491,19.));
#2261 = LINE('',#2262,#2263);
#2262 = CARTESIAN_POINT('',(-100.25,29.629165124599,19.5));
#2263 = VECTOR('',#2264,1.);
#2264 = DIRECTION('',(0.353553390593,0.612372435696,-0.707106781187));
#2265 = ORIENTED_EDGE('',*,*,#340,.T.);
#2266 = ORIENTED_EDGE('',*,*,#2211,.T.);
#2267 = ORIENTED_EDGE('',*,*,#2268,.F.);
#2268 = EDGE_CURVE('',#2259,#2212,#2269,.T.);
#2269 = CIRCLE('',#2270,7.);
#2270 = AXIS2_PLACEMENT_3D('',#2271,#2272,#2273);
#2271 = CARTESIAN_POINT('',(-103.5,24.,19.));
#2272 = DIRECTION('',(0.,0.,-1.));
#2273 = DIRECTION('',(0.5,0.866025403784,0.));
#2274 = CONICAL_SURFACE('',#2275,7.,0.785398163397);
#2275 = AXIS2_PLACEMENT_3D('',#2276,#2277,#2278);
#2276 = CARTESIAN_POINT('',(-103.5,24.,19.));
#2277 = DIRECTION('',(0.,0.,-1.));
#2278 = DIRECTION('',(0.5,0.866025403784,0.));
#2279 = ADVANCED_FACE('',(#2280),#2299,.T.);
#2280 = FACE_BOUND('',#2281,.T.);
#2281 = EDGE_LOOP('',(#2282,#2283,#2284,#2292));
#2282 = ORIENTED_EDGE('',*,*,#2236,.F.);
#2283 = ORIENTED_EDGE('',*,*,#289,.T.);
#2284 = ORIENTED_EDGE('',*,*,#2285,.T.);
#2285 = EDGE_CURVE('',#290,#2286,#2288,.T.);
#2286 = VERTEX_POINT('',#2287);
#2287 = CARTESIAN_POINT('',(-100.,52.013883748663,19.));
#2288 = LINE('',#2289,#2290);
#2289 = CARTESIAN_POINT('',(-100.,52.013883748663,19.));
#2290 = VECTOR('',#2291,1.);
#2291 = DIRECTION('',(0.353553390593,-0.612372435696,-0.707106781187));
#2292 = ORIENTED_EDGE('',*,*,#2293,.F.);
#2293 = EDGE_CURVE('',#2237,#2286,#2294,.T.);
#2294 = CIRCLE('',#2295,7.);
#2295 = AXIS2_PLACEMENT_3D('',#2296,#2297,#2298);
#2296 = CARTESIAN_POINT('',(-103.5,58.076061575154,19.));
#2297 = DIRECTION('',(0.,0.,-1.));
#2298 = DIRECTION('',(1.,0.,0.));
#2299 = CONICAL_SURFACE('',#2300,7.,0.785398163397);
#2300 = AXIS2_PLACEMENT_3D('',#2301,#2302,#2303);
#2301 = CARTESIAN_POINT('',(-103.5,58.076061575154,19.));
#2302 = DIRECTION('',(0.,0.,-1.));
#2303 = DIRECTION('',(1.,0.,0.));
#2304 = ADVANCED_FACE('',(#2305),#2323,.F.);
#2305 = FACE_BOUND('',#2306,.T.);
#2306 = EDGE_LOOP('',(#2307,#2315,#2316,#2317));
#2307 = ORIENTED_EDGE('',*,*,#2308,.F.);
#2308 = EDGE_CURVE('',#324,#2309,#2311,.T.);
#2309 = VERTEX_POINT('',#2310);
#2310 = CARTESIAN_POINT('',(-108.,34.680979980008,19.));
#2311 = LINE('',#2312,#2313);
#2312 = CARTESIAN_POINT('',(-108.,34.680979980008,19.));
#2313 = VECTOR('',#2314,1.);
#2314 = DIRECTION('',(0.353553390593,0.612372435696,-0.707106781187));
#2315 = ORIENTED_EDGE('',*,*,#332,.T.);
#2316 = ORIENTED_EDGE('',*,*,#2258,.T.);
#2317 = ORIENTED_EDGE('',*,*,#2318,.F.);
#2318 = EDGE_CURVE('',#2309,#2259,#2319,.T.);
#2319 = LINE('',#2320,#2321);
#2320 = CARTESIAN_POINT('',(-108.,34.680979980008,19.));
#2321 = VECTOR('',#2322,1.);
#2322 = DIRECTION('',(0.866025403784,-0.5,0.));
#2323 = PLANE('',#2324);
#2324 = AXIS2_PLACEMENT_3D('',#2325,#2326,#2327);
#2325 = CARTESIAN_POINT('',(-108.25,34.247967278116,19.5));
#2326 = DIRECTION('',(-0.353553390593,-0.612372435696,-0.707106781187));
#2327 = DIRECTION('',(-0.866025403784,0.5,2.775557561563E-17));
#2328 = ADVANCED_FACE('',(#2329),#2347,.F.);
#2329 = FACE_BOUND('',#2330,.T.);
#2330 = EDGE_LOOP('',(#2331,#2332,#2333,#2341));
#2331 = ORIENTED_EDGE('',*,*,#2285,.F.);
#2332 = ORIENTED_EDGE('',*,*,#298,.T.);
#2333 = ORIENTED_EDGE('',*,*,#2334,.T.);
#2334 = EDGE_CURVE('',#299,#2335,#2337,.T.);
#2335 = VERTEX_POINT('',#2336);
#2336 = CARTESIAN_POINT('',(-108.,47.395081595146,19.));
#2337 = LINE('',#2338,#2339);
#2338 = CARTESIAN_POINT('',(-108.25,47.828094297038,19.5));
#2339 = VECTOR('',#2340,1.);
#2340 = DIRECTION('',(0.353553390593,-0.612372435696,-0.707106781187));
#2341 = ORIENTED_EDGE('',*,*,#2342,.F.);
#2342 = EDGE_CURVE('',#2286,#2335,#2343,.T.);
#2343 = LINE('',#2344,#2345);
#2344 = CARTESIAN_POINT('',(-100.,52.013883748663,19.));
#2345 = VECTOR('',#2346,1.);
#2346 = DIRECTION('',(-0.866025403784,-0.5,-0.));
#2347 = PLANE('',#2348);
#2348 = AXIS2_PLACEMENT_3D('',#2349,#2350,#2351);
#2349 = CARTESIAN_POINT('',(-100.25,52.446896450555,19.5));
#2350 = DIRECTION('',(-0.353553390593,0.612372435696,-0.707106781187));
#2351 = DIRECTION('',(0.866025403784,0.5,-2.775557561563E-16));
#2352 = ADVANCED_FACE('',(#2353),#2372,.F.);
#2353 = FACE_BOUND('',#2354,.T.);
#2354 = EDGE_LOOP('',(#2355,#2363,#2364,#2365));
#2355 = ORIENTED_EDGE('',*,*,#2356,.F.);
#2356 = EDGE_CURVE('',#316,#2357,#2359,.T.);
#2357 = VERTEX_POINT('',#2358);
#2358 = CARTESIAN_POINT('',(-109.,36.413030787577,19.));
#2359 = LINE('',#2360,#2361);
#2360 = CARTESIAN_POINT('',(-109.5,36.413030787577,19.5));
#2361 = VECTOR('',#2362,1.);
#2362 = DIRECTION('',(0.707106781187,0.,-0.707106781187));
#2363 = ORIENTED_EDGE('',*,*,#323,.T.);
#2364 = ORIENTED_EDGE('',*,*,#2308,.T.);
#2365 = ORIENTED_EDGE('',*,*,#2366,.F.);
#2366 = EDGE_CURVE('',#2357,#2309,#2367,.T.);
#2367 = CIRCLE('',#2368,2.);
#2368 = AXIS2_PLACEMENT_3D('',#2369,#2370,#2371);
#2369 = CARTESIAN_POINT('',(-107.,36.413030787577,19.));
#2370 = DIRECTION('',(0.,0.,1.));
#2371 = DIRECTION('',(-1.,0.,0.));
#2372 = CONICAL_SURFACE('',#2373,2.,0.785398163397);
#2373 = AXIS2_PLACEMENT_3D('',#2374,#2375,#2376);
#2374 = CARTESIAN_POINT('',(-107.,36.413030787577,19.));
#2375 = DIRECTION('',(0.,0.,1.));
#2376 = DIRECTION('',(-1.,0.,0.));
#2377 = ADVANCED_FACE('',(#2378),#2397,.F.);
#2378 = FACE_BOUND('',#2379,.T.);
#2379 = EDGE_LOOP('',(#2380,#2381,#2382,#2390));
#2380 = ORIENTED_EDGE('',*,*,#2334,.F.);
#2381 = ORIENTED_EDGE('',*,*,#306,.T.);
#2382 = ORIENTED_EDGE('',*,*,#2383,.T.);
#2383 = EDGE_CURVE('',#307,#2384,#2386,.T.);
#2384 = VERTEX_POINT('',#2385);
#2385 = CARTESIAN_POINT('',(-109.,45.663030787577,19.));
#2386 = LINE('',#2387,#2388);
#2387 = CARTESIAN_POINT('',(-109.,45.663030787577,19.));
#2388 = VECTOR('',#2389,1.);
#2389 = DIRECTION('',(0.707106781187,-1.05E-15,-0.707106781187));
#2390 = ORIENTED_EDGE('',*,*,#2391,.F.);
#2391 = EDGE_CURVE('',#2335,#2384,#2392,.T.);
#2392 = CIRCLE('',#2393,2.);
#2393 = AXIS2_PLACEMENT_3D('',#2394,#2395,#2396);
#2394 = CARTESIAN_POINT('',(-107.,45.663030787577,19.));
#2395 = DIRECTION('',(0.,0.,1.));
#2396 = DIRECTION('',(-0.5,0.866025403784,0.));
#2397 = CONICAL_SURFACE('',#2398,2.,0.785398163397);
#2398 = AXIS2_PLACEMENT_3D('',#2399,#2400,#2401);
#2399 = CARTESIAN_POINT('',(-107.,45.663030787577,19.));
#2400 = DIRECTION('',(0.,0.,1.));
#2401 = DIRECTION('',(-0.5,0.866025403784,0.));
#2402 = ADVANCED_FACE('',(#2403),#2414,.F.);
#2403 = FACE_BOUND('',#2404,.T.);
#2404 = EDGE_LOOP('',(#2405,#2406,#2407,#2408));
#2405 = ORIENTED_EDGE('',*,*,#2383,.F.);
#2406 = ORIENTED_EDGE('',*,*,#315,.T.);
#2407 = ORIENTED_EDGE('',*,*,#2356,.T.);
#2408 = ORIENTED_EDGE('',*,*,#2409,.F.);
#2409 = EDGE_CURVE('',#2384,#2357,#2410,.T.);
#2410 = LINE('',#2411,#2412);
#2411 = CARTESIAN_POINT('',(-109.,45.663030787577,19.));
#2412 = VECTOR('',#2413,1.);
#2413 = DIRECTION('',(-0.,-1.,-0.));
#2414 = PLANE('',#2415);
#2415 = AXIS2_PLACEMENT_3D('',#2416,#2417,#2418);
#2416 = CARTESIAN_POINT('',(-109.5,45.663030787577,19.5));
#2417 = DIRECTION('',(-0.707106781187,-0.,-0.707106781187));
#2418 = DIRECTION('',(0.,1.,0.));
#2419 = ADVANCED_FACE('',(#2420),#2439,.F.);
#2420 = FACE_BOUND('',#2421,.F.);
#2421 = EDGE_LOOP('',(#2422,#2423,#2424,#2432));
#2422 = ORIENTED_EDGE('',*,*,#459,.T.);
#2423 = ORIENTED_EDGE('',*,*,#374,.T.);
#2424 = ORIENTED_EDGE('',*,*,#2425,.F.);
#2425 = EDGE_CURVE('',#2426,#375,#2428,.T.);
#2426 = VERTEX_POINT('',#2427);
#2427 = CARTESIAN_POINT('',(-102.,55.477985363801,0.4));
#2428 = LINE('',#2429,#2430);
#2429 = CARTESIAN_POINT('',(-102.,55.477985363801,0.));
#2430 = VECTOR('',#2431,1.);
#2431 = DIRECTION('',(0.,0.,1.));
#2432 = ORIENTED_EDGE('',*,*,#2433,.F.);
#2433 = EDGE_CURVE('',#460,#2426,#2434,.T.);
#2434 = CIRCLE('',#2435,3.);
#2435 = AXIS2_PLACEMENT_3D('',#2436,#2437,#2438);
#2436 = CARTESIAN_POINT('',(-103.5,58.076061575154,0.4));
#2437 = DIRECTION('',(0.,0.,-1.));
#2438 = DIRECTION('',(1.,-0.,0.));
#2439 = CYLINDRICAL_SURFACE('',#2440,3.);
#2440 = AXIS2_PLACEMENT_3D('',#2441,#2442,#2443);
#2441 = CARTESIAN_POINT('',(-103.5,58.076061575154,0.));
#2442 = DIRECTION('',(0.,0.,-1.));
#2443 = DIRECTION('',(-1.,0.,0.));
#2444 = ADVANCED_FACE('',(#2445),#2463,.T.);
#2445 = FACE_BOUND('',#2446,.F.);
#2446 = EDGE_LOOP('',(#2447,#2448,#2449,#2457));
#2447 = ORIENTED_EDGE('',*,*,#2425,.T.);
#2448 = ORIENTED_EDGE('',*,*,#383,.T.);
#2449 = ORIENTED_EDGE('',*,*,#2450,.F.);
#2450 = EDGE_CURVE('',#2451,#384,#2453,.T.);
#2451 = VERTEX_POINT('',#2452);
#2452 = CARTESIAN_POINT('',(-110.,50.859183210284,0.4));
#2453 = LINE('',#2454,#2455);
#2454 = CARTESIAN_POINT('',(-110.,50.859183210284,0.));
#2455 = VECTOR('',#2456,1.);
#2456 = DIRECTION('',(0.,0.,1.));
#2457 = ORIENTED_EDGE('',*,*,#2458,.F.);
#2458 = EDGE_CURVE('',#2426,#2451,#2459,.T.);
#2459 = LINE('',#2460,#2461);
#2460 = CARTESIAN_POINT('',(-102.,55.477985363801,0.4));
#2461 = VECTOR('',#2462,1.);
#2462 = DIRECTION('',(-0.866025403784,-0.5,-0.));
#2463 = PLANE('',#2464);
#2464 = AXIS2_PLACEMENT_3D('',#2465,#2466,#2467);
#2465 = CARTESIAN_POINT('',(-102.,55.477985363801,0.));
#2466 = DIRECTION('',(-0.5,0.866025403784,0.));
#2467 = DIRECTION('',(0.866025403784,0.5,0.));
#2468 = ADVANCED_FACE('',(#2469),#2488,.T.);
#2469 = FACE_BOUND('',#2470,.T.);
#2470 = EDGE_LOOP('',(#2471,#2479,#2480,#2481));
#2471 = ORIENTED_EDGE('',*,*,#2472,.T.);
#2472 = EDGE_CURVE('',#2473,#392,#2475,.T.);
#2473 = VERTEX_POINT('',#2474);
#2474 = CARTESIAN_POINT('',(-113.,45.663030787577,0.4));
#2475 = LINE('',#2476,#2477);
#2476 = CARTESIAN_POINT('',(-113.,45.663030787577,0.));
#2477 = VECTOR('',#2478,1.);
#2478 = DIRECTION('',(0.,0.,1.));
#2479 = ORIENTED_EDGE('',*,*,#391,.T.);
#2480 = ORIENTED_EDGE('',*,*,#2450,.F.);
#2481 = ORIENTED_EDGE('',*,*,#2482,.T.);
#2482 = EDGE_CURVE('',#2451,#2473,#2483,.T.);
#2483 = CIRCLE('',#2484,6.);
#2484 = AXIS2_PLACEMENT_3D('',#2485,#2486,#2487);
#2485 = CARTESIAN_POINT('',(-107.,45.663030787577,0.4));
#2486 = DIRECTION('',(0.,0.,1.));
#2487 = DIRECTION('',(-0.5,0.866025403784,-0.));
#2488 = CYLINDRICAL_SURFACE('',#2489,6.);
#2489 = AXIS2_PLACEMENT_3D('',#2490,#2491,#2492);
#2490 = CARTESIAN_POINT('',(-107.,45.663030787577,0.));
#2491 = DIRECTION('',(0.,0.,-1.));
#2492 = DIRECTION('',(-1.,0.,0.));
#2493 = ADVANCED_FACE('',(#2494),#2512,.T.);
#2494 = FACE_BOUND('',#2495,.F.);
#2495 = EDGE_LOOP('',(#2496,#2497,#2498,#2506));
#2496 = ORIENTED_EDGE('',*,*,#2472,.T.);
#2497 = ORIENTED_EDGE('',*,*,#400,.T.);
#2498 = ORIENTED_EDGE('',*,*,#2499,.F.);
#2499 = EDGE_CURVE('',#2500,#401,#2502,.T.);
#2500 = VERTEX_POINT('',#2501);
#2501 = CARTESIAN_POINT('',(-113.,36.413030787577,0.4));
#2502 = LINE('',#2503,#2504);
#2503 = CARTESIAN_POINT('',(-113.,36.413030787577,0.));
#2504 = VECTOR('',#2505,1.);
#2505 = DIRECTION('',(0.,0.,1.));
#2506 = ORIENTED_EDGE('',*,*,#2507,.F.);
#2507 = EDGE_CURVE('',#2473,#2500,#2508,.T.);
#2508 = LINE('',#2509,#2510);
#2509 = CARTESIAN_POINT('',(-113.,45.663030787577,0.4));
#2510 = VECTOR('',#2511,1.);
#2511 = DIRECTION('',(-0.,-1.,-0.));
#2512 = PLANE('',#2513);
#2513 = AXIS2_PLACEMENT_3D('',#2514,#2515,#2516);
#2514 = CARTESIAN_POINT('',(-113.,45.663030787577,0.));
#2515 = DIRECTION('',(-1.,-0.,-0.));
#2516 = DIRECTION('',(0.,1.,0.));
#2517 = ADVANCED_FACE('',(#2518),#2537,.T.);
#2518 = FACE_BOUND('',#2519,.T.);
#2519 = EDGE_LOOP('',(#2520,#2528,#2529,#2530));
#2520 = ORIENTED_EDGE('',*,*,#2521,.T.);
#2521 = EDGE_CURVE('',#2522,#409,#2524,.T.);
#2522 = VERTEX_POINT('',#2523);
#2523 = CARTESIAN_POINT('',(-110.,31.21687836487,0.4));
#2524 = LINE('',#2525,#2526);
#2525 = CARTESIAN_POINT('',(-110.,31.21687836487,0.));
#2526 = VECTOR('',#2527,1.);
#2527 = DIRECTION('',(0.,0.,1.));
#2528 = ORIENTED_EDGE('',*,*,#408,.T.);
#2529 = ORIENTED_EDGE('',*,*,#2499,.F.);
#2530 = ORIENTED_EDGE('',*,*,#2531,.T.);
#2531 = EDGE_CURVE('',#2500,#2522,#2532,.T.);
#2532 = CIRCLE('',#2533,6.);
#2533 = AXIS2_PLACEMENT_3D('',#2534,#2535,#2536);
#2534 = CARTESIAN_POINT('',(-107.,36.413030787577,0.4));
#2535 = DIRECTION('',(0.,0.,1.));
#2536 = DIRECTION('',(-1.,0.,0.));
#2537 = CYLINDRICAL_SURFACE('',#2538,6.);
#2538 = AXIS2_PLACEMENT_3D('',#2539,#2540,#2541);
#2539 = CARTESIAN_POINT('',(-107.,36.413030787577,0.));
#2540 = DIRECTION('',(0.,0.,-1.));
#2541 = DIRECTION('',(-1.,0.,0.));
#2542 = ADVANCED_FACE('',(#2543),#2561,.T.);
#2543 = FACE_BOUND('',#2544,.F.);
#2544 = EDGE_LOOP('',(#2545,#2546,#2547,#2555));
#2545 = ORIENTED_EDGE('',*,*,#2521,.T.);
#2546 = ORIENTED_EDGE('',*,*,#417,.T.);
#2547 = ORIENTED_EDGE('',*,*,#2548,.F.);
#2548 = EDGE_CURVE('',#2549,#418,#2551,.T.);
#2549 = VERTEX_POINT('',#2550);
#2550 = CARTESIAN_POINT('',(-102.,26.598076211353,0.4));
#2551 = LINE('',#2552,#2553);
#2552 = CARTESIAN_POINT('',(-102.,26.598076211353,0.));
#2553 = VECTOR('',#2554,1.);
#2554 = DIRECTION('',(0.,0.,1.));
#2555 = ORIENTED_EDGE('',*,*,#2556,.F.);
#2556 = EDGE_CURVE('',#2522,#2549,#2557,.T.);
#2557 = LINE('',#2558,#2559);
#2558 = CARTESIAN_POINT('',(-110.,31.21687836487,0.4));
#2559 = VECTOR('',#2560,1.);
#2560 = DIRECTION('',(0.866025403784,-0.5,0.));
#2561 = PLANE('',#2562);
#2562 = AXIS2_PLACEMENT_3D('',#2563,#2564,#2565);
#2563 = CARTESIAN_POINT('',(-110.,31.21687836487,0.));
#2564 = DIRECTION('',(-0.5,-0.866025403784,-0.));
#2565 = DIRECTION('',(-0.866025403784,0.5,0.));
#2566 = ADVANCED_FACE('',(#2567),#2586,.F.);
#2567 = FACE_BOUND('',#2568,.F.);
#2568 = EDGE_LOOP('',(#2569,#2570,#2571,#2579));
#2569 = ORIENTED_EDGE('',*,*,#2548,.T.);
#2570 = ORIENTED_EDGE('',*,*,#425,.T.);
#2571 = ORIENTED_EDGE('',*,*,#2572,.F.);
#2572 = EDGE_CURVE('',#2573,#426,#2575,.T.);
#2573 = VERTEX_POINT('',#2574);
#2574 = CARTESIAN_POINT('',(-100.5,24.,0.4));
#2575 = LINE('',#2576,#2577);
#2576 = CARTESIAN_POINT('',(-100.5,24.,0.));
#2577 = VECTOR('',#2578,1.);
#2578 = DIRECTION('',(0.,0.,1.));
#2579 = ORIENTED_EDGE('',*,*,#2580,.F.);
#2580 = EDGE_CURVE('',#2549,#2573,#2581,.T.);
#2581 = CIRCLE('',#2582,3.);
#2582 = AXIS2_PLACEMENT_3D('',#2583,#2584,#2585);
#2583 = CARTESIAN_POINT('',(-103.5,24.,0.4));
#2584 = DIRECTION('',(0.,0.,-1.));
#2585 = DIRECTION('',(0.5,0.866025403784,0.));
#2586 = CYLINDRICAL_SURFACE('',#2587,3.);
#2587 = AXIS2_PLACEMENT_3D('',#2588,#2589,#2590);
#2588 = CARTESIAN_POINT('',(-103.5,24.,0.));
#2589 = DIRECTION('',(0.,0.,-1.));
#2590 = DIRECTION('',(-1.,0.,0.));
#2591 = ADVANCED_FACE('',(#2592),#2605,.F.);
#2592 = FACE_BOUND('',#2593,.T.);
#2593 = EDGE_LOOP('',(#2594,#2595,#2596,#2597,#2598,#2599));
#2594 = ORIENTED_EDGE('',*,*,#828,.T.);
#2595 = ORIENTED_EDGE('',*,*,#955,.T.);
#2596 = ORIENTED_EDGE('',*,*,#980,.T.);
#2597 = ORIENTED_EDGE('',*,*,#434,.T.);
#2598 = ORIENTED_EDGE('',*,*,#2572,.F.);
#2599 = ORIENTED_EDGE('',*,*,#2600,.T.);
#2600 = EDGE_CURVE('',#2573,#821,#2601,.T.);
#2601 = LINE('',#2602,#2603);
#2602 = CARTESIAN_POINT('',(-100.5,24.,0.4));
#2603 = VECTOR('',#2604,1.);
#2604 = DIRECTION('',(0.,-1.,-0.));
#2605 = PLANE('',#2606);
#2606 = AXIS2_PLACEMENT_3D('',#2607,#2608,#2609);
#2607 = CARTESIAN_POINT('',(-100.5,0.,0.));
#2608 = DIRECTION('',(1.,0.,0.));
#2609 = DIRECTION('',(0.,-1.,0.));
#2610 = ADVANCED_FACE('',(#2611),#2636,.T.);
#2611 = FACE_BOUND('',#2612,.T.);
#2612 = EDGE_LOOP('',(#2613,#2621,#2622,#2630));
#2613 = ORIENTED_EDGE('',*,*,#2614,.F.);
#2614 = EDGE_CURVE('',#482,#2615,#2617,.T.);
#2615 = VERTEX_POINT('',#2616);
#2616 = CARTESIAN_POINT('',(-6.4,67.5,12.8));
#2617 = LINE('',#2618,#2619);
#2618 = CARTESIAN_POINT('',(-7.15,68.25,12.05));
#2619 = VECTOR('',#2620,1.);
#2620 = DIRECTION('',(-0.57735026919,0.57735026919,-0.57735026919));
#2621 = ORIENTED_EDGE('',*,*,#489,.T.);
#2622 = ORIENTED_EDGE('',*,*,#2623,.T.);
#2623 = EDGE_CURVE('',#490,#2624,#2626,.T.);
#2624 = VERTEX_POINT('',#2625);
#2625 = CARTESIAN_POINT('',(-6.4,67.5,7.2));
#2626 = LINE('',#2627,#2628);
#2627 = CARTESIAN_POINT('',(-6.866666666667,67.966666666667,
    7.666666666667));
#2628 = VECTOR('',#2629,1.);
#2629 = DIRECTION('',(-0.57735026919,0.57735026919,0.57735026919));
#2630 = ORIENTED_EDGE('',*,*,#2631,.F.);
#2631 = EDGE_CURVE('',#2615,#2624,#2632,.T.);
#2632 = LINE('',#2633,#2634);
#2633 = CARTESIAN_POINT('',(-6.4,67.5,14.2));
#2634 = VECTOR('',#2635,1.);
#2635 = DIRECTION('',(-0.,-2.2E-16,-1.));
#2636 = PLANE('',#2637);
#2637 = AXIS2_PLACEMENT_3D('',#2638,#2639,#2640);
#2638 = CARTESIAN_POINT('',(-5.7,66.8,14.2));
#2639 = DIRECTION('',(0.707106781187,0.707106781187,-1.E-17));
#2640 = DIRECTION('',(1.029289321881E-16,-1.170710678119E-16,-1.));
#2641 = ADVANCED_FACE('',(#2642),#2660,.T.);
#2642 = FACE_BOUND('',#2643,.T.);
#2643 = EDGE_LOOP('',(#2644,#2652,#2653,#2654));
#2644 = ORIENTED_EDGE('',*,*,#2645,.F.);
#2645 = EDGE_CURVE('',#513,#2646,#2648,.T.);
#2646 = VERTEX_POINT('',#2647);
#2647 = CARTESIAN_POINT('',(-13.7,67.5,12.8));
#2648 = LINE('',#2649,#2650);
#2649 = CARTESIAN_POINT('',(-13.23333333333,67.966666666667,
    12.333333333333));
#2650 = VECTOR('',#2651,1.);
#2651 = DIRECTION('',(0.57735026919,0.57735026919,-0.57735026919));
#2652 = ORIENTED_EDGE('',*,*,#520,.T.);
#2653 = ORIENTED_EDGE('',*,*,#2614,.T.);
#2654 = ORIENTED_EDGE('',*,*,#2655,.F.);
#2655 = EDGE_CURVE('',#2646,#2615,#2656,.T.);
#2656 = LINE('',#2657,#2658);
#2657 = CARTESIAN_POINT('',(-15.1,67.5,12.8));
#2658 = VECTOR('',#2659,1.);
#2659 = DIRECTION('',(1.,0.,0.));
#2660 = PLANE('',#2661);
#2661 = AXIS2_PLACEMENT_3D('',#2662,#2663,#2664);
#2662 = CARTESIAN_POINT('',(-15.1,66.8,13.5));
#2663 = DIRECTION('',(0.,0.707106781187,0.707106781187));
#2664 = DIRECTION('',(1.,0.,0.));
#2665 = ADVANCED_FACE('',(#2666),#2684,.T.);
#2666 = FACE_BOUND('',#2667,.T.);
#2667 = EDGE_LOOP('',(#2668,#2676,#2677,#2678));
#2668 = ORIENTED_EDGE('',*,*,#2669,.F.);
#2669 = EDGE_CURVE('',#537,#2670,#2672,.T.);
#2670 = VERTEX_POINT('',#2671);
#2671 = CARTESIAN_POINT('',(-13.7,67.5,7.2));
#2672 = LINE('',#2673,#2674);
#2673 = CARTESIAN_POINT('',(-12.95,68.25,7.95));
#2674 = VECTOR('',#2675,1.);
#2675 = DIRECTION('',(0.57735026919,0.57735026919,0.57735026919));
#2676 = ORIENTED_EDGE('',*,*,#544,.T.);
#2677 = ORIENTED_EDGE('',*,*,#2645,.T.);
#2678 = ORIENTED_EDGE('',*,*,#2679,.F.);
#2679 = EDGE_CURVE('',#2670,#2646,#2680,.T.);
#2680 = LINE('',#2681,#2682);
#2681 = CARTESIAN_POINT('',(-13.7,67.5,5.8));
#2682 = VECTOR('',#2683,1.);
#2683 = DIRECTION('',(0.,2.2E-16,1.));
#2684 = PLANE('',#2685);
#2685 = AXIS2_PLACEMENT_3D('',#2686,#2687,#2688);
#2686 = CARTESIAN_POINT('',(-14.4,66.8,5.8));
#2687 = DIRECTION('',(-0.707106781187,0.707106781187,1.E-17));
#2688 = DIRECTION('',(1.170710678119E-16,1.029289321881E-16,1.));
#2689 = ADVANCED_FACE('',(#2690),#2701,.T.);
#2690 = FACE_BOUND('',#2691,.T.);
#2691 = EDGE_LOOP('',(#2692,#2693,#2694,#2695));
#2692 = ORIENTED_EDGE('',*,*,#2623,.F.);
#2693 = ORIENTED_EDGE('',*,*,#561,.T.);
#2694 = ORIENTED_EDGE('',*,*,#2669,.T.);
#2695 = ORIENTED_EDGE('',*,*,#2696,.F.);
#2696 = EDGE_CURVE('',#2624,#2670,#2697,.T.);
#2697 = LINE('',#2698,#2699);
#2698 = CARTESIAN_POINT('',(-5.,67.5,7.2));
#2699 = VECTOR('',#2700,1.);
#2700 = DIRECTION('',(-1.,-0.,-0.));
#2701 = PLANE('',#2702);
#2702 = AXIS2_PLACEMENT_3D('',#2703,#2704,#2705);
#2703 = CARTESIAN_POINT('',(-5.,66.8,6.5));
#2704 = DIRECTION('',(0.,0.707106781187,-0.707106781187));
#2705 = DIRECTION('',(-1.,0.,0.));
#2706 = ADVANCED_FACE('',(#2707),#2732,.T.);
#2707 = FACE_BOUND('',#2708,.T.);
#2708 = EDGE_LOOP('',(#2709,#2717,#2718,#2726));
#2709 = ORIENTED_EDGE('',*,*,#2710,.F.);
#2710 = EDGE_CURVE('',#578,#2711,#2713,.T.);
#2711 = VERTEX_POINT('',#2712);
#2712 = CARTESIAN_POINT('',(-74.,67.5,12.8));
#2713 = LINE('',#2714,#2715);
#2714 = CARTESIAN_POINT('',(-73.53333333333,67.966666666667,
    12.333333333333));
#2715 = VECTOR('',#2716,1.);
#2716 = DIRECTION('',(0.57735026919,0.57735026919,-0.57735026919));
#2717 = ORIENTED_EDGE('',*,*,#585,.T.);
#2718 = ORIENTED_EDGE('',*,*,#2719,.T.);
#2719 = EDGE_CURVE('',#586,#2720,#2722,.T.);
#2720 = VERTEX_POINT('',#2721);
#2721 = CARTESIAN_POINT('',(-26.5,67.5,12.8));
#2722 = LINE('',#2723,#2724);
#2723 = CARTESIAN_POINT('',(-33.95,74.95,5.35));
#2724 = VECTOR('',#2725,1.);
#2725 = DIRECTION('',(-0.57735026919,0.57735026919,-0.57735026919));
#2726 = ORIENTED_EDGE('',*,*,#2727,.F.);
#2727 = EDGE_CURVE('',#2711,#2720,#2728,.T.);
#2728 = LINE('',#2729,#2730);
#2729 = CARTESIAN_POINT('',(-75.4,67.5,12.8));
#2730 = VECTOR('',#2731,1.);
#2731 = DIRECTION('',(1.,0.,0.));
#2732 = PLANE('',#2733);
#2733 = AXIS2_PLACEMENT_3D('',#2734,#2735,#2736);
#2734 = CARTESIAN_POINT('',(-75.4,66.8,13.5));
#2735 = DIRECTION('',(0.,0.707106781187,0.707106781187));
#2736 = DIRECTION('',(1.,0.,0.));
#2737 = ADVANCED_FACE('',(#2738),#2756,.T.);
#2738 = FACE_BOUND('',#2739,.T.);
#2739 = EDGE_LOOP('',(#2740,#2748,#2749,#2750));
#2740 = ORIENTED_EDGE('',*,*,#2741,.F.);
#2741 = EDGE_CURVE('',#609,#2742,#2744,.T.);
#2742 = VERTEX_POINT('',#2743);
#2743 = CARTESIAN_POINT('',(-74.,67.5,7.2));
#2744 = LINE('',#2745,#2746);
#2745 = CARTESIAN_POINT('',(-66.55,74.95,14.65));
#2746 = VECTOR('',#2747,1.);
#2747 = DIRECTION('',(0.57735026919,0.57735026919,0.57735026919));
#2748 = ORIENTED_EDGE('',*,*,#616,.T.);
#2749 = ORIENTED_EDGE('',*,*,#2710,.T.);
#2750 = ORIENTED_EDGE('',*,*,#2751,.F.);
#2751 = EDGE_CURVE('',#2742,#2711,#2752,.T.);
#2752 = LINE('',#2753,#2754);
#2753 = CARTESIAN_POINT('',(-74.,67.5,5.8));
#2754 = VECTOR('',#2755,1.);
#2755 = DIRECTION('',(0.,2.2E-16,1.));
#2756 = PLANE('',#2757);
#2757 = AXIS2_PLACEMENT_3D('',#2758,#2759,#2760);
#2758 = CARTESIAN_POINT('',(-74.7,66.8,5.8));
#2759 = DIRECTION('',(-0.707106781187,0.707106781187,0.));
#2760 = DIRECTION('',(1.1E-16,1.1E-16,1.));
#2761 = ADVANCED_FACE('',(#2762),#2780,.T.);
#2762 = FACE_BOUND('',#2763,.T.);
#2763 = EDGE_LOOP('',(#2764,#2772,#2773,#2774));
#2764 = ORIENTED_EDGE('',*,*,#2765,.F.);
#2765 = EDGE_CURVE('',#633,#2766,#2768,.T.);
#2766 = VERTEX_POINT('',#2767);
#2767 = CARTESIAN_POINT('',(-26.5,67.5,7.2));
#2768 = LINE('',#2769,#2770);
#2769 = CARTESIAN_POINT('',(-26.96666666666,67.966666666667,
    7.666666666667));
#2770 = VECTOR('',#2771,1.);
#2771 = DIRECTION('',(-0.57735026919,0.57735026919,0.57735026919));
#2772 = ORIENTED_EDGE('',*,*,#640,.T.);
#2773 = ORIENTED_EDGE('',*,*,#2741,.T.);
#2774 = ORIENTED_EDGE('',*,*,#2775,.F.);
#2775 = EDGE_CURVE('',#2766,#2742,#2776,.T.);
#2776 = LINE('',#2777,#2778);
#2777 = CARTESIAN_POINT('',(-25.1,67.5,7.2));
#2778 = VECTOR('',#2779,1.);
#2779 = DIRECTION('',(-1.,-0.,-0.));
#2780 = PLANE('',#2781);
#2781 = AXIS2_PLACEMENT_3D('',#2782,#2783,#2784);
#2782 = CARTESIAN_POINT('',(-25.1,66.8,6.5));
#2783 = DIRECTION('',(0.,0.707106781187,-0.707106781187));
#2784 = DIRECTION('',(-1.,0.,0.));
#2785 = ADVANCED_FACE('',(#2786),#2797,.T.);
#2786 = FACE_BOUND('',#2787,.T.);
#2787 = EDGE_LOOP('',(#2788,#2789,#2790,#2791));
#2788 = ORIENTED_EDGE('',*,*,#2719,.F.);
#2789 = ORIENTED_EDGE('',*,*,#657,.T.);
#2790 = ORIENTED_EDGE('',*,*,#2765,.T.);
#2791 = ORIENTED_EDGE('',*,*,#2792,.F.);
#2792 = EDGE_CURVE('',#2720,#2766,#2793,.T.);
#2793 = LINE('',#2794,#2795);
#2794 = CARTESIAN_POINT('',(-26.5,67.5,14.2));
#2795 = VECTOR('',#2796,1.);
#2796 = DIRECTION('',(-0.,-2.2E-16,-1.));
#2797 = PLANE('',#2798);
#2798 = AXIS2_PLACEMENT_3D('',#2799,#2800,#2801);
#2799 = CARTESIAN_POINT('',(-25.8,66.8,14.2));
#2800 = DIRECTION('',(0.707106781187,0.707106781187,0.));
#2801 = DIRECTION('',(1.1E-16,-1.1E-16,-1.));
#2802 = ADVANCED_FACE('',(#2803,#2814),#2817,.F.);
#2803 = FACE_BOUND('',#2804,.T.);
#2804 = EDGE_LOOP('',(#2805));
#2805 = ORIENTED_EDGE('',*,*,#2806,.F.);
#2806 = EDGE_CURVE('',#2807,#2807,#2809,.T.);
#2807 = VERTEX_POINT('',#2808);
#2808 = CARTESIAN_POINT('',(-23.1,63.,10.));
#2809 = CIRCLE('',#2810,3.);
#2810 = AXIS2_PLACEMENT_3D('',#2811,#2812,#2813);
#2811 = CARTESIAN_POINT('',(-20.1,63.,10.));
#2812 = DIRECTION('',(0.,1.,-0.));
#2813 = DIRECTION('',(-1.,0.,-0.));
#2814 = FACE_BOUND('',#2815,.T.);
#2815 = EDGE_LOOP('',(#2816));
#2816 = ORIENTED_EDGE('',*,*,#673,.T.);
#2817 = PLANE('',#2818);
#2818 = AXIS2_PLACEMENT_3D('',#2819,#2820,#2821);
#2819 = CARTESIAN_POINT('',(-50.25,63.,10.));
#2820 = DIRECTION('',(0.,1.,0.));
#2821 = DIRECTION('',(0.,0.,-1.));
#2822 = ADVANCED_FACE('',(#2823,#2834),#2837,.F.);
#2823 = FACE_BOUND('',#2824,.T.);
#2824 = EDGE_LOOP('',(#2825));
#2825 = ORIENTED_EDGE('',*,*,#2826,.F.);
#2826 = EDGE_CURVE('',#2827,#2827,#2829,.T.);
#2827 = VERTEX_POINT('',#2828);
#2828 = CARTESIAN_POINT('',(-83.4,63.,10.));
#2829 = CIRCLE('',#2830,3.);
#2830 = AXIS2_PLACEMENT_3D('',#2831,#2832,#2833);
#2831 = CARTESIAN_POINT('',(-80.4,63.,10.));
#2832 = DIRECTION('',(0.,1.,-0.));
#2833 = DIRECTION('',(-1.,0.,-0.));
#2834 = FACE_BOUND('',#2835,.T.);
#2835 = EDGE_LOOP('',(#2836));
#2836 = ORIENTED_EDGE('',*,*,#698,.T.);
#2837 = PLANE('',#2838);
#2838 = AXIS2_PLACEMENT_3D('',#2839,#2840,#2841);
#2839 = CARTESIAN_POINT('',(-50.25,63.,10.));
#2840 = DIRECTION('',(0.,1.,0.));
#2841 = DIRECTION('',(0.,0.,-1.));
#2842 = ADVANCED_FACE('',(#2843),#2868,.T.);
#2843 = FACE_BOUND('',#2844,.T.);
#2844 = EDGE_LOOP('',(#2845,#2853,#2854,#2862));
#2845 = ORIENTED_EDGE('',*,*,#2846,.F.);
#2846 = EDGE_CURVE('',#724,#2847,#2849,.T.);
#2847 = VERTEX_POINT('',#2848);
#2848 = CARTESIAN_POINT('',(-86.8,67.5,12.8));
#2849 = LINE('',#2850,#2851);
#2850 = CARTESIAN_POINT('',(-87.55,68.25,12.05));
#2851 = VECTOR('',#2852,1.);
#2852 = DIRECTION('',(-0.57735026919,0.57735026919,-0.57735026919));
#2853 = ORIENTED_EDGE('',*,*,#731,.T.);
#2854 = ORIENTED_EDGE('',*,*,#2855,.T.);
#2855 = EDGE_CURVE('',#732,#2856,#2858,.T.);
#2856 = VERTEX_POINT('',#2857);
#2857 = CARTESIAN_POINT('',(-86.8,67.5,7.2));
#2858 = LINE('',#2859,#2860);
#2859 = CARTESIAN_POINT('',(-87.26666666666,67.966666666667,
    7.666666666667));
#2860 = VECTOR('',#2861,1.);
#2861 = DIRECTION('',(-0.57735026919,0.57735026919,0.57735026919));
#2862 = ORIENTED_EDGE('',*,*,#2863,.F.);
#2863 = EDGE_CURVE('',#2847,#2856,#2864,.T.);
#2864 = LINE('',#2865,#2866);
#2865 = CARTESIAN_POINT('',(-86.8,67.5,14.2));
#2866 = VECTOR('',#2867,1.);
#2867 = DIRECTION('',(-0.,-2.2E-16,-1.));
#2868 = PLANE('',#2869);
#2869 = AXIS2_PLACEMENT_3D('',#2870,#2871,#2872);
#2870 = CARTESIAN_POINT('',(-86.1,66.8,14.2));
#2871 = DIRECTION('',(0.707106781187,0.707106781187,0.));
#2872 = DIRECTION('',(1.1E-16,-1.1E-16,-1.));
#2873 = ADVANCED_FACE('',(#2874),#2892,.T.);
#2874 = FACE_BOUND('',#2875,.T.);
#2875 = EDGE_LOOP('',(#2876,#2884,#2885,#2886));
#2876 = ORIENTED_EDGE('',*,*,#2877,.F.);
#2877 = EDGE_CURVE('',#755,#2878,#2880,.T.);
#2878 = VERTEX_POINT('',#2879);
#2879 = CARTESIAN_POINT('',(-94.1,67.5,12.8));
#2880 = LINE('',#2881,#2882);
#2881 = CARTESIAN_POINT('',(-93.63333333333,67.966666666667,
    12.333333333333));
#2882 = VECTOR('',#2883,1.);
#2883 = DIRECTION('',(0.57735026919,0.57735026919,-0.57735026919));
#2884 = ORIENTED_EDGE('',*,*,#762,.T.);
#2885 = ORIENTED_EDGE('',*,*,#2846,.T.);
#2886 = ORIENTED_EDGE('',*,*,#2887,.F.);
#2887 = EDGE_CURVE('',#2878,#2847,#2888,.T.);
#2888 = LINE('',#2889,#2890);
#2889 = CARTESIAN_POINT('',(-95.5,67.5,12.8));
#2890 = VECTOR('',#2891,1.);
#2891 = DIRECTION('',(1.,0.,0.));
#2892 = PLANE('',#2893);
#2893 = AXIS2_PLACEMENT_3D('',#2894,#2895,#2896);
#2894 = CARTESIAN_POINT('',(-95.5,66.8,13.5));
#2895 = DIRECTION('',(0.,0.707106781187,0.707106781187));
#2896 = DIRECTION('',(1.,0.,0.));
#2897 = ADVANCED_FACE('',(#2898),#2916,.T.);
#2898 = FACE_BOUND('',#2899,.T.);
#2899 = EDGE_LOOP('',(#2900,#2908,#2909,#2910));
#2900 = ORIENTED_EDGE('',*,*,#2901,.F.);
#2901 = EDGE_CURVE('',#779,#2902,#2904,.T.);
#2902 = VERTEX_POINT('',#2903);
#2903 = CARTESIAN_POINT('',(-94.1,67.5,7.2));
#2904 = LINE('',#2905,#2906);
#2905 = CARTESIAN_POINT('',(-93.35,68.25,7.95));
#2906 = VECTOR('',#2907,1.);
#2907 = DIRECTION('',(0.57735026919,0.57735026919,0.57735026919));
#2908 = ORIENTED_EDGE('',*,*,#786,.T.);
#2909 = ORIENTED_EDGE('',*,*,#2877,.T.);
#2910 = ORIENTED_EDGE('',*,*,#2911,.F.);
#2911 = EDGE_CURVE('',#2902,#2878,#2912,.T.);
#2912 = LINE('',#2913,#2914);
#2913 = CARTESIAN_POINT('',(-94.1,67.5,5.8));
#2914 = VECTOR('',#2915,1.);
#2915 = DIRECTION('',(0.,2.2E-16,1.));
#2916 = PLANE('',#2917);
#2917 = AXIS2_PLACEMENT_3D('',#2918,#2919,#2920);
#2918 = CARTESIAN_POINT('',(-94.8,66.8,5.8));
#2919 = DIRECTION('',(-0.707106781187,0.707106781187,0.));
#2920 = DIRECTION('',(1.1E-16,1.1E-16,1.));
#2921 = ADVANCED_FACE('',(#2922),#2933,.T.);
#2922 = FACE_BOUND('',#2923,.T.);
#2923 = EDGE_LOOP('',(#2924,#2925,#2926,#2927));
#2924 = ORIENTED_EDGE('',*,*,#2855,.F.);
#2925 = ORIENTED_EDGE('',*,*,#803,.T.);
#2926 = ORIENTED_EDGE('',*,*,#2901,.T.);
#2927 = ORIENTED_EDGE('',*,*,#2928,.F.);
#2928 = EDGE_CURVE('',#2856,#2902,#2929,.T.);
#2929 = LINE('',#2930,#2931);
#2930 = CARTESIAN_POINT('',(-85.4,67.5,7.2));
#2931 = VECTOR('',#2932,1.);
#2932 = DIRECTION('',(-1.,-0.,-0.));
#2933 = PLANE('',#2934);
#2934 = AXIS2_PLACEMENT_3D('',#2935,#2936,#2937);
#2935 = CARTESIAN_POINT('',(-85.4,66.8,6.5));
#2936 = DIRECTION('',(0.,0.707106781187,-0.707106781187));
#2937 = DIRECTION('',(-1.,0.,0.));
#2938 = ADVANCED_FACE('',(#2939),#2950,.T.);
#2939 = FACE_BOUND('',#2940,.F.);
#2940 = EDGE_LOOP('',(#2941,#2942,#2943,#2949));
#2941 = ORIENTED_EDGE('',*,*,#895,.T.);
#2942 = ORIENTED_EDGE('',*,*,#1072,.T.);
#2943 = ORIENTED_EDGE('',*,*,#2944,.T.);
#2944 = EDGE_CURVE('',#1065,#821,#2945,.T.);
#2945 = LINE('',#2946,#2947);
#2946 = CARTESIAN_POINT('',(-80.28333333333,24.216666666667,
    -19.81666666666));
#2947 = VECTOR('',#2948,1.);
#2948 = DIRECTION('',(-0.57735026919,-0.57735026919,0.57735026919));
#2949 = ORIENTED_EDGE('',*,*,#820,.F.);
#2950 = PLANE('',#2951);
#2951 = AXIS2_PLACEMENT_3D('',#2952,#2953,#2954);
#2952 = CARTESIAN_POINT('',(0.,4.2,0.2));
#2953 = DIRECTION('',(-0.,-0.707106781187,-0.707106781187));
#2954 = DIRECTION('',(1.,-0.,-0.));
#2955 = ADVANCED_FACE('',(#2956),#3024,.F.);
#2956 = FACE_BOUND('',#2957,.T.);
#2957 = EDGE_LOOP('',(#2958,#2959,#2967,#3021,#3022,#3023));
#2958 = ORIENTED_EDGE('',*,*,#921,.F.);
#2959 = ORIENTED_EDGE('',*,*,#2960,.T.);
#2960 = EDGE_CURVE('',#922,#2961,#2963,.T.);
#2961 = VERTEX_POINT('',#2962);
#2962 = CARTESIAN_POINT('',(-21.8,9.460607985831,10.));
#2963 = LINE('',#2964,#2965);
#2964 = CARTESIAN_POINT('',(-21.8,2.22E-15,10.));
#2965 = VECTOR('',#2966,1.);
#2966 = DIRECTION('',(0.,1.,-2.2E-16));
#2967 = ORIENTED_EDGE('',*,*,#2968,.T.);
#2968 = EDGE_CURVE('',#2961,#2961,#2969,.T.);
#2969 = B_SPLINE_CURVE_WITH_KNOTS('',8,(#2970,#2971,#2972,#2973,#2974,
    #2975,#2976,#2977,#2978,#2979,#2980,#2981,#2982,#2983,#2984,#2985,
    #2986,#2987,#2988,#2989,#2990,#2991,#2992,#2993,#2994,#2995,#2996,
    #2997,#2998,#2999,#3000,#3001,#3002,#3003,#3004,#3005,#3006,#3007,
    #3008,#3009,#3010,#3011,#3012,#3013,#3014,#3015,#3016,#3017,#3018,
    #3019,#3020),.UNSPECIFIED.,.T.,.F.,(9,7,7,7,7,7,7,9),(0.,
    0.104581138831,0.247256550832,0.394733939951,0.530134854964,
    0.752622595335,0.901599295019,1.),.UNSPECIFIED.);
#2970 = CARTESIAN_POINT('',(-21.8,9.460607985831,10.));
#2971 = CARTESIAN_POINT('',(-21.8,9.411043440916,10.15760520798));
#2972 = CARTESIAN_POINT('',(-21.78330115853,9.364655744604,
    10.315507461093));
#2973 = CARTESIAN_POINT('',(-21.74979391259,9.322268266277,
    10.470939300771));
#2974 = CARTESIAN_POINT('',(-21.70008929452,9.28438294246,10.62116357583
    ));
#2975 = CARTESIAN_POINT('',(-21.63548314968,9.251159409391,
    10.763605754552));
#2976 = CARTESIAN_POINT('',(-21.55793987903,9.222481098557,
    10.896007713088));
#2977 = CARTESIAN_POINT('',(-21.47008412491,9.198056144224,
    11.016592574286));
#2978 = CARTESIAN_POINT('',(-21.24572735802,9.149458414286,
    11.271075373126));
#2979 = CARTESIAN_POINT('',(-21.10150351813,9.128258288399,
    11.395707831133));
#2980 = CARTESIAN_POINT('',(-20.94651483721,9.112443481392,
    11.498389918165));
#2981 = CARTESIAN_POINT('',(-20.78385301413,9.100871445132,
    11.579631360079));
#2982 = CARTESIAN_POINT('',(-20.61598023358,9.092725766936,
    11.640006725849));
#2983 = CARTESIAN_POINT('',(-20.44491843005,9.087479695173,
    11.680020371483));
#2984 = CARTESIAN_POINT('',(-20.27239644102,9.084860061502,11.7));
#2985 = CARTESIAN_POINT('',(-19.92180127143,9.084860061502,11.7));
#2986 = CARTESIAN_POINT('',(-19.74340497359,9.087659008473,
    11.678653028196));
#2987 = CARTESIAN_POINT('',(-19.56658392912,9.093267829594,
    11.635871626766));
#2988 = CARTESIAN_POINT('',(-19.39328446484,9.101999957692,
    11.571272583124));
#2989 = CARTESIAN_POINT('',(-19.2257961599,9.114456517764,
    11.484291500258));
#2990 = CARTESIAN_POINT('',(-19.06691596827,9.131571306528,
    11.374308406341));
#2991 = CARTESIAN_POINT('',(-18.92016640525,9.154650630472,
    11.240810831873));
#2992 = CARTESIAN_POINT('',(-18.67073706013,9.213522195112,
    10.939302547531));
#2993 = CARTESIAN_POINT('',(-18.56352456557,9.248569879502,
    10.772706630456));
#2994 = CARTESIAN_POINT('',(-18.47640808984,9.291271846673,
    10.586893690899));
#2995 = CARTESIAN_POINT('',(-18.41493668845,9.342072900267,
    10.386967663419));
#2996 = CARTESIAN_POINT('',(-18.38229440359,9.400682652672,
    10.179279844585));
#2997 = CARTESIAN_POINT('',(-18.37931363981,9.46568694495,9.970716305556
    ));
#2998 = CARTESIAN_POINT('',(-18.40441724279,9.534502217695,
    9.768036031831));
#2999 = CARTESIAN_POINT('',(-18.533910166,9.71822387555,9.263694394402)
  );
#3000 = CARTESIAN_POINT('',(-18.67812354909,9.833193084417,
    8.985268485954));
#3001 = CARTESIAN_POINT('',(-18.86959392022,9.941154905156,
    8.750481855852));
#3002 = CARTESIAN_POINT('',(-19.09553482698,10.034545510859,
    8.562750537669));
#3003 = CARTESIAN_POINT('',(-19.34529710386,10.107337149165,
    8.423587418798));
#3004 = CARTESIAN_POINT('',(-19.60998746163,10.155564275152,
    8.33340408607));
#3005 = CARTESIAN_POINT('',(-19.88185712575,10.177432103854,
    8.292305322495));
#3006 = CARTESIAN_POINT('',(-20.33522092243,10.169847351908,
    8.306552853784));
#3007 = CARTESIAN_POINT('',(-20.5160956656,10.154977820139,
    8.334494646286));
#3008 = CARTESIAN_POINT('',(-20.69373505472,10.128448850265,
    8.38448689062));
#3009 = CARTESIAN_POINT('',(-20.86579657402,10.090800853737,
    8.456406744057));
#3010 = CARTESIAN_POINT('',(-21.02976794671,10.042967433132,
    8.55010932362));
#3011 = CARTESIAN_POINT('',(-21.1828653697,9.986273164708,8.665343594972
    ));
#3012 = CARTESIAN_POINT('',(-21.32192444028,9.922394244977,
    8.801628608463));
#3013 = CARTESIAN_POINT('',(-21.52340928285,9.807609496821,
    9.061381302328));
#3014 = CARTESIAN_POINT('',(-21.59642638603,9.759318633292,
    9.174270303873));
#3015 = CARTESIAN_POINT('',(-21.66058335992,9.709158736978,
    9.296090359291));
#3016 = CARTESIAN_POINT('',(-21.7143168697,9.658005604406,9.425941904029
    ));
#3017 = CARTESIAN_POINT('',(-21.75623789892,9.606763443452,
    9.562688947862));
#3018 = CARTESIAN_POINT('',(-21.78513862674,9.556295160142,9.70498773942
    ));
#3019 = CARTESIAN_POINT('',(-21.8,9.507367063129,9.851315610475));
#3020 = CARTESIAN_POINT('',(-21.8,9.460607985831,10.));
#3021 = ORIENTED_EDGE('',*,*,#2960,.F.);
#3022 = ORIENTED_EDGE('',*,*,#930,.F.);
#3023 = ORIENTED_EDGE('',*,*,#861,.F.);
#3024 = CYLINDRICAL_SURFACE('',#3025,1.7);
#3025 = AXIS2_PLACEMENT_3D('',#3026,#3027,#3028);
#3026 = CARTESIAN_POINT('',(-20.1,2.22E-15,10.));
#3027 = DIRECTION('',(0.,-1.,2.2E-16));
#3028 = DIRECTION('',(-1.,0.,0.));
#3029 = ADVANCED_FACE('',(#3030),#3098,.F.);
#3030 = FACE_BOUND('',#3031,.T.);
#3031 = EDGE_LOOP('',(#3032,#3033,#3041,#3095,#3096,#3097));
#3032 = ORIENTED_EDGE('',*,*,#938,.F.);
#3033 = ORIENTED_EDGE('',*,*,#3034,.T.);
#3034 = EDGE_CURVE('',#939,#3035,#3037,.T.);
#3035 = VERTEX_POINT('',#3036);
#3036 = CARTESIAN_POINT('',(-82.1,9.460607985831,10.));
#3037 = LINE('',#3038,#3039);
#3038 = CARTESIAN_POINT('',(-82.1,2.22E-15,10.));
#3039 = VECTOR('',#3040,1.);
#3040 = DIRECTION('',(0.,1.,-2.2E-16));
#3041 = ORIENTED_EDGE('',*,*,#3042,.T.);
#3042 = EDGE_CURVE('',#3035,#3035,#3043,.T.);
#3043 = B_SPLINE_CURVE_WITH_KNOTS('',8,(#3044,#3045,#3046,#3047,#3048,
    #3049,#3050,#3051,#3052,#3053,#3054,#3055,#3056,#3057,#3058,#3059,
    #3060,#3061,#3062,#3063,#3064,#3065,#3066,#3067,#3068,#3069,#3070,
    #3071,#3072,#3073,#3074,#3075,#3076,#3077,#3078,#3079,#3080,#3081,
    #3082,#3083,#3084,#3085,#3086,#3087,#3088,#3089,#3090,#3091,#3092,
    #3093,#3094),.UNSPECIFIED.,.T.,.F.,(9,7,7,7,7,7,7,9),(0.,
    0.104581138831,0.247256550832,0.394733939951,0.530134854964,
    0.752622595335,0.90159929502,1.),.UNSPECIFIED.);
#3044 = CARTESIAN_POINT('',(-82.1,9.460607985831,10.));
#3045 = CARTESIAN_POINT('',(-82.1,9.411043440916,10.15760520798));
#3046 = CARTESIAN_POINT('',(-82.08330115853,9.364655744604,
    10.315507461093));
#3047 = CARTESIAN_POINT('',(-82.04979391259,9.322268266277,
    10.470939300771));
#3048 = CARTESIAN_POINT('',(-82.00008929452,9.28438294246,10.62116357583
    ));
#3049 = CARTESIAN_POINT('',(-81.93548314968,9.251159409391,
    10.763605754552));
#3050 = CARTESIAN_POINT('',(-81.85793987903,9.222481098557,
    10.896007713088));
#3051 = CARTESIAN_POINT('',(-81.77008412491,9.198056144224,
    11.016592574286));
#3052 = CARTESIAN_POINT('',(-81.54572735802,9.149458414286,
    11.271075373126));
#3053 = CARTESIAN_POINT('',(-81.40150351813,9.128258288399,
    11.395707831133));
#3054 = CARTESIAN_POINT('',(-81.24651483721,9.112443481392,
    11.498389918165));
#3055 = CARTESIAN_POINT('',(-81.08385301413,9.100871445132,
    11.579631360078));
#3056 = CARTESIAN_POINT('',(-80.91598023357,9.092725766936,
    11.640006725849));
#3057 = CARTESIAN_POINT('',(-80.74491843005,9.087479695173,
    11.680020371483));
#3058 = CARTESIAN_POINT('',(-80.57239644102,9.084860061502,11.7));
#3059 = CARTESIAN_POINT('',(-80.22180127143,9.084860061502,11.7));
#3060 = CARTESIAN_POINT('',(-80.04340497359,9.087659008473,
    11.678653028196));
#3061 = CARTESIAN_POINT('',(-79.86658392912,9.093267829594,
    11.635871626766));
#3062 = CARTESIAN_POINT('',(-79.69328446484,9.101999957692,
    11.571272583124));
#3063 = CARTESIAN_POINT('',(-79.5257961599,9.114456517764,
    11.484291500257));
#3064 = CARTESIAN_POINT('',(-79.36691596827,9.131571306528,
    11.374308406341));
#3065 = CARTESIAN_POINT('',(-79.22016640525,9.154650630472,
    11.240810831873));
#3066 = CARTESIAN_POINT('',(-78.97073706013,9.213522195112,
    10.939302547531));
#3067 = CARTESIAN_POINT('',(-78.86352456557,9.248569879502,
    10.772706630456));
#3068 = CARTESIAN_POINT('',(-78.77640808984,9.291271846672,
    10.586893690899));
#3069 = CARTESIAN_POINT('',(-78.71493668845,9.342072900267,
    10.386967663419));
#3070 = CARTESIAN_POINT('',(-78.68229440359,9.400682652672,
    10.179279844585));
#3071 = CARTESIAN_POINT('',(-78.67931363981,9.46568694495,9.970716305556
    ));
#3072 = CARTESIAN_POINT('',(-78.70441724279,9.534502217695,
    9.768036031831));
#3073 = CARTESIAN_POINT('',(-78.833910166,9.71822387555,9.263694394403)
  );
#3074 = CARTESIAN_POINT('',(-78.97812354909,9.833193084417,
    8.985268485954));
#3075 = CARTESIAN_POINT('',(-79.16959392022,9.941154905156,
    8.750481855852));
#3076 = CARTESIAN_POINT('',(-79.39553482698,10.03454551086,
    8.562750537669));
#3077 = CARTESIAN_POINT('',(-79.64529710386,10.107337149165,
    8.423587418798));
#3078 = CARTESIAN_POINT('',(-79.90998746163,10.155564275152,
    8.33340408607));
#3079 = CARTESIAN_POINT('',(-80.18185712575,10.177432103854,
    8.292305322495));
#3080 = CARTESIAN_POINT('',(-80.63522092243,10.169847351908,
    8.306552853784));
#3081 = CARTESIAN_POINT('',(-80.8160956656,10.154977820139,
    8.334494646286));
#3082 = CARTESIAN_POINT('',(-80.99373505472,10.128448850265,
    8.38448689062));
#3083 = CARTESIAN_POINT('',(-81.16579657402,10.090800853737,
    8.456406744057));
#3084 = CARTESIAN_POINT('',(-81.32976794671,10.042967433132,
    8.55010932362));
#3085 = CARTESIAN_POINT('',(-81.4828653697,9.986273164708,8.665343594972
    ));
#3086 = CARTESIAN_POINT('',(-81.62192444028,9.922394244977,
    8.801628608464));
#3087 = CARTESIAN_POINT('',(-81.82340928285,9.807609496821,
    9.061381302328));
#3088 = CARTESIAN_POINT('',(-81.89642638603,9.759318633292,
    9.174270303873));
#3089 = CARTESIAN_POINT('',(-81.96058335992,9.709158736978,
    9.296090359291));
#3090 = CARTESIAN_POINT('',(-82.0143168697,9.658005604406,9.425941904029
    ));
#3091 = CARTESIAN_POINT('',(-82.05623789892,9.606763443452,
    9.562688947862));
#3092 = CARTESIAN_POINT('',(-82.08513862674,9.556295160142,9.70498773942
    ));
#3093 = CARTESIAN_POINT('',(-82.1,9.507367063129,9.851315610475));
#3094 = CARTESIAN_POINT('',(-82.1,9.460607985831,10.));
#3095 = ORIENTED_EDGE('',*,*,#3034,.F.);
#3096 = ORIENTED_EDGE('',*,*,#947,.F.);
#3097 = ORIENTED_EDGE('',*,*,#844,.F.);
#3098 = CYLINDRICAL_SURFACE('',#3099,1.7);
#3099 = AXIS2_PLACEMENT_3D('',#3100,#3101,#3102);
#3100 = CARTESIAN_POINT('',(-80.4,2.22E-15,10.));
#3101 = DIRECTION('',(0.,-1.,2.2E-16));
#3102 = DIRECTION('',(-1.,0.,0.));
#3103 = ADVANCED_FACE('',(#3104),#3123,.F.);
#3104 = FACE_BOUND('',#3105,.T.);
#3105 = EDGE_LOOP('',(#3106,#3107,#3115,#3122));
#3106 = ORIENTED_EDGE('',*,*,#878,.F.);
#3107 = ORIENTED_EDGE('',*,*,#3108,.T.);
#3108 = EDGE_CURVE('',#879,#3109,#3111,.T.);
#3109 = VERTEX_POINT('',#3110);
#3110 = CARTESIAN_POINT('',(-66.35,9.,5.5));
#3111 = LINE('',#3112,#3113);
#3112 = CARTESIAN_POINT('',(-66.35,1.22E-15,5.5));
#3113 = VECTOR('',#3114,1.);
#3114 = DIRECTION('',(0.,1.,-2.2E-16));
#3115 = ORIENTED_EDGE('',*,*,#3116,.T.);
#3116 = EDGE_CURVE('',#3109,#3109,#3117,.T.);
#3117 = CIRCLE('',#3118,2.35);
#3118 = AXIS2_PLACEMENT_3D('',#3119,#3120,#3121);
#3119 = CARTESIAN_POINT('',(-64.,9.,5.5));
#3120 = DIRECTION('',(0.,1.,-0.));
#3121 = DIRECTION('',(-1.,0.,-0.));
#3122 = ORIENTED_EDGE('',*,*,#3108,.F.);
#3123 = CYLINDRICAL_SURFACE('',#3124,2.35);
#3124 = AXIS2_PLACEMENT_3D('',#3125,#3126,#3127);
#3125 = CARTESIAN_POINT('',(-64.,1.22E-15,5.5));
#3126 = DIRECTION('',(0.,-1.,2.2E-16));
#3127 = DIRECTION('',(-1.,0.,0.));
#3128 = ADVANCED_FACE('',(#3129),#3140,.F.);
#3129 = FACE_BOUND('',#3130,.F.);
#3130 = EDGE_LOOP('',(#3131,#3137,#3138,#3139));
#3131 = ORIENTED_EDGE('',*,*,#3132,.F.);
#3132 = EDGE_CURVE('',#2573,#1056,#3133,.T.);
#3133 = LINE('',#3134,#3135);
#3134 = CARTESIAN_POINT('',(-100.5,24.,0.4));
#3135 = VECTOR('',#3136,1.);
#3136 = DIRECTION('',(0.707106781187,5.6E-16,-0.707106781187));
#3137 = ORIENTED_EDGE('',*,*,#2600,.T.);
#3138 = ORIENTED_EDGE('',*,*,#2944,.F.);
#3139 = ORIENTED_EDGE('',*,*,#1064,.F.);
#3140 = PLANE('',#3141);
#3141 = AXIS2_PLACEMENT_3D('',#3142,#3143,#3144);
#3142 = CARTESIAN_POINT('',(-100.3,24.,0.2));
#3143 = DIRECTION('',(0.707106781187,0.,0.707106781187));
#3144 = DIRECTION('',(0.,-1.,0.));
#3145 = ADVANCED_FACE('',(#3146),#3157,.F.);
#3146 = FACE_BOUND('',#3147,.F.);
#3147 = EDGE_LOOP('',(#3148,#3154,#3155,#3156));
#3148 = ORIENTED_EDGE('',*,*,#3149,.F.);
#3149 = EDGE_CURVE('',#2549,#1048,#3150,.T.);
#3150 = LINE('',#3151,#3152);
#3151 = CARTESIAN_POINT('',(-101.9,26.77128129211,0.2));
#3152 = VECTOR('',#3153,1.);
#3153 = DIRECTION('',(0.353553390593,0.612372435696,-0.707106781187));
#3154 = ORIENTED_EDGE('',*,*,#2580,.T.);
#3155 = ORIENTED_EDGE('',*,*,#3132,.T.);
#3156 = ORIENTED_EDGE('',*,*,#1055,.F.);
#3157 = CONICAL_SURFACE('',#3158,3.,0.785398163397);
#3158 = AXIS2_PLACEMENT_3D('',#3159,#3160,#3161);
#3159 = CARTESIAN_POINT('',(-103.5,24.,0.4));
#3160 = DIRECTION('',(-0.,-0.,-1.));
#3161 = DIRECTION('',(0.5,0.866025403784,-0.));
#3162 = ADVANCED_FACE('',(#3163),#3174,.F.);
#3163 = FACE_BOUND('',#3164,.F.);
#3164 = EDGE_LOOP('',(#3165,#3166,#3167,#3173));
#3165 = ORIENTED_EDGE('',*,*,#2096,.F.);
#3166 = ORIENTED_EDGE('',*,*,#2433,.T.);
#3167 = ORIENTED_EDGE('',*,*,#3168,.T.);
#3168 = EDGE_CURVE('',#2426,#1005,#3169,.T.);
#3169 = LINE('',#3170,#3171);
#3170 = CARTESIAN_POINT('',(-102.,55.477985363801,0.4));
#3171 = VECTOR('',#3172,1.);
#3172 = DIRECTION('',(0.353553390593,-0.612372435696,-0.707106781187));
#3173 = ORIENTED_EDGE('',*,*,#1004,.F.);
#3174 = CONICAL_SURFACE('',#3175,3.,0.785398163397);
#3175 = AXIS2_PLACEMENT_3D('',#3176,#3177,#3178);
#3176 = CARTESIAN_POINT('',(-103.5,58.076061575154,0.4));
#3177 = DIRECTION('',(-0.,-0.,-1.));
#3178 = DIRECTION('',(1.,-0.,0.));
#3179 = ADVANCED_FACE('',(#3180),#3191,.T.);
#3180 = FACE_BOUND('',#3181,.F.);
#3181 = EDGE_LOOP('',(#3182,#3188,#3189,#3190));
#3182 = ORIENTED_EDGE('',*,*,#3183,.F.);
#3183 = EDGE_CURVE('',#2522,#1039,#3184,.T.);
#3184 = LINE('',#3185,#3186);
#3185 = CARTESIAN_POINT('',(-110.,31.21687836487,0.4));
#3186 = VECTOR('',#3187,1.);
#3187 = DIRECTION('',(0.353553390593,0.612372435696,-0.707106781187));
#3188 = ORIENTED_EDGE('',*,*,#2556,.T.);
#3189 = ORIENTED_EDGE('',*,*,#3149,.T.);
#3190 = ORIENTED_EDGE('',*,*,#1047,.F.);
#3191 = PLANE('',#3192);
#3192 = AXIS2_PLACEMENT_3D('',#3193,#3194,#3195);
#3193 = CARTESIAN_POINT('',(-109.9,31.390083445627,0.2));
#3194 = DIRECTION('',(-0.353553390593,-0.612372435696,-0.707106781187));
#3195 = DIRECTION('',(-0.866025403784,0.5,-4.440892098501E-16));
#3196 = ADVANCED_FACE('',(#3197),#3208,.T.);
#3197 = FACE_BOUND('',#3198,.F.);
#3198 = EDGE_LOOP('',(#3199,#3200,#3201,#3207));
#3199 = ORIENTED_EDGE('',*,*,#3168,.F.);
#3200 = ORIENTED_EDGE('',*,*,#2458,.T.);
#3201 = ORIENTED_EDGE('',*,*,#3202,.T.);
#3202 = EDGE_CURVE('',#2451,#1014,#3203,.T.);
#3203 = LINE('',#3204,#3205);
#3204 = CARTESIAN_POINT('',(-109.9,50.685978129527,0.2));
#3205 = VECTOR('',#3206,1.);
#3206 = DIRECTION('',(0.353553390593,-0.612372435696,-0.707106781187));
#3207 = ORIENTED_EDGE('',*,*,#1013,.F.);
#3208 = PLANE('',#3209);
#3209 = AXIS2_PLACEMENT_3D('',#3210,#3211,#3212);
#3210 = CARTESIAN_POINT('',(-101.9,55.304780283044,0.2));
#3211 = DIRECTION('',(-0.353553390593,0.612372435696,-0.707106781187));
#3212 = DIRECTION('',(0.866025403784,0.5,-3.053113317719E-16));
#3213 = ADVANCED_FACE('',(#3214),#3225,.T.);
#3214 = FACE_BOUND('',#3215,.F.);
#3215 = EDGE_LOOP('',(#3216,#3222,#3223,#3224));
#3216 = ORIENTED_EDGE('',*,*,#3217,.F.);
#3217 = EDGE_CURVE('',#2500,#1031,#3218,.T.);
#3218 = LINE('',#3219,#3220);
#3219 = CARTESIAN_POINT('',(-112.8,36.413030787577,0.2));
#3220 = VECTOR('',#3221,1.);
#3221 = DIRECTION('',(0.707106781187,0.,-0.707106781187));
#3222 = ORIENTED_EDGE('',*,*,#2531,.T.);
#3223 = ORIENTED_EDGE('',*,*,#3183,.T.);
#3224 = ORIENTED_EDGE('',*,*,#1038,.F.);
#3225 = CONICAL_SURFACE('',#3226,6.,0.785398163397);
#3226 = AXIS2_PLACEMENT_3D('',#3227,#3228,#3229);
#3227 = CARTESIAN_POINT('',(-107.,36.413030787577,0.4));
#3228 = DIRECTION('',(0.,0.,1.));
#3229 = DIRECTION('',(-1.,0.,0.));
#3230 = ADVANCED_FACE('',(#3231),#3242,.T.);
#3231 = FACE_BOUND('',#3232,.F.);
#3232 = EDGE_LOOP('',(#3233,#3234,#3235,#3241));
#3233 = ORIENTED_EDGE('',*,*,#3202,.F.);
#3234 = ORIENTED_EDGE('',*,*,#2482,.T.);
#3235 = ORIENTED_EDGE('',*,*,#3236,.T.);
#3236 = EDGE_CURVE('',#2473,#1022,#3237,.T.);
#3237 = LINE('',#3238,#3239);
#3238 = CARTESIAN_POINT('',(-113.,45.663030787577,0.4));
#3239 = VECTOR('',#3240,1.);
#3240 = DIRECTION('',(0.707106781187,6.E-17,-0.707106781187));
#3241 = ORIENTED_EDGE('',*,*,#1021,.F.);
#3242 = CONICAL_SURFACE('',#3243,6.,0.785398163397);
#3243 = AXIS2_PLACEMENT_3D('',#3244,#3245,#3246);
#3244 = CARTESIAN_POINT('',(-107.,45.663030787577,0.4));
#3245 = DIRECTION('',(0.,0.,1.));
#3246 = DIRECTION('',(-0.5,0.866025403784,0.));
#3247 = ADVANCED_FACE('',(#3248),#3254,.T.);
#3248 = FACE_BOUND('',#3249,.F.);
#3249 = EDGE_LOOP('',(#3250,#3251,#3252,#3253));
#3250 = ORIENTED_EDGE('',*,*,#3236,.F.);
#3251 = ORIENTED_EDGE('',*,*,#2507,.T.);
#3252 = ORIENTED_EDGE('',*,*,#3217,.T.);
#3253 = ORIENTED_EDGE('',*,*,#1030,.F.);
#3254 = PLANE('',#3255);
#3255 = AXIS2_PLACEMENT_3D('',#3256,#3257,#3258);
#3256 = CARTESIAN_POINT('',(-112.8,45.663030787577,0.2));
#3257 = DIRECTION('',(-0.707106781187,0.,-0.707106781187));
#3258 = DIRECTION('',(-0.,1.,0.));
#3259 = ADVANCED_FACE('',(#3260),#3294,.F.);
#3260 = FACE_BOUND('',#3261,.T.);
#3261 = EDGE_LOOP('',(#3262,#3263,#3271,#3279,#3288));
#3262 = ORIENTED_EDGE('',*,*,#1080,.F.);
#3263 = ORIENTED_EDGE('',*,*,#3264,.T.);
#3264 = EDGE_CURVE('',#1081,#3265,#3267,.T.);
#3265 = VERTEX_POINT('',#3266);
#3266 = CARTESIAN_POINT('',(-92.,22.5,3.));
#3267 = LINE('',#3268,#3269);
#3268 = CARTESIAN_POINT('',(-92.,22.5,0.));
#3269 = VECTOR('',#3270,1.);
#3270 = DIRECTION('',(0.,0.,1.));
#3271 = ORIENTED_EDGE('',*,*,#3272,.F.);
#3272 = EDGE_CURVE('',#3273,#3265,#3275,.T.);
#3273 = VERTEX_POINT('',#3274);
#3274 = CARTESIAN_POINT('',(-92.,19.,3.));
#3275 = LINE('',#3276,#3277);
#3276 = CARTESIAN_POINT('',(-92.,28.874236596195,3.));
#3277 = VECTOR('',#3278,1.);
#3278 = DIRECTION('',(0.,1.,0.));
#3279 = ORIENTED_EDGE('',*,*,#3280,.F.);
#3280 = EDGE_CURVE('',#3281,#3273,#3283,.T.);
#3281 = VERTEX_POINT('',#3282);
#3282 = CARTESIAN_POINT('',(-92.,12.5,5.400657923215));
#3283 = CIRCLE('',#3284,10.);
#3284 = AXIS2_PLACEMENT_3D('',#3285,#3286,#3287);
#3285 = CARTESIAN_POINT('',(-92.,19.,13.));
#3286 = DIRECTION('',(1.,0.,0.));
#3287 = DIRECTION('',(0.,-1.,0.));
#3288 = ORIENTED_EDGE('',*,*,#3289,.F.);
#3289 = EDGE_CURVE('',#1083,#3281,#3290,.T.);
#3290 = LINE('',#3291,#3292);
#3291 = CARTESIAN_POINT('',(-92.,12.5,0.));
#3292 = VECTOR('',#3293,1.);
#3293 = DIRECTION('',(0.,0.,1.));
#3294 = PLANE('',#3295);
#3295 = AXIS2_PLACEMENT_3D('',#3296,#3297,#3298);
#3296 = CARTESIAN_POINT('',(-92.,22.5,0.));
#3297 = DIRECTION('',(-1.,-0.,-0.));
#3298 = DIRECTION('',(0.,1.,0.));
#3299 = ADVANCED_FACE('',(#3300),#3319,.F.);
#3300 = FACE_BOUND('',#3301,.F.);
#3301 = EDGE_LOOP('',(#3302,#3303,#3304,#3313));
#3302 = ORIENTED_EDGE('',*,*,#1090,.F.);
#3303 = ORIENTED_EDGE('',*,*,#3264,.T.);
#3304 = ORIENTED_EDGE('',*,*,#3305,.F.);
#3305 = EDGE_CURVE('',#3306,#3265,#3308,.T.);
#3306 = VERTEX_POINT('',#3307);
#3307 = CARTESIAN_POINT('',(-89.,22.5,3.));
#3308 = CIRCLE('',#3309,1.5);
#3309 = AXIS2_PLACEMENT_3D('',#3310,#3311,#3312);
#3310 = CARTESIAN_POINT('',(-90.5,22.5,3.));
#3311 = DIRECTION('',(0.,0.,1.));
#3312 = DIRECTION('',(-1.,0.,0.));
#3313 = ORIENTED_EDGE('',*,*,#3314,.F.);
#3314 = EDGE_CURVE('',#1091,#3306,#3315,.T.);
#3315 = LINE('',#3316,#3317);
#3316 = CARTESIAN_POINT('',(-89.,22.5,0.));
#3317 = VECTOR('',#3318,1.);
#3318 = DIRECTION('',(0.,0.,1.));
#3319 = CYLINDRICAL_SURFACE('',#3320,1.5);
#3320 = AXIS2_PLACEMENT_3D('',#3321,#3322,#3323);
#3321 = CARTESIAN_POINT('',(-90.5,22.5,0.));
#3322 = DIRECTION('',(0.,0.,-1.));
#3323 = DIRECTION('',(-1.,0.,0.));
#3324 = ADVANCED_FACE('',(#3325),#3592,.F.);
#3325 = FACE_BOUND('',#3326,.F.);
#3326 = EDGE_LOOP('',(#3327,#3328,#3336,#3591));
#3327 = ORIENTED_EDGE('',*,*,#1107,.F.);
#3328 = ORIENTED_EDGE('',*,*,#3329,.T.);
#3329 = EDGE_CURVE('',#1100,#3330,#3332,.T.);
#3330 = VERTEX_POINT('',#3331);
#3331 = CARTESIAN_POINT('',(-89.,12.5,5.400657923215));
#3332 = LINE('',#3333,#3334);
#3333 = CARTESIAN_POINT('',(-89.,12.5,0.));
#3334 = VECTOR('',#3335,1.);
#3335 = DIRECTION('',(0.,0.,1.));
#3336 = ORIENTED_EDGE('',*,*,#3337,.T.);
#3337 = EDGE_CURVE('',#3330,#3281,#3338,.T.);
#3338 = B_SPLINE_CURVE_WITH_KNOTS('',6,(#3339,#3340,#3341,#3342,#3343,
    #3344,#3345,#3346,#3347,#3348,#3349,#3350,#3351,#3352,#3353,#3354,
    #3355,#3356,#3357,#3358,#3359,#3360,#3361,#3362,#3363,#3364,#3365,
    #3366,#3367,#3368,#3369,#3370,#3371,#3372,#3373,#3374,#3375,#3376,
    #3377,#3378,#3379,#3380,#3381,#3382,#3383,#3384,#3385,#3386,#3387,
    #3388,#3389,#3390,#3391,#3392,#3393,#3394,#3395,#3396,#3397,#3398,
    #3399,#3400,#3401,#3402,#3403,#3404,#3405,#3406,#3407,#3408,#3409,
    #3410,#3411,#3412,#3413,#3414,#3415,#3416,#3417,#3418,#3419,#3420,
    #3421,#3422,#3423,#3424,#3425,#3426,#3427,#3428,#3429,#3430,#3431,
    #3432,#3433,#3434,#3435,#3436,#3437,#3438,#3439,#3440,#3441,#3442,
    #3443,#3444,#3445,#3446,#3447,#3448,#3449,#3450,#3451,#3452,#3453,
    #3454,#3455,#3456,#3457,#3458,#3459,#3460,#3461,#3462,#3463,#3464,
    #3465,#3466,#3467,#3468,#3469,#3470,#3471,#3472,#3473,#3474,#3475,
    #3476,#3477,#3478,#3479,#3480,#3481,#3482,#3483,#3484,#3485,#3486,
    #3487,#3488,#3489,#3490,#3491,#3492,#3493,#3494,#3495,#3496,#3497,
    #3498,#3499,#3500,#3501,#3502,#3503,#3504,#3505,#3506,#3507,#3508,
    #3509,#3510,#3511,#3512,#3513,#3514,#3515,#3516,#3517,#3518,#3519,
    #3520,#3521,#3522,#3523,#3524,#3525,#3526,#3527,#3528,#3529,#3530,
    #3531,#3532,#3533,#3534,#3535,#3536,#3537,#3538,#3539,#3540,#3541,
    #3542,#3543,#3544,#3545,#3546,#3547,#3548,#3549,#3550,#3551,#3552,
    #3553,#3554,#3555,#3556,#3557,#3558,#3559,#3560,#3561,#3562,#3563,
    #3564,#3565,#3566,#3567,#3568,#3569,#3570,#3571,#3572,#3573,#3574,
    #3575,#3576,#3577,#3578,#3579,#3580,#3581,#3582,#3583,#3584,#3585,
    #3586,#3587,#3588,#3589,#3590),.UNSPECIFIED.,.F.,.F.,(7,5,5,5,5,5,5,
    5,5,5,5,5,5,5,5,5,5,5,5,5,5,5,5,5,5,5,5,5,5,5,5,5,5,5,5,5,5,5,5,5,5,
    5,5,5,5,5,5,5,5,5,7),(0.,5.753597146047E-02,0.172058399233,
    0.281938659697,0.322083428646,0.377005703378,0.422425821851,
    0.448500211946,0.4997757232,0.577062146619,0.623104401803,
    0.679053071232,0.718257316887,0.827816875837,0.995089535819,
    0.995229182995,0.995368817758,0.995498811379,0.995633608212,
    0.995763579912,0.99589835401,0.996037929266,0.996177492103,
    0.996317042522,0.996451769071,0.996591295076,0.996730808658,
    0.996870309818,0.997004988803,0.997144465542,0.997283929854,
    0.99742338174,0.997543588907,0.997683017651,0.997822433965,
    0.997961837848,0.998101229301,0.998240608321,0.998379974909,
    0.998519329063,0.998658670783,0.998798000067,0.998937316916,
    0.999076621328,0.999215913303,0.99935519284,0.999494459938,
    0.999633714597,0.999772956815,0.999907385774,1.),.UNSPECIFIED.);
#3339 = CARTESIAN_POINT('',(-89.,12.5,5.400657923215));
#3340 = CARTESIAN_POINT('',(-89.,12.454036040662,5.439972607654));
#3341 = CARTESIAN_POINT('',(-89.00169013966,12.408418216029,
    5.479568974406));
#3342 = CARTESIAN_POINT('',(-89.00502273129,12.363204354296,
    5.51939451046));
#3343 = CARTESIAN_POINT('',(-89.00995066822,12.318448553568,
    5.55939542096));
#3344 = CARTESIAN_POINT('',(-89.01642742484,12.274201181863,
    5.599516629198));
#3345 = CARTESIAN_POINT('',(-89.04029010808,12.143541564518,
    5.719688270739));
#3346 = CARTESIAN_POINT('',(-89.06212258887,12.058799832808,
    5.799904249961));
#3347 = CARTESIAN_POINT('',(-89.08955711149,11.976531732818,
    5.880013305753));
#3348 = CARTESIAN_POINT('',(-89.12231166126,11.896944988185,
    5.959672018214));
#3349 = CARTESIAN_POINT('',(-89.16016129494,11.820233141471,
    6.038506722413));
#3350 = CARTESIAN_POINT('',(-89.24396476028,11.675954910016,
    6.190528977277));
#3351 = CARTESIAN_POINT('',(-89.2895311376,11.608138194874,
    6.263821675715));
#3352 = CARTESIAN_POINT('',(-89.33951289364,11.543267940868,
    6.33565910735));
#3353 = CARTESIAN_POINT('',(-89.39385426071,11.481502516381,
    6.40566236408));
#3354 = CARTESIAN_POINT('',(-89.45253642722,11.423061732085,
    6.473346772355));
#3355 = CARTESIAN_POINT('',(-89.53857773062,11.348219475164,
    6.561738176366));
#3356 = CARTESIAN_POINT('',(-89.56218153558,11.328675178183,
    6.584999052194));
#3357 = CARTESIAN_POINT('',(-89.58636625909,11.309627676129,
    6.607838417712));
#3358 = CARTESIAN_POINT('',(-89.61113217232,11.291093176637,
    6.630223127715));
#3359 = CARTESIAN_POINT('',(-89.63647915744,11.273089828741,
    6.652116874699));
#3360 = CARTESIAN_POINT('',(-89.69787832895,11.231761402804,
    6.702707454094));
#3361 = CARTESIAN_POINT('',(-89.73444429415,11.208911716686,
    6.730948376223));
#3362 = CARTESIAN_POINT('',(-89.77209368727,11.187147431852,
    6.75809247311));
#3363 = CARTESIAN_POINT('',(-89.81081385125,11.166530976553,
    6.784022240316));
#3364 = CARTESIAN_POINT('',(-89.85059038798,11.147128439969,
    6.808613151095));
#3365 = CARTESIAN_POINT('',(-89.92516217951,11.114025467408,
    6.850854060557));
#3366 = CARTESIAN_POINT('',(-89.95963231886,11.099917899516,
    6.868971038876));
#3367 = CARTESIAN_POINT('',(-89.99478545469,11.086736745661,
    6.885996552439));
#3368 = CARTESIAN_POINT('',(-90.03058857229,11.074529428859,
    6.901846049497));
#3369 = CARTESIAN_POINT('',(-90.0670077639,11.063340918012,6.91643846547
    ));
#3370 = CARTESIAN_POINT('',(-90.12524913668,11.047399997911,
    6.937307122078));
#3371 = CARTESIAN_POINT('',(-90.1466772992,11.041937211605,
    6.944476745087));
#3372 = CARTESIAN_POINT('',(-90.16828283502,11.036834261106,
    6.951189387341));
#3373 = CARTESIAN_POINT('',(-90.19005437603,11.032099552859,
    6.957430250689));
#3374 = CARTESIAN_POINT('',(-90.21197906734,11.027741007639,
    6.963185443455));
#3375 = CARTESIAN_POINT('',(-90.27743062863,11.015949293099,
    6.97877900542));
#3376 = CARTESIAN_POINT('',(-90.32137508197,11.00961224359,
    6.987192698199));
#3377 = CARTESIAN_POINT('',(-90.36574030813,11.004817559854,
    6.993576481632));
#3378 = CARTESIAN_POINT('',(-90.41039012829,11.001606482752,
    6.997858080782));
#3379 = CARTESIAN_POINT('',(-90.45518846448,11.,7.));
#3380 = CARTESIAN_POINT('',(-90.56754341835,11.,7.));
#3381 = CARTESIAN_POINT('',(-90.63499462636,11.00364994111,
    6.995133965301));
#3382 = CARTESIAN_POINT('',(-90.70193708949,11.01092994295,
    6.985425719232));
#3383 = CARTESIAN_POINT('',(-90.76795000015,11.021740223479,
    6.971059931444));
#3384 = CARTESIAN_POINT('',(-90.83261275848,11.035889235259,
    6.952377166869));
#3385 = CARTESIAN_POINT('',(-90.93297923807,11.063324021483,
    6.916459984924));
#3386 = CARTESIAN_POINT('',(-90.96985335789,11.074654644946,
    6.901682105049));
#3387 = CARTESIAN_POINT('',(-91.00609576892,11.087029580777,
    6.885615773793));
#3388 = CARTESIAN_POINT('',(-91.04167135174,11.100402163261,
    6.868345121725));
#3389 = CARTESIAN_POINT('',(-91.07654591123,11.114723152316,
    6.849957931255));
#3390 = CARTESIAN_POINT('',(-91.15217203366,11.148432517074,
    6.80695660847));
#3391 = CARTESIAN_POINT('',(-91.19257970258,11.168250517204,
    6.781850273102));
#3392 = CARTESIAN_POINT('',(-91.23189262925,11.189321452928,
    6.755364929047));
#3393 = CARTESIAN_POINT('',(-91.27009610306,11.211576048257,
    6.727631222354));
#3394 = CARTESIAN_POINT('',(-91.30717725681,11.234949032166,
    6.698772146606));
#3395 = CARTESIAN_POINT('',(-91.36831434807,11.276497756481,
    6.647973221178));
#3396 = CARTESIAN_POINT('',(-91.39295124754,11.294138188714,
    6.626543994839));
#3397 = CARTESIAN_POINT('',(-91.4170352815,11.312281935204,
    6.604651734903));
#3398 = CARTESIAN_POINT('',(-91.44056634488,11.330912278862,
    6.582329920775));
#3399 = CARTESIAN_POINT('',(-91.46354471118,11.350014285597,
    6.559609140267));
#3400 = CARTESIAN_POINT('',(-91.54864327201,11.424238317591,
    6.471984413521));
#3401 = CARTESIAN_POINT('',(-91.60701544989,11.482492830001,
    6.404540309499));
#3402 = CARTESIAN_POINT('',(-91.66108219303,11.544042269556,
    6.334801987086));
#3403 = CARTESIAN_POINT('',(-91.71082455615,11.608669993348,
    6.263247378195));
#3404 = CARTESIAN_POINT('',(-91.75618714345,11.676219642335,
    6.19025059013));
#3405 = CARTESIAN_POINT('',(-91.85945155298,11.853994231148,
    6.00293268584));
#3406 = CARTESIAN_POINT('',(-91.91144101143,11.968075351791,
    5.886971937101));
#3407 = CARTESIAN_POINT('',(-91.95239416776,12.088133352301,
    5.769632011915));
#3408 = CARTESIAN_POINT('',(-91.98149767757,12.213479748432,
    5.652096042839));
#3409 = CARTESIAN_POINT('',(-91.9977291135,12.343309330328,
    5.535460376775));
#3410 = CARTESIAN_POINT('',(-91.99981766837,12.47661252445,
    5.420724581772));
#3411 = CARTESIAN_POINT('',(-91.99981940067,12.476723721599,
    5.420628876345));
#3412 = CARTESIAN_POINT('',(-91.99982112312,12.476834920879,
    5.420533172493));
#3413 = CARTESIAN_POINT('',(-91.9998228357,12.476946122289,
    5.420437470216));
#3414 = CARTESIAN_POINT('',(-91.99982453842,12.477057325826,
    5.420341769514));
#3415 = CARTESIAN_POINT('',(-91.99982792398,12.477279727273,
    5.420150379772));
#3416 = CARTESIAN_POINT('',(-91.99982960683,12.477390925182,
    5.42005469073));
#3417 = CARTESIAN_POINT('',(-91.9998312798,12.477502125216,
    5.419959003265));
#3418 = CARTESIAN_POINT('',(-91.99983294292,12.477613327377,
    5.419863317379));
#3419 = CARTESIAN_POINT('',(-91.99983459617,12.477724531661,
    5.419767633071));
#3420 = CARTESIAN_POINT('',(-91.99983776947,12.477939266184,
    5.419582874072));
#3421 = CARTESIAN_POINT('',(-91.99983929084,12.478042796138,
    5.419493799169));
#3422 = CARTESIAN_POINT('',(-91.99984080365,12.478146327933,
    5.419404725635));
#3423 = CARTESIAN_POINT('',(-91.99984230792,12.478249861566,
    5.419315653473));
#3424 = CARTESIAN_POINT('',(-91.99984380363,12.478353397038,
    5.419226582681));
#3425 = CARTESIAN_POINT('',(-91.9998468329,12.478564297318,
    5.419045152763));
#3426 = CARTESIAN_POINT('',(-91.99984836582,12.478671662265,
    5.41895279374));
#3427 = CARTESIAN_POINT('',(-91.99984988954,12.478779029187,
    5.418860436192));
#3428 = CARTESIAN_POINT('',(-91.99985140406,12.478886398083,
    5.418768080121));
#3429 = CARTESIAN_POINT('',(-91.99985290938,12.478993768953,
    5.418675725528));
#3430 = CARTESIAN_POINT('',(-91.99985584808,12.479204671162,
    5.418494325132));
#3431 = CARTESIAN_POINT('',(-91.99985728209,12.479308202362,
    5.418405279227));
#3432 = CARTESIAN_POINT('',(-91.99985870756,12.479411735396,
    5.418316234696));
#3433 = CARTESIAN_POINT('',(-91.99986012447,12.479515270262,
    5.418227191541));
#3434 = CARTESIAN_POINT('',(-91.99986153284,12.479618806959,
    5.418138149763));
#3435 = CARTESIAN_POINT('',(-91.99986438417,12.47982970972,
    5.417956778955));
#3436 = CARTESIAN_POINT('',(-91.9998658265,12.479937075921,
    5.417864450029));
#3437 = CARTESIAN_POINT('',(-91.99986725964,12.48004444409,
    5.417772122584));
#3438 = CARTESIAN_POINT('',(-91.99986868357,12.480151814226,
    5.417679796622));
#3439 = CARTESIAN_POINT('',(-91.99987009831,12.480259186329,
    5.417587472143));
#3440 = CARTESIAN_POINT('',(-91.99987295945,12.48047775953,
    5.417399537261));
#3441 = CARTESIAN_POINT('',(-91.99987440519,12.480588960772,
    5.417303926967));
#3442 = CARTESIAN_POINT('',(-91.99987584106,12.48070016412,
    5.417208318264));
#3443 = CARTESIAN_POINT('',(-91.99987726706,12.480811369574,
    5.417112711154));
#3444 = CARTESIAN_POINT('',(-91.99987868319,12.480922577134,
    5.417017105638));
#3445 = CARTESIAN_POINT('',(-91.99988149559,12.481144986567,
    5.416825906301));
#3446 = CARTESIAN_POINT('',(-91.99988289186,12.48125618844,5.41673031248
    ));
#3447 = CARTESIAN_POINT('',(-91.99988427826,12.481367392416,
    5.416634720254));
#3448 = CARTESIAN_POINT('',(-91.9998856548,12.481478598494,
    5.416539129624));
#3449 = CARTESIAN_POINT('',(-91.99988702146,12.481589806673,
    5.416443540591));
#3450 = CARTESIAN_POINT('',(-91.99988973492,12.481812217335,
    5.416252374227));
#3451 = CARTESIAN_POINT('',(-91.99989108172,12.481923419818,
    5.416156796895));
#3452 = CARTESIAN_POINT('',(-91.99989241865,12.4820346244,5.416061221161
    ));
#3453 = CARTESIAN_POINT('',(-91.99989374571,12.482145831079,
    5.415965647026));
#3454 = CARTESIAN_POINT('',(-91.9998950629,12.482257039856,
    5.415870074492));
#3455 = CARTESIAN_POINT('',(-91.99989763235,12.482475617351,
    5.415682236244));
#3456 = CARTESIAN_POINT('',(-91.99989888528,12.482582985928,
    5.415589970423));
#3457 = CARTESIAN_POINT('',(-91.999900129,12.482690356458,5.415497706094
    ));
#3458 = CARTESIAN_POINT('',(-91.99990136353,12.482797728939,
    5.415405443259));
#3459 = CARTESIAN_POINT('',(-91.99990258885,12.482905103372,
    5.415313181918));
#3460 = CARTESIAN_POINT('',(-91.9999050644,12.48312368128,5.415125375591
    ));
#3461 = CARTESIAN_POINT('',(-91.99990631397,12.483234884897,
    5.415029830713));
#3462 = CARTESIAN_POINT('',(-91.99990755367,12.483346090605,
    5.41493428744));
#3463 = CARTESIAN_POINT('',(-91.99990878349,12.483457298403,
    5.414838745771));
#3464 = CARTESIAN_POINT('',(-91.99991000345,12.483568508289,
    5.414743205709));
#3465 = CARTESIAN_POINT('',(-91.9999124235,12.483790922338,
    5.414552137304));
#3466 = CARTESIAN_POINT('',(-91.99991362359,12.483902126499,
    5.414456608961));
#3467 = CARTESIAN_POINT('',(-91.99991481382,12.484013332747,
    5.414361082225));
#3468 = CARTESIAN_POINT('',(-91.99991599417,12.484124541081,
    5.414265557097));
#3469 = CARTESIAN_POINT('',(-91.99991716465,12.4842357515,5.414170033579
    ));
#3470 = CARTESIAN_POINT('',(-91.99991948576,12.484458166603,
    5.413978998267));
#3471 = CARTESIAN_POINT('',(-91.99992063639,12.484569371286,
    5.413883486473));
#3472 = CARTESIAN_POINT('',(-91.99992177715,12.484680578053,
    5.413787976291));
#3473 = CARTESIAN_POINT('',(-91.99992290803,12.484791786901,
    5.413692467719));
#3474 = CARTESIAN_POINT('',(-91.99992402904,12.48490299783,
    5.413596960759));
#3475 = CARTESIAN_POINT('',(-91.99992621289,12.485121579518,
    5.413409251424));
#3476 = CARTESIAN_POINT('',(-91.99992727641,12.485228950136,
    5.41331704894));
#3477 = CARTESIAN_POINT('',(-91.99992833072,12.485336322692,
    5.413224847959));
#3478 = CARTESIAN_POINT('',(-91.99992937583,12.485443697185,
    5.413132648484));
#3479 = CARTESIAN_POINT('',(-91.99993041173,12.485551073614,
    5.413040450514));
#3480 = CARTESIAN_POINT('',(-91.9999325017,12.485769655549,
    5.412852773214));
#3481 = CARTESIAN_POINT('',(-91.99993355509,12.485880861196,
    5.412757293994));
#3482 = CARTESIAN_POINT('',(-91.99993459861,12.485992068917,
    5.412661816391));
#3483 = CARTESIAN_POINT('',(-91.99993563226,12.486103278711,
    5.412566340405));
#3484 = CARTESIAN_POINT('',(-91.99993665602,12.486214490579,
    5.412470866037));
#3485 = CARTESIAN_POINT('',(-91.99993868371,12.48643690855,
    5.412279929044));
#3486 = CARTESIAN_POINT('',(-91.99993968764,12.486548114654,
    5.412184466419));
#3487 = CARTESIAN_POINT('',(-91.99994068169,12.486659322828,
    5.412089005414));
#3488 = CARTESIAN_POINT('',(-91.99994166586,12.486770533072,
    5.411993546029));
#3489 = CARTESIAN_POINT('',(-91.99994264015,12.486881745384,
    5.411898088265));
#3490 = CARTESIAN_POINT('',(-91.9999445689,12.487104164236,
    5.411707184487));
#3491 = CARTESIAN_POINT('',(-91.99994552335,12.487215370774,
    5.411611738473));
#3492 = CARTESIAN_POINT('',(-91.99994646793,12.487326579379,
    5.411516294081));
#3493 = CARTESIAN_POINT('',(-91.99994740263,12.48743779005,
    5.411420851313));
#3494 = CARTESIAN_POINT('',(-91.99994832745,12.487549002785,
    5.411325410168));
#3495 = CARTESIAN_POINT('',(-91.99995003107,12.487756084457,
    5.411147702028));
#3496 = CARTESIAN_POINT('',(-91.99995081241,12.487851952862,
    5.411065434615));
#3497 = CARTESIAN_POINT('',(-91.9999515864,12.487947822801,5.41098316841
    ));
#3498 = CARTESIAN_POINT('',(-91.99995235306,12.488043694272,
    5.410900903413));
#3499 = CARTESIAN_POINT('',(-91.99995311237,12.488139567274,
    5.410818639625));
#3500 = CARTESIAN_POINT('',(-91.99995473656,12.488346647038,
    5.410640960375));
#3501 = CARTESIAN_POINT('',(-91.99995559889,12.488457854328,
    5.410545545331));
#3502 = CARTESIAN_POINT('',(-91.99995645135,12.488569063677,
    5.410450131915));
#3503 = CARTESIAN_POINT('',(-91.99995729393,12.488680275084,
    5.410354720128));
#3504 = CARTESIAN_POINT('',(-91.99995812662,12.488791488549,
    5.410259309971));
#3505 = CARTESIAN_POINT('',(-91.99995977218,12.489013909676,
    5.410068501424));
#3506 = CARTESIAN_POINT('',(-91.99996058505,12.489125117338,
    5.409973103034));
#3507 = CARTESIAN_POINT('',(-91.99996138803,12.489236327055,
    5.409877706275));
#3508 = CARTESIAN_POINT('',(-91.99996218114,12.489347538826,
    5.409782311148));
#3509 = CARTESIAN_POINT('',(-91.99996296436,12.48945875265,
    5.409686917654));
#3510 = CARTESIAN_POINT('',(-91.99996451098,12.489681174487,
    5.40949614244));
#3511 = CARTESIAN_POINT('',(-91.99996527437,12.489792382499,
    5.409400760719));
#3512 = CARTESIAN_POINT('',(-91.99996602788,12.489903592562,
    5.409305380632));
#3513 = CARTESIAN_POINT('',(-91.99996677152,12.490014804676,
    5.40921000218));
#3514 = CARTESIAN_POINT('',(-91.99996750527,12.490126018838,
    5.409114625365));
#3515 = CARTESIAN_POINT('',(-91.99996895294,12.490348441341,
    5.408923883513));
#3516 = CARTESIAN_POINT('',(-91.99996966686,12.490459649681,
    5.408828518476));
#3517 = CARTESIAN_POINT('',(-91.9999703709,12.490570860068,
    5.408733155076));
#3518 = CARTESIAN_POINT('',(-91.99997106506,12.490682072501,
    5.408637793315));
#3519 = CARTESIAN_POINT('',(-91.99997174933,12.490793286979,
    5.408542433193));
#3520 = CARTESIAN_POINT('',(-91.99997309806,12.491015710104,
    5.408351724734));
#3521 = CARTESIAN_POINT('',(-91.99997376251,12.491126918751,
    5.408256376397));
#3522 = CARTESIAN_POINT('',(-91.99997441707,12.49123812944,5.4081610297)
  );
#3523 = CARTESIAN_POINT('',(-91.99997506176,12.491349342171,
    5.408065684644));
#3524 = CARTESIAN_POINT('',(-91.99997569656,12.491460556943,
    5.407970341231));
#3525 = CARTESIAN_POINT('',(-91.99997694634,12.491682980646,
    5.407779666195));
#3526 = CARTESIAN_POINT('',(-91.99997756132,12.491794189576,
    5.407684334573));
#3527 = CARTESIAN_POINT('',(-91.99997816641,12.491905400546,
    5.407589004593));
#3528 = CARTESIAN_POINT('',(-91.99997876162,12.492016613552,
    5.407493676259));
#3529 = CARTESIAN_POINT('',(-91.99997934695,12.492127828596,
    5.407398349569));
#3530 = CARTESIAN_POINT('',(-91.99998049778,12.492350252833,
    5.407207707987));
#3531 = CARTESIAN_POINT('',(-91.99998106329,12.492461462026,
    5.407112393094));
#3532 = CARTESIAN_POINT('',(-91.99998161891,12.492572673253,
    5.407017079848));
#3533 = CARTESIAN_POINT('',(-91.99998216465,12.492683886514,
    5.406921768249));
#3534 = CARTESIAN_POINT('',(-91.9999827005,12.492795101807,
    5.406826458299));
#3535 = CARTESIAN_POINT('',(-91.99998375238,12.493017526534,
    5.406635850201));
#3536 = CARTESIAN_POINT('',(-91.99998426842,12.493128735967,
    5.406540552053));
#3537 = CARTESIAN_POINT('',(-91.99998477457,12.49323994743,
    5.406445255554));
#3538 = CARTESIAN_POINT('',(-91.99998527083,12.493351160923,
    5.406349960707));
#3539 = CARTESIAN_POINT('',(-91.99998575721,12.493462376445,
    5.40625466751));
#3540 = CARTESIAN_POINT('',(-91.99998671015,12.493684801617,
    5.406064092927));
#3541 = CARTESIAN_POINT('',(-91.99998717671,12.493796011268,
    5.405968811539));
#3542 = CARTESIAN_POINT('',(-91.99998763339,12.493907222946,
    5.405873531803));
#3543 = CARTESIAN_POINT('',(-91.99998808018,12.494018436648,
    5.405778253722));
#3544 = CARTESIAN_POINT('',(-91.99998851708,12.494129652375,
    5.405682977295));
#3545 = CARTESIAN_POINT('',(-91.99998937107,12.49435207795,
    5.405492436256));
#3546 = CARTESIAN_POINT('',(-91.99998978816,12.494463287797,
    5.405397171643));
#3547 = CARTESIAN_POINT('',(-91.99999019537,12.494574499667,
    5.405301908686));
#3548 = CARTESIAN_POINT('',(-91.99999059268,12.494685713557,
    5.405206647386));
#3549 = CARTESIAN_POINT('',(-91.99999098011,12.494796929468,
    5.405111387743));
#3550 = CARTESIAN_POINT('',(-91.99999173515,12.495019355401,
    5.404920880279));
#3551 = CARTESIAN_POINT('',(-91.99999210277,12.495130565422,
    5.404825632456));
#3552 = CARTESIAN_POINT('',(-91.9999924605,12.495241777461,
    5.404730386293));
#3553 = CARTESIAN_POINT('',(-91.99999280835,12.495352991518,
    5.404635141789));
#3554 = CARTESIAN_POINT('',(-91.9999931463,12.49546420759,5.404539898946
    ));
#3555 = CARTESIAN_POINT('',(-91.9999938024,12.495686633837,
    5.404349425086));
#3556 = CARTESIAN_POINT('',(-91.99999412054,12.49579784401,
    5.404254194069));
#3557 = CARTESIAN_POINT('',(-91.9999944288,12.495909056197,
    5.404158964714));
#3558 = CARTESIAN_POINT('',(-91.99999472717,12.496020270398,
    5.404063737022));
#3559 = CARTESIAN_POINT('',(-91.99999501565,12.49613148661,
    5.403968510994));
#3560 = CARTESIAN_POINT('',(-91.99999557279,12.496353913127,
    5.403778070769));
#3561 = CARTESIAN_POINT('',(-91.99999584147,12.49646512343,
    5.403682856573));
#3562 = CARTESIAN_POINT('',(-91.99999610025,12.496576335743,
    5.403587644041));
#3563 = CARTESIAN_POINT('',(-91.99999634915,12.496687550065,
    5.403492433176));
#3564 = CARTESIAN_POINT('',(-91.99999658815,12.496798766396,
    5.403397223977));
#3565 = CARTESIAN_POINT('',(-91.99999704635,12.497021193138,
    5.403206817418));
#3566 = CARTESIAN_POINT('',(-91.99999726555,12.497132403549,
    5.403111620057));
#3567 = CARTESIAN_POINT('',(-91.99999747486,12.497243615967,
    5.403016424364));
#3568 = CARTESIAN_POINT('',(-91.99999767428,12.497354830389,
    5.40292123034));
#3569 = CARTESIAN_POINT('',(-91.99999786381,12.497466046815,
    5.402826037986));
#3570 = CARTESIAN_POINT('',(-91.99999822307,12.497688473739,
    5.402635665122));
#3571 = CARTESIAN_POINT('',(-91.99999839279,12.497799684236,
    5.402540484612));
#3572 = CARTESIAN_POINT('',(-91.99999855263,12.497910896735,
    5.402445305773));
#3573 = CARTESIAN_POINT('',(-91.99999870258,12.498022111235,
    5.402350128606));
#3574 = CARTESIAN_POINT('',(-91.99999884263,12.498133327735,
    5.402254953111));
#3575 = CARTESIAN_POINT('',(-91.99999910294,12.498355754797,
    5.402064613973));
#3576 = CARTESIAN_POINT('',(-91.99999922319,12.498466965359,
    5.401969450328));
#3577 = CARTESIAN_POINT('',(-91.99999933356,12.498578177918,
    5.401874288358));
#3578 = CARTESIAN_POINT('',(-91.99999943403,12.498689392474,
    5.401779128063));
#3579 = CARTESIAN_POINT('',(-91.99999952461,12.498800609025,
    5.401683969444));
#3580 = CARTESIAN_POINT('',(-91.99999968318,12.499019201566,5.4014969449
    ));
#3581 = CARTESIAN_POINT('',(-91.99999975186,12.499126577421,
    5.401405078861));
#3582 = CARTESIAN_POINT('',(-91.99999981131,12.499233955133,
    5.401313214387));
#3583 = CARTESIAN_POINT('',(-91.99999986153,12.499341334704,
    5.401221351476));
#3584 = CARTESIAN_POINT('',(-91.99999990253,12.49944871613,
    5.401129490131));
#3585 = CARTESIAN_POINT('',(-91.99999995621,12.499630080643,
    5.40097434397));
#3586 = CARTESIAN_POINT('',(-91.99999997372,12.499704062754,
    5.400911058332));
#3587 = CARTESIAN_POINT('',(-91.99999998686,12.499778045745,
    5.400847773436));
#3588 = CARTESIAN_POINT('',(-91.99999999562,12.499852029617,
    5.400784489285));
#3589 = CARTESIAN_POINT('',(-92.,12.499926014369,5.400721205878));
#3590 = CARTESIAN_POINT('',(-92.,12.5,5.400657923215));
#3591 = ORIENTED_EDGE('',*,*,#3289,.F.);
#3592 = CYLINDRICAL_SURFACE('',#3593,1.5);
#3593 = AXIS2_PLACEMENT_3D('',#3594,#3595,#3596);
#3594 = CARTESIAN_POINT('',(-90.5,12.5,0.));
#3595 = DIRECTION('',(0.,0.,-1.));
#3596 = DIRECTION('',(-1.,0.,0.));
#3597 = ADVANCED_FACE('',(#3598),#3618,.T.);
#3598 = FACE_BOUND('',#3599,.F.);
#3599 = EDGE_LOOP('',(#3600,#3601,#3602,#3610,#3617));
#3600 = ORIENTED_EDGE('',*,*,#1099,.F.);
#3601 = ORIENTED_EDGE('',*,*,#3314,.T.);
#3602 = ORIENTED_EDGE('',*,*,#3603,.F.);
#3603 = EDGE_CURVE('',#3604,#3306,#3606,.T.);
#3604 = VERTEX_POINT('',#3605);
#3605 = CARTESIAN_POINT('',(-89.,19.,3.));
#3606 = LINE('',#3607,#3608);
#3607 = CARTESIAN_POINT('',(-89.,28.874236596195,3.));
#3608 = VECTOR('',#3609,1.);
#3609 = DIRECTION('',(0.,1.,0.));
#3610 = ORIENTED_EDGE('',*,*,#3611,.F.);
#3611 = EDGE_CURVE('',#3330,#3604,#3612,.T.);
#3612 = CIRCLE('',#3613,10.);
#3613 = AXIS2_PLACEMENT_3D('',#3614,#3615,#3616);
#3614 = CARTESIAN_POINT('',(-89.,19.,13.));
#3615 = DIRECTION('',(1.,0.,0.));
#3616 = DIRECTION('',(0.,-1.,0.));
#3617 = ORIENTED_EDGE('',*,*,#3329,.F.);
#3618 = PLANE('',#3619);
#3619 = AXIS2_PLACEMENT_3D('',#3620,#3621,#3622);
#3620 = CARTESIAN_POINT('',(-89.,22.5,0.));
#3621 = DIRECTION('',(-1.,-0.,-0.));
#3622 = DIRECTION('',(0.,1.,0.));
#3623 = ADVANCED_FACE('',(#3624),#3658,.F.);
#3624 = FACE_BOUND('',#3625,.T.);
#3625 = EDGE_LOOP('',(#3626,#3627,#3635,#3643,#3652));
#3626 = ORIENTED_EDGE('',*,*,#1116,.F.);
#3627 = ORIENTED_EDGE('',*,*,#3628,.T.);
#3628 = EDGE_CURVE('',#1117,#3629,#3631,.T.);
#3629 = VERTEX_POINT('',#3630);
#3630 = CARTESIAN_POINT('',(-79.58333333333,22.5,3.));
#3631 = LINE('',#3632,#3633);
#3632 = CARTESIAN_POINT('',(-79.58333333333,22.5,0.));
#3633 = VECTOR('',#3634,1.);
#3634 = DIRECTION('',(0.,0.,1.));
#3635 = ORIENTED_EDGE('',*,*,#3636,.F.);
#3636 = EDGE_CURVE('',#3637,#3629,#3639,.T.);
#3637 = VERTEX_POINT('',#3638);
#3638 = CARTESIAN_POINT('',(-79.58333333333,19.,3.));
#3639 = LINE('',#3640,#3641);
#3640 = CARTESIAN_POINT('',(-79.58333333333,28.874236596195,3.));
#3641 = VECTOR('',#3642,1.);
#3642 = DIRECTION('',(0.,1.,0.));
#3643 = ORIENTED_EDGE('',*,*,#3644,.F.);
#3644 = EDGE_CURVE('',#3645,#3637,#3647,.T.);
#3645 = VERTEX_POINT('',#3646);
#3646 = CARTESIAN_POINT('',(-79.58333333333,12.5,5.400657923215));
#3647 = CIRCLE('',#3648,10.);
#3648 = AXIS2_PLACEMENT_3D('',#3649,#3650,#3651);
#3649 = CARTESIAN_POINT('',(-79.58333333333,19.,13.));
#3650 = DIRECTION('',(1.,0.,0.));
#3651 = DIRECTION('',(0.,-1.,0.));
#3652 = ORIENTED_EDGE('',*,*,#3653,.F.);
#3653 = EDGE_CURVE('',#1119,#3645,#3654,.T.);
#3654 = LINE('',#3655,#3656);
#3655 = CARTESIAN_POINT('',(-79.58333333333,12.5,0.));
#3656 = VECTOR('',#3657,1.);
#3657 = DIRECTION('',(0.,0.,1.));
#3658 = PLANE('',#3659);
#3659 = AXIS2_PLACEMENT_3D('',#3660,#3661,#3662);
#3660 = CARTESIAN_POINT('',(-79.58333333333,22.5,0.));
#3661 = DIRECTION('',(-1.,-0.,-0.));
#3662 = DIRECTION('',(0.,1.,0.));
#3663 = ADVANCED_FACE('',(#3664),#3683,.F.);
#3664 = FACE_BOUND('',#3665,.F.);
#3665 = EDGE_LOOP('',(#3666,#3667,#3668,#3677));
#3666 = ORIENTED_EDGE('',*,*,#1126,.F.);
#3667 = ORIENTED_EDGE('',*,*,#3628,.T.);
#3668 = ORIENTED_EDGE('',*,*,#3669,.F.);
#3669 = EDGE_CURVE('',#3670,#3629,#3672,.T.);
#3670 = VERTEX_POINT('',#3671);
#3671 = CARTESIAN_POINT('',(-76.58333333333,22.5,3.));
#3672 = CIRCLE('',#3673,1.5);
#3673 = AXIS2_PLACEMENT_3D('',#3674,#3675,#3676);
#3674 = CARTESIAN_POINT('',(-78.08333333333,22.5,3.));
#3675 = DIRECTION('',(0.,0.,1.));
#3676 = DIRECTION('',(-1.,0.,0.));
#3677 = ORIENTED_EDGE('',*,*,#3678,.F.);
#3678 = EDGE_CURVE('',#1127,#3670,#3679,.T.);
#3679 = LINE('',#3680,#3681);
#3680 = CARTESIAN_POINT('',(-76.58333333333,22.5,0.));
#3681 = VECTOR('',#3682,1.);
#3682 = DIRECTION('',(0.,0.,1.));
#3683 = CYLINDRICAL_SURFACE('',#3684,1.5);
#3684 = AXIS2_PLACEMENT_3D('',#3685,#3686,#3687);
#3685 = CARTESIAN_POINT('',(-78.08333333333,22.5,0.));
#3686 = DIRECTION('',(0.,0.,-1.));
#3687 = DIRECTION('',(-1.,0.,0.));
#3688 = ADVANCED_FACE('',(#3689),#3956,.F.);
#3689 = FACE_BOUND('',#3690,.F.);
#3690 = EDGE_LOOP('',(#3691,#3692,#3700,#3955));
#3691 = ORIENTED_EDGE('',*,*,#1143,.F.);
#3692 = ORIENTED_EDGE('',*,*,#3693,.T.);
#3693 = EDGE_CURVE('',#1136,#3694,#3696,.T.);
#3694 = VERTEX_POINT('',#3695);
#3695 = CARTESIAN_POINT('',(-76.58333333333,12.5,5.400657923215));
#3696 = LINE('',#3697,#3698);
#3697 = CARTESIAN_POINT('',(-76.58333333333,12.5,0.));
#3698 = VECTOR('',#3699,1.);
#3699 = DIRECTION('',(0.,0.,1.));
#3700 = ORIENTED_EDGE('',*,*,#3701,.T.);
#3701 = EDGE_CURVE('',#3694,#3645,#3702,.T.);
#3702 = B_SPLINE_CURVE_WITH_KNOTS('',6,(#3703,#3704,#3705,#3706,#3707,
    #3708,#3709,#3710,#3711,#3712,#3713,#3714,#3715,#3716,#3717,#3718,
    #3719,#3720,#3721,#3722,#3723,#3724,#3725,#3726,#3727,#3728,#3729,
    #3730,#3731,#3732,#3733,#3734,#3735,#3736,#3737,#3738,#3739,#3740,
    #3741,#3742,#3743,#3744,#3745,#3746,#3747,#3748,#3749,#3750,#3751,
    #3752,#3753,#3754,#3755,#3756,#3757,#3758,#3759,#3760,#3761,#3762,
    #3763,#3764,#3765,#3766,#3767,#3768,#3769,#3770,#3771,#3772,#3773,
    #3774,#3775,#3776,#3777,#3778,#3779,#3780,#3781,#3782,#3783,#3784,
    #3785,#3786,#3787,#3788,#3789,#3790,#3791,#3792,#3793,#3794,#3795,
    #3796,#3797,#3798,#3799,#3800,#3801,#3802,#3803,#3804,#3805,#3806,
    #3807,#3808,#3809,#3810,#3811,#3812,#3813,#3814,#3815,#3816,#3817,
    #3818,#3819,#3820,#3821,#3822,#3823,#3824,#3825,#3826,#3827,#3828,
    #3829,#3830,#3831,#3832,#3833,#3834,#3835,#3836,#3837,#3838,#3839,
    #3840,#3841,#3842,#3843,#3844,#3845,#3846,#3847,#3848,#3849,#3850,
    #3851,#3852,#3853,#3854,#3855,#3856,#3857,#3858,#3859,#3860,#3861,
    #3862,#3863,#3864,#3865,#3866,#3867,#3868,#3869,#3870,#3871,#3872,
    #3873,#3874,#3875,#3876,#3877,#3878,#3879,#3880,#3881,#3882,#3883,
    #3884,#3885,#3886,#3887,#3888,#3889,#3890,#3891,#3892,#3893,#3894,
    #3895,#3896,#3897,#3898,#3899,#3900,#3901,#3902,#3903,#3904,#3905,
    #3906,#3907,#3908,#3909,#3910,#3911,#3912,#3913,#3914,#3915,#3916,
    #3917,#3918,#3919,#3920,#3921,#3922,#3923,#3924,#3925,#3926,#3927,
    #3928,#3929,#3930,#3931,#3932,#3933,#3934,#3935,#3936,#3937,#3938,
    #3939,#3940,#3941,#3942,#3943,#3944,#3945,#3946,#3947,#3948,#3949,
    #3950,#3951,#3952,#3953,#3954),.UNSPECIFIED.,.F.,.F.,(7,5,5,5,5,5,5,
    5,5,5,5,5,5,5,5,5,5,5,5,5,5,5,5,5,5,5,5,5,5,5,5,5,5,5,5,5,5,5,5,5,5,
    5,5,5,5,5,5,5,5,5,7),(0.,5.753600920157E-02,0.17205852588,
    0.281938867379,0.322083665933,0.377005968978,0.422426090628,
    0.448500476747,0.499775980178,0.577062391801,0.623104629745,
    0.679053265337,0.718257487282,0.827816979971,0.995089538788,
    0.995229185879,0.995368820558,0.9954988141,0.995633610852,
    0.995763582473,0.99589835649,0.996037931661,0.996177494414,
    0.996317044748,0.996451771216,0.996591297136,0.996730810635,
    0.996870311709,0.997004990614,0.997144467268,0.997283931496,
    0.997423383297,0.997543590392,0.997683019051,0.997822435281,
    0.99796183908,0.998101230448,0.998240609385,0.998379975888,
    0.998519329958,0.998658671593,0.998798000794,0.998937317559,
    0.999076621887,0.999215913777,0.99935519323,0.999494460244,
    0.999633714818,0.999772956953,0.99990738583,1.),.UNSPECIFIED.);
#3703 = CARTESIAN_POINT('',(-76.58333333333,12.5,5.400657923215));
#3704 = CARTESIAN_POINT('',(-76.58333333333,12.454036036909,
    5.439972610865));
#3705 = CARTESIAN_POINT('',(-76.58502347265,12.40841821693,
    5.479568973513));
#3706 = CARTESIAN_POINT('',(-76.5883560643,12.363204357958,
    5.519394507214));
#3707 = CARTESIAN_POINT('',(-76.59328400173,12.318448554627,
    5.559395420115));
#3708 = CARTESIAN_POINT('',(-76.59976075883,12.274201178308,
    5.599516632468));
#3709 = CARTESIAN_POINT('',(-76.62362344203,12.143541561127,
    5.719688273858));
#3710 = CARTESIAN_POINT('',(-76.64545592048,12.058799837894,
    5.799904245014));
#3711 = CARTESIAN_POINT('',(-76.6728904453,11.976531733065,
    5.880013305704));
#3712 = CARTESIAN_POINT('',(-76.70564499655,11.896944983216,
    5.959672023137));
#3713 = CARTESIAN_POINT('',(-76.74349462662,11.820233144331,6.0385067194
    ));
#3714 = CARTESIAN_POINT('',(-76.82729809362,11.675954910016,
    6.190528977277));
#3715 = CARTESIAN_POINT('',(-76.87286447093,11.608138194874,
    6.263821675715));
#3716 = CARTESIAN_POINT('',(-76.92284622698,11.543267940868,
    6.33565910735));
#3717 = CARTESIAN_POINT('',(-76.97718759404,11.481502516381,
    6.40566236408));
#3718 = CARTESIAN_POINT('',(-77.03586976056,11.423061732085,
    6.473346772355));
#3719 = CARTESIAN_POINT('',(-77.12191106395,11.348219475164,
    6.561738176366));
#3720 = CARTESIAN_POINT('',(-77.14551486891,11.328675178183,
    6.584999052194));
#3721 = CARTESIAN_POINT('',(-77.16969959243,11.309627676129,
    6.607838417712));
#3722 = CARTESIAN_POINT('',(-77.19446550565,11.291093176637,
    6.630223127715));
#3723 = CARTESIAN_POINT('',(-77.21981249078,11.273089828741,
    6.652116874699));
#3724 = CARTESIAN_POINT('',(-77.28121165441,11.231761408104,
    6.702707447606));
#3725 = CARTESIAN_POINT('',(-77.31777763022,11.208911715955,
    6.730948377231));
#3726 = CARTESIAN_POINT('',(-77.35542702907,11.187147427194,
    6.758092478921));
#3727 = CARTESIAN_POINT('',(-77.39414718635,11.166530974804,
    6.784022242404));
#3728 = CARTESIAN_POINT('',(-77.43392371224,11.147128443997,
    6.808613145955));
#3729 = CARTESIAN_POINT('',(-77.50849550531,11.114025470754,
    6.850854056288));
#3730 = CARTESIAN_POINT('',(-77.54296565461,11.099917899193,
    6.86897103933));
#3731 = CARTESIAN_POINT('',(-77.57811879597,11.086736742841,
    6.885996556077));
#3732 = CARTESIAN_POINT('',(-77.61392190748,11.074529427661,
    6.901846051007));
#3733 = CARTESIAN_POINT('',(-77.650341089,11.063340920265,6.91643846252)
  );
#3734 = CARTESIAN_POINT('',(-77.70858247001,11.047399997911,
    6.937307122078));
#3735 = CARTESIAN_POINT('',(-77.73001063253,11.041937211605,
    6.944476745087));
#3736 = CARTESIAN_POINT('',(-77.75161616835,11.036834261106,
    6.951189387341));
#3737 = CARTESIAN_POINT('',(-77.77338770936,11.032099552859,
    6.957430250689));
#3738 = CARTESIAN_POINT('',(-77.79531240068,11.027741007639,
    6.963185443455));
#3739 = CARTESIAN_POINT('',(-77.86076396196,11.015949293099,
    6.97877900542));
#3740 = CARTESIAN_POINT('',(-77.9047084153,11.00961224359,6.987192698199
    ));
#3741 = CARTESIAN_POINT('',(-77.94907364146,11.004817559854,
    6.993576481632));
#3742 = CARTESIAN_POINT('',(-77.99372346163,11.001606482752,
    6.997858080782));
#3743 = CARTESIAN_POINT('',(-78.03852179781,11.,7.));
#3744 = CARTESIAN_POINT('',(-78.15087675169,11.,7.));
#3745 = CARTESIAN_POINT('',(-78.21832795969,11.00364994111,
    6.995133965301));
#3746 = CARTESIAN_POINT('',(-78.28527042282,11.01092994295,
    6.985425719232));
#3747 = CARTESIAN_POINT('',(-78.35128333348,11.021740223479,
    6.971059931444));
#3748 = CARTESIAN_POINT('',(-78.41594609182,11.035889235259,
    6.952377166869));
#3749 = CARTESIAN_POINT('',(-78.51631256309,11.063324019211,
    6.916459987899));
#3750 = CARTESIAN_POINT('',(-78.55318669328,11.074654646221,
    6.90168210344));
#3751 = CARTESIAN_POINT('',(-78.58942911046,11.087029583682,
    6.885615770044));
#3752 = CARTESIAN_POINT('',(-78.62500468749,11.100402163549,
    6.868345121313));
#3753 = CARTESIAN_POINT('',(-78.6598792367,11.114723148811,
    6.849957935726));
#3754 = CARTESIAN_POINT('',(-78.735505367,11.148432517074,6.80695660847)
  );
#3755 = CARTESIAN_POINT('',(-78.77591303591,11.168250517204,
    6.781850273102));
#3756 = CARTESIAN_POINT('',(-78.81522596258,11.189321452928,
    6.755364929047));
#3757 = CARTESIAN_POINT('',(-78.85342943639,11.211576048257,
    6.727631222354));
#3758 = CARTESIAN_POINT('',(-78.89051059015,11.234949032166,
    6.698772146606));
#3759 = CARTESIAN_POINT('',(-78.9516476814,11.276497756481,
    6.647973221178));
#3760 = CARTESIAN_POINT('',(-78.97628458087,11.294138188714,
    6.626543994839));
#3761 = CARTESIAN_POINT('',(-79.00036861483,11.312281935204,
    6.604651734903));
#3762 = CARTESIAN_POINT('',(-79.02389967821,11.330912278862,
    6.582329920775));
#3763 = CARTESIAN_POINT('',(-79.04687804451,11.350014285597,
    6.559609140267));
#3764 = CARTESIAN_POINT('',(-79.13197660535,11.424238317591,
    6.471984413521));
#3765 = CARTESIAN_POINT('',(-79.19034878322,11.482492830001,
    6.404540309499));
#3766 = CARTESIAN_POINT('',(-79.24441552636,11.544042269556,
    6.334801987086));
#3767 = CARTESIAN_POINT('',(-79.29415788948,11.608669993348,
    6.263247378195));
#3768 = CARTESIAN_POINT('',(-79.33952047678,11.676219642335,
    6.19025059013));
#3769 = CARTESIAN_POINT('',(-79.44278488631,11.853994231148,
    6.00293268584));
#3770 = CARTESIAN_POINT('',(-79.49477434476,11.968075351791,
    5.886971937101));
#3771 = CARTESIAN_POINT('',(-79.53572750109,12.088133352301,
    5.769632011915));
#3772 = CARTESIAN_POINT('',(-79.5648310109,12.213479748432,
    5.652096042839));
#3773 = CARTESIAN_POINT('',(-79.58106244684,12.343309330328,
    5.535460376775));
#3774 = CARTESIAN_POINT('',(-79.5831510017,12.47661252445,5.420724581772
    ));
#3775 = CARTESIAN_POINT('',(-79.58315273401,12.476723721599,
    5.420628876345));
#3776 = CARTESIAN_POINT('',(-79.58315445645,12.476834920879,
    5.420533172493));
#3777 = CARTESIAN_POINT('',(-79.58315616904,12.476946122289,
    5.420437470216));
#3778 = CARTESIAN_POINT('',(-79.58315787176,12.477057325826,
    5.420341769514));
#3779 = CARTESIAN_POINT('',(-79.58316125732,12.477279727273,
    5.420150379772));
#3780 = CARTESIAN_POINT('',(-79.58316294016,12.477390925182,
    5.42005469073));
#3781 = CARTESIAN_POINT('',(-79.58316461314,12.477502125216,
    5.419959003265));
#3782 = CARTESIAN_POINT('',(-79.58316627625,12.477613327377,
    5.419863317379));
#3783 = CARTESIAN_POINT('',(-79.5831679295,12.477724531661,
    5.419767633071));
#3784 = CARTESIAN_POINT('',(-79.5831711028,12.477939266184,
    5.419582874072));
#3785 = CARTESIAN_POINT('',(-79.58317262417,12.478042796138,
    5.419493799169));
#3786 = CARTESIAN_POINT('',(-79.58317413699,12.478146327933,
    5.419404725635));
#3787 = CARTESIAN_POINT('',(-79.58317564125,12.478249861566,
    5.419315653473));
#3788 = CARTESIAN_POINT('',(-79.58317713696,12.478353397038,
    5.419226582681));
#3789 = CARTESIAN_POINT('',(-79.58318016624,12.478564297318,
    5.419045152763));
#3790 = CARTESIAN_POINT('',(-79.58318169915,12.478671662265,
    5.41895279374));
#3791 = CARTESIAN_POINT('',(-79.58318322287,12.478779029187,
    5.418860436192));
#3792 = CARTESIAN_POINT('',(-79.58318473739,12.478886398083,
    5.418768080121));
#3793 = CARTESIAN_POINT('',(-79.58318624271,12.478993768953,
    5.418675725528));
#3794 = CARTESIAN_POINT('',(-79.58318918141,12.479204671162,
    5.418494325132));
#3795 = CARTESIAN_POINT('',(-79.58319061543,12.479308202362,
    5.418405279227));
#3796 = CARTESIAN_POINT('',(-79.58319204089,12.479411735396,
    5.418316234696));
#3797 = CARTESIAN_POINT('',(-79.58319345781,12.479515270262,
    5.418227191541));
#3798 = CARTESIAN_POINT('',(-79.58319486617,12.479618806959,
    5.418138149763));
#3799 = CARTESIAN_POINT('',(-79.5831977175,12.47982970972,5.417956778955
    ));
#3800 = CARTESIAN_POINT('',(-79.58319915984,12.479937075921,
    5.417864450029));
#3801 = CARTESIAN_POINT('',(-79.58320059297,12.48004444409,
    5.417772122584));
#3802 = CARTESIAN_POINT('',(-79.5832020169,12.480151814226,
    5.417679796622));
#3803 = CARTESIAN_POINT('',(-79.58320343164,12.480259186329,
    5.417587472143));
#3804 = CARTESIAN_POINT('',(-79.58320629278,12.48047775953,
    5.417399537261));
#3805 = CARTESIAN_POINT('',(-79.58320773852,12.480588960772,
    5.417303926967));
#3806 = CARTESIAN_POINT('',(-79.58320917439,12.48070016412,
    5.417208318264));
#3807 = CARTESIAN_POINT('',(-79.58321060039,12.480811369574,
    5.417112711154));
#3808 = CARTESIAN_POINT('',(-79.58321201653,12.480922577134,
    5.417017105638));
#3809 = CARTESIAN_POINT('',(-79.58321482893,12.481144986567,
    5.416825906301));
#3810 = CARTESIAN_POINT('',(-79.5832162252,12.48125618844,5.41673031248)
  );
#3811 = CARTESIAN_POINT('',(-79.5832176116,12.481367392416,
    5.416634720254));
#3812 = CARTESIAN_POINT('',(-79.58321898813,12.481478598494,
    5.416539129624));
#3813 = CARTESIAN_POINT('',(-79.58322035479,12.481589806673,
    5.416443540591));
#3814 = CARTESIAN_POINT('',(-79.58322306825,12.481812217335,
    5.416252374227));
#3815 = CARTESIAN_POINT('',(-79.58322441505,12.481923419818,
    5.416156796895));
#3816 = CARTESIAN_POINT('',(-79.58322575199,12.4820346244,5.416061221161
    ));
#3817 = CARTESIAN_POINT('',(-79.58322707905,12.482145831079,
    5.415965647026));
#3818 = CARTESIAN_POINT('',(-79.58322839624,12.482257039856,
    5.415870074492));
#3819 = CARTESIAN_POINT('',(-79.58323096568,12.482475617351,
    5.415682236244));
#3820 = CARTESIAN_POINT('',(-79.58323221861,12.482582985928,
    5.415589970423));
#3821 = CARTESIAN_POINT('',(-79.58323346234,12.482690356458,
    5.415497706094));
#3822 = CARTESIAN_POINT('',(-79.58323469686,12.482797728939,
    5.415405443259));
#3823 = CARTESIAN_POINT('',(-79.58323592218,12.482905103372,
    5.415313181918));
#3824 = CARTESIAN_POINT('',(-79.58323839774,12.48312368128,
    5.415125375591));
#3825 = CARTESIAN_POINT('',(-79.5832396473,12.483234884897,
    5.415029830713));
#3826 = CARTESIAN_POINT('',(-79.583240887,12.483346090605,5.41493428744)
  );
#3827 = CARTESIAN_POINT('',(-79.58324211683,12.483457298403,
    5.414838745771));
#3828 = CARTESIAN_POINT('',(-79.58324333678,12.483568508289,
    5.414743205709));
#3829 = CARTESIAN_POINT('',(-79.58324575683,12.483790922338,
    5.414552137304));
#3830 = CARTESIAN_POINT('',(-79.58324695693,12.483902126499,
    5.414456608961));
#3831 = CARTESIAN_POINT('',(-79.58324814715,12.484013332747,
    5.414361082225));
#3832 = CARTESIAN_POINT('',(-79.58324932751,12.484124541081,
    5.414265557097));
#3833 = CARTESIAN_POINT('',(-79.58325049799,12.4842357515,5.414170033579
    ));
#3834 = CARTESIAN_POINT('',(-79.5832528191,12.484458166603,
    5.413978998267));
#3835 = CARTESIAN_POINT('',(-79.58325396972,12.484569371286,
    5.413883486473));
#3836 = CARTESIAN_POINT('',(-79.58325511048,12.484680578053,
    5.413787976291));
#3837 = CARTESIAN_POINT('',(-79.58325624136,12.484791786901,
    5.413692467719));
#3838 = CARTESIAN_POINT('',(-79.58325736237,12.48490299783,
    5.413596960759));
#3839 = CARTESIAN_POINT('',(-79.58325954623,12.485121579518,
    5.413409251424));
#3840 = CARTESIAN_POINT('',(-79.58326060974,12.485228950136,
    5.41331704894));
#3841 = CARTESIAN_POINT('',(-79.58326166406,12.485336322692,
    5.413224847959));
#3842 = CARTESIAN_POINT('',(-79.58326270917,12.485443697185,
    5.413132648484));
#3843 = CARTESIAN_POINT('',(-79.58326374507,12.485551073614,
    5.413040450514));
#3844 = CARTESIAN_POINT('',(-79.58326583503,12.485769655549,
    5.412852773214));
#3845 = CARTESIAN_POINT('',(-79.58326688843,12.485880861196,
    5.412757293994));
#3846 = CARTESIAN_POINT('',(-79.58326793195,12.485992068917,
    5.412661816391));
#3847 = CARTESIAN_POINT('',(-79.58326896559,12.486103278711,
    5.412566340405));
#3848 = CARTESIAN_POINT('',(-79.58326998936,12.486214490579,
    5.412470866037));
#3849 = CARTESIAN_POINT('',(-79.58327201705,12.48643690855,
    5.412279929044));
#3850 = CARTESIAN_POINT('',(-79.58327302097,12.486548114654,
    5.412184466419));
#3851 = CARTESIAN_POINT('',(-79.58327401502,12.486659322828,
    5.412089005414));
#3852 = CARTESIAN_POINT('',(-79.58327499919,12.486770533072,
    5.411993546029));
#3853 = CARTESIAN_POINT('',(-79.58327597349,12.486881745384,
    5.411898088265));
#3854 = CARTESIAN_POINT('',(-79.58327790223,12.487104164236,
    5.411707184487));
#3855 = CARTESIAN_POINT('',(-79.58327885669,12.487215370774,
    5.411611738473));
#3856 = CARTESIAN_POINT('',(-79.58327980126,12.487326579379,
    5.411516294081));
#3857 = CARTESIAN_POINT('',(-79.58328073596,12.48743779005,
    5.411420851313));
#3858 = CARTESIAN_POINT('',(-79.58328166078,12.487549002785,
    5.411325410168));
#3859 = CARTESIAN_POINT('',(-79.5832833644,12.487756084457,
    5.411147702028));
#3860 = CARTESIAN_POINT('',(-79.58328414574,12.487851952862,
    5.411065434615));
#3861 = CARTESIAN_POINT('',(-79.58328491974,12.487947822801,
    5.41098316841));
#3862 = CARTESIAN_POINT('',(-79.58328568639,12.488043694272,
    5.410900903413));
#3863 = CARTESIAN_POINT('',(-79.58328644571,12.488139567274,
    5.410818639625));
#3864 = CARTESIAN_POINT('',(-79.58328806989,12.488346647038,
    5.410640960375));
#3865 = CARTESIAN_POINT('',(-79.58328893223,12.488457854328,
    5.410545545331));
#3866 = CARTESIAN_POINT('',(-79.58328978468,12.488569063677,
    5.410450131915));
#3867 = CARTESIAN_POINT('',(-79.58329062726,12.488680275084,
    5.410354720128));
#3868 = CARTESIAN_POINT('',(-79.58329145996,12.488791488549,
    5.410259309971));
#3869 = CARTESIAN_POINT('',(-79.58329310552,12.489013909676,
    5.410068501424));
#3870 = CARTESIAN_POINT('',(-79.58329391838,12.489125117338,
    5.409973103034));
#3871 = CARTESIAN_POINT('',(-79.58329472137,12.489236327055,
    5.409877706275));
#3872 = CARTESIAN_POINT('',(-79.58329551447,12.489347538826,
    5.409782311148));
#3873 = CARTESIAN_POINT('',(-79.5832962977,12.48945875265,5.409686917655
    ));
#3874 = CARTESIAN_POINT('',(-79.58329784431,12.489681174487,
    5.40949614244));
#3875 = CARTESIAN_POINT('',(-79.5832986077,12.489792382499,
    5.409400760719));
#3876 = CARTESIAN_POINT('',(-79.58329936122,12.489903592562,
    5.409305380632));
#3877 = CARTESIAN_POINT('',(-79.58330010485,12.490014804676,
    5.40921000218));
#3878 = CARTESIAN_POINT('',(-79.5833008386,12.490126018838,
    5.409114625365));
#3879 = CARTESIAN_POINT('',(-79.58330228627,12.490348441341,
    5.408923883513));
#3880 = CARTESIAN_POINT('',(-79.58330300019,12.490459649681,
    5.408828518476));
#3881 = CARTESIAN_POINT('',(-79.58330370423,12.490570860068,
    5.408733155076));
#3882 = CARTESIAN_POINT('',(-79.58330439839,12.490682072501,
    5.408637793315));
#3883 = CARTESIAN_POINT('',(-79.58330508266,12.490793286979,
    5.408542433193));
#3884 = CARTESIAN_POINT('',(-79.58330643139,12.491015710104,
    5.408351724734));
#3885 = CARTESIAN_POINT('',(-79.58330709584,12.491126918751,
    5.408256376397));
#3886 = CARTESIAN_POINT('',(-79.58330775041,12.49123812944,5.4081610297)
  );
#3887 = CARTESIAN_POINT('',(-79.58330839509,12.491349342171,
    5.408065684644));
#3888 = CARTESIAN_POINT('',(-79.58330902989,12.491460556943,
    5.407970341231));
#3889 = CARTESIAN_POINT('',(-79.58331027967,12.491682980646,
    5.407779666195));
#3890 = CARTESIAN_POINT('',(-79.58331089465,12.491794189576,
    5.407684334573));
#3891 = CARTESIAN_POINT('',(-79.58331149974,12.491905400546,
    5.407589004593));
#3892 = CARTESIAN_POINT('',(-79.58331209496,12.492016613552,
    5.407493676259));
#3893 = CARTESIAN_POINT('',(-79.58331268028,12.492127828596,
    5.407398349569));
#3894 = CARTESIAN_POINT('',(-79.58331383111,12.492350252833,
    5.407207707987));
#3895 = CARTESIAN_POINT('',(-79.58331439662,12.492461462026,
    5.407112393094));
#3896 = CARTESIAN_POINT('',(-79.58331495224,12.492572673253,
    5.407017079848));
#3897 = CARTESIAN_POINT('',(-79.58331549798,12.492683886514,
    5.406921768249));
#3898 = CARTESIAN_POINT('',(-79.58331603383,12.492795101807,
    5.406826458299));
#3899 = CARTESIAN_POINT('',(-79.58331708572,12.493017526534,
    5.406635850201));
#3900 = CARTESIAN_POINT('',(-79.58331760175,12.493128735967,
    5.406540552053));
#3901 = CARTESIAN_POINT('',(-79.5833181079,12.49323994743,5.406445255554
    ));
#3902 = CARTESIAN_POINT('',(-79.58331860417,12.493351160923,
    5.406349960707));
#3903 = CARTESIAN_POINT('',(-79.58331909054,12.493462376445,
    5.40625466751));
#3904 = CARTESIAN_POINT('',(-79.58332004348,12.493684801617,
    5.406064092927));
#3905 = CARTESIAN_POINT('',(-79.58332051004,12.493796011268,
    5.405968811539));
#3906 = CARTESIAN_POINT('',(-79.58332096672,12.493907222946,
    5.405873531803));
#3907 = CARTESIAN_POINT('',(-79.58332141351,12.494018436648,
    5.405778253722));
#3908 = CARTESIAN_POINT('',(-79.58332185041,12.494129652375,
    5.405682977295));
#3909 = CARTESIAN_POINT('',(-79.58332270441,12.49435207795,
    5.405492436256));
#3910 = CARTESIAN_POINT('',(-79.5833231215,12.494463287797,
    5.405397171643));
#3911 = CARTESIAN_POINT('',(-79.5833235287,12.494574499667,
    5.405301908686));
#3912 = CARTESIAN_POINT('',(-79.58332392602,12.494685713557,
    5.405206647386));
#3913 = CARTESIAN_POINT('',(-79.58332431344,12.494796929468,
    5.405111387743));
#3914 = CARTESIAN_POINT('',(-79.58332506849,12.495019355401,
    5.404920880279));
#3915 = CARTESIAN_POINT('',(-79.58332543611,12.495130565422,
    5.404825632456));
#3916 = CARTESIAN_POINT('',(-79.58332579384,12.495241777461,
    5.404730386293));
#3917 = CARTESIAN_POINT('',(-79.58332614168,12.495352991518,
    5.404635141789));
#3918 = CARTESIAN_POINT('',(-79.58332647963,12.49546420759,
    5.404539898946));
#3919 = CARTESIAN_POINT('',(-79.58332713573,12.495686633837,
    5.404349425086));
#3920 = CARTESIAN_POINT('',(-79.58332745388,12.49579784401,
    5.404254194069));
#3921 = CARTESIAN_POINT('',(-79.58332776213,12.495909056197,
    5.404158964714));
#3922 = CARTESIAN_POINT('',(-79.5833280605,12.496020270398,
    5.404063737022));
#3923 = CARTESIAN_POINT('',(-79.58332834898,12.49613148661,
    5.403968510994));
#3924 = CARTESIAN_POINT('',(-79.58332890613,12.496353913127,
    5.403778070769));
#3925 = CARTESIAN_POINT('',(-79.5833291748,12.49646512343,5.403682856573
    ));
#3926 = CARTESIAN_POINT('',(-79.58332943359,12.496576335743,
    5.403587644041));
#3927 = CARTESIAN_POINT('',(-79.58332968248,12.496687550065,
    5.403492433176));
#3928 = CARTESIAN_POINT('',(-79.58332992148,12.496798766396,
    5.403397223977));
#3929 = CARTESIAN_POINT('',(-79.58333037968,12.497021193138,
    5.403206817417));
#3930 = CARTESIAN_POINT('',(-79.58333059889,12.497132403549,
    5.403111620057));
#3931 = CARTESIAN_POINT('',(-79.5833308082,12.497243615967,
    5.403016424364));
#3932 = CARTESIAN_POINT('',(-79.58333100762,12.497354830389,
    5.40292123034));
#3933 = CARTESIAN_POINT('',(-79.58333119714,12.497466046815,
    5.402826037986));
#3934 = CARTESIAN_POINT('',(-79.5833315564,12.497688473739,
    5.402635665122));
#3935 = CARTESIAN_POINT('',(-79.58333172613,12.497799684236,
    5.402540484612));
#3936 = CARTESIAN_POINT('',(-79.58333188597,12.497910896735,
    5.402445305773));
#3937 = CARTESIAN_POINT('',(-79.58333203591,12.498022111235,
    5.402350128606));
#3938 = CARTESIAN_POINT('',(-79.58333217596,12.498133327735,
    5.402254953111));
#3939 = CARTESIAN_POINT('',(-79.58333243627,12.498355754797,
    5.402064613973));
#3940 = CARTESIAN_POINT('',(-79.58333255653,12.498466965359,
    5.401969450328));
#3941 = CARTESIAN_POINT('',(-79.58333266689,12.498578177918,
    5.401874288358));
#3942 = CARTESIAN_POINT('',(-79.58333276736,12.498689392474,
    5.401779128063));
#3943 = CARTESIAN_POINT('',(-79.58333285794,12.498800609025,
    5.401683969444));
#3944 = CARTESIAN_POINT('',(-79.58333301652,12.499019201566,5.4014969449
    ));
#3945 = CARTESIAN_POINT('',(-79.58333308519,12.499126577421,
    5.401405078861));
#3946 = CARTESIAN_POINT('',(-79.58333314464,12.499233955133,
    5.401313214387));
#3947 = CARTESIAN_POINT('',(-79.58333319487,12.499341334704,
    5.401221351476));
#3948 = CARTESIAN_POINT('',(-79.58333323587,12.49944871613,
    5.401129490131));
#3949 = CARTESIAN_POINT('',(-79.58333328954,12.499630080643,
    5.40097434397));
#3950 = CARTESIAN_POINT('',(-79.58333330706,12.499704062754,
    5.400911058332));
#3951 = CARTESIAN_POINT('',(-79.58333332019,12.499778045745,
    5.400847773436));
#3952 = CARTESIAN_POINT('',(-79.58333332895,12.499852029617,
    5.400784489285));
#3953 = CARTESIAN_POINT('',(-79.58333333333,12.499926014369,
    5.400721205878));
#3954 = CARTESIAN_POINT('',(-79.58333333333,12.5,5.400657923215));
#3955 = ORIENTED_EDGE('',*,*,#3653,.F.);
#3956 = CYLINDRICAL_SURFACE('',#3957,1.5);
#3957 = AXIS2_PLACEMENT_3D('',#3958,#3959,#3960);
#3958 = CARTESIAN_POINT('',(-78.08333333333,12.5,0.));
#3959 = DIRECTION('',(0.,0.,-1.));
#3960 = DIRECTION('',(-1.,0.,0.));
#3961 = ADVANCED_FACE('',(#3962),#3982,.T.);
#3962 = FACE_BOUND('',#3963,.F.);
#3963 = EDGE_LOOP('',(#3964,#3965,#3966,#3974,#3981));
#3964 = ORIENTED_EDGE('',*,*,#1135,.F.);
#3965 = ORIENTED_EDGE('',*,*,#3678,.T.);
#3966 = ORIENTED_EDGE('',*,*,#3967,.F.);
#3967 = EDGE_CURVE('',#3968,#3670,#3970,.T.);
#3968 = VERTEX_POINT('',#3969);
#3969 = CARTESIAN_POINT('',(-76.58333333333,19.,3.));
#3970 = LINE('',#3971,#3972);
#3971 = CARTESIAN_POINT('',(-76.58333333333,28.874236596195,3.));
#3972 = VECTOR('',#3973,1.);
#3973 = DIRECTION('',(0.,1.,0.));
#3974 = ORIENTED_EDGE('',*,*,#3975,.F.);
#3975 = EDGE_CURVE('',#3694,#3968,#3976,.T.);
#3976 = CIRCLE('',#3977,10.);
#3977 = AXIS2_PLACEMENT_3D('',#3978,#3979,#3980);
#3978 = CARTESIAN_POINT('',(-76.58333333333,19.,13.));
#3979 = DIRECTION('',(1.,0.,0.));
#3980 = DIRECTION('',(0.,-1.,0.));
#3981 = ORIENTED_EDGE('',*,*,#3693,.F.);
#3982 = PLANE('',#3983);
#3983 = AXIS2_PLACEMENT_3D('',#3984,#3985,#3986);
#3984 = CARTESIAN_POINT('',(-76.58333333333,22.5,0.));
#3985 = DIRECTION('',(-1.,-0.,-0.));
#3986 = DIRECTION('',(0.,1.,0.));
#3987 = ADVANCED_FACE('',(#3988),#4022,.F.);
#3988 = FACE_BOUND('',#3989,.T.);
#3989 = EDGE_LOOP('',(#3990,#3991,#3999,#4007,#4016));
#3990 = ORIENTED_EDGE('',*,*,#1152,.F.);
#3991 = ORIENTED_EDGE('',*,*,#3992,.T.);
#3992 = EDGE_CURVE('',#1153,#3993,#3995,.T.);
#3993 = VERTEX_POINT('',#3994);
#3994 = CARTESIAN_POINT('',(-67.16666666666,22.5,3.));
#3995 = LINE('',#3996,#3997);
#3996 = CARTESIAN_POINT('',(-67.16666666666,22.5,0.));
#3997 = VECTOR('',#3998,1.);
#3998 = DIRECTION('',(0.,0.,1.));
#3999 = ORIENTED_EDGE('',*,*,#4000,.F.);
#4000 = EDGE_CURVE('',#4001,#3993,#4003,.T.);
#4001 = VERTEX_POINT('',#4002);
#4002 = CARTESIAN_POINT('',(-67.16666666666,19.,3.));
#4003 = LINE('',#4004,#4005);
#4004 = CARTESIAN_POINT('',(-67.16666666666,28.874236596195,3.));
#4005 = VECTOR('',#4006,1.);
#4006 = DIRECTION('',(0.,1.,0.));
#4007 = ORIENTED_EDGE('',*,*,#4008,.F.);
#4008 = EDGE_CURVE('',#4009,#4001,#4011,.T.);
#4009 = VERTEX_POINT('',#4010);
#4010 = CARTESIAN_POINT('',(-67.16666666666,12.5,5.400657923215));
#4011 = CIRCLE('',#4012,10.);
#4012 = AXIS2_PLACEMENT_3D('',#4013,#4014,#4015);
#4013 = CARTESIAN_POINT('',(-67.16666666666,19.,13.));
#4014 = DIRECTION('',(1.,0.,0.));
#4015 = DIRECTION('',(0.,-1.,0.));
#4016 = ORIENTED_EDGE('',*,*,#4017,.F.);
#4017 = EDGE_CURVE('',#1155,#4009,#4018,.T.);
#4018 = LINE('',#4019,#4020);
#4019 = CARTESIAN_POINT('',(-67.16666666666,12.5,0.));
#4020 = VECTOR('',#4021,1.);
#4021 = DIRECTION('',(0.,0.,1.));
#4022 = PLANE('',#4023);
#4023 = AXIS2_PLACEMENT_3D('',#4024,#4025,#4026);
#4024 = CARTESIAN_POINT('',(-67.16666666666,22.5,0.));
#4025 = DIRECTION('',(-1.,-0.,-0.));
#4026 = DIRECTION('',(0.,1.,0.));
#4027 = ADVANCED_FACE('',(#4028),#4047,.F.);
#4028 = FACE_BOUND('',#4029,.F.);
#4029 = EDGE_LOOP('',(#4030,#4031,#4032,#4041));
#4030 = ORIENTED_EDGE('',*,*,#1162,.F.);
#4031 = ORIENTED_EDGE('',*,*,#3992,.T.);
#4032 = ORIENTED_EDGE('',*,*,#4033,.F.);
#4033 = EDGE_CURVE('',#4034,#3993,#4036,.T.);
#4034 = VERTEX_POINT('',#4035);
#4035 = CARTESIAN_POINT('',(-64.16666666666,22.5,3.));
#4036 = CIRCLE('',#4037,1.5);
#4037 = AXIS2_PLACEMENT_3D('',#4038,#4039,#4040);
#4038 = CARTESIAN_POINT('',(-65.66666666666,22.5,3.));
#4039 = DIRECTION('',(0.,0.,1.));
#4040 = DIRECTION('',(-1.,0.,0.));
#4041 = ORIENTED_EDGE('',*,*,#4042,.F.);
#4042 = EDGE_CURVE('',#1163,#4034,#4043,.T.);
#4043 = LINE('',#4044,#4045);
#4044 = CARTESIAN_POINT('',(-64.16666666666,22.5,0.));
#4045 = VECTOR('',#4046,1.);
#4046 = DIRECTION('',(0.,0.,1.));
#4047 = CYLINDRICAL_SURFACE('',#4048,1.5);
#4048 = AXIS2_PLACEMENT_3D('',#4049,#4050,#4051);
#4049 = CARTESIAN_POINT('',(-65.66666666666,22.5,0.));
#4050 = DIRECTION('',(0.,0.,-1.));
#4051 = DIRECTION('',(-1.,0.,0.));
#4052 = ADVANCED_FACE('',(#4053),#4320,.F.);
#4053 = FACE_BOUND('',#4054,.F.);
#4054 = EDGE_LOOP('',(#4055,#4056,#4064,#4319));
#4055 = ORIENTED_EDGE('',*,*,#1179,.F.);
#4056 = ORIENTED_EDGE('',*,*,#4057,.T.);
#4057 = EDGE_CURVE('',#1172,#4058,#4060,.T.);
#4058 = VERTEX_POINT('',#4059);
#4059 = CARTESIAN_POINT('',(-64.16666666666,12.5,5.400657923215));
#4060 = LINE('',#4061,#4062);
#4061 = CARTESIAN_POINT('',(-64.16666666666,12.5,0.));
#4062 = VECTOR('',#4063,1.);
#4063 = DIRECTION('',(0.,0.,1.));
#4064 = ORIENTED_EDGE('',*,*,#4065,.T.);
#4065 = EDGE_CURVE('',#4058,#4009,#4066,.T.);
#4066 = B_SPLINE_CURVE_WITH_KNOTS('',6,(#4067,#4068,#4069,#4070,#4071,
    #4072,#4073,#4074,#4075,#4076,#4077,#4078,#4079,#4080,#4081,#4082,
    #4083,#4084,#4085,#4086,#4087,#4088,#4089,#4090,#4091,#4092,#4093,
    #4094,#4095,#4096,#4097,#4098,#4099,#4100,#4101,#4102,#4103,#4104,
    #4105,#4106,#4107,#4108,#4109,#4110,#4111,#4112,#4113,#4114,#4115,
    #4116,#4117,#4118,#4119,#4120,#4121,#4122,#4123,#4124,#4125,#4126,
    #4127,#4128,#4129,#4130,#4131,#4132,#4133,#4134,#4135,#4136,#4137,
    #4138,#4139,#4140,#4141,#4142,#4143,#4144,#4145,#4146,#4147,#4148,
    #4149,#4150,#4151,#4152,#4153,#4154,#4155,#4156,#4157,#4158,#4159,
    #4160,#4161,#4162,#4163,#4164,#4165,#4166,#4167,#4168,#4169,#4170,
    #4171,#4172,#4173,#4174,#4175,#4176,#4177,#4178,#4179,#4180,#4181,
    #4182,#4183,#4184,#4185,#4186,#4187,#4188,#4189,#4190,#4191,#4192,
    #4193,#4194,#4195,#4196,#4197,#4198,#4199,#4200,#4201,#4202,#4203,
    #4204,#4205,#4206,#4207,#4208,#4209,#4210,#4211,#4212,#4213,#4214,
    #4215,#4216,#4217,#4218,#4219,#4220,#4221,#4222,#4223,#4224,#4225,
    #4226,#4227,#4228,#4229,#4230,#4231,#4232,#4233,#4234,#4235,#4236,
    #4237,#4238,#4239,#4240,#4241,#4242,#4243,#4244,#4245,#4246,#4247,
    #4248,#4249,#4250,#4251,#4252,#4253,#4254,#4255,#4256,#4257,#4258,
    #4259,#4260,#4261,#4262,#4263,#4264,#4265,#4266,#4267,#4268,#4269,
    #4270,#4271,#4272,#4273,#4274,#4275,#4276,#4277,#4278,#4279,#4280,
    #4281,#4282,#4283,#4284,#4285,#4286,#4287,#4288,#4289,#4290,#4291,
    #4292,#4293,#4294,#4295,#4296,#4297,#4298,#4299,#4300,#4301,#4302,
    #4303,#4304,#4305,#4306,#4307,#4308,#4309,#4310,#4311,#4312,#4313,
    #4314,#4315,#4316,#4317,#4318),.UNSPECIFIED.,.F.,.F.,(7,5,5,5,5,5,5,
    5,5,5,5,5,5,5,5,5,5,5,5,5,5,5,5,5,5,5,5,5,5,5,5,5,5,5,5,5,5,5,5,5,5,
    5,5,5,5,5,5,5,5,5,7),(0.,5.753597580921E-02,0.172058419376,
    0.281938690727,0.322083463653,0.377005731635,0.42242583443,
    0.448500215524,0.499775709078,0.577062105818,0.623104345063,
    0.679053007652,0.718257257792,0.827816835784,0.995079902104,
    0.995219550204,0.995359185891,0.995498809166,0.995638420027,
    0.995778018472,0.995903165143,0.996042740039,0.996172677917,
    0.996307416938,0.996446955861,0.996586482363,0.996725996442,
    0.996860687903,0.996990557986,0.997130036079,0.997269501745,
    0.997408954985,0.997548395797,0.997683016512,0.997817625639,
    0.99795703002,0.99809642197,0.998230995504,0.99834152938,
    0.998480887033,0.998620232251,0.998754760663,0.99889408144,
    0.99903338978,0.999172685684,0.999311969149,0.999432031119,
    0.999571291422,0.999710539286,0.999849774709,1.),.UNSPECIFIED.);
#4067 = CARTESIAN_POINT('',(-64.16666666666,12.5,5.400657923215));
#4068 = CARTESIAN_POINT('',(-64.16666666666,12.454036039585,
    5.439972608575));
#4069 = CARTESIAN_POINT('',(-64.16835680623,12.408418216287,
    5.47956897415));
#4070 = CARTESIAN_POINT('',(-64.17168939786,12.363204355346,
    5.519394509529));
#4071 = CARTESIAN_POINT('',(-64.17661733494,12.318448553872,
    5.559395420718));
#4072 = CARTESIAN_POINT('',(-64.1830940917,12.274201180843,
    5.599516630136));
#4073 = CARTESIAN_POINT('',(-64.20695677537,12.143541561127,
    5.719688273858));
#4074 = CARTESIAN_POINT('',(-64.22878925382,12.058799837894,
    5.799904245014));
#4075 = CARTESIAN_POINT('',(-64.25622377864,11.976531733065,
    5.880013305704));
#4076 = CARTESIAN_POINT('',(-64.28897832988,11.896944983216,
    5.959672023137));
#4077 = CARTESIAN_POINT('',(-64.32682795995,11.82023314433,6.0385067194)
  );
#4078 = CARTESIAN_POINT('',(-64.41063142695,11.675954910016,
    6.190528977277));
#4079 = CARTESIAN_POINT('',(-64.45619780427,11.608138194874,
    6.263821675715));
#4080 = CARTESIAN_POINT('',(-64.50617956031,11.543267940868,
    6.33565910735));
#4081 = CARTESIAN_POINT('',(-64.56052092738,11.481502516381,
    6.40566236408));
#4082 = CARTESIAN_POINT('',(-64.61920309389,11.423061732085,
    6.473346772355));
#4083 = CARTESIAN_POINT('',(-64.70524439729,11.348219475164,
    6.561738176366));
#4084 = CARTESIAN_POINT('',(-64.72884820225,11.328675178183,
    6.584999052194));
#4085 = CARTESIAN_POINT('',(-64.75303292576,11.309627676129,
    6.607838417712));
#4086 = CARTESIAN_POINT('',(-64.77779883898,11.291093176637,
    6.630223127715));
#4087 = CARTESIAN_POINT('',(-64.80314582411,11.273089828741,
    6.652116874699));
#4088 = CARTESIAN_POINT('',(-64.86454498775,11.231761408104,
    6.702707447606));
#4089 = CARTESIAN_POINT('',(-64.90111096355,11.208911715955,
    6.730948377231));
#4090 = CARTESIAN_POINT('',(-64.9387603624,11.187147427194,
    6.758092478921));
#4091 = CARTESIAN_POINT('',(-64.97748051969,11.166530974804,
    6.784022242404));
#4092 = CARTESIAN_POINT('',(-65.01725704558,11.147128443997,
    6.808613145955));
#4093 = CARTESIAN_POINT('',(-65.09182884618,11.114025467408,
    6.850854060557));
#4094 = CARTESIAN_POINT('',(-65.12629898553,11.099917899516,
    6.868971038876));
#4095 = CARTESIAN_POINT('',(-65.16145212136,11.086736745661,
    6.885996552439));
#4096 = CARTESIAN_POINT('',(-65.19725523895,11.074529428859,
    6.901846049497));
#4097 = CARTESIAN_POINT('',(-65.23367443056,11.063340918012,
    6.91643846547));
#4098 = CARTESIAN_POINT('',(-65.29191580335,11.047399997911,
    6.937307122078));
#4099 = CARTESIAN_POINT('',(-65.31334396587,11.041937211605,
    6.944476745087));
#4100 = CARTESIAN_POINT('',(-65.33494950168,11.036834261106,
    6.951189387341));
#4101 = CARTESIAN_POINT('',(-65.3567210427,11.032099552859,
    6.957430250689));
#4102 = CARTESIAN_POINT('',(-65.37864573401,11.027741007639,
    6.963185443455));
#4103 = CARTESIAN_POINT('',(-65.4440972953,11.015949293099,6.97877900542
    ));
#4104 = CARTESIAN_POINT('',(-65.48804174864,11.00961224359,
    6.987192698199));
#4105 = CARTESIAN_POINT('',(-65.53240697479,11.004817559854,
    6.993576481632));
#4106 = CARTESIAN_POINT('',(-65.57705679496,11.001606482752,
    6.997858080782));
#4107 = CARTESIAN_POINT('',(-65.62185513114,11.,7.));
#4108 = CARTESIAN_POINT('',(-65.73421008502,11.,7.));
#4109 = CARTESIAN_POINT('',(-65.80166129303,11.00364994111,
    6.995133965301));
#4110 = CARTESIAN_POINT('',(-65.86860375615,11.01092994295,
    6.985425719232));
#4111 = CARTESIAN_POINT('',(-65.93461666682,11.021740223479,
    6.971059931444));
#4112 = CARTESIAN_POINT('',(-65.99927942515,11.035889235259,
    6.952377166869));
#4113 = CARTESIAN_POINT('',(-66.0996459047,11.063324021473,
    6.916459984937));
#4114 = CARTESIAN_POINT('',(-66.13652002457,11.074654644952,
    6.901682105042));
#4115 = CARTESIAN_POINT('',(-66.17276243562,11.087029580789,
    6.885615773777));
#4116 = CARTESIAN_POINT('',(-66.20833801841,11.100402163262,
    6.868345121723));
#4117 = CARTESIAN_POINT('',(-66.24321257786,11.1147231523,6.849957931274
    ));
#4118 = CARTESIAN_POINT('',(-66.31883870966,11.148432521234,
    6.806956603164));
#4119 = CARTESIAN_POINT('',(-66.35924636728,11.168250515287,
    6.78185027539));
#4120 = CARTESIAN_POINT('',(-66.39855928712,11.189321448043,
    6.755364935134));
#4121 = CARTESIAN_POINT('',(-66.4367627671,11.211576047638,
    6.727631223231));
#4122 = CARTESIAN_POINT('',(-66.47384393199,11.234949037947,
    6.698772139537));
#4123 = CARTESIAN_POINT('',(-66.53498101474,11.276497756481,
    6.647973221178));
#4124 = CARTESIAN_POINT('',(-66.5596179142,11.294138188714,
    6.626543994839));
#4125 = CARTESIAN_POINT('',(-66.58370194817,11.312281935204,
    6.604651734903));
#4126 = CARTESIAN_POINT('',(-66.60723301154,11.330912278862,
    6.582329920775));
#4127 = CARTESIAN_POINT('',(-66.63021137785,11.350014285597,
    6.559609140267));
#4128 = CARTESIAN_POINT('',(-66.7153099424,11.424238320839,
    6.471984409687));
#4129 = CARTESIAN_POINT('',(-66.77368211148,11.482492824147,
    6.404540316052));
#4130 = CARTESIAN_POINT('',(-66.82774885908,11.544042269961,
    6.334801986852));
#4131 = CARTESIAN_POINT('',(-66.87749122759,11.608669999386,
    6.263247371538));
#4132 = CARTESIAN_POINT('',(-66.92285380771,11.676219638203,
    6.190250594485));
#4133 = CARTESIAN_POINT('',(-67.02611463382,11.853988057982,
    6.002939190394));
#4134 = CARTESIAN_POINT('',(-67.07810168689,11.968062212731,
    5.886985293684));
#4135 = CARTESIAN_POINT('',(-67.11905374629,12.088112583258,
    5.769652312126));
#4136 = CARTESIAN_POINT('',(-67.14815762907,12.213450823922,
    5.65212316475));
#4137 = CARTESIAN_POINT('',(-67.16439110602,12.343271901359,
    5.535494000204));
#4138 = CARTESIAN_POINT('',(-67.16648361681,12.476566510631,
    5.420764185532));
#4139 = CARTESIAN_POINT('',(-67.16648535253,12.476677707728,
    5.420668478976));
#4140 = CARTESIAN_POINT('',(-67.16648707839,12.476788906955,
    5.420572773995));
#4141 = CARTESIAN_POINT('',(-67.16648879438,12.476900108311,
    5.420477070588));
#4142 = CARTESIAN_POINT('',(-67.16649050051,12.477011311797,
    5.420381368756));
#4143 = CARTESIAN_POINT('',(-67.1664938929,12.477233713139,
    5.420189976753));
#4144 = CARTESIAN_POINT('',(-67.16649557915,12.477344910996,
    5.420094286581));
#4145 = CARTESIAN_POINT('',(-67.16649725554,12.47745611098,
    5.419998597985));
#4146 = CARTESIAN_POINT('',(-67.16649892207,12.477567313089,
    5.419902910968));
#4147 = CARTESIAN_POINT('',(-67.16650057873,12.477678517323,
    5.41980722553));
#4148 = CARTESIAN_POINT('',(-67.16650387217,12.477900920153,
    5.419615866318));
#4149 = CARTESIAN_POINT('',(-67.16650550896,12.478012118748,
    5.419520192545));
#4150 = CARTESIAN_POINT('',(-67.16650713588,12.478123319466,
    5.419424520352));
#4151 = CARTESIAN_POINT('',(-67.16650875294,12.478234522306,
    5.41932884974));
#4152 = CARTESIAN_POINT('',(-67.16651036013,12.478345727266,
    5.41923318071));
#4153 = CARTESIAN_POINT('',(-67.16651355464,12.478568131539,
    5.419041854321));
#4154 = CARTESIAN_POINT('',(-67.16651514196,12.478679330851,
    5.418946196962));
#4155 = CARTESIAN_POINT('',(-67.16651671941,12.478790532282,
    5.418850541186));
#4156 = CARTESIAN_POINT('',(-67.166518287,12.47890173583,5.418754886995)
  );
#4157 = CARTESIAN_POINT('',(-67.16651984472,12.479012941495,
    5.418659234388));
#4158 = CARTESIAN_POINT('',(-67.1665229403,12.479235347167,
    5.418467940853));
#4159 = CARTESIAN_POINT('',(-67.16652447815,12.479346547174,
    5.418372299923));
#4160 = CARTESIAN_POINT('',(-67.16652600613,12.479457749295,
    5.418276660581));
#4161 = CARTESIAN_POINT('',(-67.16652752425,12.47956895353,
    5.418181022825));
#4162 = CARTESIAN_POINT('',(-67.1665290325,12.479680159877,
    5.418085386658));
#4163 = CARTESIAN_POINT('',(-67.16653187415,12.479891064063,
    5.417904017964));
#4164 = CARTESIAN_POINT('',(-67.16653320949,12.479990761487,
    5.417818285126));
#4165 = CARTESIAN_POINT('',(-67.16653453689,12.480090460607,
    5.417732553566));
#4166 = CARTESIAN_POINT('',(-67.16653585636,12.480190161423,
    5.417646823284));
#4167 = CARTESIAN_POINT('',(-67.1665371679,12.480289863934,
    5.417561094281));
#4168 = CARTESIAN_POINT('',(-67.1665399254,12.480500767295,
    5.417379755238));
#4169 = CARTESIAN_POINT('',(-67.16654136944,12.480611968559,
    5.417284145511));
#4170 = CARTESIAN_POINT('',(-67.1665428036,12.480723171929,
    5.417188537376));
#4171 = CARTESIAN_POINT('',(-67.1665442279,12.480834377406,
    5.417092930835));
#4172 = CARTESIAN_POINT('',(-67.16654564233,12.480945584987,
    5.416997325887));
#4173 = CARTESIAN_POINT('',(-67.16654835446,12.48116032583,
    5.416812720161));
#4174 = CARTESIAN_POINT('',(-67.16654965349,12.481263858811,
    5.416723719171));
#4175 = CARTESIAN_POINT('',(-67.16655094396,12.481367393614,
    5.416634719564));
#4176 = CARTESIAN_POINT('',(-67.16655222587,12.48147093024,5.41654572134
    ));
#4177 = CARTESIAN_POINT('',(-67.16655349923,12.481574468687,
    5.416456724501));
#4178 = CARTESIAN_POINT('',(-67.16655607557,12.481785374987,
    5.416275445251));
#4179 = CARTESIAN_POINT('',(-67.16655737791,12.481892742976,
    5.416183162945));
#4180 = CARTESIAN_POINT('',(-67.16655867105,12.482000112922,
    5.416090882129));
#4181 = CARTESIAN_POINT('',(-67.16655995498,12.482107484824,
    5.415998602803));
#4182 = CARTESIAN_POINT('',(-67.16656122972,12.482214858681,
    5.415906324969));
#4183 = CARTESIAN_POINT('',(-67.16656380586,12.482433435427,
    5.41571848506));
#4184 = CARTESIAN_POINT('',(-67.1665651066,12.482544638457,
    5.415622923094));
#4185 = CARTESIAN_POINT('',(-67.16656639748,12.482655843583,
    5.415527362729));
#4186 = CARTESIAN_POINT('',(-67.16656767848,12.482767050803,
    5.415431803966));
#4187 = CARTESIAN_POINT('',(-67.16656894961,12.482878260116,
    5.415336246805));
#4188 = CARTESIAN_POINT('',(-67.16657147201,12.483100673027,
    5.415145144197));
#4189 = CARTESIAN_POINT('',(-67.16657272329,12.483211876625,
    5.41504959875));
#4190 = CARTESIAN_POINT('',(-67.16657396469,12.483323082313,
    5.414954054906));
#4191 = CARTESIAN_POINT('',(-67.16657519622,12.483434290092,
    5.414858512668));
#4192 = CARTESIAN_POINT('',(-67.16657641788,12.48354549996,
    5.414762972035));
#4193 = CARTESIAN_POINT('',(-67.16657884134,12.483767913971,
    5.41457190249));
#4194 = CARTESIAN_POINT('',(-67.16658004315,12.483879118114,
    5.414476373576));
#4195 = CARTESIAN_POINT('',(-67.16658123508,12.483990324344,
    5.41438084627));
#4196 = CARTESIAN_POINT('',(-67.16658241714,12.48410153266,
    5.414285320571));
#4197 = CARTESIAN_POINT('',(-67.16658358932,12.48421274306,
    5.414189796482));
#4198 = CARTESIAN_POINT('',(-67.16658587377,12.484431323721,
    5.414002053472));
#4199 = CARTESIAN_POINT('',(-67.1665869867,12.484538693839,
    5.413909834443));
#4200 = CARTESIAN_POINT('',(-67.16658809042,12.484646065898,
    5.413817616914));
#4201 = CARTESIAN_POINT('',(-67.16658918495,12.484753439899,
    5.413725400888));
#4202 = CARTESIAN_POINT('',(-67.16659027026,12.484860815839,
    5.413633186364));
#4203 = CARTESIAN_POINT('',(-67.16659238396,12.48507172793,
    5.413452061154));
#4204 = CARTESIAN_POINT('',(-67.16659341299,12.485175263944,
    5.413363150363));
#4205 = CARTESIAN_POINT('',(-67.16659443346,12.48527880176,5.41327424097
    ));
#4206 = CARTESIAN_POINT('',(-67.16659544538,12.485382341377,
    5.413185332976));
#4207 = CARTESIAN_POINT('',(-67.16659644873,12.485485882796,
    5.413096426382));
#4208 = CARTESIAN_POINT('',(-67.1665985119,12.485700629535,
    5.412912038638));
#4209 = CARTESIAN_POINT('',(-67.16659957042,12.485811835133,
    5.412816557702));
#4210 = CARTESIAN_POINT('',(-67.16660061905,12.485923042806,
    5.412721078382));
#4211 = CARTESIAN_POINT('',(-67.16660165782,12.486034252553,
    5.41262560068));
#4212 = CARTESIAN_POINT('',(-67.1666026867,12.486145464373,
    5.412530124595));
#4213 = CARTESIAN_POINT('',(-67.16660472463,12.486367882251,
    5.412339184168));
#4214 = CARTESIAN_POINT('',(-67.16660573367,12.486479088308,
    5.412243719826));
#4215 = CARTESIAN_POINT('',(-67.16660673284,12.486590296436,
    5.412148257103));
#4216 = CARTESIAN_POINT('',(-67.16660772213,12.486701506635,5.412052796)
  );
#4217 = CARTESIAN_POINT('',(-67.16660870154,12.486812718902,
    5.411957336518));
#4218 = CARTESIAN_POINT('',(-67.16661064052,12.487035137665,
    5.411766429302));
#4219 = CARTESIAN_POINT('',(-67.16661160009,12.487146344159,
    5.411670981569));
#4220 = CARTESIAN_POINT('',(-67.16661254979,12.487257552721,
    5.411575535458));
#4221 = CARTESIAN_POINT('',(-67.1666134896,12.487368763348,
    5.411480090969));
#4222 = CARTESIAN_POINT('',(-67.16661441954,12.487479976041,
    5.411384648105));
#4223 = CARTESIAN_POINT('',(-67.16661625958,12.487702395644,
    5.411193774132));
#4224 = CARTESIAN_POINT('',(-67.16661716968,12.487813602554,
    5.411098343022));
#4225 = CARTESIAN_POINT('',(-67.1666180699,12.487924811527,
    5.411002913538));
#4226 = CARTESIAN_POINT('',(-67.16661896025,12.488036022562,
    5.41090748568));
#4227 = CARTESIAN_POINT('',(-67.16661984071,12.488147235658,
    5.410812059449));
#4228 = CARTESIAN_POINT('',(-67.16662155179,12.488365821558,
    5.410624508817));
#4229 = CARTESIAN_POINT('',(-67.16662238307,12.488473194224,
    5.410532384305));
#4230 = CARTESIAN_POINT('',(-67.16662320515,12.488580568808,
    5.410440261311));
#4231 = CARTESIAN_POINT('',(-67.16662401801,12.488687945311,
    5.410348139836));
#4232 = CARTESIAN_POINT('',(-67.16662482167,12.488795323732,
    5.410256019881));
#4233 = CARTESIAN_POINT('',(-67.16662641048,12.489010075165,
    5.410071790939));
#4234 = CARTESIAN_POINT('',(-67.16662719565,12.489117448176,
    5.409979681952));
#4235 = CARTESIAN_POINT('',(-67.1666279716,12.489224823104,
    5.409887574486));
#4236 = CARTESIAN_POINT('',(-67.16662873835,12.489332199946,
    5.409795468542));
#4237 = CARTESIAN_POINT('',(-67.16662949588,12.489439578703,
    5.40970336412));
#4238 = CARTESIAN_POINT('',(-67.16663101918,12.489658165321,
    5.409515877291));
#4239 = CARTESIAN_POINT('',(-67.16663178428,12.489769373321,
    5.409420494995));
#4240 = CARTESIAN_POINT('',(-67.1666325395,12.489880583373,
    5.409325114333));
#4241 = CARTESIAN_POINT('',(-67.16663328483,12.489991795475,
    5.409229735306));
#4242 = CARTESIAN_POINT('',(-67.16663402029,12.490103009626,
    5.409134357916));
#4243 = CARTESIAN_POINT('',(-67.16663547137,12.490325432106,
    5.408943614912));
#4244 = CARTESIAN_POINT('',(-67.166636187,12.490436640436,5.4088482493)
  );
#4245 = CARTESIAN_POINT('',(-67.16663689275,12.490547850812,
    5.408752885325));
#4246 = CARTESIAN_POINT('',(-67.16663758861,12.490659063234,
    5.408657522988));
#4247 = CARTESIAN_POINT('',(-67.16663827459,12.490770277702,
    5.40856216229));
#4248 = CARTESIAN_POINT('',(-67.16663960342,12.490988866261,
    5.408374740488));
#4249 = CARTESIAN_POINT('',(-67.16664024693,12.491096240214,
    5.408282679271));
#4250 = CARTESIAN_POINT('',(-67.16664088124,12.491203616071,
    5.408190619585));
#4251 = CARTESIAN_POINT('',(-67.16664150632,12.491310993832,
    5.408098561428));
#4252 = CARTESIAN_POINT('',(-67.1666421222,12.491418373496,
    5.408006504802));
#4253 = CARTESIAN_POINT('',(-67.16664322715,12.491613954429,
    5.407838838953));
#4254 = CARTESIAN_POINT('',(-67.16664371923,12.49170215508,
    5.407763229232));
#4255 = CARTESIAN_POINT('',(-67.16664420508,12.491790357013,
    5.407687620545));
#4256 = CARTESIAN_POINT('',(-67.16664468472,12.491878560228,
    5.407612012892));
#4257 = CARTESIAN_POINT('',(-67.16664515815,12.491966764725,
    5.407536406274));
#4258 = CARTESIAN_POINT('',(-67.16664621439,12.49216617759,
    5.407365479535));
#4259 = CARTESIAN_POINT('',(-67.16664679354,12.492277386713,
    5.407270160026));
#4260 = CARTESIAN_POINT('',(-67.16664736281,12.492388597871,
    5.407174842162));
#4261 = CARTESIAN_POINT('',(-67.1666479222,12.492499811064,
    5.407079525945));
#4262 = CARTESIAN_POINT('',(-67.1666484717,12.492611026291,
    5.406984211375));
#4263 = CARTESIAN_POINT('',(-67.16664955088,12.492833450887,
    5.406793594037));
#4264 = CARTESIAN_POINT('',(-67.16665008056,12.492944660256,
    5.406698291268));
#4265 = CARTESIAN_POINT('',(-67.16665060036,12.493055871656,
    5.406602990149));
#4266 = CARTESIAN_POINT('',(-67.16665111027,12.493167085087,
    5.406507690678));
#4267 = CARTESIAN_POINT('',(-67.1666516103,12.493278300548,
    5.406412392859));
#4268 = CARTESIAN_POINT('',(-67.16665257363,12.493496891023,
    5.406225094667));
#4269 = CARTESIAN_POINT('',(-67.16665303761,12.493604265901,
    5.406133094182));
#4270 = CARTESIAN_POINT('',(-67.16665349238,12.493711642668,
    5.406041095237));
#4271 = CARTESIAN_POINT('',(-67.16665393793,12.493819021324,
    5.405949097833));
#4272 = CARTESIAN_POINT('',(-67.16665437426,12.493926401869,
    5.40585710197));
#4273 = CARTESIAN_POINT('',(-67.1666552437,12.494144992066,
    5.405669836175));
#4274 = CARTESIAN_POINT('',(-67.16665567615,12.494256201854,
    5.405574566355));
#4275 = CARTESIAN_POINT('',(-67.1666560987,12.494367413667,
    5.405479298189));
#4276 = CARTESIAN_POINT('',(-67.16665651137,12.494478627501,
    5.405384031679));
#4277 = CARTESIAN_POINT('',(-67.16665691416,12.494589843357,
    5.405288766826));
#4278 = CARTESIAN_POINT('',(-67.16665769991,12.494812269184,
    5.405098248939));
#4279 = CARTESIAN_POINT('',(-67.16665808288,12.494923479153,
    5.405002995904));
#4280 = CARTESIAN_POINT('',(-67.16665845596,12.495034691142,
    5.404907744527));
#4281 = CARTESIAN_POINT('',(-67.16665881916,12.495145905149,
    5.404812494809));
#4282 = CARTESIAN_POINT('',(-67.16665917247,12.495257121174,
    5.404717246751));
#4283 = CARTESIAN_POINT('',(-67.16665985927,12.495479547328,
    5.404526762458));
#4284 = CARTESIAN_POINT('',(-67.16666019277,12.495590757456,
    5.404431526224));
#4285 = CARTESIAN_POINT('',(-67.16666051638,12.4957019696,5.404336291651
    ));
#4286 = CARTESIAN_POINT('',(-67.1666608301,12.495813183758,5.40424105874
    ));
#4287 = CARTESIAN_POINT('',(-67.16666113394,12.49592439993,
    5.404145827492));
#4288 = CARTESIAN_POINT('',(-67.16666172179,12.496146826367,
    5.403955376825));
#4289 = CARTESIAN_POINT('',(-67.16666200582,12.496258036632,
    5.403860157407));
#4290 = CARTESIAN_POINT('',(-67.16666227996,12.496369248909,
    5.403764939653));
#4291 = CARTESIAN_POINT('',(-67.16666254421,12.496480463196,
    5.403669723564));
#4292 = CARTESIAN_POINT('',(-67.16666279856,12.496591679492,
    5.403574509141));
#4293 = CARTESIAN_POINT('',(-67.16666325376,12.496798767673,
    5.403397223246));
#4294 = CARTESIAN_POINT('',(-67.16666345714,12.496894639042,
    5.403315151346));
#4295 = CARTESIAN_POINT('',(-67.16666365317,12.496990511903,
    5.403233080685));
#4296 = CARTESIAN_POINT('',(-67.16666384185,12.497086386255,
    5.403151011264));
#4297 = CARTESIAN_POINT('',(-67.16666402318,12.497182262098,
    5.403068943083));
#4298 = CARTESIAN_POINT('',(-67.16666439895,12.497389347888,
    5.402891686407));
#4299 = CARTESIAN_POINT('',(-67.16666459085,12.497500558349,
    5.402796498341));
#4300 = CARTESIAN_POINT('',(-67.16666477287,12.497611770815,
    5.402701311945));
#4301 = CARTESIAN_POINT('',(-67.16666494499,12.497722985282,
    5.40260612722));
#4302 = CARTESIAN_POINT('',(-67.16666510722,12.497834201752,
    5.402510944166));
#4303 = CARTESIAN_POINT('',(-67.16666541189,12.498056628757,
    5.402320589905));
#4304 = CARTESIAN_POINT('',(-67.16666555432,12.498167839293,
    5.402225418698));
#4305 = CARTESIAN_POINT('',(-67.16666568686,12.498279051828,
    5.402130249164));
#4306 = CARTESIAN_POINT('',(-67.16666580951,12.498390266361,
    5.402035081304));
#4307 = CARTESIAN_POINT('',(-67.16666592227,12.498501482892,
    5.401939915118));
#4308 = CARTESIAN_POINT('',(-67.16666612798,12.498723910011,5.4017495946
    ));
#4309 = CARTESIAN_POINT('',(-67.16666622094,12.498835120599,
    5.401654440267));
#4310 = CARTESIAN_POINT('',(-67.16666630401,12.498946333182,
    5.40155928761));
#4311 = CARTESIAN_POINT('',(-67.16666637719,12.499057547759,
    5.40146413663));
#4312 = CARTESIAN_POINT('',(-67.16666644047,12.499168764329,
    5.401368987327));
#4313 = CARTESIAN_POINT('',(-67.16666655145,12.499399979949,
    5.401171182067));
#4314 = CARTESIAN_POINT('',(-67.16666659754,12.499519979325,
    5.401068526384));
#4315 = CARTESIAN_POINT('',(-67.1666666321,12.49963998102,5.400965872657
    ));
#4316 = CARTESIAN_POINT('',(-67.16666665514,12.499759985031,
    5.400863220885));
#4317 = CARTESIAN_POINT('',(-67.16666666666,12.499879991358,
    5.400760571071));
#4318 = CARTESIAN_POINT('',(-67.16666666666,12.5,5.400657923215));
#4319 = ORIENTED_EDGE('',*,*,#4017,.F.);
#4320 = CYLINDRICAL_SURFACE('',#4321,1.5);
#4321 = AXIS2_PLACEMENT_3D('',#4322,#4323,#4324);
#4322 = CARTESIAN_POINT('',(-65.66666666666,12.5,0.));
#4323 = DIRECTION('',(0.,0.,-1.));
#4324 = DIRECTION('',(-1.,0.,0.));
#4325 = ADVANCED_FACE('',(#4326),#4346,.T.);
#4326 = FACE_BOUND('',#4327,.F.);
#4327 = EDGE_LOOP('',(#4328,#4329,#4330,#4338,#4345));
#4328 = ORIENTED_EDGE('',*,*,#1171,.F.);
#4329 = ORIENTED_EDGE('',*,*,#4042,.T.);
#4330 = ORIENTED_EDGE('',*,*,#4331,.F.);
#4331 = EDGE_CURVE('',#4332,#4034,#4334,.T.);
#4332 = VERTEX_POINT('',#4333);
#4333 = CARTESIAN_POINT('',(-64.16666666666,19.,3.));
#4334 = LINE('',#4335,#4336);
#4335 = CARTESIAN_POINT('',(-64.16666666666,28.874236596195,3.));
#4336 = VECTOR('',#4337,1.);
#4337 = DIRECTION('',(0.,1.,0.));
#4338 = ORIENTED_EDGE('',*,*,#4339,.F.);
#4339 = EDGE_CURVE('',#4058,#4332,#4340,.T.);
#4340 = CIRCLE('',#4341,10.);
#4341 = AXIS2_PLACEMENT_3D('',#4342,#4343,#4344);
#4342 = CARTESIAN_POINT('',(-64.16666666666,19.,13.));
#4343 = DIRECTION('',(1.,0.,0.));
#4344 = DIRECTION('',(0.,-1.,0.));
#4345 = ORIENTED_EDGE('',*,*,#4057,.F.);
#4346 = PLANE('',#4347);
#4347 = AXIS2_PLACEMENT_3D('',#4348,#4349,#4350);
#4348 = CARTESIAN_POINT('',(-64.16666666666,22.5,0.));
#4349 = DIRECTION('',(-1.,-0.,-0.));
#4350 = DIRECTION('',(0.,1.,0.));
#4351 = ADVANCED_FACE('',(#4352),#4386,.F.);
#4352 = FACE_BOUND('',#4353,.T.);
#4353 = EDGE_LOOP('',(#4354,#4355,#4363,#4371,#4380));
#4354 = ORIENTED_EDGE('',*,*,#1188,.F.);
#4355 = ORIENTED_EDGE('',*,*,#4356,.T.);
#4356 = EDGE_CURVE('',#1189,#4357,#4359,.T.);
#4357 = VERTEX_POINT('',#4358);
#4358 = CARTESIAN_POINT('',(-54.75,22.5,3.));
#4359 = LINE('',#4360,#4361);
#4360 = CARTESIAN_POINT('',(-54.75,22.5,0.));
#4361 = VECTOR('',#4362,1.);
#4362 = DIRECTION('',(0.,0.,1.));
#4363 = ORIENTED_EDGE('',*,*,#4364,.F.);
#4364 = EDGE_CURVE('',#4365,#4357,#4367,.T.);
#4365 = VERTEX_POINT('',#4366);
#4366 = CARTESIAN_POINT('',(-54.75,19.,3.));
#4367 = LINE('',#4368,#4369);
#4368 = CARTESIAN_POINT('',(-54.75,28.874236596195,3.));
#4369 = VECTOR('',#4370,1.);
#4370 = DIRECTION('',(0.,1.,0.));
#4371 = ORIENTED_EDGE('',*,*,#4372,.F.);
#4372 = EDGE_CURVE('',#4373,#4365,#4375,.T.);
#4373 = VERTEX_POINT('',#4374);
#4374 = CARTESIAN_POINT('',(-54.75,12.5,5.400657923215));
#4375 = CIRCLE('',#4376,10.);
#4376 = AXIS2_PLACEMENT_3D('',#4377,#4378,#4379);
#4377 = CARTESIAN_POINT('',(-54.75,19.,13.));
#4378 = DIRECTION('',(1.,0.,0.));
#4379 = DIRECTION('',(0.,-1.,0.));
#4380 = ORIENTED_EDGE('',*,*,#4381,.F.);
#4381 = EDGE_CURVE('',#1191,#4373,#4382,.T.);
#4382 = LINE('',#4383,#4384);
#4383 = CARTESIAN_POINT('',(-54.75,12.5,0.));
#4384 = VECTOR('',#4385,1.);
#4385 = DIRECTION('',(0.,0.,1.));
#4386 = PLANE('',#4387);
#4387 = AXIS2_PLACEMENT_3D('',#4388,#4389,#4390);
#4388 = CARTESIAN_POINT('',(-54.75,22.5,0.));
#4389 = DIRECTION('',(-1.,-0.,-0.));
#4390 = DIRECTION('',(0.,1.,0.));
#4391 = ADVANCED_FACE('',(#4392),#4411,.F.);
#4392 = FACE_BOUND('',#4393,.F.);
#4393 = EDGE_LOOP('',(#4394,#4395,#4396,#4405));
#4394 = ORIENTED_EDGE('',*,*,#1198,.F.);
#4395 = ORIENTED_EDGE('',*,*,#4356,.T.);
#4396 = ORIENTED_EDGE('',*,*,#4397,.F.);
#4397 = EDGE_CURVE('',#4398,#4357,#4400,.T.);
#4398 = VERTEX_POINT('',#4399);
#4399 = CARTESIAN_POINT('',(-51.75,22.5,3.));
#4400 = CIRCLE('',#4401,1.5);
#4401 = AXIS2_PLACEMENT_3D('',#4402,#4403,#4404);
#4402 = CARTESIAN_POINT('',(-53.25,22.5,3.));
#4403 = DIRECTION('',(0.,0.,1.));
#4404 = DIRECTION('',(-1.,0.,0.));
#4405 = ORIENTED_EDGE('',*,*,#4406,.F.);
#4406 = EDGE_CURVE('',#1199,#4398,#4407,.T.);
#4407 = LINE('',#4408,#4409);
#4408 = CARTESIAN_POINT('',(-51.75,22.5,0.));
#4409 = VECTOR('',#4410,1.);
#4410 = DIRECTION('',(0.,0.,1.));
#4411 = CYLINDRICAL_SURFACE('',#4412,1.5);
#4412 = AXIS2_PLACEMENT_3D('',#4413,#4414,#4415);
#4413 = CARTESIAN_POINT('',(-53.25,22.5,0.));
#4414 = DIRECTION('',(0.,0.,-1.));
#4415 = DIRECTION('',(-1.,0.,0.));
#4416 = ADVANCED_FACE('',(#4417),#4684,.F.);
#4417 = FACE_BOUND('',#4418,.F.);
#4418 = EDGE_LOOP('',(#4419,#4420,#4428,#4683));
#4419 = ORIENTED_EDGE('',*,*,#1215,.F.);
#4420 = ORIENTED_EDGE('',*,*,#4421,.T.);
#4421 = EDGE_CURVE('',#1208,#4422,#4424,.T.);
#4422 = VERTEX_POINT('',#4423);
#4423 = CARTESIAN_POINT('',(-51.75,12.5,5.400657923215));
#4424 = LINE('',#4425,#4426);
#4425 = CARTESIAN_POINT('',(-51.75,12.5,0.));
#4426 = VECTOR('',#4427,1.);
#4427 = DIRECTION('',(0.,0.,1.));
#4428 = ORIENTED_EDGE('',*,*,#4429,.T.);
#4429 = EDGE_CURVE('',#4422,#4373,#4430,.T.);
#4430 = B_SPLINE_CURVE_WITH_KNOTS('',6,(#4431,#4432,#4433,#4434,#4435,
    #4436,#4437,#4438,#4439,#4440,#4441,#4442,#4443,#4444,#4445,#4446,
    #4447,#4448,#4449,#4450,#4451,#4452,#4453,#4454,#4455,#4456,#4457,
    #4458,#4459,#4460,#4461,#4462,#4463,#4464,#4465,#4466,#4467,#4468,
    #4469,#4470,#4471,#4472,#4473,#4474,#4475,#4476,#4477,#4478,#4479,
    #4480,#4481,#4482,#4483,#4484,#4485,#4486,#4487,#4488,#4489,#4490,
    #4491,#4492,#4493,#4494,#4495,#4496,#4497,#4498,#4499,#4500,#4501,
    #4502,#4503,#4504,#4505,#4506,#4507,#4508,#4509,#4510,#4511,#4512,
    #4513,#4514,#4515,#4516,#4517,#4518,#4519,#4520,#4521,#4522,#4523,
    #4524,#4525,#4526,#4527,#4528,#4529,#4530,#4531,#4532,#4533,#4534,
    #4535,#4536,#4537,#4538,#4539,#4540,#4541,#4542,#4543,#4544,#4545,
    #4546,#4547,#4548,#4549,#4550,#4551,#4552,#4553,#4554,#4555,#4556,
    #4557,#4558,#4559,#4560,#4561,#4562,#4563,#4564,#4565,#4566,#4567,
    #4568,#4569,#4570,#4571,#4572,#4573,#4574,#4575,#4576,#4577,#4578,
    #4579,#4580,#4581,#4582,#4583,#4584,#4585,#4586,#4587,#4588,#4589,
    #4590,#4591,#4592,#4593,#4594,#4595,#4596,#4597,#4598,#4599,#4600,
    #4601,#4602,#4603,#4604,#4605,#4606,#4607,#4608,#4609,#4610,#4611,
    #4612,#4613,#4614,#4615,#4616,#4617,#4618,#4619,#4620,#4621,#4622,
    #4623,#4624,#4625,#4626,#4627,#4628,#4629,#4630,#4631,#4632,#4633,
    #4634,#4635,#4636,#4637,#4638,#4639,#4640,#4641,#4642,#4643,#4644,
    #4645,#4646,#4647,#4648,#4649,#4650,#4651,#4652,#4653,#4654,#4655,
    #4656,#4657,#4658,#4659,#4660,#4661,#4662,#4663,#4664,#4665,#4666,
    #4667,#4668,#4669,#4670,#4671,#4672,#4673,#4674,#4675,#4676,#4677,
    #4678,#4679,#4680,#4681,#4682),.UNSPECIFIED.,.F.,.F.,(7,5,5,5,5,5,5,
    5,5,5,5,5,5,5,5,5,5,5,5,5,5,5,5,5,5,5,5,5,5,5,5,5,5,5,5,5,5,5,5,5,5,
    5,5,5,5,5,5,5,5,5,7),(0.,5.753600175922E-02,0.17205848984,
    0.281938808168,0.322083598257,0.37700588972,0.422426001905,
    0.448500382656,0.49977587553,0.577062271242,0.623104509926,
    0.679053159312,0.718257390923,0.827816917133,0.995079904428,
    0.995219552462,0.995359188084,0.995498811292,0.995638422087,
    0.995778020466,0.995917606429,0.996052367301,0.996191928856,
    0.996331477992,0.996471014708,0.996600917035,0.996725997989,
    0.996865499579,0.997000178981,0.997139656151,0.997279120894,
    0.997418573211,0.9975580131,0.99769744056,0.997836855591,
    0.997976258191,0.99811564836,0.998255026097,0.998394391401,
    0.998528939207,0.998653866077,0.998793195793,0.998922905384,
    0.999062211086,0.99920150435,0.999335982596,0.999470449247,
    0.999600102535,0.999739347759,0.999878580542,1.),.UNSPECIFIED.);
#4431 = CARTESIAN_POINT('',(-51.75,12.5,5.400657923215));
#4432 = CARTESIAN_POINT('',(-51.75,12.454036040662,5.439972607654));
#4433 = CARTESIAN_POINT('',(-51.75169013966,12.408418216029,
    5.479568974406));
#4434 = CARTESIAN_POINT('',(-51.75502273129,12.363204354296,
    5.51939451046));
#4435 = CARTESIAN_POINT('',(-51.75995066822,12.318448553568,
    5.55939542096));
#4436 = CARTESIAN_POINT('',(-51.76642742484,12.274201181863,
    5.599516629198));
#4437 = CARTESIAN_POINT('',(-51.79029010808,12.143541564518,
    5.719688270739));
#4438 = CARTESIAN_POINT('',(-51.81212258887,12.058799832808,
    5.799904249961));
#4439 = CARTESIAN_POINT('',(-51.83955711149,11.976531732818,
    5.880013305753));
#4440 = CARTESIAN_POINT('',(-51.87231166126,11.896944988185,
    5.959672018214));
#4441 = CARTESIAN_POINT('',(-51.91016129494,11.820233141471,
    6.038506722413));
#4442 = CARTESIAN_POINT('',(-51.99396476028,11.675954910016,
    6.190528977277));
#4443 = CARTESIAN_POINT('',(-52.0395311376,11.608138194874,
    6.263821675715));
#4444 = CARTESIAN_POINT('',(-52.08951289364,11.543267940868,
    6.33565910735));
#4445 = CARTESIAN_POINT('',(-52.14385426071,11.481502516381,
    6.40566236408));
#4446 = CARTESIAN_POINT('',(-52.20253642722,11.423061732085,
    6.473346772355));
#4447 = CARTESIAN_POINT('',(-52.28857773062,11.348219475164,
    6.561738176366));
#4448 = CARTESIAN_POINT('',(-52.31218153558,11.328675178183,
    6.584999052194));
#4449 = CARTESIAN_POINT('',(-52.33636625909,11.309627676129,
    6.607838417712));
#4450 = CARTESIAN_POINT('',(-52.36113217232,11.291093176637,
    6.630223127715));
#4451 = CARTESIAN_POINT('',(-52.38647915744,11.273089828741,
    6.652116874699));
#4452 = CARTESIAN_POINT('',(-52.44787832108,11.231761408104,
    6.702707447606));
#4453 = CARTESIAN_POINT('',(-52.48444429688,11.208911715955,
    6.730948377231));
#4454 = CARTESIAN_POINT('',(-52.52209369573,11.187147427194,
    6.758092478921));
#4455 = CARTESIAN_POINT('',(-52.56081385302,11.166530974804,
    6.784022242404));
#4456 = CARTESIAN_POINT('',(-52.60059037891,11.147128443997,
    6.808613145955));
#4457 = CARTESIAN_POINT('',(-52.67516217206,11.114025470716,
    6.850854056336));
#4458 = CARTESIAN_POINT('',(-52.70963232125,11.099917899196,
    6.868971039325));
#4459 = CARTESIAN_POINT('',(-52.74478546255,11.086736742872,
    6.885996556037));
#4460 = CARTESIAN_POINT('',(-52.78058857413,11.074529427675,
    6.90184605099));
#4461 = CARTESIAN_POINT('',(-52.81700775576,11.06334092024,
    6.916438462553));
#4462 = CARTESIAN_POINT('',(-52.87524913668,11.047399997911,
    6.937307122078));
#4463 = CARTESIAN_POINT('',(-52.8966772992,11.041937211605,
    6.944476745087));
#4464 = CARTESIAN_POINT('',(-52.91828283502,11.036834261106,
    6.951189387341));
#4465 = CARTESIAN_POINT('',(-52.94005437603,11.032099552859,
    6.957430250689));
#4466 = CARTESIAN_POINT('',(-52.96197906734,11.027741007639,
    6.963185443455));
#4467 = CARTESIAN_POINT('',(-53.02743062863,11.015949293099,
    6.97877900542));
#4468 = CARTESIAN_POINT('',(-53.07137508197,11.00961224359,
    6.987192698199));
#4469 = CARTESIAN_POINT('',(-53.11574030813,11.004817559854,
    6.993576481632));
#4470 = CARTESIAN_POINT('',(-53.16039012829,11.001606482752,
    6.997858080782));
#4471 = CARTESIAN_POINT('',(-53.20518846447,11.,7.));
#4472 = CARTESIAN_POINT('',(-53.31754341835,11.,7.));
#4473 = CARTESIAN_POINT('',(-53.38499462636,11.00364994111,
    6.995133965301));
#4474 = CARTESIAN_POINT('',(-53.45193708949,11.01092994295,
    6.985425719232));
#4475 = CARTESIAN_POINT('',(-53.51795000015,11.021740223479,
    6.971059931444));
#4476 = CARTESIAN_POINT('',(-53.58261275848,11.035889235259,
    6.952377166869));
#4477 = CARTESIAN_POINT('',(-53.68297923807,11.063324021484,
    6.916459984922));
#4478 = CARTESIAN_POINT('',(-53.71985335789,11.074654644946,
    6.90168210505));
#4479 = CARTESIAN_POINT('',(-53.75609576891,11.087029580775,
    6.885615773795));
#4480 = CARTESIAN_POINT('',(-53.79167135173,11.10040216326,
    6.868345121725));
#4481 = CARTESIAN_POINT('',(-53.82654591124,11.114723152318,
    6.849957931252));
#4482 = CARTESIAN_POINT('',(-53.90217203366,11.148432517074,
    6.80695660847));
#4483 = CARTESIAN_POINT('',(-53.94257970258,11.168250517204,
    6.781850273102));
#4484 = CARTESIAN_POINT('',(-53.98189262925,11.189321452928,
    6.755364929047));
#4485 = CARTESIAN_POINT('',(-54.02009610306,11.211576048257,
    6.727631222354));
#4486 = CARTESIAN_POINT('',(-54.05717725681,11.234949032166,
    6.698772146606));
#4487 = CARTESIAN_POINT('',(-54.11831434807,11.276497756481,
    6.647973221178));
#4488 = CARTESIAN_POINT('',(-54.14295124754,11.294138188714,
    6.626543994839));
#4489 = CARTESIAN_POINT('',(-54.1670352815,11.312281935204,
    6.604651734903));
#4490 = CARTESIAN_POINT('',(-54.19056634488,11.330912278862,
    6.582329920775));
#4491 = CARTESIAN_POINT('',(-54.21354471118,11.350014285597,
    6.559609140267));
#4492 = CARTESIAN_POINT('',(-54.29864327574,11.424238320839,
    6.471984409687));
#4493 = CARTESIAN_POINT('',(-54.35701544481,11.482492824147,
    6.404540316052));
#4494 = CARTESIAN_POINT('',(-54.41108219241,11.544042269961,
    6.334801986852));
#4495 = CARTESIAN_POINT('',(-54.46082456093,11.608669999386,
    6.263247371538));
#4496 = CARTESIAN_POINT('',(-54.50618714105,11.676219638203,
    6.190250594485));
#4497 = CARTESIAN_POINT('',(-54.60944796716,11.853988058001,
    6.002939190374));
#4498 = CARTESIAN_POINT('',(-54.6614350202,11.968062212702,
    5.886985293716));
#4499 = CARTESIAN_POINT('',(-54.70238707964,12.088112583251,
    5.769652312126));
#4500 = CARTESIAN_POINT('',(-54.7314909624,12.213450823962,
    5.652123164717));
#4501 = CARTESIAN_POINT('',(-54.74772443935,12.343271901335,
    5.535494000224));
#4502 = CARTESIAN_POINT('',(-54.74981695014,12.476566510631,
    5.420764185532));
#4503 = CARTESIAN_POINT('',(-54.74981868586,12.476677707728,
    5.420668478976));
#4504 = CARTESIAN_POINT('',(-54.74982041172,12.476788906955,
    5.420572773995));
#4505 = CARTESIAN_POINT('',(-54.74982212771,12.476900108311,
    5.420477070588));
#4506 = CARTESIAN_POINT('',(-54.74982383385,12.477011311797,
    5.420381368756));
#4507 = CARTESIAN_POINT('',(-54.74982722623,12.477233713139,
    5.420189976753));
#4508 = CARTESIAN_POINT('',(-54.74982891248,12.477344910996,
    5.420094286581));
#4509 = CARTESIAN_POINT('',(-54.74983058887,12.47745611098,
    5.419998597985));
#4510 = CARTESIAN_POINT('',(-54.7498322554,12.477567313089,
    5.419902910968));
#4511 = CARTESIAN_POINT('',(-54.74983391206,12.477678517323,
    5.41980722553));
#4512 = CARTESIAN_POINT('',(-54.74983720551,12.477900920153,
    5.419615866318));
#4513 = CARTESIAN_POINT('',(-54.74983884229,12.478012118748,
    5.419520192545));
#4514 = CARTESIAN_POINT('',(-54.74984046922,12.478123319466,
    5.419424520352));
#4515 = CARTESIAN_POINT('',(-54.74984208627,12.478234522306,
    5.41932884974));
#4516 = CARTESIAN_POINT('',(-54.74984369347,12.478345727266,
    5.41923318071));
#4517 = CARTESIAN_POINT('',(-54.74984688797,12.478568131539,
    5.419041854321));
#4518 = CARTESIAN_POINT('',(-54.74984847529,12.478679330851,
    5.418946196962));
#4519 = CARTESIAN_POINT('',(-54.74985005275,12.478790532282,
    5.418850541186));
#4520 = CARTESIAN_POINT('',(-54.74985162034,12.47890173583,
    5.418754886995));
#4521 = CARTESIAN_POINT('',(-54.74985317806,12.479012941495,
    5.418659234388));
#4522 = CARTESIAN_POINT('',(-54.74985627363,12.479235347167,
    5.418467940853));
#4523 = CARTESIAN_POINT('',(-54.74985781148,12.479346547174,
    5.418372299923));
#4524 = CARTESIAN_POINT('',(-54.74985933947,12.479457749295,
    5.418276660581));
#4525 = CARTESIAN_POINT('',(-54.74986085759,12.47956895353,
    5.418181022825));
#4526 = CARTESIAN_POINT('',(-54.74986236584,12.479680159877,
    5.418085386658));
#4527 = CARTESIAN_POINT('',(-54.74986536247,12.479902566904,
    5.417894126006));
#4528 = CARTESIAN_POINT('',(-54.74986685085,12.480013767584,
    5.417798501522));
#4529 = CARTESIAN_POINT('',(-54.74986832937,12.480124970373,
    5.417702878628));
#4530 = CARTESIAN_POINT('',(-54.74986979802,12.480236175273,
    5.417607257323));
#4531 = CARTESIAN_POINT('',(-54.7498712568,12.480347382281,5.41751163761
    ));
#4532 = CARTESIAN_POINT('',(-54.74987410454,12.480565956328,
    5.417323706616));
#4533 = CARTESIAN_POINT('',(-54.74987549417,12.480673323223,
    5.417231395226));
#4534 = CARTESIAN_POINT('',(-54.74987687459,12.480780692083,
    5.417139085321));
#4535 = CARTESIAN_POINT('',(-54.74987824582,12.480888062905,
    5.417046776901));
#4536 = CARTESIAN_POINT('',(-54.74987960785,12.48099543569,
    5.416954469967));
#4537 = CARTESIAN_POINT('',(-54.7498823617,12.481214010269,5.41676657081
    ));
#4538 = CARTESIAN_POINT('',(-54.74988375285,12.481325212206,
    5.416670978694));
#4539 = CARTESIAN_POINT('',(-54.74988513414,12.481436416246,
    5.416575388173));
#4540 = CARTESIAN_POINT('',(-54.74988650555,12.481547622387,
    5.416479799249));
#4541 = CARTESIAN_POINT('',(-54.7498878671,12.481658830629,
    5.416384211922));
#4542 = CARTESIAN_POINT('',(-54.74989057032,12.481881241416,
    5.41619304897));
#4543 = CARTESIAN_POINT('',(-54.74989191201,12.48199244396,
    5.416097473345));
#4544 = CARTESIAN_POINT('',(-54.74989324382,12.482103648603,
    5.416001899318));
#4545 = CARTESIAN_POINT('',(-54.74989456576,12.482214855344,
    5.415906326891));
#4546 = CARTESIAN_POINT('',(-54.74989587784,12.482326064181,
    5.415810756063));
#4547 = CARTESIAN_POINT('',(-54.74989848212,12.482548476148,
    5.415619626117));
#4548 = CARTESIAN_POINT('',(-54.74989977434,12.482659679278,
    5.415524066998));
#4549 = CARTESIAN_POINT('',(-54.74990105668,12.482770884502,
    5.41542850948));
#4550 = CARTESIAN_POINT('',(-54.74990232915,12.48288209182,
    5.415332953565));
#4551 = CARTESIAN_POINT('',(-54.74990359175,12.48299330123,
    5.415237399253));
#4552 = CARTESIAN_POINT('',(-54.74990601071,12.483208045576,
    5.415052891326));
#4553 = CARTESIAN_POINT('',(-54.74990716839,12.483311580233,
    5.414963937496));
#4554 = CARTESIAN_POINT('',(-54.74990831751,12.483415116701,
    5.414874985058));
#4555 = CARTESIAN_POINT('',(-54.74990945807,12.483518654981,
    5.414786034011));
#4556 = CARTESIAN_POINT('',(-54.74991059007,12.483622195071,
    5.414697084357));
#4557 = CARTESIAN_POINT('',(-54.74991279527,12.483825435875,
    5.414522489182));
#4558 = CARTESIAN_POINT('',(-54.74991386908,12.483925136456,
    5.414436843561));
#4559 = CARTESIAN_POINT('',(-54.74991493496,12.484024838714,
    5.414351199232));
#4560 = CARTESIAN_POINT('',(-54.7499159929,12.484124542649,
    5.414265556195));
#4561 = CARTESIAN_POINT('',(-54.7499170429,12.48422424826,5.414179914452
    ));
#4562 = CARTESIAN_POINT('',(-54.74991924718,12.484435158128,
    5.413998760029));
#4563 = CARTESIAN_POINT('',(-54.74992039951,12.484546362794,
    5.413903247664));
#4564 = CARTESIAN_POINT('',(-54.74992154197,12.484657569542,
    5.41380773691));
#4565 = CARTESIAN_POINT('',(-54.74992267456,12.484768778373,
    5.413712227768));
#4566 = CARTESIAN_POINT('',(-54.74992379728,12.484879989285,
    5.413616720237));
#4567 = CARTESIAN_POINT('',(-54.74992598448,12.48509857094,
    5.413429009779));
#4568 = CARTESIAN_POINT('',(-54.74992704965,12.485205941542,
    5.413336806743));
#4569 = CARTESIAN_POINT('',(-54.74992810561,12.485313314082,
    5.41324460521));
#4570 = CARTESIAN_POINT('',(-54.74992915236,12.485420688559,
    5.413152405183));
#4571 = CARTESIAN_POINT('',(-54.74993018991,12.485528064972,
    5.41306020666));
#4572 = CARTESIAN_POINT('',(-54.74993228323,12.485746646875,
    5.412872528237));
#4573 = CARTESIAN_POINT('',(-54.74993333833,12.485857852505,
    5.412777048445));
#4574 = CARTESIAN_POINT('',(-54.74993438356,12.48596906021,5.41268157027
    ));
#4575 = CARTESIAN_POINT('',(-54.74993541891,12.486080269989,
    5.412586093711));
#4576 = CARTESIAN_POINT('',(-54.74993644438,12.486191481841,
    5.412490618771));
#4577 = CARTESIAN_POINT('',(-54.74993847548,12.486413899781,
    5.412299680634));
#4578 = CARTESIAN_POINT('',(-54.74993948111,12.486525105869,
    5.412204217436));
#4579 = CARTESIAN_POINT('',(-54.74994047687,12.486636314027,
    5.412108755859));
#4580 = CARTESIAN_POINT('',(-54.74994146275,12.486747524256,
    5.412013295901));
#4581 = CARTESIAN_POINT('',(-54.74994243875,12.486858736554,
    5.411917837564));
#4582 = CARTESIAN_POINT('',(-54.7499443709,12.487081155376,
    5.411726932641));
#4583 = CARTESIAN_POINT('',(-54.74994532706,12.487192361899,
    5.411631486053));
#4584 = CARTESIAN_POINT('',(-54.74994627335,12.48730357049,
    5.411536041088));
#4585 = CARTESIAN_POINT('',(-54.74994720975,12.487414781146,
    5.411440597746));
#4586 = CARTESIAN_POINT('',(-54.74994813628,12.487525993868,
    5.411345156029));
#4587 = CARTESIAN_POINT('',(-54.74994996949,12.487748413527,
    5.411154284349));
#4588 = CARTESIAN_POINT('',(-54.74995087618,12.487859620465,
    5.411058854387));
#4589 = CARTESIAN_POINT('',(-54.74995177299,12.487970829465,
    5.41096342605));
#4590 = CARTESIAN_POINT('',(-54.74995265993,12.488082040527,
    5.410867999339));
#4591 = CARTESIAN_POINT('',(-54.74995353698,12.48819325365,
    5.410772574256));
#4592 = CARTESIAN_POINT('',(-54.74995527125,12.488415674103,
    5.410581735851));
#4593 = CARTESIAN_POINT('',(-54.74995612847,12.488526881432,
    5.410486322529));
#4594 = CARTESIAN_POINT('',(-54.74995697581,12.488638090821,
    5.410390910835));
#4595 = CARTESIAN_POINT('',(-54.74995781327,12.488749302266,
    5.410295500771));
#4596 = CARTESIAN_POINT('',(-54.74995864085,12.488860515769,
    5.410200092337));
#4597 = CARTESIAN_POINT('',(-54.74996027617,12.489082936971,
    5.410009287237));
#4598 = CARTESIAN_POINT('',(-54.74996108392,12.489194144671,
    5.40991389057));
#4599 = CARTESIAN_POINT('',(-54.74996188178,12.489305354425,
    5.409818495535));
#4600 = CARTESIAN_POINT('',(-54.74996266977,12.489416566232,
    5.409723102133));
#4601 = CARTESIAN_POINT('',(-54.74996344788,12.489527780092,
    5.409627710364));
#4602 = CARTESIAN_POINT('',(-54.74996498426,12.489750202,5.409436938599)
  );
#4603 = CARTESIAN_POINT('',(-54.74996574253,12.489861410047,
    5.409341558603));
#4604 = CARTESIAN_POINT('',(-54.74996649093,12.489972620145,
    5.409246180242));
#4605 = CARTESIAN_POINT('',(-54.74996722944,12.490083832292,
    5.409150803516));
#4606 = CARTESIAN_POINT('',(-54.74996795807,12.490195046488,
    5.409055428427));
#4607 = CARTESIAN_POINT('',(-54.74996939551,12.490417469057,
    5.408864690028));
#4608 = CARTESIAN_POINT('',(-54.74997010431,12.49052867743,
    5.408769326718));
#4609 = CARTESIAN_POINT('',(-54.74997080323,12.49063988785,
    5.408673965045));
#4610 = CARTESIAN_POINT('',(-54.74997149227,12.490751100315,
    5.408578605012));
#4611 = CARTESIAN_POINT('',(-54.74997217143,12.490862314824,
    5.408483246618));
#4612 = CARTESIAN_POINT('',(-54.74997350992,12.491084738011,
    5.408292541615));
#4613 = CARTESIAN_POINT('',(-54.74997416925,12.491195946688,
    5.408197195006));
#4614 = CARTESIAN_POINT('',(-54.7499748187,12.491307157407,
    5.408101850037));
#4615 = CARTESIAN_POINT('',(-54.74997545827,12.491418370168,
    5.408006506711));
#4616 = CARTESIAN_POINT('',(-54.74997608795,12.491529584969,
    5.407911165027));
#4617 = CARTESIAN_POINT('',(-54.74997732749,12.491752008729,
    5.407720493451));
#4618 = CARTESIAN_POINT('',(-54.74997793735,12.491863217688,
    5.407625163558));
#4619 = CARTESIAN_POINT('',(-54.74997853733,12.491974428685,
    5.407529835309));
#4620 = CARTESIAN_POINT('',(-54.74997912742,12.492085641719,
    5.407434508705));
#4621 = CARTESIAN_POINT('',(-54.74997970763,12.492196856789,
    5.407339183746));
#4622 = CARTESIAN_POINT('',(-54.74998082857,12.492415446514,
    5.407151832203));
#4623 = CARTESIAN_POINT('',(-54.74998136996,12.492522821029,
    5.407059805506));
#4624 = CARTESIAN_POINT('',(-54.74998190214,12.492630197441,
    5.406967780344));
#4625 = CARTESIAN_POINT('',(-54.74998242511,12.492737575748,
    5.406875756718));
#4626 = CARTESIAN_POINT('',(-54.74998293886,12.49284495595,
    5.406783734629));
#4627 = CARTESIAN_POINT('',(-54.74998391185,12.493052041707,
    5.406606273522));
#4628 = CARTESIAN_POINT('',(-54.74998437236,12.493151747002,
    5.406520834292));
#4629 = CARTESIAN_POINT('',(-54.74998482493,12.493251453929,
    5.406435396388));
#4630 = CARTESIAN_POINT('',(-54.74998526955,12.493351162487,
    5.40634995981));
#4631 = CARTESIAN_POINT('',(-54.74998570622,12.493450872675,
    5.40626452456));
#4632 = CARTESIAN_POINT('',(-54.7499866131,12.49366179211,5.40608380702)
  );
#4633 = CARTESIAN_POINT('',(-54.74998708137,12.493773001754,
    5.405988525054));
#4634 = CARTESIAN_POINT('',(-54.74998753975,12.493884213424,
    5.405893244741));
#4635 = CARTESIAN_POINT('',(-54.74998798825,12.49399542712,
    5.405797966081));
#4636 = CARTESIAN_POINT('',(-54.74998842685,12.494106642841,
    5.405702689076));
#4637 = CARTESIAN_POINT('',(-54.74998925469,12.494321399216,
    5.405518716733));
#4638 = CARTESIAN_POINT('',(-54.74998964524,12.494424939601,
    5.405430021176));
#4639 = CARTESIAN_POINT('',(-54.74999002722,12.49452848174,
    5.405341327053));
#4640 = CARTESIAN_POINT('',(-54.74999040063,12.494632025631,
    5.405252634367));
#4641 = CARTESIAN_POINT('',(-54.74999076547,12.494735571273,
    5.405163943117));
#4642 = CARTESIAN_POINT('',(-54.74999150436,12.494950326651,
    5.404980002087));
#4643 = CARTESIAN_POINT('',(-54.7499918771,12.495061536655,
    5.404884752527));
#4644 = CARTESIAN_POINT('',(-54.74999223994,12.495172748678,
    5.404789504625));
#4645 = CARTESIAN_POINT('',(-54.7499925929,12.495283962718,
    5.404694258383));
#4646 = CARTESIAN_POINT('',(-54.74999293598,12.495395178775,
    5.404599013802));
#4647 = CARTESIAN_POINT('',(-54.74999360231,12.495617604991,
    5.404408536464));
#4648 = CARTESIAN_POINT('',(-54.74999392557,12.49572881515,
    5.404313303708));
#4649 = CARTESIAN_POINT('',(-54.74999423895,12.495840027323,
    5.404218072614));
#4650 = CARTESIAN_POINT('',(-54.74999454243,12.495951241509,
    5.404122843182));
#4651 = CARTESIAN_POINT('',(-54.74999483603,12.496062457708,
    5.404027615413));
#4652 = CARTESIAN_POINT('',(-54.74999539363,12.496281049596,
    5.403840454932));
#4653 = CARTESIAN_POINT('',(-54.74999565831,12.496388425148,
    5.403748522105));
#4654 = CARTESIAN_POINT('',(-54.74999591377,12.496495802573,
    5.403656590831));
#4655 = CARTESIAN_POINT('',(-54.74999616002,12.496603181872,
    5.40356466111));
#4656 = CARTESIAN_POINT('',(-54.74999639704,12.496710563044,
    5.403472732942));
#4657 = CARTESIAN_POINT('',(-54.74999685262,12.496925319871,
    5.403288887641));
#4658 = CARTESIAN_POINT('',(-54.74999707118,12.497032695526,
    5.403196970508));
#4659 = CARTESIAN_POINT('',(-54.74999728052,12.497140073051,
    5.403105054929));
#4660 = CARTESIAN_POINT('',(-54.74999748064,12.497247452446,
    5.403013140906));
#4661 = CARTESIAN_POINT('',(-54.74999767154,12.49735483371,
    5.402921228439));
#4662 = CARTESIAN_POINT('',(-54.74999802839,12.497565756091,
    5.402740696658));
#4663 = CARTESIAN_POINT('',(-54.74999819499,12.497669297077,
    5.402652077235));
#4664 = CARTESIAN_POINT('',(-54.74999835301,12.497772839799,
    5.402563459259));
#4665 = CARTESIAN_POINT('',(-54.74999850247,12.497876384256,
    5.402474842733));
#4666 = CARTESIAN_POINT('',(-54.74999864334,12.497979930447,
    5.402386227656));
#4667 = CARTESIAN_POINT('',(-54.74999891773,12.49819468692,5.40220244464
    ));
#4668 = CARTESIAN_POINT('',(-54.74999904993,12.498305897469,
    5.402107276923));
#4669 = CARTESIAN_POINT('',(-54.74999917224,12.498417110015,
    5.402012110879));
#4670 = CARTESIAN_POINT('',(-54.74999928465,12.49852832456,5.40191694651
    ));
#4671 = CARTESIAN_POINT('',(-54.74999938717,12.498639541101,
    5.401821783816));
#4672 = CARTESIAN_POINT('',(-54.74999957241,12.498861968238,
    5.401631470283));
#4673 = CARTESIAN_POINT('',(-54.74999965514,12.498973178833,
    5.401536319443));
#4674 = CARTESIAN_POINT('',(-54.74999972797,12.499084391423,
    5.40144117028));
#4675 = CARTESIAN_POINT('',(-54.74999979091,12.499195606007,
    5.401346022794));
#4676 = CARTESIAN_POINT('',(-54.74999984395,12.499306822583,
    5.401250876986));
#4677 = CARTESIAN_POINT('',(-54.74999992473,12.499515030508,
    5.40107276139));
#4678 = CARTESIAN_POINT('',(-54.74999995484,12.499612021379,
    5.400989791198));
#4679 = CARTESIAN_POINT('',(-54.74999997742,12.499709013765,
    5.400906822285));
#4680 = CARTESIAN_POINT('',(-54.74999999247,12.499806007664,
    5.400823854649));
#4681 = CARTESIAN_POINT('',(-54.75,12.499903003076,5.400740888292));
#4682 = CARTESIAN_POINT('',(-54.75,12.5,5.400657923215));
#4683 = ORIENTED_EDGE('',*,*,#4381,.F.);
#4684 = CYLINDRICAL_SURFACE('',#4685,1.5);
#4685 = AXIS2_PLACEMENT_3D('',#4686,#4687,#4688);
#4686 = CARTESIAN_POINT('',(-53.25,12.5,0.));
#4687 = DIRECTION('',(0.,0.,-1.));
#4688 = DIRECTION('',(-1.,0.,0.));
#4689 = ADVANCED_FACE('',(#4690),#4710,.T.);
#4690 = FACE_BOUND('',#4691,.F.);
#4691 = EDGE_LOOP('',(#4692,#4693,#4694,#4702,#4709));
#4692 = ORIENTED_EDGE('',*,*,#1207,.F.);
#4693 = ORIENTED_EDGE('',*,*,#4406,.T.);
#4694 = ORIENTED_EDGE('',*,*,#4695,.F.);
#4695 = EDGE_CURVE('',#4696,#4398,#4698,.T.);
#4696 = VERTEX_POINT('',#4697);
#4697 = CARTESIAN_POINT('',(-51.75,19.,3.));
#4698 = LINE('',#4699,#4700);
#4699 = CARTESIAN_POINT('',(-51.75,28.874236596195,3.));
#4700 = VECTOR('',#4701,1.);
#4701 = DIRECTION('',(0.,1.,0.));
#4702 = ORIENTED_EDGE('',*,*,#4703,.F.);
#4703 = EDGE_CURVE('',#4422,#4696,#4704,.T.);
#4704 = CIRCLE('',#4705,10.);
#4705 = AXIS2_PLACEMENT_3D('',#4706,#4707,#4708);
#4706 = CARTESIAN_POINT('',(-51.75,19.,13.));
#4707 = DIRECTION('',(1.,0.,0.));
#4708 = DIRECTION('',(0.,-1.,0.));
#4709 = ORIENTED_EDGE('',*,*,#4421,.F.);
#4710 = PLANE('',#4711);
#4711 = AXIS2_PLACEMENT_3D('',#4712,#4713,#4714);
#4712 = CARTESIAN_POINT('',(-51.75,22.5,0.));
#4713 = DIRECTION('',(-1.,-0.,-0.));
#4714 = DIRECTION('',(0.,1.,0.));
#4715 = ADVANCED_FACE('',(#4716),#4750,.F.);
#4716 = FACE_BOUND('',#4717,.T.);
#4717 = EDGE_LOOP('',(#4718,#4719,#4727,#4735,#4744));
#4718 = ORIENTED_EDGE('',*,*,#1224,.F.);
#4719 = ORIENTED_EDGE('',*,*,#4720,.T.);
#4720 = EDGE_CURVE('',#1225,#4721,#4723,.T.);
#4721 = VERTEX_POINT('',#4722);
#4722 = CARTESIAN_POINT('',(-86.,38.5,3.));
#4723 = LINE('',#4724,#4725);
#4724 = CARTESIAN_POINT('',(-86.,38.5,0.));
#4725 = VECTOR('',#4726,1.);
#4726 = DIRECTION('',(0.,0.,1.));
#4727 = ORIENTED_EDGE('',*,*,#4728,.F.);
#4728 = EDGE_CURVE('',#4729,#4721,#4731,.T.);
#4729 = VERTEX_POINT('',#4730);
#4730 = CARTESIAN_POINT('',(-86.,19.,3.));
#4731 = LINE('',#4732,#4733);
#4732 = CARTESIAN_POINT('',(-86.,36.874236596195,3.));
#4733 = VECTOR('',#4734,1.);
#4734 = DIRECTION('',(0.,1.,0.));
#4735 = ORIENTED_EDGE('',*,*,#4736,.F.);
#4736 = EDGE_CURVE('',#4737,#4729,#4739,.T.);
#4737 = VERTEX_POINT('',#4738);
#4738 = CARTESIAN_POINT('',(-86.,12.5,5.400657923215));
#4739 = CIRCLE('',#4740,10.);
#4740 = AXIS2_PLACEMENT_3D('',#4741,#4742,#4743);
#4741 = CARTESIAN_POINT('',(-86.,19.,13.));
#4742 = DIRECTION('',(1.,0.,0.));
#4743 = DIRECTION('',(0.,-1.,0.));
#4744 = ORIENTED_EDGE('',*,*,#4745,.F.);
#4745 = EDGE_CURVE('',#1227,#4737,#4746,.T.);
#4746 = LINE('',#4747,#4748);
#4747 = CARTESIAN_POINT('',(-86.,12.5,0.));
#4748 = VECTOR('',#4749,1.);
#4749 = DIRECTION('',(0.,0.,1.));
#4750 = PLANE('',#4751);
#4751 = AXIS2_PLACEMENT_3D('',#4752,#4753,#4754);
#4752 = CARTESIAN_POINT('',(-86.,38.5,0.));
#4753 = DIRECTION('',(-1.,-0.,-0.));
#4754 = DIRECTION('',(0.,1.,0.));
#4755 = ADVANCED_FACE('',(#4756),#4775,.F.);
#4756 = FACE_BOUND('',#4757,.F.);
#4757 = EDGE_LOOP('',(#4758,#4759,#4760,#4769));
#4758 = ORIENTED_EDGE('',*,*,#1234,.F.);
#4759 = ORIENTED_EDGE('',*,*,#4720,.T.);
#4760 = ORIENTED_EDGE('',*,*,#4761,.F.);
#4761 = EDGE_CURVE('',#4762,#4721,#4764,.T.);
#4762 = VERTEX_POINT('',#4763);
#4763 = CARTESIAN_POINT('',(-83.,38.5,3.));
#4764 = CIRCLE('',#4765,1.5);
#4765 = AXIS2_PLACEMENT_3D('',#4766,#4767,#4768);
#4766 = CARTESIAN_POINT('',(-84.5,38.5,3.));
#4767 = DIRECTION('',(0.,0.,1.));
#4768 = DIRECTION('',(-1.,0.,0.));
#4769 = ORIENTED_EDGE('',*,*,#4770,.F.);
#4770 = EDGE_CURVE('',#1235,#4762,#4771,.T.);
#4771 = LINE('',#4772,#4773);
#4772 = CARTESIAN_POINT('',(-83.,38.5,0.));
#4773 = VECTOR('',#4774,1.);
#4774 = DIRECTION('',(0.,0.,1.));
#4775 = CYLINDRICAL_SURFACE('',#4776,1.5);
#4776 = AXIS2_PLACEMENT_3D('',#4777,#4778,#4779);
#4777 = CARTESIAN_POINT('',(-84.5,38.5,0.));
#4778 = DIRECTION('',(0.,0.,-1.));
#4779 = DIRECTION('',(-1.,0.,0.));
#4780 = ADVANCED_FACE('',(#4781),#5048,.F.);
#4781 = FACE_BOUND('',#4782,.F.);
#4782 = EDGE_LOOP('',(#4783,#4784,#4792,#5047));
#4783 = ORIENTED_EDGE('',*,*,#1251,.F.);
#4784 = ORIENTED_EDGE('',*,*,#4785,.T.);
#4785 = EDGE_CURVE('',#1244,#4786,#4788,.T.);
#4786 = VERTEX_POINT('',#4787);
#4787 = CARTESIAN_POINT('',(-83.,12.5,5.400657923215));
#4788 = LINE('',#4789,#4790);
#4789 = CARTESIAN_POINT('',(-83.,12.5,0.));
#4790 = VECTOR('',#4791,1.);
#4791 = DIRECTION('',(0.,0.,1.));
#4792 = ORIENTED_EDGE('',*,*,#4793,.T.);
#4793 = EDGE_CURVE('',#4786,#4737,#4794,.T.);
#4794 = B_SPLINE_CURVE_WITH_KNOTS('',6,(#4795,#4796,#4797,#4798,#4799,
    #4800,#4801,#4802,#4803,#4804,#4805,#4806,#4807,#4808,#4809,#4810,
    #4811,#4812,#4813,#4814,#4815,#4816,#4817,#4818,#4819,#4820,#4821,
    #4822,#4823,#4824,#4825,#4826,#4827,#4828,#4829,#4830,#4831,#4832,
    #4833,#4834,#4835,#4836,#4837,#4838,#4839,#4840,#4841,#4842,#4843,
    #4844,#4845,#4846,#4847,#4848,#4849,#4850,#4851,#4852,#4853,#4854,
    #4855,#4856,#4857,#4858,#4859,#4860,#4861,#4862,#4863,#4864,#4865,
    #4866,#4867,#4868,#4869,#4870,#4871,#4872,#4873,#4874,#4875,#4876,
    #4877,#4878,#4879,#4880,#4881,#4882,#4883,#4884,#4885,#4886,#4887,
    #4888,#4889,#4890,#4891,#4892,#4893,#4894,#4895,#4896,#4897,#4898,
    #4899,#4900,#4901,#4902,#4903,#4904,#4905,#4906,#4907,#4908,#4909,
    #4910,#4911,#4912,#4913,#4914,#4915,#4916,#4917,#4918,#4919,#4920,
    #4921,#4922,#4923,#4924,#4925,#4926,#4927,#4928,#4929,#4930,#4931,
    #4932,#4933,#4934,#4935,#4936,#4937,#4938,#4939,#4940,#4941,#4942,
    #4943,#4944,#4945,#4946,#4947,#4948,#4949,#4950,#4951,#4952,#4953,
    #4954,#4955,#4956,#4957,#4958,#4959,#4960,#4961,#4962,#4963,#4964,
    #4965,#4966,#4967,#4968,#4969,#4970,#4971,#4972,#4973,#4974,#4975,
    #4976,#4977,#4978,#4979,#4980,#4981,#4982,#4983,#4984,#4985,#4986,
    #4987,#4988,#4989,#4990,#4991,#4992,#4993,#4994,#4995,#4996,#4997,
    #4998,#4999,#5000,#5001,#5002,#5003,#5004,#5005,#5006,#5007,#5008,
    #5009,#5010,#5011,#5012,#5013,#5014,#5015,#5016,#5017,#5018,#5019,
    #5020,#5021,#5022,#5023,#5024,#5025,#5026,#5027,#5028,#5029,#5030,
    #5031,#5032,#5033,#5034,#5035,#5036,#5037,#5038,#5039,#5040,#5041,
    #5042,#5043,#5044,#5045,#5046),.UNSPECIFIED.,.F.,.F.,(7,5,5,5,5,5,5,
    5,5,5,5,5,5,5,5,5,5,5,5,5,5,5,5,5,5,5,5,5,5,5,5,5,5,5,5,5,5,5,5,5,5,
    5,5,5,5,5,5,5,5,5,7),(0.,5.753596997048E-02,0.172058401916,
    0.281938662116,0.322083430968,0.377005705568,0.422425823933,
    0.448500213966,0.499775725097,0.57706214833,0.623104403366,
    0.679053072567,0.718257318063,0.827816876567,0.99508953584,
    0.995229183015,0.995368817778,0.995498811398,0.995633608231,
    0.99576357993,0.995898354028,0.996037929283,0.99617749212,
    0.996317042537,0.996451769086,0.99659129509,0.996730808672,
    0.996870309831,0.997004988816,0.997144465554,0.997283929866,
    0.997423381751,0.997543588918,0.997683017661,0.997822433974,
    0.997961837857,0.998101229309,0.998240608329,0.998379974916,
    0.998519329069,0.998658670789,0.998798000073,0.998937316921,
    0.999076621332,0.999215913307,0.999355192843,0.99949445994,
    0.999633714598,0.999772956816,0.999907385774,1.),.UNSPECIFIED.);
#4795 = CARTESIAN_POINT('',(-83.,12.5,5.400657923215));
#4796 = CARTESIAN_POINT('',(-83.,12.454036039585,5.439972608575));
#4797 = CARTESIAN_POINT('',(-83.00169013956,12.408418216287,
    5.47956897415));
#4798 = CARTESIAN_POINT('',(-83.0050227312,12.363204355346,
    5.519394509529));
#4799 = CARTESIAN_POINT('',(-83.00995066827,12.318448553872,
    5.559395420718));
#4800 = CARTESIAN_POINT('',(-83.01642742503,12.274201180843,
    5.599516630136));
#4801 = CARTESIAN_POINT('',(-83.0402901087,12.143541561127,
    5.719688273858));
#4802 = CARTESIAN_POINT('',(-83.06212258715,12.058799837894,
    5.799904245014));
#4803 = CARTESIAN_POINT('',(-83.08955711197,11.976531733065,
    5.880013305704));
#4804 = CARTESIAN_POINT('',(-83.12231166321,11.896944983216,
    5.959672023137));
#4805 = CARTESIAN_POINT('',(-83.16016129328,11.820233144331,6.0385067194
    ));
#4806 = CARTESIAN_POINT('',(-83.24396476028,11.675954910016,
    6.190528977277));
#4807 = CARTESIAN_POINT('',(-83.2895311376,11.608138194874,
    6.263821675715));
#4808 = CARTESIAN_POINT('',(-83.33951289364,11.543267940868,
    6.33565910735));
#4809 = CARTESIAN_POINT('',(-83.39385426071,11.481502516381,
    6.40566236408));
#4810 = CARTESIAN_POINT('',(-83.45253642722,11.423061732085,
    6.473346772355));
#4811 = CARTESIAN_POINT('',(-83.53857773062,11.348219475164,
    6.561738176366));
#4812 = CARTESIAN_POINT('',(-83.56218153558,11.328675178183,
    6.584999052194));
#4813 = CARTESIAN_POINT('',(-83.58636625909,11.309627676129,
    6.607838417712));
#4814 = CARTESIAN_POINT('',(-83.61113217232,11.291093176637,
    6.630223127715));
#4815 = CARTESIAN_POINT('',(-83.63647915744,11.273089828741,
    6.652116874699));
#4816 = CARTESIAN_POINT('',(-83.69787832895,11.231761402804,
    6.702707454094));
#4817 = CARTESIAN_POINT('',(-83.73444429415,11.208911716686,
    6.730948376223));
#4818 = CARTESIAN_POINT('',(-83.77209368727,11.187147431852,
    6.75809247311));
#4819 = CARTESIAN_POINT('',(-83.81081385125,11.166530976553,
    6.784022240316));
#4820 = CARTESIAN_POINT('',(-83.85059038798,11.147128439969,
    6.808613151095));
#4821 = CARTESIAN_POINT('',(-83.92516217951,11.114025467408,
    6.850854060557));
#4822 = CARTESIAN_POINT('',(-83.95963231886,11.099917899516,
    6.868971038876));
#4823 = CARTESIAN_POINT('',(-83.99478545469,11.086736745661,
    6.885996552439));
#4824 = CARTESIAN_POINT('',(-84.03058857229,11.074529428859,
    6.901846049497));
#4825 = CARTESIAN_POINT('',(-84.0670077639,11.063340918012,6.91643846547
    ));
#4826 = CARTESIAN_POINT('',(-84.12524913668,11.047399997911,
    6.937307122078));
#4827 = CARTESIAN_POINT('',(-84.1466772992,11.041937211605,
    6.944476745087));
#4828 = CARTESIAN_POINT('',(-84.16828283502,11.036834261106,
    6.951189387341));
#4829 = CARTESIAN_POINT('',(-84.19005437603,11.032099552859,
    6.957430250689));
#4830 = CARTESIAN_POINT('',(-84.21197906734,11.027741007639,
    6.963185443455));
#4831 = CARTESIAN_POINT('',(-84.27743062863,11.015949293099,
    6.97877900542));
#4832 = CARTESIAN_POINT('',(-84.32137508197,11.00961224359,
    6.987192698199));
#4833 = CARTESIAN_POINT('',(-84.36574030813,11.004817559854,
    6.993576481632));
#4834 = CARTESIAN_POINT('',(-84.41039012829,11.001606482752,
    6.997858080782));
#4835 = CARTESIAN_POINT('',(-84.45518846448,11.,7.));
#4836 = CARTESIAN_POINT('',(-84.56754341835,11.,7.));
#4837 = CARTESIAN_POINT('',(-84.63499462636,11.00364994111,
    6.995133965301));
#4838 = CARTESIAN_POINT('',(-84.70193708949,11.01092994295,
    6.985425719232));
#4839 = CARTESIAN_POINT('',(-84.76795000015,11.021740223479,
    6.971059931444));
#4840 = CARTESIAN_POINT('',(-84.83261275848,11.035889235259,
    6.952377166869));
#4841 = CARTESIAN_POINT('',(-84.93297923804,11.063324021475,
    6.916459984935));
#4842 = CARTESIAN_POINT('',(-84.9698533579,11.074654644951,
    6.901682105043));
#4843 = CARTESIAN_POINT('',(-85.00609576895,11.087029580787,
    6.885615773779));
#4844 = CARTESIAN_POINT('',(-85.04167135175,11.100402163262,
    6.868345121723));
#4845 = CARTESIAN_POINT('',(-85.0765459112,11.114723152303,
    6.849957931271));
#4846 = CARTESIAN_POINT('',(-85.15217203366,11.148432517074,
    6.80695660847));
#4847 = CARTESIAN_POINT('',(-85.19257970258,11.168250517204,
    6.781850273102));
#4848 = CARTESIAN_POINT('',(-85.23189262925,11.189321452928,
    6.755364929047));
#4849 = CARTESIAN_POINT('',(-85.27009610306,11.211576048257,
    6.727631222354));
#4850 = CARTESIAN_POINT('',(-85.30717725681,11.234949032166,
    6.698772146606));
#4851 = CARTESIAN_POINT('',(-85.36831434807,11.276497756481,
    6.647973221178));
#4852 = CARTESIAN_POINT('',(-85.39295124754,11.294138188714,
    6.626543994839));
#4853 = CARTESIAN_POINT('',(-85.4170352815,11.312281935204,
    6.604651734903));
#4854 = CARTESIAN_POINT('',(-85.44056634488,11.330912278862,
    6.582329920775));
#4855 = CARTESIAN_POINT('',(-85.46354471118,11.350014285597,
    6.559609140267));
#4856 = CARTESIAN_POINT('',(-85.54864327201,11.424238317591,
    6.471984413521));
#4857 = CARTESIAN_POINT('',(-85.60701544989,11.48249283,6.404540309499)
  );
#4858 = CARTESIAN_POINT('',(-85.66108219303,11.544042269556,
    6.334801987086));
#4859 = CARTESIAN_POINT('',(-85.71082455615,11.608669993348,
    6.263247378195));
#4860 = CARTESIAN_POINT('',(-85.75618714345,11.676219642335,
    6.19025059013));
#4861 = CARTESIAN_POINT('',(-85.85945155297,11.853994231129,
    6.00293268586));
#4862 = CARTESIAN_POINT('',(-85.91144101145,11.96807535182,
    5.886971937069));
#4863 = CARTESIAN_POINT('',(-85.95239416774,12.088133352308,
    5.769632011915));
#4864 = CARTESIAN_POINT('',(-85.98149767757,12.213479748391,
    5.652096042873));
#4865 = CARTESIAN_POINT('',(-85.9977291135,12.343309330352,
    5.535460376754));
#4866 = CARTESIAN_POINT('',(-85.99981766837,12.47661252445,
    5.420724581772));
#4867 = CARTESIAN_POINT('',(-85.99981940067,12.476723721599,
    5.420628876345));
#4868 = CARTESIAN_POINT('',(-85.99982112312,12.476834920879,
    5.420533172493));
#4869 = CARTESIAN_POINT('',(-85.9998228357,12.476946122289,
    5.420437470216));
#4870 = CARTESIAN_POINT('',(-85.99982453842,12.477057325826,
    5.420341769514));
#4871 = CARTESIAN_POINT('',(-85.99982792398,12.477279727273,
    5.420150379772));
#4872 = CARTESIAN_POINT('',(-85.99982960683,12.477390925182,
    5.42005469073));
#4873 = CARTESIAN_POINT('',(-85.9998312798,12.477502125216,
    5.419959003265));
#4874 = CARTESIAN_POINT('',(-85.99983294292,12.477613327377,
    5.419863317379));
#4875 = CARTESIAN_POINT('',(-85.99983459617,12.477724531661,
    5.419767633071));
#4876 = CARTESIAN_POINT('',(-85.99983776947,12.477939266184,
    5.419582874072));
#4877 = CARTESIAN_POINT('',(-85.99983929084,12.478042796138,
    5.419493799169));
#4878 = CARTESIAN_POINT('',(-85.99984080365,12.478146327933,
    5.419404725635));
#4879 = CARTESIAN_POINT('',(-85.99984230792,12.478249861566,
    5.419315653473));
#4880 = CARTESIAN_POINT('',(-85.99984380363,12.478353397038,
    5.419226582681));
#4881 = CARTESIAN_POINT('',(-85.9998468329,12.478564297318,
    5.419045152763));
#4882 = CARTESIAN_POINT('',(-85.99984836582,12.478671662265,
    5.41895279374));
#4883 = CARTESIAN_POINT('',(-85.99984988954,12.478779029187,
    5.418860436192));
#4884 = CARTESIAN_POINT('',(-85.99985140406,12.478886398083,
    5.418768080121));
#4885 = CARTESIAN_POINT('',(-85.99985290938,12.478993768953,
    5.418675725528));
#4886 = CARTESIAN_POINT('',(-85.99985584808,12.479204671162,
    5.418494325132));
#4887 = CARTESIAN_POINT('',(-85.99985728209,12.479308202362,
    5.418405279227));
#4888 = CARTESIAN_POINT('',(-85.99985870756,12.479411735396,
    5.418316234696));
#4889 = CARTESIAN_POINT('',(-85.99986012447,12.479515270262,
    5.418227191541));
#4890 = CARTESIAN_POINT('',(-85.99986153284,12.479618806959,
    5.418138149763));
#4891 = CARTESIAN_POINT('',(-85.99986438417,12.47982970972,
    5.417956778955));
#4892 = CARTESIAN_POINT('',(-85.9998658265,12.479937075921,
    5.417864450029));
#4893 = CARTESIAN_POINT('',(-85.99986725964,12.48004444409,
    5.417772122584));
#4894 = CARTESIAN_POINT('',(-85.99986868357,12.480151814226,
    5.417679796622));
#4895 = CARTESIAN_POINT('',(-85.99987009831,12.480259186329,
    5.417587472143));
#4896 = CARTESIAN_POINT('',(-85.99987295945,12.48047775953,
    5.417399537261));
#4897 = CARTESIAN_POINT('',(-85.99987440519,12.480588960772,
    5.417303926967));
#4898 = CARTESIAN_POINT('',(-85.99987584106,12.48070016412,
    5.417208318264));
#4899 = CARTESIAN_POINT('',(-85.99987726706,12.480811369574,
    5.417112711154));
#4900 = CARTESIAN_POINT('',(-85.99987868319,12.480922577134,
    5.417017105638));
#4901 = CARTESIAN_POINT('',(-85.99988149559,12.481144986567,
    5.416825906301));
#4902 = CARTESIAN_POINT('',(-85.99988289186,12.48125618844,5.41673031248
    ));
#4903 = CARTESIAN_POINT('',(-85.99988427826,12.481367392416,
    5.416634720254));
#4904 = CARTESIAN_POINT('',(-85.9998856548,12.481478598494,
    5.416539129624));
#4905 = CARTESIAN_POINT('',(-85.99988702146,12.481589806673,
    5.416443540591));
#4906 = CARTESIAN_POINT('',(-85.99988973492,12.481812217335,
    5.416252374227));
#4907 = CARTESIAN_POINT('',(-85.99989108172,12.481923419818,
    5.416156796895));
#4908 = CARTESIAN_POINT('',(-85.99989241865,12.4820346244,5.416061221161
    ));
#4909 = CARTESIAN_POINT('',(-85.99989374571,12.482145831079,
    5.415965647026));
#4910 = CARTESIAN_POINT('',(-85.9998950629,12.482257039856,
    5.415870074492));
#4911 = CARTESIAN_POINT('',(-85.99989763235,12.482475617351,
    5.415682236244));
#4912 = CARTESIAN_POINT('',(-85.99989888528,12.482582985928,
    5.415589970423));
#4913 = CARTESIAN_POINT('',(-85.999900129,12.482690356458,5.415497706094
    ));
#4914 = CARTESIAN_POINT('',(-85.99990136353,12.482797728939,
    5.415405443259));
#4915 = CARTESIAN_POINT('',(-85.99990258885,12.482905103372,
    5.415313181918));
#4916 = CARTESIAN_POINT('',(-85.9999050644,12.48312368128,5.415125375591
    ));
#4917 = CARTESIAN_POINT('',(-85.99990631397,12.483234884897,
    5.415029830713));
#4918 = CARTESIAN_POINT('',(-85.99990755367,12.483346090605,
    5.41493428744));
#4919 = CARTESIAN_POINT('',(-85.99990878349,12.483457298403,
    5.414838745771));
#4920 = CARTESIAN_POINT('',(-85.99991000345,12.483568508289,
    5.414743205709));
#4921 = CARTESIAN_POINT('',(-85.9999124235,12.483790922338,
    5.414552137304));
#4922 = CARTESIAN_POINT('',(-85.99991362359,12.483902126499,
    5.414456608961));
#4923 = CARTESIAN_POINT('',(-85.99991481382,12.484013332747,
    5.414361082225));
#4924 = CARTESIAN_POINT('',(-85.99991599417,12.484124541081,
    5.414265557097));
#4925 = CARTESIAN_POINT('',(-85.99991716465,12.4842357515,5.414170033579
    ));
#4926 = CARTESIAN_POINT('',(-85.99991948576,12.484458166603,
    5.413978998267));
#4927 = CARTESIAN_POINT('',(-85.99992063639,12.484569371286,
    5.413883486473));
#4928 = CARTESIAN_POINT('',(-85.99992177715,12.484680578053,
    5.413787976291));
#4929 = CARTESIAN_POINT('',(-85.99992290803,12.484791786901,
    5.413692467719));
#4930 = CARTESIAN_POINT('',(-85.99992402904,12.48490299783,
    5.413596960759));
#4931 = CARTESIAN_POINT('',(-85.99992621289,12.485121579518,
    5.413409251424));
#4932 = CARTESIAN_POINT('',(-85.99992727641,12.485228950136,
    5.41331704894));
#4933 = CARTESIAN_POINT('',(-85.99992833072,12.485336322692,
    5.413224847959));
#4934 = CARTESIAN_POINT('',(-85.99992937583,12.485443697185,
    5.413132648484));
#4935 = CARTESIAN_POINT('',(-85.99993041173,12.485551073614,
    5.413040450514));
#4936 = CARTESIAN_POINT('',(-85.9999325017,12.485769655549,
    5.412852773214));
#4937 = CARTESIAN_POINT('',(-85.99993355509,12.485880861196,
    5.412757293994));
#4938 = CARTESIAN_POINT('',(-85.99993459861,12.485992068917,
    5.412661816391));
#4939 = CARTESIAN_POINT('',(-85.99993563226,12.486103278711,
    5.412566340405));
#4940 = CARTESIAN_POINT('',(-85.99993665602,12.486214490579,
    5.412470866037));
#4941 = CARTESIAN_POINT('',(-85.99993868371,12.48643690855,
    5.412279929044));
#4942 = CARTESIAN_POINT('',(-85.99993968764,12.486548114654,
    5.412184466419));
#4943 = CARTESIAN_POINT('',(-85.99994068169,12.486659322828,
    5.412089005414));
#4944 = CARTESIAN_POINT('',(-85.99994166586,12.486770533072,
    5.411993546029));
#4945 = CARTESIAN_POINT('',(-85.99994264015,12.486881745384,
    5.411898088265));
#4946 = CARTESIAN_POINT('',(-85.9999445689,12.487104164236,
    5.411707184487));
#4947 = CARTESIAN_POINT('',(-85.99994552335,12.487215370774,
    5.411611738473));
#4948 = CARTESIAN_POINT('',(-85.99994646793,12.487326579379,
    5.411516294081));
#4949 = CARTESIAN_POINT('',(-85.99994740263,12.48743779005,
    5.411420851313));
#4950 = CARTESIAN_POINT('',(-85.99994832745,12.487549002785,
    5.411325410168));
#4951 = CARTESIAN_POINT('',(-85.99995003107,12.487756084457,
    5.411147702028));
#4952 = CARTESIAN_POINT('',(-85.99995081241,12.487851952862,
    5.411065434615));
#4953 = CARTESIAN_POINT('',(-85.9999515864,12.487947822801,5.41098316841
    ));
#4954 = CARTESIAN_POINT('',(-85.99995235306,12.488043694272,
    5.410900903413));
#4955 = CARTESIAN_POINT('',(-85.99995311237,12.488139567274,
    5.410818639625));
#4956 = CARTESIAN_POINT('',(-85.99995473656,12.488346647038,
    5.410640960375));
#4957 = CARTESIAN_POINT('',(-85.99995559889,12.488457854328,
    5.410545545331));
#4958 = CARTESIAN_POINT('',(-85.99995645135,12.488569063677,
    5.410450131915));
#4959 = CARTESIAN_POINT('',(-85.99995729393,12.488680275084,
    5.410354720128));
#4960 = CARTESIAN_POINT('',(-85.99995812662,12.488791488549,
    5.410259309971));
#4961 = CARTESIAN_POINT('',(-85.99995977218,12.489013909676,
    5.410068501424));
#4962 = CARTESIAN_POINT('',(-85.99996058505,12.489125117338,
    5.409973103034));
#4963 = CARTESIAN_POINT('',(-85.99996138803,12.489236327055,
    5.409877706275));
#4964 = CARTESIAN_POINT('',(-85.99996218114,12.489347538826,
    5.409782311148));
#4965 = CARTESIAN_POINT('',(-85.99996296436,12.48945875265,
    5.409686917654));
#4966 = CARTESIAN_POINT('',(-85.99996451098,12.489681174487,
    5.40949614244));
#4967 = CARTESIAN_POINT('',(-85.99996527437,12.489792382499,
    5.409400760719));
#4968 = CARTESIAN_POINT('',(-85.99996602788,12.489903592562,
    5.409305380632));
#4969 = CARTESIAN_POINT('',(-85.99996677152,12.490014804676,
    5.40921000218));
#4970 = CARTESIAN_POINT('',(-85.99996750527,12.490126018838,
    5.409114625365));
#4971 = CARTESIAN_POINT('',(-85.99996895294,12.490348441341,
    5.408923883513));
#4972 = CARTESIAN_POINT('',(-85.99996966686,12.490459649681,
    5.408828518476));
#4973 = CARTESIAN_POINT('',(-85.9999703709,12.490570860068,
    5.408733155076));
#4974 = CARTESIAN_POINT('',(-85.99997106506,12.490682072501,
    5.408637793315));
#4975 = CARTESIAN_POINT('',(-85.99997174933,12.490793286979,
    5.408542433193));
#4976 = CARTESIAN_POINT('',(-85.99997309806,12.491015710104,
    5.408351724734));
#4977 = CARTESIAN_POINT('',(-85.99997376251,12.491126918751,
    5.408256376397));
#4978 = CARTESIAN_POINT('',(-85.99997441707,12.49123812944,5.4081610297)
  );
#4979 = CARTESIAN_POINT('',(-85.99997506176,12.491349342171,
    5.408065684644));
#4980 = CARTESIAN_POINT('',(-85.99997569656,12.491460556943,
    5.407970341231));
#4981 = CARTESIAN_POINT('',(-85.99997694634,12.491682980646,
    5.407779666195));
#4982 = CARTESIAN_POINT('',(-85.99997756132,12.491794189576,
    5.407684334573));
#4983 = CARTESIAN_POINT('',(-85.99997816641,12.491905400546,
    5.407589004593));
#4984 = CARTESIAN_POINT('',(-85.99997876162,12.492016613552,
    5.407493676259));
#4985 = CARTESIAN_POINT('',(-85.99997934695,12.492127828596,
    5.407398349569));
#4986 = CARTESIAN_POINT('',(-85.99998049778,12.492350252833,
    5.407207707987));
#4987 = CARTESIAN_POINT('',(-85.99998106329,12.492461462026,
    5.407112393094));
#4988 = CARTESIAN_POINT('',(-85.99998161891,12.492572673253,
    5.407017079848));
#4989 = CARTESIAN_POINT('',(-85.99998216465,12.492683886514,
    5.406921768249));
#4990 = CARTESIAN_POINT('',(-85.9999827005,12.492795101807,
    5.406826458299));
#4991 = CARTESIAN_POINT('',(-85.99998375238,12.493017526534,
    5.406635850201));
#4992 = CARTESIAN_POINT('',(-85.99998426842,12.493128735967,
    5.406540552053));
#4993 = CARTESIAN_POINT('',(-85.99998477457,12.49323994743,
    5.406445255554));
#4994 = CARTESIAN_POINT('',(-85.99998527083,12.493351160923,
    5.406349960707));
#4995 = CARTESIAN_POINT('',(-85.99998575721,12.493462376445,
    5.40625466751));
#4996 = CARTESIAN_POINT('',(-85.99998671015,12.493684801617,
    5.406064092927));
#4997 = CARTESIAN_POINT('',(-85.99998717671,12.493796011268,
    5.405968811539));
#4998 = CARTESIAN_POINT('',(-85.99998763339,12.493907222946,
    5.405873531803));
#4999 = CARTESIAN_POINT('',(-85.99998808018,12.494018436648,
    5.405778253722));
#5000 = CARTESIAN_POINT('',(-85.99998851708,12.494129652375,
    5.405682977295));
#5001 = CARTESIAN_POINT('',(-85.99998937107,12.49435207795,
    5.405492436256));
#5002 = CARTESIAN_POINT('',(-85.99998978816,12.494463287797,
    5.405397171643));
#5003 = CARTESIAN_POINT('',(-85.99999019537,12.494574499667,
    5.405301908686));
#5004 = CARTESIAN_POINT('',(-85.99999059268,12.494685713557,
    5.405206647386));
#5005 = CARTESIAN_POINT('',(-85.99999098011,12.494796929468,
    5.405111387743));
#5006 = CARTESIAN_POINT('',(-85.99999173515,12.495019355401,
    5.404920880279));
#5007 = CARTESIAN_POINT('',(-85.99999210277,12.495130565422,
    5.404825632456));
#5008 = CARTESIAN_POINT('',(-85.9999924605,12.495241777461,
    5.404730386293));
#5009 = CARTESIAN_POINT('',(-85.99999280835,12.495352991518,
    5.404635141789));
#5010 = CARTESIAN_POINT('',(-85.9999931463,12.49546420759,5.404539898946
    ));
#5011 = CARTESIAN_POINT('',(-85.9999938024,12.495686633837,
    5.404349425086));
#5012 = CARTESIAN_POINT('',(-85.99999412054,12.49579784401,
    5.404254194069));
#5013 = CARTESIAN_POINT('',(-85.9999944288,12.495909056197,
    5.404158964714));
#5014 = CARTESIAN_POINT('',(-85.99999472717,12.496020270398,
    5.404063737022));
#5015 = CARTESIAN_POINT('',(-85.99999501565,12.49613148661,
    5.403968510994));
#5016 = CARTESIAN_POINT('',(-85.99999557279,12.496353913127,
    5.403778070769));
#5017 = CARTESIAN_POINT('',(-85.99999584147,12.49646512343,
    5.403682856573));
#5018 = CARTESIAN_POINT('',(-85.99999610025,12.496576335743,
    5.403587644041));
#5019 = CARTESIAN_POINT('',(-85.99999634915,12.496687550065,
    5.403492433176));
#5020 = CARTESIAN_POINT('',(-85.99999658815,12.496798766396,
    5.403397223977));
#5021 = CARTESIAN_POINT('',(-85.99999704635,12.497021193138,
    5.403206817418));
#5022 = CARTESIAN_POINT('',(-85.99999726555,12.497132403549,
    5.403111620057));
#5023 = CARTESIAN_POINT('',(-85.99999747486,12.497243615967,
    5.403016424364));
#5024 = CARTESIAN_POINT('',(-85.99999767428,12.497354830389,
    5.40292123034));
#5025 = CARTESIAN_POINT('',(-85.99999786381,12.497466046815,
    5.402826037986));
#5026 = CARTESIAN_POINT('',(-85.99999822307,12.497688473739,
    5.402635665122));
#5027 = CARTESIAN_POINT('',(-85.99999839279,12.497799684236,
    5.402540484612));
#5028 = CARTESIAN_POINT('',(-85.99999855263,12.497910896735,
    5.402445305773));
#5029 = CARTESIAN_POINT('',(-85.99999870258,12.498022111235,
    5.402350128606));
#5030 = CARTESIAN_POINT('',(-85.99999884263,12.498133327735,
    5.402254953111));
#5031 = CARTESIAN_POINT('',(-85.99999910294,12.498355754797,
    5.402064613973));
#5032 = CARTESIAN_POINT('',(-85.99999922319,12.498466965359,
    5.401969450328));
#5033 = CARTESIAN_POINT('',(-85.99999933356,12.498578177918,
    5.401874288358));
#5034 = CARTESIAN_POINT('',(-85.99999943403,12.498689392474,
    5.401779128063));
#5035 = CARTESIAN_POINT('',(-85.99999952461,12.498800609025,
    5.401683969444));
#5036 = CARTESIAN_POINT('',(-85.99999968318,12.499019201566,5.4014969449
    ));
#5037 = CARTESIAN_POINT('',(-85.99999975186,12.499126577421,
    5.401405078861));
#5038 = CARTESIAN_POINT('',(-85.99999981131,12.499233955133,
    5.401313214387));
#5039 = CARTESIAN_POINT('',(-85.99999986153,12.499341334704,
    5.401221351476));
#5040 = CARTESIAN_POINT('',(-85.99999990253,12.49944871613,
    5.401129490131));
#5041 = CARTESIAN_POINT('',(-85.99999995621,12.499630080643,
    5.40097434397));
#5042 = CARTESIAN_POINT('',(-85.99999997372,12.499704062754,
    5.400911058332));
#5043 = CARTESIAN_POINT('',(-85.99999998686,12.499778045745,
    5.400847773436));
#5044 = CARTESIAN_POINT('',(-85.99999999562,12.499852029617,
    5.400784489285));
#5045 = CARTESIAN_POINT('',(-86.,12.499926014369,5.400721205878));
#5046 = CARTESIAN_POINT('',(-86.,12.5,5.400657923215));
#5047 = ORIENTED_EDGE('',*,*,#4745,.F.);
#5048 = CYLINDRICAL_SURFACE('',#5049,1.5);
#5049 = AXIS2_PLACEMENT_3D('',#5050,#5051,#5052);
#5050 = CARTESIAN_POINT('',(-84.5,12.5,0.));
#5051 = DIRECTION('',(0.,0.,-1.));
#5052 = DIRECTION('',(-1.,0.,0.));
#5053 = ADVANCED_FACE('',(#5054),#5074,.T.);
#5054 = FACE_BOUND('',#5055,.F.);
#5055 = EDGE_LOOP('',(#5056,#5057,#5058,#5066,#5073));
#5056 = ORIENTED_EDGE('',*,*,#1243,.F.);
#5057 = ORIENTED_EDGE('',*,*,#4770,.T.);
#5058 = ORIENTED_EDGE('',*,*,#5059,.F.);
#5059 = EDGE_CURVE('',#5060,#4762,#5062,.T.);
#5060 = VERTEX_POINT('',#5061);
#5061 = CARTESIAN_POINT('',(-83.,19.,3.));
#5062 = LINE('',#5063,#5064);
#5063 = CARTESIAN_POINT('',(-83.,36.874236596195,3.));
#5064 = VECTOR('',#5065,1.);
#5065 = DIRECTION('',(0.,1.,0.));
#5066 = ORIENTED_EDGE('',*,*,#5067,.F.);
#5067 = EDGE_CURVE('',#4786,#5060,#5068,.T.);
#5068 = CIRCLE('',#5069,10.);
#5069 = AXIS2_PLACEMENT_3D('',#5070,#5071,#5072);
#5070 = CARTESIAN_POINT('',(-83.,19.,13.));
#5071 = DIRECTION('',(1.,0.,0.));
#5072 = DIRECTION('',(0.,-1.,0.));
#5073 = ORIENTED_EDGE('',*,*,#4785,.F.);
#5074 = PLANE('',#5075);
#5075 = AXIS2_PLACEMENT_3D('',#5076,#5077,#5078);
#5076 = CARTESIAN_POINT('',(-83.,38.5,0.));
#5077 = DIRECTION('',(-1.,-0.,-0.));
#5078 = DIRECTION('',(0.,1.,0.));
#5079 = ADVANCED_FACE('',(#5080),#5114,.F.);
#5080 = FACE_BOUND('',#5081,.T.);
#5081 = EDGE_LOOP('',(#5082,#5083,#5091,#5099,#5108));
#5082 = ORIENTED_EDGE('',*,*,#1260,.F.);
#5083 = ORIENTED_EDGE('',*,*,#5084,.T.);
#5084 = EDGE_CURVE('',#1261,#5085,#5087,.T.);
#5085 = VERTEX_POINT('',#5086);
#5086 = CARTESIAN_POINT('',(-73.58333333333,38.5,3.));
#5087 = LINE('',#5088,#5089);
#5088 = CARTESIAN_POINT('',(-73.58333333333,38.5,0.));
#5089 = VECTOR('',#5090,1.);
#5090 = DIRECTION('',(0.,0.,1.));
#5091 = ORIENTED_EDGE('',*,*,#5092,.F.);
#5092 = EDGE_CURVE('',#5093,#5085,#5095,.T.);
#5093 = VERTEX_POINT('',#5094);
#5094 = CARTESIAN_POINT('',(-73.58333333333,19.,3.));
#5095 = LINE('',#5096,#5097);
#5096 = CARTESIAN_POINT('',(-73.58333333333,36.874236596195,3.));
#5097 = VECTOR('',#5098,1.);
#5098 = DIRECTION('',(0.,1.,0.));
#5099 = ORIENTED_EDGE('',*,*,#5100,.F.);
#5100 = EDGE_CURVE('',#5101,#5093,#5103,.T.);
#5101 = VERTEX_POINT('',#5102);
#5102 = CARTESIAN_POINT('',(-73.58333333333,12.5,5.400657923215));
#5103 = CIRCLE('',#5104,10.);
#5104 = AXIS2_PLACEMENT_3D('',#5105,#5106,#5107);
#5105 = CARTESIAN_POINT('',(-73.58333333333,19.,13.));
#5106 = DIRECTION('',(1.,0.,0.));
#5107 = DIRECTION('',(0.,-1.,0.));
#5108 = ORIENTED_EDGE('',*,*,#5109,.F.);
#5109 = EDGE_CURVE('',#1263,#5101,#5110,.T.);
#5110 = LINE('',#5111,#5112);
#5111 = CARTESIAN_POINT('',(-73.58333333333,12.5,0.));
#5112 = VECTOR('',#5113,1.);
#5113 = DIRECTION('',(0.,0.,1.));
#5114 = PLANE('',#5115);
#5115 = AXIS2_PLACEMENT_3D('',#5116,#5117,#5118);
#5116 = CARTESIAN_POINT('',(-73.58333333333,38.5,0.));
#5117 = DIRECTION('',(-1.,-0.,-0.));
#5118 = DIRECTION('',(0.,1.,0.));
#5119 = ADVANCED_FACE('',(#5120),#5139,.F.);
#5120 = FACE_BOUND('',#5121,.F.);
#5121 = EDGE_LOOP('',(#5122,#5123,#5124,#5133));
#5122 = ORIENTED_EDGE('',*,*,#1270,.F.);
#5123 = ORIENTED_EDGE('',*,*,#5084,.T.);
#5124 = ORIENTED_EDGE('',*,*,#5125,.F.);
#5125 = EDGE_CURVE('',#5126,#5085,#5128,.T.);
#5126 = VERTEX_POINT('',#5127);
#5127 = CARTESIAN_POINT('',(-70.58333333333,38.5,3.));
#5128 = CIRCLE('',#5129,1.5);
#5129 = AXIS2_PLACEMENT_3D('',#5130,#5131,#5132);
#5130 = CARTESIAN_POINT('',(-72.08333333333,38.5,3.));
#5131 = DIRECTION('',(0.,0.,1.));
#5132 = DIRECTION('',(-1.,0.,0.));
#5133 = ORIENTED_EDGE('',*,*,#5134,.F.);
#5134 = EDGE_CURVE('',#1271,#5126,#5135,.T.);
#5135 = LINE('',#5136,#5137);
#5136 = CARTESIAN_POINT('',(-70.58333333333,38.5,0.));
#5137 = VECTOR('',#5138,1.);
#5138 = DIRECTION('',(0.,0.,1.));
#5139 = CYLINDRICAL_SURFACE('',#5140,1.5);
#5140 = AXIS2_PLACEMENT_3D('',#5141,#5142,#5143);
#5141 = CARTESIAN_POINT('',(-72.08333333333,38.5,0.));
#5142 = DIRECTION('',(0.,0.,-1.));
#5143 = DIRECTION('',(-1.,0.,0.));
#5144 = ADVANCED_FACE('',(#5145),#5412,.F.);
#5145 = FACE_BOUND('',#5146,.F.);
#5146 = EDGE_LOOP('',(#5147,#5148,#5156,#5411));
#5147 = ORIENTED_EDGE('',*,*,#1287,.F.);
#5148 = ORIENTED_EDGE('',*,*,#5149,.T.);
#5149 = EDGE_CURVE('',#1280,#5150,#5152,.T.);
#5150 = VERTEX_POINT('',#5151);
#5151 = CARTESIAN_POINT('',(-70.58333333333,12.5,5.400657923215));
#5152 = LINE('',#5153,#5154);
#5153 = CARTESIAN_POINT('',(-70.58333333333,12.5,0.));
#5154 = VECTOR('',#5155,1.);
#5155 = DIRECTION('',(0.,0.,1.));
#5156 = ORIENTED_EDGE('',*,*,#5157,.T.);
#5157 = EDGE_CURVE('',#5150,#5101,#5158,.T.);
#5158 = B_SPLINE_CURVE_WITH_KNOTS('',6,(#5159,#5160,#5161,#5162,#5163,
    #5164,#5165,#5166,#5167,#5168,#5169,#5170,#5171,#5172,#5173,#5174,
    #5175,#5176,#5177,#5178,#5179,#5180,#5181,#5182,#5183,#5184,#5185,
    #5186,#5187,#5188,#5189,#5190,#5191,#5192,#5193,#5194,#5195,#5196,
    #5197,#5198,#5199,#5200,#5201,#5202,#5203,#5204,#5205,#5206,#5207,
    #5208,#5209,#5210,#5211,#5212,#5213,#5214,#5215,#5216,#5217,#5218,
    #5219,#5220,#5221,#5222,#5223,#5224,#5225,#5226,#5227,#5228,#5229,
    #5230,#5231,#5232,#5233,#5234,#5235,#5236,#5237,#5238,#5239,#5240,
    #5241,#5242,#5243,#5244,#5245,#5246,#5247,#5248,#5249,#5250,#5251,
    #5252,#5253,#5254,#5255,#5256,#5257,#5258,#5259,#5260,#5261,#5262,
    #5263,#5264,#5265,#5266,#5267,#5268,#5269,#5270,#5271,#5272,#5273,
    #5274,#5275,#5276,#5277,#5278,#5279,#5280,#5281,#5282,#5283,#5284,
    #5285,#5286,#5287,#5288,#5289,#5290,#5291,#5292,#5293,#5294,#5295,
    #5296,#5297,#5298,#5299,#5300,#5301,#5302,#5303,#5304,#5305,#5306,
    #5307,#5308,#5309,#5310,#5311,#5312,#5313,#5314,#5315,#5316,#5317,
    #5318,#5319,#5320,#5321,#5322,#5323,#5324,#5325,#5326,#5327,#5328,
    #5329,#5330,#5331,#5332,#5333,#5334,#5335,#5336,#5337,#5338,#5339,
    #5340,#5341,#5342,#5343,#5344,#5345,#5346,#5347,#5348,#5349,#5350,
    #5351,#5352,#5353,#5354,#5355,#5356,#5357,#5358,#5359,#5360,#5361,
    #5362,#5363,#5364,#5365,#5366,#5367,#5368,#5369,#5370,#5371,#5372,
    #5373,#5374,#5375,#5376,#5377,#5378,#5379,#5380,#5381,#5382,#5383,
    #5384,#5385,#5386,#5387,#5388,#5389,#5390,#5391,#5392,#5393,#5394,
    #5395,#5396,#5397,#5398,#5399,#5400,#5401,#5402,#5403,#5404,#5405,
    #5406,#5407,#5408,#5409,#5410),.UNSPECIFIED.,.F.,.F.,(7,5,5,5,5,5,5,
    5,5,5,5,5,5,5,5,5,5,5,5,5,5,5,5,5,5,5,5,5,5,5,5,5,5,5,5,5,5,5,5,5,5,
    5,5,5,5,5,5,5,5,5,7),(0.,5.753599262595E-02,0.1720584652,
    0.28193876865,0.322083553303,0.37700583733,0.422425943252,
    0.448500320342,0.49977580602,0.577062190888,0.623104423069,
    0.679053077083,0.718257321214,0.827816882414,0.995089536006,
    0.995229183176,0.995368817934,0.99549881155,0.995633608378,
    0.995763580073,0.995898354166,0.996037929417,0.996177492249,
    0.996317042661,0.996451769206,0.996591295205,0.996730808782,
    0.996870309936,0.997004988917,0.99714446565,0.997283929957,
    0.997423381837,0.997543589001,0.997683017739,0.997822434047,
    0.997961837925,0.998101229373,0.998240608388,0.99837997497,
    0.998519329119,0.998658670834,0.998798000113,0.998937316956,
    0.999076621363,0.999215913333,0.999355192864,0.999494459957,
    0.999633714611,0.999772956824,0.999907385777,1.),.UNSPECIFIED.);
#5159 = CARTESIAN_POINT('',(-70.58333333333,12.5,5.400657923215));
#5160 = CARTESIAN_POINT('',(-70.58333333333,12.454036039585,
    5.439972608575));
#5161 = CARTESIAN_POINT('',(-70.58502347289,12.408418216287,
    5.47956897415));
#5162 = CARTESIAN_POINT('',(-70.58835606453,12.363204355346,
    5.519394509529));
#5163 = CARTESIAN_POINT('',(-70.59328400161,12.318448553872,
    5.559395420718));
#5164 = CARTESIAN_POINT('',(-70.59976075836,12.274201180843,
    5.599516630136));
#5165 = CARTESIAN_POINT('',(-70.62362344141,12.143541564518,
    5.719688270739));
#5166 = CARTESIAN_POINT('',(-70.64545592221,12.058799832808,
    5.799904249961));
#5167 = CARTESIAN_POINT('',(-70.67289044482,11.976531732818,
    5.880013305753));
#5168 = CARTESIAN_POINT('',(-70.7056449946,11.896944988185,
    5.959672018214));
#5169 = CARTESIAN_POINT('',(-70.74349462828,11.820233141471,
    6.038506722413));
#5170 = CARTESIAN_POINT('',(-70.82729809362,11.675954910016,
    6.190528977277));
#5171 = CARTESIAN_POINT('',(-70.87286447093,11.608138194874,
    6.263821675715));
#5172 = CARTESIAN_POINT('',(-70.92284622698,11.543267940868,
    6.33565910735));
#5173 = CARTESIAN_POINT('',(-70.97718759404,11.481502516381,
    6.40566236408));
#5174 = CARTESIAN_POINT('',(-71.03586976056,11.423061732085,
    6.473346772355));
#5175 = CARTESIAN_POINT('',(-71.12191106395,11.348219475164,
    6.561738176366));
#5176 = CARTESIAN_POINT('',(-71.14551486891,11.328675178183,
    6.584999052194));
#5177 = CARTESIAN_POINT('',(-71.16969959243,11.309627676129,
    6.607838417712));
#5178 = CARTESIAN_POINT('',(-71.19446550565,11.291093176637,
    6.630223127715));
#5179 = CARTESIAN_POINT('',(-71.21981249078,11.273089828741,
    6.652116874699));
#5180 = CARTESIAN_POINT('',(-71.28121165441,11.231761408104,
    6.702707447606));
#5181 = CARTESIAN_POINT('',(-71.31777763022,11.208911715955,
    6.730948377231));
#5182 = CARTESIAN_POINT('',(-71.35542702907,11.187147427194,
    6.758092478921));
#5183 = CARTESIAN_POINT('',(-71.39414718635,11.166530974804,
    6.784022242404));
#5184 = CARTESIAN_POINT('',(-71.43392371224,11.147128443997,
    6.808613145955));
#5185 = CARTESIAN_POINT('',(-71.50849550531,11.114025470754,
    6.850854056288));
#5186 = CARTESIAN_POINT('',(-71.54296565461,11.099917899193,
    6.86897103933));
#5187 = CARTESIAN_POINT('',(-71.57811879597,11.086736742841,
    6.885996556077));
#5188 = CARTESIAN_POINT('',(-71.61392190748,11.074529427661,
    6.901846051007));
#5189 = CARTESIAN_POINT('',(-71.650341089,11.063340920265,6.91643846252)
  );
#5190 = CARTESIAN_POINT('',(-71.70858247001,11.047399997911,
    6.937307122078));
#5191 = CARTESIAN_POINT('',(-71.73001063253,11.041937211605,
    6.944476745087));
#5192 = CARTESIAN_POINT('',(-71.75161616835,11.036834261106,
    6.951189387341));
#5193 = CARTESIAN_POINT('',(-71.77338770936,11.032099552859,
    6.957430250689));
#5194 = CARTESIAN_POINT('',(-71.79531240068,11.027741007639,
    6.963185443455));
#5195 = CARTESIAN_POINT('',(-71.86076396196,11.015949293099,
    6.97877900542));
#5196 = CARTESIAN_POINT('',(-71.9047084153,11.00961224359,6.987192698199
    ));
#5197 = CARTESIAN_POINT('',(-71.94907364146,11.004817559854,
    6.993576481632));
#5198 = CARTESIAN_POINT('',(-71.99372346163,11.001606482752,
    6.997858080782));
#5199 = CARTESIAN_POINT('',(-72.03852179781,11.,7.));
#5200 = CARTESIAN_POINT('',(-72.15087675169,11.,7.));
#5201 = CARTESIAN_POINT('',(-72.21832795969,11.00364994111,
    6.995133965301));
#5202 = CARTESIAN_POINT('',(-72.28527042282,11.01092994295,
    6.985425719232));
#5203 = CARTESIAN_POINT('',(-72.35128333348,11.021740223479,
    6.971059931444));
#5204 = CARTESIAN_POINT('',(-72.41594609182,11.035889235259,
    6.952377166869));
#5205 = CARTESIAN_POINT('',(-72.51631257137,11.063324021475,
    6.916459984935));
#5206 = CARTESIAN_POINT('',(-72.55318669123,11.074654644951,
    6.901682105043));
#5207 = CARTESIAN_POINT('',(-72.58942910228,11.087029580787,
    6.885615773779));
#5208 = CARTESIAN_POINT('',(-72.62500468508,11.100402163262,
    6.868345121723));
#5209 = CARTESIAN_POINT('',(-72.65987924454,11.114723152303,
    6.849957931271));
#5210 = CARTESIAN_POINT('',(-72.73550537633,11.148432521234,
    6.806956603164));
#5211 = CARTESIAN_POINT('',(-72.77591303395,11.168250515287,
    6.78185027539));
#5212 = CARTESIAN_POINT('',(-72.81522595379,11.189321448043,
    6.755364935134));
#5213 = CARTESIAN_POINT('',(-72.85342943376,11.211576047638,
    6.727631223231));
#5214 = CARTESIAN_POINT('',(-72.89051059865,11.234949037947,
    6.698772139537));
#5215 = CARTESIAN_POINT('',(-72.9516476814,11.276497756481,
    6.647973221178));
#5216 = CARTESIAN_POINT('',(-72.97628458087,11.294138188714,
    6.626543994839));
#5217 = CARTESIAN_POINT('',(-73.00036861483,11.312281935204,
    6.604651734903));
#5218 = CARTESIAN_POINT('',(-73.02389967821,11.330912278862,
    6.582329920775));
#5219 = CARTESIAN_POINT('',(-73.04687804451,11.350014285597,
    6.559609140267));
#5220 = CARTESIAN_POINT('',(-73.13197660907,11.424238320839,
    6.471984409687));
#5221 = CARTESIAN_POINT('',(-73.19034877814,11.482492824147,
    6.404540316052));
#5222 = CARTESIAN_POINT('',(-73.24441552574,11.544042269961,
    6.334801986852));
#5223 = CARTESIAN_POINT('',(-73.29415789426,11.608669999386,
    6.263247371538));
#5224 = CARTESIAN_POINT('',(-73.33952047438,11.676219638203,
    6.190250594485));
#5225 = CARTESIAN_POINT('',(-73.44278488631,11.853994231148,
    6.00293268584));
#5226 = CARTESIAN_POINT('',(-73.49477434476,11.968075351791,
    5.886971937101));
#5227 = CARTESIAN_POINT('',(-73.53572750109,12.088133352301,
    5.769632011915));
#5228 = CARTESIAN_POINT('',(-73.5648310109,12.213479748432,
    5.652096042839));
#5229 = CARTESIAN_POINT('',(-73.58106244684,12.343309330328,
    5.535460376775));
#5230 = CARTESIAN_POINT('',(-73.5831510017,12.47661252445,5.420724581772
    ));
#5231 = CARTESIAN_POINT('',(-73.58315273401,12.476723721599,
    5.420628876345));
#5232 = CARTESIAN_POINT('',(-73.58315445645,12.476834920879,
    5.420533172493));
#5233 = CARTESIAN_POINT('',(-73.58315616904,12.476946122289,
    5.420437470216));
#5234 = CARTESIAN_POINT('',(-73.58315787176,12.477057325826,
    5.420341769514));
#5235 = CARTESIAN_POINT('',(-73.58316125732,12.477279727273,
    5.420150379772));
#5236 = CARTESIAN_POINT('',(-73.58316294016,12.477390925182,
    5.42005469073));
#5237 = CARTESIAN_POINT('',(-73.58316461314,12.477502125216,
    5.419959003265));
#5238 = CARTESIAN_POINT('',(-73.58316627625,12.477613327377,
    5.419863317379));
#5239 = CARTESIAN_POINT('',(-73.5831679295,12.477724531661,
    5.419767633071));
#5240 = CARTESIAN_POINT('',(-73.5831711028,12.477939266184,
    5.419582874072));
#5241 = CARTESIAN_POINT('',(-73.58317262417,12.478042796138,
    5.419493799169));
#5242 = CARTESIAN_POINT('',(-73.58317413699,12.478146327933,
    5.419404725635));
#5243 = CARTESIAN_POINT('',(-73.58317564125,12.478249861566,
    5.419315653473));
#5244 = CARTESIAN_POINT('',(-73.58317713696,12.478353397038,
    5.419226582681));
#5245 = CARTESIAN_POINT('',(-73.58318016624,12.478564297318,
    5.419045152763));
#5246 = CARTESIAN_POINT('',(-73.58318169915,12.478671662265,
    5.41895279374));
#5247 = CARTESIAN_POINT('',(-73.58318322287,12.478779029187,
    5.418860436192));
#5248 = CARTESIAN_POINT('',(-73.58318473739,12.478886398083,
    5.418768080121));
#5249 = CARTESIAN_POINT('',(-73.58318624271,12.478993768953,
    5.418675725528));
#5250 = CARTESIAN_POINT('',(-73.58318918141,12.479204671162,
    5.418494325132));
#5251 = CARTESIAN_POINT('',(-73.58319061543,12.479308202362,
    5.418405279227));
#5252 = CARTESIAN_POINT('',(-73.58319204089,12.479411735396,
    5.418316234696));
#5253 = CARTESIAN_POINT('',(-73.58319345781,12.479515270262,
    5.418227191541));
#5254 = CARTESIAN_POINT('',(-73.58319486617,12.479618806959,
    5.418138149763));
#5255 = CARTESIAN_POINT('',(-73.5831977175,12.47982970972,5.417956778955
    ));
#5256 = CARTESIAN_POINT('',(-73.58319915984,12.479937075921,
    5.417864450029));
#5257 = CARTESIAN_POINT('',(-73.58320059297,12.48004444409,
    5.417772122584));
#5258 = CARTESIAN_POINT('',(-73.5832020169,12.480151814226,
    5.417679796622));
#5259 = CARTESIAN_POINT('',(-73.58320343164,12.480259186329,
    5.417587472143));
#5260 = CARTESIAN_POINT('',(-73.58320629278,12.48047775953,
    5.417399537261));
#5261 = CARTESIAN_POINT('',(-73.58320773852,12.480588960772,
    5.417303926967));
#5262 = CARTESIAN_POINT('',(-73.58320917439,12.48070016412,
    5.417208318264));
#5263 = CARTESIAN_POINT('',(-73.58321060039,12.480811369574,
    5.417112711154));
#5264 = CARTESIAN_POINT('',(-73.58321201653,12.480922577134,
    5.417017105638));
#5265 = CARTESIAN_POINT('',(-73.58321482893,12.481144986567,
    5.416825906301));
#5266 = CARTESIAN_POINT('',(-73.5832162252,12.48125618844,5.41673031248)
  );
#5267 = CARTESIAN_POINT('',(-73.5832176116,12.481367392416,
    5.416634720254));
#5268 = CARTESIAN_POINT('',(-73.58321898813,12.481478598494,
    5.416539129624));
#5269 = CARTESIAN_POINT('',(-73.58322035479,12.481589806673,
    5.416443540591));
#5270 = CARTESIAN_POINT('',(-73.58322306825,12.481812217335,
    5.416252374227));
#5271 = CARTESIAN_POINT('',(-73.58322441505,12.481923419818,
    5.416156796895));
#5272 = CARTESIAN_POINT('',(-73.58322575199,12.4820346244,5.416061221161
    ));
#5273 = CARTESIAN_POINT('',(-73.58322707905,12.482145831079,
    5.415965647026));
#5274 = CARTESIAN_POINT('',(-73.58322839624,12.482257039856,
    5.415870074492));
#5275 = CARTESIAN_POINT('',(-73.58323096568,12.482475617351,
    5.415682236244));
#5276 = CARTESIAN_POINT('',(-73.58323221861,12.482582985928,
    5.415589970423));
#5277 = CARTESIAN_POINT('',(-73.58323346234,12.482690356458,
    5.415497706094));
#5278 = CARTESIAN_POINT('',(-73.58323469686,12.482797728939,
    5.415405443259));
#5279 = CARTESIAN_POINT('',(-73.58323592218,12.482905103372,
    5.415313181918));
#5280 = CARTESIAN_POINT('',(-73.58323839774,12.48312368128,
    5.415125375591));
#5281 = CARTESIAN_POINT('',(-73.5832396473,12.483234884897,
    5.415029830713));
#5282 = CARTESIAN_POINT('',(-73.583240887,12.483346090605,5.41493428744)
  );
#5283 = CARTESIAN_POINT('',(-73.58324211683,12.483457298403,
    5.414838745771));
#5284 = CARTESIAN_POINT('',(-73.58324333678,12.483568508289,
    5.414743205709));
#5285 = CARTESIAN_POINT('',(-73.58324575683,12.483790922338,
    5.414552137304));
#5286 = CARTESIAN_POINT('',(-73.58324695693,12.483902126499,
    5.414456608961));
#5287 = CARTESIAN_POINT('',(-73.58324814715,12.484013332747,
    5.414361082225));
#5288 = CARTESIAN_POINT('',(-73.58324932751,12.484124541081,
    5.414265557097));
#5289 = CARTESIAN_POINT('',(-73.58325049799,12.4842357515,5.414170033579
    ));
#5290 = CARTESIAN_POINT('',(-73.5832528191,12.484458166603,
    5.413978998267));
#5291 = CARTESIAN_POINT('',(-73.58325396972,12.484569371286,
    5.413883486473));
#5292 = CARTESIAN_POINT('',(-73.58325511048,12.484680578053,
    5.413787976291));
#5293 = CARTESIAN_POINT('',(-73.58325624136,12.484791786901,
    5.413692467719));
#5294 = CARTESIAN_POINT('',(-73.58325736237,12.48490299783,
    5.413596960759));
#5295 = CARTESIAN_POINT('',(-73.58325954623,12.485121579518,
    5.413409251424));
#5296 = CARTESIAN_POINT('',(-73.58326060974,12.485228950136,
    5.41331704894));
#5297 = CARTESIAN_POINT('',(-73.58326166406,12.485336322692,
    5.413224847959));
#5298 = CARTESIAN_POINT('',(-73.58326270917,12.485443697185,
    5.413132648484));
#5299 = CARTESIAN_POINT('',(-73.58326374507,12.485551073614,
    5.413040450514));
#5300 = CARTESIAN_POINT('',(-73.58326583503,12.485769655549,
    5.412852773214));
#5301 = CARTESIAN_POINT('',(-73.58326688843,12.485880861196,
    5.412757293994));
#5302 = CARTESIAN_POINT('',(-73.58326793195,12.485992068917,
    5.412661816391));
#5303 = CARTESIAN_POINT('',(-73.58326896559,12.486103278711,
    5.412566340405));
#5304 = CARTESIAN_POINT('',(-73.58326998936,12.486214490579,
    5.412470866037));
#5305 = CARTESIAN_POINT('',(-73.58327201705,12.48643690855,
    5.412279929044));
#5306 = CARTESIAN_POINT('',(-73.58327302097,12.486548114654,
    5.412184466419));
#5307 = CARTESIAN_POINT('',(-73.58327401502,12.486659322828,
    5.412089005414));
#5308 = CARTESIAN_POINT('',(-73.58327499919,12.486770533072,
    5.411993546029));
#5309 = CARTESIAN_POINT('',(-73.58327597349,12.486881745384,
    5.411898088265));
#5310 = CARTESIAN_POINT('',(-73.58327790223,12.487104164236,
    5.411707184487));
#5311 = CARTESIAN_POINT('',(-73.58327885669,12.487215370774,
    5.411611738473));
#5312 = CARTESIAN_POINT('',(-73.58327980126,12.487326579379,
    5.411516294081));
#5313 = CARTESIAN_POINT('',(-73.58328073596,12.48743779005,
    5.411420851313));
#5314 = CARTESIAN_POINT('',(-73.58328166078,12.487549002785,
    5.411325410168));
#5315 = CARTESIAN_POINT('',(-73.5832833644,12.487756084457,
    5.411147702028));
#5316 = CARTESIAN_POINT('',(-73.58328414574,12.487851952862,
    5.411065434615));
#5317 = CARTESIAN_POINT('',(-73.58328491974,12.487947822801,
    5.41098316841));
#5318 = CARTESIAN_POINT('',(-73.58328568639,12.488043694272,
    5.410900903413));
#5319 = CARTESIAN_POINT('',(-73.58328644571,12.488139567274,
    5.410818639625));
#5320 = CARTESIAN_POINT('',(-73.58328806989,12.488346647038,
    5.410640960375));
#5321 = CARTESIAN_POINT('',(-73.58328893223,12.488457854328,
    5.410545545331));
#5322 = CARTESIAN_POINT('',(-73.58328978468,12.488569063677,
    5.410450131915));
#5323 = CARTESIAN_POINT('',(-73.58329062726,12.488680275084,
    5.410354720128));
#5324 = CARTESIAN_POINT('',(-73.58329145996,12.488791488549,
    5.410259309971));
#5325 = CARTESIAN_POINT('',(-73.58329310552,12.489013909676,
    5.410068501424));
#5326 = CARTESIAN_POINT('',(-73.58329391838,12.489125117338,
    5.409973103034));
#5327 = CARTESIAN_POINT('',(-73.58329472137,12.489236327055,
    5.409877706275));
#5328 = CARTESIAN_POINT('',(-73.58329551447,12.489347538826,
    5.409782311148));
#5329 = CARTESIAN_POINT('',(-73.5832962977,12.48945875265,5.409686917654
    ));
#5330 = CARTESIAN_POINT('',(-73.58329784431,12.489681174487,
    5.40949614244));
#5331 = CARTESIAN_POINT('',(-73.5832986077,12.489792382499,
    5.409400760719));
#5332 = CARTESIAN_POINT('',(-73.58329936122,12.489903592562,
    5.409305380632));
#5333 = CARTESIAN_POINT('',(-73.58330010485,12.490014804676,
    5.40921000218));
#5334 = CARTESIAN_POINT('',(-73.5833008386,12.490126018838,
    5.409114625365));
#5335 = CARTESIAN_POINT('',(-73.58330228627,12.490348441341,
    5.408923883513));
#5336 = CARTESIAN_POINT('',(-73.58330300019,12.490459649681,
    5.408828518476));
#5337 = CARTESIAN_POINT('',(-73.58330370423,12.490570860068,
    5.408733155076));
#5338 = CARTESIAN_POINT('',(-73.58330439839,12.490682072501,
    5.408637793315));
#5339 = CARTESIAN_POINT('',(-73.58330508266,12.490793286979,
    5.408542433193));
#5340 = CARTESIAN_POINT('',(-73.58330643139,12.491015710104,
    5.408351724734));
#5341 = CARTESIAN_POINT('',(-73.58330709584,12.491126918751,
    5.408256376397));
#5342 = CARTESIAN_POINT('',(-73.58330775041,12.49123812944,5.4081610297)
  );
#5343 = CARTESIAN_POINT('',(-73.58330839509,12.491349342171,
    5.408065684644));
#5344 = CARTESIAN_POINT('',(-73.58330902989,12.491460556943,
    5.407970341231));
#5345 = CARTESIAN_POINT('',(-73.58331027967,12.491682980646,
    5.407779666195));
#5346 = CARTESIAN_POINT('',(-73.58331089465,12.491794189576,
    5.407684334573));
#5347 = CARTESIAN_POINT('',(-73.58331149974,12.491905400546,
    5.407589004593));
#5348 = CARTESIAN_POINT('',(-73.58331209496,12.492016613552,
    5.407493676259));
#5349 = CARTESIAN_POINT('',(-73.58331268028,12.492127828596,
    5.407398349569));
#5350 = CARTESIAN_POINT('',(-73.58331383111,12.492350252833,
    5.407207707987));
#5351 = CARTESIAN_POINT('',(-73.58331439662,12.492461462026,
    5.407112393094));
#5352 = CARTESIAN_POINT('',(-73.58331495224,12.492572673253,
    5.407017079848));
#5353 = CARTESIAN_POINT('',(-73.58331549798,12.492683886514,
    5.406921768249));
#5354 = CARTESIAN_POINT('',(-73.58331603383,12.492795101807,
    5.406826458299));
#5355 = CARTESIAN_POINT('',(-73.58331708572,12.493017526534,
    5.406635850201));
#5356 = CARTESIAN_POINT('',(-73.58331760175,12.493128735967,
    5.406540552053));
#5357 = CARTESIAN_POINT('',(-73.5833181079,12.49323994743,5.406445255554
    ));
#5358 = CARTESIAN_POINT('',(-73.58331860417,12.493351160923,
    5.406349960707));
#5359 = CARTESIAN_POINT('',(-73.58331909054,12.493462376445,
    5.40625466751));
#5360 = CARTESIAN_POINT('',(-73.58332004348,12.493684801617,
    5.406064092927));
#5361 = CARTESIAN_POINT('',(-73.58332051004,12.493796011268,
    5.405968811539));
#5362 = CARTESIAN_POINT('',(-73.58332096672,12.493907222946,
    5.405873531803));
#5363 = CARTESIAN_POINT('',(-73.58332141351,12.494018436648,
    5.405778253722));
#5364 = CARTESIAN_POINT('',(-73.58332185041,12.494129652375,
    5.405682977295));
#5365 = CARTESIAN_POINT('',(-73.58332270441,12.49435207795,
    5.405492436256));
#5366 = CARTESIAN_POINT('',(-73.5833231215,12.494463287797,
    5.405397171643));
#5367 = CARTESIAN_POINT('',(-73.5833235287,12.494574499667,
    5.405301908686));
#5368 = CARTESIAN_POINT('',(-73.58332392602,12.494685713557,
    5.405206647386));
#5369 = CARTESIAN_POINT('',(-73.58332431344,12.494796929468,
    5.405111387743));
#5370 = CARTESIAN_POINT('',(-73.58332506849,12.495019355401,
    5.404920880279));
#5371 = CARTESIAN_POINT('',(-73.58332543611,12.495130565422,
    5.404825632456));
#5372 = CARTESIAN_POINT('',(-73.58332579384,12.495241777461,
    5.404730386293));
#5373 = CARTESIAN_POINT('',(-73.58332614168,12.495352991518,
    5.404635141789));
#5374 = CARTESIAN_POINT('',(-73.58332647963,12.49546420759,
    5.404539898946));
#5375 = CARTESIAN_POINT('',(-73.58332713573,12.495686633837,
    5.404349425086));
#5376 = CARTESIAN_POINT('',(-73.58332745388,12.49579784401,
    5.404254194069));
#5377 = CARTESIAN_POINT('',(-73.58332776213,12.495909056197,
    5.404158964714));
#5378 = CARTESIAN_POINT('',(-73.5833280605,12.496020270398,
    5.404063737022));
#5379 = CARTESIAN_POINT('',(-73.58332834898,12.49613148661,
    5.403968510994));
#5380 = CARTESIAN_POINT('',(-73.58332890613,12.496353913127,
    5.403778070769));
#5381 = CARTESIAN_POINT('',(-73.5833291748,12.49646512343,5.403682856573
    ));
#5382 = CARTESIAN_POINT('',(-73.58332943359,12.496576335743,
    5.403587644041));
#5383 = CARTESIAN_POINT('',(-73.58332968248,12.496687550065,
    5.403492433176));
#5384 = CARTESIAN_POINT('',(-73.58332992148,12.496798766396,
    5.403397223977));
#5385 = CARTESIAN_POINT('',(-73.58333037968,12.497021193138,
    5.403206817417));
#5386 = CARTESIAN_POINT('',(-73.58333059889,12.497132403549,
    5.403111620057));
#5387 = CARTESIAN_POINT('',(-73.5833308082,12.497243615967,
    5.403016424364));
#5388 = CARTESIAN_POINT('',(-73.58333100762,12.497354830389,
    5.40292123034));
#5389 = CARTESIAN_POINT('',(-73.58333119714,12.497466046815,
    5.402826037986));
#5390 = CARTESIAN_POINT('',(-73.5833315564,12.497688473739,
    5.402635665122));
#5391 = CARTESIAN_POINT('',(-73.58333172613,12.497799684236,
    5.402540484612));
#5392 = CARTESIAN_POINT('',(-73.58333188597,12.497910896735,
    5.402445305773));
#5393 = CARTESIAN_POINT('',(-73.58333203591,12.498022111235,
    5.402350128606));
#5394 = CARTESIAN_POINT('',(-73.58333217596,12.498133327735,
    5.402254953111));
#5395 = CARTESIAN_POINT('',(-73.58333243627,12.498355754797,
    5.402064613973));
#5396 = CARTESIAN_POINT('',(-73.58333255653,12.498466965359,
    5.401969450328));
#5397 = CARTESIAN_POINT('',(-73.58333266689,12.498578177918,
    5.401874288358));
#5398 = CARTESIAN_POINT('',(-73.58333276736,12.498689392474,
    5.401779128063));
#5399 = CARTESIAN_POINT('',(-73.58333285794,12.498800609025,
    5.401683969444));
#5400 = CARTESIAN_POINT('',(-73.58333301652,12.499019201566,5.4014969449
    ));
#5401 = CARTESIAN_POINT('',(-73.58333308519,12.499126577421,
    5.401405078861));
#5402 = CARTESIAN_POINT('',(-73.58333314464,12.499233955133,
    5.401313214387));
#5403 = CARTESIAN_POINT('',(-73.58333319487,12.499341334704,
    5.401221351476));
#5404 = CARTESIAN_POINT('',(-73.58333323587,12.49944871613,
    5.401129490131));
#5405 = CARTESIAN_POINT('',(-73.58333328954,12.499630080643,
    5.40097434397));
#5406 = CARTESIAN_POINT('',(-73.58333330706,12.499704062754,
    5.400911058332));
#5407 = CARTESIAN_POINT('',(-73.58333332019,12.499778045745,
    5.400847773436));
#5408 = CARTESIAN_POINT('',(-73.58333332895,12.499852029617,
    5.400784489285));
#5409 = CARTESIAN_POINT('',(-73.58333333333,12.499926014369,
    5.400721205878));
#5410 = CARTESIAN_POINT('',(-73.58333333333,12.5,5.400657923215));
#5411 = ORIENTED_EDGE('',*,*,#5109,.F.);
#5412 = CYLINDRICAL_SURFACE('',#5413,1.5);
#5413 = AXIS2_PLACEMENT_3D('',#5414,#5415,#5416);
#5414 = CARTESIAN_POINT('',(-72.08333333333,12.5,0.));
#5415 = DIRECTION('',(0.,0.,-1.));
#5416 = DIRECTION('',(-1.,0.,0.));
#5417 = ADVANCED_FACE('',(#5418),#5438,.T.);
#5418 = FACE_BOUND('',#5419,.F.);
#5419 = EDGE_LOOP('',(#5420,#5421,#5422,#5430,#5437));
#5420 = ORIENTED_EDGE('',*,*,#1279,.F.);
#5421 = ORIENTED_EDGE('',*,*,#5134,.T.);
#5422 = ORIENTED_EDGE('',*,*,#5423,.F.);
#5423 = EDGE_CURVE('',#5424,#5126,#5426,.T.);
#5424 = VERTEX_POINT('',#5425);
#5425 = CARTESIAN_POINT('',(-70.58333333333,19.,3.));
#5426 = LINE('',#5427,#5428);
#5427 = CARTESIAN_POINT('',(-70.58333333333,36.874236596195,3.));
#5428 = VECTOR('',#5429,1.);
#5429 = DIRECTION('',(0.,1.,0.));
#5430 = ORIENTED_EDGE('',*,*,#5431,.F.);
#5431 = EDGE_CURVE('',#5150,#5424,#5432,.T.);
#5432 = CIRCLE('',#5433,10.);
#5433 = AXIS2_PLACEMENT_3D('',#5434,#5435,#5436);
#5434 = CARTESIAN_POINT('',(-70.58333333333,19.,13.));
#5435 = DIRECTION('',(1.,0.,0.));
#5436 = DIRECTION('',(0.,-1.,0.));
#5437 = ORIENTED_EDGE('',*,*,#5149,.F.);
#5438 = PLANE('',#5439);
#5439 = AXIS2_PLACEMENT_3D('',#5440,#5441,#5442);
#5440 = CARTESIAN_POINT('',(-70.58333333333,38.5,0.));
#5441 = DIRECTION('',(-1.,-0.,-0.));
#5442 = DIRECTION('',(0.,1.,0.));
#5443 = ADVANCED_FACE('',(#5444),#5478,.F.);
#5444 = FACE_BOUND('',#5445,.T.);
#5445 = EDGE_LOOP('',(#5446,#5447,#5455,#5463,#5472));
#5446 = ORIENTED_EDGE('',*,*,#1296,.F.);
#5447 = ORIENTED_EDGE('',*,*,#5448,.T.);
#5448 = EDGE_CURVE('',#1297,#5449,#5451,.T.);
#5449 = VERTEX_POINT('',#5450);
#5450 = CARTESIAN_POINT('',(-61.16666666666,38.5,3.));
#5451 = LINE('',#5452,#5453);
#5452 = CARTESIAN_POINT('',(-61.16666666666,38.5,0.));
#5453 = VECTOR('',#5454,1.);
#5454 = DIRECTION('',(0.,0.,1.));
#5455 = ORIENTED_EDGE('',*,*,#5456,.F.);
#5456 = EDGE_CURVE('',#5457,#5449,#5459,.T.);
#5457 = VERTEX_POINT('',#5458);
#5458 = CARTESIAN_POINT('',(-61.16666666666,19.,3.));
#5459 = LINE('',#5460,#5461);
#5460 = CARTESIAN_POINT('',(-61.16666666666,36.874236596195,3.));
#5461 = VECTOR('',#5462,1.);
#5462 = DIRECTION('',(0.,1.,0.));
#5463 = ORIENTED_EDGE('',*,*,#5464,.F.);
#5464 = EDGE_CURVE('',#5465,#5457,#5467,.T.);
#5465 = VERTEX_POINT('',#5466);
#5466 = CARTESIAN_POINT('',(-61.16666666666,12.5,5.400657923215));
#5467 = CIRCLE('',#5468,10.);
#5468 = AXIS2_PLACEMENT_3D('',#5469,#5470,#5471);
#5469 = CARTESIAN_POINT('',(-61.16666666666,19.,13.));
#5470 = DIRECTION('',(1.,0.,0.));
#5471 = DIRECTION('',(0.,-1.,0.));
#5472 = ORIENTED_EDGE('',*,*,#5473,.F.);
#5473 = EDGE_CURVE('',#1299,#5465,#5474,.T.);
#5474 = LINE('',#5475,#5476);
#5475 = CARTESIAN_POINT('',(-61.16666666666,12.5,0.));
#5476 = VECTOR('',#5477,1.);
#5477 = DIRECTION('',(0.,0.,1.));
#5478 = PLANE('',#5479);
#5479 = AXIS2_PLACEMENT_3D('',#5480,#5481,#5482);
#5480 = CARTESIAN_POINT('',(-61.16666666666,38.5,0.));
#5481 = DIRECTION('',(-1.,-0.,-0.));
#5482 = DIRECTION('',(0.,1.,0.));
#5483 = ADVANCED_FACE('',(#5484),#5503,.F.);
#5484 = FACE_BOUND('',#5485,.F.);
#5485 = EDGE_LOOP('',(#5486,#5487,#5488,#5497));
#5486 = ORIENTED_EDGE('',*,*,#1306,.F.);
#5487 = ORIENTED_EDGE('',*,*,#5448,.T.);
#5488 = ORIENTED_EDGE('',*,*,#5489,.F.);
#5489 = EDGE_CURVE('',#5490,#5449,#5492,.T.);
#5490 = VERTEX_POINT('',#5491);
#5491 = CARTESIAN_POINT('',(-58.16666666666,38.5,3.));
#5492 = CIRCLE('',#5493,1.5);
#5493 = AXIS2_PLACEMENT_3D('',#5494,#5495,#5496);
#5494 = CARTESIAN_POINT('',(-59.66666666666,38.5,3.));
#5495 = DIRECTION('',(0.,0.,1.));
#5496 = DIRECTION('',(-1.,0.,0.));
#5497 = ORIENTED_EDGE('',*,*,#5498,.F.);
#5498 = EDGE_CURVE('',#1307,#5490,#5499,.T.);
#5499 = LINE('',#5500,#5501);
#5500 = CARTESIAN_POINT('',(-58.16666666666,38.5,0.));
#5501 = VECTOR('',#5502,1.);
#5502 = DIRECTION('',(0.,0.,1.));
#5503 = CYLINDRICAL_SURFACE('',#5504,1.5);
#5504 = AXIS2_PLACEMENT_3D('',#5505,#5506,#5507);
#5505 = CARTESIAN_POINT('',(-59.66666666666,38.5,0.));
#5506 = DIRECTION('',(0.,0.,-1.));
#5507 = DIRECTION('',(-1.,0.,0.));
#5508 = ADVANCED_FACE('',(#5509),#5776,.F.);
#5509 = FACE_BOUND('',#5510,.F.);
#5510 = EDGE_LOOP('',(#5511,#5512,#5520,#5775));
#5511 = ORIENTED_EDGE('',*,*,#1323,.F.);
#5512 = ORIENTED_EDGE('',*,*,#5513,.T.);
#5513 = EDGE_CURVE('',#1316,#5514,#5516,.T.);
#5514 = VERTEX_POINT('',#5515);
#5515 = CARTESIAN_POINT('',(-58.16666666666,12.5,5.400657923215));
#5516 = LINE('',#5517,#5518);
#5517 = CARTESIAN_POINT('',(-58.16666666666,12.5,0.));
#5518 = VECTOR('',#5519,1.);
#5519 = DIRECTION('',(0.,0.,1.));
#5520 = ORIENTED_EDGE('',*,*,#5521,.T.);
#5521 = EDGE_CURVE('',#5514,#5465,#5522,.T.);
#5522 = B_SPLINE_CURVE_WITH_KNOTS('',6,(#5523,#5524,#5525,#5526,#5527,
    #5528,#5529,#5530,#5531,#5532,#5533,#5534,#5535,#5536,#5537,#5538,
    #5539,#5540,#5541,#5542,#5543,#5544,#5545,#5546,#5547,#5548,#5549,
    #5550,#5551,#5552,#5553,#5554,#5555,#5556,#5557,#5558,#5559,#5560,
    #5561,#5562,#5563,#5564,#5565,#5566,#5567,#5568,#5569,#5570,#5571,
    #5572,#5573,#5574,#5575,#5576,#5577,#5578,#5579,#5580,#5581,#5582,
    #5583,#5584,#5585,#5586,#5587,#5588,#5589,#5590,#5591,#5592,#5593,
    #5594,#5595,#5596,#5597,#5598,#5599,#5600,#5601,#5602,#5603,#5604,
    #5605,#5606,#5607,#5608,#5609,#5610,#5611,#5612,#5613,#5614,#5615,
    #5616,#5617,#5618,#5619,#5620,#5621,#5622,#5623,#5624,#5625,#5626,
    #5627,#5628,#5629,#5630,#5631,#5632,#5633,#5634,#5635,#5636,#5637,
    #5638,#5639,#5640,#5641,#5642,#5643,#5644,#5645,#5646,#5647,#5648,
    #5649,#5650,#5651,#5652,#5653,#5654,#5655,#5656,#5657,#5658,#5659,
    #5660,#5661,#5662,#5663,#5664,#5665,#5666,#5667,#5668,#5669,#5670,
    #5671,#5672,#5673,#5674,#5675,#5676,#5677,#5678,#5679,#5680,#5681,
    #5682,#5683,#5684,#5685,#5686,#5687,#5688,#5689,#5690,#5691,#5692,
    #5693,#5694,#5695,#5696,#5697,#5698,#5699,#5700,#5701,#5702,#5703,
    #5704,#5705,#5706,#5707,#5708,#5709,#5710,#5711,#5712,#5713,#5714,
    #5715,#5716,#5717,#5718,#5719,#5720,#5721,#5722,#5723,#5724,#5725,
    #5726,#5727,#5728,#5729,#5730,#5731,#5732,#5733,#5734,#5735,#5736,
    #5737,#5738,#5739,#5740,#5741,#5742,#5743,#5744,#5745,#5746,#5747,
    #5748,#5749,#5750,#5751,#5752,#5753,#5754,#5755,#5756,#5757,#5758,
    #5759,#5760,#5761,#5762,#5763,#5764,#5765,#5766,#5767,#5768,#5769,
    #5770,#5771,#5772,#5773,#5774),.UNSPECIFIED.,.F.,.F.,(7,5,5,5,5,5,5,
    5,5,5,5,5,5,5,5,5,5,5,5,5,5,5,5,5,5,5,5,5,5,5,5,5,5,5,5,5,5,5,5,5,5,
    5,5,5,5,5,5,5,5,5,7),(0.,5.753599766594E-02,0.172058486918,
    0.281938806369,0.322083596868,0.377005888893,0.422426001367,
    0.448500382182,0.499775875185,0.577062271089,0.623104509836,
    0.679053159236,0.718257390856,0.827816917093,0.995079904428,
    0.995219552462,0.995359188084,0.995498811293,0.995638422087,
    0.995778020467,0.99591760643,0.996052367301,0.996191928856,
    0.996331477992,0.996471014708,0.996600917036,0.996735619187,
    0.996875119921,0.997000178981,0.997139656151,0.997279120894,
    0.997418573211,0.9975580131,0.99769744056,0.997836855591,
    0.997976258191,0.99811564836,0.998255026097,0.998394391402,
    0.998528939208,0.998658670757,0.998793195793,0.998922905385,
    0.999062211086,0.99920150435,0.999335982596,0.999470449247,
    0.999600102535,0.999734546406,0.999873779619,1.),.UNSPECIFIED.);
#5523 = CARTESIAN_POINT('',(-58.16666666666,12.5,5.400657923215));
#5524 = CARTESIAN_POINT('',(-58.16666666666,12.454036036909,
    5.439972610864));
#5525 = CARTESIAN_POINT('',(-58.16835680598,12.40841821693,
    5.479568973513));
#5526 = CARTESIAN_POINT('',(-58.17168939763,12.363204357958,
    5.519394507214));
#5527 = CARTESIAN_POINT('',(-58.17661733506,12.318448554627,
    5.559395420115));
#5528 = CARTESIAN_POINT('',(-58.18309409216,12.274201178308,
    5.599516632468));
#5529 = CARTESIAN_POINT('',(-58.20695677475,12.143541564518,
    5.719688270739));
#5530 = CARTESIAN_POINT('',(-58.22878925554,12.058799832808,
    5.799904249961));
#5531 = CARTESIAN_POINT('',(-58.25622377815,11.976531732818,
    5.880013305753));
#5532 = CARTESIAN_POINT('',(-58.28897832793,11.896944988185,
    5.959672018214));
#5533 = CARTESIAN_POINT('',(-58.32682796161,11.820233141471,
    6.038506722413));
#5534 = CARTESIAN_POINT('',(-58.41063142695,11.675954910016,
    6.190528977277));
#5535 = CARTESIAN_POINT('',(-58.45619780427,11.608138194874,
    6.263821675715));
#5536 = CARTESIAN_POINT('',(-58.50617956031,11.543267940868,
    6.33565910735));
#5537 = CARTESIAN_POINT('',(-58.56052092738,11.481502516381,
    6.40566236408));
#5538 = CARTESIAN_POINT('',(-58.61920309389,11.423061732085,
    6.473346772355));
#5539 = CARTESIAN_POINT('',(-58.70524439729,11.348219475164,
    6.561738176366));
#5540 = CARTESIAN_POINT('',(-58.72884820225,11.328675178183,
    6.584999052194));
#5541 = CARTESIAN_POINT('',(-58.75303292576,11.309627676129,
    6.607838417712));
#5542 = CARTESIAN_POINT('',(-58.77779883898,11.291093176637,
    6.630223127715));
#5543 = CARTESIAN_POINT('',(-58.80314582411,11.273089828741,
    6.652116874699));
#5544 = CARTESIAN_POINT('',(-58.86454498775,11.231761408104,
    6.702707447606));
#5545 = CARTESIAN_POINT('',(-58.90111096355,11.208911715955,
    6.730948377231));
#5546 = CARTESIAN_POINT('',(-58.9387603624,11.187147427194,
    6.758092478921));
#5547 = CARTESIAN_POINT('',(-58.97748051969,11.166530974804,
    6.784022242404));
#5548 = CARTESIAN_POINT('',(-59.01725704558,11.147128443997,
    6.808613145955));
#5549 = CARTESIAN_POINT('',(-59.0918288386,11.114025470774,
    6.850854056262));
#5550 = CARTESIAN_POINT('',(-59.12629898796,11.099917899191,
    6.868971039333));
#5551 = CARTESIAN_POINT('',(-59.16145212935,11.086736742823,6.8859965561
    ));
#5552 = CARTESIAN_POINT('',(-59.19725524083,11.074529427654,
    6.901846051016));
#5553 = CARTESIAN_POINT('',(-59.23367442228,11.063340920279,
    6.916438462502));
#5554 = CARTESIAN_POINT('',(-59.29191580335,11.047399997911,
    6.937307122078));
#5555 = CARTESIAN_POINT('',(-59.31334396587,11.041937211605,
    6.944476745087));
#5556 = CARTESIAN_POINT('',(-59.33494950168,11.036834261106,
    6.951189387341));
#5557 = CARTESIAN_POINT('',(-59.3567210427,11.032099552859,
    6.957430250689));
#5558 = CARTESIAN_POINT('',(-59.37864573401,11.027741007639,
    6.963185443455));
#5559 = CARTESIAN_POINT('',(-59.4440972953,11.015949293099,6.97877900542
    ));
#5560 = CARTESIAN_POINT('',(-59.48804174864,11.00961224359,
    6.987192698199));
#5561 = CARTESIAN_POINT('',(-59.5324069748,11.004817559854,
    6.993576481632));
#5562 = CARTESIAN_POINT('',(-59.57705679496,11.001606482752,
    6.997858080782));
#5563 = CARTESIAN_POINT('',(-59.62185513114,11.,7.));
#5564 = CARTESIAN_POINT('',(-59.73421008502,11.,7.));
#5565 = CARTESIAN_POINT('',(-59.80166129303,11.00364994111,
    6.995133965301));
#5566 = CARTESIAN_POINT('',(-59.86860375615,11.01092994295,
    6.985425719232));
#5567 = CARTESIAN_POINT('',(-59.93461666682,11.021740223479,
    6.971059931444));
#5568 = CARTESIAN_POINT('',(-59.99927942515,11.035889235259,
    6.95237716687));
#5569 = CARTESIAN_POINT('',(-60.0996459047,11.063324021473,
    6.916459984937));
#5570 = CARTESIAN_POINT('',(-60.13652002457,11.074654644952,
    6.901682105042));
#5571 = CARTESIAN_POINT('',(-60.17276243562,11.087029580789,
    6.885615773777));
#5572 = CARTESIAN_POINT('',(-60.20833801841,11.100402163262,
    6.868345121723));
#5573 = CARTESIAN_POINT('',(-60.24321257786,11.1147231523,6.849957931274
    ));
#5574 = CARTESIAN_POINT('',(-60.31883870033,11.148432517074,
    6.80695660847));
#5575 = CARTESIAN_POINT('',(-60.35924636924,11.168250517204,
    6.781850273102));
#5576 = CARTESIAN_POINT('',(-60.39855929592,11.189321452928,
    6.755364929047));
#5577 = CARTESIAN_POINT('',(-60.43676276972,11.211576048257,
    6.727631222354));
#5578 = CARTESIAN_POINT('',(-60.47384392348,11.234949032166,
    6.698772146606));
#5579 = CARTESIAN_POINT('',(-60.53498101474,11.276497756481,
    6.647973221178));
#5580 = CARTESIAN_POINT('',(-60.5596179142,11.294138188714,
    6.626543994839));
#5581 = CARTESIAN_POINT('',(-60.58370194817,11.312281935204,
    6.604651734903));
#5582 = CARTESIAN_POINT('',(-60.60723301154,11.330912278862,
    6.582329920775));
#5583 = CARTESIAN_POINT('',(-60.63021137785,11.350014285597,
    6.559609140267));
#5584 = CARTESIAN_POINT('',(-60.7153099424,11.424238320839,
    6.471984409687));
#5585 = CARTESIAN_POINT('',(-60.77368211148,11.482492824147,
    6.404540316052));
#5586 = CARTESIAN_POINT('',(-60.82774885908,11.544042269961,
    6.334801986852));
#5587 = CARTESIAN_POINT('',(-60.87749122759,11.608669999386,
    6.263247371538));
#5588 = CARTESIAN_POINT('',(-60.92285380771,11.676219638203,
    6.190250594485));
#5589 = CARTESIAN_POINT('',(-61.02611463383,11.853988058001,
    6.002939190374));
#5590 = CARTESIAN_POINT('',(-61.07810168687,11.968062212702,
    5.886985293716));
#5591 = CARTESIAN_POINT('',(-61.1190537463,12.088112583251,
    5.769652312126));
#5592 = CARTESIAN_POINT('',(-61.14815762907,12.213450823962,
    5.652123164717));
#5593 = CARTESIAN_POINT('',(-61.16439110602,12.343271901335,
    5.535494000224));
#5594 = CARTESIAN_POINT('',(-61.16648361681,12.476566510631,
    5.420764185532));
#5595 = CARTESIAN_POINT('',(-61.16648535253,12.476677707728,
    5.420668478976));
#5596 = CARTESIAN_POINT('',(-61.16648707839,12.476788906955,
    5.420572773995));
#5597 = CARTESIAN_POINT('',(-61.16648879438,12.476900108311,
    5.420477070588));
#5598 = CARTESIAN_POINT('',(-61.16649050051,12.477011311797,
    5.420381368756));
#5599 = CARTESIAN_POINT('',(-61.1664938929,12.477233713139,
    5.420189976753));
#5600 = CARTESIAN_POINT('',(-61.16649557915,12.477344910996,
    5.420094286581));
#5601 = CARTESIAN_POINT('',(-61.16649725554,12.47745611098,
    5.419998597985));
#5602 = CARTESIAN_POINT('',(-61.16649892207,12.477567313089,
    5.419902910968));
#5603 = CARTESIAN_POINT('',(-61.16650057873,12.477678517323,
    5.41980722553));
#5604 = CARTESIAN_POINT('',(-61.16650387217,12.477900920153,
    5.419615866318));
#5605 = CARTESIAN_POINT('',(-61.16650550896,12.478012118748,
    5.419520192545));
#5606 = CARTESIAN_POINT('',(-61.16650713588,12.478123319466,
    5.419424520352));
#5607 = CARTESIAN_POINT('',(-61.16650875294,12.478234522306,
    5.41932884974));
#5608 = CARTESIAN_POINT('',(-61.16651036013,12.478345727266,
    5.41923318071));
#5609 = CARTESIAN_POINT('',(-61.16651355464,12.478568131539,
    5.419041854321));
#5610 = CARTESIAN_POINT('',(-61.16651514196,12.478679330851,
    5.418946196962));
#5611 = CARTESIAN_POINT('',(-61.16651671941,12.478790532282,
    5.418850541186));
#5612 = CARTESIAN_POINT('',(-61.166518287,12.47890173583,5.418754886995)
  );
#5613 = CARTESIAN_POINT('',(-61.16651984472,12.479012941495,
    5.418659234388));
#5614 = CARTESIAN_POINT('',(-61.1665229403,12.479235347167,
    5.418467940853));
#5615 = CARTESIAN_POINT('',(-61.16652447815,12.479346547174,
    5.418372299923));
#5616 = CARTESIAN_POINT('',(-61.16652600613,12.479457749295,
    5.418276660581));
#5617 = CARTESIAN_POINT('',(-61.16652752425,12.47956895353,
    5.418181022825));
#5618 = CARTESIAN_POINT('',(-61.1665290325,12.479680159877,
    5.418085386658));
#5619 = CARTESIAN_POINT('',(-61.16653202914,12.479902566904,
    5.417894126006));
#5620 = CARTESIAN_POINT('',(-61.16653351752,12.480013767584,
    5.417798501522));
#5621 = CARTESIAN_POINT('',(-61.16653499604,12.480124970373,
    5.417702878628));
#5622 = CARTESIAN_POINT('',(-61.16653646469,12.480236175273,
    5.417607257323));
#5623 = CARTESIAN_POINT('',(-61.16653792347,12.480347382281,
    5.41751163761));
#5624 = CARTESIAN_POINT('',(-61.1665407712,12.480565956328,
    5.417323706616));
#5625 = CARTESIAN_POINT('',(-61.16654216083,12.480673323223,
    5.417231395226));
#5626 = CARTESIAN_POINT('',(-61.16654354126,12.480780692083,
    5.417139085321));
#5627 = CARTESIAN_POINT('',(-61.16654491249,12.480888062905,
    5.417046776901));
#5628 = CARTESIAN_POINT('',(-61.16654627452,12.48099543569,
    5.416954469967));
#5629 = CARTESIAN_POINT('',(-61.16654902837,12.481214010269,
    5.41676657081));
#5630 = CARTESIAN_POINT('',(-61.16655041952,12.481325212206,
    5.416670978694));
#5631 = CARTESIAN_POINT('',(-61.1665518008,12.481436416246,
    5.416575388173));
#5632 = CARTESIAN_POINT('',(-61.16655317222,12.481547622387,
    5.416479799249));
#5633 = CARTESIAN_POINT('',(-61.16655453376,12.481658830629,
    5.416384211922));
#5634 = CARTESIAN_POINT('',(-61.16655723699,12.481881241416,
    5.41619304897));
#5635 = CARTESIAN_POINT('',(-61.16655857867,12.48199244396,
    5.416097473345));
#5636 = CARTESIAN_POINT('',(-61.16655991049,12.482103648603,
    5.416001899318));
#5637 = CARTESIAN_POINT('',(-61.16656123243,12.482214855344,
    5.415906326891));
#5638 = CARTESIAN_POINT('',(-61.1665625445,12.482326064181,
    5.415810756063));
#5639 = CARTESIAN_POINT('',(-61.16656514879,12.482548476148,
    5.415619626117));
#5640 = CARTESIAN_POINT('',(-61.166566441,12.482659679278,5.415524066998
    ));
#5641 = CARTESIAN_POINT('',(-61.16656772335,12.482770884502,
    5.41542850948));
#5642 = CARTESIAN_POINT('',(-61.16656899582,12.48288209182,
    5.415332953565));
#5643 = CARTESIAN_POINT('',(-61.16657025842,12.48299330123,
    5.415237399253));
#5644 = CARTESIAN_POINT('',(-61.16657267738,12.483208045576,
    5.415052891326));
#5645 = CARTESIAN_POINT('',(-61.16657383506,12.483311580233,
    5.414963937496));
#5646 = CARTESIAN_POINT('',(-61.16657498418,12.483415116701,
    5.414874985058));
#5647 = CARTESIAN_POINT('',(-61.16657612474,12.483518654981,
    5.414786034011));
#5648 = CARTESIAN_POINT('',(-61.16657725674,12.483622195071,
    5.414697084357));
#5649 = CARTESIAN_POINT('',(-61.16657954514,12.483833104691,
    5.414515901241));
#5650 = CARTESIAN_POINT('',(-61.16658070089,12.483940474357,
    5.414423667886));
#5651 = CARTESIAN_POINT('',(-61.16658184744,12.484047845968,
    5.414331436028));
#5652 = CARTESIAN_POINT('',(-61.16658298479,12.484155219523,
    5.41423920567));
#5653 = CARTESIAN_POINT('',(-61.16658411293,12.484262595022,
    5.414146976812));
#5654 = CARTESIAN_POINT('',(-61.16658639066,12.484481175081,
    5.413959236623));
#5655 = CARTESIAN_POINT('',(-61.16658753958,12.484592379782,
    5.413863725401));
#5656 = CARTESIAN_POINT('',(-61.16658867863,12.484703586566,
    5.413768215789));
#5657 = CARTESIAN_POINT('',(-61.16658980781,12.484814795432,
    5.413672707788));
#5658 = CARTESIAN_POINT('',(-61.16659092711,12.484926006378,5.4135772014
    ));
#5659 = CARTESIAN_POINT('',(-61.16659303111,12.485136919214,
    5.413396078885));
#5660 = CARTESIAN_POINT('',(-61.16659401775,12.485236620695,
    5.413310462442));
#5661 = CARTESIAN_POINT('',(-61.16659499645,12.485336323846,
    5.413224847296));
#5662 = CARTESIAN_POINT('',(-61.16659596721,12.485436028669,
    5.413139233447));
#5663 = CARTESIAN_POINT('',(-61.16659693004,12.48553573516,
    5.413053620896));
#5664 = CARTESIAN_POINT('',(-61.1665989499,12.485746646875,
    5.412872528237));
#5665 = CARTESIAN_POINT('',(-61.166600005,12.485857852505,5.412777048445
    ));
#5666 = CARTESIAN_POINT('',(-61.16660105022,12.48596906021,5.41268157027
    ));
#5667 = CARTESIAN_POINT('',(-61.16660208557,12.486080269989,
    5.412586093711));
#5668 = CARTESIAN_POINT('',(-61.16660311105,12.486191481841,
    5.412490618771));
#5669 = CARTESIAN_POINT('',(-61.16660514215,12.486413899781,
    5.412299680634));
#5670 = CARTESIAN_POINT('',(-61.16660614778,12.486525105869,
    5.412204217436));
#5671 = CARTESIAN_POINT('',(-61.16660714353,12.486636314027,
    5.412108755859));
#5672 = CARTESIAN_POINT('',(-61.16660812941,12.486747524256,
    5.412013295901));
#5673 = CARTESIAN_POINT('',(-61.16660910541,12.486858736554,
    5.411917837564));
#5674 = CARTESIAN_POINT('',(-61.16661103757,12.487081155376,
    5.411726932641));
#5675 = CARTESIAN_POINT('',(-61.16661199373,12.487192361899,
    5.411631486053));
#5676 = CARTESIAN_POINT('',(-61.16661294001,12.48730357049,
    5.411536041088));
#5677 = CARTESIAN_POINT('',(-61.16661387642,12.487414781146,
    5.411440597746));
#5678 = CARTESIAN_POINT('',(-61.16661480295,12.487525993868,
    5.411345156029));
#5679 = CARTESIAN_POINT('',(-61.16661663616,12.487748413527,
    5.411154284349));
#5680 = CARTESIAN_POINT('',(-61.16661754285,12.487859620465,
    5.411058854387));
#5681 = CARTESIAN_POINT('',(-61.16661843966,12.487970829465,
    5.41096342605));
#5682 = CARTESIAN_POINT('',(-61.16661932659,12.488082040527,
    5.410867999339));
#5683 = CARTESIAN_POINT('',(-61.16662020365,12.48819325365,
    5.410772574256));
#5684 = CARTESIAN_POINT('',(-61.16662193792,12.488415674103,
    5.410581735851));
#5685 = CARTESIAN_POINT('',(-61.16662279513,12.488526881432,
    5.410486322529));
#5686 = CARTESIAN_POINT('',(-61.16662364247,12.488638090821,
    5.410390910835));
#5687 = CARTESIAN_POINT('',(-61.16662447993,12.488749302266,
    5.410295500771));
#5688 = CARTESIAN_POINT('',(-61.16662530751,12.488860515769,
    5.410200092337));
#5689 = CARTESIAN_POINT('',(-61.16662694284,12.489082936971,
    5.410009287237));
#5690 = CARTESIAN_POINT('',(-61.16662775058,12.489194144671,
    5.40991389057));
#5691 = CARTESIAN_POINT('',(-61.16662854845,12.489305354425,
    5.409818495535));
#5692 = CARTESIAN_POINT('',(-61.16662933644,12.489416566232,
    5.409723102133));
#5693 = CARTESIAN_POINT('',(-61.16663011454,12.489527780092,
    5.409627710364));
#5694 = CARTESIAN_POINT('',(-61.16663165092,12.489750202,5.409436938599)
  );
#5695 = CARTESIAN_POINT('',(-61.1666324092,12.489861410047,
    5.409341558603));
#5696 = CARTESIAN_POINT('',(-61.16663315759,12.489972620145,
    5.409246180242));
#5697 = CARTESIAN_POINT('',(-61.16663389611,12.490083832292,
    5.409150803516));
#5698 = CARTESIAN_POINT('',(-61.16663462474,12.490195046488,
    5.409055428427));
#5699 = CARTESIAN_POINT('',(-61.16663606217,12.490417469057,
    5.408864690028));
#5700 = CARTESIAN_POINT('',(-61.16663677098,12.49052867743,
    5.408769326718));
#5701 = CARTESIAN_POINT('',(-61.1666374699,12.49063988785,5.408673965045
    ));
#5702 = CARTESIAN_POINT('',(-61.16663815894,12.490751100315,
    5.408578605012));
#5703 = CARTESIAN_POINT('',(-61.1666388381,12.490862314824,
    5.408483246618));
#5704 = CARTESIAN_POINT('',(-61.16664017659,12.491084738011,
    5.408292541615));
#5705 = CARTESIAN_POINT('',(-61.16664083592,12.491195946688,
    5.408197195006));
#5706 = CARTESIAN_POINT('',(-61.16664148537,12.491307157407,
    5.408101850037));
#5707 = CARTESIAN_POINT('',(-61.16664212493,12.491418370168,
    5.408006506711));
#5708 = CARTESIAN_POINT('',(-61.16664275462,12.491529584969,
    5.407911165027));
#5709 = CARTESIAN_POINT('',(-61.16664399416,12.491752008729,
    5.407720493451));
#5710 = CARTESIAN_POINT('',(-61.16664460402,12.491863217688,
    5.407625163558));
#5711 = CARTESIAN_POINT('',(-61.166645204,12.491974428685,5.407529835309
    ));
#5712 = CARTESIAN_POINT('',(-61.16664579409,12.492085641719,
    5.407434508705));
#5713 = CARTESIAN_POINT('',(-61.1666463743,12.492196856789,
    5.407339183746));
#5714 = CARTESIAN_POINT('',(-61.16664749523,12.492415446514,
    5.407151832203));
#5715 = CARTESIAN_POINT('',(-61.16664803663,12.492522821029,
    5.407059805506));
#5716 = CARTESIAN_POINT('',(-61.16664856881,12.492630197441,
    5.406967780344));
#5717 = CARTESIAN_POINT('',(-61.16664909177,12.492737575748,
    5.406875756718));
#5718 = CARTESIAN_POINT('',(-61.16664960552,12.49284495595,
    5.406783734629));
#5719 = CARTESIAN_POINT('',(-61.16665059653,12.493055876304,
    5.406602987484));
#5720 = CARTESIAN_POINT('',(-61.16665107444,12.493159416324,
    5.406514262318));
#5721 = CARTESIAN_POINT('',(-61.16665154377,12.493262958103,
    5.406425538583));
#5722 = CARTESIAN_POINT('',(-61.16665200454,12.493366501642,
    5.406336816279));
#5723 = CARTESIAN_POINT('',(-61.16665245674,12.493470046939,
    5.406248095407));
#5724 = CARTESIAN_POINT('',(-61.16665336039,12.493680967037,
    5.406067378407));
#5725 = CARTESIAN_POINT('',(-61.16665381119,12.49378834197,
    5.405975382388));
#5726 = CARTESIAN_POINT('',(-61.16665425278,12.493895718792,
    5.405883387909));
#5727 = CARTESIAN_POINT('',(-61.16665468515,12.494003097503,
    5.405791394972));
#5728 = CARTESIAN_POINT('',(-61.16665510831,12.4941104781,5.405699403577
    ));
#5729 = CARTESIAN_POINT('',(-61.16665592136,12.494321399216,
    5.405518716733));
#5730 = CARTESIAN_POINT('',(-61.16665631191,12.494424939601,
    5.405430021176));
#5731 = CARTESIAN_POINT('',(-61.16665669389,12.49452848174,
    5.405341327053));
#5732 = CARTESIAN_POINT('',(-61.1666570673,12.494632025631,
    5.405252634367));
#5733 = CARTESIAN_POINT('',(-61.16665743214,12.494735571273,
    5.405163943117));
#5734 = CARTESIAN_POINT('',(-61.16665817103,12.494950326651,
    5.404980002087));
#5735 = CARTESIAN_POINT('',(-61.16665854376,12.495061536655,
    5.404884752527));
#5736 = CARTESIAN_POINT('',(-61.16665890661,12.495172748678,
    5.404789504625));
#5737 = CARTESIAN_POINT('',(-61.16665925957,12.495283962718,
    5.404694258383));
#5738 = CARTESIAN_POINT('',(-61.16665960264,12.495395178775,
    5.404599013802));
#5739 = CARTESIAN_POINT('',(-61.16666026898,12.495617604991,
    5.404408536464));
#5740 = CARTESIAN_POINT('',(-61.16666059224,12.49572881515,
    5.404313303708));
#5741 = CARTESIAN_POINT('',(-61.16666090561,12.495840027323,
    5.404218072614));
#5742 = CARTESIAN_POINT('',(-61.1666612091,12.495951241509,
    5.404122843182));
#5743 = CARTESIAN_POINT('',(-61.1666615027,12.496062457708,
    5.404027615413));
#5744 = CARTESIAN_POINT('',(-61.1666620603,12.496281049596,
    5.403840454932));
#5745 = CARTESIAN_POINT('',(-61.16666232498,12.496388425148,
    5.403748522105));
#5746 = CARTESIAN_POINT('',(-61.16666258044,12.496495802573,
    5.403656590831));
#5747 = CARTESIAN_POINT('',(-61.16666282668,12.496603181872,
    5.40356466111));
#5748 = CARTESIAN_POINT('',(-61.1666630637,12.496710563044,
    5.403472732942));
#5749 = CARTESIAN_POINT('',(-61.16666351928,12.496925319871,
    5.403288887641));
#5750 = CARTESIAN_POINT('',(-61.16666373784,12.497032695526,
    5.403196970508));
#5751 = CARTESIAN_POINT('',(-61.16666394718,12.497140073051,
    5.403105054929));
#5752 = CARTESIAN_POINT('',(-61.1666641473,12.497247452446,
    5.403013140906));
#5753 = CARTESIAN_POINT('',(-61.1666643382,12.49735483371,5.402921228439
    ));
#5754 = CARTESIAN_POINT('',(-61.16666469505,12.497565756091,
    5.402740696658));
#5755 = CARTESIAN_POINT('',(-61.16666486165,12.497669297077,
    5.402652077235));
#5756 = CARTESIAN_POINT('',(-61.16666501968,12.497772839799,
    5.402563459259));
#5757 = CARTESIAN_POINT('',(-61.16666516913,12.497876384256,
    5.402474842733));
#5758 = CARTESIAN_POINT('',(-61.16666531001,12.497979930447,
    5.402386227656));
#5759 = CARTESIAN_POINT('',(-61.1666655795,12.498190852308,
    5.402205726201));
#5760 = CARTESIAN_POINT('',(-61.16666570747,12.498298228109,
    5.402113839933));
#5761 = CARTESIAN_POINT('',(-61.16666582622,12.498405605772,
    5.402021955224));
#5762 = CARTESIAN_POINT('',(-61.16666593574,12.498512985298,
    5.401930072076));
#5763 = CARTESIAN_POINT('',(-61.16666603604,12.498620366686,
    5.40183819049));
#5764 = CARTESIAN_POINT('',(-61.16666622145,12.498838958533,
    5.401651157368));
#5765 = CARTESIAN_POINT('',(-61.16666630588,12.498950169127,
    5.401556005946));
#5766 = CARTESIAN_POINT('',(-61.16666638042,12.499061381716,5.4014608562
    ));
#5767 = CARTESIAN_POINT('',(-61.16666644506,12.499172596298,
    5.401365708132));
#5768 = CARTESIAN_POINT('',(-61.16666649981,12.499283812873,
    5.401270561742));
#5769 = CARTESIAN_POINT('',(-61.16666658533,12.499495855444,
    5.40108916461));
#5770 = CARTESIAN_POINT('',(-61.16666661786,12.499596681084,
    5.401002913568));
#5771 = CARTESIAN_POINT('',(-61.16666664226,12.499697508361,
    5.400916663908));
#5772 = CARTESIAN_POINT('',(-61.16666665853,12.499798337273,
    5.400830415628));
#5773 = CARTESIAN_POINT('',(-61.16666666666,12.499899167819,
    5.40074416873));
#5774 = CARTESIAN_POINT('',(-61.16666666666,12.5,5.400657923215));
#5775 = ORIENTED_EDGE('',*,*,#5473,.F.);
#5776 = CYLINDRICAL_SURFACE('',#5777,1.5);
#5777 = AXIS2_PLACEMENT_3D('',#5778,#5779,#5780);
#5778 = CARTESIAN_POINT('',(-59.66666666666,12.5,0.));
#5779 = DIRECTION('',(0.,0.,-1.));
#5780 = DIRECTION('',(-1.,0.,0.));
#5781 = ADVANCED_FACE('',(#5782),#5802,.T.);
#5782 = FACE_BOUND('',#5783,.F.);
#5783 = EDGE_LOOP('',(#5784,#5785,#5786,#5794,#5801));
#5784 = ORIENTED_EDGE('',*,*,#1315,.F.);
#5785 = ORIENTED_EDGE('',*,*,#5498,.T.);
#5786 = ORIENTED_EDGE('',*,*,#5787,.F.);
#5787 = EDGE_CURVE('',#5788,#5490,#5790,.T.);
#5788 = VERTEX_POINT('',#5789);
#5789 = CARTESIAN_POINT('',(-58.16666666666,19.,3.));
#5790 = LINE('',#5791,#5792);
#5791 = CARTESIAN_POINT('',(-58.16666666666,36.874236596195,3.));
#5792 = VECTOR('',#5793,1.);
#5793 = DIRECTION('',(0.,1.,0.));
#5794 = ORIENTED_EDGE('',*,*,#5795,.F.);
#5795 = EDGE_CURVE('',#5514,#5788,#5796,.T.);
#5796 = CIRCLE('',#5797,10.);
#5797 = AXIS2_PLACEMENT_3D('',#5798,#5799,#5800);
#5798 = CARTESIAN_POINT('',(-58.16666666666,19.,13.));
#5799 = DIRECTION('',(1.,0.,0.));
#5800 = DIRECTION('',(0.,-1.,0.));
#5801 = ORIENTED_EDGE('',*,*,#5513,.F.);
#5802 = PLANE('',#5803);
#5803 = AXIS2_PLACEMENT_3D('',#5804,#5805,#5806);
#5804 = CARTESIAN_POINT('',(-58.16666666666,38.5,0.));
#5805 = DIRECTION('',(-1.,-0.,-0.));
#5806 = DIRECTION('',(0.,1.,0.));
#5807 = ADVANCED_FACE('',(#5808),#5842,.F.);
#5808 = FACE_BOUND('',#5809,.T.);
#5809 = EDGE_LOOP('',(#5810,#5811,#5819,#5827,#5836));
#5810 = ORIENTED_EDGE('',*,*,#1332,.F.);
#5811 = ORIENTED_EDGE('',*,*,#5812,.T.);
#5812 = EDGE_CURVE('',#1333,#5813,#5815,.T.);
#5813 = VERTEX_POINT('',#5814);
#5814 = CARTESIAN_POINT('',(-42.33333333333,22.5,3.));
#5815 = LINE('',#5816,#5817);
#5816 = CARTESIAN_POINT('',(-42.33333333333,22.5,0.));
#5817 = VECTOR('',#5818,1.);
#5818 = DIRECTION('',(0.,0.,1.));
#5819 = ORIENTED_EDGE('',*,*,#5820,.F.);
#5820 = EDGE_CURVE('',#5821,#5813,#5823,.T.);
#5821 = VERTEX_POINT('',#5822);
#5822 = CARTESIAN_POINT('',(-42.33333333333,19.,3.));
#5823 = LINE('',#5824,#5825);
#5824 = CARTESIAN_POINT('',(-42.33333333333,28.874236596195,3.));
#5825 = VECTOR('',#5826,1.);
#5826 = DIRECTION('',(0.,1.,0.));
#5827 = ORIENTED_EDGE('',*,*,#5828,.F.);
#5828 = EDGE_CURVE('',#5829,#5821,#5831,.T.);
#5829 = VERTEX_POINT('',#5830);
#5830 = CARTESIAN_POINT('',(-42.33333333333,12.5,5.400657923215));
#5831 = CIRCLE('',#5832,10.);
#5832 = AXIS2_PLACEMENT_3D('',#5833,#5834,#5835);
#5833 = CARTESIAN_POINT('',(-42.33333333333,19.,13.));
#5834 = DIRECTION('',(1.,0.,0.));
#5835 = DIRECTION('',(0.,-1.,0.));
#5836 = ORIENTED_EDGE('',*,*,#5837,.F.);
#5837 = EDGE_CURVE('',#1335,#5829,#5838,.T.);
#5838 = LINE('',#5839,#5840);
#5839 = CARTESIAN_POINT('',(-42.33333333333,12.5,0.));
#5840 = VECTOR('',#5841,1.);
#5841 = DIRECTION('',(0.,0.,1.));
#5842 = PLANE('',#5843);
#5843 = AXIS2_PLACEMENT_3D('',#5844,#5845,#5846);
#5844 = CARTESIAN_POINT('',(-42.33333333333,22.5,0.));
#5845 = DIRECTION('',(-1.,-0.,-0.));
#5846 = DIRECTION('',(0.,1.,0.));
#5847 = ADVANCED_FACE('',(#5848),#5867,.F.);
#5848 = FACE_BOUND('',#5849,.F.);
#5849 = EDGE_LOOP('',(#5850,#5851,#5852,#5861));
#5850 = ORIENTED_EDGE('',*,*,#1342,.F.);
#5851 = ORIENTED_EDGE('',*,*,#5812,.T.);
#5852 = ORIENTED_EDGE('',*,*,#5853,.F.);
#5853 = EDGE_CURVE('',#5854,#5813,#5856,.T.);
#5854 = VERTEX_POINT('',#5855);
#5855 = CARTESIAN_POINT('',(-39.33333333333,22.5,3.));
#5856 = CIRCLE('',#5857,1.5);
#5857 = AXIS2_PLACEMENT_3D('',#5858,#5859,#5860);
#5858 = CARTESIAN_POINT('',(-40.83333333333,22.5,3.));
#5859 = DIRECTION('',(0.,0.,1.));
#5860 = DIRECTION('',(-1.,0.,0.));
#5861 = ORIENTED_EDGE('',*,*,#5862,.F.);
#5862 = EDGE_CURVE('',#1343,#5854,#5863,.T.);
#5863 = LINE('',#5864,#5865);
#5864 = CARTESIAN_POINT('',(-39.33333333333,22.5,0.));
#5865 = VECTOR('',#5866,1.);
#5866 = DIRECTION('',(0.,0.,1.));
#5867 = CYLINDRICAL_SURFACE('',#5868,1.5);
#5868 = AXIS2_PLACEMENT_3D('',#5869,#5870,#5871);
#5869 = CARTESIAN_POINT('',(-40.83333333333,22.5,0.));
#5870 = DIRECTION('',(0.,0.,-1.));
#5871 = DIRECTION('',(-1.,0.,0.));
#5872 = ADVANCED_FACE('',(#5873),#6140,.F.);
#5873 = FACE_BOUND('',#5874,.F.);
#5874 = EDGE_LOOP('',(#5875,#5876,#5884,#6139));
#5875 = ORIENTED_EDGE('',*,*,#1359,.F.);
#5876 = ORIENTED_EDGE('',*,*,#5877,.T.);
#5877 = EDGE_CURVE('',#1352,#5878,#5880,.T.);
#5878 = VERTEX_POINT('',#5879);
#5879 = CARTESIAN_POINT('',(-39.33333333333,12.5,5.400657923215));
#5880 = LINE('',#5881,#5882);
#5881 = CARTESIAN_POINT('',(-39.33333333333,12.5,0.));
#5882 = VECTOR('',#5883,1.);
#5883 = DIRECTION('',(0.,0.,1.));
#5884 = ORIENTED_EDGE('',*,*,#5885,.T.);
#5885 = EDGE_CURVE('',#5878,#5829,#5886,.T.);
#5886 = B_SPLINE_CURVE_WITH_KNOTS('',6,(#5887,#5888,#5889,#5890,#5891,
    #5892,#5893,#5894,#5895,#5896,#5897,#5898,#5899,#5900,#5901,#5902,
    #5903,#5904,#5905,#5906,#5907,#5908,#5909,#5910,#5911,#5912,#5913,
    #5914,#5915,#5916,#5917,#5918,#5919,#5920,#5921,#5922,#5923,#5924,
    #5925,#5926,#5927,#5928,#5929,#5930,#5931,#5932,#5933,#5934,#5935,
    #5936,#5937,#5938,#5939,#5940,#5941,#5942,#5943,#5944,#5945,#5946,
    #5947,#5948,#5949,#5950,#5951,#5952,#5953,#5954,#5955,#5956,#5957,
    #5958,#5959,#5960,#5961,#5962,#5963,#5964,#5965,#5966,#5967,#5968,
    #5969,#5970,#5971,#5972,#5973,#5974,#5975,#5976,#5977,#5978,#5979,
    #5980,#5981,#5982,#5983,#5984,#5985,#5986,#5987,#5988,#5989,#5990,
    #5991,#5992,#5993,#5994,#5995,#5996,#5997,#5998,#5999,#6000,#6001,
    #6002,#6003,#6004,#6005,#6006,#6007,#6008,#6009,#6010,#6011,#6012,
    #6013,#6014,#6015,#6016,#6017,#6018,#6019,#6020,#6021,#6022,#6023,
    #6024,#6025,#6026,#6027,#6028,#6029,#6030,#6031,#6032,#6033,#6034,
    #6035,#6036,#6037,#6038,#6039,#6040,#6041,#6042,#6043,#6044,#6045,
    #6046,#6047,#6048,#6049,#6050,#6051,#6052,#6053,#6054,#6055,#6056,
    #6057,#6058,#6059,#6060,#6061,#6062,#6063,#6064,#6065,#6066,#6067,
    #6068,#6069,#6070,#6071,#6072,#6073,#6074,#6075,#6076,#6077,#6078,
    #6079,#6080,#6081,#6082,#6083,#6084,#6085,#6086,#6087,#6088,#6089,
    #6090,#6091,#6092,#6093,#6094,#6095,#6096,#6097,#6098,#6099,#6100,
    #6101,#6102,#6103,#6104,#6105,#6106,#6107,#6108,#6109,#6110,#6111,
    #6112,#6113,#6114,#6115,#6116,#6117,#6118,#6119,#6120,#6121,#6122,
    #6123,#6124,#6125,#6126,#6127,#6128,#6129,#6130,#6131,#6132,#6133,
    #6134,#6135,#6136,#6137,#6138),.UNSPECIFIED.,.F.,.F.,(7,5,5,5,5,5,5,
    5,5,5,5,5,5,5,5,5,5,5,5,5,5,5,5,5,5,5,5,5,5,5,5,5,5,5,5,5,5,5,5,5,5,
    5,5,5,5,5,5,5,5,5,7),(0.,5.753600200928E-02,0.172058495053,
    0.281938813876,0.322083604145,0.377005895856,0.422426008192,
    0.448500388999,0.499775881983,0.57706227786,0.623104516592,
    0.679053165972,0.718257397578,0.827816917268,0.995079904431,
    0.995219552465,0.995359188087,0.995498811296,0.99563842209,
    0.99577802047,0.995917606432,0.996052367304,0.996191928859,
    0.996331477995,0.99647101471,0.996600917038,0.996725997991,
    0.996865499581,0.997000178983,0.997139656153,0.997279120896,
    0.997418573213,0.997558013101,0.997697440562,0.997836855592,
    0.997976258192,0.998115648361,0.998255026098,0.998394391402,
    0.998528939209,0.998653866078,0.998793195794,0.998922905385,
    0.999062211086,0.999201504351,0.999335982597,0.999470449247,
    0.999600102535,0.999739347759,0.999878580542,1.),.UNSPECIFIED.);
#5887 = CARTESIAN_POINT('',(-39.33333333333,12.5,5.400657923215));
#5888 = CARTESIAN_POINT('',(-39.33333333333,12.454036040662,
    5.439972607654));
#5889 = CARTESIAN_POINT('',(-39.33502347299,12.408418216029,
    5.479568974406));
#5890 = CARTESIAN_POINT('',(-39.33835606462,12.363204354296,
    5.51939451046));
#5891 = CARTESIAN_POINT('',(-39.34328400156,12.318448553568,
    5.55939542096));
#5892 = CARTESIAN_POINT('',(-39.34976075818,12.274201181863,
    5.599516629198));
#5893 = CARTESIAN_POINT('',(-39.37362344203,12.143541561127,
    5.719688273858));
#5894 = CARTESIAN_POINT('',(-39.39545592048,12.058799837894,
    5.799904245014));
#5895 = CARTESIAN_POINT('',(-39.4228904453,11.976531733065,
    5.880013305704));
#5896 = CARTESIAN_POINT('',(-39.45564499655,11.896944983216,
    5.959672023137));
#5897 = CARTESIAN_POINT('',(-39.49349462662,11.82023314433,6.0385067194)
  );
#5898 = CARTESIAN_POINT('',(-39.57729809362,11.675954910016,
    6.190528977277));
#5899 = CARTESIAN_POINT('',(-39.62286447093,11.608138194874,
    6.263821675715));
#5900 = CARTESIAN_POINT('',(-39.67284622698,11.543267940868,
    6.33565910735));
#5901 = CARTESIAN_POINT('',(-39.72718759404,11.481502516381,
    6.40566236408));
#5902 = CARTESIAN_POINT('',(-39.78586976056,11.423061732085,
    6.473346772355));
#5903 = CARTESIAN_POINT('',(-39.87191106395,11.348219475164,
    6.561738176366));
#5904 = CARTESIAN_POINT('',(-39.89551486891,11.328675178183,
    6.584999052194));
#5905 = CARTESIAN_POINT('',(-39.91969959243,11.309627676129,
    6.607838417712));
#5906 = CARTESIAN_POINT('',(-39.94446550565,11.291093176637,
    6.630223127715));
#5907 = CARTESIAN_POINT('',(-39.96981249078,11.273089828741,
    6.652116874699));
#5908 = CARTESIAN_POINT('',(-40.03121165441,11.231761408104,
    6.702707447606));
#5909 = CARTESIAN_POINT('',(-40.06777763022,11.208911715955,
    6.730948377231));
#5910 = CARTESIAN_POINT('',(-40.10542702907,11.187147427194,
    6.758092478921));
#5911 = CARTESIAN_POINT('',(-40.14414718635,11.166530974804,
    6.784022242404));
#5912 = CARTESIAN_POINT('',(-40.18392371224,11.147128443997,
    6.808613145955));
#5913 = CARTESIAN_POINT('',(-40.25849550535,11.114025470734,
    6.850854056313));
#5914 = CARTESIAN_POINT('',(-40.2929656546,11.099917899195,
    6.868971039328));
#5915 = CARTESIAN_POINT('',(-40.32811879592,11.086736742857,
    6.885996556056));
#5916 = CARTESIAN_POINT('',(-40.36392190747,11.074529427669,
    6.901846050998));
#5917 = CARTESIAN_POINT('',(-40.40034108905,11.063340920252,
    6.916438462538));
#5918 = CARTESIAN_POINT('',(-40.45858247001,11.047399997911,
    6.937307122078));
#5919 = CARTESIAN_POINT('',(-40.48001063253,11.041937211605,
    6.944476745087));
#5920 = CARTESIAN_POINT('',(-40.50161616835,11.036834261106,
    6.951189387341));
#5921 = CARTESIAN_POINT('',(-40.52338770936,11.032099552859,
    6.957430250689));
#5922 = CARTESIAN_POINT('',(-40.54531240068,11.027741007639,
    6.963185443455));
#5923 = CARTESIAN_POINT('',(-40.61076396196,11.015949293099,
    6.97877900542));
#5924 = CARTESIAN_POINT('',(-40.6547084153,11.00961224359,6.987192698199
    ));
#5925 = CARTESIAN_POINT('',(-40.69907364146,11.004817559854,
    6.993576481632));
#5926 = CARTESIAN_POINT('',(-40.74372346163,11.001606482752,
    6.997858080782));
#5927 = CARTESIAN_POINT('',(-40.78852179781,11.,7.));
#5928 = CARTESIAN_POINT('',(-40.90087675169,11.,7.));
#5929 = CARTESIAN_POINT('',(-40.96832795969,11.00364994111,
    6.995133965301));
#5930 = CARTESIAN_POINT('',(-41.03527042282,11.01092994295,
    6.985425719232));
#5931 = CARTESIAN_POINT('',(-41.10128333348,11.021740223479,
    6.971059931444));
#5932 = CARTESIAN_POINT('',(-41.16594609182,11.035889235259,
    6.952377166869));
#5933 = CARTESIAN_POINT('',(-41.26631257136,11.063324021473,
    6.916459984937));
#5934 = CARTESIAN_POINT('',(-41.30318669123,11.074654644952,
    6.901682105042));
#5935 = CARTESIAN_POINT('',(-41.33942910229,11.087029580789,
    6.885615773777));
#5936 = CARTESIAN_POINT('',(-41.37500468508,11.100402163262,
    6.868345121723));
#5937 = CARTESIAN_POINT('',(-41.40987924453,11.1147231523,6.849957931274
    ));
#5938 = CARTESIAN_POINT('',(-41.485505367,11.148432517074,6.80695660847)
  );
#5939 = CARTESIAN_POINT('',(-41.52591303591,11.168250517204,
    6.781850273102));
#5940 = CARTESIAN_POINT('',(-41.56522596258,11.189321452928,
    6.755364929047));
#5941 = CARTESIAN_POINT('',(-41.60342943639,11.211576048257,
    6.727631222354));
#5942 = CARTESIAN_POINT('',(-41.64051059015,11.234949032166,
    6.698772146606));
#5943 = CARTESIAN_POINT('',(-41.7016476814,11.276497756481,
    6.647973221178));
#5944 = CARTESIAN_POINT('',(-41.72628458087,11.294138188714,
    6.626543994839));
#5945 = CARTESIAN_POINT('',(-41.75036861483,11.312281935204,
    6.604651734903));
#5946 = CARTESIAN_POINT('',(-41.77389967821,11.330912278862,
    6.582329920775));
#5947 = CARTESIAN_POINT('',(-41.79687804451,11.350014285597,
    6.559609140267));
#5948 = CARTESIAN_POINT('',(-41.88197660535,11.424238317591,
    6.471984413521));
#5949 = CARTESIAN_POINT('',(-41.94034878322,11.482492830001,
    6.404540309499));
#5950 = CARTESIAN_POINT('',(-41.99441552636,11.544042269556,
    6.334801987086));
#5951 = CARTESIAN_POINT('',(-42.04415788948,11.608669993348,
    6.263247378195));
#5952 = CARTESIAN_POINT('',(-42.08952047678,11.676219642335,
    6.19025059013));
#5953 = CARTESIAN_POINT('',(-42.1927813005,11.853988058001,
    6.002939190374));
#5954 = CARTESIAN_POINT('',(-42.24476835354,11.968062212702,
    5.886985293716));
#5955 = CARTESIAN_POINT('',(-42.28572041297,12.088112583251,
    5.769652312126));
#5956 = CARTESIAN_POINT('',(-42.31482429573,12.213450823962,
    5.652123164717));
#5957 = CARTESIAN_POINT('',(-42.33105777268,12.343271901335,
    5.535494000224));
#5958 = CARTESIAN_POINT('',(-42.33315028347,12.476566510631,
    5.420764185532));
#5959 = CARTESIAN_POINT('',(-42.33315201919,12.476677707728,
    5.420668478976));
#5960 = CARTESIAN_POINT('',(-42.33315374505,12.476788906955,
    5.420572773995));
#5961 = CARTESIAN_POINT('',(-42.33315546105,12.476900108311,
    5.420477070588));
#5962 = CARTESIAN_POINT('',(-42.33315716718,12.477011311797,
    5.420381368756));
#5963 = CARTESIAN_POINT('',(-42.33316055956,12.477233713139,
    5.420189976753));
#5964 = CARTESIAN_POINT('',(-42.33316224582,12.477344910996,
    5.420094286581));
#5965 = CARTESIAN_POINT('',(-42.33316392221,12.47745611098,
    5.419998597985));
#5966 = CARTESIAN_POINT('',(-42.33316558873,12.477567313089,
    5.419902910968));
#5967 = CARTESIAN_POINT('',(-42.33316724539,12.477678517323,
    5.41980722553));
#5968 = CARTESIAN_POINT('',(-42.33317053884,12.477900920153,
    5.419615866318));
#5969 = CARTESIAN_POINT('',(-42.33317217563,12.478012118748,
    5.419520192545));
#5970 = CARTESIAN_POINT('',(-42.33317380255,12.478123319466,
    5.419424520352));
#5971 = CARTESIAN_POINT('',(-42.33317541961,12.478234522306,
    5.41932884974));
#5972 = CARTESIAN_POINT('',(-42.3331770268,12.478345727266,5.41923318071
    ));
#5973 = CARTESIAN_POINT('',(-42.33318022131,12.478568131539,
    5.419041854321));
#5974 = CARTESIAN_POINT('',(-42.33318180863,12.478679330851,
    5.418946196962));
#5975 = CARTESIAN_POINT('',(-42.33318338608,12.478790532282,
    5.418850541186));
#5976 = CARTESIAN_POINT('',(-42.33318495367,12.47890173583,
    5.418754886995));
#5977 = CARTESIAN_POINT('',(-42.33318651139,12.479012941495,
    5.418659234388));
#5978 = CARTESIAN_POINT('',(-42.33318960696,12.479235347167,
    5.418467940853));
#5979 = CARTESIAN_POINT('',(-42.33319114481,12.479346547174,
    5.418372299923));
#5980 = CARTESIAN_POINT('',(-42.3331926728,12.479457749295,
    5.418276660581));
#5981 = CARTESIAN_POINT('',(-42.33319419092,12.47956895353,
    5.418181022825));
#5982 = CARTESIAN_POINT('',(-42.33319569917,12.479680159877,
    5.418085386658));
#5983 = CARTESIAN_POINT('',(-42.3331986958,12.479902566904,
    5.417894126006));
#5984 = CARTESIAN_POINT('',(-42.33320018419,12.480013767584,
    5.417798501522));
#5985 = CARTESIAN_POINT('',(-42.3332016627,12.480124970373,
    5.417702878628));
#5986 = CARTESIAN_POINT('',(-42.33320313135,12.480236175273,
    5.417607257323));
#5987 = CARTESIAN_POINT('',(-42.33320459013,12.480347382281,
    5.41751163761));
#5988 = CARTESIAN_POINT('',(-42.33320743787,12.480565956328,
    5.417323706616));
#5989 = CARTESIAN_POINT('',(-42.3332088275,12.480673323223,
    5.417231395226));
#5990 = CARTESIAN_POINT('',(-42.33321020793,12.480780692083,
    5.417139085321));
#5991 = CARTESIAN_POINT('',(-42.33321157916,12.480888062905,
    5.417046776901));
#5992 = CARTESIAN_POINT('',(-42.33321294119,12.48099543569,
    5.416954469967));
#5993 = CARTESIAN_POINT('',(-42.33321569503,12.481214010269,
    5.41676657081));
#5994 = CARTESIAN_POINT('',(-42.33321708619,12.481325212206,
    5.416670978694));
#5995 = CARTESIAN_POINT('',(-42.33321846747,12.481436416246,
    5.416575388173));
#5996 = CARTESIAN_POINT('',(-42.33321983889,12.481547622387,
    5.416479799249));
#5997 = CARTESIAN_POINT('',(-42.33322120043,12.481658830629,
    5.416384211922));
#5998 = CARTESIAN_POINT('',(-42.33322390366,12.481881241416,
    5.41619304897));
#5999 = CARTESIAN_POINT('',(-42.33322524534,12.48199244396,
    5.416097473345));
#6000 = CARTESIAN_POINT('',(-42.33322657715,12.482103648603,
    5.416001899318));
#6001 = CARTESIAN_POINT('',(-42.3332278991,12.482214855344,
    5.415906326891));
#6002 = CARTESIAN_POINT('',(-42.33322921117,12.482326064181,
    5.415810756063));
#6003 = CARTESIAN_POINT('',(-42.33323181545,12.482548476148,
    5.415619626117));
#6004 = CARTESIAN_POINT('',(-42.33323310767,12.482659679278,
    5.415524066998));
#6005 = CARTESIAN_POINT('',(-42.33323439001,12.482770884502,
    5.41542850948));
#6006 = CARTESIAN_POINT('',(-42.33323566249,12.48288209182,
    5.415332953565));
#6007 = CARTESIAN_POINT('',(-42.33323692509,12.48299330123,
    5.415237399253));
#6008 = CARTESIAN_POINT('',(-42.33323934405,12.483208045576,
    5.415052891326));
#6009 = CARTESIAN_POINT('',(-42.33324050172,12.483311580233,
    5.414963937496));
#6010 = CARTESIAN_POINT('',(-42.33324165084,12.483415116701,
    5.414874985058));
#6011 = CARTESIAN_POINT('',(-42.3332427914,12.483518654981,
    5.414786034011));
#6012 = CARTESIAN_POINT('',(-42.33324392341,12.483622195071,
    5.414697084357));
#6013 = CARTESIAN_POINT('',(-42.3332461286,12.483825435875,
    5.414522489182));
#6014 = CARTESIAN_POINT('',(-42.33324720241,12.483925136456,
    5.414436843561));
#6015 = CARTESIAN_POINT('',(-42.33324826829,12.484024838714,
    5.414351199232));
#6016 = CARTESIAN_POINT('',(-42.33324932623,12.484124542649,
    5.414265556195));
#6017 = CARTESIAN_POINT('',(-42.33325037623,12.48422424826,
    5.414179914452));
#6018 = CARTESIAN_POINT('',(-42.33325258051,12.484435158128,
    5.413998760029));
#6019 = CARTESIAN_POINT('',(-42.33325373285,12.484546362794,
    5.413903247664));
#6020 = CARTESIAN_POINT('',(-42.33325487531,12.484657569542,
    5.41380773691));
#6021 = CARTESIAN_POINT('',(-42.3332560079,12.484768778373,
    5.413712227768));
#6022 = CARTESIAN_POINT('',(-42.33325713061,12.484879989285,
    5.413616720237));
#6023 = CARTESIAN_POINT('',(-42.33325931782,12.48509857094,
    5.413429009779));
#6024 = CARTESIAN_POINT('',(-42.33326038298,12.485205941542,
    5.413336806743));
#6025 = CARTESIAN_POINT('',(-42.33326143894,12.485313314082,
    5.41324460521));
#6026 = CARTESIAN_POINT('',(-42.3332624857,12.485420688559,
    5.413152405183));
#6027 = CARTESIAN_POINT('',(-42.33326352325,12.485528064972,
    5.41306020666));
#6028 = CARTESIAN_POINT('',(-42.33326561656,12.485746646875,
    5.412872528237));
#6029 = CARTESIAN_POINT('',(-42.33326667167,12.485857852505,
    5.412777048445));
#6030 = CARTESIAN_POINT('',(-42.33326771689,12.48596906021,5.41268157027
    ));
#6031 = CARTESIAN_POINT('',(-42.33326875224,12.486080269989,
    5.412586093711));
#6032 = CARTESIAN_POINT('',(-42.33326977771,12.486191481841,
    5.412490618771));
#6033 = CARTESIAN_POINT('',(-42.33327180882,12.486413899781,
    5.412299680634));
#6034 = CARTESIAN_POINT('',(-42.33327281445,12.486525105869,
    5.412204217436));
#6035 = CARTESIAN_POINT('',(-42.3332738102,12.486636314027,
    5.412108755859));
#6036 = CARTESIAN_POINT('',(-42.33327479608,12.486747524256,
    5.412013295901));
#6037 = CARTESIAN_POINT('',(-42.33327577208,12.486858736554,
    5.411917837564));
#6038 = CARTESIAN_POINT('',(-42.33327770424,12.487081155376,
    5.411726932641));
#6039 = CARTESIAN_POINT('',(-42.3332786604,12.487192361899,
    5.411631486053));
#6040 = CARTESIAN_POINT('',(-42.33327960668,12.48730357049,
    5.411536041088));
#6041 = CARTESIAN_POINT('',(-42.33328054309,12.487414781146,
    5.411440597746));
#6042 = CARTESIAN_POINT('',(-42.33328146961,12.487525993868,
    5.411345156029));
#6043 = CARTESIAN_POINT('',(-42.33328330283,12.487748413527,
    5.411154284349));
#6044 = CARTESIAN_POINT('',(-42.33328420952,12.487859620465,
    5.411058854387));
#6045 = CARTESIAN_POINT('',(-42.33328510633,12.487970829465,
    5.41096342605));
#6046 = CARTESIAN_POINT('',(-42.33328599326,12.488082040527,
    5.410867999339));
#6047 = CARTESIAN_POINT('',(-42.33328687031,12.48819325365,
    5.410772574256));
#6048 = CARTESIAN_POINT('',(-42.33328860458,12.488415674103,
    5.410581735851));
#6049 = CARTESIAN_POINT('',(-42.3332894618,12.488526881432,
    5.410486322529));
#6050 = CARTESIAN_POINT('',(-42.33329030914,12.488638090821,
    5.410390910835));
#6051 = CARTESIAN_POINT('',(-42.3332911466,12.488749302266,
    5.410295500771));
#6052 = CARTESIAN_POINT('',(-42.33329197418,12.488860515769,
    5.410200092337));
#6053 = CARTESIAN_POINT('',(-42.3332936095,12.489082936971,
    5.410009287237));
#6054 = CARTESIAN_POINT('',(-42.33329441725,12.489194144671,
    5.40991389057));
#6055 = CARTESIAN_POINT('',(-42.33329521512,12.489305354425,
    5.409818495535));
#6056 = CARTESIAN_POINT('',(-42.3332960031,12.489416566232,
    5.409723102133));
#6057 = CARTESIAN_POINT('',(-42.33329678121,12.489527780092,
    5.409627710364));
#6058 = CARTESIAN_POINT('',(-42.33329831759,12.489750202,5.409436938599)
  );
#6059 = CARTESIAN_POINT('',(-42.33329907587,12.489861410047,
    5.409341558603));
#6060 = CARTESIAN_POINT('',(-42.33329982426,12.489972620145,
    5.409246180242));
#6061 = CARTESIAN_POINT('',(-42.33330056277,12.490083832292,
    5.409150803516));
#6062 = CARTESIAN_POINT('',(-42.33330129141,12.490195046488,
    5.409055428427));
#6063 = CARTESIAN_POINT('',(-42.33330272884,12.490417469057,
    5.408864690028));
#6064 = CARTESIAN_POINT('',(-42.33330343764,12.49052867743,
    5.408769326718));
#6065 = CARTESIAN_POINT('',(-42.33330413657,12.49063988785,
    5.408673965045));
#6066 = CARTESIAN_POINT('',(-42.33330482561,12.490751100315,
    5.408578605012));
#6067 = CARTESIAN_POINT('',(-42.33330550476,12.490862314824,
    5.408483246618));
#6068 = CARTESIAN_POINT('',(-42.33330684325,12.491084738011,
    5.408292541615));
#6069 = CARTESIAN_POINT('',(-42.33330750258,12.491195946688,
    5.408197195006));
#6070 = CARTESIAN_POINT('',(-42.33330815203,12.491307157407,
    5.408101850037));
#6071 = CARTESIAN_POINT('',(-42.3333087916,12.491418370168,
    5.408006506711));
#6072 = CARTESIAN_POINT('',(-42.33330942128,12.491529584969,
    5.407911165027));
#6073 = CARTESIAN_POINT('',(-42.33331066083,12.491752008729,
    5.407720493451));
#6074 = CARTESIAN_POINT('',(-42.33331127069,12.491863217688,
    5.407625163558));
#6075 = CARTESIAN_POINT('',(-42.33331187066,12.491974428685,
    5.407529835309));
#6076 = CARTESIAN_POINT('',(-42.33331246076,12.492085641719,
    5.407434508705));
#6077 = CARTESIAN_POINT('',(-42.33331304097,12.492196856789,
    5.407339183746));
#6078 = CARTESIAN_POINT('',(-42.3333141619,12.492415446514,
    5.407151832203));
#6079 = CARTESIAN_POINT('',(-42.33331470329,12.492522821029,
    5.407059805506));
#6080 = CARTESIAN_POINT('',(-42.33331523547,12.492630197441,
    5.406967780344));
#6081 = CARTESIAN_POINT('',(-42.33331575844,12.492737575748,
    5.406875756718));
#6082 = CARTESIAN_POINT('',(-42.33331627219,12.49284495595,
    5.406783734629));
#6083 = CARTESIAN_POINT('',(-42.33331724518,12.493052041707,
    5.406606273522));
#6084 = CARTESIAN_POINT('',(-42.33331770569,12.493151747002,
    5.406520834292));
#6085 = CARTESIAN_POINT('',(-42.33331815826,12.493251453929,
    5.406435396388));
#6086 = CARTESIAN_POINT('',(-42.33331860288,12.493351162487,
    5.40634995981));
#6087 = CARTESIAN_POINT('',(-42.33331903955,12.493450872675,
    5.40626452456));
#6088 = CARTESIAN_POINT('',(-42.33331994643,12.49366179211,5.40608380702
    ));
#6089 = CARTESIAN_POINT('',(-42.3333204147,12.493773001754,
    5.405988525054));
#6090 = CARTESIAN_POINT('',(-42.33332087308,12.493884213424,
    5.405893244741));
#6091 = CARTESIAN_POINT('',(-42.33332132158,12.49399542712,
    5.405797966081));
#6092 = CARTESIAN_POINT('',(-42.33332176019,12.494106642841,
    5.405702689076));
#6093 = CARTESIAN_POINT('',(-42.33332258803,12.494321399216,
    5.405518716733));
#6094 = CARTESIAN_POINT('',(-42.33332297858,12.494424939601,
    5.405430021176));
#6095 = CARTESIAN_POINT('',(-42.33332336056,12.49452848174,
    5.405341327053));
#6096 = CARTESIAN_POINT('',(-42.33332373397,12.494632025631,
    5.405252634367));
#6097 = CARTESIAN_POINT('',(-42.3333240988,12.494735571273,
    5.405163943117));
#6098 = CARTESIAN_POINT('',(-42.33332483769,12.494950326651,
    5.404980002087));
#6099 = CARTESIAN_POINT('',(-42.33332521043,12.495061536655,
    5.404884752527));
#6100 = CARTESIAN_POINT('',(-42.33332557328,12.495172748678,
    5.404789504625));
#6101 = CARTESIAN_POINT('',(-42.33332592624,12.495283962718,
    5.404694258383));
#6102 = CARTESIAN_POINT('',(-42.33332626931,12.495395178775,
    5.404599013802));
#6103 = CARTESIAN_POINT('',(-42.33332693564,12.495617604991,
    5.404408536464));
#6104 = CARTESIAN_POINT('',(-42.33332725891,12.49572881515,
    5.404313303708));
#6105 = CARTESIAN_POINT('',(-42.33332757228,12.495840027323,
    5.404218072614));
#6106 = CARTESIAN_POINT('',(-42.33332787577,12.495951241509,
    5.404122843182));
#6107 = CARTESIAN_POINT('',(-42.33332816936,12.496062457708,
    5.404027615413));
#6108 = CARTESIAN_POINT('',(-42.33332872697,12.496281049596,
    5.403840454932));
#6109 = CARTESIAN_POINT('',(-42.33332899165,12.496388425148,
    5.403748522105));
#6110 = CARTESIAN_POINT('',(-42.33332924711,12.496495802573,
    5.403656590831));
#6111 = CARTESIAN_POINT('',(-42.33332949335,12.496603181872,
    5.40356466111));
#6112 = CARTESIAN_POINT('',(-42.33332973037,12.496710563044,
    5.403472732942));
#6113 = CARTESIAN_POINT('',(-42.33333018595,12.496925319871,
    5.403288887641));
#6114 = CARTESIAN_POINT('',(-42.33333040451,12.497032695526,
    5.403196970508));
#6115 = CARTESIAN_POINT('',(-42.33333061385,12.497140073051,
    5.403105054929));
#6116 = CARTESIAN_POINT('',(-42.33333081397,12.497247452446,
    5.403013140906));
#6117 = CARTESIAN_POINT('',(-42.33333100487,12.49735483371,
    5.402921228439));
#6118 = CARTESIAN_POINT('',(-42.33333136172,12.497565756091,
    5.402740696658));
#6119 = CARTESIAN_POINT('',(-42.33333152832,12.497669297077,
    5.402652077235));
#6120 = CARTESIAN_POINT('',(-42.33333168635,12.497772839799,
    5.402563459259));
#6121 = CARTESIAN_POINT('',(-42.3333318358,12.497876384256,
    5.402474842733));
#6122 = CARTESIAN_POINT('',(-42.33333197668,12.497979930447,
    5.402386227656));
#6123 = CARTESIAN_POINT('',(-42.33333225107,12.49819468692,5.40220244464
    ));
#6124 = CARTESIAN_POINT('',(-42.33333238326,12.498305897469,
    5.402107276923));
#6125 = CARTESIAN_POINT('',(-42.33333250557,12.498417110015,
    5.402012110879));
#6126 = CARTESIAN_POINT('',(-42.33333261798,12.49852832456,5.40191694651
    ));
#6127 = CARTESIAN_POINT('',(-42.3333327205,12.498639541101,
    5.401821783816));
#6128 = CARTESIAN_POINT('',(-42.33333290575,12.498861968238,
    5.401631470283));
#6129 = CARTESIAN_POINT('',(-42.33333298847,12.498973178833,
    5.401536319443));
#6130 = CARTESIAN_POINT('',(-42.3333330613,12.499084391423,5.40144117028
    ));
#6131 = CARTESIAN_POINT('',(-42.33333312424,12.499195606007,
    5.401346022794));
#6132 = CARTESIAN_POINT('',(-42.33333317729,12.499306822583,
    5.401250876986));
#6133 = CARTESIAN_POINT('',(-42.33333325807,12.499515030508,
    5.40107276139));
#6134 = CARTESIAN_POINT('',(-42.33333328817,12.499612021379,
    5.400989791198));
#6135 = CARTESIAN_POINT('',(-42.33333331075,12.499709013765,
    5.400906822285));
#6136 = CARTESIAN_POINT('',(-42.3333333258,12.499806007664,
    5.400823854649));
#6137 = CARTESIAN_POINT('',(-42.33333333333,12.499903003076,
    5.400740888292));
#6138 = CARTESIAN_POINT('',(-42.33333333333,12.5,5.400657923215));
#6139 = ORIENTED_EDGE('',*,*,#5837,.F.);
#6140 = CYLINDRICAL_SURFACE('',#6141,1.5);
#6141 = AXIS2_PLACEMENT_3D('',#6142,#6143,#6144);
#6142 = CARTESIAN_POINT('',(-40.83333333333,12.5,0.));
#6143 = DIRECTION('',(0.,0.,-1.));
#6144 = DIRECTION('',(-1.,0.,0.));
#6145 = ADVANCED_FACE('',(#6146),#6166,.T.);
#6146 = FACE_BOUND('',#6147,.F.);
#6147 = EDGE_LOOP('',(#6148,#6149,#6150,#6158,#6165));
#6148 = ORIENTED_EDGE('',*,*,#1351,.F.);
#6149 = ORIENTED_EDGE('',*,*,#5862,.T.);
#6150 = ORIENTED_EDGE('',*,*,#6151,.F.);
#6151 = EDGE_CURVE('',#6152,#5854,#6154,.T.);
#6152 = VERTEX_POINT('',#6153);
#6153 = CARTESIAN_POINT('',(-39.33333333333,19.,3.));
#6154 = LINE('',#6155,#6156);
#6155 = CARTESIAN_POINT('',(-39.33333333333,28.874236596195,3.));
#6156 = VECTOR('',#6157,1.);
#6157 = DIRECTION('',(0.,1.,0.));
#6158 = ORIENTED_EDGE('',*,*,#6159,.F.);
#6159 = EDGE_CURVE('',#5878,#6152,#6160,.T.);
#6160 = CIRCLE('',#6161,10.);
#6161 = AXIS2_PLACEMENT_3D('',#6162,#6163,#6164);
#6162 = CARTESIAN_POINT('',(-39.33333333333,19.,13.));
#6163 = DIRECTION('',(1.,0.,0.));
#6164 = DIRECTION('',(0.,-1.,0.));
#6165 = ORIENTED_EDGE('',*,*,#5877,.F.);
#6166 = PLANE('',#6167);
#6167 = AXIS2_PLACEMENT_3D('',#6168,#6169,#6170);
#6168 = CARTESIAN_POINT('',(-39.33333333333,22.5,0.));
#6169 = DIRECTION('',(-1.,-0.,-0.));
#6170 = DIRECTION('',(0.,1.,0.));
#6171 = ADVANCED_FACE('',(#6172),#6206,.F.);
#6172 = FACE_BOUND('',#6173,.T.);
#6173 = EDGE_LOOP('',(#6174,#6175,#6183,#6191,#6200));
#6174 = ORIENTED_EDGE('',*,*,#1368,.F.);
#6175 = ORIENTED_EDGE('',*,*,#6176,.T.);
#6176 = EDGE_CURVE('',#1369,#6177,#6179,.T.);
#6177 = VERTEX_POINT('',#6178);
#6178 = CARTESIAN_POINT('',(-29.91666666666,22.5,3.));
#6179 = LINE('',#6180,#6181);
#6180 = CARTESIAN_POINT('',(-29.91666666666,22.5,0.));
#6181 = VECTOR('',#6182,1.);
#6182 = DIRECTION('',(0.,0.,1.));
#6183 = ORIENTED_EDGE('',*,*,#6184,.F.);
#6184 = EDGE_CURVE('',#6185,#6177,#6187,.T.);
#6185 = VERTEX_POINT('',#6186);
#6186 = CARTESIAN_POINT('',(-29.91666666666,19.,3.));
#6187 = LINE('',#6188,#6189);
#6188 = CARTESIAN_POINT('',(-29.91666666666,28.874236596195,3.));
#6189 = VECTOR('',#6190,1.);
#6190 = DIRECTION('',(0.,1.,0.));
#6191 = ORIENTED_EDGE('',*,*,#6192,.F.);
#6192 = EDGE_CURVE('',#6193,#6185,#6195,.T.);
#6193 = VERTEX_POINT('',#6194);
#6194 = CARTESIAN_POINT('',(-29.91666666666,12.5,5.400657923215));
#6195 = CIRCLE('',#6196,10.);
#6196 = AXIS2_PLACEMENT_3D('',#6197,#6198,#6199);
#6197 = CARTESIAN_POINT('',(-29.91666666666,19.,13.));
#6198 = DIRECTION('',(1.,0.,0.));
#6199 = DIRECTION('',(0.,-1.,0.));
#6200 = ORIENTED_EDGE('',*,*,#6201,.F.);
#6201 = EDGE_CURVE('',#1371,#6193,#6202,.T.);
#6202 = LINE('',#6203,#6204);
#6203 = CARTESIAN_POINT('',(-29.91666666666,12.5,0.));
#6204 = VECTOR('',#6205,1.);
#6205 = DIRECTION('',(0.,0.,1.));
#6206 = PLANE('',#6207);
#6207 = AXIS2_PLACEMENT_3D('',#6208,#6209,#6210);
#6208 = CARTESIAN_POINT('',(-29.91666666666,22.5,0.));
#6209 = DIRECTION('',(-1.,-0.,-0.));
#6210 = DIRECTION('',(0.,1.,0.));
#6211 = ADVANCED_FACE('',(#6212),#6231,.F.);
#6212 = FACE_BOUND('',#6213,.F.);
#6213 = EDGE_LOOP('',(#6214,#6215,#6216,#6225));
#6214 = ORIENTED_EDGE('',*,*,#1378,.F.);
#6215 = ORIENTED_EDGE('',*,*,#6176,.T.);
#6216 = ORIENTED_EDGE('',*,*,#6217,.F.);
#6217 = EDGE_CURVE('',#6218,#6177,#6220,.T.);
#6218 = VERTEX_POINT('',#6219);
#6219 = CARTESIAN_POINT('',(-26.91666666666,22.5,3.));
#6220 = CIRCLE('',#6221,1.5);
#6221 = AXIS2_PLACEMENT_3D('',#6222,#6223,#6224);
#6222 = CARTESIAN_POINT('',(-28.41666666666,22.5,3.));
#6223 = DIRECTION('',(0.,0.,1.));
#6224 = DIRECTION('',(-1.,0.,0.));
#6225 = ORIENTED_EDGE('',*,*,#6226,.F.);
#6226 = EDGE_CURVE('',#1379,#6218,#6227,.T.);
#6227 = LINE('',#6228,#6229);
#6228 = CARTESIAN_POINT('',(-26.91666666666,22.5,0.));
#6229 = VECTOR('',#6230,1.);
#6230 = DIRECTION('',(0.,0.,1.));
#6231 = CYLINDRICAL_SURFACE('',#6232,1.5);
#6232 = AXIS2_PLACEMENT_3D('',#6233,#6234,#6235);
#6233 = CARTESIAN_POINT('',(-28.41666666666,22.5,0.));
#6234 = DIRECTION('',(0.,0.,-1.));
#6235 = DIRECTION('',(-1.,0.,0.));
#6236 = ADVANCED_FACE('',(#6237),#6514,.F.);
#6237 = FACE_BOUND('',#6238,.F.);
#6238 = EDGE_LOOP('',(#6239,#6240,#6248,#6513));
#6239 = ORIENTED_EDGE('',*,*,#1395,.F.);
#6240 = ORIENTED_EDGE('',*,*,#6241,.T.);
#6241 = EDGE_CURVE('',#1388,#6242,#6244,.T.);
#6242 = VERTEX_POINT('',#6243);
#6243 = CARTESIAN_POINT('',(-26.91666666666,12.5,5.400657923215));
#6244 = LINE('',#6245,#6246);
#6245 = CARTESIAN_POINT('',(-26.91666666666,12.5,0.));
#6246 = VECTOR('',#6247,1.);
#6247 = DIRECTION('',(0.,0.,1.));
#6248 = ORIENTED_EDGE('',*,*,#6249,.T.);
#6249 = EDGE_CURVE('',#6242,#6193,#6250,.T.);
#6250 = B_SPLINE_CURVE_WITH_KNOTS('',6,(#6251,#6252,#6253,#6254,#6255,
    #6256,#6257,#6258,#6259,#6260,#6261,#6262,#6263,#6264,#6265,#6266,
    #6267,#6268,#6269,#6270,#6271,#6272,#6273,#6274,#6275,#6276,#6277,
    #6278,#6279,#6280,#6281,#6282,#6283,#6284,#6285,#6286,#6287,#6288,
    #6289,#6290,#6291,#6292,#6293,#6294,#6295,#6296,#6297,#6298,#6299,
    #6300,#6301,#6302,#6303,#6304,#6305,#6306,#6307,#6308,#6309,#6310,
    #6311,#6312,#6313,#6314,#6315,#6316,#6317,#6318,#6319,#6320,#6321,
    #6322,#6323,#6324,#6325,#6326,#6327,#6328,#6329,#6330,#6331,#6332,
    #6333,#6334,#6335,#6336,#6337,#6338,#6339,#6340,#6341,#6342,#6343,
    #6344,#6345,#6346,#6347,#6348,#6349,#6350,#6351,#6352,#6353,#6354,
    #6355,#6356,#6357,#6358,#6359,#6360,#6361,#6362,#6363,#6364,#6365,
    #6366,#6367,#6368,#6369,#6370,#6371,#6372,#6373,#6374,#6375,#6376,
    #6377,#6378,#6379,#6380,#6381,#6382,#6383,#6384,#6385,#6386,#6387,
    #6388,#6389,#6390,#6391,#6392,#6393,#6394,#6395,#6396,#6397,#6398,
    #6399,#6400,#6401,#6402,#6403,#6404,#6405,#6406,#6407,#6408,#6409,
    #6410,#6411,#6412,#6413,#6414,#6415,#6416,#6417,#6418,#6419,#6420,
    #6421,#6422,#6423,#6424,#6425,#6426,#6427,#6428,#6429,#6430,#6431,
    #6432,#6433,#6434,#6435,#6436,#6437,#6438,#6439,#6440,#6441,#6442,
    #6443,#6444,#6445,#6446,#6447,#6448,#6449,#6450,#6451,#6452,#6453,
    #6454,#6455,#6456,#6457,#6458,#6459,#6460,#6461,#6462,#6463,#6464,
    #6465,#6466,#6467,#6468,#6469,#6470,#6471,#6472,#6473,#6474,#6475,
    #6476,#6477,#6478,#6479,#6480,#6481,#6482,#6483,#6484,#6485,#6486,
    #6487,#6488,#6489,#6490,#6491,#6492,#6493,#6494,#6495,#6496,#6497,
    #6498,#6499,#6500,#6501,#6502,#6503,#6504,#6505,#6506,#6507,#6508,
    #6509,#6510,#6511,#6512),.UNSPECIFIED.,.F.,.F.,(7,5,5,5,5,5,5,5,5,5,
    5,5,5,5,5,5,5,5,5,5,5,5,5,5,5,5,5,5,5,5,5,5,5,5,5,5,5,5,5,5,5,5,5,5,
    5,5,5,5,5,5,5,5,7),(0.,5.753596505401E-02,0.172058393859,
    0.281938644487,0.322083412267,0.3770056854,0.422425802551,
    0.448500191888,0.499775701647,0.577062122807,0.623104376598,
    0.679053044273,0.718257288699,0.827816850723,0.995075086224,
    0.995195473629,0.995335111463,0.995450664421,0.995571023045,
    0.995700999996,0.995840592881,0.995980173349,0.9961197414,
    0.996259297032,0.996398840243,0.996538371034,0.996668267846,
    0.996807774648,0.996928029162,0.997062703255,0.997197365766,
    0.997322399152,0.997423380365,0.997562819897,0.997702247,
    0.997841661674,0.99797625715,0.998115647391,0.998240607382,
    0.99836555738,0.99845205537,0.998591403167,0.998730738529,
    0.998865257424,0.998994961093,0.999095834272,0.999235124605,
    0.999340784837,0.999436833382,0.999576093262,0.999710539274,
    0.999849774703,1.),.UNSPECIFIED.);
#6251 = CARTESIAN_POINT('',(-26.91666666666,12.5,5.400657923215));
#6252 = CARTESIAN_POINT('',(-26.91666666666,12.454036036909,
    5.439972610865));
#6253 = CARTESIAN_POINT('',(-26.91835680598,12.40841821693,
    5.479568973513));
#6254 = CARTESIAN_POINT('',(-26.92168939763,12.363204357958,
    5.519394507213));
#6255 = CARTESIAN_POINT('',(-26.92661733506,12.318448554627,
    5.559395420115));
#6256 = CARTESIAN_POINT('',(-26.93309409216,12.274201178308,
    5.599516632468));
#6257 = CARTESIAN_POINT('',(-26.95695677537,12.143541561127,
    5.719688273858));
#6258 = CARTESIAN_POINT('',(-26.97878925382,12.058799837894,
    5.799904245014));
#6259 = CARTESIAN_POINT('',(-27.00622377864,11.976531733065,
    5.880013305704));
#6260 = CARTESIAN_POINT('',(-27.03897832988,11.896944983216,
    5.959672023137));
#6261 = CARTESIAN_POINT('',(-27.07682795995,11.82023314433,6.0385067194)
  );
#6262 = CARTESIAN_POINT('',(-27.1606314245,11.675954914234,
    6.190528972833));
#6263 = CARTESIAN_POINT('',(-27.20619780915,11.608138188725,
    6.263821682497));
#6264 = CARTESIAN_POINT('',(-27.25617955968,11.543267940446,
    6.335659107599));
#6265 = CARTESIAN_POINT('',(-27.3105209222,11.481502522331,
    6.405662357417));
#6266 = CARTESIAN_POINT('',(-27.3692030977,11.423061728774,
    6.473346776265));
#6267 = CARTESIAN_POINT('',(-27.45524439729,11.348219475164,
    6.561738176366));
#6268 = CARTESIAN_POINT('',(-27.47884820225,11.328675178183,
    6.584999052194));
#6269 = CARTESIAN_POINT('',(-27.50303292576,11.309627676129,
    6.607838417712));
#6270 = CARTESIAN_POINT('',(-27.52779883898,11.291093176637,
    6.630223127715));
#6271 = CARTESIAN_POINT('',(-27.55314582411,11.273089828741,
    6.652116874699));
#6272 = CARTESIAN_POINT('',(-27.61454499562,11.231761402804,
    6.702707454094));
#6273 = CARTESIAN_POINT('',(-27.65111096082,11.208911716686,
    6.730948376223));
#6274 = CARTESIAN_POINT('',(-27.68876035394,11.187147431852,
    6.75809247311));
#6275 = CARTESIAN_POINT('',(-27.72748051791,11.166530976553,
    6.784022240316));
#6276 = CARTESIAN_POINT('',(-27.76725705465,11.147128439969,
    6.808613151095));
#6277 = CARTESIAN_POINT('',(-27.84182884618,11.114025467408,
    6.850854060557));
#6278 = CARTESIAN_POINT('',(-27.87629898553,11.099917899516,
    6.868971038876));
#6279 = CARTESIAN_POINT('',(-27.91145212136,11.086736745661,
    6.885996552439));
#6280 = CARTESIAN_POINT('',(-27.94725523895,11.074529428859,
    6.901846049497));
#6281 = CARTESIAN_POINT('',(-27.98367443056,11.063340918012,
    6.91643846547));
#6282 = CARTESIAN_POINT('',(-28.04191580335,11.047399997911,
    6.937307122078));
#6283 = CARTESIAN_POINT('',(-28.06334396587,11.041937211605,
    6.944476745087));
#6284 = CARTESIAN_POINT('',(-28.08494950168,11.036834261106,
    6.951189387341));
#6285 = CARTESIAN_POINT('',(-28.1067210427,11.032099552859,
    6.957430250689));
#6286 = CARTESIAN_POINT('',(-28.12864573401,11.027741007639,
    6.963185443455));
#6287 = CARTESIAN_POINT('',(-28.1940972953,11.015949293099,6.97877900542
    ));
#6288 = CARTESIAN_POINT('',(-28.23804174864,11.00961224359,
    6.987192698199));
#6289 = CARTESIAN_POINT('',(-28.2824069748,11.004817559854,
    6.993576481632));
#6290 = CARTESIAN_POINT('',(-28.32705679496,11.001606482752,
    6.997858080782));
#6291 = CARTESIAN_POINT('',(-28.37185513114,11.,7.));
#6292 = CARTESIAN_POINT('',(-28.48421008502,11.,7.));
#6293 = CARTESIAN_POINT('',(-28.55166129303,11.00364994111,
    6.995133965301));
#6294 = CARTESIAN_POINT('',(-28.61860375615,11.01092994295,
    6.985425719232));
#6295 = CARTESIAN_POINT('',(-28.68461666682,11.021740223479,
    6.971059931444));
#6296 = CARTESIAN_POINT('',(-28.74927942515,11.035889235259,
    6.952377166869));
#6297 = CARTESIAN_POINT('',(-28.84964590469,11.063324021472,
    6.916459984938));
#6298 = CARTESIAN_POINT('',(-28.88652002457,11.074654644952,
    6.901682105041));
#6299 = CARTESIAN_POINT('',(-28.92276243562,11.08702958079,
    6.885615773775));
#6300 = CARTESIAN_POINT('',(-28.95833801841,11.100402163262,
    6.868345121723));
#6301 = CARTESIAN_POINT('',(-28.99321257786,11.114723152299,
    6.849957931276));
#6302 = CARTESIAN_POINT('',(-29.06883870033,11.148432517074,
    6.80695660847));
#6303 = CARTESIAN_POINT('',(-29.10924636924,11.168250517204,
    6.781850273102));
#6304 = CARTESIAN_POINT('',(-29.14855929592,11.189321452928,
    6.755364929047));
#6305 = CARTESIAN_POINT('',(-29.18676276972,11.211576048257,
    6.727631222354));
#6306 = CARTESIAN_POINT('',(-29.22384392348,11.234949032166,
    6.698772146606));
#6307 = CARTESIAN_POINT('',(-29.28498101474,11.276497756481,
    6.647973221178));
#6308 = CARTESIAN_POINT('',(-29.3096179142,11.294138188714,
    6.626543994839));
#6309 = CARTESIAN_POINT('',(-29.33370194817,11.312281935204,
    6.604651734903));
#6310 = CARTESIAN_POINT('',(-29.35723301154,11.330912278862,
    6.582329920775));
#6311 = CARTESIAN_POINT('',(-29.38021137785,11.350014285597,
    6.559609140267));
#6312 = CARTESIAN_POINT('',(-29.4653099424,11.424238320839,
    6.471984409687));
#6313 = CARTESIAN_POINT('',(-29.52368211148,11.482492824147,
    6.404540316052));
#6314 = CARTESIAN_POINT('',(-29.57774885908,11.544042269961,
    6.334801986852));
#6315 = CARTESIAN_POINT('',(-29.62749122759,11.608669999387,
    6.263247371538));
#6316 = CARTESIAN_POINT('',(-29.67285380771,11.676219638203,
    6.190250594485));
#6317 = CARTESIAN_POINT('',(-29.77611284091,11.853984971409,
    6.00294244266));
#6318 = CARTESIAN_POINT('',(-29.82809869122,11.968055643142,
    5.886991972048));
#6319 = CARTESIAN_POINT('',(-29.86905020215,12.088102198726,
    5.769662462265));
#6320 = CARTESIAN_POINT('',(-29.89815427129,12.213436361747,
    5.652136725709));
#6321 = CARTESIAN_POINT('',(-29.91438876861,12.343253186866,
    5.535510812048));
#6322 = CARTESIAN_POINT('',(-29.91648301617,12.476528167085,
    5.420797188282));
#6323 = CARTESIAN_POINT('',(-29.91648451513,12.476624026962,
    5.42071468145));
#6324 = CARTESIAN_POINT('',(-29.91648600677,12.476719888422,
    5.420632175789));
#6325 = CARTESIAN_POINT('',(-29.91648749107,12.476815751466,
    5.420549671297));
#6326 = CARTESIAN_POINT('',(-29.91648896804,12.476911616092,
    5.420467167977));
#6327 = CARTESIAN_POINT('',(-29.91649214233,12.477118677899,
    5.420288971253));
#6328 = CARTESIAN_POINT('',(-29.91649383711,12.477229875626,
    5.420193278255));
#6329 = CARTESIAN_POINT('',(-29.91649552203,12.477341075481,
    5.420097586833));
#6330 = CARTESIAN_POINT('',(-29.91649719709,12.477452277462,
    5.420001896989));
#6331 = CARTESIAN_POINT('',(-29.91649886228,12.477563481568,
    5.419906208723));
#6332 = CARTESIAN_POINT('',(-29.91650188742,12.477766713067,
    5.419731339487));
#6333 = CARTESIAN_POINT('',(-29.91650325048,12.477858739789,
    5.419652158019));
#6334 = CARTESIAN_POINT('',(-29.91650460678,12.477950767965,
    5.419572977632));
#6335 = CARTESIAN_POINT('',(-29.91650595633,12.478042797595,
    5.419493798328));
#6336 = CARTESIAN_POINT('',(-29.91650729911,12.478134828679,
    5.419414620107));
#6337 = CARTESIAN_POINT('',(-29.91651002674,12.47832272124,
    5.419252972979));
#6338 = CARTESIAN_POINT('',(-29.91651141101,12.47841858284,
    5.419170504164));
#6339 = CARTESIAN_POINT('',(-29.91651278794,12.478514446017,
    5.419088036524));
#6340 = CARTESIAN_POINT('',(-29.91651415754,12.478610310768,
    5.419005570061));
#6341 = CARTESIAN_POINT('',(-29.91651551981,12.478706177094,
    5.418923104775));
#6342 = CARTESIAN_POINT('',(-29.91651833797,12.47890557407,
    5.418751586529));
#6343 = CARTESIAN_POINT('',(-29.91651979263,12.479009104983,
    5.418662533765));
#6344 = CARTESIAN_POINT('',(-29.91652123874,12.47911263773,
    5.418573482374));
#6345 = CARTESIAN_POINT('',(-29.9165226763,12.479216172311,
    5.418484432358));
#6346 = CARTESIAN_POINT('',(-29.91652410531,12.479319708726,
    5.418395383717));
#6347 = CARTESIAN_POINT('',(-29.91652705131,12.47953444517,
    5.418210701306));
#6348 = CARTESIAN_POINT('',(-29.91652856699,12.479645645481,
    5.418115067747));
#6349 = CARTESIAN_POINT('',(-29.9165300728,12.479756847904,
    5.418019435776));
#6350 = CARTESIAN_POINT('',(-29.91653156874,12.47986805244,
    5.417923805393));
#6351 = CARTESIAN_POINT('',(-29.91653305481,12.479979259086,5.4178281766
    ));
#6352 = CARTESIAN_POINT('',(-29.91653600709,12.480201666706,5.4176369307
    ));
#6353 = CARTESIAN_POINT('',(-29.9165374733,12.48031286768,5.417541313593
    ));
#6354 = CARTESIAN_POINT('',(-29.91653892964,12.480424070762,
    5.417445698077));
#6355 = CARTESIAN_POINT('',(-29.91654037612,12.480535275952,
    5.417350084152));
#6356 = CARTESIAN_POINT('',(-29.91654181272,12.480646483249,
    5.41725447182));
#6357 = CARTESIAN_POINT('',(-29.91654466606,12.480868892161,
    5.417063258848));
#6358 = CARTESIAN_POINT('',(-29.9165460828,12.480980093775,
    5.416967658209));
#6359 = CARTESIAN_POINT('',(-29.91654748967,12.481091297494,
    5.416872059163));
#6360 = CARTESIAN_POINT('',(-29.91654888667,12.481202503317,
    5.416776461712));
#6361 = CARTESIAN_POINT('',(-29.91655027381,12.481313711242,
    5.416680865857));
#6362 = CARTESIAN_POINT('',(-29.91655302821,12.481536121401,
    5.416489685845));
#6363 = CARTESIAN_POINT('',(-29.91655439548,12.481647323634,
    5.416394101688));
#6364 = CARTESIAN_POINT('',(-29.91655575288,12.481758527968,
    5.416298519128));
#6365 = CARTESIAN_POINT('',(-29.91655710041,12.481869734401,
    5.416202938166));
#6366 = CARTESIAN_POINT('',(-29.91655843808,12.481980942933,
    5.416107358802));
#6367 = CARTESIAN_POINT('',(-29.91656109354,12.482203354295,
    5.41591621178));
#6368 = CARTESIAN_POINT('',(-29.91656241134,12.482314557125,
    5.415820644121));
#6369 = CARTESIAN_POINT('',(-29.91656371927,12.482425762051,
    5.415725078063));
#6370 = CARTESIAN_POINT('',(-29.91656501733,12.482536969073,
    5.415629513605));
#6371 = CARTESIAN_POINT('',(-29.91656630552,12.48264817819,
    5.415533950749));
#6372 = CARTESIAN_POINT('',(-29.91656886204,12.482870590711,
    5.415342836747));
#6373 = CARTESIAN_POINT('',(-29.91657013037,12.482981794116,
    5.415247285602));
#6374 = CARTESIAN_POINT('',(-29.91657138884,12.483092999613,
    5.41515173606));
#6375 = CARTESIAN_POINT('',(-29.91657263743,12.483204207201,
    5.415056188121));
#6376 = CARTESIAN_POINT('',(-29.91657387614,12.483315416881,
    5.414960641788));
#6377 = CARTESIAN_POINT('',(-29.91657624899,12.483530161741,
    5.41477614927));
#6378 = CARTESIAN_POINT('',(-29.91657738443,12.483633696644,
    5.414687202871));
#6379 = CARTESIAN_POINT('',(-29.91657851131,12.483737233356,
    5.414598257865));
#6380 = CARTESIAN_POINT('',(-29.91657962964,12.483840771879,
    5.414509314251));
#6381 = CARTESIAN_POINT('',(-29.9165807394,12.48394431221,5.414420372031
    ));
#6382 = CARTESIAN_POINT('',(-29.91658302329,12.484159056716,
    5.414235910383));
#6383 = CARTESIAN_POINT('',(-29.9165841961,12.484270261168,
    5.414140391169));
#6384 = CARTESIAN_POINT('',(-29.91658535903,12.484381467705,
    5.414044873564));
#6385 = CARTESIAN_POINT('',(-29.91658651209,12.484492676325,
    5.413949357569));
#6386 = CARTESIAN_POINT('',(-29.91658765527,12.484603887029,
    5.413853843184));
#6387 = CARTESIAN_POINT('',(-29.91658976549,12.484810964955,
    5.413675998641));
#6388 = CARTESIAN_POINT('',(-29.91659073507,12.484906831643,
    5.413593668068));
#6389 = CARTESIAN_POINT('',(-29.9165916973,12.485002699878,
    5.413511338693));
#6390 = CARTESIAN_POINT('',(-29.9165926522,12.485098569658,
    5.413429010516));
#6391 = CARTESIAN_POINT('',(-29.91659359975,12.485194440983,
    5.413346683539));
#6392 = CARTESIAN_POINT('',(-29.91659559293,12.485397682728,
    5.413172160394));
#6393 = CARTESIAN_POINT('',(-29.91659663669,12.48550505354,
    5.413079964532));
#6394 = CARTESIAN_POINT('',(-29.91659767123,12.485612426288,
    5.412987770175));
#6395 = CARTESIAN_POINT('',(-29.91659869658,12.485719800971,
    5.412895577324));
#6396 = CARTESIAN_POINT('',(-29.91659971271,12.48582717759,5.41280338598
    ));
#6397 = CARTESIAN_POINT('',(-29.91660172648,12.486041925458,
    5.412619014236));
#6398 = CARTESIAN_POINT('',(-29.91660272412,12.486149296708,
    5.412526833836));
#6399 = CARTESIAN_POINT('',(-29.91660371255,12.48625666989,
    5.412434654944));
#6400 = CARTESIAN_POINT('',(-29.91660469178,12.486364045004,
    5.412342477561));
#6401 = CARTESIAN_POINT('',(-29.91660566179,12.48647142205,
    5.412250301687));
#6402 = CARTESIAN_POINT('',(-29.9166075147,12.486678501802,
    5.412072543943));
#6403 = CARTESIAN_POINT('',(-29.91660839887,12.486778204244,
    5.411986961865));
#6404 = CARTESIAN_POINT('',(-29.9166092751,12.486877908349,
    5.411901381089));
#6405 = CARTESIAN_POINT('',(-29.91661014339,12.486977614116,
    5.411815801616));
#6406 = CARTESIAN_POINT('',(-29.91661100374,12.487077321545,
    5.411730223448));
#6407 = CARTESIAN_POINT('',(-29.91661254458,12.487257559086,5.4115755318
    ));
#6408 = CARTESIAN_POINT('',(-29.91661322784,12.48733808862,
    5.411506417867));
#6409 = CARTESIAN_POINT('',(-29.91661390591,12.487418619237,
    5.411437304785));
#6410 = CARTESIAN_POINT('',(-29.91661457881,12.487499150937,
    5.411368192554));
#6411 = CARTESIAN_POINT('',(-29.91661524652,12.48757968372,
    5.411299081176));
#6412 = CARTESIAN_POINT('',(-29.91661682392,12.487771422473,
    5.411134539636));
#6413 = CARTESIAN_POINT('',(-29.9166177289,12.487882629424,
    5.411039110247));
#6414 = CARTESIAN_POINT('',(-29.91661862401,12.487993838438,
    5.410943682484));
#6415 = CARTESIAN_POINT('',(-29.91661950924,12.488105049514,
    5.410848256347));
#6416 = CARTESIAN_POINT('',(-29.91662038458,12.488216262651,
    5.410752831837));
#6417 = CARTESIAN_POINT('',(-29.91662211544,12.48843868313,5.41056199458
    ));
#6418 = CARTESIAN_POINT('',(-29.91662297095,12.488549890473,
    5.410466581832));
#6419 = CARTESIAN_POINT('',(-29.91662381659,12.488661099874,
    5.410371170713));
#6420 = CARTESIAN_POINT('',(-29.91662465234,12.488772311332,
    5.410275761223));
#6421 = CARTESIAN_POINT('',(-29.91662547821,12.488883524848,
    5.410180353363));
#6422 = CARTESIAN_POINT('',(-29.91662711013,12.489105946075,
    5.409989549412));
#6423 = CARTESIAN_POINT('',(-29.91662791617,12.489217153787,
    5.40989415332));
#6424 = CARTESIAN_POINT('',(-29.91662871233,12.489328363553,
    5.40979875886));
#6425 = CARTESIAN_POINT('',(-29.91662949861,12.489439575372,
    5.409703366032));
#6426 = CARTESIAN_POINT('',(-29.91663027501,12.489550789245,
    5.409607974838));
#6427 = CARTESIAN_POINT('',(-29.91663178155,12.489769376651,
    5.409420493084));
#6428 = CARTESIAN_POINT('',(-29.91663251236,12.489876750046,
    5.409328402412));
#6429 = CARTESIAN_POINT('',(-29.91663323396,12.489984125353,
    5.409236313265));
#6430 = CARTESIAN_POINT('',(-29.91663394635,12.490091502569,
    5.409144225642));
#6431 = CARTESIAN_POINT('',(-29.91663464952,12.490198881696,
    5.409052139545));
#6432 = CARTESIAN_POINT('',(-29.91663606217,12.490417469057,
    5.408864690028));
#6433 = CARTESIAN_POINT('',(-29.91663677098,12.49052867743,
    5.408769326718));
#6434 = CARTESIAN_POINT('',(-29.9166374699,12.49063988785,5.408673965045
    ));
#6435 = CARTESIAN_POINT('',(-29.91663815894,12.490751100315,
    5.408578605012));
#6436 = CARTESIAN_POINT('',(-29.9166388381,12.490862314824,
    5.408483246618));
#6437 = CARTESIAN_POINT('',(-29.91664010736,12.491073234336,
    5.408302404832));
#6438 = CARTESIAN_POINT('',(-29.9166406994,12.491172938938,
    5.408216921119));
#6439 = CARTESIAN_POINT('',(-29.91664128351,12.491272645181,
    5.408131438725));
#6440 = CARTESIAN_POINT('',(-29.91664185966,12.491372353066,
    5.40804595765));
#6441 = CARTESIAN_POINT('',(-29.91664242788,12.49147206259,
    5.407960477895));
#6442 = CARTESIAN_POINT('',(-29.91664354837,12.491671476945,
    5.407789527863));
#6443 = CARTESIAN_POINT('',(-29.91664410064,12.491771181774,
    5.407704057585));
#6444 = CARTESIAN_POINT('',(-29.91664464498,12.491870888242,
    5.407618588629));
#6445 = CARTESIAN_POINT('',(-29.91664518137,12.491970596348,
    5.407533120994));
#6446 = CARTESIAN_POINT('',(-29.91664570981,12.492070306092,
    5.407447654682));
#6447 = CARTESIAN_POINT('',(-29.91664659064,12.492239043756,
    5.407303025627));
#6448 = CARTESIAN_POINT('',(-29.91664694715,12.492308070824,
    5.407243862196));
#6449 = CARTESIAN_POINT('',(-29.91664729985,12.492377098676,
    5.407184699399));
#6450 = CARTESIAN_POINT('',(-29.91664764875,12.492446127312,
    5.407125537236));
#6451 = CARTESIAN_POINT('',(-29.91664799384,12.492515156732,
    5.407066375708));
#6452 = CARTESIAN_POINT('',(-29.91664888492,12.492695394222,
    5.406911906933));
#6453 = CARTESIAN_POINT('',(-29.91664942484,12.492806603542,5.4068166007
    ));
#6454 = CARTESIAN_POINT('',(-29.91664995487,12.492917814894,
    5.406721296114));
#6455 = CARTESIAN_POINT('',(-29.91665047502,12.493029028277,
    5.406625993178));
#6456 = CARTESIAN_POINT('',(-29.91665098528,12.493140243691,
    5.406530691892));
#6457 = CARTESIAN_POINT('',(-29.91665198599,12.493362668654,
    5.406340101125));
#6458 = CARTESIAN_POINT('',(-29.91665247644,12.493473878203,
    5.406244811644));
#6459 = CARTESIAN_POINT('',(-29.916652957,12.49358508978,5.406149523814)
  );
#6460 = CARTESIAN_POINT('',(-29.91665342767,12.493696303384,
    5.406054237637));
#6461 = CARTESIAN_POINT('',(-29.91665388846,12.493807519014,
    5.405958953112));
#6462 = CARTESIAN_POINT('',(-29.91665477467,12.494026109816,
    5.405771681057));
#6463 = CARTESIAN_POINT('',(-29.91665520077,12.49413348485,
    5.405679693413));
#6464 = CARTESIAN_POINT('',(-29.91665561765,12.494240861771,
    5.405587707312));
#6465 = CARTESIAN_POINT('',(-29.91665602531,12.494348240578,
    5.405495722753));
#6466 = CARTESIAN_POINT('',(-29.91665642376,12.494455621271,
    5.405403739739));
#6467 = CARTESIAN_POINT('',(-29.91665718828,12.494666542568,
    5.405223069359));
#6468 = CARTESIAN_POINT('',(-29.91665755501,12.49477008304,
    5.405134381885));
#6469 = CARTESIAN_POINT('',(-29.91665791316,12.494873625264,
    5.405045695848));
#6470 = CARTESIAN_POINT('',(-29.91665826275,12.494977169238,
    5.404957011248));
#6471 = CARTESIAN_POINT('',(-29.91665860376,12.495080714961,
    5.404868328085));
#6472 = CARTESIAN_POINT('',(-29.91665919474,12.495264793407,
    5.404710676784));
#6473 = CARTESIAN_POINT('',(-29.91665944811,12.495345325438,
    5.404641708077));
#6474 = CARTESIAN_POINT('',(-29.91665969628,12.495425858527,
    5.40457274024));
#6475 = CARTESIAN_POINT('',(-29.91665993927,12.495506392672,
    5.404503773273));
#6476 = CARTESIAN_POINT('',(-29.91666017707,12.495586927875,
    5.404434807178));
#6477 = CARTESIAN_POINT('',(-29.9166607309,12.495778672312,
    5.404270611595));
#6478 = CARTESIAN_POINT('',(-29.91666104223,12.495889882504,
    5.404175382897));
#6479 = CARTESIAN_POINT('',(-29.91666134366,12.49600109471,
    5.404080155862));
#6480 = CARTESIAN_POINT('',(-29.9166616352,12.496112308929,5.40398493049
    ));
#6481 = CARTESIAN_POINT('',(-29.91666191686,12.496223525159,
    5.403889706782));
#6482 = CARTESIAN_POINT('',(-29.91666239477,12.496419109233,
    5.403722252999));
#6483 = CARTESIAN_POINT('',(-29.91666259523,12.496503476224,
    5.403650022217));
#6484 = CARTESIAN_POINT('',(-29.91666278999,12.496587844371,
    5.403577792393));
#6485 = CARTESIAN_POINT('',(-29.91666297907,12.496672213674,
    5.403505563529));
#6486 = CARTESIAN_POINT('',(-29.91666316245,12.496756584133,
    5.403433335623));
#6487 = CARTESIAN_POINT('',(-29.91666350166,12.496917652255,
    5.403295452064));
#6488 = CARTESIAN_POINT('',(-29.91666365849,12.496994349717,
    5.403229796243));
#6489 = CARTESIAN_POINT('',(-29.9166638106,12.497071048133,
    5.403164141215));
#6490 = CARTESIAN_POINT('',(-29.91666395802,12.497147747503,
    5.403098486981));
#6491 = CARTESIAN_POINT('',(-29.91666410072,12.497224447827,
    5.403032833541));
#6492 = CARTESIAN_POINT('',(-29.91666443882,12.497412357565,
    5.402871991741));
#6493 = CARTESIAN_POINT('',(-29.91666462902,12.49752356803,
    5.402776804256));
#6494 = CARTESIAN_POINT('',(-29.91666480933,12.497634780498,
    5.402681618441));
#6495 = CARTESIAN_POINT('',(-29.91666497975,12.497745994968,
    5.402586434297));
#6496 = CARTESIAN_POINT('',(-29.91666514027,12.49785721144,
    5.402491251824));
#6497 = CARTESIAN_POINT('',(-29.91666543633,12.498075803838,
    5.402304180389));
#6498 = CARTESIAN_POINT('',(-29.91666557253,12.498183179629,
    5.402212291312));
#6499 = CARTESIAN_POINT('',(-29.91666569952,12.498290557283,
    5.402120403795));
#6500 = CARTESIAN_POINT('',(-29.91666581728,12.4983979368,5.402028517838
    ));
#6501 = CARTESIAN_POINT('',(-29.91666592581,12.498505318179,
    5.401936633442));
#6502 = CARTESIAN_POINT('',(-29.91666612798,12.498723910011,5.4017495946
    ));
#6503 = CARTESIAN_POINT('',(-29.91666622094,12.498835120599,
    5.401654440267));
#6504 = CARTESIAN_POINT('',(-29.91666630401,12.498946333182,
    5.40155928761));
#6505 = CARTESIAN_POINT('',(-29.91666637719,12.499057547759,
    5.40146413663));
#6506 = CARTESIAN_POINT('',(-29.91666644047,12.499168764329,
    5.401368987327));
#6507 = CARTESIAN_POINT('',(-29.91666655145,12.499399979949,
    5.401171182067));
#6508 = CARTESIAN_POINT('',(-29.91666659754,12.499519979325,
    5.401068526384));
#6509 = CARTESIAN_POINT('',(-29.9166666321,12.49963998102,5.400965872657
    ));
#6510 = CARTESIAN_POINT('',(-29.91666665514,12.499759985031,
    5.400863220885));
#6511 = CARTESIAN_POINT('',(-29.91666666666,12.499879991358,
    5.400760571071));
#6512 = CARTESIAN_POINT('',(-29.91666666666,12.5,5.400657923215));
#6513 = ORIENTED_EDGE('',*,*,#6201,.F.);
#6514 = CYLINDRICAL_SURFACE('',#6515,1.5);
#6515 = AXIS2_PLACEMENT_3D('',#6516,#6517,#6518);
#6516 = CARTESIAN_POINT('',(-28.41666666666,12.5,0.));
#6517 = DIRECTION('',(0.,0.,-1.));
#6518 = DIRECTION('',(-1.,0.,0.));
#6519 = ADVANCED_FACE('',(#6520),#6540,.T.);
#6520 = FACE_BOUND('',#6521,.F.);
#6521 = EDGE_LOOP('',(#6522,#6523,#6524,#6532,#6539));
#6522 = ORIENTED_EDGE('',*,*,#1387,.F.);
#6523 = ORIENTED_EDGE('',*,*,#6226,.T.);
#6524 = ORIENTED_EDGE('',*,*,#6525,.F.);
#6525 = EDGE_CURVE('',#6526,#6218,#6528,.T.);
#6526 = VERTEX_POINT('',#6527);
#6527 = CARTESIAN_POINT('',(-26.91666666666,19.,3.));
#6528 = LINE('',#6529,#6530);
#6529 = CARTESIAN_POINT('',(-26.91666666666,28.874236596195,3.));
#6530 = VECTOR('',#6531,1.);
#6531 = DIRECTION('',(0.,1.,0.));
#6532 = ORIENTED_EDGE('',*,*,#6533,.F.);
#6533 = EDGE_CURVE('',#6242,#6526,#6534,.T.);
#6534 = CIRCLE('',#6535,10.);
#6535 = AXIS2_PLACEMENT_3D('',#6536,#6537,#6538);
#6536 = CARTESIAN_POINT('',(-26.91666666666,19.,13.));
#6537 = DIRECTION('',(1.,0.,0.));
#6538 = DIRECTION('',(0.,-1.,0.));
#6539 = ORIENTED_EDGE('',*,*,#6241,.F.);
#6540 = PLANE('',#6541);
#6541 = AXIS2_PLACEMENT_3D('',#6542,#6543,#6544);
#6542 = CARTESIAN_POINT('',(-26.91666666666,22.5,0.));
#6543 = DIRECTION('',(-1.,-0.,-0.));
#6544 = DIRECTION('',(0.,1.,0.));
#6545 = ADVANCED_FACE('',(#6546),#6580,.F.);
#6546 = FACE_BOUND('',#6547,.T.);
#6547 = EDGE_LOOP('',(#6548,#6549,#6557,#6565,#6574));
#6548 = ORIENTED_EDGE('',*,*,#1404,.F.);
#6549 = ORIENTED_EDGE('',*,*,#6550,.T.);
#6550 = EDGE_CURVE('',#1405,#6551,#6553,.T.);
#6551 = VERTEX_POINT('',#6552);
#6552 = CARTESIAN_POINT('',(-17.5,22.5,3.));
#6553 = LINE('',#6554,#6555);
#6554 = CARTESIAN_POINT('',(-17.5,22.5,0.));
#6555 = VECTOR('',#6556,1.);
#6556 = DIRECTION('',(0.,0.,1.));
#6557 = ORIENTED_EDGE('',*,*,#6558,.F.);
#6558 = EDGE_CURVE('',#6559,#6551,#6561,.T.);
#6559 = VERTEX_POINT('',#6560);
#6560 = CARTESIAN_POINT('',(-17.5,19.,3.));
#6561 = LINE('',#6562,#6563);
#6562 = CARTESIAN_POINT('',(-17.5,28.874236596195,3.));
#6563 = VECTOR('',#6564,1.);
#6564 = DIRECTION('',(0.,1.,0.));
#6565 = ORIENTED_EDGE('',*,*,#6566,.F.);
#6566 = EDGE_CURVE('',#6567,#6559,#6569,.T.);
#6567 = VERTEX_POINT('',#6568);
#6568 = CARTESIAN_POINT('',(-17.5,12.5,5.400657923215));
#6569 = CIRCLE('',#6570,10.);
#6570 = AXIS2_PLACEMENT_3D('',#6571,#6572,#6573);
#6571 = CARTESIAN_POINT('',(-17.5,19.,13.));
#6572 = DIRECTION('',(1.,0.,0.));
#6573 = DIRECTION('',(0.,-1.,0.));
#6574 = ORIENTED_EDGE('',*,*,#6575,.F.);
#6575 = EDGE_CURVE('',#1407,#6567,#6576,.T.);
#6576 = LINE('',#6577,#6578);
#6577 = CARTESIAN_POINT('',(-17.5,12.5,0.));
#6578 = VECTOR('',#6579,1.);
#6579 = DIRECTION('',(0.,0.,1.));
#6580 = PLANE('',#6581);
#6581 = AXIS2_PLACEMENT_3D('',#6582,#6583,#6584);
#6582 = CARTESIAN_POINT('',(-17.5,22.5,0.));
#6583 = DIRECTION('',(-1.,-0.,-0.));
#6584 = DIRECTION('',(0.,1.,0.));
#6585 = ADVANCED_FACE('',(#6586),#6605,.F.);
#6586 = FACE_BOUND('',#6587,.F.);
#6587 = EDGE_LOOP('',(#6588,#6589,#6590,#6599));
#6588 = ORIENTED_EDGE('',*,*,#1414,.F.);
#6589 = ORIENTED_EDGE('',*,*,#6550,.T.);
#6590 = ORIENTED_EDGE('',*,*,#6591,.F.);
#6591 = EDGE_CURVE('',#6592,#6551,#6594,.T.);
#6592 = VERTEX_POINT('',#6593);
#6593 = CARTESIAN_POINT('',(-14.5,22.5,3.));
#6594 = CIRCLE('',#6595,1.5);
#6595 = AXIS2_PLACEMENT_3D('',#6596,#6597,#6598);
#6596 = CARTESIAN_POINT('',(-16.,22.5,3.));
#6597 = DIRECTION('',(0.,0.,1.));
#6598 = DIRECTION('',(-1.,0.,0.));
#6599 = ORIENTED_EDGE('',*,*,#6600,.F.);
#6600 = EDGE_CURVE('',#1415,#6592,#6601,.T.);
#6601 = LINE('',#6602,#6603);
#6602 = CARTESIAN_POINT('',(-14.5,22.5,0.));
#6603 = VECTOR('',#6604,1.);
#6604 = DIRECTION('',(0.,0.,1.));
#6605 = CYLINDRICAL_SURFACE('',#6606,1.5);
#6606 = AXIS2_PLACEMENT_3D('',#6607,#6608,#6609);
#6607 = CARTESIAN_POINT('',(-16.,22.5,0.));
#6608 = DIRECTION('',(0.,0.,-1.));
#6609 = DIRECTION('',(-1.,0.,0.));
#6610 = ADVANCED_FACE('',(#6611),#6893,.F.);
#6611 = FACE_BOUND('',#6612,.F.);
#6612 = EDGE_LOOP('',(#6613,#6614,#6622,#6892));
#6613 = ORIENTED_EDGE('',*,*,#1431,.F.);
#6614 = ORIENTED_EDGE('',*,*,#6615,.T.);
#6615 = EDGE_CURVE('',#1424,#6616,#6618,.T.);
#6616 = VERTEX_POINT('',#6617);
#6617 = CARTESIAN_POINT('',(-14.5,12.5,5.400657923215));
#6618 = LINE('',#6619,#6620);
#6619 = CARTESIAN_POINT('',(-14.5,12.5,0.));
#6620 = VECTOR('',#6621,1.);
#6621 = DIRECTION('',(0.,0.,1.));
#6622 = ORIENTED_EDGE('',*,*,#6623,.T.);
#6623 = EDGE_CURVE('',#6616,#6567,#6624,.T.);
#6624 = B_SPLINE_CURVE_WITH_KNOTS('',6,(#6625,#6626,#6627,#6628,#6629,
    #6630,#6631,#6632,#6633,#6634,#6635,#6636,#6637,#6638,#6639,#6640,
    #6641,#6642,#6643,#6644,#6645,#6646,#6647,#6648,#6649,#6650,#6651,
    #6652,#6653,#6654,#6655,#6656,#6657,#6658,#6659,#6660,#6661,#6662,
    #6663,#6664,#6665,#6666,#6667,#6668,#6669,#6670,#6671,#6672,#6673,
    #6674,#6675,#6676,#6677,#6678,#6679,#6680,#6681,#6682,#6683,#6684,
    #6685,#6686,#6687,#6688,#6689,#6690,#6691,#6692,#6693,#6694,#6695,
    #6696,#6697,#6698,#6699,#6700,#6701,#6702,#6703,#6704,#6705,#6706,
    #6707,#6708,#6709,#6710,#6711,#6712,#6713,#6714,#6715,#6716,#6717,
    #6718,#6719,#6720,#6721,#6722,#6723,#6724,#6725,#6726,#6727,#6728,
    #6729,#6730,#6731,#6732,#6733,#6734,#6735,#6736,#6737,#6738,#6739,
    #6740,#6741,#6742,#6743,#6744,#6745,#6746,#6747,#6748,#6749,#6750,
    #6751,#6752,#6753,#6754,#6755,#6756,#6757,#6758,#6759,#6760,#6761,
    #6762,#6763,#6764,#6765,#6766,#6767,#6768,#6769,#6770,#6771,#6772,
    #6773,#6774,#6775,#6776,#6777,#6778,#6779,#6780,#6781,#6782,#6783,
    #6784,#6785,#6786,#6787,#6788,#6789,#6790,#6791,#6792,#6793,#6794,
    #6795,#6796,#6797,#6798,#6799,#6800,#6801,#6802,#6803,#6804,#6805,
    #6806,#6807,#6808,#6809,#6810,#6811,#6812,#6813,#6814,#6815,#6816,
    #6817,#6818,#6819,#6820,#6821,#6822,#6823,#6824,#6825,#6826,#6827,
    #6828,#6829,#6830,#6831,#6832,#6833,#6834,#6835,#6836,#6837,#6838,
    #6839,#6840,#6841,#6842,#6843,#6844,#6845,#6846,#6847,#6848,#6849,
    #6850,#6851,#6852,#6853,#6854,#6855,#6856,#6857,#6858,#6859,#6860,
    #6861,#6862,#6863,#6864,#6865,#6866,#6867,#6868,#6869,#6870,#6871,
    #6872,#6873,#6874,#6875,#6876,#6877,#6878,#6879,#6880,#6881,#6882,
    #6883,#6884,#6885,#6886,#6887,#6888,#6889,#6890,#6891),
  .UNSPECIFIED.,.F.,.F.,(7,5,5,5,5,5,5,5,5,5,5,5,5,5,5,5,5,5,5,5,5,5,5,5
    ,5,5,5,5,5,5,5,5,5,5,5,5,5,5,5,5,5,5,5,5,5,5,5,5,5,5,5,5,5,7),(0.,
    5.753598669642E-02,0.172058451934,0.281938744077,0.322083524599,
    0.377005802974,0.422425914363,0.448500300392,0.499775803648,
    0.577062215012,0.623104463076,0.679053123932,0.718257363579,
    0.827816912248,0.995094353118,0.995219554183,0.995335115542,
    0.995421780982,0.995503627284,0.9956432376,0.995758767783,
    0.995874289463,0.996004241186,0.996100494782,0.996191930228,
    0.996317043777,0.996446958819,0.996586485205,0.996725999168,
    0.996841449605,0.996980940863,0.997115610288,0.997255077124,
    0.997384914387,0.997519549058,0.997644556594,0.997783976289,
    0.997894541691,0.998014712608,0.998144486822,0.998269444398,
    0.998408808365,0.998548159899,0.998687498999,0.998817217327,
    0.998922905772,0.999023783521,0.999163080166,0.999273547971,
    0.999412822314,0.999552084217,0.999691333681,0.999830570704,1.),
  .UNSPECIFIED.);
#6625 = CARTESIAN_POINT('',(-14.5,12.5,5.400657923215));
#6626 = CARTESIAN_POINT('',(-14.5,12.454036039585,5.439972608575));
#6627 = CARTESIAN_POINT('',(-14.50169013956,12.408418216287,
    5.47956897415));
#6628 = CARTESIAN_POINT('',(-14.5050227312,12.363204355346,
    5.519394509529));
#6629 = CARTESIAN_POINT('',(-14.50995066827,12.318448553872,
    5.559395420718));
#6630 = CARTESIAN_POINT('',(-14.51642742503,12.274201180843,
    5.599516630136));
#6631 = CARTESIAN_POINT('',(-14.5402901087,12.143541561127,
    5.719688273858));
#6632 = CARTESIAN_POINT('',(-14.56212258715,12.058799837894,
    5.799904245014));
#6633 = CARTESIAN_POINT('',(-14.58955711197,11.976531733065,
    5.880013305704));
#6634 = CARTESIAN_POINT('',(-14.62231166321,11.896944983216,
    5.959672023137));
#6635 = CARTESIAN_POINT('',(-14.66016129328,11.82023314433,6.0385067194)
  );
#6636 = CARTESIAN_POINT('',(-14.74396476028,11.675954910016,
    6.190528977277));
#6637 = CARTESIAN_POINT('',(-14.7895311376,11.608138194874,
    6.263821675715));
#6638 = CARTESIAN_POINT('',(-14.83951289364,11.543267940868,
    6.33565910735));
#6639 = CARTESIAN_POINT('',(-14.89385426071,11.481502516381,
    6.40566236408));
#6640 = CARTESIAN_POINT('',(-14.95253642722,11.423061732085,
    6.473346772355));
#6641 = CARTESIAN_POINT('',(-15.03857773062,11.348219475164,
    6.561738176366));
#6642 = CARTESIAN_POINT('',(-15.06218153558,11.328675178183,
    6.584999052194));
#6643 = CARTESIAN_POINT('',(-15.08636625909,11.309627676129,
    6.607838417712));
#6644 = CARTESIAN_POINT('',(-15.11113217232,11.291093176637,
    6.630223127715));
#6645 = CARTESIAN_POINT('',(-15.13647915744,11.273089828741,
    6.652116874699));
#6646 = CARTESIAN_POINT('',(-15.19787832108,11.231761408104,
    6.702707447606));
#6647 = CARTESIAN_POINT('',(-15.23444429688,11.208911715955,
    6.730948377231));
#6648 = CARTESIAN_POINT('',(-15.27209369573,11.187147427194,
    6.758092478921));
#6649 = CARTESIAN_POINT('',(-15.31081385302,11.166530974804,
    6.784022242404));
#6650 = CARTESIAN_POINT('',(-15.35059037891,11.147128443997,
    6.808613145955));
#6651 = CARTESIAN_POINT('',(-15.42516217951,11.114025467408,
    6.850854060557));
#6652 = CARTESIAN_POINT('',(-15.45963231886,11.099917899516,
    6.868971038876));
#6653 = CARTESIAN_POINT('',(-15.49478545469,11.086736745661,
    6.885996552439));
#6654 = CARTESIAN_POINT('',(-15.53058857229,11.074529428859,
    6.901846049497));
#6655 = CARTESIAN_POINT('',(-15.5670077639,11.063340918012,6.91643846547
    ));
#6656 = CARTESIAN_POINT('',(-15.62524913668,11.047399997911,
    6.937307122078));
#6657 = CARTESIAN_POINT('',(-15.6466772992,11.041937211605,
    6.944476745087));
#6658 = CARTESIAN_POINT('',(-15.66828283502,11.036834261106,
    6.951189387341));
#6659 = CARTESIAN_POINT('',(-15.69005437603,11.032099552859,
    6.957430250689));
#6660 = CARTESIAN_POINT('',(-15.71197906734,11.027741007639,
    6.963185443455));
#6661 = CARTESIAN_POINT('',(-15.77743062863,11.015949293099,
    6.97877900542));
#6662 = CARTESIAN_POINT('',(-15.82137508197,11.00961224359,
    6.987192698199));
#6663 = CARTESIAN_POINT('',(-15.86574030813,11.004817559854,
    6.993576481632));
#6664 = CARTESIAN_POINT('',(-15.91039012829,11.001606482752,
    6.997858080782));
#6665 = CARTESIAN_POINT('',(-15.95518846448,11.,7.));
#6666 = CARTESIAN_POINT('',(-16.06754341835,11.,7.));
#6667 = CARTESIAN_POINT('',(-16.13499462636,11.00364994111,
    6.995133965301));
#6668 = CARTESIAN_POINT('',(-16.20193708949,11.01092994295,
    6.985425719232));
#6669 = CARTESIAN_POINT('',(-16.26795000015,11.021740223479,
    6.971059931444));
#6670 = CARTESIAN_POINT('',(-16.33261275848,11.035889235259,
    6.952377166869));
#6671 = CARTESIAN_POINT('',(-16.43297923812,11.063324021497,
    6.916459984906));
#6672 = CARTESIAN_POINT('',(-16.46985335788,11.074654644939,
    6.901682105058));
#6673 = CARTESIAN_POINT('',(-16.50609576887,11.087029580759,
    6.885615773816));
#6674 = CARTESIAN_POINT('',(-16.54167135172,11.100402163259,
    6.868345121727));
#6675 = CARTESIAN_POINT('',(-16.57654591128,11.114723152337,
    6.849957931228));
#6676 = CARTESIAN_POINT('',(-16.65217203366,11.148432517074,
    6.80695660847));
#6677 = CARTESIAN_POINT('',(-16.69257970258,11.168250517204,
    6.781850273102));
#6678 = CARTESIAN_POINT('',(-16.73189262925,11.189321452928,
    6.755364929047));
#6679 = CARTESIAN_POINT('',(-16.77009610306,11.211576048257,
    6.727631222354));
#6680 = CARTESIAN_POINT('',(-16.80717725681,11.234949032166,
    6.698772146606));
#6681 = CARTESIAN_POINT('',(-16.86831434807,11.276497756481,
    6.647973221178));
#6682 = CARTESIAN_POINT('',(-16.89295124754,11.294138188714,
    6.626543994839));
#6683 = CARTESIAN_POINT('',(-16.9170352815,11.312281935204,
    6.604651734903));
#6684 = CARTESIAN_POINT('',(-16.94056634488,11.330912278862,
    6.582329920775));
#6685 = CARTESIAN_POINT('',(-16.96354471118,11.350014285597,
    6.559609140267));
#6686 = CARTESIAN_POINT('',(-17.04864327574,11.424238320839,
    6.471984409687));
#6687 = CARTESIAN_POINT('',(-17.10701544481,11.482492824147,
    6.404540316052));
#6688 = CARTESIAN_POINT('',(-17.16108219241,11.544042269961,
    6.334801986852));
#6689 = CARTESIAN_POINT('',(-17.21082456093,11.608669999386,
    6.263247371538));
#6690 = CARTESIAN_POINT('',(-17.25618714105,11.676219638203,
    6.190250594485));
#6691 = CARTESIAN_POINT('',(-17.35945334587,11.853997317702,
    6.002929433593));
#6692 = CARTESIAN_POINT('',(-17.411444007,11.96808192132,5.88696525882)
  );
#6693 = CARTESIAN_POINT('',(-17.45239771172,12.088143736828,
    5.769621861841));
#6694 = CARTESIAN_POINT('',(-17.48150103496,12.213494210686,
    5.652082481953));
#6695 = CARTESIAN_POINT('',(-17.49773145025,12.343328044853,
    5.535443565147));
#6696 = CARTESIAN_POINT('',(-17.49981784691,12.47662402889,
    5.420714680338));
#6697 = CARTESIAN_POINT('',(-17.4998193994,12.476723723171,
    5.420628875438));
#6698 = CARTESIAN_POINT('',(-17.49982094397,12.476823419164,
    5.420543071804));
#6699 = CARTESIAN_POINT('',(-17.49982248062,12.476923116868,
    5.420457269437));
#6700 = CARTESIAN_POINT('',(-17.49982400933,12.477022816284,
    5.420371468336));
#6701 = CARTESIAN_POINT('',(-17.49982693381,12.477214542167,
    5.420206474724));
#6702 = CARTESIAN_POINT('',(-17.49982833074,12.477306568381,
    5.420127282025));
#6703 = CARTESIAN_POINT('',(-17.49982972093,12.477398596052,
    5.420048090406));
#6704 = CARTESIAN_POINT('',(-17.49983110435,12.477490625179,
    5.419968899869));
#6705 = CARTESIAN_POINT('',(-17.49983248102,12.477582655762,
    5.419889710412));
#6706 = CARTESIAN_POINT('',(-17.49983487831,12.477743707385,
    5.419751134578));
#6707 = CARTESIAN_POINT('',(-17.49983590188,12.477812727788,
    5.419691747728));
#6708 = CARTESIAN_POINT('',(-17.49983692165,12.47788174901,
    5.419632361486));
#6709 = CARTESIAN_POINT('',(-17.49983793762,12.477950771049,
    5.419572975854));
#6710 = CARTESIAN_POINT('',(-17.49983894978,12.478019793907,
    5.41951359083));
#6711 = CARTESIAN_POINT('',(-17.49984091045,12.47815400311,
    5.419398124143));
#6712 = CARTESIAN_POINT('',(-17.49984185936,12.478219189368,
    5.419342042414));
#6713 = CARTESIAN_POINT('',(-17.49984280487,12.478284376355,
    5.419285961229));
#6714 = CARTESIAN_POINT('',(-17.499843747,12.478349564071,5.419229880587
    ));
#6715 = CARTESIAN_POINT('',(-17.49984468574,12.478414752515,
    5.41917380049));
#6716 = CARTESIAN_POINT('',(-17.49984721656,12.478591138905,
    5.41902206256));
#6717 = CARTESIAN_POINT('',(-17.49984880217,12.478702338241,
    5.418926405768));
#6718 = CARTESIAN_POINT('',(-17.49985037792,12.478813539696,
    5.418830750558));
#6719 = CARTESIAN_POINT('',(-17.4998519438,12.478924743268,
    5.418735096933));
#6720 = CARTESIAN_POINT('',(-17.49985349982,12.479035948957,
    5.418639444893));
#6721 = CARTESIAN_POINT('',(-17.49985632544,12.479239183328,
    5.418464641876));
#6722 = CARTESIAN_POINT('',(-17.49985759815,12.479331211343,
    5.418385490398));
#6723 = CARTESIAN_POINT('',(-17.4998588641,12.479423240806,
    5.418306340007));
#6724 = CARTESIAN_POINT('',(-17.49986012329,12.479515271717,
    5.418227190702));
#6725 = CARTESIAN_POINT('',(-17.49986137573,12.479607304076,
    5.418148042485));
#6726 = CARTESIAN_POINT('',(-17.499863867,12.479791364911,5.417989754053
    ));
#6727 = CARTESIAN_POINT('',(-17.49986510583,12.479883393388,
    5.417910613838));
#6728 = CARTESIAN_POINT('',(-17.4998663379,12.479975423311,5.41783147471
    ));
#6729 = CARTESIAN_POINT('',(-17.49986756321,12.48006745468,
    5.417752336672));
#6730 = CARTESIAN_POINT('',(-17.49986878177,12.480159487493,
    5.417673199723));
#6731 = CARTESIAN_POINT('',(-17.49987135673,12.480355052192,
    5.417505042984));
#6732 = CARTESIAN_POINT('',(-17.49987271134,12.480458584461,
    5.417416023485));
#6733 = CARTESIAN_POINT('',(-17.4998740574,12.480562118557,
    5.417327005365));
#6734 = CARTESIAN_POINT('',(-17.4998753949,12.48066565448,5.417237988625
    ));
#6735 = CARTESIAN_POINT('',(-17.49987672385,12.480769192228,
    5.417148973266));
#6736 = CARTESIAN_POINT('',(-17.49987902224,12.480949422251,
    5.416994027763));
#6737 = CARTESIAN_POINT('',(-17.49987999555,12.481026113703,
    5.416928096995));
#6738 = CARTESIAN_POINT('',(-17.49988096416,12.481102806155,
    5.416862166986));
#6739 = CARTESIAN_POINT('',(-17.49988192807,12.481179499608,
    5.416796237735));
#6740 = CARTESIAN_POINT('',(-17.4998828873,12.481256194061,
    5.416730309242));
#6741 = CARTESIAN_POINT('',(-17.49988474857,12.481405745835,
    5.41660175391));
#6742 = CARTESIAN_POINT('',(-17.49988565109,12.481478603059,
    5.416539126996));
#6743 = CARTESIAN_POINT('',(-17.49988654936,12.481551461184,
    5.416476500767));
#6744 = CARTESIAN_POINT('',(-17.4998874434,12.481624320212,
    5.416413875223));
#6745 = CARTESIAN_POINT('',(-17.4998883332,12.48169718014,5.416351250365
    ));
#6746 = CARTESIAN_POINT('',(-17.49989043051,12.48186973838,
    5.416202935874));
#6747 = CARTESIAN_POINT('',(-17.49989163432,12.481969437478,
    5.41611724684));
#6748 = CARTESIAN_POINT('',(-17.4998928302,12.482069138262,
    5.416031559091));
#6749 = CARTESIAN_POINT('',(-17.49989401814,12.482168840732,
    5.415945872627));
#6750 = CARTESIAN_POINT('',(-17.49989519815,12.482268544888,
    5.415860187449));
#6751 = CARTESIAN_POINT('',(-17.49989758728,12.482471782988,
    5.415685531369));
#6752 = CARTESIAN_POINT('',(-17.49989879577,12.482575317064,
    5.415596560567));
#6753 = CARTESIAN_POINT('',(-17.49989999572,12.482678852957,
    5.415507591154));
#6754 = CARTESIAN_POINT('',(-17.4999011871,12.482782390664,
    5.415418623129));
#6755 = CARTESIAN_POINT('',(-17.49990236993,12.482885930186,
    5.415329656494));
#6756 = CARTESIAN_POINT('',(-17.49990480535,12.483100673027,
    5.415145144197));
#6757 = CARTESIAN_POINT('',(-17.49990605662,12.483211876625,
    5.41504959875));
#6758 = CARTESIAN_POINT('',(-17.49990729802,12.483323082313,
    5.414954054906));
#6759 = CARTESIAN_POINT('',(-17.49990852956,12.483434290092,
    5.414858512668));
#6760 = CARTESIAN_POINT('',(-17.49990975121,12.48354549996,
    5.414762972035));
#6761 = CARTESIAN_POINT('',(-17.49991217467,12.483767913971,
    5.41457190249));
#6762 = CARTESIAN_POINT('',(-17.49991337648,12.483879118114,
    5.414476373576));
#6763 = CARTESIAN_POINT('',(-17.49991456841,12.483990324344,
    5.41438084627));
#6764 = CARTESIAN_POINT('',(-17.49991575047,12.48410153266,
    5.414285320571));
#6765 = CARTESIAN_POINT('',(-17.49991692266,12.48421274306,
    5.414189796482));
#6766 = CARTESIAN_POINT('',(-17.4999190468,12.484415985975,
    5.414015227348));
#6767 = CARTESIAN_POINT('',(-17.49992000188,12.484508017832,
    5.413936181797));
#6768 = CARTESIAN_POINT('',(-17.49992095019,12.484600051116,
    5.413857137348));
#6769 = CARTESIAN_POINT('',(-17.49992189173,12.484692085826,
    5.413778094002));
#6770 = CARTESIAN_POINT('',(-17.49992282652,12.484784121961,
    5.41369905176));
#6771 = CARTESIAN_POINT('',(-17.49992487581,12.484987362523,
    5.413524510354));
#6772 = CARTESIAN_POINT('',(-17.4999259872,12.485098567606,
    5.413429011697));
#6773 = CARTESIAN_POINT('',(-17.49992708872,12.485209774767,
    5.413333514653));
#6774 = CARTESIAN_POINT('',(-17.49992818037,12.485320984008,
    5.413238019223));
#6775 = CARTESIAN_POINT('',(-17.49992926214,12.485432195326,
    5.413142525407));
#6776 = CARTESIAN_POINT('',(-17.49993136888,12.485650777771,
    5.412954841911));
#6777 = CARTESIAN_POINT('',(-17.49993239451,12.485758148758,
    5.412862652122));
#6778 = CARTESIAN_POINT('',(-17.49993341094,12.485865521679,
    5.412770463839));
#6779 = CARTESIAN_POINT('',(-17.49993441817,12.485972896534,
    5.412678277063));
#6780 = CARTESIAN_POINT('',(-17.49993541619,12.486080273322,
    5.412586091795));
#6781 = CARTESIAN_POINT('',(-17.49993742903,12.486298855981,
    5.412398440358));
#6782 = CARTESIAN_POINT('',(-17.49993844319,12.486410061991,
    5.412302974298));
#6783 = CARTESIAN_POINT('',(-17.49993944747,12.486521270073,
    5.412207509858));
#6784 = CARTESIAN_POINT('',(-17.49994044188,12.486632480226,
    5.412112047037));
#6785 = CARTESIAN_POINT('',(-17.49994142641,12.486743692449,
    5.412016585836));
#6786 = CARTESIAN_POINT('',(-17.49994330842,12.486958442172,
    5.411832257744));
#6787 = CARTESIAN_POINT('',(-17.49994420722,12.487061979397,
    5.411743390635));
#6788 = CARTESIAN_POINT('',(-17.49994509745,12.487165518415,
    5.411654524932));
#6789 = CARTESIAN_POINT('',(-17.49994597912,12.487269059223,
    5.411565660636));
#6790 = CARTESIAN_POINT('',(-17.49994685223,12.487372601823,
    5.411476797747));
#6791 = CARTESIAN_POINT('',(-17.49994861327,12.487583516505,
    5.411295791407));
#6792 = CARTESIAN_POINT('',(-17.49994950055,12.487690888723,
    5.411203648061));
#6793 = CARTESIAN_POINT('',(-17.49995037863,12.487798262864,
    5.41111150623));
#6794 = CARTESIAN_POINT('',(-17.4999512475,12.487905638928,
    5.411019365914));
#6795 = CARTESIAN_POINT('',(-17.49995210715,12.488013016915,
    5.410927227115));
#6796 = CARTESIAN_POINT('',(-17.49995374724,12.488220098463,
    5.410749540884));
#6797 = CARTESIAN_POINT('',(-17.49995452893,12.488319801759,
    5.410663993243));
#6798 = CARTESIAN_POINT('',(-17.49995530269,12.488419506712,
    5.410578446911));
#6799 = CARTESIAN_POINT('',(-17.4999560685,12.488519213319,
    5.410492901887));
#6800 = CARTESIAN_POINT('',(-17.49995682637,12.488618921581,
    5.410407358174));
#6801 = CARTESIAN_POINT('',(-17.49995841269,12.488829837001,
    5.410226411154));
#6802 = CARTESIAN_POINT('',(-17.49995923921,12.488941044563,
    5.410131008168));
#6803 = CARTESIAN_POINT('',(-17.49996005584,12.489052254181,
    5.410035606813));
#6804 = CARTESIAN_POINT('',(-17.49996086259,12.489163465853,
    5.409940207088));
#6805 = CARTESIAN_POINT('',(-17.49996165946,12.489274679581,
    5.409844808996));
#6806 = CARTESIAN_POINT('',(-17.49996307057,12.48947409393,
    5.409673759324));
#6807 = CARTESIAN_POINT('',(-17.49996368847,12.489562293789,
    5.409598107138));
#6808 = CARTESIAN_POINT('',(-17.49996430015,12.48965049494,5.40952245598
    ));
#6809 = CARTESIAN_POINT('',(-17.49996490562,12.489738697381,
    5.409446805849));
#6810 = CARTESIAN_POINT('',(-17.49996550488,12.489826901112,
    5.409371156747));
#6811 = CARTESIAN_POINT('',(-17.49996674248,12.49001097408,
    5.409213288574));
#6812 = CARTESIAN_POINT('',(-17.49996737969,12.490106843551,
    5.40913106969));
#6813 = CARTESIAN_POINT('',(-17.49996800957,12.490202714545,
    5.409048852022));
#6814 = CARTESIAN_POINT('',(-17.4999686321,12.49029858706,5.40896663557)
  );
#6815 = CARTESIAN_POINT('',(-17.49996924729,12.490394461097,
    5.408884420335));
#6816 = CARTESIAN_POINT('',(-17.49997051154,12.490593873978,
    5.408713422277));
#6817 = CARTESIAN_POINT('',(-17.49997115939,12.490697413076,
    5.408624639657));
#6818 = CARTESIAN_POINT('',(-17.49997179868,12.490800953946,
    5.408535858457));
#6819 = CARTESIAN_POINT('',(-17.4999724294,12.490904496588,
    5.408447078678));
#6820 = CARTESIAN_POINT('',(-17.49997305155,12.491008041002,
    5.408358300321));
#6821 = CARTESIAN_POINT('',(-17.49997425595,12.4912112902,5.408184041454
    ));
#6822 = CARTESIAN_POINT('',(-17.49997483882,12.491310994856,
    5.40809856084));
#6823 = CARTESIAN_POINT('',(-17.49997541374,12.491410701152,
    5.408013081546));
#6824 = CARTESIAN_POINT('',(-17.49997598072,12.491510409089,
    5.407927603572));
#6825 = CARTESIAN_POINT('',(-17.49997653976,12.491610118666,
    5.407842126918));
#6826 = CARTESIAN_POINT('',(-17.49997770547,12.49182103683,5.40766132178
    ));
#6827 = CARTESIAN_POINT('',(-17.49997831022,12.491932245816,
    5.407565993617));
#6828 = CARTESIAN_POINT('',(-17.49997890508,12.492043456841,
    5.407470667099));
#6829 = CARTESIAN_POINT('',(-17.49997949005,12.492154669902,
    5.407375342225));
#6830 = CARTESIAN_POINT('',(-17.49998006514,12.492265884999,
    5.407280018998));
#6831 = CARTESIAN_POINT('',(-17.4999811955,12.492488309341,
    5.407089384341));
#6832 = CARTESIAN_POINT('',(-17.49998175077,12.492599518585,
    5.406994072911));
#6833 = CARTESIAN_POINT('',(-17.49998229616,12.492710729863,
    5.406898763129));
#6834 = CARTESIAN_POINT('',(-17.49998283166,12.492821943174,
    5.406803454995));
#6835 = CARTESIAN_POINT('',(-17.49998335728,12.492933158516,
    5.406708148509));
#6836 = CARTESIAN_POINT('',(-17.49998438869,12.493155583339,
    5.406517547343));
#6837 = CARTESIAN_POINT('',(-17.49998489449,12.493266792819,
    5.406422252661));
#6838 = CARTESIAN_POINT('',(-17.4999853904,12.493378004328,5.40632695963
    ));
#6839 = CARTESIAN_POINT('',(-17.49998587643,12.493489217866,
    5.40623166825));
#6840 = CARTESIAN_POINT('',(-17.49998635257,12.493600433432,
    5.406136378522));
#6841 = CARTESIAN_POINT('',(-17.49998725289,12.493815189516,
    5.405952381607));
#6842 = CARTESIAN_POINT('',(-17.49998767838,12.493918729764,
    5.405863674201));
#6843 = CARTESIAN_POINT('',(-17.4999880953,12.494022271767,
    5.405774968227));
#6844 = CARTESIAN_POINT('',(-17.49998850366,12.494125815526,
    5.405686263688));
#6845 = CARTESIAN_POINT('',(-17.49998890344,12.494229361039,
    5.405597560583));
#6846 = CARTESIAN_POINT('',(-17.49998961339,12.49441727379,
    5.405436588929));
#6847 = CARTESIAN_POINT('',(-17.49998992644,12.494501640439,
    5.405364319897));
#6848 = CARTESIAN_POINT('',(-17.4999902338,12.494586008251,
    5.405292051818));
#6849 = CARTESIAN_POINT('',(-17.49999053547,12.494670377227,
    5.405219784693));
#6850 = CARTESIAN_POINT('',(-17.49999083145,12.494754747365,
    5.405147518522));
#6851 = CARTESIAN_POINT('',(-17.49999139881,12.494919649578,
    5.405006277436));
#6852 = CARTESIAN_POINT('',(-17.4999916707,12.495000181548,
    5.404937302436));
#6853 = CARTESIAN_POINT('',(-17.49999193741,12.495080714578,
    5.404868328305));
#6854 = CARTESIAN_POINT('',(-17.49999219893,12.495161248665,
    5.404799355045));
#6855 = CARTESIAN_POINT('',(-17.49999245526,12.495241783811,
    5.404730382655));
#6856 = CARTESIAN_POINT('',(-17.49999305321,12.495433528115,
    5.404566172083));
#6857 = CARTESIAN_POINT('',(-17.49999339012,12.495544738234,
    5.404470934689));
#6858 = CARTESIAN_POINT('',(-17.49999371715,12.495655950367,
    5.404375698957));
#6859 = CARTESIAN_POINT('',(-17.49999403428,12.495767164516,
    5.404280464886));
#6860 = CARTESIAN_POINT('',(-17.49999434153,12.495878380678,
    5.404185232478));
#6861 = CARTESIAN_POINT('',(-17.49999487469,12.496077799309,
    5.404014479947));
#6862 = CARTESIAN_POINT('',(-17.49999510429,12.496166001032,
    5.403938959208));
#6863 = CARTESIAN_POINT('',(-17.49999532766,12.49625420402,
    5.403863439515));
#6864 = CARTESIAN_POINT('',(-17.49999554481,12.496342408273,
    5.403787920868));
#6865 = CARTESIAN_POINT('',(-17.49999575574,12.49643061379,5.40371240327
    ));
#6866 = CARTESIAN_POINT('',(-17.49999621854,12.496630028913,
    5.403541677821));
#6867 = CARTESIAN_POINT('',(-17.49999646675,12.496741239264,
    5.403446470589));
#6868 = CARTESIAN_POINT('',(-17.49999670506,12.496852451623,
    5.403351265024));
#6869 = CARTESIAN_POINT('',(-17.49999693348,12.496963665989,
    5.403256061125));
#6870 = CARTESIAN_POINT('',(-17.49999715201,12.497074882362,
    5.403160858895));
#6871 = CARTESIAN_POINT('',(-17.49999756927,12.497297309185,
    5.402970466275));
#6872 = CARTESIAN_POINT('',(-17.499997768,12.497408519634,5.402875275885
    ));
#6873 = CARTESIAN_POINT('',(-17.49999795684,12.497519732088,
    5.402780087164));
#6874 = CARTESIAN_POINT('',(-17.49999813579,12.497630946545,
    5.402684900114));
#6875 = CARTESIAN_POINT('',(-17.49999830484,12.497742163004,
    5.402589714734));
#6876 = CARTESIAN_POINT('',(-17.49999862315,12.497964589991,
    5.402399355822));
#6877 = CARTESIAN_POINT('',(-17.49999877241,12.498075800517,
    5.402304182289));
#6878 = CARTESIAN_POINT('',(-17.49999891178,12.498187013044,
    5.402209010428));
#6879 = CARTESIAN_POINT('',(-17.49999904125,12.49829822757,
    5.402113840241));
#6880 = CARTESIAN_POINT('',(-17.49999916083,12.498409444094,
    5.402018671728));
#6881 = CARTESIAN_POINT('',(-17.49999938019,12.4986318712,5.401828346553
    ));
#6882 = CARTESIAN_POINT('',(-17.49999947998,12.498743081781,
    5.401733189892));
#6883 = CARTESIAN_POINT('',(-17.49999956987,12.498854294359,
    5.401638034906));
#6884 = CARTESIAN_POINT('',(-17.49999964987,12.498965508931,
    5.401542881597));
#6885 = CARTESIAN_POINT('',(-17.49999971997,12.499076725498,
    5.401447729965));
#6886 = CARTESIAN_POINT('',(-17.49999985345,12.499323279342,
    5.401236797661));
#6887 = CARTESIAN_POINT('',(-17.49999991207,12.499458617578,
    5.401121017796));
#6888 = CARTESIAN_POINT('',(-17.49999995603,12.499593958764,
    5.401005240418));
#6889 = CARTESIAN_POINT('',(-17.49999998534,12.499729302897,
    5.400889465527));
#6890 = CARTESIAN_POINT('',(-17.5,12.499864649976,5.400773693125));
#6891 = CARTESIAN_POINT('',(-17.5,12.5,5.400657923215));
#6892 = ORIENTED_EDGE('',*,*,#6575,.F.);
#6893 = CYLINDRICAL_SURFACE('',#6894,1.5);
#6894 = AXIS2_PLACEMENT_3D('',#6895,#6896,#6897);
#6895 = CARTESIAN_POINT('',(-16.,12.5,0.));
#6896 = DIRECTION('',(0.,0.,-1.));
#6897 = DIRECTION('',(-1.,0.,0.));
#6898 = ADVANCED_FACE('',(#6899),#6919,.T.);
#6899 = FACE_BOUND('',#6900,.F.);
#6900 = EDGE_LOOP('',(#6901,#6902,#6903,#6911,#6918));
#6901 = ORIENTED_EDGE('',*,*,#1423,.F.);
#6902 = ORIENTED_EDGE('',*,*,#6600,.T.);
#6903 = ORIENTED_EDGE('',*,*,#6904,.F.);
#6904 = EDGE_CURVE('',#6905,#6592,#6907,.T.);
#6905 = VERTEX_POINT('',#6906);
#6906 = CARTESIAN_POINT('',(-14.5,19.,3.));
#6907 = LINE('',#6908,#6909);
#6908 = CARTESIAN_POINT('',(-14.5,28.874236596195,3.));
#6909 = VECTOR('',#6910,1.);
#6910 = DIRECTION('',(0.,1.,0.));
#6911 = ORIENTED_EDGE('',*,*,#6912,.F.);
#6912 = EDGE_CURVE('',#6616,#6905,#6913,.T.);
#6913 = CIRCLE('',#6914,10.);
#6914 = AXIS2_PLACEMENT_3D('',#6915,#6916,#6917);
#6915 = CARTESIAN_POINT('',(-14.5,19.,13.));
#6916 = DIRECTION('',(1.,0.,0.));
#6917 = DIRECTION('',(0.,-1.,0.));
#6918 = ORIENTED_EDGE('',*,*,#6615,.F.);
#6919 = PLANE('',#6920);
#6920 = AXIS2_PLACEMENT_3D('',#6921,#6922,#6923);
#6921 = CARTESIAN_POINT('',(-14.5,22.5,0.));
#6922 = DIRECTION('',(-1.,-0.,-0.));
#6923 = DIRECTION('',(0.,1.,0.));
#6924 = ADVANCED_FACE('',(#6925),#6959,.F.);
#6925 = FACE_BOUND('',#6926,.T.);
#6926 = EDGE_LOOP('',(#6927,#6928,#6936,#6944,#6953));
#6927 = ORIENTED_EDGE('',*,*,#1440,.F.);
#6928 = ORIENTED_EDGE('',*,*,#6929,.T.);
#6929 = EDGE_CURVE('',#1441,#6930,#6932,.T.);
#6930 = VERTEX_POINT('',#6931);
#6931 = CARTESIAN_POINT('',(-48.75,38.5,3.));
#6932 = LINE('',#6933,#6934);
#6933 = CARTESIAN_POINT('',(-48.75,38.5,0.));
#6934 = VECTOR('',#6935,1.);
#6935 = DIRECTION('',(0.,0.,1.));
#6936 = ORIENTED_EDGE('',*,*,#6937,.F.);
#6937 = EDGE_CURVE('',#6938,#6930,#6940,.T.);
#6938 = VERTEX_POINT('',#6939);
#6939 = CARTESIAN_POINT('',(-48.75,19.,3.));
#6940 = LINE('',#6941,#6942);
#6941 = CARTESIAN_POINT('',(-48.75,36.874236596195,3.));
#6942 = VECTOR('',#6943,1.);
#6943 = DIRECTION('',(0.,1.,0.));
#6944 = ORIENTED_EDGE('',*,*,#6945,.F.);
#6945 = EDGE_CURVE('',#6946,#6938,#6948,.T.);
#6946 = VERTEX_POINT('',#6947);
#6947 = CARTESIAN_POINT('',(-48.75,12.5,5.400657923215));
#6948 = CIRCLE('',#6949,10.);
#6949 = AXIS2_PLACEMENT_3D('',#6950,#6951,#6952);
#6950 = CARTESIAN_POINT('',(-48.75,19.,13.));
#6951 = DIRECTION('',(1.,0.,0.));
#6952 = DIRECTION('',(0.,-1.,0.));
#6953 = ORIENTED_EDGE('',*,*,#6954,.F.);
#6954 = EDGE_CURVE('',#1443,#6946,#6955,.T.);
#6955 = LINE('',#6956,#6957);
#6956 = CARTESIAN_POINT('',(-48.75,12.5,0.));
#6957 = VECTOR('',#6958,1.);
#6958 = DIRECTION('',(0.,0.,1.));
#6959 = PLANE('',#6960);
#6960 = AXIS2_PLACEMENT_3D('',#6961,#6962,#6963);
#6961 = CARTESIAN_POINT('',(-48.75,38.5,0.));
#6962 = DIRECTION('',(-1.,-0.,-0.));
#6963 = DIRECTION('',(0.,1.,0.));
#6964 = ADVANCED_FACE('',(#6965),#6984,.F.);
#6965 = FACE_BOUND('',#6966,.F.);
#6966 = EDGE_LOOP('',(#6967,#6968,#6969,#6978));
#6967 = ORIENTED_EDGE('',*,*,#1450,.F.);
#6968 = ORIENTED_EDGE('',*,*,#6929,.T.);
#6969 = ORIENTED_EDGE('',*,*,#6970,.F.);
#6970 = EDGE_CURVE('',#6971,#6930,#6973,.T.);
#6971 = VERTEX_POINT('',#6972);
#6972 = CARTESIAN_POINT('',(-45.75,38.5,3.));
#6973 = CIRCLE('',#6974,1.5);
#6974 = AXIS2_PLACEMENT_3D('',#6975,#6976,#6977);
#6975 = CARTESIAN_POINT('',(-47.25,38.5,3.));
#6976 = DIRECTION('',(0.,0.,1.));
#6977 = DIRECTION('',(-1.,0.,0.));
#6978 = ORIENTED_EDGE('',*,*,#6979,.F.);
#6979 = EDGE_CURVE('',#1451,#6971,#6980,.T.);
#6980 = LINE('',#6981,#6982);
#6981 = CARTESIAN_POINT('',(-45.75,38.5,0.));
#6982 = VECTOR('',#6983,1.);
#6983 = DIRECTION('',(0.,0.,1.));
#6984 = CYLINDRICAL_SURFACE('',#6985,1.5);
#6985 = AXIS2_PLACEMENT_3D('',#6986,#6987,#6988);
#6986 = CARTESIAN_POINT('',(-47.25,38.5,0.));
#6987 = DIRECTION('',(0.,0.,-1.));
#6988 = DIRECTION('',(-1.,0.,0.));
#6989 = ADVANCED_FACE('',(#6990),#7257,.F.);
#6990 = FACE_BOUND('',#6991,.F.);
#6991 = EDGE_LOOP('',(#6992,#6993,#7001,#7256));
#6992 = ORIENTED_EDGE('',*,*,#1467,.F.);
#6993 = ORIENTED_EDGE('',*,*,#6994,.T.);
#6994 = EDGE_CURVE('',#1460,#6995,#6997,.T.);
#6995 = VERTEX_POINT('',#6996);
#6996 = CARTESIAN_POINT('',(-45.75,12.5,5.400657923215));
#6997 = LINE('',#6998,#6999);
#6998 = CARTESIAN_POINT('',(-45.75,12.5,0.));
#6999 = VECTOR('',#7000,1.);
#7000 = DIRECTION('',(0.,0.,1.));
#7001 = ORIENTED_EDGE('',*,*,#7002,.T.);
#7002 = EDGE_CURVE('',#6995,#6946,#7003,.T.);
#7003 = B_SPLINE_CURVE_WITH_KNOTS('',6,(#7004,#7005,#7006,#7007,#7008,
    #7009,#7010,#7011,#7012,#7013,#7014,#7015,#7016,#7017,#7018,#7019,
    #7020,#7021,#7022,#7023,#7024,#7025,#7026,#7027,#7028,#7029,#7030,
    #7031,#7032,#7033,#7034,#7035,#7036,#7037,#7038,#7039,#7040,#7041,
    #7042,#7043,#7044,#7045,#7046,#7047,#7048,#7049,#7050,#7051,#7052,
    #7053,#7054,#7055,#7056,#7057,#7058,#7059,#7060,#7061,#7062,#7063,
    #7064,#7065,#7066,#7067,#7068,#7069,#7070,#7071,#7072,#7073,#7074,
    #7075,#7076,#7077,#7078,#7079,#7080,#7081,#7082,#7083,#7084,#7085,
    #7086,#7087,#7088,#7089,#7090,#7091,#7092,#7093,#7094,#7095,#7096,
    #7097,#7098,#7099,#7100,#7101,#7102,#7103,#7104,#7105,#7106,#7107,
    #7108,#7109,#7110,#7111,#7112,#7113,#7114,#7115,#7116,#7117,#7118,
    #7119,#7120,#7121,#7122,#7123,#7124,#7125,#7126,#7127,#7128,#7129,
    #7130,#7131,#7132,#7133,#7134,#7135,#7136,#7137,#7138,#7139,#7140,
    #7141,#7142,#7143,#7144,#7145,#7146,#7147,#7148,#7149,#7150,#7151,
    #7152,#7153,#7154,#7155,#7156,#7157,#7158,#7159,#7160,#7161,#7162,
    #7163,#7164,#7165,#7166,#7167,#7168,#7169,#7170,#7171,#7172,#7173,
    #7174,#7175,#7176,#7177,#7178,#7179,#7180,#7181,#7182,#7183,#7184,
    #7185,#7186,#7187,#7188,#7189,#7190,#7191,#7192,#7193,#7194,#7195,
    #7196,#7197,#7198,#7199,#7200,#7201,#7202,#7203,#7204,#7205,#7206,
    #7207,#7208,#7209,#7210,#7211,#7212,#7213,#7214,#7215,#7216,#7217,
    #7218,#7219,#7220,#7221,#7222,#7223,#7224,#7225,#7226,#7227,#7228,
    #7229,#7230,#7231,#7232,#7233,#7234,#7235,#7236,#7237,#7238,#7239,
    #7240,#7241,#7242,#7243,#7244,#7245,#7246,#7247,#7248,#7249,#7250,
    #7251,#7252,#7253,#7254,#7255),.UNSPECIFIED.,.F.,.F.,(7,5,5,5,5,5,5,
    5,5,5,5,5,5,5,5,5,5,5,5,5,5,5,5,5,5,5,5,5,5,5,5,5,5,5,5,5,5,5,5,5,5,
    5,5,5,5,5,5,5,5,5,7),(0.,5.753597766605E-02,0.172058417791,
    0.281938690106,0.322083463384,0.377005731849,0.422425835042,
    0.448500216365,0.499775710369,0.577062107787,0.623104347489,
    0.679053010697,0.71825726127,0.827816833965,0.995079902051,
    0.995219550153,0.995359185842,0.995498809119,0.995638419981,
    0.995778018427,0.995917604458,0.996052365394,0.996191927017,
    0.99633147622,0.996471013003,0.996600915394,0.996725996408,
    0.996865498065,0.997000177532,0.997139654769,0.99727911958,
    0.997418571964,0.99755801192,0.997697439448,0.997836854546,
    0.997976257213,0.99811564745,0.998255025254,0.998394390626,
    0.998528938497,0.998653865427,0.99879319521,0.998922904864,
    0.999062210633,0.999201503964,0.999335982275,0.999470448991,
    0.999600102341,0.999739347633,0.999878580484,1.),.UNSPECIFIED.);
#7004 = CARTESIAN_POINT('',(-45.75,12.5,5.400657923215));
#7005 = CARTESIAN_POINT('',(-45.75,12.454036040662,5.439972607654));
#7006 = CARTESIAN_POINT('',(-45.75169013966,12.408418216029,
    5.479568974406));
#7007 = CARTESIAN_POINT('',(-45.75502273129,12.363204354296,
    5.51939451046));
#7008 = CARTESIAN_POINT('',(-45.75995066822,12.318448553568,
    5.55939542096));
#7009 = CARTESIAN_POINT('',(-45.76642742484,12.274201181863,
    5.599516629198));
#7010 = CARTESIAN_POINT('',(-45.79029010808,12.143541564518,
    5.719688270739));
#7011 = CARTESIAN_POINT('',(-45.81212258887,12.058799832808,
    5.799904249961));
#7012 = CARTESIAN_POINT('',(-45.83955711149,11.976531732818,
    5.880013305753));
#7013 = CARTESIAN_POINT('',(-45.87231166126,11.896944988185,
    5.959672018214));
#7014 = CARTESIAN_POINT('',(-45.91016129494,11.820233141471,
    6.038506722413));
#7015 = CARTESIAN_POINT('',(-45.99396476028,11.675954910016,
    6.190528977277));
#7016 = CARTESIAN_POINT('',(-46.0395311376,11.608138194874,
    6.263821675715));
#7017 = CARTESIAN_POINT('',(-46.08951289364,11.543267940868,
    6.33565910735));
#7018 = CARTESIAN_POINT('',(-46.14385426071,11.481502516381,
    6.40566236408));
#7019 = CARTESIAN_POINT('',(-46.20253642722,11.423061732085,
    6.473346772355));
#7020 = CARTESIAN_POINT('',(-46.28857773062,11.348219475164,
    6.561738176366));
#7021 = CARTESIAN_POINT('',(-46.31218153558,11.328675178183,
    6.584999052194));
#7022 = CARTESIAN_POINT('',(-46.33636625909,11.309627676129,
    6.607838417712));
#7023 = CARTESIAN_POINT('',(-46.36113217232,11.291093176637,
    6.630223127715));
#7024 = CARTESIAN_POINT('',(-46.38647915744,11.273089828741,
    6.652116874699));
#7025 = CARTESIAN_POINT('',(-46.44787832108,11.231761408104,
    6.702707447606));
#7026 = CARTESIAN_POINT('',(-46.48444429688,11.208911715955,
    6.730948377231));
#7027 = CARTESIAN_POINT('',(-46.52209369573,11.187147427194,
    6.758092478921));
#7028 = CARTESIAN_POINT('',(-46.56081385302,11.166530974804,
    6.784022242404));
#7029 = CARTESIAN_POINT('',(-46.60059037891,11.147128443997,
    6.808613145955));
#7030 = CARTESIAN_POINT('',(-46.67516217951,11.114025467408,
    6.850854060557));
#7031 = CARTESIAN_POINT('',(-46.70963231886,11.099917899516,
    6.868971038876));
#7032 = CARTESIAN_POINT('',(-46.74478545469,11.086736745661,
    6.885996552439));
#7033 = CARTESIAN_POINT('',(-46.78058857229,11.074529428859,
    6.901846049497));
#7034 = CARTESIAN_POINT('',(-46.8170077639,11.063340918012,6.91643846547
    ));
#7035 = CARTESIAN_POINT('',(-46.87524913668,11.047399997911,
    6.937307122078));
#7036 = CARTESIAN_POINT('',(-46.8966772992,11.041937211605,
    6.944476745087));
#7037 = CARTESIAN_POINT('',(-46.91828283502,11.036834261106,
    6.951189387341));
#7038 = CARTESIAN_POINT('',(-46.94005437603,11.032099552859,
    6.957430250689));
#7039 = CARTESIAN_POINT('',(-46.96197906734,11.027741007639,
    6.963185443455));
#7040 = CARTESIAN_POINT('',(-47.02743062863,11.015949293099,
    6.97877900542));
#7041 = CARTESIAN_POINT('',(-47.07137508197,11.00961224359,
    6.987192698199));
#7042 = CARTESIAN_POINT('',(-47.11574030813,11.004817559854,
    6.993576481632));
#7043 = CARTESIAN_POINT('',(-47.16039012829,11.001606482752,
    6.997858080782));
#7044 = CARTESIAN_POINT('',(-47.20518846448,11.,7.));
#7045 = CARTESIAN_POINT('',(-47.31754341835,11.,7.));
#7046 = CARTESIAN_POINT('',(-47.38499462636,11.00364994111,
    6.995133965301));
#7047 = CARTESIAN_POINT('',(-47.45193708949,11.01092994295,
    6.985425719232));
#7048 = CARTESIAN_POINT('',(-47.51795000015,11.021740223479,
    6.971059931444));
#7049 = CARTESIAN_POINT('',(-47.58261275848,11.035889235259,
    6.952377166869));
#7050 = CARTESIAN_POINT('',(-47.68297923807,11.063324021484,
    6.916459984922));
#7051 = CARTESIAN_POINT('',(-47.71985335789,11.074654644946,
    6.90168210505));
#7052 = CARTESIAN_POINT('',(-47.75609576891,11.087029580775,
    6.885615773796));
#7053 = CARTESIAN_POINT('',(-47.79167135173,11.10040216326,
    6.868345121725));
#7054 = CARTESIAN_POINT('',(-47.82654591124,11.114723152318,
    6.849957931252));
#7055 = CARTESIAN_POINT('',(-47.90217204299,11.148432521234,
    6.806956603164));
#7056 = CARTESIAN_POINT('',(-47.94257970061,11.168250515287,
    6.78185027539));
#7057 = CARTESIAN_POINT('',(-47.98189262046,11.189321448043,
    6.755364935134));
#7058 = CARTESIAN_POINT('',(-48.02009610043,11.211576047638,
    6.727631223231));
#7059 = CARTESIAN_POINT('',(-48.05717726532,11.234949037947,
    6.698772139537));
#7060 = CARTESIAN_POINT('',(-48.11831434807,11.276497756481,
    6.647973221178));
#7061 = CARTESIAN_POINT('',(-48.14295124754,11.294138188714,
    6.626543994839));
#7062 = CARTESIAN_POINT('',(-48.1670352815,11.312281935204,
    6.604651734903));
#7063 = CARTESIAN_POINT('',(-48.19056634488,11.330912278862,
    6.582329920775));
#7064 = CARTESIAN_POINT('',(-48.21354471118,11.350014285597,
    6.559609140267));
#7065 = CARTESIAN_POINT('',(-48.29864327201,11.424238317591,
    6.471984413521));
#7066 = CARTESIAN_POINT('',(-48.35701544989,11.482492830001,
    6.404540309499));
#7067 = CARTESIAN_POINT('',(-48.41108219303,11.544042269556,
    6.334801987086));
#7068 = CARTESIAN_POINT('',(-48.46082455615,11.608669993348,
    6.263247378195));
#7069 = CARTESIAN_POINT('',(-48.50618714345,11.676219642335,
    6.19025059013));
#7070 = CARTESIAN_POINT('',(-48.60944796716,11.853988058001,
    6.002939190374));
#7071 = CARTESIAN_POINT('',(-48.6614350202,11.968062212702,
    5.886985293716));
#7072 = CARTESIAN_POINT('',(-48.70238707964,12.088112583251,
    5.769652312126));
#7073 = CARTESIAN_POINT('',(-48.7314909624,12.213450823963,
    5.652123164716));
#7074 = CARTESIAN_POINT('',(-48.74772443935,12.343271901335,
    5.535494000225));
#7075 = CARTESIAN_POINT('',(-48.74981695014,12.476566510631,
    5.420764185532));
#7076 = CARTESIAN_POINT('',(-48.74981868586,12.476677707728,
    5.420668478976));
#7077 = CARTESIAN_POINT('',(-48.74982041172,12.476788906955,
    5.420572773995));
#7078 = CARTESIAN_POINT('',(-48.74982212771,12.476900108311,
    5.420477070588));
#7079 = CARTESIAN_POINT('',(-48.74982383385,12.477011311797,
    5.420381368756));
#7080 = CARTESIAN_POINT('',(-48.74982722623,12.477233713139,
    5.420189976753));
#7081 = CARTESIAN_POINT('',(-48.74982891248,12.477344910996,
    5.420094286581));
#7082 = CARTESIAN_POINT('',(-48.74983058887,12.47745611098,
    5.419998597985));
#7083 = CARTESIAN_POINT('',(-48.7498322554,12.477567313089,
    5.419902910968));
#7084 = CARTESIAN_POINT('',(-48.74983391206,12.477678517323,
    5.41980722553));
#7085 = CARTESIAN_POINT('',(-48.74983720551,12.477900920153,
    5.419615866318));
#7086 = CARTESIAN_POINT('',(-48.74983884229,12.478012118748,
    5.419520192545));
#7087 = CARTESIAN_POINT('',(-48.74984046922,12.478123319466,
    5.419424520352));
#7088 = CARTESIAN_POINT('',(-48.74984208627,12.478234522306,
    5.41932884974));
#7089 = CARTESIAN_POINT('',(-48.74984369347,12.478345727266,
    5.41923318071));
#7090 = CARTESIAN_POINT('',(-48.74984688797,12.478568131539,
    5.419041854321));
#7091 = CARTESIAN_POINT('',(-48.74984847529,12.478679330851,
    5.418946196962));
#7092 = CARTESIAN_POINT('',(-48.74985005275,12.478790532282,
    5.418850541186));
#7093 = CARTESIAN_POINT('',(-48.74985162034,12.47890173583,
    5.418754886995));
#7094 = CARTESIAN_POINT('',(-48.74985317806,12.479012941495,
    5.418659234388));
#7095 = CARTESIAN_POINT('',(-48.74985627363,12.479235347167,
    5.418467940853));
#7096 = CARTESIAN_POINT('',(-48.74985781148,12.479346547174,
    5.418372299923));
#7097 = CARTESIAN_POINT('',(-48.74985933947,12.479457749295,
    5.418276660581));
#7098 = CARTESIAN_POINT('',(-48.74986085759,12.47956895353,
    5.418181022825));
#7099 = CARTESIAN_POINT('',(-48.74986236584,12.479680159877,
    5.418085386658));
#7100 = CARTESIAN_POINT('',(-48.74986536247,12.479902566904,
    5.417894126006));
#7101 = CARTESIAN_POINT('',(-48.74986685085,12.480013767584,
    5.417798501522));
#7102 = CARTESIAN_POINT('',(-48.74986832937,12.480124970373,
    5.417702878628));
#7103 = CARTESIAN_POINT('',(-48.74986979802,12.480236175273,
    5.417607257323));
#7104 = CARTESIAN_POINT('',(-48.7498712568,12.480347382281,5.41751163761
    ));
#7105 = CARTESIAN_POINT('',(-48.74987410454,12.480565956328,
    5.417323706616));
#7106 = CARTESIAN_POINT('',(-48.74987549417,12.480673323223,
    5.417231395226));
#7107 = CARTESIAN_POINT('',(-48.74987687459,12.480780692083,
    5.417139085321));
#7108 = CARTESIAN_POINT('',(-48.74987824582,12.480888062905,
    5.417046776901));
#7109 = CARTESIAN_POINT('',(-48.74987960785,12.48099543569,
    5.416954469967));
#7110 = CARTESIAN_POINT('',(-48.7498823617,12.481214010269,5.41676657081
    ));
#7111 = CARTESIAN_POINT('',(-48.74988375285,12.481325212206,
    5.416670978694));
#7112 = CARTESIAN_POINT('',(-48.74988513414,12.481436416246,
    5.416575388173));
#7113 = CARTESIAN_POINT('',(-48.74988650555,12.481547622387,
    5.416479799249));
#7114 = CARTESIAN_POINT('',(-48.7498878671,12.481658830629,
    5.416384211922));
#7115 = CARTESIAN_POINT('',(-48.74989057032,12.481881241416,
    5.41619304897));
#7116 = CARTESIAN_POINT('',(-48.74989191201,12.48199244396,
    5.416097473345));
#7117 = CARTESIAN_POINT('',(-48.74989324382,12.482103648603,
    5.416001899318));
#7118 = CARTESIAN_POINT('',(-48.74989456576,12.482214855344,
    5.415906326891));
#7119 = CARTESIAN_POINT('',(-48.74989587784,12.482326064181,
    5.415810756063));
#7120 = CARTESIAN_POINT('',(-48.74989848212,12.482548476148,
    5.415619626117));
#7121 = CARTESIAN_POINT('',(-48.74989977434,12.482659679278,
    5.415524066998));
#7122 = CARTESIAN_POINT('',(-48.74990105668,12.482770884502,
    5.41542850948));
#7123 = CARTESIAN_POINT('',(-48.74990232915,12.48288209182,
    5.415332953565));
#7124 = CARTESIAN_POINT('',(-48.74990359175,12.48299330123,
    5.415237399253));
#7125 = CARTESIAN_POINT('',(-48.74990601071,12.483208045576,
    5.415052891326));
#7126 = CARTESIAN_POINT('',(-48.74990716839,12.483311580233,
    5.414963937496));
#7127 = CARTESIAN_POINT('',(-48.74990831751,12.483415116701,
    5.414874985058));
#7128 = CARTESIAN_POINT('',(-48.74990945807,12.483518654981,
    5.414786034011));
#7129 = CARTESIAN_POINT('',(-48.74991059007,12.483622195071,
    5.414697084357));
#7130 = CARTESIAN_POINT('',(-48.74991279527,12.483825435875,
    5.414522489182));
#7131 = CARTESIAN_POINT('',(-48.74991386908,12.483925136456,
    5.414436843561));
#7132 = CARTESIAN_POINT('',(-48.74991493496,12.484024838714,
    5.414351199232));
#7133 = CARTESIAN_POINT('',(-48.7499159929,12.484124542649,
    5.414265556195));
#7134 = CARTESIAN_POINT('',(-48.7499170429,12.48422424826,5.414179914452
    ));
#7135 = CARTESIAN_POINT('',(-48.74991924718,12.484435158128,
    5.413998760029));
#7136 = CARTESIAN_POINT('',(-48.74992039951,12.484546362794,
    5.413903247664));
#7137 = CARTESIAN_POINT('',(-48.74992154197,12.484657569542,
    5.41380773691));
#7138 = CARTESIAN_POINT('',(-48.74992267456,12.484768778373,
    5.413712227768));
#7139 = CARTESIAN_POINT('',(-48.74992379728,12.484879989285,
    5.413616720237));
#7140 = CARTESIAN_POINT('',(-48.74992598448,12.48509857094,
    5.413429009779));
#7141 = CARTESIAN_POINT('',(-48.74992704965,12.485205941542,
    5.413336806743));
#7142 = CARTESIAN_POINT('',(-48.74992810561,12.485313314082,
    5.41324460521));
#7143 = CARTESIAN_POINT('',(-48.74992915236,12.485420688559,
    5.413152405183));
#7144 = CARTESIAN_POINT('',(-48.74993018991,12.485528064972,
    5.41306020666));
#7145 = CARTESIAN_POINT('',(-48.74993228323,12.485746646875,
    5.412872528237));
#7146 = CARTESIAN_POINT('',(-48.74993333833,12.485857852505,
    5.412777048445));
#7147 = CARTESIAN_POINT('',(-48.74993438356,12.48596906021,5.41268157027
    ));
#7148 = CARTESIAN_POINT('',(-48.74993541891,12.486080269989,
    5.412586093711));
#7149 = CARTESIAN_POINT('',(-48.74993644438,12.486191481841,
    5.412490618771));
#7150 = CARTESIAN_POINT('',(-48.74993847548,12.486413899781,
    5.412299680634));
#7151 = CARTESIAN_POINT('',(-48.74993948111,12.486525105869,
    5.412204217436));
#7152 = CARTESIAN_POINT('',(-48.74994047687,12.486636314027,
    5.412108755859));
#7153 = CARTESIAN_POINT('',(-48.74994146275,12.486747524256,
    5.412013295901));
#7154 = CARTESIAN_POINT('',(-48.74994243875,12.486858736554,
    5.411917837564));
#7155 = CARTESIAN_POINT('',(-48.7499443709,12.487081155376,
    5.411726932641));
#7156 = CARTESIAN_POINT('',(-48.74994532706,12.487192361899,
    5.411631486053));
#7157 = CARTESIAN_POINT('',(-48.74994627335,12.48730357049,
    5.411536041088));
#7158 = CARTESIAN_POINT('',(-48.74994720975,12.487414781146,
    5.411440597746));
#7159 = CARTESIAN_POINT('',(-48.74994813628,12.487525993868,
    5.411345156029));
#7160 = CARTESIAN_POINT('',(-48.74994996949,12.487748413527,
    5.411154284349));
#7161 = CARTESIAN_POINT('',(-48.74995087618,12.487859620465,
    5.411058854387));
#7162 = CARTESIAN_POINT('',(-48.74995177299,12.487970829465,
    5.41096342605));
#7163 = CARTESIAN_POINT('',(-48.74995265993,12.488082040527,
    5.410867999339));
#7164 = CARTESIAN_POINT('',(-48.74995353698,12.48819325365,
    5.410772574256));
#7165 = CARTESIAN_POINT('',(-48.74995527125,12.488415674103,
    5.410581735851));
#7166 = CARTESIAN_POINT('',(-48.74995612847,12.488526881432,
    5.410486322529));
#7167 = CARTESIAN_POINT('',(-48.74995697581,12.488638090821,
    5.410390910835));
#7168 = CARTESIAN_POINT('',(-48.74995781327,12.488749302266,
    5.410295500771));
#7169 = CARTESIAN_POINT('',(-48.74995864085,12.488860515769,
    5.410200092337));
#7170 = CARTESIAN_POINT('',(-48.74996027617,12.489082936971,
    5.410009287237));
#7171 = CARTESIAN_POINT('',(-48.74996108392,12.489194144671,
    5.40991389057));
#7172 = CARTESIAN_POINT('',(-48.74996188178,12.489305354425,
    5.409818495535));
#7173 = CARTESIAN_POINT('',(-48.74996266977,12.489416566232,
    5.409723102133));
#7174 = CARTESIAN_POINT('',(-48.74996344788,12.489527780092,
    5.409627710364));
#7175 = CARTESIAN_POINT('',(-48.74996498426,12.489750202,5.409436938599)
  );
#7176 = CARTESIAN_POINT('',(-48.74996574253,12.489861410047,
    5.409341558603));
#7177 = CARTESIAN_POINT('',(-48.74996649093,12.489972620145,
    5.409246180242));
#7178 = CARTESIAN_POINT('',(-48.74996722944,12.490083832292,
    5.409150803516));
#7179 = CARTESIAN_POINT('',(-48.74996795807,12.490195046488,
    5.409055428427));
#7180 = CARTESIAN_POINT('',(-48.74996939551,12.490417469057,
    5.408864690028));
#7181 = CARTESIAN_POINT('',(-48.74997010431,12.49052867743,
    5.408769326718));
#7182 = CARTESIAN_POINT('',(-48.74997080323,12.49063988785,
    5.408673965045));
#7183 = CARTESIAN_POINT('',(-48.74997149227,12.490751100315,
    5.408578605012));
#7184 = CARTESIAN_POINT('',(-48.74997217143,12.490862314824,
    5.408483246618));
#7185 = CARTESIAN_POINT('',(-48.74997350992,12.491084738011,
    5.408292541615));
#7186 = CARTESIAN_POINT('',(-48.74997416925,12.491195946688,
    5.408197195006));
#7187 = CARTESIAN_POINT('',(-48.7499748187,12.491307157407,
    5.408101850037));
#7188 = CARTESIAN_POINT('',(-48.74997545827,12.491418370168,
    5.408006506711));
#7189 = CARTESIAN_POINT('',(-48.74997608795,12.491529584969,
    5.407911165027));
#7190 = CARTESIAN_POINT('',(-48.74997732749,12.491752008729,
    5.407720493451));
#7191 = CARTESIAN_POINT('',(-48.74997793735,12.491863217688,
    5.407625163558));
#7192 = CARTESIAN_POINT('',(-48.74997853733,12.491974428685,
    5.407529835309));
#7193 = CARTESIAN_POINT('',(-48.74997912742,12.492085641719,
    5.407434508705));
#7194 = CARTESIAN_POINT('',(-48.74997970763,12.492196856789,
    5.407339183746));
#7195 = CARTESIAN_POINT('',(-48.74998082857,12.492415446514,
    5.407151832203));
#7196 = CARTESIAN_POINT('',(-48.74998136996,12.492522821029,
    5.407059805506));
#7197 = CARTESIAN_POINT('',(-48.74998190214,12.492630197441,
    5.406967780344));
#7198 = CARTESIAN_POINT('',(-48.74998242511,12.492737575748,
    5.406875756718));
#7199 = CARTESIAN_POINT('',(-48.74998293886,12.49284495595,
    5.406783734629));
#7200 = CARTESIAN_POINT('',(-48.74998391185,12.493052041707,
    5.406606273522));
#7201 = CARTESIAN_POINT('',(-48.74998437236,12.493151747002,
    5.406520834292));
#7202 = CARTESIAN_POINT('',(-48.74998482493,12.493251453929,
    5.406435396388));
#7203 = CARTESIAN_POINT('',(-48.74998526955,12.493351162487,
    5.40634995981));
#7204 = CARTESIAN_POINT('',(-48.74998570622,12.493450872675,
    5.40626452456));
#7205 = CARTESIAN_POINT('',(-48.7499866131,12.49366179211,5.40608380702)
  );
#7206 = CARTESIAN_POINT('',(-48.74998708137,12.493773001754,
    5.405988525054));
#7207 = CARTESIAN_POINT('',(-48.74998753975,12.493884213424,
    5.405893244741));
#7208 = CARTESIAN_POINT('',(-48.74998798825,12.49399542712,
    5.405797966081));
#7209 = CARTESIAN_POINT('',(-48.74998842685,12.494106642841,
    5.405702689076));
#7210 = CARTESIAN_POINT('',(-48.74998925469,12.494321399216,
    5.405518716733));
#7211 = CARTESIAN_POINT('',(-48.74998964524,12.494424939601,
    5.405430021176));
#7212 = CARTESIAN_POINT('',(-48.74999002722,12.49452848174,
    5.405341327053));
#7213 = CARTESIAN_POINT('',(-48.74999040063,12.494632025631,
    5.405252634367));
#7214 = CARTESIAN_POINT('',(-48.74999076547,12.494735571273,
    5.405163943117));
#7215 = CARTESIAN_POINT('',(-48.74999150436,12.494950326651,
    5.404980002087));
#7216 = CARTESIAN_POINT('',(-48.7499918771,12.495061536655,
    5.404884752527));
#7217 = CARTESIAN_POINT('',(-48.74999223994,12.495172748678,
    5.404789504625));
#7218 = CARTESIAN_POINT('',(-48.7499925929,12.495283962718,
    5.404694258383));
#7219 = CARTESIAN_POINT('',(-48.74999293598,12.495395178775,
    5.404599013802));
#7220 = CARTESIAN_POINT('',(-48.74999360231,12.495617604991,
    5.404408536464));
#7221 = CARTESIAN_POINT('',(-48.74999392557,12.49572881515,
    5.404313303708));
#7222 = CARTESIAN_POINT('',(-48.74999423895,12.495840027323,
    5.404218072614));
#7223 = CARTESIAN_POINT('',(-48.74999454243,12.495951241509,
    5.404122843182));
#7224 = CARTESIAN_POINT('',(-48.74999483603,12.496062457708,
    5.404027615413));
#7225 = CARTESIAN_POINT('',(-48.74999539363,12.496281049596,
    5.403840454932));
#7226 = CARTESIAN_POINT('',(-48.74999565831,12.496388425148,
    5.403748522105));
#7227 = CARTESIAN_POINT('',(-48.74999591377,12.496495802573,
    5.403656590831));
#7228 = CARTESIAN_POINT('',(-48.74999616002,12.496603181872,
    5.40356466111));
#7229 = CARTESIAN_POINT('',(-48.74999639704,12.496710563044,
    5.403472732942));
#7230 = CARTESIAN_POINT('',(-48.74999685262,12.496925319871,
    5.403288887641));
#7231 = CARTESIAN_POINT('',(-48.74999707118,12.497032695526,
    5.403196970508));
#7232 = CARTESIAN_POINT('',(-48.74999728052,12.497140073051,
    5.403105054929));
#7233 = CARTESIAN_POINT('',(-48.74999748064,12.497247452446,
    5.403013140906));
#7234 = CARTESIAN_POINT('',(-48.74999767154,12.49735483371,
    5.402921228439));
#7235 = CARTESIAN_POINT('',(-48.74999802839,12.497565756091,
    5.402740696658));
#7236 = CARTESIAN_POINT('',(-48.74999819499,12.497669297077,
    5.402652077235));
#7237 = CARTESIAN_POINT('',(-48.74999835301,12.497772839799,
    5.402563459259));
#7238 = CARTESIAN_POINT('',(-48.74999850247,12.497876384256,
    5.402474842733));
#7239 = CARTESIAN_POINT('',(-48.74999864334,12.497979930447,
    5.402386227656));
#7240 = CARTESIAN_POINT('',(-48.74999891773,12.49819468692,5.40220244464
    ));
#7241 = CARTESIAN_POINT('',(-48.74999904993,12.498305897469,
    5.402107276923));
#7242 = CARTESIAN_POINT('',(-48.74999917224,12.498417110015,
    5.402012110879));
#7243 = CARTESIAN_POINT('',(-48.74999928465,12.49852832456,5.40191694651
    ));
#7244 = CARTESIAN_POINT('',(-48.74999938717,12.498639541101,
    5.401821783816));
#7245 = CARTESIAN_POINT('',(-48.74999957241,12.498861968238,
    5.401631470283));
#7246 = CARTESIAN_POINT('',(-48.74999965514,12.498973178833,
    5.401536319443));
#7247 = CARTESIAN_POINT('',(-48.74999972797,12.499084391423,
    5.40144117028));
#7248 = CARTESIAN_POINT('',(-48.74999979091,12.499195606007,
    5.401346022794));
#7249 = CARTESIAN_POINT('',(-48.74999984395,12.499306822583,
    5.401250876986));
#7250 = CARTESIAN_POINT('',(-48.74999992473,12.499515030508,
    5.40107276139));
#7251 = CARTESIAN_POINT('',(-48.74999995484,12.499612021379,
    5.400989791198));
#7252 = CARTESIAN_POINT('',(-48.74999997742,12.499709013765,
    5.400906822285));
#7253 = CARTESIAN_POINT('',(-48.74999999247,12.499806007664,
    5.400823854649));
#7254 = CARTESIAN_POINT('',(-48.75,12.499903003076,5.400740888292));
#7255 = CARTESIAN_POINT('',(-48.75,12.5,5.400657923215));
#7256 = ORIENTED_EDGE('',*,*,#6954,.F.);
#7257 = CYLINDRICAL_SURFACE('',#7258,1.5);
#7258 = AXIS2_PLACEMENT_3D('',#7259,#7260,#7261);
#7259 = CARTESIAN_POINT('',(-47.25,12.5,0.));
#7260 = DIRECTION('',(0.,0.,-1.));
#7261 = DIRECTION('',(-1.,0.,0.));
#7262 = ADVANCED_FACE('',(#7263),#7283,.T.);
#7263 = FACE_BOUND('',#7264,.F.);
#7264 = EDGE_LOOP('',(#7265,#7266,#7267,#7275,#7282));
#7265 = ORIENTED_EDGE('',*,*,#1459,.F.);
#7266 = ORIENTED_EDGE('',*,*,#6979,.T.);
#7267 = ORIENTED_EDGE('',*,*,#7268,.F.);
#7268 = EDGE_CURVE('',#7269,#6971,#7271,.T.);
#7269 = VERTEX_POINT('',#7270);
#7270 = CARTESIAN_POINT('',(-45.75,19.,3.));
#7271 = LINE('',#7272,#7273);
#7272 = CARTESIAN_POINT('',(-45.75,36.874236596195,3.));
#7273 = VECTOR('',#7274,1.);
#7274 = DIRECTION('',(0.,1.,0.));
#7275 = ORIENTED_EDGE('',*,*,#7276,.F.);
#7276 = EDGE_CURVE('',#6995,#7269,#7277,.T.);
#7277 = CIRCLE('',#7278,10.);
#7278 = AXIS2_PLACEMENT_3D('',#7279,#7280,#7281);
#7279 = CARTESIAN_POINT('',(-45.75,19.,13.));
#7280 = DIRECTION('',(1.,0.,0.));
#7281 = DIRECTION('',(0.,-1.,0.));
#7282 = ORIENTED_EDGE('',*,*,#6994,.F.);
#7283 = PLANE('',#7284);
#7284 = AXIS2_PLACEMENT_3D('',#7285,#7286,#7287);
#7285 = CARTESIAN_POINT('',(-45.75,38.5,0.));
#7286 = DIRECTION('',(-1.,-0.,-0.));
#7287 = DIRECTION('',(0.,1.,0.));
#7288 = ADVANCED_FACE('',(#7289),#7323,.F.);
#7289 = FACE_BOUND('',#7290,.T.);
#7290 = EDGE_LOOP('',(#7291,#7292,#7300,#7308,#7317));
#7291 = ORIENTED_EDGE('',*,*,#1476,.F.);
#7292 = ORIENTED_EDGE('',*,*,#7293,.T.);
#7293 = EDGE_CURVE('',#1477,#7294,#7296,.T.);
#7294 = VERTEX_POINT('',#7295);
#7295 = CARTESIAN_POINT('',(-36.33333333333,38.5,3.));
#7296 = LINE('',#7297,#7298);
#7297 = CARTESIAN_POINT('',(-36.33333333333,38.5,0.));
#7298 = VECTOR('',#7299,1.);
#7299 = DIRECTION('',(0.,0.,1.));
#7300 = ORIENTED_EDGE('',*,*,#7301,.F.);
#7301 = EDGE_CURVE('',#7302,#7294,#7304,.T.);
#7302 = VERTEX_POINT('',#7303);
#7303 = CARTESIAN_POINT('',(-36.33333333333,19.,3.));
#7304 = LINE('',#7305,#7306);
#7305 = CARTESIAN_POINT('',(-36.33333333333,36.874236596195,3.));
#7306 = VECTOR('',#7307,1.);
#7307 = DIRECTION('',(0.,1.,0.));
#7308 = ORIENTED_EDGE('',*,*,#7309,.F.);
#7309 = EDGE_CURVE('',#7310,#7302,#7312,.T.);
#7310 = VERTEX_POINT('',#7311);
#7311 = CARTESIAN_POINT('',(-36.33333333333,12.5,5.400657923215));
#7312 = CIRCLE('',#7313,10.);
#7313 = AXIS2_PLACEMENT_3D('',#7314,#7315,#7316);
#7314 = CARTESIAN_POINT('',(-36.33333333333,19.,13.));
#7315 = DIRECTION('',(1.,0.,0.));
#7316 = DIRECTION('',(0.,-1.,0.));
#7317 = ORIENTED_EDGE('',*,*,#7318,.F.);
#7318 = EDGE_CURVE('',#1479,#7310,#7319,.T.);
#7319 = LINE('',#7320,#7321);
#7320 = CARTESIAN_POINT('',(-36.33333333333,12.5,0.));
#7321 = VECTOR('',#7322,1.);
#7322 = DIRECTION('',(0.,0.,1.));
#7323 = PLANE('',#7324);
#7324 = AXIS2_PLACEMENT_3D('',#7325,#7326,#7327);
#7325 = CARTESIAN_POINT('',(-36.33333333333,38.5,0.));
#7326 = DIRECTION('',(-1.,-0.,-0.));
#7327 = DIRECTION('',(0.,1.,0.));
#7328 = ADVANCED_FACE('',(#7329),#7348,.F.);
#7329 = FACE_BOUND('',#7330,.F.);
#7330 = EDGE_LOOP('',(#7331,#7332,#7333,#7342));
#7331 = ORIENTED_EDGE('',*,*,#1486,.F.);
#7332 = ORIENTED_EDGE('',*,*,#7293,.T.);
#7333 = ORIENTED_EDGE('',*,*,#7334,.F.);
#7334 = EDGE_CURVE('',#7335,#7294,#7337,.T.);
#7335 = VERTEX_POINT('',#7336);
#7336 = CARTESIAN_POINT('',(-33.33333333333,38.5,3.));
#7337 = CIRCLE('',#7338,1.5);
#7338 = AXIS2_PLACEMENT_3D('',#7339,#7340,#7341);
#7339 = CARTESIAN_POINT('',(-34.83333333333,38.5,3.));
#7340 = DIRECTION('',(0.,0.,1.));
#7341 = DIRECTION('',(-1.,0.,0.));
#7342 = ORIENTED_EDGE('',*,*,#7343,.F.);
#7343 = EDGE_CURVE('',#1487,#7335,#7344,.T.);
#7344 = LINE('',#7345,#7346);
#7345 = CARTESIAN_POINT('',(-33.33333333333,38.5,0.));
#7346 = VECTOR('',#7347,1.);
#7347 = DIRECTION('',(0.,0.,1.));
#7348 = CYLINDRICAL_SURFACE('',#7349,1.5);
#7349 = AXIS2_PLACEMENT_3D('',#7350,#7351,#7352);
#7350 = CARTESIAN_POINT('',(-34.83333333333,38.5,0.));
#7351 = DIRECTION('',(0.,0.,-1.));
#7352 = DIRECTION('',(-1.,0.,0.));
#7353 = ADVANCED_FACE('',(#7354),#7621,.F.);
#7354 = FACE_BOUND('',#7355,.F.);
#7355 = EDGE_LOOP('',(#7356,#7357,#7365,#7620));
#7356 = ORIENTED_EDGE('',*,*,#1503,.F.);
#7357 = ORIENTED_EDGE('',*,*,#7358,.T.);
#7358 = EDGE_CURVE('',#1496,#7359,#7361,.T.);
#7359 = VERTEX_POINT('',#7360);
#7360 = CARTESIAN_POINT('',(-33.33333333333,12.5,5.400657923215));
#7361 = LINE('',#7362,#7363);
#7362 = CARTESIAN_POINT('',(-33.33333333333,12.5,0.));
#7363 = VECTOR('',#7364,1.);
#7364 = DIRECTION('',(0.,0.,1.));
#7365 = ORIENTED_EDGE('',*,*,#7366,.T.);
#7366 = EDGE_CURVE('',#7359,#7310,#7367,.T.);
#7367 = B_SPLINE_CURVE_WITH_KNOTS('',6,(#7368,#7369,#7370,#7371,#7372,
    #7373,#7374,#7375,#7376,#7377,#7378,#7379,#7380,#7381,#7382,#7383,
    #7384,#7385,#7386,#7387,#7388,#7389,#7390,#7391,#7392,#7393,#7394,
    #7395,#7396,#7397,#7398,#7399,#7400,#7401,#7402,#7403,#7404,#7405,
    #7406,#7407,#7408,#7409,#7410,#7411,#7412,#7413,#7414,#7415,#7416,
    #7417,#7418,#7419,#7420,#7421,#7422,#7423,#7424,#7425,#7426,#7427,
    #7428,#7429,#7430,#7431,#7432,#7433,#7434,#7435,#7436,#7437,#7438,
    #7439,#7440,#7441,#7442,#7443,#7444,#7445,#7446,#7447,#7448,#7449,
    #7450,#7451,#7452,#7453,#7454,#7455,#7456,#7457,#7458,#7459,#7460,
    #7461,#7462,#7463,#7464,#7465,#7466,#7467,#7468,#7469,#7470,#7471,
    #7472,#7473,#7474,#7475,#7476,#7477,#7478,#7479,#7480,#7481,#7482,
    #7483,#7484,#7485,#7486,#7487,#7488,#7489,#7490,#7491,#7492,#7493,
    #7494,#7495,#7496,#7497,#7498,#7499,#7500,#7501,#7502,#7503,#7504,
    #7505,#7506,#7507,#7508,#7509,#7510,#7511,#7512,#7513,#7514,#7515,
    #7516,#7517,#7518,#7519,#7520,#7521,#7522,#7523,#7524,#7525,#7526,
    #7527,#7528,#7529,#7530,#7531,#7532,#7533,#7534,#7535,#7536,#7537,
    #7538,#7539,#7540,#7541,#7542,#7543,#7544,#7545,#7546,#7547,#7548,
    #7549,#7550,#7551,#7552,#7553,#7554,#7555,#7556,#7557,#7558,#7559,
    #7560,#7561,#7562,#7563,#7564,#7565,#7566,#7567,#7568,#7569,#7570,
    #7571,#7572,#7573,#7574,#7575,#7576,#7577,#7578,#7579,#7580,#7581,
    #7582,#7583,#7584,#7585,#7586,#7587,#7588,#7589,#7590,#7591,#7592,
    #7593,#7594,#7595,#7596,#7597,#7598,#7599,#7600,#7601,#7602,#7603,
    #7604,#7605,#7606,#7607,#7608,#7609,#7610,#7611,#7612,#7613,#7614,
    #7615,#7616,#7617,#7618,#7619),.UNSPECIFIED.,.F.,.F.,(7,5,5,5,5,5,5,
    5,5,5,5,5,5,5,5,5,5,5,5,5,5,5,5,5,5,5,5,5,5,5,5,5,5,5,5,5,5,5,5,5,5,
    5,5,5,5,5,5,5,5,5,7),(0.,5.753598325809E-02,0.172058443862,
    0.281938735826,0.322083516283,0.377005794568,0.422425905884,
    0.44850029187,0.499775795043,0.577062206281,0.623104443996,
    0.679053091894,0.71825733174,0.827816880964,0.995079903394,
    0.995219551457,0.995359187109,0.995498810347,0.995638421171,
    0.995778019579,0.995917605572,0.996052366471,0.996191928056,
    0.996331477221,0.996471013966,0.996600916321,0.996725997301,
    0.996865498921,0.997000178351,0.99713965555,0.997279120323,
    0.997418572669,0.997558012587,0.997697440076,0.997836855136,
    0.997976257766,0.998115647964,0.998255025731,0.998394391064,
    0.998528938898,0.998653865794,0.99879319554,0.998922905158,
    0.999062210889,0.999201504182,0.999335982457,0.999470449136,
    0.999600102451,0.999739347704,0.999878580517,1.),.UNSPECIFIED.);
#7368 = CARTESIAN_POINT('',(-33.33333333333,12.5,5.400657923215));
#7369 = CARTESIAN_POINT('',(-33.33333333333,12.454036036897,
    5.439972610875));
#7370 = CARTESIAN_POINT('',(-33.33502347265,12.408418216933,
    5.479568973511));
#7371 = CARTESIAN_POINT('',(-33.3383560643,12.36320435797,5.519394507203
    ));
#7372 = CARTESIAN_POINT('',(-33.34328400173,12.31844855463,
    5.559395420113));
#7373 = CARTESIAN_POINT('',(-33.34976075883,12.274201178296,
    5.599516632478));
#7374 = CARTESIAN_POINT('',(-33.37362344141,12.143541564518,
    5.719688270739));
#7375 = CARTESIAN_POINT('',(-33.39545592221,12.058799832808,
    5.799904249961));
#7376 = CARTESIAN_POINT('',(-33.42289044482,11.976531732818,
    5.880013305753));
#7377 = CARTESIAN_POINT('',(-33.4556449946,11.896944988185,
    5.959672018214));
#7378 = CARTESIAN_POINT('',(-33.49349462828,11.820233141471,
    6.038506722413));
#7379 = CARTESIAN_POINT('',(-33.57729809362,11.675954910016,
    6.190528977277));
#7380 = CARTESIAN_POINT('',(-33.62286447093,11.608138194874,
    6.263821675715));
#7381 = CARTESIAN_POINT('',(-33.67284622698,11.543267940868,
    6.33565910735));
#7382 = CARTESIAN_POINT('',(-33.72718759404,11.481502516381,
    6.40566236408));
#7383 = CARTESIAN_POINT('',(-33.78586976056,11.423061732085,
    6.473346772355));
#7384 = CARTESIAN_POINT('',(-33.87191106395,11.348219475164,
    6.561738176366));
#7385 = CARTESIAN_POINT('',(-33.89551486891,11.328675178183,
    6.584999052194));
#7386 = CARTESIAN_POINT('',(-33.91969959243,11.309627676129,
    6.607838417712));
#7387 = CARTESIAN_POINT('',(-33.94446550565,11.291093176637,
    6.630223127715));
#7388 = CARTESIAN_POINT('',(-33.96981249078,11.273089828741,
    6.652116874699));
#7389 = CARTESIAN_POINT('',(-34.03121165441,11.231761408104,
    6.702707447606));
#7390 = CARTESIAN_POINT('',(-34.06777763022,11.208911715955,
    6.730948377231));
#7391 = CARTESIAN_POINT('',(-34.10542702907,11.187147427194,
    6.758092478921));
#7392 = CARTESIAN_POINT('',(-34.14414718635,11.166530974804,
    6.784022242404));
#7393 = CARTESIAN_POINT('',(-34.18392371224,11.147128443997,
    6.808613145955));
#7394 = CARTESIAN_POINT('',(-34.25849551285,11.114025467408,
    6.850854060557));
#7395 = CARTESIAN_POINT('',(-34.29296565219,11.099917899516,
    6.868971038876));
#7396 = CARTESIAN_POINT('',(-34.32811878803,11.086736745661,
    6.885996552439));
#7397 = CARTESIAN_POINT('',(-34.36392190562,11.074529428859,
    6.901846049497));
#7398 = CARTESIAN_POINT('',(-34.40034109723,11.063340918012,
    6.91643846547));
#7399 = CARTESIAN_POINT('',(-34.45858247001,11.047399997911,
    6.937307122078));
#7400 = CARTESIAN_POINT('',(-34.48001063253,11.041937211605,
    6.944476745087));
#7401 = CARTESIAN_POINT('',(-34.50161616835,11.036834261106,
    6.951189387341));
#7402 = CARTESIAN_POINT('',(-34.52338770936,11.032099552859,
    6.957430250689));
#7403 = CARTESIAN_POINT('',(-34.54531240068,11.027741007639,
    6.963185443455));
#7404 = CARTESIAN_POINT('',(-34.61076396196,11.015949293099,
    6.97877900542));
#7405 = CARTESIAN_POINT('',(-34.6547084153,11.00961224359,6.987192698199
    ));
#7406 = CARTESIAN_POINT('',(-34.69907364146,11.004817559854,
    6.993576481632));
#7407 = CARTESIAN_POINT('',(-34.74372346163,11.001606482752,
    6.997858080782));
#7408 = CARTESIAN_POINT('',(-34.78852179781,11.,7.));
#7409 = CARTESIAN_POINT('',(-34.90087675169,11.,7.));
#7410 = CARTESIAN_POINT('',(-34.96832795969,11.00364994111,
    6.995133965301));
#7411 = CARTESIAN_POINT('',(-35.03527042282,11.01092994295,
    6.985425719232));
#7412 = CARTESIAN_POINT('',(-35.10128333348,11.021740223479,
    6.971059931444));
#7413 = CARTESIAN_POINT('',(-35.16594609182,11.035889235259,
    6.952377166869));
#7414 = CARTESIAN_POINT('',(-35.26631256309,11.063324019211,
    6.916459987899));
#7415 = CARTESIAN_POINT('',(-35.30318669328,11.074654646221,
    6.90168210344));
#7416 = CARTESIAN_POINT('',(-35.33942911046,11.087029583682,
    6.885615770044));
#7417 = CARTESIAN_POINT('',(-35.37500468749,11.100402163549,
    6.868345121313));
#7418 = CARTESIAN_POINT('',(-35.4098792367,11.114723148811,
    6.849957935726));
#7419 = CARTESIAN_POINT('',(-35.48550537633,11.148432521234,
    6.806956603164));
#7420 = CARTESIAN_POINT('',(-35.52591303395,11.168250515287,
    6.78185027539));
#7421 = CARTESIAN_POINT('',(-35.56522595379,11.189321448043,
    6.755364935134));
#7422 = CARTESIAN_POINT('',(-35.60342943376,11.211576047638,
    6.727631223231));
#7423 = CARTESIAN_POINT('',(-35.64051059865,11.234949037947,
    6.698772139537));
#7424 = CARTESIAN_POINT('',(-35.7016476814,11.276497756481,
    6.647973221178));
#7425 = CARTESIAN_POINT('',(-35.72628458087,11.294138188714,
    6.626543994839));
#7426 = CARTESIAN_POINT('',(-35.75036861483,11.312281935204,
    6.604651734903));
#7427 = CARTESIAN_POINT('',(-35.77389967821,11.330912278862,
    6.582329920775));
#7428 = CARTESIAN_POINT('',(-35.79687804451,11.350014285597,
    6.559609140267));
#7429 = CARTESIAN_POINT('',(-35.88197660907,11.424238320839,
    6.471984409687));
#7430 = CARTESIAN_POINT('',(-35.94034877814,11.482492824147,
    6.404540316052));
#7431 = CARTESIAN_POINT('',(-35.99441552574,11.544042269961,
    6.334801986852));
#7432 = CARTESIAN_POINT('',(-36.04415789426,11.608669999386,
    6.263247371538));
#7433 = CARTESIAN_POINT('',(-36.08952047438,11.676219638203,
    6.190250594485));
#7434 = CARTESIAN_POINT('',(-36.1927813005,11.853988058001,
    6.002939190374));
#7435 = CARTESIAN_POINT('',(-36.24476835354,11.968062212702,
    5.886985293716));
#7436 = CARTESIAN_POINT('',(-36.28572041297,12.088112583251,
    5.769652312126));
#7437 = CARTESIAN_POINT('',(-36.31482429573,12.213450823962,
    5.652123164717));
#7438 = CARTESIAN_POINT('',(-36.33105777268,12.343271901335,
    5.535494000224));
#7439 = CARTESIAN_POINT('',(-36.33315028347,12.476566510631,
    5.420764185532));
#7440 = CARTESIAN_POINT('',(-36.33315201919,12.476677707728,
    5.420668478976));
#7441 = CARTESIAN_POINT('',(-36.33315374505,12.476788906955,
    5.420572773995));
#7442 = CARTESIAN_POINT('',(-36.33315546105,12.476900108311,
    5.420477070588));
#7443 = CARTESIAN_POINT('',(-36.33315716718,12.477011311797,
    5.420381368756));
#7444 = CARTESIAN_POINT('',(-36.33316055956,12.477233713139,
    5.420189976753));
#7445 = CARTESIAN_POINT('',(-36.33316224582,12.477344910996,
    5.420094286581));
#7446 = CARTESIAN_POINT('',(-36.33316392221,12.47745611098,
    5.419998597985));
#7447 = CARTESIAN_POINT('',(-36.33316558873,12.477567313089,
    5.419902910968));
#7448 = CARTESIAN_POINT('',(-36.33316724539,12.477678517323,
    5.41980722553));
#7449 = CARTESIAN_POINT('',(-36.33317053884,12.477900920153,
    5.419615866318));
#7450 = CARTESIAN_POINT('',(-36.33317217563,12.478012118748,
    5.419520192545));
#7451 = CARTESIAN_POINT('',(-36.33317380255,12.478123319466,
    5.419424520352));
#7452 = CARTESIAN_POINT('',(-36.33317541961,12.478234522306,
    5.41932884974));
#7453 = CARTESIAN_POINT('',(-36.3331770268,12.478345727266,5.41923318071
    ));
#7454 = CARTESIAN_POINT('',(-36.33318022131,12.478568131539,
    5.419041854321));
#7455 = CARTESIAN_POINT('',(-36.33318180863,12.478679330851,
    5.418946196962));
#7456 = CARTESIAN_POINT('',(-36.33318338608,12.478790532282,
    5.418850541186));
#7457 = CARTESIAN_POINT('',(-36.33318495367,12.47890173583,
    5.418754886995));
#7458 = CARTESIAN_POINT('',(-36.33318651139,12.479012941495,
    5.418659234388));
#7459 = CARTESIAN_POINT('',(-36.33318960696,12.479235347167,
    5.418467940853));
#7460 = CARTESIAN_POINT('',(-36.33319114481,12.479346547174,
    5.418372299923));
#7461 = CARTESIAN_POINT('',(-36.3331926728,12.479457749295,
    5.418276660581));
#7462 = CARTESIAN_POINT('',(-36.33319419092,12.47956895353,
    5.418181022825));
#7463 = CARTESIAN_POINT('',(-36.33319569917,12.479680159877,
    5.418085386658));
#7464 = CARTESIAN_POINT('',(-36.3331986958,12.479902566904,
    5.417894126006));
#7465 = CARTESIAN_POINT('',(-36.33320018419,12.480013767584,
    5.417798501522));
#7466 = CARTESIAN_POINT('',(-36.3332016627,12.480124970373,
    5.417702878628));
#7467 = CARTESIAN_POINT('',(-36.33320313135,12.480236175273,
    5.417607257323));
#7468 = CARTESIAN_POINT('',(-36.33320459013,12.480347382281,
    5.41751163761));
#7469 = CARTESIAN_POINT('',(-36.33320743787,12.480565956328,
    5.417323706616));
#7470 = CARTESIAN_POINT('',(-36.3332088275,12.480673323223,
    5.417231395226));
#7471 = CARTESIAN_POINT('',(-36.33321020793,12.480780692083,
    5.417139085321));
#7472 = CARTESIAN_POINT('',(-36.33321157916,12.480888062905,
    5.417046776901));
#7473 = CARTESIAN_POINT('',(-36.33321294119,12.48099543569,
    5.416954469967));
#7474 = CARTESIAN_POINT('',(-36.33321569503,12.481214010269,
    5.41676657081));
#7475 = CARTESIAN_POINT('',(-36.33321708619,12.481325212206,
    5.416670978694));
#7476 = CARTESIAN_POINT('',(-36.33321846747,12.481436416246,
    5.416575388173));
#7477 = CARTESIAN_POINT('',(-36.33321983889,12.481547622387,
    5.416479799249));
#7478 = CARTESIAN_POINT('',(-36.33322120043,12.481658830629,
    5.416384211922));
#7479 = CARTESIAN_POINT('',(-36.33322390366,12.481881241416,
    5.41619304897));
#7480 = CARTESIAN_POINT('',(-36.33322524534,12.48199244396,
    5.416097473345));
#7481 = CARTESIAN_POINT('',(-36.33322657715,12.482103648603,
    5.416001899318));
#7482 = CARTESIAN_POINT('',(-36.3332278991,12.482214855344,
    5.415906326891));
#7483 = CARTESIAN_POINT('',(-36.33322921117,12.482326064181,
    5.415810756063));
#7484 = CARTESIAN_POINT('',(-36.33323181545,12.482548476148,
    5.415619626117));
#7485 = CARTESIAN_POINT('',(-36.33323310767,12.482659679278,
    5.415524066998));
#7486 = CARTESIAN_POINT('',(-36.33323439001,12.482770884502,
    5.41542850948));
#7487 = CARTESIAN_POINT('',(-36.33323566249,12.48288209182,
    5.415332953565));
#7488 = CARTESIAN_POINT('',(-36.33323692509,12.48299330123,
    5.415237399253));
#7489 = CARTESIAN_POINT('',(-36.33323934405,12.483208045576,
    5.415052891326));
#7490 = CARTESIAN_POINT('',(-36.33324050172,12.483311580233,
    5.414963937496));
#7491 = CARTESIAN_POINT('',(-36.33324165084,12.483415116701,
    5.414874985058));
#7492 = CARTESIAN_POINT('',(-36.3332427914,12.483518654981,
    5.414786034011));
#7493 = CARTESIAN_POINT('',(-36.33324392341,12.483622195071,
    5.414697084357));
#7494 = CARTESIAN_POINT('',(-36.3332461286,12.483825435875,
    5.414522489182));
#7495 = CARTESIAN_POINT('',(-36.33324720241,12.483925136456,
    5.414436843561));
#7496 = CARTESIAN_POINT('',(-36.33324826829,12.484024838714,
    5.414351199232));
#7497 = CARTESIAN_POINT('',(-36.33324932623,12.484124542649,
    5.414265556195));
#7498 = CARTESIAN_POINT('',(-36.33325037623,12.48422424826,
    5.414179914452));
#7499 = CARTESIAN_POINT('',(-36.33325258051,12.484435158128,
    5.413998760029));
#7500 = CARTESIAN_POINT('',(-36.33325373285,12.484546362794,
    5.413903247664));
#7501 = CARTESIAN_POINT('',(-36.33325487531,12.484657569542,
    5.41380773691));
#7502 = CARTESIAN_POINT('',(-36.3332560079,12.484768778373,
    5.413712227768));
#7503 = CARTESIAN_POINT('',(-36.33325713061,12.484879989285,
    5.413616720237));
#7504 = CARTESIAN_POINT('',(-36.33325931782,12.48509857094,
    5.413429009779));
#7505 = CARTESIAN_POINT('',(-36.33326038298,12.485205941542,
    5.413336806743));
#7506 = CARTESIAN_POINT('',(-36.33326143894,12.485313314082,
    5.41324460521));
#7507 = CARTESIAN_POINT('',(-36.3332624857,12.485420688559,
    5.413152405183));
#7508 = CARTESIAN_POINT('',(-36.33326352325,12.485528064972,
    5.41306020666));
#7509 = CARTESIAN_POINT('',(-36.33326561656,12.485746646875,
    5.412872528237));
#7510 = CARTESIAN_POINT('',(-36.33326667167,12.485857852505,
    5.412777048445));
#7511 = CARTESIAN_POINT('',(-36.33326771689,12.48596906021,5.41268157027
    ));
#7512 = CARTESIAN_POINT('',(-36.33326875224,12.486080269989,
    5.412586093711));
#7513 = CARTESIAN_POINT('',(-36.33326977771,12.486191481841,
    5.412490618771));
#7514 = CARTESIAN_POINT('',(-36.33327180882,12.486413899781,
    5.412299680634));
#7515 = CARTESIAN_POINT('',(-36.33327281445,12.486525105869,
    5.412204217436));
#7516 = CARTESIAN_POINT('',(-36.3332738102,12.486636314027,
    5.412108755859));
#7517 = CARTESIAN_POINT('',(-36.33327479608,12.486747524256,
    5.412013295901));
#7518 = CARTESIAN_POINT('',(-36.33327577208,12.486858736554,
    5.411917837564));
#7519 = CARTESIAN_POINT('',(-36.33327770424,12.487081155376,
    5.411726932641));
#7520 = CARTESIAN_POINT('',(-36.3332786604,12.487192361899,
    5.411631486053));
#7521 = CARTESIAN_POINT('',(-36.33327960668,12.48730357049,
    5.411536041088));
#7522 = CARTESIAN_POINT('',(-36.33328054309,12.487414781146,
    5.411440597746));
#7523 = CARTESIAN_POINT('',(-36.33328146961,12.487525993868,
    5.411345156029));
#7524 = CARTESIAN_POINT('',(-36.33328330283,12.487748413527,
    5.411154284349));
#7525 = CARTESIAN_POINT('',(-36.33328420952,12.487859620465,
    5.411058854387));
#7526 = CARTESIAN_POINT('',(-36.33328510633,12.487970829465,
    5.41096342605));
#7527 = CARTESIAN_POINT('',(-36.33328599326,12.488082040527,
    5.410867999339));
#7528 = CARTESIAN_POINT('',(-36.33328687031,12.48819325365,
    5.410772574256));
#7529 = CARTESIAN_POINT('',(-36.33328860458,12.488415674103,
    5.410581735851));
#7530 = CARTESIAN_POINT('',(-36.3332894618,12.488526881432,
    5.410486322529));
#7531 = CARTESIAN_POINT('',(-36.33329030914,12.488638090821,
    5.410390910835));
#7532 = CARTESIAN_POINT('',(-36.3332911466,12.488749302266,
    5.410295500771));
#7533 = CARTESIAN_POINT('',(-36.33329197418,12.488860515769,
    5.410200092337));
#7534 = CARTESIAN_POINT('',(-36.3332936095,12.489082936971,
    5.410009287237));
#7535 = CARTESIAN_POINT('',(-36.33329441725,12.489194144671,
    5.40991389057));
#7536 = CARTESIAN_POINT('',(-36.33329521512,12.489305354425,
    5.409818495535));
#7537 = CARTESIAN_POINT('',(-36.3332960031,12.489416566232,
    5.409723102133));
#7538 = CARTESIAN_POINT('',(-36.33329678121,12.489527780092,
    5.409627710364));
#7539 = CARTESIAN_POINT('',(-36.33329831759,12.489750202,5.409436938599)
  );
#7540 = CARTESIAN_POINT('',(-36.33329907587,12.489861410047,
    5.409341558603));
#7541 = CARTESIAN_POINT('',(-36.33329982426,12.489972620145,
    5.409246180242));
#7542 = CARTESIAN_POINT('',(-36.33330056277,12.490083832292,
    5.409150803516));
#7543 = CARTESIAN_POINT('',(-36.33330129141,12.490195046488,
    5.409055428427));
#7544 = CARTESIAN_POINT('',(-36.33330272884,12.490417469057,
    5.408864690028));
#7545 = CARTESIAN_POINT('',(-36.33330343764,12.49052867743,
    5.408769326718));
#7546 = CARTESIAN_POINT('',(-36.33330413657,12.49063988785,
    5.408673965045));
#7547 = CARTESIAN_POINT('',(-36.33330482561,12.490751100315,
    5.408578605012));
#7548 = CARTESIAN_POINT('',(-36.33330550476,12.490862314824,
    5.408483246618));
#7549 = CARTESIAN_POINT('',(-36.33330684325,12.491084738011,
    5.408292541615));
#7550 = CARTESIAN_POINT('',(-36.33330750258,12.491195946688,
    5.408197195006));
#7551 = CARTESIAN_POINT('',(-36.33330815203,12.491307157407,
    5.408101850037));
#7552 = CARTESIAN_POINT('',(-36.3333087916,12.491418370168,
    5.408006506711));
#7553 = CARTESIAN_POINT('',(-36.33330942128,12.491529584969,
    5.407911165027));
#7554 = CARTESIAN_POINT('',(-36.33331066083,12.491752008729,
    5.407720493451));
#7555 = CARTESIAN_POINT('',(-36.33331127069,12.491863217688,
    5.407625163558));
#7556 = CARTESIAN_POINT('',(-36.33331187066,12.491974428685,
    5.407529835309));
#7557 = CARTESIAN_POINT('',(-36.33331246076,12.492085641719,
    5.407434508705));
#7558 = CARTESIAN_POINT('',(-36.33331304097,12.492196856789,
    5.407339183746));
#7559 = CARTESIAN_POINT('',(-36.3333141619,12.492415446514,
    5.407151832203));
#7560 = CARTESIAN_POINT('',(-36.33331470329,12.492522821029,
    5.407059805506));
#7561 = CARTESIAN_POINT('',(-36.33331523547,12.492630197441,
    5.406967780344));
#7562 = CARTESIAN_POINT('',(-36.33331575844,12.492737575748,
    5.406875756718));
#7563 = CARTESIAN_POINT('',(-36.33331627219,12.49284495595,
    5.406783734629));
#7564 = CARTESIAN_POINT('',(-36.33331724518,12.493052041707,
    5.406606273522));
#7565 = CARTESIAN_POINT('',(-36.33331770569,12.493151747002,
    5.406520834292));
#7566 = CARTESIAN_POINT('',(-36.33331815826,12.493251453929,
    5.406435396388));
#7567 = CARTESIAN_POINT('',(-36.33331860288,12.493351162487,
    5.40634995981));
#7568 = CARTESIAN_POINT('',(-36.33331903955,12.493450872675,
    5.40626452456));
#7569 = CARTESIAN_POINT('',(-36.33331994643,12.49366179211,5.40608380702
    ));
#7570 = CARTESIAN_POINT('',(-36.3333204147,12.493773001754,
    5.405988525054));
#7571 = CARTESIAN_POINT('',(-36.33332087308,12.493884213424,
    5.405893244741));
#7572 = CARTESIAN_POINT('',(-36.33332132158,12.49399542712,
    5.405797966081));
#7573 = CARTESIAN_POINT('',(-36.33332176019,12.494106642841,
    5.405702689076));
#7574 = CARTESIAN_POINT('',(-36.33332258803,12.494321399216,
    5.405518716733));
#7575 = CARTESIAN_POINT('',(-36.33332297858,12.494424939601,
    5.405430021176));
#7576 = CARTESIAN_POINT('',(-36.33332336056,12.49452848174,
    5.405341327053));
#7577 = CARTESIAN_POINT('',(-36.33332373397,12.494632025631,
    5.405252634367));
#7578 = CARTESIAN_POINT('',(-36.3333240988,12.494735571273,
    5.405163943117));
#7579 = CARTESIAN_POINT('',(-36.33332483769,12.494950326651,
    5.404980002087));
#7580 = CARTESIAN_POINT('',(-36.33332521043,12.495061536655,
    5.404884752527));
#7581 = CARTESIAN_POINT('',(-36.33332557328,12.495172748678,
    5.404789504625));
#7582 = CARTESIAN_POINT('',(-36.33332592624,12.495283962718,
    5.404694258383));
#7583 = CARTESIAN_POINT('',(-36.33332626931,12.495395178775,
    5.404599013802));
#7584 = CARTESIAN_POINT('',(-36.33332693564,12.495617604991,
    5.404408536464));
#7585 = CARTESIAN_POINT('',(-36.33332725891,12.49572881515,
    5.404313303708));
#7586 = CARTESIAN_POINT('',(-36.33332757228,12.495840027323,
    5.404218072614));
#7587 = CARTESIAN_POINT('',(-36.33332787577,12.495951241509,
    5.404122843182));
#7588 = CARTESIAN_POINT('',(-36.33332816936,12.496062457708,
    5.404027615413));
#7589 = CARTESIAN_POINT('',(-36.33332872697,12.496281049596,
    5.403840454932));
#7590 = CARTESIAN_POINT('',(-36.33332899165,12.496388425148,
    5.403748522105));
#7591 = CARTESIAN_POINT('',(-36.33332924711,12.496495802573,
    5.403656590831));
#7592 = CARTESIAN_POINT('',(-36.33332949335,12.496603181872,
    5.40356466111));
#7593 = CARTESIAN_POINT('',(-36.33332973037,12.496710563044,
    5.403472732942));
#7594 = CARTESIAN_POINT('',(-36.33333018595,12.496925319871,
    5.403288887641));
#7595 = CARTESIAN_POINT('',(-36.33333040451,12.497032695526,
    5.403196970508));
#7596 = CARTESIAN_POINT('',(-36.33333061385,12.497140073051,
    5.403105054929));
#7597 = CARTESIAN_POINT('',(-36.33333081397,12.497247452446,
    5.403013140906));
#7598 = CARTESIAN_POINT('',(-36.33333100487,12.49735483371,
    5.402921228439));
#7599 = CARTESIAN_POINT('',(-36.33333136172,12.497565756091,
    5.402740696658));
#7600 = CARTESIAN_POINT('',(-36.33333152832,12.497669297077,
    5.402652077235));
#7601 = CARTESIAN_POINT('',(-36.33333168635,12.497772839799,
    5.402563459259));
#7602 = CARTESIAN_POINT('',(-36.3333318358,12.497876384256,
    5.402474842733));
#7603 = CARTESIAN_POINT('',(-36.33333197668,12.497979930447,
    5.402386227656));
#7604 = CARTESIAN_POINT('',(-36.33333225107,12.49819468692,5.40220244464
    ));
#7605 = CARTESIAN_POINT('',(-36.33333238326,12.498305897469,
    5.402107276923));
#7606 = CARTESIAN_POINT('',(-36.33333250557,12.498417110015,
    5.402012110879));
#7607 = CARTESIAN_POINT('',(-36.33333261798,12.49852832456,5.40191694651
    ));
#7608 = CARTESIAN_POINT('',(-36.3333327205,12.498639541101,
    5.401821783816));
#7609 = CARTESIAN_POINT('',(-36.33333290575,12.498861968238,
    5.401631470283));
#7610 = CARTESIAN_POINT('',(-36.33333298847,12.498973178833,
    5.401536319443));
#7611 = CARTESIAN_POINT('',(-36.3333330613,12.499084391423,5.40144117028
    ));
#7612 = CARTESIAN_POINT('',(-36.33333312424,12.499195606007,
    5.401346022794));
#7613 = CARTESIAN_POINT('',(-36.33333317729,12.499306822583,
    5.401250876986));
#7614 = CARTESIAN_POINT('',(-36.33333325807,12.499515030508,
    5.40107276139));
#7615 = CARTESIAN_POINT('',(-36.33333328817,12.499612021379,
    5.400989791198));
#7616 = CARTESIAN_POINT('',(-36.33333331075,12.499709013765,
    5.400906822285));
#7617 = CARTESIAN_POINT('',(-36.3333333258,12.499806007664,
    5.400823854649));
#7618 = CARTESIAN_POINT('',(-36.33333333333,12.499903003076,
    5.400740888292));
#7619 = CARTESIAN_POINT('',(-36.33333333333,12.5,5.400657923215));
#7620 = ORIENTED_EDGE('',*,*,#7318,.F.);
#7621 = CYLINDRICAL_SURFACE('',#7622,1.5);
#7622 = AXIS2_PLACEMENT_3D('',#7623,#7624,#7625);
#7623 = CARTESIAN_POINT('',(-34.83333333333,12.5,0.));
#7624 = DIRECTION('',(0.,0.,-1.));
#7625 = DIRECTION('',(-1.,0.,0.));
#7626 = ADVANCED_FACE('',(#7627),#7647,.T.);
#7627 = FACE_BOUND('',#7628,.F.);
#7628 = EDGE_LOOP('',(#7629,#7630,#7631,#7639,#7646));
#7629 = ORIENTED_EDGE('',*,*,#1495,.F.);
#7630 = ORIENTED_EDGE('',*,*,#7343,.T.);
#7631 = ORIENTED_EDGE('',*,*,#7632,.F.);
#7632 = EDGE_CURVE('',#7633,#7335,#7635,.T.);
#7633 = VERTEX_POINT('',#7634);
#7634 = CARTESIAN_POINT('',(-33.33333333333,19.,3.));
#7635 = LINE('',#7636,#7637);
#7636 = CARTESIAN_POINT('',(-33.33333333333,36.874236596195,3.));
#7637 = VECTOR('',#7638,1.);
#7638 = DIRECTION('',(0.,1.,0.));
#7639 = ORIENTED_EDGE('',*,*,#7640,.F.);
#7640 = EDGE_CURVE('',#7359,#7633,#7641,.T.);
#7641 = CIRCLE('',#7642,10.);
#7642 = AXIS2_PLACEMENT_3D('',#7643,#7644,#7645);
#7643 = CARTESIAN_POINT('',(-33.33333333333,19.,13.));
#7644 = DIRECTION('',(1.,0.,0.));
#7645 = DIRECTION('',(0.,-1.,0.));
#7646 = ORIENTED_EDGE('',*,*,#7358,.F.);
#7647 = PLANE('',#7648);
#7648 = AXIS2_PLACEMENT_3D('',#7649,#7650,#7651);
#7649 = CARTESIAN_POINT('',(-33.33333333333,38.5,0.));
#7650 = DIRECTION('',(-1.,-0.,-0.));
#7651 = DIRECTION('',(0.,1.,0.));
#7652 = ADVANCED_FACE('',(#7653),#7687,.F.);
#7653 = FACE_BOUND('',#7654,.T.);
#7654 = EDGE_LOOP('',(#7655,#7656,#7664,#7672,#7681));
#7655 = ORIENTED_EDGE('',*,*,#1512,.F.);
#7656 = ORIENTED_EDGE('',*,*,#7657,.T.);
#7657 = EDGE_CURVE('',#1513,#7658,#7660,.T.);
#7658 = VERTEX_POINT('',#7659);
#7659 = CARTESIAN_POINT('',(-23.91666666666,38.5,3.));
#7660 = LINE('',#7661,#7662);
#7661 = CARTESIAN_POINT('',(-23.91666666666,38.5,0.));
#7662 = VECTOR('',#7663,1.);
#7663 = DIRECTION('',(0.,0.,1.));
#7664 = ORIENTED_EDGE('',*,*,#7665,.F.);
#7665 = EDGE_CURVE('',#7666,#7658,#7668,.T.);
#7666 = VERTEX_POINT('',#7667);
#7667 = CARTESIAN_POINT('',(-23.91666666666,19.,3.));
#7668 = LINE('',#7669,#7670);
#7669 = CARTESIAN_POINT('',(-23.91666666666,36.874236596195,3.));
#7670 = VECTOR('',#7671,1.);
#7671 = DIRECTION('',(0.,1.,0.));
#7672 = ORIENTED_EDGE('',*,*,#7673,.F.);
#7673 = EDGE_CURVE('',#7674,#7666,#7676,.T.);
#7674 = VERTEX_POINT('',#7675);
#7675 = CARTESIAN_POINT('',(-23.91666666666,12.5,5.400657923215));
#7676 = CIRCLE('',#7677,10.);
#7677 = AXIS2_PLACEMENT_3D('',#7678,#7679,#7680);
#7678 = CARTESIAN_POINT('',(-23.91666666666,19.,13.));
#7679 = DIRECTION('',(1.,0.,0.));
#7680 = DIRECTION('',(0.,-1.,0.));
#7681 = ORIENTED_EDGE('',*,*,#7682,.F.);
#7682 = EDGE_CURVE('',#1515,#7674,#7683,.T.);
#7683 = LINE('',#7684,#7685);
#7684 = CARTESIAN_POINT('',(-23.91666666666,12.5,0.));
#7685 = VECTOR('',#7686,1.);
#7686 = DIRECTION('',(0.,0.,1.));
#7687 = PLANE('',#7688);
#7688 = AXIS2_PLACEMENT_3D('',#7689,#7690,#7691);
#7689 = CARTESIAN_POINT('',(-23.91666666666,38.5,0.));
#7690 = DIRECTION('',(-1.,-0.,-0.));
#7691 = DIRECTION('',(0.,1.,0.));
#7692 = ADVANCED_FACE('',(#7693),#7712,.F.);
#7693 = FACE_BOUND('',#7694,.F.);
#7694 = EDGE_LOOP('',(#7695,#7696,#7697,#7706));
#7695 = ORIENTED_EDGE('',*,*,#1522,.F.);
#7696 = ORIENTED_EDGE('',*,*,#7657,.T.);
#7697 = ORIENTED_EDGE('',*,*,#7698,.F.);
#7698 = EDGE_CURVE('',#7699,#7658,#7701,.T.);
#7699 = VERTEX_POINT('',#7700);
#7700 = CARTESIAN_POINT('',(-20.91666666666,38.5,3.));
#7701 = CIRCLE('',#7702,1.5);
#7702 = AXIS2_PLACEMENT_3D('',#7703,#7704,#7705);
#7703 = CARTESIAN_POINT('',(-22.41666666666,38.5,3.));
#7704 = DIRECTION('',(0.,0.,1.));
#7705 = DIRECTION('',(-1.,0.,0.));
#7706 = ORIENTED_EDGE('',*,*,#7707,.F.);
#7707 = EDGE_CURVE('',#1523,#7699,#7708,.T.);
#7708 = LINE('',#7709,#7710);
#7709 = CARTESIAN_POINT('',(-20.91666666666,38.5,0.));
#7710 = VECTOR('',#7711,1.);
#7711 = DIRECTION('',(0.,0.,1.));
#7712 = CYLINDRICAL_SURFACE('',#7713,1.5);
#7713 = AXIS2_PLACEMENT_3D('',#7714,#7715,#7716);
#7714 = CARTESIAN_POINT('',(-22.41666666666,38.5,0.));
#7715 = DIRECTION('',(0.,0.,-1.));
#7716 = DIRECTION('',(-1.,0.,0.));
#7717 = ADVANCED_FACE('',(#7718),#7995,.F.);
#7718 = FACE_BOUND('',#7719,.F.);
#7719 = EDGE_LOOP('',(#7720,#7721,#7729,#7994));
#7720 = ORIENTED_EDGE('',*,*,#1539,.F.);
#7721 = ORIENTED_EDGE('',*,*,#7722,.T.);
#7722 = EDGE_CURVE('',#1532,#7723,#7725,.T.);
#7723 = VERTEX_POINT('',#7724);
#7724 = CARTESIAN_POINT('',(-20.91666666666,12.5,5.400657923215));
#7725 = LINE('',#7726,#7727);
#7726 = CARTESIAN_POINT('',(-20.91666666666,12.5,0.));
#7727 = VECTOR('',#7728,1.);
#7728 = DIRECTION('',(0.,0.,1.));
#7729 = ORIENTED_EDGE('',*,*,#7730,.T.);
#7730 = EDGE_CURVE('',#7723,#7674,#7731,.T.);
#7731 = B_SPLINE_CURVE_WITH_KNOTS('',6,(#7732,#7733,#7734,#7735,#7736,
    #7737,#7738,#7739,#7740,#7741,#7742,#7743,#7744,#7745,#7746,#7747,
    #7748,#7749,#7750,#7751,#7752,#7753,#7754,#7755,#7756,#7757,#7758,
    #7759,#7760,#7761,#7762,#7763,#7764,#7765,#7766,#7767,#7768,#7769,
    #7770,#7771,#7772,#7773,#7774,#7775,#7776,#7777,#7778,#7779,#7780,
    #7781,#7782,#7783,#7784,#7785,#7786,#7787,#7788,#7789,#7790,#7791,
    #7792,#7793,#7794,#7795,#7796,#7797,#7798,#7799,#7800,#7801,#7802,
    #7803,#7804,#7805,#7806,#7807,#7808,#7809,#7810,#7811,#7812,#7813,
    #7814,#7815,#7816,#7817,#7818,#7819,#7820,#7821,#7822,#7823,#7824,
    #7825,#7826,#7827,#7828,#7829,#7830,#7831,#7832,#7833,#7834,#7835,
    #7836,#7837,#7838,#7839,#7840,#7841,#7842,#7843,#7844,#7845,#7846,
    #7847,#7848,#7849,#7850,#7851,#7852,#7853,#7854,#7855,#7856,#7857,
    #7858,#7859,#7860,#7861,#7862,#7863,#7864,#7865,#7866,#7867,#7868,
    #7869,#7870,#7871,#7872,#7873,#7874,#7875,#7876,#7877,#7878,#7879,
    #7880,#7881,#7882,#7883,#7884,#7885,#7886,#7887,#7888,#7889,#7890,
    #7891,#7892,#7893,#7894,#7895,#7896,#7897,#7898,#7899,#7900,#7901,
    #7902,#7903,#7904,#7905,#7906,#7907,#7908,#7909,#7910,#7911,#7912,
    #7913,#7914,#7915,#7916,#7917,#7918,#7919,#7920,#7921,#7922,#7923,
    #7924,#7925,#7926,#7927,#7928,#7929,#7930,#7931,#7932,#7933,#7934,
    #7935,#7936,#7937,#7938,#7939,#7940,#7941,#7942,#7943,#7944,#7945,
    #7946,#7947,#7948,#7949,#7950,#7951,#7952,#7953,#7954,#7955,#7956,
    #7957,#7958,#7959,#7960,#7961,#7962,#7963,#7964,#7965,#7966,#7967,
    #7968,#7969,#7970,#7971,#7972,#7973,#7974,#7975,#7976,#7977,#7978,
    #7979,#7980,#7981,#7982,#7983,#7984,#7985,#7986,#7987,#7988,#7989,
    #7990,#7991,#7992,#7993),.UNSPECIFIED.,.F.,.F.,(7,5,5,5,5,5,5,5,5,5,
    5,5,5,5,5,5,5,5,5,5,5,5,5,5,5,5,5,5,5,5,5,5,5,5,5,5,5,5,5,5,5,5,5,5,
    5,5,5,5,5,5,5,5,7),(0.,5.753595564319E-02,0.172058361251,
    0.28193860045,0.322083361628,0.37700562573,0.422425735413,
    0.448500120462,0.499775621792,0.577062030253,0.623104276552,
    0.679052947804,0.718257204014,0.827816798969,0.995075084744,
    0.995195472185,0.995335110061,0.995450663054,0.995571021713,
    0.995700998703,0.995840591631,0.995980172141,0.996119740233,
    0.996259295907,0.996398839161,0.996538369994,0.996668266844,
    0.996807773689,0.996928028239,0.997062702372,0.997197364923,
    0.997322398347,0.99742337959,0.997562819164,0.997702246309,
    0.997841661025,0.997976256542,0.998115646824,0.998240606853,
    0.998365556889,0.998452054905,0.998591402744,0.998730738148,
    0.998865257083,0.998994960791,0.999095834,0.999235124375,
    0.999340784639,0.999436833212,0.999576093135,0.999710539187,
    0.999849774658,1.),.UNSPECIFIED.);
#7732 = CARTESIAN_POINT('',(-20.91666666666,12.5,5.400657923215));
#7733 = CARTESIAN_POINT('',(-20.91666666666,12.454036036909,
    5.439972610865));
#7734 = CARTESIAN_POINT('',(-20.91835680598,12.40841821693,
    5.479568973513));
#7735 = CARTESIAN_POINT('',(-20.92168939763,12.363204357958,
    5.519394507213));
#7736 = CARTESIAN_POINT('',(-20.92661733506,12.318448554627,
    5.559395420115));
#7737 = CARTESIAN_POINT('',(-20.93309409216,12.274201178308,
    5.599516632468));
#7738 = CARTESIAN_POINT('',(-20.95695677475,12.143541564518,
    5.719688270739));
#7739 = CARTESIAN_POINT('',(-20.97878925554,12.058799832808,
    5.799904249961));
#7740 = CARTESIAN_POINT('',(-21.00622377815,11.976531732818,
    5.880013305753));
#7741 = CARTESIAN_POINT('',(-21.03897832793,11.896944988185,
    5.959672018214));
#7742 = CARTESIAN_POINT('',(-21.07682796161,11.820233141471,
    6.038506722413));
#7743 = CARTESIAN_POINT('',(-21.16063142695,11.675954910016,
    6.190528977277));
#7744 = CARTESIAN_POINT('',(-21.20619780427,11.608138194874,
    6.263821675715));
#7745 = CARTESIAN_POINT('',(-21.25617956031,11.543267940868,
    6.33565910735));
#7746 = CARTESIAN_POINT('',(-21.31052092738,11.481502516381,
    6.40566236408));
#7747 = CARTESIAN_POINT('',(-21.36920309389,11.423061732085,
    6.473346772355));
#7748 = CARTESIAN_POINT('',(-21.45524439729,11.348219475164,
    6.561738176366));
#7749 = CARTESIAN_POINT('',(-21.47884820225,11.328675178183,
    6.584999052194));
#7750 = CARTESIAN_POINT('',(-21.50303292576,11.309627676129,
    6.607838417712));
#7751 = CARTESIAN_POINT('',(-21.52779883898,11.291093176637,
    6.630223127715));
#7752 = CARTESIAN_POINT('',(-21.55314582411,11.273089828741,
    6.652116874699));
#7753 = CARTESIAN_POINT('',(-21.61454499562,11.231761402804,
    6.702707454094));
#7754 = CARTESIAN_POINT('',(-21.65111096082,11.208911716686,
    6.730948376223));
#7755 = CARTESIAN_POINT('',(-21.68876035394,11.187147431852,
    6.75809247311));
#7756 = CARTESIAN_POINT('',(-21.72748051791,11.166530976553,
    6.784022240316));
#7757 = CARTESIAN_POINT('',(-21.76725705465,11.147128439969,
    6.808613151095));
#7758 = CARTESIAN_POINT('',(-21.84182884618,11.114025467408,
    6.850854060557));
#7759 = CARTESIAN_POINT('',(-21.87629898553,11.099917899516,
    6.868971038876));
#7760 = CARTESIAN_POINT('',(-21.91145212136,11.086736745661,
    6.885996552439));
#7761 = CARTESIAN_POINT('',(-21.94725523895,11.074529428859,
    6.901846049497));
#7762 = CARTESIAN_POINT('',(-21.98367443056,11.063340918012,
    6.91643846547));
#7763 = CARTESIAN_POINT('',(-22.04191580335,11.047399997911,
    6.937307122078));
#7764 = CARTESIAN_POINT('',(-22.06334396587,11.041937211605,
    6.944476745087));
#7765 = CARTESIAN_POINT('',(-22.08494950168,11.036834261106,
    6.951189387341));
#7766 = CARTESIAN_POINT('',(-22.1067210427,11.032099552859,
    6.957430250689));
#7767 = CARTESIAN_POINT('',(-22.12864573401,11.027741007639,
    6.963185443455));
#7768 = CARTESIAN_POINT('',(-22.1940972953,11.015949293099,6.97877900542
    ));
#7769 = CARTESIAN_POINT('',(-22.23804174864,11.00961224359,
    6.987192698199));
#7770 = CARTESIAN_POINT('',(-22.28240697479,11.004817559854,
    6.993576481632));
#7771 = CARTESIAN_POINT('',(-22.32705679496,11.001606482752,
    6.997858080782));
#7772 = CARTESIAN_POINT('',(-22.37185513114,11.,7.));
#7773 = CARTESIAN_POINT('',(-22.48421008502,11.,7.));
#7774 = CARTESIAN_POINT('',(-22.55166129303,11.00364994111,
    6.995133965301));
#7775 = CARTESIAN_POINT('',(-22.61860375615,11.01092994295,
    6.985425719232));
#7776 = CARTESIAN_POINT('',(-22.68461666682,11.021740223479,
    6.971059931444));
#7777 = CARTESIAN_POINT('',(-22.74927942515,11.035889235259,
    6.952377166869));
#7778 = CARTESIAN_POINT('',(-22.84964590476,11.063324021489,
    6.916459984916));
#7779 = CARTESIAN_POINT('',(-22.88652002455,11.074654644943,
    6.901682105053));
#7780 = CARTESIAN_POINT('',(-22.92276243556,11.087029580769,
    6.885615773803));
#7781 = CARTESIAN_POINT('',(-22.9583380184,11.10040216326,6.868345121726
    ));
#7782 = CARTESIAN_POINT('',(-22.99321257792,11.114723152325,
    6.849957931243));
#7783 = CARTESIAN_POINT('',(-23.06883870966,11.148432521234,
    6.806956603164));
#7784 = CARTESIAN_POINT('',(-23.10924636728,11.168250515287,
    6.78185027539));
#7785 = CARTESIAN_POINT('',(-23.14855928712,11.189321448043,
    6.755364935134));
#7786 = CARTESIAN_POINT('',(-23.1867627671,11.211576047638,
    6.727631223231));
#7787 = CARTESIAN_POINT('',(-23.22384393199,11.234949037947,
    6.698772139537));
#7788 = CARTESIAN_POINT('',(-23.28498101474,11.276497756481,
    6.647973221178));
#7789 = CARTESIAN_POINT('',(-23.3096179142,11.294138188714,
    6.626543994839));
#7790 = CARTESIAN_POINT('',(-23.33370194817,11.312281935204,
    6.604651734903));
#7791 = CARTESIAN_POINT('',(-23.35723301154,11.330912278862,
    6.582329920775));
#7792 = CARTESIAN_POINT('',(-23.38021137785,11.350014285597,
    6.559609140267));
#7793 = CARTESIAN_POINT('',(-23.4653099424,11.424238320839,
    6.471984409687));
#7794 = CARTESIAN_POINT('',(-23.52368211148,11.482492824147,
    6.404540316052));
#7795 = CARTESIAN_POINT('',(-23.57774885908,11.544042269961,
    6.334801986852));
#7796 = CARTESIAN_POINT('',(-23.62749122759,11.608669999387,
    6.263247371538));
#7797 = CARTESIAN_POINT('',(-23.67285380771,11.676219638203,
    6.190250594485));
#7798 = CARTESIAN_POINT('',(-23.77611284091,11.853984971409,
    6.00294244266));
#7799 = CARTESIAN_POINT('',(-23.82809869122,11.968055643142,
    5.886991972048));
#7800 = CARTESIAN_POINT('',(-23.86905020215,12.088102198726,
    5.769662462265));
#7801 = CARTESIAN_POINT('',(-23.89815427129,12.213436361747,
    5.652136725709));
#7802 = CARTESIAN_POINT('',(-23.91438876861,12.343253186866,
    5.535510812048));
#7803 = CARTESIAN_POINT('',(-23.91648301617,12.476528167085,
    5.420797188282));
#7804 = CARTESIAN_POINT('',(-23.91648451513,12.476624026962,
    5.42071468145));
#7805 = CARTESIAN_POINT('',(-23.91648600677,12.476719888422,
    5.420632175789));
#7806 = CARTESIAN_POINT('',(-23.91648749107,12.476815751466,
    5.420549671297));
#7807 = CARTESIAN_POINT('',(-23.91648896804,12.476911616092,
    5.420467167977));
#7808 = CARTESIAN_POINT('',(-23.91649214233,12.477118677899,
    5.420288971253));
#7809 = CARTESIAN_POINT('',(-23.91649383711,12.477229875626,
    5.420193278255));
#7810 = CARTESIAN_POINT('',(-23.91649552203,12.477341075481,
    5.420097586833));
#7811 = CARTESIAN_POINT('',(-23.91649719709,12.477452277462,
    5.420001896989));
#7812 = CARTESIAN_POINT('',(-23.91649886228,12.477563481568,
    5.419906208723));
#7813 = CARTESIAN_POINT('',(-23.91650188742,12.477766713067,
    5.419731339487));
#7814 = CARTESIAN_POINT('',(-23.91650325048,12.477858739789,
    5.419652158019));
#7815 = CARTESIAN_POINT('',(-23.91650460678,12.477950767965,
    5.419572977632));
#7816 = CARTESIAN_POINT('',(-23.91650595633,12.478042797595,
    5.419493798328));
#7817 = CARTESIAN_POINT('',(-23.91650729911,12.478134828679,
    5.419414620107));
#7818 = CARTESIAN_POINT('',(-23.91651002674,12.47832272124,
    5.419252972979));
#7819 = CARTESIAN_POINT('',(-23.91651141101,12.47841858284,
    5.419170504164));
#7820 = CARTESIAN_POINT('',(-23.91651278794,12.478514446017,
    5.419088036524));
#7821 = CARTESIAN_POINT('',(-23.91651415754,12.478610310768,
    5.419005570061));
#7822 = CARTESIAN_POINT('',(-23.91651551981,12.478706177094,
    5.418923104775));
#7823 = CARTESIAN_POINT('',(-23.91651833797,12.47890557407,
    5.418751586529));
#7824 = CARTESIAN_POINT('',(-23.91651979263,12.479009104983,
    5.418662533765));
#7825 = CARTESIAN_POINT('',(-23.91652123874,12.47911263773,
    5.418573482374));
#7826 = CARTESIAN_POINT('',(-23.9165226763,12.479216172311,
    5.418484432358));
#7827 = CARTESIAN_POINT('',(-23.91652410531,12.479319708726,
    5.418395383717));
#7828 = CARTESIAN_POINT('',(-23.91652705131,12.47953444517,
    5.418210701306));
#7829 = CARTESIAN_POINT('',(-23.91652856699,12.479645645481,
    5.418115067747));
#7830 = CARTESIAN_POINT('',(-23.9165300728,12.479756847904,
    5.418019435776));
#7831 = CARTESIAN_POINT('',(-23.91653156874,12.47986805244,
    5.417923805393));
#7832 = CARTESIAN_POINT('',(-23.91653305481,12.479979259086,5.4178281766
    ));
#7833 = CARTESIAN_POINT('',(-23.91653600709,12.480201666706,5.4176369307
    ));
#7834 = CARTESIAN_POINT('',(-23.9165374733,12.48031286768,5.417541313593
    ));
#7835 = CARTESIAN_POINT('',(-23.91653892964,12.480424070762,
    5.417445698077));
#7836 = CARTESIAN_POINT('',(-23.91654037612,12.480535275952,
    5.417350084152));
#7837 = CARTESIAN_POINT('',(-23.91654181272,12.480646483249,
    5.41725447182));
#7838 = CARTESIAN_POINT('',(-23.91654466606,12.480868892161,
    5.417063258848));
#7839 = CARTESIAN_POINT('',(-23.9165460828,12.480980093775,
    5.416967658209));
#7840 = CARTESIAN_POINT('',(-23.91654748967,12.481091297494,
    5.416872059163));
#7841 = CARTESIAN_POINT('',(-23.91654888667,12.481202503317,
    5.416776461712));
#7842 = CARTESIAN_POINT('',(-23.91655027381,12.481313711242,
    5.416680865857));
#7843 = CARTESIAN_POINT('',(-23.91655302821,12.481536121401,
    5.416489685845));
#7844 = CARTESIAN_POINT('',(-23.91655439548,12.481647323634,
    5.416394101688));
#7845 = CARTESIAN_POINT('',(-23.91655575288,12.481758527968,
    5.416298519128));
#7846 = CARTESIAN_POINT('',(-23.91655710041,12.481869734401,
    5.416202938166));
#7847 = CARTESIAN_POINT('',(-23.91655843808,12.481980942933,
    5.416107358802));
#7848 = CARTESIAN_POINT('',(-23.91656109354,12.482203354295,
    5.41591621178));
#7849 = CARTESIAN_POINT('',(-23.91656241134,12.482314557125,
    5.415820644121));
#7850 = CARTESIAN_POINT('',(-23.91656371927,12.482425762051,
    5.415725078063));
#7851 = CARTESIAN_POINT('',(-23.91656501733,12.482536969073,
    5.415629513605));
#7852 = CARTESIAN_POINT('',(-23.91656630552,12.48264817819,
    5.415533950749));
#7853 = CARTESIAN_POINT('',(-23.91656886204,12.482870590711,
    5.415342836747));
#7854 = CARTESIAN_POINT('',(-23.91657013037,12.482981794116,
    5.415247285602));
#7855 = CARTESIAN_POINT('',(-23.91657138884,12.483092999613,
    5.41515173606));
#7856 = CARTESIAN_POINT('',(-23.91657263743,12.483204207201,
    5.415056188121));
#7857 = CARTESIAN_POINT('',(-23.91657387614,12.483315416881,
    5.414960641788));
#7858 = CARTESIAN_POINT('',(-23.91657624899,12.483530161741,
    5.41477614927));
#7859 = CARTESIAN_POINT('',(-23.91657738443,12.483633696644,
    5.414687202871));
#7860 = CARTESIAN_POINT('',(-23.91657851131,12.483737233356,
    5.414598257865));
#7861 = CARTESIAN_POINT('',(-23.91657962964,12.483840771879,
    5.414509314251));
#7862 = CARTESIAN_POINT('',(-23.9165807394,12.48394431221,5.414420372031
    ));
#7863 = CARTESIAN_POINT('',(-23.91658302329,12.484159056716,
    5.414235910383));
#7864 = CARTESIAN_POINT('',(-23.9165841961,12.484270261168,
    5.414140391169));
#7865 = CARTESIAN_POINT('',(-23.91658535903,12.484381467705,
    5.414044873564));
#7866 = CARTESIAN_POINT('',(-23.91658651209,12.484492676326,
    5.413949357569));
#7867 = CARTESIAN_POINT('',(-23.91658765527,12.484603887029,
    5.413853843184));
#7868 = CARTESIAN_POINT('',(-23.91658976549,12.484810964955,
    5.413675998641));
#7869 = CARTESIAN_POINT('',(-23.91659073507,12.484906831643,
    5.413593668068));
#7870 = CARTESIAN_POINT('',(-23.9165916973,12.485002699878,
    5.413511338693));
#7871 = CARTESIAN_POINT('',(-23.9165926522,12.485098569658,
    5.413429010516));
#7872 = CARTESIAN_POINT('',(-23.91659359975,12.485194440983,
    5.413346683539));
#7873 = CARTESIAN_POINT('',(-23.91659559293,12.485397682728,
    5.413172160394));
#7874 = CARTESIAN_POINT('',(-23.91659663669,12.48550505354,
    5.413079964532));
#7875 = CARTESIAN_POINT('',(-23.91659767123,12.485612426288,
    5.412987770175));
#7876 = CARTESIAN_POINT('',(-23.91659869658,12.485719800971,
    5.412895577324));
#7877 = CARTESIAN_POINT('',(-23.91659971271,12.48582717759,5.41280338598
    ));
#7878 = CARTESIAN_POINT('',(-23.91660172648,12.486041925458,
    5.412619014236));
#7879 = CARTESIAN_POINT('',(-23.91660272412,12.486149296708,
    5.412526833836));
#7880 = CARTESIAN_POINT('',(-23.91660371255,12.48625666989,
    5.412434654944));
#7881 = CARTESIAN_POINT('',(-23.91660469178,12.486364045004,
    5.412342477561));
#7882 = CARTESIAN_POINT('',(-23.91660566179,12.48647142205,
    5.412250301687));
#7883 = CARTESIAN_POINT('',(-23.9166075147,12.486678501802,
    5.412072543943));
#7884 = CARTESIAN_POINT('',(-23.91660839887,12.486778204244,
    5.411986961865));
#7885 = CARTESIAN_POINT('',(-23.9166092751,12.486877908349,
    5.411901381089));
#7886 = CARTESIAN_POINT('',(-23.91661014339,12.486977614116,
    5.411815801616));
#7887 = CARTESIAN_POINT('',(-23.91661100374,12.487077321545,
    5.411730223448));
#7888 = CARTESIAN_POINT('',(-23.91661254458,12.487257559086,5.4115755318
    ));
#7889 = CARTESIAN_POINT('',(-23.91661322784,12.48733808862,
    5.411506417867));
#7890 = CARTESIAN_POINT('',(-23.91661390591,12.487418619237,
    5.411437304785));
#7891 = CARTESIAN_POINT('',(-23.91661457881,12.487499150937,
    5.411368192554));
#7892 = CARTESIAN_POINT('',(-23.91661524652,12.48757968372,
    5.411299081176));
#7893 = CARTESIAN_POINT('',(-23.91661682392,12.487771422473,
    5.411134539636));
#7894 = CARTESIAN_POINT('',(-23.9166177289,12.487882629424,
    5.411039110247));
#7895 = CARTESIAN_POINT('',(-23.91661862401,12.487993838438,
    5.410943682484));
#7896 = CARTESIAN_POINT('',(-23.91661950924,12.488105049514,
    5.410848256347));
#7897 = CARTESIAN_POINT('',(-23.91662038458,12.488216262651,
    5.410752831837));
#7898 = CARTESIAN_POINT('',(-23.91662211544,12.48843868313,5.41056199458
    ));
#7899 = CARTESIAN_POINT('',(-23.91662297095,12.488549890473,
    5.410466581832));
#7900 = CARTESIAN_POINT('',(-23.91662381659,12.488661099874,
    5.410371170713));
#7901 = CARTESIAN_POINT('',(-23.91662465234,12.488772311332,
    5.410275761223));
#7902 = CARTESIAN_POINT('',(-23.91662547821,12.488883524848,
    5.410180353363));
#7903 = CARTESIAN_POINT('',(-23.91662711013,12.489105946075,
    5.409989549412));
#7904 = CARTESIAN_POINT('',(-23.91662791617,12.489217153787,
    5.40989415332));
#7905 = CARTESIAN_POINT('',(-23.91662871233,12.489328363553,
    5.40979875886));
#7906 = CARTESIAN_POINT('',(-23.91662949861,12.489439575372,
    5.409703366032));
#7907 = CARTESIAN_POINT('',(-23.91663027501,12.489550789245,
    5.409607974838));
#7908 = CARTESIAN_POINT('',(-23.91663178155,12.489769376651,
    5.409420493084));
#7909 = CARTESIAN_POINT('',(-23.91663251236,12.489876750046,
    5.409328402412));
#7910 = CARTESIAN_POINT('',(-23.91663323396,12.489984125353,
    5.409236313265));
#7911 = CARTESIAN_POINT('',(-23.91663394635,12.490091502569,
    5.409144225642));
#7912 = CARTESIAN_POINT('',(-23.91663464952,12.490198881696,
    5.409052139545));
#7913 = CARTESIAN_POINT('',(-23.91663606217,12.490417469057,
    5.408864690028));
#7914 = CARTESIAN_POINT('',(-23.91663677098,12.49052867743,
    5.408769326718));
#7915 = CARTESIAN_POINT('',(-23.9166374699,12.49063988785,5.408673965045
    ));
#7916 = CARTESIAN_POINT('',(-23.91663815894,12.490751100315,
    5.408578605012));
#7917 = CARTESIAN_POINT('',(-23.9166388381,12.490862314824,
    5.408483246618));
#7918 = CARTESIAN_POINT('',(-23.91664010736,12.491073234336,
    5.408302404832));
#7919 = CARTESIAN_POINT('',(-23.9166406994,12.491172938938,
    5.408216921119));
#7920 = CARTESIAN_POINT('',(-23.91664128351,12.491272645181,
    5.408131438725));
#7921 = CARTESIAN_POINT('',(-23.91664185966,12.491372353066,
    5.40804595765));
#7922 = CARTESIAN_POINT('',(-23.91664242788,12.49147206259,
    5.407960477895));
#7923 = CARTESIAN_POINT('',(-23.91664354837,12.491671476945,
    5.407789527863));
#7924 = CARTESIAN_POINT('',(-23.91664410064,12.491771181774,
    5.407704057585));
#7925 = CARTESIAN_POINT('',(-23.91664464498,12.491870888242,
    5.407618588629));
#7926 = CARTESIAN_POINT('',(-23.91664518137,12.491970596348,
    5.407533120994));
#7927 = CARTESIAN_POINT('',(-23.91664570981,12.492070306092,
    5.407447654682));
#7928 = CARTESIAN_POINT('',(-23.91664659064,12.492239043756,
    5.407303025627));
#7929 = CARTESIAN_POINT('',(-23.91664694715,12.492308070824,
    5.407243862196));
#7930 = CARTESIAN_POINT('',(-23.91664729985,12.492377098676,
    5.407184699399));
#7931 = CARTESIAN_POINT('',(-23.91664764875,12.492446127312,
    5.407125537236));
#7932 = CARTESIAN_POINT('',(-23.91664799384,12.492515156732,
    5.407066375708));
#7933 = CARTESIAN_POINT('',(-23.91664888492,12.492695394222,
    5.406911906933));
#7934 = CARTESIAN_POINT('',(-23.91664942484,12.492806603542,5.4068166007
    ));
#7935 = CARTESIAN_POINT('',(-23.91664995487,12.492917814894,
    5.406721296114));
#7936 = CARTESIAN_POINT('',(-23.91665047502,12.493029028277,
    5.406625993178));
#7937 = CARTESIAN_POINT('',(-23.91665098528,12.493140243691,
    5.406530691892));
#7938 = CARTESIAN_POINT('',(-23.91665198599,12.493362668654,
    5.406340101125));
#7939 = CARTESIAN_POINT('',(-23.91665247644,12.493473878203,
    5.406244811644));
#7940 = CARTESIAN_POINT('',(-23.916652957,12.49358508978,5.406149523814)
  );
#7941 = CARTESIAN_POINT('',(-23.91665342767,12.493696303384,
    5.406054237637));
#7942 = CARTESIAN_POINT('',(-23.91665388846,12.493807519014,
    5.405958953112));
#7943 = CARTESIAN_POINT('',(-23.91665477467,12.494026109816,
    5.405771681057));
#7944 = CARTESIAN_POINT('',(-23.91665520077,12.49413348485,
    5.405679693413));
#7945 = CARTESIAN_POINT('',(-23.91665561765,12.494240861771,
    5.405587707312));
#7946 = CARTESIAN_POINT('',(-23.91665602531,12.494348240578,
    5.405495722753));
#7947 = CARTESIAN_POINT('',(-23.91665642376,12.494455621271,
    5.405403739739));
#7948 = CARTESIAN_POINT('',(-23.91665718828,12.494666542568,
    5.405223069359));
#7949 = CARTESIAN_POINT('',(-23.91665755501,12.49477008304,
    5.405134381885));
#7950 = CARTESIAN_POINT('',(-23.91665791316,12.494873625264,
    5.405045695848));
#7951 = CARTESIAN_POINT('',(-23.91665826275,12.494977169238,
    5.404957011248));
#7952 = CARTESIAN_POINT('',(-23.91665860376,12.495080714961,
    5.404868328085));
#7953 = CARTESIAN_POINT('',(-23.91665919474,12.495264793407,
    5.404710676784));
#7954 = CARTESIAN_POINT('',(-23.91665944811,12.495345325438,
    5.404641708077));
#7955 = CARTESIAN_POINT('',(-23.91665969628,12.495425858527,
    5.40457274024));
#7956 = CARTESIAN_POINT('',(-23.91665993927,12.495506392672,
    5.404503773273));
#7957 = CARTESIAN_POINT('',(-23.91666017707,12.495586927875,
    5.404434807178));
#7958 = CARTESIAN_POINT('',(-23.9166607309,12.495778672312,
    5.404270611595));
#7959 = CARTESIAN_POINT('',(-23.91666104223,12.495889882504,
    5.404175382897));
#7960 = CARTESIAN_POINT('',(-23.91666134366,12.49600109471,
    5.404080155862));
#7961 = CARTESIAN_POINT('',(-23.9166616352,12.496112308929,5.40398493049
    ));
#7962 = CARTESIAN_POINT('',(-23.91666191686,12.496223525159,
    5.403889706782));
#7963 = CARTESIAN_POINT('',(-23.91666239477,12.496419109233,
    5.403722252999));
#7964 = CARTESIAN_POINT('',(-23.91666259523,12.496503476224,
    5.403650022217));
#7965 = CARTESIAN_POINT('',(-23.91666278999,12.496587844371,
    5.403577792393));
#7966 = CARTESIAN_POINT('',(-23.91666297907,12.496672213674,
    5.403505563529));
#7967 = CARTESIAN_POINT('',(-23.91666316245,12.496756584133,
    5.403433335623));
#7968 = CARTESIAN_POINT('',(-23.91666350166,12.496917652255,
    5.403295452064));
#7969 = CARTESIAN_POINT('',(-23.91666365849,12.496994349717,
    5.403229796243));
#7970 = CARTESIAN_POINT('',(-23.9166638106,12.497071048133,
    5.403164141215));
#7971 = CARTESIAN_POINT('',(-23.91666395802,12.497147747503,
    5.403098486981));
#7972 = CARTESIAN_POINT('',(-23.91666410072,12.497224447827,
    5.403032833541));
#7973 = CARTESIAN_POINT('',(-23.91666443882,12.497412357565,
    5.402871991741));
#7974 = CARTESIAN_POINT('',(-23.91666462902,12.49752356803,
    5.402776804256));
#7975 = CARTESIAN_POINT('',(-23.91666480933,12.497634780498,
    5.402681618441));
#7976 = CARTESIAN_POINT('',(-23.91666497975,12.497745994968,
    5.402586434297));
#7977 = CARTESIAN_POINT('',(-23.91666514027,12.49785721144,
    5.402491251824));
#7978 = CARTESIAN_POINT('',(-23.91666543633,12.498075803838,
    5.402304180389));
#7979 = CARTESIAN_POINT('',(-23.91666557253,12.498183179629,
    5.402212291312));
#7980 = CARTESIAN_POINT('',(-23.91666569952,12.498290557283,
    5.402120403795));
#7981 = CARTESIAN_POINT('',(-23.91666581728,12.4983979368,5.402028517838
    ));
#7982 = CARTESIAN_POINT('',(-23.91666592581,12.498505318179,
    5.401936633442));
#7983 = CARTESIAN_POINT('',(-23.91666612798,12.498723910011,5.4017495946
    ));
#7984 = CARTESIAN_POINT('',(-23.91666622094,12.498835120599,
    5.401654440267));
#7985 = CARTESIAN_POINT('',(-23.91666630401,12.498946333182,
    5.40155928761));
#7986 = CARTESIAN_POINT('',(-23.91666637719,12.499057547759,
    5.40146413663));
#7987 = CARTESIAN_POINT('',(-23.91666644047,12.499168764329,
    5.401368987327));
#7988 = CARTESIAN_POINT('',(-23.91666655145,12.499399979949,
    5.401171182067));
#7989 = CARTESIAN_POINT('',(-23.91666659754,12.499519979325,
    5.401068526384));
#7990 = CARTESIAN_POINT('',(-23.9166666321,12.49963998102,5.400965872657
    ));
#7991 = CARTESIAN_POINT('',(-23.91666665514,12.499759985031,
    5.400863220885));
#7992 = CARTESIAN_POINT('',(-23.91666666666,12.499879991358,
    5.400760571071));
#7993 = CARTESIAN_POINT('',(-23.91666666666,12.5,5.400657923215));
#7994 = ORIENTED_EDGE('',*,*,#7682,.F.);
#7995 = CYLINDRICAL_SURFACE('',#7996,1.5);
#7996 = AXIS2_PLACEMENT_3D('',#7997,#7998,#7999);
#7997 = CARTESIAN_POINT('',(-22.41666666666,12.5,0.));
#7998 = DIRECTION('',(0.,0.,-1.));
#7999 = DIRECTION('',(-1.,0.,0.));
#8000 = ADVANCED_FACE('',(#8001),#8021,.T.);
#8001 = FACE_BOUND('',#8002,.F.);
#8002 = EDGE_LOOP('',(#8003,#8004,#8005,#8013,#8020));
#8003 = ORIENTED_EDGE('',*,*,#1531,.F.);
#8004 = ORIENTED_EDGE('',*,*,#7707,.T.);
#8005 = ORIENTED_EDGE('',*,*,#8006,.F.);
#8006 = EDGE_CURVE('',#8007,#7699,#8009,.T.);
#8007 = VERTEX_POINT('',#8008);
#8008 = CARTESIAN_POINT('',(-20.91666666666,19.,3.));
#8009 = LINE('',#8010,#8011);
#8010 = CARTESIAN_POINT('',(-20.91666666666,36.874236596195,3.));
#8011 = VECTOR('',#8012,1.);
#8012 = DIRECTION('',(0.,1.,0.));
#8013 = ORIENTED_EDGE('',*,*,#8014,.F.);
#8014 = EDGE_CURVE('',#7723,#8007,#8015,.T.);
#8015 = CIRCLE('',#8016,10.);
#8016 = AXIS2_PLACEMENT_3D('',#8017,#8018,#8019);
#8017 = CARTESIAN_POINT('',(-20.91666666666,19.,13.));
#8018 = DIRECTION('',(1.,0.,0.));
#8019 = DIRECTION('',(0.,-1.,0.));
#8020 = ORIENTED_EDGE('',*,*,#7722,.F.);
#8021 = PLANE('',#8022);
#8022 = AXIS2_PLACEMENT_3D('',#8023,#8024,#8025);
#8023 = CARTESIAN_POINT('',(-20.91666666666,38.5,0.));
#8024 = DIRECTION('',(-1.,-0.,-0.));
#8025 = DIRECTION('',(0.,1.,0.));
#8026 = ADVANCED_FACE('',(#8027),#8061,.F.);
#8027 = FACE_BOUND('',#8028,.T.);
#8028 = EDGE_LOOP('',(#8029,#8030,#8038,#8046,#8055));
#8029 = ORIENTED_EDGE('',*,*,#1548,.F.);
#8030 = ORIENTED_EDGE('',*,*,#8031,.T.);
#8031 = EDGE_CURVE('',#1549,#8032,#8034,.T.);
#8032 = VERTEX_POINT('',#8033);
#8033 = CARTESIAN_POINT('',(-11.5,38.5,3.));
#8034 = LINE('',#8035,#8036);
#8035 = CARTESIAN_POINT('',(-11.5,38.5,0.));
#8036 = VECTOR('',#8037,1.);
#8037 = DIRECTION('',(0.,0.,1.));
#8038 = ORIENTED_EDGE('',*,*,#8039,.F.);
#8039 = EDGE_CURVE('',#8040,#8032,#8042,.T.);
#8040 = VERTEX_POINT('',#8041);
#8041 = CARTESIAN_POINT('',(-11.5,19.,3.));
#8042 = LINE('',#8043,#8044);
#8043 = CARTESIAN_POINT('',(-11.5,36.874236596195,3.));
#8044 = VECTOR('',#8045,1.);
#8045 = DIRECTION('',(0.,1.,0.));
#8046 = ORIENTED_EDGE('',*,*,#8047,.F.);
#8047 = EDGE_CURVE('',#8048,#8040,#8050,.T.);
#8048 = VERTEX_POINT('',#8049);
#8049 = CARTESIAN_POINT('',(-11.5,12.5,5.400657923215));
#8050 = CIRCLE('',#8051,10.);
#8051 = AXIS2_PLACEMENT_3D('',#8052,#8053,#8054);
#8052 = CARTESIAN_POINT('',(-11.5,19.,13.));
#8053 = DIRECTION('',(1.,0.,0.));
#8054 = DIRECTION('',(0.,-1.,0.));
#8055 = ORIENTED_EDGE('',*,*,#8056,.F.);
#8056 = EDGE_CURVE('',#1551,#8048,#8057,.T.);
#8057 = LINE('',#8058,#8059);
#8058 = CARTESIAN_POINT('',(-11.5,12.5,0.));
#8059 = VECTOR('',#8060,1.);
#8060 = DIRECTION('',(0.,0.,1.));
#8061 = PLANE('',#8062);
#8062 = AXIS2_PLACEMENT_3D('',#8063,#8064,#8065);
#8063 = CARTESIAN_POINT('',(-11.5,38.5,0.));
#8064 = DIRECTION('',(-1.,-0.,-0.));
#8065 = DIRECTION('',(0.,1.,0.));
#8066 = ADVANCED_FACE('',(#8067),#8086,.F.);
#8067 = FACE_BOUND('',#8068,.F.);
#8068 = EDGE_LOOP('',(#8069,#8070,#8071,#8080));
#8069 = ORIENTED_EDGE('',*,*,#1558,.F.);
#8070 = ORIENTED_EDGE('',*,*,#8031,.T.);
#8071 = ORIENTED_EDGE('',*,*,#8072,.F.);
#8072 = EDGE_CURVE('',#8073,#8032,#8075,.T.);
#8073 = VERTEX_POINT('',#8074);
#8074 = CARTESIAN_POINT('',(-8.5,38.5,3.));
#8075 = CIRCLE('',#8076,1.5);
#8076 = AXIS2_PLACEMENT_3D('',#8077,#8078,#8079);
#8077 = CARTESIAN_POINT('',(-10.,38.5,3.));
#8078 = DIRECTION('',(0.,0.,1.));
#8079 = DIRECTION('',(-1.,0.,0.));
#8080 = ORIENTED_EDGE('',*,*,#8081,.F.);
#8081 = EDGE_CURVE('',#1559,#8073,#8082,.T.);
#8082 = LINE('',#8083,#8084);
#8083 = CARTESIAN_POINT('',(-8.5,38.5,0.));
#8084 = VECTOR('',#8085,1.);
#8085 = DIRECTION('',(0.,0.,1.));
#8086 = CYLINDRICAL_SURFACE('',#8087,1.5);
#8087 = AXIS2_PLACEMENT_3D('',#8088,#8089,#8090);
#8088 = CARTESIAN_POINT('',(-10.,38.5,0.));
#8089 = DIRECTION('',(0.,0.,-1.));
#8090 = DIRECTION('',(-1.,0.,0.));
#8091 = ADVANCED_FACE('',(#8092),#8279,.F.);
#8092 = FACE_BOUND('',#8093,.F.);
#8093 = EDGE_LOOP('',(#8094,#8095,#8103,#8278));
#8094 = ORIENTED_EDGE('',*,*,#1575,.F.);
#8095 = ORIENTED_EDGE('',*,*,#8096,.T.);
#8096 = EDGE_CURVE('',#1568,#8097,#8099,.T.);
#8097 = VERTEX_POINT('',#8098);
#8098 = CARTESIAN_POINT('',(-8.5,12.5,5.400657923215));
#8099 = LINE('',#8100,#8101);
#8100 = CARTESIAN_POINT('',(-8.5,12.5,0.));
#8101 = VECTOR('',#8102,1.);
#8102 = DIRECTION('',(0.,0.,1.));
#8103 = ORIENTED_EDGE('',*,*,#8104,.T.);
#8104 = EDGE_CURVE('',#8097,#8048,#8105,.T.);
#8105 = B_SPLINE_CURVE_WITH_KNOTS('',6,(#8106,#8107,#8108,#8109,#8110,
    #8111,#8112,#8113,#8114,#8115,#8116,#8117,#8118,#8119,#8120,#8121,
    #8122,#8123,#8124,#8125,#8126,#8127,#8128,#8129,#8130,#8131,#8132,
    #8133,#8134,#8135,#8136,#8137,#8138,#8139,#8140,#8141,#8142,#8143,
    #8144,#8145,#8146,#8147,#8148,#8149,#8150,#8151,#8152,#8153,#8154,
    #8155,#8156,#8157,#8158,#8159,#8160,#8161,#8162,#8163,#8164,#8165,
    #8166,#8167,#8168,#8169,#8170,#8171,#8172,#8173,#8174,#8175,#8176,
    #8177,#8178,#8179,#8180,#8181,#8182,#8183,#8184,#8185,#8186,#8187,
    #8188,#8189,#8190,#8191,#8192,#8193,#8194,#8195,#8196,#8197,#8198,
    #8199,#8200,#8201,#8202,#8203,#8204,#8205,#8206,#8207,#8208,#8209,
    #8210,#8211,#8212,#8213,#8214,#8215,#8216,#8217,#8218,#8219,#8220,
    #8221,#8222,#8223,#8224,#8225,#8226,#8227,#8228,#8229,#8230,#8231,
    #8232,#8233,#8234,#8235,#8236,#8237,#8238,#8239,#8240,#8241,#8242,
    #8243,#8244,#8245,#8246,#8247,#8248,#8249,#8250,#8251,#8252,#8253,
    #8254,#8255,#8256,#8257,#8258,#8259,#8260,#8261,#8262,#8263,#8264,
    #8265,#8266,#8267,#8268,#8269,#8270,#8271,#8272,#8273,#8274,#8275,
    #8276,#8277),.UNSPECIFIED.,.F.,.F.,(7,5,5,5,5,5,5,5,5,5,5,5,5,5,5,5,
    5,5,5,5,5,5,5,5,5,5,5,5,5,5,5,5,5,5,7),(0.,5.753599777972E-02,
    0.172058487259,0.281938806928,0.322083597507,0.37700588964,
    0.422426012408,0.448500404968,0.49977592107,0.577062351795,
    0.623104601118,0.679053250539,0.718257482174,0.827817008451,
    0.995123253058,0.995253266785,0.995392899175,0.995465117954,
    0.995638429472,0.995778027615,0.995903174015,0.996312236818,
    0.996576867657,0.99664903195,0.996793350565,0.997043471335,
    0.997250271795,0.997490703092,0.997942613909,0.998269446704,
    0.998461669358,0.998663477685,0.999244732044,0.999384008774,1.),
  .UNSPECIFIED.);
#8106 = CARTESIAN_POINT('',(-8.5,12.5,5.400657923215));
#8107 = CARTESIAN_POINT('',(-8.5,12.454036036909,5.439972610865));
#8108 = CARTESIAN_POINT('',(-8.501690139317,12.40841821693,
    5.479568973513));
#8109 = CARTESIAN_POINT('',(-8.505022730968,12.363204357958,
    5.519394507213));
#8110 = CARTESIAN_POINT('',(-8.5099506684,12.318448554627,5.559395420115
    ));
#8111 = CARTESIAN_POINT('',(-8.516427425497,12.274201178308,
    5.599516632468));
#8112 = CARTESIAN_POINT('',(-8.540290108084,12.143541564518,
    5.719688270739));
#8113 = CARTESIAN_POINT('',(-8.562122588876,12.058799832808,
    5.799904249961));
#8114 = CARTESIAN_POINT('',(-8.58955711149,11.976531732818,
    5.880013305753));
#8115 = CARTESIAN_POINT('',(-8.622311661269,11.896944988185,
    5.959672018214));
#8116 = CARTESIAN_POINT('',(-8.660161294948,11.820233141471,
    6.038506722413));
#8117 = CARTESIAN_POINT('',(-8.743964760289,11.675954910016,
    6.190528977277));
#8118 = CARTESIAN_POINT('',(-8.789531137604,11.608138194874,
    6.263821675715));
#8119 = CARTESIAN_POINT('',(-8.839512893649,11.543267940868,
    6.33565910735));
#8120 = CARTESIAN_POINT('',(-8.893854260714,11.481502516381,
    6.40566236408));
#8121 = CARTESIAN_POINT('',(-8.952536427228,11.423061732085,
    6.473346772355));
#8122 = CARTESIAN_POINT('',(-9.038577730625,11.348219475164,
    6.561738176366));
#8123 = CARTESIAN_POINT('',(-9.062181535585,11.328675178183,
    6.584999052194));
#8124 = CARTESIAN_POINT('',(-9.086366259097,11.309627676129,
    6.607838417712));
#8125 = CARTESIAN_POINT('',(-9.11113217232,11.291093176637,
    6.630223127715));
#8126 = CARTESIAN_POINT('',(-9.136479157448,11.273089828741,
    6.652116874699));
#8127 = CARTESIAN_POINT('',(-9.197878321084,11.231761408104,
    6.702707447606));
#8128 = CARTESIAN_POINT('',(-9.234444296888,11.208911715955,
    6.730948377231));
#8129 = CARTESIAN_POINT('',(-9.272093695739,11.187147427194,
    6.758092478921));
#8130 = CARTESIAN_POINT('',(-9.310813853026,11.166530974804,
    6.784022242404));
#8131 = CARTESIAN_POINT('',(-9.350590378916,11.147128443997,
    6.808613145955));
#8132 = CARTESIAN_POINT('',(-9.425162179517,11.114025467408,
    6.850854060557));
#8133 = CARTESIAN_POINT('',(-9.459632318865,11.099917899516,
    6.868971038876));
#8134 = CARTESIAN_POINT('',(-9.494785454698,11.086736745661,
    6.885996552439));
#8135 = CARTESIAN_POINT('',(-9.530588572292,11.074529428859,
    6.901846049497));
#8136 = CARTESIAN_POINT('',(-9.567007763901,11.063340918012,
    6.91643846547));
#8137 = CARTESIAN_POINT('',(-9.625249136684,11.047399997911,
    6.937307122078));
#8138 = CARTESIAN_POINT('',(-9.646677299204,11.041937211605,
    6.944476745087));
#8139 = CARTESIAN_POINT('',(-9.668282835021,11.036834261106,
    6.951189387341));
#8140 = CARTESIAN_POINT('',(-9.690054376036,11.032099552859,
    6.957430250689));
#8141 = CARTESIAN_POINT('',(-9.711979067348,11.027741007639,
    6.963185443455));
#8142 = CARTESIAN_POINT('',(-9.777430628636,11.015949293099,
    6.97877900542));
#8143 = CARTESIAN_POINT('',(-9.821375081974,11.00961224359,
    6.987192698199));
#8144 = CARTESIAN_POINT('',(-9.865740308131,11.004817559854,
    6.993576481632));
#8145 = CARTESIAN_POINT('',(-9.910390128297,11.001606482752,
    6.997858080782));
#8146 = CARTESIAN_POINT('',(-9.955188464481,11.,7.));
#8147 = CARTESIAN_POINT('',(-10.06754341835,11.,7.));
#8148 = CARTESIAN_POINT('',(-10.13499462636,11.00364994111,
    6.995133965301));
#8149 = CARTESIAN_POINT('',(-10.20193708949,11.01092994295,
    6.985425719232));
#8150 = CARTESIAN_POINT('',(-10.26795000015,11.021740223479,
    6.971059931444));
#8151 = CARTESIAN_POINT('',(-10.33261275848,11.035889235259,
    6.952377166869));
#8152 = CARTESIAN_POINT('',(-10.43297922976,11.063324019211,
    6.916459987899));
#8153 = CARTESIAN_POINT('',(-10.46985335995,11.074654646221,
    6.90168210344));
#8154 = CARTESIAN_POINT('',(-10.50609577713,11.087029583682,
    6.885615770044));
#8155 = CARTESIAN_POINT('',(-10.54167135415,11.100402163549,
    6.868345121313));
#8156 = CARTESIAN_POINT('',(-10.57654590337,11.114723148811,
    6.849957935726));
#8157 = CARTESIAN_POINT('',(-10.65217203366,11.148432517074,
    6.80695660847));
#8158 = CARTESIAN_POINT('',(-10.69257970258,11.168250517204,
    6.781850273102));
#8159 = CARTESIAN_POINT('',(-10.73189262925,11.189321452928,
    6.755364929047));
#8160 = CARTESIAN_POINT('',(-10.77009610306,11.211576048257,
    6.727631222354));
#8161 = CARTESIAN_POINT('',(-10.80717725681,11.234949032166,
    6.698772146606));
#8162 = CARTESIAN_POINT('',(-10.86831434807,11.276497756481,
    6.647973221178));
#8163 = CARTESIAN_POINT('',(-10.89295124754,11.294138188714,
    6.626543994839));
#8164 = CARTESIAN_POINT('',(-10.9170352815,11.312281935204,
    6.604651734903));
#8165 = CARTESIAN_POINT('',(-10.94056634488,11.330912278862,
    6.582329920775));
#8166 = CARTESIAN_POINT('',(-10.96354471118,11.350014285597,
    6.559609140267));
#8167 = CARTESIAN_POINT('',(-11.04864327574,11.424238320839,
    6.471984409687));
#8168 = CARTESIAN_POINT('',(-11.10701544481,11.482492824147,
    6.404540316052));
#8169 = CARTESIAN_POINT('',(-11.16108219241,11.544042269961,
    6.334801986852));
#8170 = CARTESIAN_POINT('',(-11.21082456093,11.608669999386,
    6.263247371538));
#8171 = CARTESIAN_POINT('',(-11.25618714105,11.676219638203,
    6.190250594485));
#8172 = CARTESIAN_POINT('',(-11.35946410305,11.854015836688,
    6.002909920468));
#8173 = CARTESIAN_POINT('',(-11.41146197991,11.968121338275,
    5.886925189479));
#8174 = CARTESIAN_POINT('',(-11.45241897415,12.088206044031,
    5.76956096182));
#8175 = CARTESIAN_POINT('',(-11.48152117665,12.213580984504,
    5.652001117365));
#8176 = CARTESIAN_POINT('',(-11.49774546605,12.343440332464,5.5353426967
    ));
#8177 = CARTESIAN_POINT('',(-11.49982005171,12.476765904671,
    5.420592572226));
#8178 = CARTESIAN_POINT('',(-11.49982165407,12.476869433405,
    5.42050347048));
#8179 = CARTESIAN_POINT('',(-11.49982324789,12.476972963984,5.4204143701
    ));
#8180 = CARTESIAN_POINT('',(-11.49982483315,12.477076496408,
    5.420325271085));
#8181 = CARTESIAN_POINT('',(-11.49982640986,12.477180030677,
    5.420236173438));
#8182 = CARTESIAN_POINT('',(-11.4998296622,12.477394762701,
    5.420051389365));
#8183 = CARTESIAN_POINT('',(-11.49983133651,12.477505960738,
    5.419955703149));
#8184 = CARTESIAN_POINT('',(-11.49983300096,12.477617160901,
    5.419860018512));
#8185 = CARTESIAN_POINT('',(-11.49983465554,12.477728363188,
    5.419764335453));
#8186 = CARTESIAN_POINT('',(-11.49983630026,12.477839567599,
    5.419668653974));
#8187 = CARTESIAN_POINT('',(-11.49983878068,12.478008290876,
    5.41952348781));
#8188 = CARTESIAN_POINT('',(-11.4998396236,12.478065808185,
    5.419474001967));
#8189 = CARTESIAN_POINT('',(-11.49984046388,12.478123326063,
    5.419424516548));
#8190 = CARTESIAN_POINT('',(-11.49984130152,12.478180844508,
    5.419375031551));
#8191 = CARTESIAN_POINT('',(-11.49984213652,12.478238363521,
    5.419325546978));
#8192 = CARTESIAN_POINT('',(-11.49984496639,12.4784339193,5.419157310152
    ));
#8193 = CARTESIAN_POINT('',(-11.4998469487,12.478571958767,
    5.419038559914));
#8194 = CARTESIAN_POINT('',(-11.49984891581,12.4787100015,5.418919812115
    ));
#8195 = CARTESIAN_POINT('',(-11.49985086772,12.478848047497,
    5.418801066756));
#8196 = CARTESIAN_POINT('',(-11.49985280442,12.478986096756,
    5.41868232384));
#8197 = CARTESIAN_POINT('',(-11.49985627363,12.479235347167,
    5.418467940853));
#8198 = CARTESIAN_POINT('',(-11.49985781148,12.479346547174,
    5.418372299923));
#8199 = CARTESIAN_POINT('',(-11.49985933947,12.479457749295,
    5.418276660581));
#8200 = CARTESIAN_POINT('',(-11.49986085759,12.47956895353,
    5.418181022825));
#8201 = CARTESIAN_POINT('',(-11.49986236584,12.479680159877,
    5.418085386658));
#8202 = CARTESIAN_POINT('',(-11.49986520748,12.479891064063,
    5.417904017964));
#8203 = CARTESIAN_POINT('',(-11.49986654282,12.479990761487,
    5.417818285126));
#8204 = CARTESIAN_POINT('',(-11.49986787022,12.480090460607,
    5.417732553566));
#8205 = CARTESIAN_POINT('',(-11.49986918969,12.480190161423,
    5.417646823284));
#8206 = CARTESIAN_POINT('',(-11.49987050123,12.480289863934,
    5.417561094281));
#8207 = CARTESIAN_POINT('',(-11.4998760659,12.4807154687,5.41719515056)
  );
#8208 = CARTESIAN_POINT('',(-11.49988024221,12.481041387366,
    5.416914948233));
#8209 = CARTESIAN_POINT('',(-11.49988433375,12.481367324112,
    5.416634759595));
#8210 = CARTESIAN_POINT('',(-11.49988834051,12.481693278917,
    5.416354584668));
#8211 = CARTESIAN_POINT('',(-11.49989226245,12.482019251757,
    5.416074423474));
#8212 = CARTESIAN_POINT('',(-11.49989858189,12.482556132555,
    5.415613043098));
#8213 = CARTESIAN_POINT('',(-11.4999010287,12.482767030039,
    5.415431815919));
#8214 = CARTESIAN_POINT('',(-11.49990344002,12.482977935055,
    5.415250594502));
#8215 = CARTESIAN_POINT('',(-11.49990581582,12.483188847597,
    5.415069378851));
#8216 = CARTESIAN_POINT('',(-11.49990815611,12.483399767658,
    5.414888168974));
#8217 = CARTESIAN_POINT('',(-11.49991108939,12.483668214753,
    5.414657550886));
#8218 = CARTESIAN_POINT('',(-11.49991171526,12.483725734833,
    5.414608137326));
#8219 = CARTESIAN_POINT('',(-11.49991233849,12.483783255472,
    5.414558724195));
#8220 = CARTESIAN_POINT('',(-11.49991295907,12.483840776669,
    5.414509311495));
#8221 = CARTESIAN_POINT('',(-11.49991357701,12.483898298424,
    5.414459899225));
#8222 = CARTESIAN_POINT('',(-11.49991542283,12.484070857417,
    5.414311670532));
#8223 = CARTESIAN_POINT('',(-11.49991664278,12.484185896328,
    5.414212855399));
#8224 = CARTESIAN_POINT('',(-11.49991785217,12.484300937471,
    5.414114041988));
#8225 = CARTESIAN_POINT('',(-11.49991905099,12.484415980844,5.4140152303
    ));
#8226 = CARTESIAN_POINT('',(-11.49992023924,12.484531026447,
    5.413916420335));
#8227 = CARTESIAN_POINT('',(-11.49992345799,12.484845465411,
    5.413646366039));
#8228 = CARTESIAN_POINT('',(-11.49992546731,12.485044863237,
    5.413475125164));
#8229 = CARTESIAN_POINT('',(-11.49992744489,12.485244267751,
    5.413303889473));
#8230 = CARTESIAN_POINT('',(-11.49992939072,12.485443678948,
    5.413132658971));
#8231 = CARTESIAN_POINT('',(-11.49993130479,12.485643096822,
    5.412961433662));
#8232 = CARTESIAN_POINT('',(-11.49993474341,12.486007406066,
    5.412648648349));
#8233 = CARTESIAN_POINT('',(-11.49993627801,12.486172295326,5.4125070867
    ));
#8234 = CARTESIAN_POINT('',(-11.49993779089,12.486337189143,
    5.412365528607));
#8235 = CARTESIAN_POINT('',(-11.49993928206,12.486502087516,
    5.412223974073));
#8236 = CARTESIAN_POINT('',(-11.49994075151,12.48666699044,
    5.412082423102));
#8237 = CARTESIAN_POINT('',(-11.49994388242,12.487023623394,
    5.411776309201));
#8238 = CARTESIAN_POINT('',(-11.49994553623,12.487215355023,
    5.411611747525));
#8239 = CARTESIAN_POINT('',(-11.49994716069,12.487407092796,
    5.411447190672));
#8240 = CARTESIAN_POINT('',(-11.49994875578,12.487598836708,
    5.411282638646));
#8241 = CARTESIAN_POINT('',(-11.49995032151,12.487790586755,
    5.411118091452));
#8242 = CARTESIAN_POINT('',(-11.49995474557,12.488342764772,
    5.410644277908));
#8243 = CARTESIAN_POINT('',(-11.49995752952,12.488703208268,
    5.410335023806));
#8244 = CARTESIAN_POINT('',(-11.49996020969,12.489063673387,
    5.410025786816));
#8245 = CARTESIAN_POINT('',(-11.49996278605,12.489424160098,
    5.409716566966));
#8246 = CARTESIAN_POINT('',(-11.49996525859,12.489784668369,
    5.409407364285));
#8247 = CARTESIAN_POINT('',(-11.49996934036,12.490405942009,
    5.408874568408));
#8248 = CARTESIAN_POINT('',(-11.49997099913,12.49066669711,5.40865096701
    ));
#8249 = CARTESIAN_POINT('',(-11.49997260357,12.49092746346,
    5.408427374618));
#8250 = CARTESIAN_POINT('',(-11.49997415368,12.491188241047,
    5.408203791242));
#8251 = CARTESIAN_POINT('',(-11.49997564944,12.491449029858,
    5.407980216895));
#8252 = CARTESIAN_POINT('',(-11.49997793859,12.49186321618,
    5.407625164423));
#8253 = CARTESIAN_POINT('',(-11.49997876754,12.492016606357,
    5.407493680386));
#8254 = CARTESIAN_POINT('',(-11.49997957768,12.49217000041,
    5.407362199479));
#8255 = CARTESIAN_POINT('',(-11.49998036901,12.492323398336,
    5.407230721702));
#8256 = CARTESIAN_POINT('',(-11.49998114154,12.492476800134,
    5.407099247058));
#8257 = CARTESIAN_POINT('',(-11.49998268657,12.492791261432,
    5.406829747879));
#8258 = CARTESIAN_POINT('',(-11.49998345715,12.492952321327,
    5.406691723664));
#8259 = CARTESIAN_POINT('',(-11.49998420699,12.493113385484,
    5.406553702908));
#8260 = CARTESIAN_POINT('',(-11.4999849361,12.4932744539,5.406415685612)
  );
#8261 = CARTESIAN_POINT('',(-11.49998564447,12.493435526571,
    5.40627767178));
#8262 = CARTESIAN_POINT('',(-11.49998831264,12.494060542053,
    5.405742159844));
#8263 = CARTESIAN_POINT('',(-11.49999012114,12.494524515891,
    5.405344687027));
#8264 = CARTESIAN_POINT('',(-11.49999175754,12.494988524941,
    5.404947243024));
#8265 = CARTESIAN_POINT('',(-11.4999932218,12.495452569136,
    5.404549827897));
#8266 = CARTESIAN_POINT('',(-11.49999451387,12.495916648408,
    5.404152441706));
#8267 = CARTESIAN_POINT('',(-11.49999590202,12.496491971005,
    5.403659872134));
#8268 = CARTESIAN_POINT('',(-11.49999616046,12.496603181333,
    5.403564661419));
#8269 = CARTESIAN_POINT('',(-11.49999640901,12.496714393669,
    5.40346945237));
#8270 = CARTESIAN_POINT('',(-11.49999664767,12.496825608014,
    5.403374244988));
#8271 = CARTESIAN_POINT('',(-11.49999687643,12.496936824366,
    5.403279039273));
#8272 = CARTESIAN_POINT('',(-11.49999806335,12.497539937764,
    5.402762768066));
#8273 = CARTESIAN_POINT('',(-11.49999883789,12.498031872048,
    5.402341733538));
#8274 = CARTESIAN_POINT('',(-11.49999941889,12.498523845495,
    5.401920731717));
#8275 = CARTESIAN_POINT('',(-11.49999980627,12.499015858024,
    5.401499762673));
#8276 = CARTESIAN_POINT('',(-11.5,12.499507909553,5.401078826482));
#8277 = CARTESIAN_POINT('',(-11.5,12.5,5.400657923215));
#8278 = ORIENTED_EDGE('',*,*,#8056,.F.);
#8279 = CYLINDRICAL_SURFACE('',#8280,1.5);
#8280 = AXIS2_PLACEMENT_3D('',#8281,#8282,#8283);
#8281 = CARTESIAN_POINT('',(-10.,12.5,0.));
#8282 = DIRECTION('',(0.,0.,-1.));
#8283 = DIRECTION('',(-1.,0.,0.));
#8284 = ADVANCED_FACE('',(#8285),#8305,.T.);
#8285 = FACE_BOUND('',#8286,.F.);
#8286 = EDGE_LOOP('',(#8287,#8288,#8289,#8297,#8304));
#8287 = ORIENTED_EDGE('',*,*,#1567,.F.);
#8288 = ORIENTED_EDGE('',*,*,#8081,.T.);
#8289 = ORIENTED_EDGE('',*,*,#8290,.F.);
#8290 = EDGE_CURVE('',#8291,#8073,#8293,.T.);
#8291 = VERTEX_POINT('',#8292);
#8292 = CARTESIAN_POINT('',(-8.5,19.,3.));
#8293 = LINE('',#8294,#8295);
#8294 = CARTESIAN_POINT('',(-8.5,36.874236596195,3.));
#8295 = VECTOR('',#8296,1.);
#8296 = DIRECTION('',(0.,1.,0.));
#8297 = ORIENTED_EDGE('',*,*,#8298,.F.);
#8298 = EDGE_CURVE('',#8097,#8291,#8299,.T.);
#8299 = CIRCLE('',#8300,10.);
#8300 = AXIS2_PLACEMENT_3D('',#8301,#8302,#8303);
#8301 = CARTESIAN_POINT('',(-8.5,19.,13.));
#8302 = DIRECTION('',(1.,0.,0.));
#8303 = DIRECTION('',(0.,-1.,0.));
#8304 = ORIENTED_EDGE('',*,*,#8096,.F.);
#8305 = PLANE('',#8306);
#8306 = AXIS2_PLACEMENT_3D('',#8307,#8308,#8309);
#8307 = CARTESIAN_POINT('',(-8.5,38.5,0.));
#8308 = DIRECTION('',(-1.,-0.,-0.));
#8309 = DIRECTION('',(0.,1.,0.));
#8310 = ADVANCED_FACE('',(#8311),#8345,.F.);
#8311 = FACE_BOUND('',#8312,.T.);
#8312 = EDGE_LOOP('',(#8313,#8314,#8322,#8331,#8339));
#8313 = ORIENTED_EDGE('',*,*,#1584,.F.);
#8314 = ORIENTED_EDGE('',*,*,#8315,.T.);
#8315 = EDGE_CURVE('',#1585,#8316,#8318,.T.);
#8316 = VERTEX_POINT('',#8317);
#8317 = CARTESIAN_POINT('',(-92.,57.5,5.400657923215));
#8318 = LINE('',#8319,#8320);
#8319 = CARTESIAN_POINT('',(-92.,57.5,0.));
#8320 = VECTOR('',#8321,1.);
#8321 = DIRECTION('',(0.,0.,1.));
#8322 = ORIENTED_EDGE('',*,*,#8323,.F.);
#8323 = EDGE_CURVE('',#8324,#8316,#8326,.T.);
#8324 = VERTEX_POINT('',#8325);
#8325 = CARTESIAN_POINT('',(-92.,51.,3.));
#8326 = CIRCLE('',#8327,10.);
#8327 = AXIS2_PLACEMENT_3D('',#8328,#8329,#8330);
#8328 = CARTESIAN_POINT('',(-92.,51.,13.));
#8329 = DIRECTION('',(1.,0.,0.));
#8330 = DIRECTION('',(0.,1.,0.));
#8331 = ORIENTED_EDGE('',*,*,#8332,.F.);
#8332 = EDGE_CURVE('',#8333,#8324,#8335,.T.);
#8333 = VERTEX_POINT('',#8334);
#8334 = CARTESIAN_POINT('',(-92.,31.5,3.));
#8335 = LINE('',#8336,#8337);
#8336 = CARTESIAN_POINT('',(-92.,46.374236596195,3.));
#8337 = VECTOR('',#8338,1.);
#8338 = DIRECTION('',(0.,1.,0.));
#8339 = ORIENTED_EDGE('',*,*,#8340,.F.);
#8340 = EDGE_CURVE('',#1587,#8333,#8341,.T.);
#8341 = LINE('',#8342,#8343);
#8342 = CARTESIAN_POINT('',(-92.,31.5,0.));
#8343 = VECTOR('',#8344,1.);
#8344 = DIRECTION('',(0.,0.,1.));
#8345 = PLANE('',#8346);
#8346 = AXIS2_PLACEMENT_3D('',#8347,#8348,#8349);
#8347 = CARTESIAN_POINT('',(-92.,57.5,0.));
#8348 = DIRECTION('',(-1.,-0.,-0.));
#8349 = DIRECTION('',(0.,1.,0.));
#8350 = ADVANCED_FACE('',(#8351),#8618,.F.);
#8351 = FACE_BOUND('',#8352,.F.);
#8352 = EDGE_LOOP('',(#8353,#8354,#8355,#8612));
#8353 = ORIENTED_EDGE('',*,*,#1594,.F.);
#8354 = ORIENTED_EDGE('',*,*,#8315,.T.);
#8355 = ORIENTED_EDGE('',*,*,#8356,.T.);
#8356 = EDGE_CURVE('',#8316,#8357,#8359,.T.);
#8357 = VERTEX_POINT('',#8358);
#8358 = CARTESIAN_POINT('',(-89.,57.5,5.400657923215));
#8359 = B_SPLINE_CURVE_WITH_KNOTS('',6,(#8360,#8361,#8362,#8363,#8364,
    #8365,#8366,#8367,#8368,#8369,#8370,#8371,#8372,#8373,#8374,#8375,
    #8376,#8377,#8378,#8379,#8380,#8381,#8382,#8383,#8384,#8385,#8386,
    #8387,#8388,#8389,#8390,#8391,#8392,#8393,#8394,#8395,#8396,#8397,
    #8398,#8399,#8400,#8401,#8402,#8403,#8404,#8405,#8406,#8407,#8408,
    #8409,#8410,#8411,#8412,#8413,#8414,#8415,#8416,#8417,#8418,#8419,
    #8420,#8421,#8422,#8423,#8424,#8425,#8426,#8427,#8428,#8429,#8430,
    #8431,#8432,#8433,#8434,#8435,#8436,#8437,#8438,#8439,#8440,#8441,
    #8442,#8443,#8444,#8445,#8446,#8447,#8448,#8449,#8450,#8451,#8452,
    #8453,#8454,#8455,#8456,#8457,#8458,#8459,#8460,#8461,#8462,#8463,
    #8464,#8465,#8466,#8467,#8468,#8469,#8470,#8471,#8472,#8473,#8474,
    #8475,#8476,#8477,#8478,#8479,#8480,#8481,#8482,#8483,#8484,#8485,
    #8486,#8487,#8488,#8489,#8490,#8491,#8492,#8493,#8494,#8495,#8496,
    #8497,#8498,#8499,#8500,#8501,#8502,#8503,#8504,#8505,#8506,#8507,
    #8508,#8509,#8510,#8511,#8512,#8513,#8514,#8515,#8516,#8517,#8518,
    #8519,#8520,#8521,#8522,#8523,#8524,#8525,#8526,#8527,#8528,#8529,
    #8530,#8531,#8532,#8533,#8534,#8535,#8536,#8537,#8538,#8539,#8540,
    #8541,#8542,#8543,#8544,#8545,#8546,#8547,#8548,#8549,#8550,#8551,
    #8552,#8553,#8554,#8555,#8556,#8557,#8558,#8559,#8560,#8561,#8562,
    #8563,#8564,#8565,#8566,#8567,#8568,#8569,#8570,#8571,#8572,#8573,
    #8574,#8575,#8576,#8577,#8578,#8579,#8580,#8581,#8582,#8583,#8584,
    #8585,#8586,#8587,#8588,#8589,#8590,#8591,#8592,#8593,#8594,#8595,
    #8596,#8597,#8598,#8599,#8600,#8601,#8602,#8603,#8604,#8605,#8606,
    #8607,#8608,#8609,#8610,#8611),.UNSPECIFIED.,.F.,.F.,(7,5,5,5,5,5,5,
    5,5,5,5,5,5,5,5,5,5,5,5,5,5,5,5,5,5,5,5,5,5,5,5,5,5,5,5,5,5,5,5,5,5,
    5,5,5,5,5,5,5,5,5,7),(0.,5.753596921005E-02,0.172058395176,
    0.281938653907,0.322083422222,0.377005696087,0.422425813844,
    0.448500203528,0.499775713973,0.577062136172,0.623104380417,
    0.679053036249,0.718257281655,0.827816846418,0.9950750861,
    0.995214734637,0.995325481548,0.995450664306,0.995590279457,
    0.995729882193,0.995869472513,0.996009050416,0.996148615901,
    0.996288168966,0.996427709612,0.996557615599,0.996697132258,
    0.996836636494,0.996976128306,0.997115607693,0.997255074654,
    0.997394529189,0.997533971296,0.997630131025,0.997769552131,
    0.997908960808,0.998048357054,0.998187740868,0.998327112249,
    0.998466471197,0.998605817712,0.998745151791,0.998884473435,
    0.999023782642,0.999163079413,0.999302363745,0.999436833368,
    0.999576093251,0.999715340696,0.999849774699,1.),.UNSPECIFIED.);
#8360 = CARTESIAN_POINT('',(-92.,57.5,5.400657923215));
#8361 = CARTESIAN_POINT('',(-92.,57.545963960415,5.439972608575));
#8362 = CARTESIAN_POINT('',(-91.99830986043,57.591581783713,
    5.47956897415));
#8363 = CARTESIAN_POINT('',(-91.9949772688,57.636795644654,
    5.519394509529));
#8364 = CARTESIAN_POINT('',(-91.99004933172,57.681551446128,
    5.559395420718));
#8365 = CARTESIAN_POINT('',(-91.98357257496,57.725798819157,
    5.599516630136));
#8366 = CARTESIAN_POINT('',(-91.95970989191,57.856458435482,
    5.719688270739));
#8367 = CARTESIAN_POINT('',(-91.93787741112,57.941200167192,
    5.799904249961));
#8368 = CARTESIAN_POINT('',(-91.91044288851,58.023468267182,
    5.880013305753));
#8369 = CARTESIAN_POINT('',(-91.87768833873,58.103055011815,
    5.959672018214));
#8370 = CARTESIAN_POINT('',(-91.83983870505,58.179766858529,
    6.038506722413));
#8371 = CARTESIAN_POINT('',(-91.75603523971,58.324045089983,
    6.190528977277));
#8372 = CARTESIAN_POINT('',(-91.71046886239,58.391861805126,
    6.263821675715));
#8373 = CARTESIAN_POINT('',(-91.66048710635,58.456732059132,
    6.33565910735));
#8374 = CARTESIAN_POINT('',(-91.60614573928,58.518497483619,
    6.40566236408));
#8375 = CARTESIAN_POINT('',(-91.54746357277,58.576938267915,
    6.473346772355));
#8376 = CARTESIAN_POINT('',(-91.46142226937,58.651780524836,
    6.561738176366));
#8377 = CARTESIAN_POINT('',(-91.43781846441,58.671324821817,
    6.584999052194));
#8378 = CARTESIAN_POINT('',(-91.4136337409,58.690372323871,
    6.607838417712));
#8379 = CARTESIAN_POINT('',(-91.38886782768,58.708906823363,
    6.630223127715));
#8380 = CARTESIAN_POINT('',(-91.36352084255,58.726910171259,
    6.652116874699));
#8381 = CARTESIAN_POINT('',(-91.30212167104,58.768238597196,
    6.702707454094));
#8382 = CARTESIAN_POINT('',(-91.26555570584,58.791088283314,
    6.730948376223));
#8383 = CARTESIAN_POINT('',(-91.22790631272,58.812852568148,
    6.75809247311));
#8384 = CARTESIAN_POINT('',(-91.18918614874,58.833469023447,
    6.784022240316));
#8385 = CARTESIAN_POINT('',(-91.14940961201,58.852871560031,
    6.808613151095));
#8386 = CARTESIAN_POINT('',(-91.07483782048,58.885974532592,
    6.850854060557));
#8387 = CARTESIAN_POINT('',(-91.04036768113,58.900082100484,
    6.868971038876));
#8388 = CARTESIAN_POINT('',(-91.0052145453,58.913263254339,
    6.885996552439));
#8389 = CARTESIAN_POINT('',(-90.9694114277,58.925470571141,
    6.901846049497));
#8390 = CARTESIAN_POINT('',(-90.93299223609,58.936659081988,
    6.91643846547));
#8391 = CARTESIAN_POINT('',(-90.87475086331,58.952600002089,
    6.937307122078));
#8392 = CARTESIAN_POINT('',(-90.85332270079,58.958062788395,
    6.944476745087));
#8393 = CARTESIAN_POINT('',(-90.83171716497,58.963165738894,
    6.951189387341));
#8394 = CARTESIAN_POINT('',(-90.80994562396,58.967900447141,
    6.957430250689));
#8395 = CARTESIAN_POINT('',(-90.78802093265,58.972258992361,
    6.963185443455));
#8396 = CARTESIAN_POINT('',(-90.72256937136,58.984050706901,
    6.97877900542));
#8397 = CARTESIAN_POINT('',(-90.67862491802,58.99038775641,
    6.987192698199));
#8398 = CARTESIAN_POINT('',(-90.63425969186,58.995182440146,
    6.993576481632));
#8399 = CARTESIAN_POINT('',(-90.5896098717,58.998393517248,
    6.997858080782));
#8400 = CARTESIAN_POINT('',(-90.54481153551,59.,7.));
#8401 = CARTESIAN_POINT('',(-90.43245658164,59.,7.));
#8402 = CARTESIAN_POINT('',(-90.36500537363,58.99635005889,
    6.995133965301));
#8403 = CARTESIAN_POINT('',(-90.2980629105,58.98907005705,6.985425719232
    ));
#8404 = CARTESIAN_POINT('',(-90.23204999984,58.978259776521,
    6.971059931444));
#8405 = CARTESIAN_POINT('',(-90.16738724151,58.964110764741,
    6.952377166869));
#8406 = CARTESIAN_POINT('',(-90.06702077024,58.936675980789,
    6.916459987899));
#8407 = CARTESIAN_POINT('',(-90.03014664004,58.925345353779,
    6.90168210344));
#8408 = CARTESIAN_POINT('',(-89.99390422287,58.912970416318,
    6.885615770044));
#8409 = CARTESIAN_POINT('',(-89.95832864584,58.899597836451,
    6.868345121313));
#8410 = CARTESIAN_POINT('',(-89.92345409662,58.885276851189,
    6.849957935726));
#8411 = CARTESIAN_POINT('',(-89.847827957,58.851567478766,6.806956603164
    ));
#8412 = CARTESIAN_POINT('',(-89.80742029938,58.831749484713,
    6.78185027539));
#8413 = CARTESIAN_POINT('',(-89.76810737954,58.810678551957,
    6.755364935134));
#8414 = CARTESIAN_POINT('',(-89.72990389956,58.788423952362,
    6.727631223231));
#8415 = CARTESIAN_POINT('',(-89.69282273467,58.765050962053,
    6.698772139537));
#8416 = CARTESIAN_POINT('',(-89.63168565192,58.723502243519,
    6.647973221178));
#8417 = CARTESIAN_POINT('',(-89.60704875245,58.705861811286,
    6.626543994839));
#8418 = CARTESIAN_POINT('',(-89.58296471849,58.687718064796,
    6.604651734903));
#8419 = CARTESIAN_POINT('',(-89.55943365511,58.669087721138,
    6.582329920775));
#8420 = CARTESIAN_POINT('',(-89.53645528881,58.649985714403,
    6.559609140267));
#8421 = CARTESIAN_POINT('',(-89.45135672425,58.575761679161,
    6.471984409687));
#8422 = CARTESIAN_POINT('',(-89.39298455518,58.517507175853,
    6.404540316052));
#8423 = CARTESIAN_POINT('',(-89.33891780758,58.455957730039,
    6.334801986852));
#8424 = CARTESIAN_POINT('',(-89.28917543906,58.391330000613,
    6.263247371538));
#8425 = CARTESIAN_POINT('',(-89.24381285895,58.323780361797,
    6.190250594485));
#8426 = CARTESIAN_POINT('',(-89.14055382574,58.146015028591,
    6.00294244266));
#8427 = CARTESIAN_POINT('',(-89.08856797544,58.031944356858,
    5.886991972049));
#8428 = CARTESIAN_POINT('',(-89.04761646451,57.911897801274,
    5.769662462264));
#8429 = CARTESIAN_POINT('',(-89.01851239537,57.786563638253,
    5.652136725709));
#8430 = CARTESIAN_POINT('',(-89.00227789805,57.656746813134,
    5.535510812048));
#8431 = CARTESIAN_POINT('',(-89.00018340949,57.52345649627,
    5.420783987588));
#8432 = CARTESIAN_POINT('',(-89.00018167207,57.5233452992,5.420688280467
    ));
#8433 = CARTESIAN_POINT('',(-89.0001799445,57.5232341,5.420592574921));
#8434 = CARTESIAN_POINT('',(-89.0001782268,57.523122898669,
    5.420496870949));
#8435 = CARTESIAN_POINT('',(-89.00017651896,57.52301169521,
    5.420401168553));
#8436 = CARTESIAN_POINT('',(-89.00017347443,57.522812299116,
    5.420229573131));
#8437 = CARTESIAN_POINT('',(-89.00017213407,57.522724107271,
    5.42015367952));
#8438 = CARTESIAN_POINT('',(-89.00017079992,57.522635914088,
    5.420077786902));
#8439 = CARTESIAN_POINT('',(-89.00016947197,57.522547719567,
    5.420001895276));
#8440 = CARTESIAN_POINT('',(-89.00016815023,57.52245952371,
    5.419926004642));
#8441 = CARTESIAN_POINT('',(-89.00016534767,57.522271632828,
    5.419764333155));
#8442 = CARTESIAN_POINT('',(-89.00016386858,57.522171937432,
    5.419678552578));
#8443 = CARTESIAN_POINT('',(-89.00016239742,57.522072240329,
    5.41959277327));
#8444 = CARTESIAN_POINT('',(-89.00016093419,57.52197254152,
    5.419506995232));
#8445 = CARTESIAN_POINT('',(-89.00015947888,57.521872841005,
    5.419421218465));
#8446 = CARTESIAN_POINT('',(-89.00015641727,57.521661941838,
    5.419239778367));
#8447 = CARTESIAN_POINT('',(-89.00015481289,57.521550742771,
    5.419144115346));
#8448 = CARTESIAN_POINT('',(-89.00015321838,57.521439541583,
    5.419048453907));
#8449 = CARTESIAN_POINT('',(-89.00015163373,57.521328338277,
    5.418952794052));
#8450 = CARTESIAN_POINT('',(-89.00015005895,57.521217132852,
    5.41885713578));
#8451 = CARTESIAN_POINT('',(-89.00014692927,57.520994727658,
    5.418665830913));
#8452 = CARTESIAN_POINT('',(-89.00014537436,57.520883527888,
    5.418570184316));
#8453 = CARTESIAN_POINT('',(-89.00014382931,57.520772326003,
    5.418474539305));
#8454 = CARTESIAN_POINT('',(-89.00014229414,57.520661122002,
    5.41837889588));
#8455 = CARTESIAN_POINT('',(-89.00014076883,57.520549915888,
    5.418283254043));
#8456 = CARTESIAN_POINT('',(-89.00013773808,57.520327509323,
    5.418091982048));
#8457 = CARTESIAN_POINT('',(-89.00013623263,57.520216308873,
    5.417996351892));
#8458 = CARTESIAN_POINT('',(-89.00013473706,57.520105106311,
    5.417900723324));
#8459 = CARTESIAN_POINT('',(-89.00013325135,57.519993901639,
    5.417805096345));
#8460 = CARTESIAN_POINT('',(-89.00013177551,57.519882694856,
    5.417709470956));
#8461 = CARTESIAN_POINT('',(-89.0001288437,57.519660286965,
    5.417518231866));
#8462 = CARTESIAN_POINT('',(-89.00012738773,57.519549085857,
    5.417422618165));
#8463 = CARTESIAN_POINT('',(-89.00012594162,57.519437882641,
    5.417327006055));
#8464 = CARTESIAN_POINT('',(-89.00012450538,57.519326677318,
    5.417231395538));
#8465 = CARTESIAN_POINT('',(-89.00012307902,57.51921546989,
    5.417135786613));
#8466 = CARTESIAN_POINT('',(-89.00012024614,57.518993060716,
    5.416944580459));
#8467 = CARTESIAN_POINT('',(-89.00011883964,57.518881858972,
    5.416848983228));
#8468 = CARTESIAN_POINT('',(-89.000117443,57.518770655124,5.416753387592
    ));
#8469 = CARTESIAN_POINT('',(-89.00011605624,57.518659449174,
    5.416657793551));
#8470 = CARTESIAN_POINT('',(-89.00011467934,57.518548241121,
    5.416562201107));
#8471 = CARTESIAN_POINT('',(-89.00011194541,57.518325830709,
    5.416371027917));
#8472 = CARTESIAN_POINT('',(-89.00011058837,57.518214628351,
    5.416275447173));
#8473 = CARTESIAN_POINT('',(-89.0001092412,57.518103423893,
    5.416179868026));
#8474 = CARTESIAN_POINT('',(-89.00010790391,57.517992217336,
    5.416084290477));
#8475 = CARTESIAN_POINT('',(-89.00010657648,57.517881008681,
    5.415988714527));
#8476 = CARTESIAN_POINT('',(-89.00010394149,57.517658597076,
    5.415797574335));
#8477 = CARTESIAN_POINT('',(-89.00010263392,57.517547394125,
    5.415702010091));
#8478 = CARTESIAN_POINT('',(-89.00010133623,57.517436189079,
    5.415606447449));
#8479 = CARTESIAN_POINT('',(-89.0001000484,57.517324981938,
    5.415510886407));
#8480 = CARTESIAN_POINT('',(-89.00009877045,57.517213772703,
    5.415415326968));
#8481 = CARTESIAN_POINT('',(-89.00009632184,57.516999028693,
    5.415230809138));
#8482 = CARTESIAN_POINT('',(-89.00009514987,57.516895494197,
    5.415141850534));
#8483 = CARTESIAN_POINT('',(-89.00009398646,57.516791957888,
    5.41505289332));
#8484 = CARTESIAN_POINT('',(-89.0000928316,57.516688419767,
    5.414963937496));
#8485 = CARTESIAN_POINT('',(-89.0000916853,57.516584879834,
    5.414874983064));
#8486 = CARTESIAN_POINT('',(-89.00008932565,57.516370136147,
    5.414690496082));
#8487 = CARTESIAN_POINT('',(-89.00008811361,57.516258932115,
    5.414594963747));
#8488 = CARTESIAN_POINT('',(-89.00008691144,57.516147725996,
    5.414499433018));
#8489 = CARTESIAN_POINT('',(-89.00008571915,57.516036517789,
    5.414403903896));
#8490 = CARTESIAN_POINT('',(-89.00008453673,57.515925307497,
    5.414308376383));
#8491 = CARTESIAN_POINT('',(-89.00008219174,57.515702892644,
    5.41411733308));
#8492 = CARTESIAN_POINT('',(-89.00008102917,57.515591688085,
    5.414021817291));
#8493 = CARTESIAN_POINT('',(-89.00007987647,57.515480481442,
    5.413926303111));
#8494 = CARTESIAN_POINT('',(-89.00007873365,57.515369272716,
    5.413830790541));
#8495 = CARTESIAN_POINT('',(-89.0000776007,57.515258061908,
    5.413735279583));
#8496 = CARTESIAN_POINT('',(-89.00007535465,57.515035646034,
    5.413544269397));
#8497 = CARTESIAN_POINT('',(-89.00007424155,57.514924440969,
    5.413448770169));
#8498 = CARTESIAN_POINT('',(-89.00007313832,57.514813233824,
    5.413353272554));
#8499 = CARTESIAN_POINT('',(-89.00007204497,57.5147020246,5.413257776552
    ));
#8500 = CARTESIAN_POINT('',(-89.0000709615,57.514590813299,
    5.413162282165));
#8501 = CARTESIAN_POINT('',(-89.00006881439,57.514368396448,
    5.412971305126));
#8502 = CARTESIAN_POINT('',(-89.00006775076,57.514257190899,
    5.412875822475));
#8503 = CARTESIAN_POINT('',(-89.000066697,57.514145983275,5.412780341439
    ));
#8504 = CARTESIAN_POINT('',(-89.00006565313,57.514034773576,
    5.41268486202));
#8505 = CARTESIAN_POINT('',(-89.00006461912,57.513923561803,
    5.412589384219));
#8506 = CARTESIAN_POINT('',(-89.00006257096,57.513701144019,
    5.412398440358));
#8507 = CARTESIAN_POINT('',(-89.0000615568,57.513589938009,
    5.412302974298));
#8508 = CARTESIAN_POINT('',(-89.00006055252,57.513478729926,
    5.412207509858));
#8509 = CARTESIAN_POINT('',(-89.00005955811,57.513367519774,
    5.412112047037));
#8510 = CARTESIAN_POINT('',(-89.00005857358,57.513256307551,
    5.412016585836));
#8511 = CARTESIAN_POINT('',(-89.00005662436,57.513033888878,
    5.411825675184));
#8512 = CARTESIAN_POINT('',(-89.00005565967,57.512922682428,
    5.411730225732));
#8513 = CARTESIAN_POINT('',(-89.00005470486,57.512811473911,
    5.411634777901));
#8514 = CARTESIAN_POINT('',(-89.00005375992,57.512700263326,
    5.411539331694));
#8515 = CARTESIAN_POINT('',(-89.00005282487,57.512589050676,
    5.41144388711));
#8516 = CARTESIAN_POINT('',(-89.00005097459,57.512366631158,
    5.411253009696));
#8517 = CARTESIAN_POINT('',(-89.00005005938,57.512255424291,
    5.411157576866));
#8518 = CARTESIAN_POINT('',(-89.00004915404,57.512144215359,
    5.411062145661));
#8519 = CARTESIAN_POINT('',(-89.00004825857,57.512033004366,
    5.410966716082));
#8520 = CARTESIAN_POINT('',(-89.00004737299,57.51192179131,5.41087128813
    ));
#8521 = CARTESIAN_POINT('',(-89.0000458934,57.51173388189,5.410710055502
    ));
#8522 = CARTESIAN_POINT('',(-89.00004529421,57.511657186605,
    5.410644249973));
#8523 = CARTESIAN_POINT('',(-89.00004469972,57.511580490341,
    5.410578445218));
#8524 = CARTESIAN_POINT('',(-89.00004410993,57.511503793098,
    5.410512641238));
#8525 = CARTESIAN_POINT('',(-89.00004352483,57.511427094876,
    5.410446838032));
#8526 = CARTESIAN_POINT('',(-89.00004210293,57.511239190208,
    5.410285629264));
#8527 = CARTESIAN_POINT('',(-89.0000412713,57.511127982685,
    5.410190224554));
#8528 = CARTESIAN_POINT('',(-89.00004044955,57.511016773105,
    5.410094821476));
#8529 = CARTESIAN_POINT('',(-89.00003963768,57.510905561469,
    5.409999420028));
#8530 = CARTESIAN_POINT('',(-89.00003883569,57.510794347779,
    5.409904020212));
#8531 = CARTESIAN_POINT('',(-89.00003725154,57.510571926206,
    5.40971323235));
#8532 = CARTESIAN_POINT('',(-89.00003646939,57.510460718324,
    5.409617844304));
#8533 = CARTESIAN_POINT('',(-89.00003569711,57.51034950839,
    5.409522457892));
#8534 = CARTESIAN_POINT('',(-89.00003493471,57.510238296404,
    5.409427073113));
#8535 = CARTESIAN_POINT('',(-89.00003418219,57.510127082367,
    5.40933168997));
#8536 = CARTESIAN_POINT('',(-89.00003269699,57.509904660112,
    5.409140935459));
#8537 = CARTESIAN_POINT('',(-89.00003196431,57.509793451893,
    5.409045564092));
#8538 = CARTESIAN_POINT('',(-89.0000312415,57.509682241626,
    5.408950194361));
#8539 = CARTESIAN_POINT('',(-89.00003052858,57.509571029312,
    5.408854826267));
#8540 = CARTESIAN_POINT('',(-89.00002982554,57.509459814951,
    5.408759459812));
#8541 = CARTESIAN_POINT('',(-89.00002843928,57.509237392057,
    5.408568738683));
#8542 = CARTESIAN_POINT('',(-89.00002775606,57.509126183524,
    5.408473384009));
#8543 = CARTESIAN_POINT('',(-89.00002708273,57.509014972947,
    5.408378030975));
#8544 = CARTESIAN_POINT('',(-89.00002641928,57.508903760326,
    5.408282679581));
#8545 = CARTESIAN_POINT('',(-89.00002576571,57.508792545663,
    5.408187329828));
#8546 = CARTESIAN_POINT('',(-89.0000244784,57.508570122174,
    5.407996642111));
#8547 = CARTESIAN_POINT('',(-89.00002384466,57.508458913349,
    5.407901304147));
#8548 = CARTESIAN_POINT('',(-89.0000232208,57.508347702483,
    5.407805967824));
#8549 = CARTESIAN_POINT('',(-89.00002260682,57.508236489578,
    5.407710633146));
#8550 = CARTESIAN_POINT('',(-89.00002200273,57.508125274635,
    5.407615300111));
#8551 = CARTESIAN_POINT('',(-89.00002081437,57.507902850596,
    5.407424645836));
#8552 = CARTESIAN_POINT('',(-89.00002023009,57.5077916415,5.407329324595
    ));
#8553 = CARTESIAN_POINT('',(-89.00001965571,57.507680430368,5.407234005)
  );
#8554 = CARTESIAN_POINT('',(-89.0000190912,57.507569217201,
    5.407138687052));
#8555 = CARTESIAN_POINT('',(-89.00001853658,57.507458001999,
    5.40704337075));
#8556 = CARTESIAN_POINT('',(-89.00001744717,57.507235577453,
    5.406852749948));
#8557 = CARTESIAN_POINT('',(-89.00001691237,57.507124368109,
    5.406757445446));
#8558 = CARTESIAN_POINT('',(-89.00001638745,57.507013156732,
    5.406662142594));
#8559 = CARTESIAN_POINT('',(-89.00001587242,57.506901943325,
    5.40656684139));
#8560 = CARTESIAN_POINT('',(-89.00001536728,57.506790727887,
    5.406471541837));
#8561 = CARTESIAN_POINT('',(-89.00001437681,57.506568302879,
    5.406280954537));
#8562 = CARTESIAN_POINT('',(-89.00001389148,57.506457093308,
    5.40618566679));
#8563 = CARTESIAN_POINT('',(-89.00001341604,57.506345881709,
    5.406090380695));
#8564 = CARTESIAN_POINT('',(-89.00001295048,57.506234668083,
    5.405995096252));
#8565 = CARTESIAN_POINT('',(-89.00001249481,57.506123452432,
    5.405899813463));
#8566 = CARTESIAN_POINT('',(-89.00001160329,57.505901027004,
    5.405709259696));
#8567 = CARTESIAN_POINT('',(-89.00001116744,57.505789817229,
    5.405613988718));
#8568 = CARTESIAN_POINT('',(-89.00001074147,57.50567860543,
    5.405518719396));
#8569 = CARTESIAN_POINT('',(-89.00001032538,57.505567391608,
    5.405423451728));
#8570 = CARTESIAN_POINT('',(-89.00000991919,57.505456175764,
    5.405328185718));
#8571 = CARTESIAN_POINT('',(-89.00000912661,57.505233749962,
    5.405137665514));
#8572 = CARTESIAN_POINT('',(-89.00000874023,57.505122540005,
    5.405042411321));
#8573 = CARTESIAN_POINT('',(-89.00000836373,57.505011328027,
    5.404947158786));
#8574 = CARTESIAN_POINT('',(-89.00000799713,57.504900114031,
    5.404851907909));
#8575 = CARTESIAN_POINT('',(-89.00000764041,57.504788898017,
    5.404756658692));
#8576 = CARTESIAN_POINT('',(-89.00000694678,57.504566471884,
    5.404566172082));
#8577 = CARTESIAN_POINT('',(-89.00000660987,57.504455261766,
    5.404470934689));
#8578 = CARTESIAN_POINT('',(-89.00000628284,57.504344049633,
    5.404375698957));
#8579 = CARTESIAN_POINT('',(-89.00000596571,57.504232835484,
    5.404280464886));
#8580 = CARTESIAN_POINT('',(-89.00000565846,57.504121619322,
    5.404185232478));
#8581 = CARTESIAN_POINT('',(-89.00000506378,57.503899192903,
    5.403994779492));
#8582 = CARTESIAN_POINT('',(-89.00000477634,57.503787982646,
    5.403899558913));
#8583 = CARTESIAN_POINT('',(-89.00000449879,57.503676770378,
    5.403804339999));
#8584 = CARTESIAN_POINT('',(-89.00000423113,57.5035655561,5.403709122749
    ));
#8585 = CARTESIAN_POINT('',(-89.00000397337,57.503454339811,
    5.403613907165));
#8586 = CARTESIAN_POINT('',(-89.00000348618,57.503235747756,
    5.403426770636));
#8587 = CARTESIAN_POINT('',(-89.00000325609,57.503128372125,
    5.403334849578));
#8588 = CARTESIAN_POINT('',(-89.00000303522,57.503020994622,
    5.403242930074));
#8589 = CARTESIAN_POINT('',(-89.00000282357,57.502913615249,
    5.403151012125));
#8590 = CARTESIAN_POINT('',(-89.00000262114,57.502806234007,
    5.403059095732));
#8591 = CARTESIAN_POINT('',(-89.00000222784,57.502587642435,
    5.402871991741));
#8592 = CARTESIAN_POINT('',(-89.00000203764,57.50247643197,
    5.402776804256));
#8593 = CARTESIAN_POINT('',(-89.00000185733,57.502365219502,
    5.402681618441));
#8594 = CARTESIAN_POINT('',(-89.00000168691,57.502254005032,
    5.402586434297));
#8595 = CARTESIAN_POINT('',(-89.00000152639,57.50214278856,
    5.402491251824));
#8596 = CARTESIAN_POINT('',(-89.00000122514,57.50192036155,
    5.402300898727));
#8597 = CARTESIAN_POINT('',(-89.00000108441,57.501809151012,
    5.402205728101));
#8598 = CARTESIAN_POINT('',(-89.00000095357,57.501697938475,
    5.402110559149));
#8599 = CARTESIAN_POINT('',(-89.00000083263,57.50158672394,
    5.402015391871));
#8600 = CARTESIAN_POINT('',(-89.00000072158,57.501475507407,
    5.401920226267));
#8601 = CARTESIAN_POINT('',(-89.00000052276,57.501256914899,
    5.401733187993));
#8602 = CARTESIAN_POINT('',(-89.00000043433,57.501149539059,
    5.401641315208));
#8603 = CARTESIAN_POINT('',(-89.00000035511,57.501042161359,
    5.401549443986));
#8604 = CARTESIAN_POINT('',(-89.00000028512,57.500934781799,
    5.401457574328));
#8605 = CARTESIAN_POINT('',(-89.00000022435,57.500827400382,
    5.401365706233));
#8606 = CARTESIAN_POINT('',(-89.0000001152,57.500600020051,
    5.401171182067));
#8607 = CARTESIAN_POINT('',(-89.00000006912,57.500480020675,
    5.401068526384));
#8608 = CARTESIAN_POINT('',(-89.00000003456,57.50036001898,
    5.400965872657));
#8609 = CARTESIAN_POINT('',(-89.00000001152,57.500240014969,
    5.400863220885));
#8610 = CARTESIAN_POINT('',(-89.,57.500120008642,5.400760571071));
#8611 = CARTESIAN_POINT('',(-89.,57.5,5.400657923215));
#8612 = ORIENTED_EDGE('',*,*,#8613,.F.);
#8613 = EDGE_CURVE('',#1595,#8357,#8614,.T.);
#8614 = LINE('',#8615,#8616);
#8615 = CARTESIAN_POINT('',(-89.,57.5,0.));
#8616 = VECTOR('',#8617,1.);
#8617 = DIRECTION('',(0.,0.,1.));
#8618 = CYLINDRICAL_SURFACE('',#8619,1.5);
#8619 = AXIS2_PLACEMENT_3D('',#8620,#8621,#8622);
#8620 = CARTESIAN_POINT('',(-90.5,57.5,0.));
#8621 = DIRECTION('',(0.,0.,-1.));
#8622 = DIRECTION('',(-1.,0.,0.));
#8623 = ADVANCED_FACE('',(#8624),#8643,.F.);
#8624 = FACE_BOUND('',#8625,.F.);
#8625 = EDGE_LOOP('',(#8626,#8627,#8635,#8642));
#8626 = ORIENTED_EDGE('',*,*,#1611,.F.);
#8627 = ORIENTED_EDGE('',*,*,#8628,.T.);
#8628 = EDGE_CURVE('',#1604,#8629,#8631,.T.);
#8629 = VERTEX_POINT('',#8630);
#8630 = CARTESIAN_POINT('',(-89.,31.5,3.));
#8631 = LINE('',#8632,#8633);
#8632 = CARTESIAN_POINT('',(-89.,31.5,0.));
#8633 = VECTOR('',#8634,1.);
#8634 = DIRECTION('',(0.,0.,1.));
#8635 = ORIENTED_EDGE('',*,*,#8636,.F.);
#8636 = EDGE_CURVE('',#8333,#8629,#8637,.T.);
#8637 = CIRCLE('',#8638,1.5);
#8638 = AXIS2_PLACEMENT_3D('',#8639,#8640,#8641);
#8639 = CARTESIAN_POINT('',(-90.5,31.5,3.));
#8640 = DIRECTION('',(0.,0.,1.));
#8641 = DIRECTION('',(-1.,0.,0.));
#8642 = ORIENTED_EDGE('',*,*,#8340,.F.);
#8643 = CYLINDRICAL_SURFACE('',#8644,1.5);
#8644 = AXIS2_PLACEMENT_3D('',#8645,#8646,#8647);
#8645 = CARTESIAN_POINT('',(-90.5,31.5,0.));
#8646 = DIRECTION('',(0.,0.,-1.));
#8647 = DIRECTION('',(-1.,0.,0.));
#8648 = ADVANCED_FACE('',(#8649),#8669,.T.);
#8649 = FACE_BOUND('',#8650,.F.);
#8650 = EDGE_LOOP('',(#8651,#8652,#8653,#8662,#8668));
#8651 = ORIENTED_EDGE('',*,*,#1603,.F.);
#8652 = ORIENTED_EDGE('',*,*,#8613,.T.);
#8653 = ORIENTED_EDGE('',*,*,#8654,.F.);
#8654 = EDGE_CURVE('',#8655,#8357,#8657,.T.);
#8655 = VERTEX_POINT('',#8656);
#8656 = CARTESIAN_POINT('',(-89.,51.,3.));
#8657 = CIRCLE('',#8658,10.);
#8658 = AXIS2_PLACEMENT_3D('',#8659,#8660,#8661);
#8659 = CARTESIAN_POINT('',(-89.,51.,13.));
#8660 = DIRECTION('',(1.,0.,0.));
#8661 = DIRECTION('',(0.,1.,0.));
#8662 = ORIENTED_EDGE('',*,*,#8663,.F.);
#8663 = EDGE_CURVE('',#8629,#8655,#8664,.T.);
#8664 = LINE('',#8665,#8666);
#8665 = CARTESIAN_POINT('',(-89.,46.374236596195,3.));
#8666 = VECTOR('',#8667,1.);
#8667 = DIRECTION('',(0.,1.,0.));
#8668 = ORIENTED_EDGE('',*,*,#8628,.F.);
#8669 = PLANE('',#8670);
#8670 = AXIS2_PLACEMENT_3D('',#8671,#8672,#8673);
#8671 = CARTESIAN_POINT('',(-89.,57.5,0.));
#8672 = DIRECTION('',(-1.,-0.,-0.));
#8673 = DIRECTION('',(0.,1.,0.));
#8674 = ADVANCED_FACE('',(#8675),#8709,.F.);
#8675 = FACE_BOUND('',#8676,.T.);
#8676 = EDGE_LOOP('',(#8677,#8678,#8686,#8695,#8703));
#8677 = ORIENTED_EDGE('',*,*,#1620,.F.);
#8678 = ORIENTED_EDGE('',*,*,#8679,.T.);
#8679 = EDGE_CURVE('',#1621,#8680,#8682,.T.);
#8680 = VERTEX_POINT('',#8681);
#8681 = CARTESIAN_POINT('',(-79.58333333333,57.5,5.400657923215));
#8682 = LINE('',#8683,#8684);
#8683 = CARTESIAN_POINT('',(-79.58333333333,57.5,0.));
#8684 = VECTOR('',#8685,1.);
#8685 = DIRECTION('',(0.,0.,1.));
#8686 = ORIENTED_EDGE('',*,*,#8687,.F.);
#8687 = EDGE_CURVE('',#8688,#8680,#8690,.T.);
#8688 = VERTEX_POINT('',#8689);
#8689 = CARTESIAN_POINT('',(-79.58333333333,51.,3.));
#8690 = CIRCLE('',#8691,10.);
#8691 = AXIS2_PLACEMENT_3D('',#8692,#8693,#8694);
#8692 = CARTESIAN_POINT('',(-79.58333333333,51.,13.));
#8693 = DIRECTION('',(1.,0.,0.));
#8694 = DIRECTION('',(0.,1.,0.));
#8695 = ORIENTED_EDGE('',*,*,#8696,.F.);
#8696 = EDGE_CURVE('',#8697,#8688,#8699,.T.);
#8697 = VERTEX_POINT('',#8698);
#8698 = CARTESIAN_POINT('',(-79.58333333333,31.5,3.));
#8699 = LINE('',#8700,#8701);
#8700 = CARTESIAN_POINT('',(-79.58333333333,46.374236596195,3.));
#8701 = VECTOR('',#8702,1.);
#8702 = DIRECTION('',(0.,1.,0.));
#8703 = ORIENTED_EDGE('',*,*,#8704,.F.);
#8704 = EDGE_CURVE('',#1623,#8697,#8705,.T.);
#8705 = LINE('',#8706,#8707);
#8706 = CARTESIAN_POINT('',(-79.58333333333,31.5,0.));
#8707 = VECTOR('',#8708,1.);
#8708 = DIRECTION('',(0.,0.,1.));
#8709 = PLANE('',#8710);
#8710 = AXIS2_PLACEMENT_3D('',#8711,#8712,#8713);
#8711 = CARTESIAN_POINT('',(-79.58333333333,57.5,0.));
#8712 = DIRECTION('',(-1.,-0.,-0.));
#8713 = DIRECTION('',(0.,1.,0.));
#8714 = ADVANCED_FACE('',(#8715),#8982,.F.);
#8715 = FACE_BOUND('',#8716,.F.);
#8716 = EDGE_LOOP('',(#8717,#8718,#8719,#8976));
#8717 = ORIENTED_EDGE('',*,*,#1630,.F.);
#8718 = ORIENTED_EDGE('',*,*,#8679,.T.);
#8719 = ORIENTED_EDGE('',*,*,#8720,.T.);
#8720 = EDGE_CURVE('',#8680,#8721,#8723,.T.);
#8721 = VERTEX_POINT('',#8722);
#8722 = CARTESIAN_POINT('',(-76.58333333333,57.5,5.400657923215));
#8723 = B_SPLINE_CURVE_WITH_KNOTS('',6,(#8724,#8725,#8726,#8727,#8728,
    #8729,#8730,#8731,#8732,#8733,#8734,#8735,#8736,#8737,#8738,#8739,
    #8740,#8741,#8742,#8743,#8744,#8745,#8746,#8747,#8748,#8749,#8750,
    #8751,#8752,#8753,#8754,#8755,#8756,#8757,#8758,#8759,#8760,#8761,
    #8762,#8763,#8764,#8765,#8766,#8767,#8768,#8769,#8770,#8771,#8772,
    #8773,#8774,#8775,#8776,#8777,#8778,#8779,#8780,#8781,#8782,#8783,
    #8784,#8785,#8786,#8787,#8788,#8789,#8790,#8791,#8792,#8793,#8794,
    #8795,#8796,#8797,#8798,#8799,#8800,#8801,#8802,#8803,#8804,#8805,
    #8806,#8807,#8808,#8809,#8810,#8811,#8812,#8813,#8814,#8815,#8816,
    #8817,#8818,#8819,#8820,#8821,#8822,#8823,#8824,#8825,#8826,#8827,
    #8828,#8829,#8830,#8831,#8832,#8833,#8834,#8835,#8836,#8837,#8838,
    #8839,#8840,#8841,#8842,#8843,#8844,#8845,#8846,#8847,#8848,#8849,
    #8850,#8851,#8852,#8853,#8854,#8855,#8856,#8857,#8858,#8859,#8860,
    #8861,#8862,#8863,#8864,#8865,#8866,#8867,#8868,#8869,#8870,#8871,
    #8872,#8873,#8874,#8875,#8876,#8877,#8878,#8879,#8880,#8881,#8882,
    #8883,#8884,#8885,#8886,#8887,#8888,#8889,#8890,#8891,#8892,#8893,
    #8894,#8895,#8896,#8897,#8898,#8899,#8900,#8901,#8902,#8903,#8904,
    #8905,#8906,#8907,#8908,#8909,#8910,#8911,#8912,#8913,#8914,#8915,
    #8916,#8917,#8918,#8919,#8920,#8921,#8922,#8923,#8924,#8925,#8926,
    #8927,#8928,#8929,#8930,#8931,#8932,#8933,#8934,#8935,#8936,#8937,
    #8938,#8939,#8940,#8941,#8942,#8943,#8944,#8945,#8946,#8947,#8948,
    #8949,#8950,#8951,#8952,#8953,#8954,#8955,#8956,#8957,#8958,#8959,
    #8960,#8961,#8962,#8963,#8964,#8965,#8966,#8967,#8968,#8969,#8970,
    #8971,#8972,#8973,#8974,#8975),.UNSPECIFIED.,.F.,.F.,(7,5,5,5,5,5,5,
    5,5,5,5,5,5,5,5,5,5,5,5,5,5,5,5,5,5,5,5,5,5,5,5,5,5,5,5,5,5,5,5,5,5,
    5,5,5,5,5,5,5,5,5,7),(0.,5.753596641576E-02,0.172058393467,
    0.28193864668,0.322083415403,0.377005689828,0.422425808047,
    0.448500197997,0.499775708962,0.57706213194,0.623104376648,
    0.679053033045,0.718257278846,0.827816844713,0.995075086051,
    0.99521473459,0.995325481502,0.995455478784,0.995590279414,
    0.995729882151,0.995869472473,0.996009050377,0.996148615863,
    0.99628816893,0.996427709577,0.996557615565,0.996697132226,
    0.996836636463,0.996976128277,0.997115607665,0.997255074628,
    0.997394529164,0.997533971272,0.997634938833,0.997774359513,
    0.997913767762,0.99805316358,0.998192546967,0.998331917921,
    0.998471276442,0.998605817699,0.998745151779,0.998884473424,
    0.999023782633,0.999163079405,0.999302363739,0.999436833362,
    0.999576093247,0.999710539264,0.999849774698,1.),.UNSPECIFIED.);
#8724 = CARTESIAN_POINT('',(-79.58333333333,57.5,5.400657923215));
#8725 = CARTESIAN_POINT('',(-79.58333333333,57.545963963092,
    5.439972610865));
#8726 = CARTESIAN_POINT('',(-79.58164319401,57.59158178307,
    5.479568973513));
#8727 = CARTESIAN_POINT('',(-79.57831060236,57.636795642042,
    5.519394507213));
#8728 = CARTESIAN_POINT('',(-79.57338266493,57.681551445373,
    5.559395420115));
#8729 = CARTESIAN_POINT('',(-79.56690590783,57.725798821693,
    5.599516632468));
#8730 = CARTESIAN_POINT('',(-79.54304322525,57.856458435482,
    5.719688270739));
#8731 = CARTESIAN_POINT('',(-79.52121074445,57.941200167192,
    5.799904249961));
#8732 = CARTESIAN_POINT('',(-79.49377622184,58.023468267182,
    5.880013305753));
#8733 = CARTESIAN_POINT('',(-79.46102167206,58.103055011815,
    5.959672018214));
#8734 = CARTESIAN_POINT('',(-79.42317203838,58.179766858529,
    6.038506722413));
#8735 = CARTESIAN_POINT('',(-79.33936857549,58.324045085766,
    6.190528972833));
#8736 = CARTESIAN_POINT('',(-79.29380219085,58.391861811275,
    6.263821682497));
#8737 = CARTESIAN_POINT('',(-79.24382044031,58.456732059555,
    6.335659107599));
#8738 = CARTESIAN_POINT('',(-79.18947907779,58.518497477669,
    6.405662357417));
#8739 = CARTESIAN_POINT('',(-79.13079690229,58.576938271226,
    6.473346776265));
#8740 = CARTESIAN_POINT('',(-79.0447556027,58.651780524836,
    6.561738176366));
#8741 = CARTESIAN_POINT('',(-79.02115179774,58.671324821817,
    6.584999052194));
#8742 = CARTESIAN_POINT('',(-78.99696707423,58.690372323871,
    6.607838417712));
#8743 = CARTESIAN_POINT('',(-78.97220116101,58.708906823363,
    6.630223127715));
#8744 = CARTESIAN_POINT('',(-78.94685417588,58.726910171259,
    6.652116874699));
#8745 = CARTESIAN_POINT('',(-78.88545500437,58.768238597196,
    6.702707454094));
#8746 = CARTESIAN_POINT('',(-78.84888903917,58.791088283314,
    6.730948376222));
#8747 = CARTESIAN_POINT('',(-78.81123964605,58.812852568148,
    6.75809247311));
#8748 = CARTESIAN_POINT('',(-78.77251948208,58.833469023447,
    6.784022240316));
#8749 = CARTESIAN_POINT('',(-78.73274294534,58.852871560031,
    6.808613151095));
#8750 = CARTESIAN_POINT('',(-78.65817115381,58.885974532592,
    6.850854060557));
#8751 = CARTESIAN_POINT('',(-78.62370101446,58.900082100484,
    6.868971038876));
#8752 = CARTESIAN_POINT('',(-78.58854787863,58.913263254339,
    6.885996552439));
#8753 = CARTESIAN_POINT('',(-78.55274476104,58.925470571141,
    6.901846049497));
#8754 = CARTESIAN_POINT('',(-78.51632556943,58.936659081988,
    6.91643846547));
#8755 = CARTESIAN_POINT('',(-78.45808419664,58.952600002089,
    6.937307122078));
#8756 = CARTESIAN_POINT('',(-78.43665603412,58.958062788395,
    6.944476745087));
#8757 = CARTESIAN_POINT('',(-78.41505049831,58.963165738894,
    6.951189387341));
#8758 = CARTESIAN_POINT('',(-78.39327895729,58.967900447141,
    6.957430250689));
#8759 = CARTESIAN_POINT('',(-78.37135426598,58.972258992361,
    6.963185443455));
#8760 = CARTESIAN_POINT('',(-78.3059027047,58.984050706901,6.97877900542
    ));
#8761 = CARTESIAN_POINT('',(-78.26195825135,58.99038775641,
    6.987192698199));
#8762 = CARTESIAN_POINT('',(-78.2175930252,58.995182440146,
    6.993576481632));
#8763 = CARTESIAN_POINT('',(-78.17294320503,58.998393517248,
    6.997858080782));
#8764 = CARTESIAN_POINT('',(-78.12814486885,59.,7.));
#8765 = CARTESIAN_POINT('',(-78.01578991497,59.,7.));
#8766 = CARTESIAN_POINT('',(-77.94833870696,58.99635005889,
    6.995133965301));
#8767 = CARTESIAN_POINT('',(-77.88139624384,58.98907005705,
    6.985425719232));
#8768 = CARTESIAN_POINT('',(-77.81538333318,58.978259776521,
    6.971059931444));
#8769 = CARTESIAN_POINT('',(-77.75072057484,58.964110764741,
    6.952377166869));
#8770 = CARTESIAN_POINT('',(-77.65035410357,58.936675980789,
    6.916459987899));
#8771 = CARTESIAN_POINT('',(-77.61347997337,58.925345353779,
    6.90168210344));
#8772 = CARTESIAN_POINT('',(-77.5772375562,58.912970416318,
    6.885615770044));
#8773 = CARTESIAN_POINT('',(-77.54166197917,58.899597836451,
    6.868345121313));
#8774 = CARTESIAN_POINT('',(-77.50678742996,58.885276851189,
    6.849957935726));
#8775 = CARTESIAN_POINT('',(-77.43116129033,58.851567478766,
    6.806956603164));
#8776 = CARTESIAN_POINT('',(-77.39075363271,58.831749484713,
    6.78185027539));
#8777 = CARTESIAN_POINT('',(-77.35144071287,58.810678551957,
    6.755364935134));
#8778 = CARTESIAN_POINT('',(-77.31323723289,58.788423952362,
    6.727631223231));
#8779 = CARTESIAN_POINT('',(-77.276156068,58.765050962053,6.698772139537
    ));
#8780 = CARTESIAN_POINT('',(-77.21501898525,58.723502243519,
    6.647973221178));
#8781 = CARTESIAN_POINT('',(-77.19038208579,58.705861811286,
    6.626543994839));
#8782 = CARTESIAN_POINT('',(-77.16629805182,58.687718064796,
    6.604651734903));
#8783 = CARTESIAN_POINT('',(-77.14276698845,58.669087721138,
    6.582329920775));
#8784 = CARTESIAN_POINT('',(-77.11978862215,58.649985714403,
    6.559609140267));
#8785 = CARTESIAN_POINT('',(-77.03469005759,58.575761679161,
    6.471984409687));
#8786 = CARTESIAN_POINT('',(-76.97631788851,58.517507175853,
    6.404540316052));
#8787 = CARTESIAN_POINT('',(-76.92225114092,58.455957730039,
    6.334801986852));
#8788 = CARTESIAN_POINT('',(-76.8725087724,58.391330000613,
    6.263247371538));
#8789 = CARTESIAN_POINT('',(-76.82714619228,58.323780361797,
    6.190250594485));
#8790 = CARTESIAN_POINT('',(-76.72388715909,58.14601502861,
    6.002942442681));
#8791 = CARTESIAN_POINT('',(-76.67190130875,58.031944356829,
    5.886991972016));
#8792 = CARTESIAN_POINT('',(-76.63094979786,57.911897801267,
    5.769662462264));
#8793 = CARTESIAN_POINT('',(-76.6018457287,57.786563638293,
    5.652136725742));
#8794 = CARTESIAN_POINT('',(-76.58561123138,57.65674681311,
    5.535510812027));
#8795 = CARTESIAN_POINT('',(-76.58351674283,57.52345649627,
    5.420783987588));
#8796 = CARTESIAN_POINT('',(-76.5835150054,57.5233452992,5.420688280467)
  );
#8797 = CARTESIAN_POINT('',(-76.58351327784,57.5232341,5.420592574921));
#8798 = CARTESIAN_POINT('',(-76.58351156013,57.523122898669,
    5.420496870949));
#8799 = CARTESIAN_POINT('',(-76.5835098523,57.52301169521,5.420401168553
    ));
#8800 = CARTESIAN_POINT('',(-76.58350680776,57.522812299116,
    5.420229573131));
#8801 = CARTESIAN_POINT('',(-76.58350546741,57.522724107271,
    5.42015367952));
#8802 = CARTESIAN_POINT('',(-76.58350413325,57.522635914088,
    5.420077786902));
#8803 = CARTESIAN_POINT('',(-76.58350280531,57.522547719567,
    5.420001895276));
#8804 = CARTESIAN_POINT('',(-76.58350148356,57.52245952371,
    5.419926004642));
#8805 = CARTESIAN_POINT('',(-76.58349862381,57.522267798614,
    5.41976103399));
#8806 = CARTESIAN_POINT('',(-76.58349708815,57.52216426887,
    5.419671954347));
#8807 = CARTESIAN_POINT('',(-76.58349556105,57.522060737286,
    5.419582876073));
#8808 = CARTESIAN_POINT('',(-76.58349404249,57.521957203861,
    5.419493799168));
#8809 = CARTESIAN_POINT('',(-76.58349253248,57.521853668597,
    5.419404723634));
#8810 = CARTESIAN_POINT('',(-76.58348947409,57.521642768737,
    5.419223284053));
#8811 = CARTESIAN_POINT('',(-76.58348792635,57.521535404002,
    5.41913092011));
#8812 = CARTESIAN_POINT('',(-76.58348638781,57.521428037292,
    5.419038557641));
#8813 = CARTESIAN_POINT('',(-76.58348485847,57.521320668606,
    5.418946196648));
#8814 = CARTESIAN_POINT('',(-76.58348333832,57.521213297945,
    5.418853837132));
#8815 = CARTESIAN_POINT('',(-76.5834802626,57.520994727658,
    5.418665830913));
#8816 = CARTESIAN_POINT('',(-76.58347870769,57.520883527888,
    5.418570184316));
#8817 = CARTESIAN_POINT('',(-76.58347716265,57.520772326003,
    5.418474539305));
#8818 = CARTESIAN_POINT('',(-76.58347562747,57.520661122002,
    5.41837889588));
#8819 = CARTESIAN_POINT('',(-76.58347410216,57.520549915888,
    5.418283254043));
#8820 = CARTESIAN_POINT('',(-76.58347107141,57.520327509323,
    5.418091982048));
#8821 = CARTESIAN_POINT('',(-76.58346956597,57.520216308873,
    5.417996351892));
#8822 = CARTESIAN_POINT('',(-76.58346807039,57.520105106311,
    5.417900723324));
#8823 = CARTESIAN_POINT('',(-76.58346658468,57.519993901639,
    5.417805096345));
#8824 = CARTESIAN_POINT('',(-76.58346510885,57.519882694856,
    5.417709470956));
#8825 = CARTESIAN_POINT('',(-76.58346217703,57.519660286965,
    5.417518231866));
#8826 = CARTESIAN_POINT('',(-76.58346072106,57.519549085857,
    5.417422618165));
#8827 = CARTESIAN_POINT('',(-76.58345927496,57.519437882641,
    5.417327006055));
#8828 = CARTESIAN_POINT('',(-76.58345783872,57.519326677318,
    5.417231395538));
#8829 = CARTESIAN_POINT('',(-76.58345641235,57.51921546989,
    5.417135786613));
#8830 = CARTESIAN_POINT('',(-76.58345357948,57.518993060716,
    5.416944580459));
#8831 = CARTESIAN_POINT('',(-76.58345217297,57.518881858972,
    5.416848983228));
#8832 = CARTESIAN_POINT('',(-76.58345077634,57.518770655124,
    5.416753387592));
#8833 = CARTESIAN_POINT('',(-76.58344938957,57.518659449174,
    5.416657793551));
#8834 = CARTESIAN_POINT('',(-76.58344801267,57.518548241121,
    5.416562201107));
#8835 = CARTESIAN_POINT('',(-76.58344527874,57.518325830709,
    5.416371027917));
#8836 = CARTESIAN_POINT('',(-76.5834439217,57.518214628351,
    5.416275447173));
#8837 = CARTESIAN_POINT('',(-76.58344257454,57.518103423893,
    5.416179868026));
#8838 = CARTESIAN_POINT('',(-76.58344123724,57.517992217336,
    5.416084290477));
#8839 = CARTESIAN_POINT('',(-76.58343990982,57.517881008681,
    5.415988714527));
#8840 = CARTESIAN_POINT('',(-76.58343727482,57.517658597076,
    5.415797574335));
#8841 = CARTESIAN_POINT('',(-76.58343596726,57.517547394125,
    5.415702010091));
#8842 = CARTESIAN_POINT('',(-76.58343466956,57.517436189079,
    5.415606447449));
#8843 = CARTESIAN_POINT('',(-76.58343338173,57.517324981938,
    5.415510886407));
#8844 = CARTESIAN_POINT('',(-76.58343210378,57.517213772703,
    5.415415326968));
#8845 = CARTESIAN_POINT('',(-76.58342965517,57.516999028693,
    5.415230809138));
#8846 = CARTESIAN_POINT('',(-76.5834284832,57.516895494197,
    5.415141850534));
#8847 = CARTESIAN_POINT('',(-76.58342731979,57.516791957888,
    5.41505289332));
#8848 = CARTESIAN_POINT('',(-76.58342616493,57.516688419767,
    5.414963937496));
#8849 = CARTESIAN_POINT('',(-76.58342501864,57.516584879834,
    5.414874983064));
#8850 = CARTESIAN_POINT('',(-76.58342265899,57.516370136147,
    5.414690496082));
#8851 = CARTESIAN_POINT('',(-76.58342144695,57.516258932115,
    5.414594963747));
#8852 = CARTESIAN_POINT('',(-76.58342024478,57.516147725996,
    5.414499433018));
#8853 = CARTESIAN_POINT('',(-76.58341905248,57.516036517789,
    5.414403903896));
#8854 = CARTESIAN_POINT('',(-76.58341787006,57.515925307497,
    5.414308376383));
#8855 = CARTESIAN_POINT('',(-76.58341552507,57.515702892644,
    5.41411733308));
#8856 = CARTESIAN_POINT('',(-76.5834143625,57.515591688085,
    5.414021817291));
#8857 = CARTESIAN_POINT('',(-76.5834132098,57.515480481442,
    5.413926303111));
#8858 = CARTESIAN_POINT('',(-76.58341206698,57.515369272716,
    5.413830790541));
#8859 = CARTESIAN_POINT('',(-76.58341093403,57.515258061908,
    5.413735279583));
#8860 = CARTESIAN_POINT('',(-76.58340868798,57.515035646034,
    5.413544269397));
#8861 = CARTESIAN_POINT('',(-76.58340757488,57.514924440969,
    5.413448770169));
#8862 = CARTESIAN_POINT('',(-76.58340647166,57.514813233824,
    5.413353272554));
#8863 = CARTESIAN_POINT('',(-76.5834053783,57.5147020246,5.413257776552)
  );
#8864 = CARTESIAN_POINT('',(-76.58340429483,57.514590813299,
    5.413162282165));
#8865 = CARTESIAN_POINT('',(-76.58340214772,57.514368396448,
    5.412971305126));
#8866 = CARTESIAN_POINT('',(-76.58340108409,57.514257190899,
    5.412875822475));
#8867 = CARTESIAN_POINT('',(-76.58340003034,57.514145983275,
    5.412780341439));
#8868 = CARTESIAN_POINT('',(-76.58339898646,57.514034773576,
    5.41268486202));
#8869 = CARTESIAN_POINT('',(-76.58339795246,57.513923561803,
    5.412589384219));
#8870 = CARTESIAN_POINT('',(-76.58339590429,57.513701144019,
    5.412398440358));
#8871 = CARTESIAN_POINT('',(-76.58339489013,57.513589938009,
    5.412302974298));
#8872 = CARTESIAN_POINT('',(-76.58339388585,57.513478729926,
    5.412207509858));
#8873 = CARTESIAN_POINT('',(-76.58339289144,57.513367519774,
    5.412112047037));
#8874 = CARTESIAN_POINT('',(-76.58339190691,57.513256307551,
    5.412016585836));
#8875 = CARTESIAN_POINT('',(-76.58338995769,57.513033888878,
    5.411825675184));
#8876 = CARTESIAN_POINT('',(-76.58338899301,57.512922682428,
    5.411730225732));
#8877 = CARTESIAN_POINT('',(-76.58338803819,57.512811473911,
    5.411634777901));
#8878 = CARTESIAN_POINT('',(-76.58338709326,57.512700263326,
    5.411539331694));
#8879 = CARTESIAN_POINT('',(-76.5833861582,57.512589050676,5.41144388711
    ));
#8880 = CARTESIAN_POINT('',(-76.58338430793,57.512366631158,
    5.411253009696));
#8881 = CARTESIAN_POINT('',(-76.58338339271,57.512255424291,
    5.411157576866));
#8882 = CARTESIAN_POINT('',(-76.58338248737,57.512144215359,
    5.411062145661));
#8883 = CARTESIAN_POINT('',(-76.58338159191,57.512033004366,
    5.410966716082));
#8884 = CARTESIAN_POINT('',(-76.58338070632,57.51192179131,5.41087128813
    ));
#8885 = CARTESIAN_POINT('',(-76.58337919654,57.511730047298,
    5.410706765293));
#8886 = CARTESIAN_POINT('',(-76.58337856764,57.511649517322,
    5.410637669634));
#8887 = CARTESIAN_POINT('',(-76.58337794392,57.511568986266,
    5.410568574829));
#8888 = CARTESIAN_POINT('',(-76.58337732537,57.51148845413,
    5.410499480878));
#8889 = CARTESIAN_POINT('',(-76.58337671201,57.511407920914,
    5.410430387781));
#8890 = CARTESIAN_POINT('',(-76.58337526403,57.511216181141,
    5.410265889775));
#8891 = CARTESIAN_POINT('',(-76.58337443411,57.511104973605,
    5.41017048564));
#8892 = CARTESIAN_POINT('',(-76.58337361406,57.510993764012,
    5.410075083136));
#8893 = CARTESIAN_POINT('',(-76.5833728039,57.510882552364,
    5.409979682262));
#8894 = CARTESIAN_POINT('',(-76.58337200362,57.510771338661,
    5.409884283021));
#8895 = CARTESIAN_POINT('',(-76.58337042288,57.510548917064,
    5.409693496309));
#8896 = CARTESIAN_POINT('',(-76.58336964243,57.51043770917,
    5.409598108838));
#8897 = CARTESIAN_POINT('',(-76.58336887186,57.510326499224,5.409502723)
  );
#8898 = CARTESIAN_POINT('',(-76.58336811117,57.510215287227,
    5.409407338797));
#8899 = CARTESIAN_POINT('',(-76.58336736036,57.510104073178,
    5.409311956229));
#8900 = CARTESIAN_POINT('',(-76.58336587857,57.5098816509,5.409121202869
    ));
#8901 = CARTESIAN_POINT('',(-76.58336514759,57.50977044267,
    5.409025832077));
#8902 = CARTESIAN_POINT('',(-76.58336442649,57.509659232393,
    5.408930462922));
#8903 = CARTESIAN_POINT('',(-76.58336371527,57.509548020067,
    5.408835095403));
#8904 = CARTESIAN_POINT('',(-76.58336301393,57.509436805696,
    5.408739729523));
#8905 = CARTESIAN_POINT('',(-76.58336163109,57.50921438278,
    5.408549009546));
#8906 = CARTESIAN_POINT('',(-76.58336094958,57.509103174237,
    5.408453655448));
#8907 = CARTESIAN_POINT('',(-76.58336027795,57.508991963649,
    5.40835830299));
#8908 = CARTESIAN_POINT('',(-76.58335961621,57.508880751019,
    5.408262952173));
#8909 = CARTESIAN_POINT('',(-76.58335896435,57.508769536346,
    5.408167602996));
#8910 = CARTESIAN_POINT('',(-76.58335768045,57.508547112837,
    5.407976916432));
#8911 = CARTESIAN_POINT('',(-76.58335704841,57.508435904002,
    5.407881579043));
#8912 = CARTESIAN_POINT('',(-76.58335642626,57.508324693127,
    5.407786243298));
#8913 = CARTESIAN_POINT('',(-76.58335581399,57.508213480212,
    5.407690909196));
#8914 = CARTESIAN_POINT('',(-76.5833552116,57.50810226526,5.407595576738
    ));
#8915 = CARTESIAN_POINT('',(-76.58335402665,57.507879841202,
    5.407404923616));
#8916 = CARTESIAN_POINT('',(-76.58335344408,57.507768632097,
    5.407309602953));
#8917 = CARTESIAN_POINT('',(-76.5833528714,57.507657420957,
    5.407214283935));
#8918 = CARTESIAN_POINT('',(-76.5833523086,57.507546207781,
    5.407118966563));
#8919 = CARTESIAN_POINT('',(-76.58335175569,57.507434992571,
    5.407023650839));
#8920 = CARTESIAN_POINT('',(-76.58335068841,57.507216402578,
    5.406836317449));
#8921 = CARTESIAN_POINT('',(-76.58335017337,57.507109027933,
    5.406744299671));
#8922 = CARTESIAN_POINT('',(-76.58334966754,57.507001651394,
    5.40665228343));
#8923 = CARTESIAN_POINT('',(-76.58334917093,57.506894272962,
    5.406560268726));
#8924 = CARTESIAN_POINT('',(-76.58334868353,57.506786892637,
    5.406468255561));
#8925 = CARTESIAN_POINT('',(-76.58334771014,57.506568302879,
    5.406280954537));
#8926 = CARTESIAN_POINT('',(-76.58334722481,57.506457093308,
    5.40618566679));
#8927 = CARTESIAN_POINT('',(-76.58334674937,57.506345881709,
    5.406090380695));
#8928 = CARTESIAN_POINT('',(-76.58334628382,57.506234668083,
    5.405995096252));
#8929 = CARTESIAN_POINT('',(-76.58334582815,57.506123452432,
    5.405899813463));
#8930 = CARTESIAN_POINT('',(-76.58334493662,57.505901027004,
    5.405709259696));
#8931 = CARTESIAN_POINT('',(-76.58334450077,57.505789817229,
    5.405613988718));
#8932 = CARTESIAN_POINT('',(-76.5833440748,57.50567860543,5.405518719396
    ));
#8933 = CARTESIAN_POINT('',(-76.58334365872,57.505567391608,
    5.405423451728));
#8934 = CARTESIAN_POINT('',(-76.58334325252,57.505456175764,
    5.405328185718));
#8935 = CARTESIAN_POINT('',(-76.58334245995,57.505233749962,
    5.405137665514));
#8936 = CARTESIAN_POINT('',(-76.58334207356,57.505122540005,
    5.405042411321));
#8937 = CARTESIAN_POINT('',(-76.58334169707,57.505011328027,
    5.404947158786));
#8938 = CARTESIAN_POINT('',(-76.58334133046,57.504900114031,
    5.404851907909));
#8939 = CARTESIAN_POINT('',(-76.58334097374,57.504788898017,
    5.404756658692));
#8940 = CARTESIAN_POINT('',(-76.58334028011,57.504566471884,
    5.404566172082));
#8941 = CARTESIAN_POINT('',(-76.5833399432,57.504455261766,
    5.404470934689));
#8942 = CARTESIAN_POINT('',(-76.58333961618,57.504344049633,
    5.404375698957));
#8943 = CARTESIAN_POINT('',(-76.58333929904,57.504232835484,
    5.404280464886));
#8944 = CARTESIAN_POINT('',(-76.5833389918,57.504121619322,
    5.404185232478));
#8945 = CARTESIAN_POINT('',(-76.58333839712,57.503899192903,
    5.403994779492));
#8946 = CARTESIAN_POINT('',(-76.58333810968,57.503787982646,
    5.403899558913));
#8947 = CARTESIAN_POINT('',(-76.58333783213,57.503676770378,
    5.403804339999));
#8948 = CARTESIAN_POINT('',(-76.58333756447,57.5035655561,5.403709122749
    ));
#8949 = CARTESIAN_POINT('',(-76.5833373067,57.503454339811,
    5.403613907165));
#8950 = CARTESIAN_POINT('',(-76.58333681951,57.503235747756,
    5.403426770636));
#8951 = CARTESIAN_POINT('',(-76.58333658942,57.503128372125,
    5.403334849578));
#8952 = CARTESIAN_POINT('',(-76.58333636855,57.503020994622,
    5.403242930074));
#8953 = CARTESIAN_POINT('',(-76.5833361569,57.502913615249,
    5.403151012125));
#8954 = CARTESIAN_POINT('',(-76.58333595447,57.502806234007,
    5.403059095732));
#8955 = CARTESIAN_POINT('',(-76.58333556117,57.502587642435,
    5.402871991741));
#8956 = CARTESIAN_POINT('',(-76.58333537097,57.50247643197,
    5.402776804256));
#8957 = CARTESIAN_POINT('',(-76.58333519066,57.502365219502,
    5.402681618441));
#8958 = CARTESIAN_POINT('',(-76.58333502025,57.502254005032,
    5.402586434297));
#8959 = CARTESIAN_POINT('',(-76.58333485972,57.50214278856,
    5.402491251824));
#8960 = CARTESIAN_POINT('',(-76.58333456366,57.501924196162,
    5.402304180389));
#8961 = CARTESIAN_POINT('',(-76.58333442746,57.501816820371,
    5.402212291312));
#8962 = CARTESIAN_POINT('',(-76.58333430048,57.501709442717,
    5.402120403794));
#8963 = CARTESIAN_POINT('',(-76.58333418271,57.5016020632,5.402028517838
    ));
#8964 = CARTESIAN_POINT('',(-76.58333407418,57.50149468182,
    5.401936633442));
#8965 = CARTESIAN_POINT('',(-76.58333387201,57.501276089989,5.4017495946
    ));
#8966 = CARTESIAN_POINT('',(-76.58333377905,57.501164879401,
    5.401654440267));
#8967 = CARTESIAN_POINT('',(-76.58333369598,57.501053666818,
    5.40155928761));
#8968 = CARTESIAN_POINT('',(-76.5833336228,57.500942452241,5.40146413663
    ));
#8969 = CARTESIAN_POINT('',(-76.58333355952,57.50083123567,
    5.401368987327));
#8970 = CARTESIAN_POINT('',(-76.58333344854,57.500600020051,
    5.401171182067));
#8971 = CARTESIAN_POINT('',(-76.58333340246,57.500480020675,
    5.401068526384));
#8972 = CARTESIAN_POINT('',(-76.58333336789,57.50036001898,
    5.400965872657));
#8973 = CARTESIAN_POINT('',(-76.58333334485,57.500240014969,
    5.400863220885));
#8974 = CARTESIAN_POINT('',(-76.58333333333,57.500120008642,
    5.400760571071));
#8975 = CARTESIAN_POINT('',(-76.58333333333,57.5,5.400657923215));
#8976 = ORIENTED_EDGE('',*,*,#8977,.F.);
#8977 = EDGE_CURVE('',#1631,#8721,#8978,.T.);
#8978 = LINE('',#8979,#8980);
#8979 = CARTESIAN_POINT('',(-76.58333333333,57.5,0.));
#8980 = VECTOR('',#8981,1.);
#8981 = DIRECTION('',(0.,0.,1.));
#8982 = CYLINDRICAL_SURFACE('',#8983,1.5);
#8983 = AXIS2_PLACEMENT_3D('',#8984,#8985,#8986);
#8984 = CARTESIAN_POINT('',(-78.08333333333,57.5,0.));
#8985 = DIRECTION('',(0.,0.,-1.));
#8986 = DIRECTION('',(-1.,0.,0.));
#8987 = ADVANCED_FACE('',(#8988),#9007,.F.);
#8988 = FACE_BOUND('',#8989,.F.);
#8989 = EDGE_LOOP('',(#8990,#8991,#8999,#9006));
#8990 = ORIENTED_EDGE('',*,*,#1647,.F.);
#8991 = ORIENTED_EDGE('',*,*,#8992,.T.);
#8992 = EDGE_CURVE('',#1640,#8993,#8995,.T.);
#8993 = VERTEX_POINT('',#8994);
#8994 = CARTESIAN_POINT('',(-76.58333333333,31.5,3.));
#8995 = LINE('',#8996,#8997);
#8996 = CARTESIAN_POINT('',(-76.58333333333,31.5,0.));
#8997 = VECTOR('',#8998,1.);
#8998 = DIRECTION('',(0.,0.,1.));
#8999 = ORIENTED_EDGE('',*,*,#9000,.F.);
#9000 = EDGE_CURVE('',#8697,#8993,#9001,.T.);
#9001 = CIRCLE('',#9002,1.5);
#9002 = AXIS2_PLACEMENT_3D('',#9003,#9004,#9005);
#9003 = CARTESIAN_POINT('',(-78.08333333333,31.5,3.));
#9004 = DIRECTION('',(0.,0.,1.));
#9005 = DIRECTION('',(-1.,0.,0.));
#9006 = ORIENTED_EDGE('',*,*,#8704,.F.);
#9007 = CYLINDRICAL_SURFACE('',#9008,1.5);
#9008 = AXIS2_PLACEMENT_3D('',#9009,#9010,#9011);
#9009 = CARTESIAN_POINT('',(-78.08333333333,31.5,0.));
#9010 = DIRECTION('',(0.,0.,-1.));
#9011 = DIRECTION('',(-1.,0.,0.));
#9012 = ADVANCED_FACE('',(#9013),#9033,.T.);
#9013 = FACE_BOUND('',#9014,.F.);
#9014 = EDGE_LOOP('',(#9015,#9016,#9017,#9026,#9032));
#9015 = ORIENTED_EDGE('',*,*,#1639,.F.);
#9016 = ORIENTED_EDGE('',*,*,#8977,.T.);
#9017 = ORIENTED_EDGE('',*,*,#9018,.F.);
#9018 = EDGE_CURVE('',#9019,#8721,#9021,.T.);
#9019 = VERTEX_POINT('',#9020);
#9020 = CARTESIAN_POINT('',(-76.58333333333,51.,3.));
#9021 = CIRCLE('',#9022,10.);
#9022 = AXIS2_PLACEMENT_3D('',#9023,#9024,#9025);
#9023 = CARTESIAN_POINT('',(-76.58333333333,51.,13.));
#9024 = DIRECTION('',(1.,0.,0.));
#9025 = DIRECTION('',(0.,1.,0.));
#9026 = ORIENTED_EDGE('',*,*,#9027,.F.);
#9027 = EDGE_CURVE('',#8993,#9019,#9028,.T.);
#9028 = LINE('',#9029,#9030);
#9029 = CARTESIAN_POINT('',(-76.58333333333,46.374236596195,3.));
#9030 = VECTOR('',#9031,1.);
#9031 = DIRECTION('',(0.,1.,0.));
#9032 = ORIENTED_EDGE('',*,*,#8992,.F.);
#9033 = PLANE('',#9034);
#9034 = AXIS2_PLACEMENT_3D('',#9035,#9036,#9037);
#9035 = CARTESIAN_POINT('',(-76.58333333333,57.5,0.));
#9036 = DIRECTION('',(-1.,-0.,-0.));
#9037 = DIRECTION('',(0.,1.,0.));
#9038 = ADVANCED_FACE('',(#9039),#9073,.F.);
#9039 = FACE_BOUND('',#9040,.T.);
#9040 = EDGE_LOOP('',(#9041,#9042,#9050,#9059,#9067));
#9041 = ORIENTED_EDGE('',*,*,#1656,.F.);
#9042 = ORIENTED_EDGE('',*,*,#9043,.T.);
#9043 = EDGE_CURVE('',#1657,#9044,#9046,.T.);
#9044 = VERTEX_POINT('',#9045);
#9045 = CARTESIAN_POINT('',(-67.16666666666,57.5,5.400657923215));
#9046 = LINE('',#9047,#9048);
#9047 = CARTESIAN_POINT('',(-67.16666666666,57.5,0.));
#9048 = VECTOR('',#9049,1.);
#9049 = DIRECTION('',(0.,0.,1.));
#9050 = ORIENTED_EDGE('',*,*,#9051,.F.);
#9051 = EDGE_CURVE('',#9052,#9044,#9054,.T.);
#9052 = VERTEX_POINT('',#9053);
#9053 = CARTESIAN_POINT('',(-67.16666666666,51.,3.));
#9054 = CIRCLE('',#9055,10.);
#9055 = AXIS2_PLACEMENT_3D('',#9056,#9057,#9058);
#9056 = CARTESIAN_POINT('',(-67.16666666666,51.,13.));
#9057 = DIRECTION('',(1.,0.,0.));
#9058 = DIRECTION('',(0.,1.,0.));
#9059 = ORIENTED_EDGE('',*,*,#9060,.F.);
#9060 = EDGE_CURVE('',#9061,#9052,#9063,.T.);
#9061 = VERTEX_POINT('',#9062);
#9062 = CARTESIAN_POINT('',(-67.16666666666,31.5,3.));
#9063 = LINE('',#9064,#9065);
#9064 = CARTESIAN_POINT('',(-67.16666666666,46.374236596195,3.));
#9065 = VECTOR('',#9066,1.);
#9066 = DIRECTION('',(0.,1.,0.));
#9067 = ORIENTED_EDGE('',*,*,#9068,.F.);
#9068 = EDGE_CURVE('',#1659,#9061,#9069,.T.);
#9069 = LINE('',#9070,#9071);
#9070 = CARTESIAN_POINT('',(-67.16666666666,31.5,0.));
#9071 = VECTOR('',#9072,1.);
#9072 = DIRECTION('',(0.,0.,1.));
#9073 = PLANE('',#9074);
#9074 = AXIS2_PLACEMENT_3D('',#9075,#9076,#9077);
#9075 = CARTESIAN_POINT('',(-67.16666666666,57.5,0.));
#9076 = DIRECTION('',(-1.,-0.,-0.));
#9077 = DIRECTION('',(0.,1.,0.));
#9078 = ADVANCED_FACE('',(#9079),#9346,.F.);
#9079 = FACE_BOUND('',#9080,.F.);
#9080 = EDGE_LOOP('',(#9081,#9082,#9083,#9340));
#9081 = ORIENTED_EDGE('',*,*,#1666,.F.);
#9082 = ORIENTED_EDGE('',*,*,#9043,.T.);
#9083 = ORIENTED_EDGE('',*,*,#9084,.T.);
#9084 = EDGE_CURVE('',#9044,#9085,#9087,.T.);
#9085 = VERTEX_POINT('',#9086);
#9086 = CARTESIAN_POINT('',(-64.16666666666,57.5,5.400657923215));
#9087 = B_SPLINE_CURVE_WITH_KNOTS('',6,(#9088,#9089,#9090,#9091,#9092,
    #9093,#9094,#9095,#9096,#9097,#9098,#9099,#9100,#9101,#9102,#9103,
    #9104,#9105,#9106,#9107,#9108,#9109,#9110,#9111,#9112,#9113,#9114,
    #9115,#9116,#9117,#9118,#9119,#9120,#9121,#9122,#9123,#9124,#9125,
    #9126,#9127,#9128,#9129,#9130,#9131,#9132,#9133,#9134,#9135,#9136,
    #9137,#9138,#9139,#9140,#9141,#9142,#9143,#9144,#9145,#9146,#9147,
    #9148,#9149,#9150,#9151,#9152,#9153,#9154,#9155,#9156,#9157,#9158,
    #9159,#9160,#9161,#9162,#9163,#9164,#9165,#9166,#9167,#9168,#9169,
    #9170,#9171,#9172,#9173,#9174,#9175,#9176,#9177,#9178,#9179,#9180,
    #9181,#9182,#9183,#9184,#9185,#9186,#9187,#9188,#9189,#9190,#9191,
    #9192,#9193,#9194,#9195,#9196,#9197,#9198,#9199,#9200,#9201,#9202,
    #9203,#9204,#9205,#9206,#9207,#9208,#9209,#9210,#9211,#9212,#9213,
    #9214,#9215,#9216,#9217,#9218,#9219,#9220,#9221,#9222,#9223,#9224,
    #9225,#9226,#9227,#9228,#9229,#9230,#9231,#9232,#9233,#9234,#9235,
    #9236,#9237,#9238,#9239,#9240,#9241,#9242,#9243,#9244,#9245,#9246,
    #9247,#9248,#9249,#9250,#9251,#9252,#9253,#9254,#9255,#9256,#9257,
    #9258,#9259,#9260,#9261,#9262,#9263,#9264,#9265,#9266,#9267,#9268,
    #9269,#9270,#9271,#9272,#9273,#9274,#9275,#9276,#9277,#9278,#9279,
    #9280,#9281,#9282,#9283,#9284,#9285,#9286,#9287,#9288,#9289,#9290,
    #9291,#9292,#9293,#9294,#9295,#9296,#9297,#9298,#9299,#9300,#9301,
    #9302,#9303,#9304,#9305,#9306,#9307,#9308,#9309,#9310,#9311,#9312,
    #9313,#9314,#9315,#9316,#9317,#9318,#9319,#9320,#9321,#9322,#9323,
    #9324,#9325,#9326,#9327,#9328,#9329,#9330,#9331,#9332,#9333,#9334,
    #9335,#9336,#9337,#9338,#9339),.UNSPECIFIED.,.F.,.F.,(7,5,5,5,5,5,5,
    5,5,5,5,5,5,5,5,5,5,5,5,5,5,5,5,5,5,5,5,5,5,5,5,5,5,5,5,5,5,5,5,5,5,
    5,5,5,5,5,5,5,5,5,7),(0.,5.753599134153E-02,0.172058465825,
    0.281938766839,0.322083550602,0.377005833411,0.422425938158,
    0.448500314478,0.49977579864,0.577062181218,0.623104412144,
    0.67905306477,0.718257307929,0.827816866413,0.995079902978,
    0.995219551053,0.995359186716,0.995498809966,0.995638420802,
    0.995773205691,0.995903165871,0.996042740742,0.996172678597,
    0.996312229487,0.996451767957,0.996591294006,0.996730807632,
    0.996870308835,0.997009797614,0.997149273967,0.997288737895,
    0.99742338093,0.997548396232,0.997683016923,0.99782243328,
    0.997957030383,0.998096422308,0.998230995818,0.998370363307,
    0.998509718363,0.998634646806,0.998773978279,0.998908493418,
    0.999047800447,0.999187095039,0.999326377193,0.999465646908,
    0.999604904185,0.999744149021,0.999883381416,1.),.UNSPECIFIED.);
#9088 = CARTESIAN_POINT('',(-67.16666666666,57.5,5.400657923215));
#9089 = CARTESIAN_POINT('',(-67.16666666666,57.545963960415,
    5.439972608575));
#9090 = CARTESIAN_POINT('',(-67.1649765271,57.591581783713,5.47956897415
    ));
#9091 = CARTESIAN_POINT('',(-67.16164393546,57.636795644654,
    5.519394509529));
#9092 = CARTESIAN_POINT('',(-67.15671599839,57.681551446128,
    5.559395420718));
#9093 = CARTESIAN_POINT('',(-67.15023924163,57.725798819157,
    5.599516630136));
#9094 = CARTESIAN_POINT('',(-67.12637655796,57.856458438873,
    5.719688273858));
#9095 = CARTESIAN_POINT('',(-67.10454407951,57.941200162106,
    5.799904245014));
#9096 = CARTESIAN_POINT('',(-67.07710955469,58.023468266935,
    5.880013305704));
#9097 = CARTESIAN_POINT('',(-67.04435500344,58.103055016784,
    5.959672023137));
#9098 = CARTESIAN_POINT('',(-67.00650537338,58.17976685567,6.0385067194)
  );
#9099 = CARTESIAN_POINT('',(-66.92270190637,58.324045089983,
    6.190528977277));
#9100 = CARTESIAN_POINT('',(-66.87713552906,58.391861805126,
    6.263821675715));
#9101 = CARTESIAN_POINT('',(-66.82715377301,58.456732059132,
    6.33565910735));
#9102 = CARTESIAN_POINT('',(-66.77281240595,58.518497483619,
    6.40566236408));
#9103 = CARTESIAN_POINT('',(-66.71413023943,58.576938267915,
    6.473346772355));
#9104 = CARTESIAN_POINT('',(-66.62808893604,58.651780524836,
    6.561738176366));
#9105 = CARTESIAN_POINT('',(-66.60448513108,58.671324821817,
    6.584999052194));
#9106 = CARTESIAN_POINT('',(-66.58030040756,58.690372323871,
    6.607838417712));
#9107 = CARTESIAN_POINT('',(-66.55553449434,58.708906823363,
    6.630223127715));
#9108 = CARTESIAN_POINT('',(-66.53018750921,58.726910171259,
    6.652116874699));
#9109 = CARTESIAN_POINT('',(-66.46878834558,58.768238591896,
    6.702707447606));
#9110 = CARTESIAN_POINT('',(-66.43222236977,58.791088284045,
    6.730948377231));
#9111 = CARTESIAN_POINT('',(-66.39457297092,58.812852572806,
    6.758092478921));
#9112 = CARTESIAN_POINT('',(-66.35585281364,58.833469025196,
    6.784022242404));
#9113 = CARTESIAN_POINT('',(-66.31607628775,58.852871556003,
    6.808613145955));
#9114 = CARTESIAN_POINT('',(-66.24150449481,58.885974529191,
    6.850854056218));
#9115 = CARTESIAN_POINT('',(-66.20703434534,58.900082100813,
    6.868971039338));
#9116 = CARTESIAN_POINT('',(-66.17188120389,58.913263257206,
    6.885996556137));
#9117 = CARTESIAN_POINT('',(-66.13607809248,58.925470572358,
    6.901846051032));
#9118 = CARTESIAN_POINT('',(-66.09965891113,58.936659079697,
    6.916438462472));
#9119 = CARTESIAN_POINT('',(-66.04141752998,58.952600002089,
    6.937307122078));
#9120 = CARTESIAN_POINT('',(-66.01998936746,58.958062788395,
    6.944476745087));
#9121 = CARTESIAN_POINT('',(-65.99838383164,58.963165738894,
    6.951189387341));
#9122 = CARTESIAN_POINT('',(-65.97661229063,58.967900447141,
    6.957430250689));
#9123 = CARTESIAN_POINT('',(-65.95468759931,58.972258992361,
    6.963185443455));
#9124 = CARTESIAN_POINT('',(-65.88923603803,58.984050706901,
    6.97877900542));
#9125 = CARTESIAN_POINT('',(-65.84529158469,58.99038775641,
    6.987192698199));
#9126 = CARTESIAN_POINT('',(-65.80092635853,58.995182440146,
    6.993576481632));
#9127 = CARTESIAN_POINT('',(-65.75627653836,58.998393517248,
    6.997858080782));
#9128 = CARTESIAN_POINT('',(-65.71147820218,59.,7.));
#9129 = CARTESIAN_POINT('',(-65.5991232483,59.,7.));
#9130 = CARTESIAN_POINT('',(-65.5316720403,58.99635005889,6.995133965301
    ));
#9131 = CARTESIAN_POINT('',(-65.46472957717,58.98907005705,
    6.985425719232));
#9132 = CARTESIAN_POINT('',(-65.39871666651,58.978259776521,
    6.971059931444));
#9133 = CARTESIAN_POINT('',(-65.33405390817,58.964110764741,
    6.952377166869));
#9134 = CARTESIAN_POINT('',(-65.23368742853,58.936675978501,
    6.916459984903));
#9135 = CARTESIAN_POINT('',(-65.19681330878,58.925345355063,
    6.90168210506));
#9136 = CARTESIAN_POINT('',(-65.1605708978,58.912970419244,
    6.885615773819));
#9137 = CARTESIAN_POINT('',(-65.12499531494,58.899597836741,
    6.868345121728));
#9138 = CARTESIAN_POINT('',(-65.09012075537,58.885276847659,
    6.849957931223));
#9139 = CARTESIAN_POINT('',(-65.01449462366,58.851567478766,
    6.806956603164));
#9140 = CARTESIAN_POINT('',(-64.97408696605,58.831749484713,
    6.78185027539));
#9141 = CARTESIAN_POINT('',(-64.9347740462,58.810678551957,
    6.755364935133));
#9142 = CARTESIAN_POINT('',(-64.89657056623,58.788423952362,
    6.727631223231));
#9143 = CARTESIAN_POINT('',(-64.85948940134,58.765050962053,
    6.698772139537));
#9144 = CARTESIAN_POINT('',(-64.79835231859,58.723502243519,
    6.647973221178));
#9145 = CARTESIAN_POINT('',(-64.77371541912,58.705861811286,
    6.626543994839));
#9146 = CARTESIAN_POINT('',(-64.74963138516,58.687718064796,
    6.604651734903));
#9147 = CARTESIAN_POINT('',(-64.72610032178,58.669087721138,
    6.582329920775));
#9148 = CARTESIAN_POINT('',(-64.70312195548,58.649985714403,
    6.559609140267));
#9149 = CARTESIAN_POINT('',(-64.61802339092,58.575761679161,
    6.471984409687));
#9150 = CARTESIAN_POINT('',(-64.55965122185,58.517507175853,
    6.404540316052));
#9151 = CARTESIAN_POINT('',(-64.50558447425,58.455957730039,
    6.334801986852));
#9152 = CARTESIAN_POINT('',(-64.45584210573,58.391330000613,
    6.263247371538));
#9153 = CARTESIAN_POINT('',(-64.41047952561,58.323780361797,
    6.190250594485));
#9154 = CARTESIAN_POINT('',(-64.30721869949,58.146011941999,
    6.002939190374));
#9155 = CARTESIAN_POINT('',(-64.25523164645,58.031937787298,
    5.886985293716));
#9156 = CARTESIAN_POINT('',(-64.21427958702,57.911887416749,
    5.769652312126));
#9157 = CARTESIAN_POINT('',(-64.18517570426,57.786549176037,
    5.652123164716));
#9158 = CARTESIAN_POINT('',(-64.16894222731,57.656728098665,
    5.535494000224));
#9159 = CARTESIAN_POINT('',(-64.16684971652,57.523433489369,
    5.420764185532));
#9160 = CARTESIAN_POINT('',(-64.1668479808,57.523322292272,
    5.420668478976));
#9161 = CARTESIAN_POINT('',(-64.16684625494,57.523211093045,
    5.420572773994));
#9162 = CARTESIAN_POINT('',(-64.16684453894,57.523099891689,
    5.420477070587));
#9163 = CARTESIAN_POINT('',(-64.16684283281,57.522988688203,
    5.420381368756));
#9164 = CARTESIAN_POINT('',(-64.16683944043,57.522766286861,
    5.420189976753));
#9165 = CARTESIAN_POINT('',(-64.16683775418,57.522655089004,
    5.420094286581));
#9166 = CARTESIAN_POINT('',(-64.16683607779,57.52254388902,
    5.419998597985));
#9167 = CARTESIAN_POINT('',(-64.16683441126,57.522432686911,
    5.419902910968));
#9168 = CARTESIAN_POINT('',(-64.1668327546,57.522321482677,5.41980722553
    ));
#9169 = CARTESIAN_POINT('',(-64.16682946115,57.522099079847,
    5.419615866318));
#9170 = CARTESIAN_POINT('',(-64.16682782436,57.521987881252,
    5.419520192545));
#9171 = CARTESIAN_POINT('',(-64.16682619744,57.521876680534,
    5.419424520352));
#9172 = CARTESIAN_POINT('',(-64.16682458038,57.521765477694,
    5.41932884974));
#9173 = CARTESIAN_POINT('',(-64.16682297319,57.521654272733,
    5.419233180709));
#9174 = CARTESIAN_POINT('',(-64.16681977868,57.521431868461,
    5.419041854321));
#9175 = CARTESIAN_POINT('',(-64.16681819136,57.521320669148,
    5.418946196962));
#9176 = CARTESIAN_POINT('',(-64.16681661391,57.521209467718,
    5.418850541186));
#9177 = CARTESIAN_POINT('',(-64.16681504632,57.52109826417,
    5.418754886994));
#9178 = CARTESIAN_POINT('',(-64.1668134886,57.520987058505,
    5.418659234388));
#9179 = CARTESIAN_POINT('',(-64.1668104464,57.520768487078,
    5.418471238729));
#9180 = CARTESIAN_POINT('',(-64.16680896124,57.52066112146,
    5.418378895568));
#9181 = CARTESIAN_POINT('',(-64.16680748529,57.520553753871,
    5.418286553887));
#9182 = CARTESIAN_POINT('',(-64.16680601853,57.520446384311,
    5.418194213684));
#9183 = CARTESIAN_POINT('',(-64.16680456097,57.520339012782,
    5.418101874963));
#9184 = CARTESIAN_POINT('',(-64.1668017161,57.520128109287,5.41792050575
    ));
#9185 = CARTESIAN_POINT('',(-64.16680032813,57.520024577459,
    5.417831475155));
#9186 = CARTESIAN_POINT('',(-64.16679894872,57.519921043802,
    5.417742445937));
#9187 = CARTESIAN_POINT('',(-64.16679757787,57.519817508316,
    5.417653418098));
#9188 = CARTESIAN_POINT('',(-64.16679621557,57.519713971002,
    5.417564391637));
#9189 = CARTESIAN_POINT('',(-64.16679340792,57.519499232705,
    5.417379755238));
#9190 = CARTESIAN_POINT('',(-64.16679196389,57.519388031441,
    5.417284145511));
#9191 = CARTESIAN_POINT('',(-64.16679052972,57.51927682807,
    5.417188537376));
#9192 = CARTESIAN_POINT('',(-64.16678910543,57.519165622594,
    5.417092930835));
#9193 = CARTESIAN_POINT('',(-64.166787691,57.519054415013,5.416997325887
    ));
#9194 = CARTESIAN_POINT('',(-64.16678497886,57.51883967417,
    5.416812720161));
#9195 = CARTESIAN_POINT('',(-64.16678367984,57.518736141189,
    5.416723719171));
#9196 = CARTESIAN_POINT('',(-64.16678238937,57.518632606385,
    5.416634719564));
#9197 = CARTESIAN_POINT('',(-64.16678110745,57.51852906976,5.41654572134
    ));
#9198 = CARTESIAN_POINT('',(-64.16677983409,57.518425531313,5.4164567245
    ));
#9199 = CARTESIAN_POINT('',(-64.16677721091,57.518210790683,
    5.416272149548));
#9200 = CARTESIAN_POINT('',(-64.16677586241,57.518099588221,
    5.416176571647));
#9201 = CARTESIAN_POINT('',(-64.16677452377,57.51798838366,
    5.416080995344));
#9202 = CARTESIAN_POINT('',(-64.166773195,57.517877177,5.41598542064));
#9203 = CARTESIAN_POINT('',(-64.1667718761,57.517765968244,
    5.415889847536));
#9204 = CARTESIAN_POINT('',(-64.16676925817,57.517543556437,
    5.415698713036));
#9205 = CARTESIAN_POINT('',(-64.16676795913,57.517432353387,
    5.415603151639));
#9206 = CARTESIAN_POINT('',(-64.16676666997,57.517321148241,
    5.415507591843));
#9207 = CARTESIAN_POINT('',(-64.16676539067,57.517209941002,
    5.41541203365));
#9208 = CARTESIAN_POINT('',(-64.16676412125,57.517098731669,
    5.415316477059));
#9209 = CARTESIAN_POINT('',(-64.16676160226,57.51687631872,
    5.415125375591));
#9210 = CARTESIAN_POINT('',(-64.16676035269,57.516765115103,
    5.415029830713));
#9211 = CARTESIAN_POINT('',(-64.16675911299,57.516653909395,
    5.41493428744));
#9212 = CARTESIAN_POINT('',(-64.16675788316,57.516542701597,
    5.414838745771));
#9213 = CARTESIAN_POINT('',(-64.16675666321,57.516431491711,
    5.414743205709));
#9214 = CARTESIAN_POINT('',(-64.16675424316,57.516209077662,
    5.414552137304));
#9215 = CARTESIAN_POINT('',(-64.16675304306,57.516097873501,
    5.414456608961));
#9216 = CARTESIAN_POINT('',(-64.16675185284,57.515986667253,
    5.414361082225));
#9217 = CARTESIAN_POINT('',(-64.16675067248,57.515875458919,
    5.414265557097));
#9218 = CARTESIAN_POINT('',(-64.166749502,57.5157642485,5.414170033578)
  );
#9219 = CARTESIAN_POINT('',(-64.1667471809,57.515541833397,
    5.413978998267));
#9220 = CARTESIAN_POINT('',(-64.16674603027,57.515430628714,
    5.413883486473));
#9221 = CARTESIAN_POINT('',(-64.16674488951,57.515319421947,
    5.41378797629));
#9222 = CARTESIAN_POINT('',(-64.16674375863,57.515208213099,
    5.413692467719));
#9223 = CARTESIAN_POINT('',(-64.16674263762,57.51509700217,
    5.413596960759));
#9224 = CARTESIAN_POINT('',(-64.16674041546,57.514874586057,
    5.413405958571));
#9225 = CARTESIAN_POINT('',(-64.1667393143,57.514763380873,
    5.413310463343));
#9226 = CARTESIAN_POINT('',(-64.16673822301,57.51465217361,
    5.413214969728));
#9227 = CARTESIAN_POINT('',(-64.1667371416,57.51454096427,5.413119477728
    ));
#9228 = CARTESIAN_POINT('',(-64.16673607007,57.514429752852,
    5.413023987343));
#9229 = CARTESIAN_POINT('',(-64.16673394685,57.514207335772,
    5.41283301831));
#9230 = CARTESIAN_POINT('',(-64.16673289516,57.51409613011,
    5.412737539662));
#9231 = CARTESIAN_POINT('',(-64.16673185334,57.513984922373,
    5.41264206263));
#9232 = CARTESIAN_POINT('',(-64.1667308214,57.513873712563,
    5.412546587217));
#9233 = CARTESIAN_POINT('',(-64.16672979934,57.513762500679,
    5.412451113421));
#9234 = CARTESIAN_POINT('',(-64.16672777506,57.513540082677,
    5.412260177573));
#9235 = CARTESIAN_POINT('',(-64.16672677285,57.513428876558,
    5.412164715521));
#9236 = CARTESIAN_POINT('',(-64.1667257805,57.513317668369,
    5.412069255088));
#9237 = CARTESIAN_POINT('',(-64.16672479804,57.51320645811,
    5.411973796276));
#9238 = CARTESIAN_POINT('',(-64.16672382545,57.513095245782,
    5.411878339085));
#9239 = CARTESIAN_POINT('',(-64.16672193331,57.512876661374,
    5.411690727589));
#9240 = CARTESIAN_POINT('',(-64.16672101308,57.512769289433,
    5.411598573174));
#9241 = CARTESIAN_POINT('',(-64.16672010206,57.512661915566,
    5.411506420272));
#9242 = CARTESIAN_POINT('',(-64.16671920026,57.512554539774,
    5.411414268883));
#9243 = CARTESIAN_POINT('',(-64.16671830766,57.512447162056,
    5.411322119009));
#9244 = CARTESIAN_POINT('',(-64.16671660404,57.512240081021,
    5.411144411415));
#9245 = CARTESIAN_POINT('',(-64.16671579176,57.512140377969,
    5.411058853487));
#9246 = CARTESIAN_POINT('',(-64.16671498741,57.512040673259,
    5.410973296865));
#9247 = CARTESIAN_POINT('',(-64.16671419101,57.511940966891,
    5.410887741551));
#9248 = CARTESIAN_POINT('',(-64.16671340255,57.511841258867,
    5.410802187544));
#9249 = CARTESIAN_POINT('',(-64.16671178153,57.511634178441,
    5.410624508817));
#9250 = CARTESIAN_POINT('',(-64.16671095025,57.511526805776,
    5.410532384305));
#9251 = CARTESIAN_POINT('',(-64.16671012818,57.511419431192,
    5.410440261311));
#9252 = CARTESIAN_POINT('',(-64.16670931531,57.511312054689,
    5.410348139836));
#9253 = CARTESIAN_POINT('',(-64.16670851166,57.511204676268,
    5.410256019881));
#9254 = CARTESIAN_POINT('',(-64.16670689447,57.510986090324,
    5.410068501424));
#9255 = CARTESIAN_POINT('',(-64.16670608161,57.510874882662,
    5.409973103034));
#9256 = CARTESIAN_POINT('',(-64.16670527862,57.510763672945,
    5.409877706275));
#9257 = CARTESIAN_POINT('',(-64.16670448552,57.510652461174,
    5.409782311148));
#9258 = CARTESIAN_POINT('',(-64.16670370229,57.51054124735,
    5.409686917654));
#9259 = CARTESIAN_POINT('',(-64.16670218234,57.510322660036,
    5.409499431379));
#9260 = CARTESIAN_POINT('',(-64.16670144494,57.510215286686,
    5.409407338487));
#9261 = CARTESIAN_POINT('',(-64.16670071675,57.510107911424,
    5.409315247118));
#9262 = CARTESIAN_POINT('',(-64.16669999778,57.510000534251,
    5.409223157274));
#9263 = CARTESIAN_POINT('',(-64.16669928801,57.509893155168,
    5.409131068955));
#9264 = CARTESIAN_POINT('',(-64.16669786195,57.509674567894,
    5.408943614912));
#9265 = CARTESIAN_POINT('',(-64.16669714632,57.509563359564,5.4088482493
    ));
#9266 = CARTESIAN_POINT('',(-64.16669644058,57.509452149188,
    5.408752885325));
#9267 = CARTESIAN_POINT('',(-64.16669574471,57.509340936765,
    5.408657522988));
#9268 = CARTESIAN_POINT('',(-64.16669505873,57.509229722298,
    5.40856216229));
#9269 = CARTESIAN_POINT('',(-64.16669372991,57.509011133739,
    5.408374740487));
#9270 = CARTESIAN_POINT('',(-64.16669308639,57.508903759786,
    5.408282679271));
#9271 = CARTESIAN_POINT('',(-64.16669245209,57.508796383929,
    5.408190619584));
#9272 = CARTESIAN_POINT('',(-64.166691827,57.508689006168,5.408098561428
    ));
#9273 = CARTESIAN_POINT('',(-64.16669121112,57.508581626504,
    5.408006504801));
#9274 = CARTESIAN_POINT('',(-64.16668997619,57.508363038067,
    5.407819115288));
#9275 = CARTESIAN_POINT('',(-64.1666893578,57.508251829155,
    5.407723782512));
#9276 = CARTESIAN_POINT('',(-64.16668874929,57.508140618204,
    5.40762845138));
#9277 = CARTESIAN_POINT('',(-64.16668815067,57.508029405216,
    5.407533121891));
#9278 = CARTESIAN_POINT('',(-64.16668756193,57.50791819019,
    5.407437794048));
#9279 = CARTESIAN_POINT('',(-64.16668640427,57.507695765989,
    5.407247150158));
#9280 = CARTESIAN_POINT('',(-64.16668583536,57.507584556813,
    5.407151834111));
#9281 = CARTESIAN_POINT('',(-64.16668527632,57.507473345603,
    5.40705651971));
#9282 = CARTESIAN_POINT('',(-64.16668472717,57.507362132359,
    5.406961206956));
#9283 = CARTESIAN_POINT('',(-64.16668418791,57.507250917082,
    5.406865895851));
#9284 = CARTESIAN_POINT('',(-64.16668318395,57.50703999614,
    5.406685143767));
#9285 = CARTESIAN_POINT('',(-64.16668271733,57.506940290873,
    5.406599702465));
#9286 = CARTESIAN_POINT('',(-64.16668225864,57.506840583974,
    5.406514262489));
#9287 = CARTESIAN_POINT('',(-64.1666818079,57.506740875444,5.40642882384
    ));
#9288 = CARTESIAN_POINT('',(-64.16668136511,57.506641165282,
    5.406343386517));
#9289 = CARTESIAN_POINT('',(-64.16668044529,57.506430245904,
    5.406162664592));
#9290 = CARTESIAN_POINT('',(-64.1666799702,57.506319036289,
    5.406067380313));
#9291 = CARTESIAN_POINT('',(-64.16667950499,57.506207824647,
    5.405972097687));
#9292 = CARTESIAN_POINT('',(-64.16667904967,57.506096610979,
    5.405876816714));
#9293 = CARTESIAN_POINT('',(-64.16667860424,57.505985395285,
    5.405781537394));
#9294 = CARTESIAN_POINT('',(-64.1666777482,57.505766804363,
    5.405594275571));
#9295 = CARTESIAN_POINT('',(-64.16667733693,57.505659429271,
    5.405502292955));
#9296 = CARTESIAN_POINT('',(-64.16667693487,57.505552052294,
    5.405410311882));
#9297 = CARTESIAN_POINT('',(-64.16667654203,57.505444673432,
    5.405318332352));
#9298 = CARTESIAN_POINT('',(-64.16667615841,57.505337292685,
    5.405226354368));
#9299 = CARTESIAN_POINT('',(-64.16667539627,57.505118702088,
    5.405039124973));
#9300 = CARTESIAN_POINT('',(-64.16667501841,57.505007492101,
    5.404943873676));
#9301 = CARTESIAN_POINT('',(-64.16667465045,57.504896280095,
    5.404848624037));
#9302 = CARTESIAN_POINT('',(-64.16667429237,57.504785066071,
    5.404753376057));
#9303 = CARTESIAN_POINT('',(-64.16667394418,57.50467385003,
    5.404658129737));
#9304 = CARTESIAN_POINT('',(-64.16667326761,57.504451423845,
    5.404467648922));
#9305 = CARTESIAN_POINT('',(-64.16667293923,57.504340213701,
    5.404372414426));
#9306 = CARTESIAN_POINT('',(-64.16667262074,57.504229001543,
    5.404277181593));
#9307 = CARTESIAN_POINT('',(-64.16667231213,57.50411778737,
    5.404181950421));
#9308 = CARTESIAN_POINT('',(-64.16667201342,57.504006571185,
    5.404086720912));
#9309 = CARTESIAN_POINT('',(-64.1666714358,57.503784144721,
    5.403896273726));
#9310 = CARTESIAN_POINT('',(-64.16667115689,57.503672934443,
    5.403801056048));
#9311 = CARTESIAN_POINT('',(-64.16667088787,57.503561722154,
    5.403705840035));
#9312 = CARTESIAN_POINT('',(-64.16667062874,57.503450507855,
    5.403610625687));
#9313 = CARTESIAN_POINT('',(-64.1666703795,57.503339291547,
    5.403515413005));
#9314 = CARTESIAN_POINT('',(-64.16666990083,57.503116864848,
    5.403324999478));
#9315 = CARTESIAN_POINT('',(-64.16666967139,57.503005654457,
    5.403229798632));
#9316 = CARTESIAN_POINT('',(-64.16666945184,57.50289444206,
    5.403134599454));
#9317 = CARTESIAN_POINT('',(-64.16666924219,57.502783227656,
    5.403039401945));
#9318 = CARTESIAN_POINT('',(-64.16666904242,57.502672011248,
    5.402944206105));
#9319 = CARTESIAN_POINT('',(-64.1666686627,57.502449584358,
    5.402753826267));
#9320 = CARTESIAN_POINT('',(-64.16666848273,57.502338373877,
    5.402658642269));
#9321 = CARTESIAN_POINT('',(-64.16666831266,57.502227161393,
    5.402563459942));
#9322 = CARTESIAN_POINT('',(-64.16666815248,57.502115946907,
    5.402468279286));
#9323 = CARTESIAN_POINT('',(-64.16666800219,57.502004730421,
    5.402373100302));
#9324 = CARTESIAN_POINT('',(-64.16666772141,57.501782303384,
    5.402182754183));
#9325 = CARTESIAN_POINT('',(-64.16666759092,57.501671092834,
    5.402087587048));
#9326 = CARTESIAN_POINT('',(-64.16666747032,57.501559880285,
    5.401992421586));
#9327 = CARTESIAN_POINT('',(-64.16666735961,57.501448665739,
    5.401897257799));
#9328 = CARTESIAN_POINT('',(-64.1666672588,57.501337449197,
    5.401802095687));
#9329 = CARTESIAN_POINT('',(-64.16666707696,57.501115022057,
    5.401611783318));
#9330 = CARTESIAN_POINT('',(-64.16666699595,57.50100381146,
    5.401516633061));
#9331 = CARTESIAN_POINT('',(-64.16666692482,57.500892598869,
    5.40142148448));
#9332 = CARTESIAN_POINT('',(-64.16666686359,57.500781384285,
    5.401326337576));
#9333 = CARTESIAN_POINT('',(-64.16666681225,57.500670167708,
    5.401231192351));
#9334 = CARTESIAN_POINT('',(-64.16666673609,57.50046579444,5.40105635826
    ));
#9335 = CARTESIAN_POINT('',(-64.16666670832,57.500372638344,
    5.400976668893));
#9336 = CARTESIAN_POINT('',(-64.16666668749,57.500279480852,
    5.400896980704));
#9337 = CARTESIAN_POINT('',(-64.16666667361,57.500186321963,
    5.400817293695));
#9338 = CARTESIAN_POINT('',(-64.16666666666,57.500093161679,
    5.400737607865));
#9339 = CARTESIAN_POINT('',(-64.16666666666,57.5,5.400657923215));
#9340 = ORIENTED_EDGE('',*,*,#9341,.F.);
#9341 = EDGE_CURVE('',#1667,#9085,#9342,.T.);
#9342 = LINE('',#9343,#9344);
#9343 = CARTESIAN_POINT('',(-64.16666666666,57.5,0.));
#9344 = VECTOR('',#9345,1.);
#9345 = DIRECTION('',(0.,0.,1.));
#9346 = CYLINDRICAL_SURFACE('',#9347,1.5);
#9347 = AXIS2_PLACEMENT_3D('',#9348,#9349,#9350);
#9348 = CARTESIAN_POINT('',(-65.66666666666,57.5,0.));
#9349 = DIRECTION('',(0.,0.,-1.));
#9350 = DIRECTION('',(-1.,0.,0.));
#9351 = ADVANCED_FACE('',(#9352),#9371,.F.);
#9352 = FACE_BOUND('',#9353,.F.);
#9353 = EDGE_LOOP('',(#9354,#9355,#9363,#9370));
#9354 = ORIENTED_EDGE('',*,*,#1683,.F.);
#9355 = ORIENTED_EDGE('',*,*,#9356,.T.);
#9356 = EDGE_CURVE('',#1676,#9357,#9359,.T.);
#9357 = VERTEX_POINT('',#9358);
#9358 = CARTESIAN_POINT('',(-64.16666666666,31.5,3.));
#9359 = LINE('',#9360,#9361);
#9360 = CARTESIAN_POINT('',(-64.16666666666,31.5,0.));
#9361 = VECTOR('',#9362,1.);
#9362 = DIRECTION('',(0.,0.,1.));
#9363 = ORIENTED_EDGE('',*,*,#9364,.F.);
#9364 = EDGE_CURVE('',#9061,#9357,#9365,.T.);
#9365 = CIRCLE('',#9366,1.5);
#9366 = AXIS2_PLACEMENT_3D('',#9367,#9368,#9369);
#9367 = CARTESIAN_POINT('',(-65.66666666666,31.5,3.));
#9368 = DIRECTION('',(0.,0.,1.));
#9369 = DIRECTION('',(-1.,0.,0.));
#9370 = ORIENTED_EDGE('',*,*,#9068,.F.);
#9371 = CYLINDRICAL_SURFACE('',#9372,1.5);
#9372 = AXIS2_PLACEMENT_3D('',#9373,#9374,#9375);
#9373 = CARTESIAN_POINT('',(-65.66666666666,31.5,0.));
#9374 = DIRECTION('',(0.,0.,-1.));
#9375 = DIRECTION('',(-1.,0.,0.));
#9376 = ADVANCED_FACE('',(#9377),#9397,.T.);
#9377 = FACE_BOUND('',#9378,.F.);
#9378 = EDGE_LOOP('',(#9379,#9380,#9381,#9390,#9396));
#9379 = ORIENTED_EDGE('',*,*,#1675,.F.);
#9380 = ORIENTED_EDGE('',*,*,#9341,.T.);
#9381 = ORIENTED_EDGE('',*,*,#9382,.F.);
#9382 = EDGE_CURVE('',#9383,#9085,#9385,.T.);
#9383 = VERTEX_POINT('',#9384);
#9384 = CARTESIAN_POINT('',(-64.16666666666,51.,3.));
#9385 = CIRCLE('',#9386,10.);
#9386 = AXIS2_PLACEMENT_3D('',#9387,#9388,#9389);
#9387 = CARTESIAN_POINT('',(-64.16666666666,51.,13.));
#9388 = DIRECTION('',(1.,0.,0.));
#9389 = DIRECTION('',(0.,1.,0.));
#9390 = ORIENTED_EDGE('',*,*,#9391,.F.);
#9391 = EDGE_CURVE('',#9357,#9383,#9392,.T.);
#9392 = LINE('',#9393,#9394);
#9393 = CARTESIAN_POINT('',(-64.16666666666,46.374236596195,3.));
#9394 = VECTOR('',#9395,1.);
#9395 = DIRECTION('',(0.,1.,0.));
#9396 = ORIENTED_EDGE('',*,*,#9356,.F.);
#9397 = PLANE('',#9398);
#9398 = AXIS2_PLACEMENT_3D('',#9399,#9400,#9401);
#9399 = CARTESIAN_POINT('',(-64.16666666666,57.5,0.));
#9400 = DIRECTION('',(-1.,-0.,-0.));
#9401 = DIRECTION('',(0.,1.,0.));
#9402 = ADVANCED_FACE('',(#9403),#9437,.F.);
#9403 = FACE_BOUND('',#9404,.T.);
#9404 = EDGE_LOOP('',(#9405,#9406,#9414,#9423,#9431));
#9405 = ORIENTED_EDGE('',*,*,#1692,.F.);
#9406 = ORIENTED_EDGE('',*,*,#9407,.T.);
#9407 = EDGE_CURVE('',#1693,#9408,#9410,.T.);
#9408 = VERTEX_POINT('',#9409);
#9409 = CARTESIAN_POINT('',(-54.75,57.5,5.400657923215));
#9410 = LINE('',#9411,#9412);
#9411 = CARTESIAN_POINT('',(-54.75,57.5,0.));
#9412 = VECTOR('',#9413,1.);
#9413 = DIRECTION('',(0.,0.,1.));
#9414 = ORIENTED_EDGE('',*,*,#9415,.F.);
#9415 = EDGE_CURVE('',#9416,#9408,#9418,.T.);
#9416 = VERTEX_POINT('',#9417);
#9417 = CARTESIAN_POINT('',(-54.75,51.,3.));
#9418 = CIRCLE('',#9419,10.);
#9419 = AXIS2_PLACEMENT_3D('',#9420,#9421,#9422);
#9420 = CARTESIAN_POINT('',(-54.75,51.,13.));
#9421 = DIRECTION('',(1.,0.,0.));
#9422 = DIRECTION('',(0.,1.,0.));
#9423 = ORIENTED_EDGE('',*,*,#9424,.F.);
#9424 = EDGE_CURVE('',#9425,#9416,#9427,.T.);
#9425 = VERTEX_POINT('',#9426);
#9426 = CARTESIAN_POINT('',(-54.75,31.5,3.));
#9427 = LINE('',#9428,#9429);
#9428 = CARTESIAN_POINT('',(-54.75,46.374236596195,3.));
#9429 = VECTOR('',#9430,1.);
#9430 = DIRECTION('',(0.,1.,0.));
#9431 = ORIENTED_EDGE('',*,*,#9432,.F.);
#9432 = EDGE_CURVE('',#1695,#9425,#9433,.T.);
#9433 = LINE('',#9434,#9435);
#9434 = CARTESIAN_POINT('',(-54.75,31.5,0.));
#9435 = VECTOR('',#9436,1.);
#9436 = DIRECTION('',(0.,0.,1.));
#9437 = PLANE('',#9438);
#9438 = AXIS2_PLACEMENT_3D('',#9439,#9440,#9441);
#9439 = CARTESIAN_POINT('',(-54.75,57.5,0.));
#9440 = DIRECTION('',(-1.,-0.,-0.));
#9441 = DIRECTION('',(0.,1.,0.));
#9442 = ADVANCED_FACE('',(#9443),#9710,.F.);
#9443 = FACE_BOUND('',#9444,.F.);
#9444 = EDGE_LOOP('',(#9445,#9446,#9447,#9704));
#9445 = ORIENTED_EDGE('',*,*,#1702,.F.);
#9446 = ORIENTED_EDGE('',*,*,#9407,.T.);
#9447 = ORIENTED_EDGE('',*,*,#9448,.T.);
#9448 = EDGE_CURVE('',#9408,#9449,#9451,.T.);
#9449 = VERTEX_POINT('',#9450);
#9450 = CARTESIAN_POINT('',(-51.75,57.5,5.400657923215));
#9451 = B_SPLINE_CURVE_WITH_KNOTS('',6,(#9452,#9453,#9454,#9455,#9456,
    #9457,#9458,#9459,#9460,#9461,#9462,#9463,#9464,#9465,#9466,#9467,
    #9468,#9469,#9470,#9471,#9472,#9473,#9474,#9475,#9476,#9477,#9478,
    #9479,#9480,#9481,#9482,#9483,#9484,#9485,#9486,#9487,#9488,#9489,
    #9490,#9491,#9492,#9493,#9494,#9495,#9496,#9497,#9498,#9499,#9500,
    #9501,#9502,#9503,#9504,#9505,#9506,#9507,#9508,#9509,#9510,#9511,
    #9512,#9513,#9514,#9515,#9516,#9517,#9518,#9519,#9520,#9521,#9522,
    #9523,#9524,#9525,#9526,#9527,#9528,#9529,#9530,#9531,#9532,#9533,
    #9534,#9535,#9536,#9537,#9538,#9539,#9540,#9541,#9542,#9543,#9544,
    #9545,#9546,#9547,#9548,#9549,#9550,#9551,#9552,#9553,#9554,#9555,
    #9556,#9557,#9558,#9559,#9560,#9561,#9562,#9563,#9564,#9565,#9566,
    #9567,#9568,#9569,#9570,#9571,#9572,#9573,#9574,#9575,#9576,#9577,
    #9578,#9579,#9580,#9581,#9582,#9583,#9584,#9585,#9586,#9587,#9588,
    #9589,#9590,#9591,#9592,#9593,#9594,#9595,#9596,#9597,#9598,#9599,
    #9600,#9601,#9602,#9603,#9604,#9605,#9606,#9607,#9608,#9609,#9610,
    #9611,#9612,#9613,#9614,#9615,#9616,#9617,#9618,#9619,#9620,#9621,
    #9622,#9623,#9624,#9625,#9626,#9627,#9628,#9629,#9630,#9631,#9632,
    #9633,#9634,#9635,#9636,#9637,#9638,#9639,#9640,#9641,#9642,#9643,
    #9644,#9645,#9646,#9647,#9648,#9649,#9650,#9651,#9652,#9653,#9654,
    #9655,#9656,#9657,#9658,#9659,#9660,#9661,#9662,#9663,#9664,#9665,
    #9666,#9667,#9668,#9669,#9670,#9671,#9672,#9673,#9674,#9675,#9676,
    #9677,#9678,#9679,#9680,#9681,#9682,#9683,#9684,#9685,#9686,#9687,
    #9688,#9689,#9690,#9691,#9692,#9693,#9694,#9695,#9696,#9697,#9698,
    #9699,#9700,#9701,#9702,#9703),.UNSPECIFIED.,.F.,.F.,(7,5,5,5,5,5,5,
    5,5,5,5,5,5,5,5,5,5,5,5,5,5,5,5,5,5,5,5,5,5,5,5,5,5,5,5,5,5,5,5,5,5,
    5,5,5,5,5,5,5,5,5,7),(0.,5.753599190385E-02,0.172058469685,
    0.28193877157,0.322083558076,0.377005856829,0.422425985104,
    0.448500375069,0.499775886067,0.577062309099,0.623104553839,
    0.679053197691,0.718257425423,0.827816934286,0.995079904921,
    0.995219552941,0.995359188549,0.995498811744,0.995638422525,
    0.995758766681,0.995883914816,0.996023491345,0.996158243107,
    0.996297795227,0.996437334926,0.996576862205,0.996711566411,
    0.996851069272,0.99699055971,0.997120418948,0.997259885392,
    0.997394530856,0.997533972874,0.997673402463,0.997812819623,
    0.997952224352,0.998077197334,0.998216578487,0.998351141596,
    0.998490498312,0.998625037825,0.998759565745,0.998898886014,
    0.999033390334,0.999172686158,0.999307166875,0.999446438251,
    0.999585697188,0.999724943685,0.999864177742,1.),.UNSPECIFIED.);
#9452 = CARTESIAN_POINT('',(-54.75,57.5,5.400657923215));
#9453 = CARTESIAN_POINT('',(-54.75,57.54596396309,5.439972610864));
#9454 = CARTESIAN_POINT('',(-54.74830986068,57.591581783071,
    5.479568973514));
#9455 = CARTESIAN_POINT('',(-54.74497726903,57.636795642043,
    5.519394507214));
#9456 = CARTESIAN_POINT('',(-54.7400493316,57.681551445373,
    5.559395420116));
#9457 = CARTESIAN_POINT('',(-54.7335725745,57.725798821691,
    5.599516632467));
#9458 = CARTESIAN_POINT('',(-54.70970989191,57.856458435482,
    5.719688270739));
#9459 = CARTESIAN_POINT('',(-54.68787741112,57.941200167192,
    5.799904249961));
#9460 = CARTESIAN_POINT('',(-54.66044288851,58.023468267182,
    5.880013305753));
#9461 = CARTESIAN_POINT('',(-54.62768833873,58.103055011815,
    5.959672018214));
#9462 = CARTESIAN_POINT('',(-54.58983870505,58.179766858529,
    6.038506722413));
#9463 = CARTESIAN_POINT('',(-54.50603524216,58.324045085766,
    6.190528972833));
#9464 = CARTESIAN_POINT('',(-54.46046885751,58.391861811275,
    6.263821682497));
#9465 = CARTESIAN_POINT('',(-54.41048710698,58.456732059554,
    6.335659107599));
#9466 = CARTESIAN_POINT('',(-54.35614574446,58.518497477669,
    6.405662357417));
#9467 = CARTESIAN_POINT('',(-54.29746356896,58.576938271226,
    6.473346776265));
#9468 = CARTESIAN_POINT('',(-54.21142226937,58.651780524836,
    6.561738176366));
#9469 = CARTESIAN_POINT('',(-54.18781846441,58.671324821817,
    6.584999052194));
#9470 = CARTESIAN_POINT('',(-54.1636337409,58.690372323871,
    6.607838417712));
#9471 = CARTESIAN_POINT('',(-54.13886782768,58.708906823363,
    6.630223127715));
#9472 = CARTESIAN_POINT('',(-54.11352084255,58.726910171259,
    6.652116874699));
#9473 = CARTESIAN_POINT('',(-54.05212167104,58.768238597196,
    6.702707454094));
#9474 = CARTESIAN_POINT('',(-54.01555570584,58.791088283314,
    6.730948376223));
#9475 = CARTESIAN_POINT('',(-53.97790631272,58.812852568148,
    6.75809247311));
#9476 = CARTESIAN_POINT('',(-53.93918614874,58.833469023447,
    6.784022240316));
#9477 = CARTESIAN_POINT('',(-53.89940961201,58.852871560031,
    6.808613151095));
#9478 = CARTESIAN_POINT('',(-53.82483782796,58.885974529271,
    6.85085405632));
#9479 = CARTESIAN_POINT('',(-53.79036767873,58.900082100805,
    6.868971039327));
#9480 = CARTESIAN_POINT('',(-53.75521453742,58.913263257138,
    6.88599655605));
#9481 = CARTESIAN_POINT('',(-53.71941142585,58.925470572329,
    6.901846050995));
#9482 = CARTESIAN_POINT('',(-53.68299224426,58.936659079752,
    6.916438462543));
#9483 = CARTESIAN_POINT('',(-53.62475086331,58.952600002089,
    6.937307122078));
#9484 = CARTESIAN_POINT('',(-53.60332270079,58.958062788395,
    6.944476745087));
#9485 = CARTESIAN_POINT('',(-53.58171716497,58.963165738894,
    6.951189387341));
#9486 = CARTESIAN_POINT('',(-53.55994562396,58.967900447141,
    6.957430250689));
#9487 = CARTESIAN_POINT('',(-53.53802093265,58.972258992361,
    6.963185443455));
#9488 = CARTESIAN_POINT('',(-53.47256937136,58.984050706901,
    6.97877900542));
#9489 = CARTESIAN_POINT('',(-53.42862491802,58.99038775641,
    6.987192698199));
#9490 = CARTESIAN_POINT('',(-53.38425969186,58.995182440146,
    6.993576481632));
#9491 = CARTESIAN_POINT('',(-53.3396098717,58.998393517248,
    6.997858080782));
#9492 = CARTESIAN_POINT('',(-53.29481153551,59.,7.));
#9493 = CARTESIAN_POINT('',(-53.18245658164,59.,7.));
#9494 = CARTESIAN_POINT('',(-53.11500537363,58.99635005889,
    6.995133965301));
#9495 = CARTESIAN_POINT('',(-53.0480629105,58.98907005705,6.985425719232
    ));
#9496 = CARTESIAN_POINT('',(-52.98204999984,58.978259776521,
    6.971059931444));
#9497 = CARTESIAN_POINT('',(-52.91738724151,58.964110764741,
    6.952377166869));
#9498 = CARTESIAN_POINT('',(-52.81702077024,58.936675980789,
    6.916459987899));
#9499 = CARTESIAN_POINT('',(-52.78014664004,58.925345353779,
    6.90168210344));
#9500 = CARTESIAN_POINT('',(-52.74390422287,58.912970416318,
    6.885615770044));
#9501 = CARTESIAN_POINT('',(-52.70832864584,58.899597836451,
    6.868345121313));
#9502 = CARTESIAN_POINT('',(-52.67345409662,58.885276851189,
    6.849957935726));
#9503 = CARTESIAN_POINT('',(-52.59782796633,58.851567482926,
    6.80695660847));
#9504 = CARTESIAN_POINT('',(-52.55742029741,58.831749482796,
    6.781850273102));
#9505 = CARTESIAN_POINT('',(-52.51810737074,58.810678547072,
    6.755364929047));
#9506 = CARTESIAN_POINT('',(-52.47990389694,58.788423951743,
    6.727631222354));
#9507 = CARTESIAN_POINT('',(-52.44282274318,58.765050967834,
    6.698772146606));
#9508 = CARTESIAN_POINT('',(-52.38168565192,58.723502243519,
    6.647973221178));
#9509 = CARTESIAN_POINT('',(-52.35704875245,58.705861811286,
    6.626543994839));
#9510 = CARTESIAN_POINT('',(-52.33296471849,58.687718064796,
    6.604651734903));
#9511 = CARTESIAN_POINT('',(-52.30943365511,58.669087721138,
    6.582329920775));
#9512 = CARTESIAN_POINT('',(-52.28645528881,58.649985714403,
    6.559609140267));
#9513 = CARTESIAN_POINT('',(-52.20135672798,58.575761682409,
    6.471984413521));
#9514 = CARTESIAN_POINT('',(-52.1429845501,58.51750717,6.404540309499));
#9515 = CARTESIAN_POINT('',(-52.08891780696,58.455957730444,
    6.334801987086));
#9516 = CARTESIAN_POINT('',(-52.03917544384,58.391330006652,
    6.263247378195));
#9517 = CARTESIAN_POINT('',(-51.99381285655,58.323780357665,
    6.19025059013));
#9518 = CARTESIAN_POINT('',(-51.89055203283,58.146011941999,
    6.002939190374));
#9519 = CARTESIAN_POINT('',(-51.83856497979,58.031937787298,
    5.886985293716));
#9520 = CARTESIAN_POINT('',(-51.79761292036,57.911887416749,
    5.769652312126));
#9521 = CARTESIAN_POINT('',(-51.76850903759,57.786549176037,
    5.652123164716));
#9522 = CARTESIAN_POINT('',(-51.75227556064,57.656728098665,
    5.535494000224));
#9523 = CARTESIAN_POINT('',(-51.75018304985,57.523433489369,
    5.420764185532));
#9524 = CARTESIAN_POINT('',(-51.75018131413,57.523322292272,
    5.420668478976));
#9525 = CARTESIAN_POINT('',(-51.75017958827,57.523211093045,
    5.420572773994));
#9526 = CARTESIAN_POINT('',(-51.75017787228,57.523099891689,
    5.420477070587));
#9527 = CARTESIAN_POINT('',(-51.75017616615,57.522988688203,
    5.420381368756));
#9528 = CARTESIAN_POINT('',(-51.75017277376,57.522766286861,
    5.420189976753));
#9529 = CARTESIAN_POINT('',(-51.75017108751,57.522655089004,
    5.420094286581));
#9530 = CARTESIAN_POINT('',(-51.75016941112,57.52254388902,
    5.419998597985));
#9531 = CARTESIAN_POINT('',(-51.75016774459,57.522432686911,
    5.419902910968));
#9532 = CARTESIAN_POINT('',(-51.75016608793,57.522321482677,
    5.41980722553));
#9533 = CARTESIAN_POINT('',(-51.75016279448,57.522099079847,
    5.419615866318));
#9534 = CARTESIAN_POINT('',(-51.7501611577,57.521987881252,
    5.419520192545));
#9535 = CARTESIAN_POINT('',(-51.75015953077,57.521876680534,
    5.419424520352));
#9536 = CARTESIAN_POINT('',(-51.75015791372,57.521765477694,
    5.41932884974));
#9537 = CARTESIAN_POINT('',(-51.75015630653,57.521654272733,
    5.419233180709));
#9538 = CARTESIAN_POINT('',(-51.75015311202,57.521431868461,
    5.419041854321));
#9539 = CARTESIAN_POINT('',(-51.7501515247,57.521320669148,
    5.418946196962));
#9540 = CARTESIAN_POINT('',(-51.75014994724,57.521209467718,
    5.418850541186));
#9541 = CARTESIAN_POINT('',(-51.75014837965,57.52109826417,
    5.418754886994));
#9542 = CARTESIAN_POINT('',(-51.75014682193,57.520987058505,
    5.418659234388));
#9543 = CARTESIAN_POINT('',(-51.75014393983,57.520779989885,
    5.418481132418));
#9544 = CARTESIAN_POINT('',(-51.75014261292,57.520684127474,
    5.418398682647));
#9545 = CARTESIAN_POINT('',(-51.75014129333,57.520588263491,
    5.418316234054));
#9546 = CARTESIAN_POINT('',(-51.75013998108,57.520492397937,
    5.418233786642));
#9547 = CARTESIAN_POINT('',(-51.75013867616,57.520396530813,
    5.418151340409));
#9548 = CARTESIAN_POINT('',(-51.7501360292,57.520200966475,
    5.417983159207));
#9549 = CARTESIAN_POINT('',(-51.75013468775,57.520101269134,
    5.417897424335));
#9550 = CARTESIAN_POINT('',(-51.75013335423,57.520001570095,
    5.41781169074));
#9551 = CARTESIAN_POINT('',(-51.75013202864,57.51990186936,
    5.417725958423));
#9552 = CARTESIAN_POINT('',(-51.75013071098,57.51980216693,
    5.417640227384));
#9553 = CARTESIAN_POINT('',(-51.75012794053,57.519591263738,
    5.417458884035));
#9554 = CARTESIAN_POINT('',(-51.75012648968,57.519480062563,
    5.417363272037));
#9555 = CARTESIAN_POINT('',(-51.75012504869,57.519368859281,
    5.417267661631));
#9556 = CARTESIAN_POINT('',(-51.75012361757,57.519257653892,
    5.417172052817));
#9557 = CARTESIAN_POINT('',(-51.75012219632,57.519146446398,
    5.417076445597));
#9558 = CARTESIAN_POINT('',(-51.75011942234,57.518927871403,
    5.416888539162));
#9559 = CARTESIAN_POINT('',(-51.75011806895,57.518820504044,
    5.416796239839));
#9560 = CARTESIAN_POINT('',(-51.75011672476,57.518713134725,
    5.416703942002));
#9561 = CARTESIAN_POINT('',(-51.75011538976,57.518605763446,
    5.416611645653));
#9562 = CARTESIAN_POINT('',(-51.75011406397,57.518498390208,
    5.416519350792));
#9563 = CARTESIAN_POINT('',(-51.75011138388,57.518279814712,
    5.416331476216));
#9564 = CARTESIAN_POINT('',(-51.75011003026,57.518168612312,
    5.416235896609));
#9565 = CARTESIAN_POINT('',(-51.7501086865,57.518057407812,5.4161403186)
  );
#9566 = CARTESIAN_POINT('',(-51.75010735262,57.517946201214,
    5.416044742189));
#9567 = CARTESIAN_POINT('',(-51.75010602861,57.517834992519,
    5.415949167378));
#9568 = CARTESIAN_POINT('',(-51.75010340044,57.517612580833,
    5.415758029462));
#9569 = CARTESIAN_POINT('',(-51.75010209628,57.517501377842,
    5.415662466357));
#9570 = CARTESIAN_POINT('',(-51.750100802,57.517390172756,5.415566904853
    ));
#9571 = CARTESIAN_POINT('',(-51.75009951758,57.517278965576,
    5.415471344951));
#9572 = CARTESIAN_POINT('',(-51.75009824304,57.517167756302,
    5.415375786651));
#9573 = CARTESIAN_POINT('',(-51.75009571382,57.516945343468,
    5.415184681764));
#9574 = CARTESIAN_POINT('',(-51.75009445913,57.516834139909,
    5.415089135177));
#9575 = CARTESIAN_POINT('',(-51.75009321431,57.516722934258,
    5.414993590194));
#9576 = CARTESIAN_POINT('',(-51.75009197937,57.516611726517,
    5.414898046815));
#9577 = CARTESIAN_POINT('',(-51.7500907543,57.516500516687,
    5.414802505042));
#9578 = CARTESIAN_POINT('',(-51.75008836591,57.516281937138,
    5.414614727269));
#9579 = CARTESIAN_POINT('',(-51.75008720193,57.516174567561,
    5.414522491159));
#9580 = CARTESIAN_POINT('',(-51.75008604714,57.516067196038,
    5.414430256548));
#9581 = CARTESIAN_POINT('',(-51.75008490156,57.51595982257,
    5.414338023435));
#9582 = CARTESIAN_POINT('',(-51.75008376518,57.515852447159,
    5.414245791822));
#9583 = CARTESIAN_POINT('',(-51.75008147069,57.515633867275,
    5.414058046023));
#9584 = CARTESIAN_POINT('',(-51.75008031323,57.515522662662,
    5.413962531946));
#9585 = CARTESIAN_POINT('',(-51.75007916566,57.515411455966,
    5.413867019479));
#9586 = CARTESIAN_POINT('',(-51.75007802795,57.515300247187,
    5.413771508623));
#9587 = CARTESIAN_POINT('',(-51.75007690012,57.515189036327,
    5.413675999378));
#9588 = CARTESIAN_POINT('',(-51.75007466431,57.514966620351,
    5.41348499262));
#9589 = CARTESIAN_POINT('',(-51.75007355632,57.514855415234,
    5.413389495106));
#9590 = CARTESIAN_POINT('',(-51.75007245821,57.514744208039,
    5.413293999205));
#9591 = CARTESIAN_POINT('',(-51.75007136998,57.514632998765,
    5.413198504918));
#9592 = CARTESIAN_POINT('',(-51.75007029162,57.514521787414,
    5.413103012246));
#9593 = CARTESIAN_POINT('',(-51.75006822843,57.514307039355,
    5.412918623368));
#9594 = CARTESIAN_POINT('',(-51.75006724228,57.514203502924,
    5.412829726948));
#9595 = CARTESIAN_POINT('',(-51.75006626469,57.514099964694,
    5.412740831928));
#9596 = CARTESIAN_POINT('',(-51.75006529567,57.513996424666,
    5.41265193831));
#9597 = CARTESIAN_POINT('',(-51.7500643352,57.513892882841,
    5.412563046094));
#9598 = CARTESIAN_POINT('',(-51.75006236096,57.513678135265,
    5.412378688176));
#9599 = CARTESIAN_POINT('',(-51.75006134851,57.513566929239,
    5.412283222689));
#9600 = CARTESIAN_POINT('',(-51.75006034593,57.513455721142,
    5.412187758821));
#9601 = CARTESIAN_POINT('',(-51.75005935323,57.513344510974,
    5.412092296573));
#9602 = CARTESIAN_POINT('',(-51.75005837041,57.513233298737,
    5.411996835945));
#9603 = CARTESIAN_POINT('',(-51.75005645815,57.513014714503,
    5.411809217693));
#9604 = CARTESIAN_POINT('',(-51.75005552804,57.512907342648,
    5.411717059959));
#9605 = CARTESIAN_POINT('',(-51.75005460714,57.512799968865,
    5.411624903737));
#9606 = CARTESIAN_POINT('',(-51.75005369545,57.512692593156,
    5.411532749027));
#9607 = CARTESIAN_POINT('',(-51.75005279296,57.512585215521,
    5.411440595831));
#9608 = CARTESIAN_POINT('',(-51.75005097459,57.512366631158,
    5.411253009696));
#9609 = CARTESIAN_POINT('',(-51.75005005938,57.512255424291,
    5.411157576866));
#9610 = CARTESIAN_POINT('',(-51.75004915404,57.512144215359,
    5.411062145661));
#9611 = CARTESIAN_POINT('',(-51.75004825857,57.512033004366,
    5.410966716082));
#9612 = CARTESIAN_POINT('',(-51.75004737299,57.51192179131,5.41087128813
    ));
#9613 = CARTESIAN_POINT('',(-51.75004562166,57.511699370991,
    5.410680443985));
#9614 = CARTESIAN_POINT('',(-51.75004475591,57.511588163728,
    5.410585027793));
#9615 = CARTESIAN_POINT('',(-51.75004390004,57.511476954405,
    5.410489613229));
#9616 = CARTESIAN_POINT('',(-51.75004305405,57.511365743024,
    5.410394200294));
#9617 = CARTESIAN_POINT('',(-51.75004221795,57.511254529585,
    5.410298788988));
#9618 = CARTESIAN_POINT('',(-51.75004056556,57.511032108509,
    5.410107978144));
#9619 = CARTESIAN_POINT('',(-51.75003974928,57.510920900871,
    5.410012578604));
#9620 = CARTESIAN_POINT('',(-51.75003894289,57.510809691179,
    5.409917180696));
#9621 = CARTESIAN_POINT('',(-51.75003814637,57.510698479432,
    5.40982178442));
#9622 = CARTESIAN_POINT('',(-51.75003735974,57.510587265632,
    5.409726389776));
#9623 = CARTESIAN_POINT('',(-51.7500358063,57.510364843843,
    5.409535612262));
#9624 = CARTESIAN_POINT('',(-51.75003503949,57.510253635854,
    5.409440229391));
#9625 = CARTESIAN_POINT('',(-51.75003428257,57.510142425814,
    5.409344848153));
#9626 = CARTESIAN_POINT('',(-51.75003353552,57.510031213724,
    5.409249468551));
#9627 = CARTESIAN_POINT('',(-51.75003279836,57.509919999584,
    5.409154090585));
#9628 = CARTESIAN_POINT('',(-51.75003141909,57.509709080763,
    5.408973211674));
#9629 = CARTESIAN_POINT('',(-51.75003077505,57.509609376483,
    5.408887710407));
#9630 = CARTESIAN_POINT('',(-51.75003013894,57.509509670558,
    5.408802210457));
#9631 = CARTESIAN_POINT('',(-51.75002951078,57.509409962988,
    5.408716711823));
#9632 = CARTESIAN_POINT('',(-51.75002889057,57.509310253774,
    5.408631214506));
#9633 = CARTESIAN_POINT('',(-51.75002759543,57.509099336365,
    5.40845036565));
#9634 = CARTESIAN_POINT('',(-51.75002692245,57.50898812777,
    5.408355014433));
#9635 = CARTESIAN_POINT('',(-51.75002625936,57.508876917131,
    5.408259664855));
#9636 = CARTESIAN_POINT('',(-51.75002560614,57.50876570445,
    5.408164316918));
#9637 = CARTESIAN_POINT('',(-51.75002496281,57.508654489727,
    5.408068970623));
#9638 = CARTESIAN_POINT('',(-51.75002371781,57.508435900674,
    5.407881577134));
#9639 = CARTESIAN_POINT('',(-51.75002311548,57.508328526483,
    5.407789529829));
#9640 = CARTESIAN_POINT('',(-51.75002252235,57.50822115039,
    5.407697484055));
#9641 = CARTESIAN_POINT('',(-51.75002193844,57.508113772397,
    5.407605439814));
#9642 = CARTESIAN_POINT('',(-51.75002136374,57.508006392505,
    5.407513397107));
#9643 = CARTESIAN_POINT('',(-51.75002021264,57.50778780361,
    5.407326035932));
#9644 = CARTESIAN_POINT('',(-51.7500196369,57.50767659447,5.407230717576
    ));
#9645 = CARTESIAN_POINT('',(-51.75001907104,57.507565383294,
    5.407135400867));
#9646 = CARTESIAN_POINT('',(-51.75001851506,57.507454170084,
    5.407040085804));
#9647 = CARTESIAN_POINT('',(-51.75001796898,57.50734295484,
    5.406944772389));
#9648 = CARTESIAN_POINT('',(-51.75001691511,57.507124364782,
    5.406757443539));
#9649 = CARTESIAN_POINT('',(-51.75001640665,57.507016990106,
    5.406665427991));
#9650 = CARTESIAN_POINT('',(-51.75001590741,57.506909613536,
    5.406573413981));
#9651 = CARTESIAN_POINT('',(-51.75001541739,57.506802235074,
    5.406481401509));
#9652 = CARTESIAN_POINT('',(-51.75001493659,57.506694854719,
    5.406389390575));
#9653 = CARTESIAN_POINT('',(-51.75001399345,57.50648009948,
    5.406205379715));
#9654 = CARTESIAN_POINT('',(-51.75001353111,57.506372724596,
    5.406113379789));
#9655 = CARTESIAN_POINT('',(-51.750013078,57.506265347822,5.406021381402
    ));
#9656 = CARTESIAN_POINT('',(-51.75001263409,57.506157969158,
    5.405929384556));
#9657 = CARTESIAN_POINT('',(-51.75001219941,57.506050588607,
    5.405837389252));
#9658 = CARTESIAN_POINT('',(-51.75001133332,57.505831998397,
    5.405650124594));
#9659 = CARTESIAN_POINT('',(-51.75001090258,57.505720788602,
    5.405554855352));
#9660 = CARTESIAN_POINT('',(-51.75001048173,57.505609576783,
    5.405459587765));
#9661 = CARTESIAN_POINT('',(-51.75001007076,57.505498362942,
    5.405364321834));
#9662 = CARTESIAN_POINT('',(-51.75000966969,57.50538714708,5.40526905756
    ));
#9663 = CARTESIAN_POINT('',(-51.75000890084,57.505168555833,
    5.405081825313));
#9664 = CARTESIAN_POINT('',(-51.75000853239,57.505061180587,
    5.404989857228));
#9665 = CARTESIAN_POINT('',(-51.75000817316,57.504953803457,
    5.404897890689));
#9666 = CARTESIAN_POINT('',(-51.75000782314,57.504846424447,
    5.404805925696));
#9667 = CARTESIAN_POINT('',(-51.75000748235,57.504739043555,
    5.40471396225));
#9668 = CARTESIAN_POINT('',(-51.75000680739,57.504520452672,
    5.404526762458));
#9669 = CARTESIAN_POINT('',(-51.75000647389,57.504409242543,
    5.404431526224));
#9670 = CARTESIAN_POINT('',(-51.75000615028,57.5042980304,5.404336291651
    ));
#9671 = CARTESIAN_POINT('',(-51.75000583655,57.504186816242,
    5.40424105874));
#9672 = CARTESIAN_POINT('',(-51.75000553272,57.50407560007,
    5.404145827492));
#9673 = CARTESIAN_POINT('',(-51.750004955,57.503857008235,5.403958660169
    ));
#9674 = CARTESIAN_POINT('',(-51.75000468044,57.503749632708,
    5.403866723982));
#9675 = CARTESIAN_POINT('',(-51.75000441509,57.503642255306,
    5.403774789347));
#9676 = CARTESIAN_POINT('',(-51.75000415897,57.50353487603,
    5.403682856263));
#9677 = CARTESIAN_POINT('',(-51.75000391206,57.503427494881,
    5.403590924732));
#9678 = CARTESIAN_POINT('',(-51.75000342823,57.503208903491,
    5.403403789921));
#9679 = CARTESIAN_POINT('',(-51.75000319197,57.503097693114,
    5.403308586753));
#9680 = CARTESIAN_POINT('',(-51.7500029656,57.50298648073,5.403213385252
    ));
#9681 = CARTESIAN_POINT('',(-51.75000274912,57.50287526634,
    5.403118185419));
#9682 = CARTESIAN_POINT('',(-51.75000254253,57.502764049945,
    5.403022987255));
#9683 = CARTESIAN_POINT('',(-51.75000214916,57.502541623078,
    5.402832602768));
#9684 = CARTESIAN_POINT('',(-51.75000196237,57.502430412608,
    5.402737416446));
#9685 = CARTESIAN_POINT('',(-51.75000178547,57.502319200135,
    5.402642231793));
#9686 = CARTESIAN_POINT('',(-51.75000161847,57.502207985659,
    5.402547048812));
#9687 = CARTESIAN_POINT('',(-51.75000146135,57.502096769182,
    5.402451867502));
#9688 = CARTESIAN_POINT('',(-51.75000116693,57.501874342163,
    5.402261516731));
#9689 = CARTESIAN_POINT('',(-51.75000102961,57.501763131621,
    5.402166347269));
#9690 = CARTESIAN_POINT('',(-51.75000090219,57.50165191908,5.40207117948
    ));
#9691 = CARTESIAN_POINT('',(-51.75000078466,57.501540704541,
    5.401976013365));
#9692 = CARTESIAN_POINT('',(-51.75000067702,57.501429488005,
    5.401880848925));
#9693 = CARTESIAN_POINT('',(-51.75000048154,57.501207060877,
    5.401690531899));
#9694 = CARTESIAN_POINT('',(-51.7500003937,57.501095850285,
    5.401595379313));
#9695 = CARTESIAN_POINT('',(-51.75000031574,57.500984637698,
    5.401500228402));
#9696 = CARTESIAN_POINT('',(-51.75000024769,57.500873423118,
    5.401405079169));
#9697 = CARTESIAN_POINT('',(-51.75000018953,57.500762206545,
    5.401309931614));
#9698 = CARTESIAN_POINT('',(-51.75000009417,57.500542494719,
    5.401121971321));
#9699 = CARTESIAN_POINT('',(-51.7500000565,57.500433999563,
    5.401029158501));
#9700 = CARTESIAN_POINT('',(-51.75000002825,57.500325502512,
    5.40093634728));
#9701 = CARTESIAN_POINT('',(-51.75000000941,57.500217003567,
    5.400843537658));
#9702 = CARTESIAN_POINT('',(-51.75,57.50010850273,5.400750729636));
#9703 = CARTESIAN_POINT('',(-51.75,57.5,5.400657923215));
#9704 = ORIENTED_EDGE('',*,*,#9705,.F.);
#9705 = EDGE_CURVE('',#1703,#9449,#9706,.T.);
#9706 = LINE('',#9707,#9708);
#9707 = CARTESIAN_POINT('',(-51.75,57.5,0.));
#9708 = VECTOR('',#9709,1.);
#9709 = DIRECTION('',(0.,0.,1.));
#9710 = CYLINDRICAL_SURFACE('',#9711,1.5);
#9711 = AXIS2_PLACEMENT_3D('',#9712,#9713,#9714);
#9712 = CARTESIAN_POINT('',(-53.25,57.5,0.));
#9713 = DIRECTION('',(0.,0.,-1.));
#9714 = DIRECTION('',(-1.,0.,0.));
#9715 = ADVANCED_FACE('',(#9716),#9735,.F.);
#9716 = FACE_BOUND('',#9717,.F.);
#9717 = EDGE_LOOP('',(#9718,#9719,#9727,#9734));
#9718 = ORIENTED_EDGE('',*,*,#1719,.F.);
#9719 = ORIENTED_EDGE('',*,*,#9720,.T.);
#9720 = EDGE_CURVE('',#1712,#9721,#9723,.T.);
#9721 = VERTEX_POINT('',#9722);
#9722 = CARTESIAN_POINT('',(-51.75,31.5,3.));
#9723 = LINE('',#9724,#9725);
#9724 = CARTESIAN_POINT('',(-51.75,31.5,0.));
#9725 = VECTOR('',#9726,1.);
#9726 = DIRECTION('',(0.,0.,1.));
#9727 = ORIENTED_EDGE('',*,*,#9728,.F.);
#9728 = EDGE_CURVE('',#9425,#9721,#9729,.T.);
#9729 = CIRCLE('',#9730,1.5);
#9730 = AXIS2_PLACEMENT_3D('',#9731,#9732,#9733);
#9731 = CARTESIAN_POINT('',(-53.25,31.5,3.));
#9732 = DIRECTION('',(0.,0.,1.));
#9733 = DIRECTION('',(-1.,0.,0.));
#9734 = ORIENTED_EDGE('',*,*,#9432,.F.);
#9735 = CYLINDRICAL_SURFACE('',#9736,1.5);
#9736 = AXIS2_PLACEMENT_3D('',#9737,#9738,#9739);
#9737 = CARTESIAN_POINT('',(-53.25,31.5,0.));
#9738 = DIRECTION('',(0.,0.,-1.));
#9739 = DIRECTION('',(-1.,0.,0.));
#9740 = ADVANCED_FACE('',(#9741),#9761,.T.);
#9741 = FACE_BOUND('',#9742,.F.);
#9742 = EDGE_LOOP('',(#9743,#9744,#9745,#9754,#9760));
#9743 = ORIENTED_EDGE('',*,*,#1711,.F.);
#9744 = ORIENTED_EDGE('',*,*,#9705,.T.);
#9745 = ORIENTED_EDGE('',*,*,#9746,.F.);
#9746 = EDGE_CURVE('',#9747,#9449,#9749,.T.);
#9747 = VERTEX_POINT('',#9748);
#9748 = CARTESIAN_POINT('',(-51.75,51.,3.));
#9749 = CIRCLE('',#9750,10.);
#9750 = AXIS2_PLACEMENT_3D('',#9751,#9752,#9753);
#9751 = CARTESIAN_POINT('',(-51.75,51.,13.));
#9752 = DIRECTION('',(1.,0.,0.));
#9753 = DIRECTION('',(0.,1.,0.));
#9754 = ORIENTED_EDGE('',*,*,#9755,.F.);
#9755 = EDGE_CURVE('',#9721,#9747,#9756,.T.);
#9756 = LINE('',#9757,#9758);
#9757 = CARTESIAN_POINT('',(-51.75,46.374236596195,3.));
#9758 = VECTOR('',#9759,1.);
#9759 = DIRECTION('',(0.,1.,0.));
#9760 = ORIENTED_EDGE('',*,*,#9720,.F.);
#9761 = PLANE('',#9762);
#9762 = AXIS2_PLACEMENT_3D('',#9763,#9764,#9765);
#9763 = CARTESIAN_POINT('',(-51.75,57.5,0.));
#9764 = DIRECTION('',(-1.,-0.,-0.));
#9765 = DIRECTION('',(0.,1.,0.));
#9766 = ADVANCED_FACE('',(#9767),#9801,.F.);
#9767 = FACE_BOUND('',#9768,.T.);
#9768 = EDGE_LOOP('',(#9769,#9770,#9778,#9787,#9795));
#9769 = ORIENTED_EDGE('',*,*,#1728,.F.);
#9770 = ORIENTED_EDGE('',*,*,#9771,.T.);
#9771 = EDGE_CURVE('',#1729,#9772,#9774,.T.);
#9772 = VERTEX_POINT('',#9773);
#9773 = CARTESIAN_POINT('',(-86.,57.5,5.400657923215));
#9774 = LINE('',#9775,#9776);
#9775 = CARTESIAN_POINT('',(-86.,57.5,0.));
#9776 = VECTOR('',#9777,1.);
#9777 = DIRECTION('',(0.,0.,1.));
#9778 = ORIENTED_EDGE('',*,*,#9779,.F.);
#9779 = EDGE_CURVE('',#9780,#9772,#9782,.T.);
#9780 = VERTEX_POINT('',#9781);
#9781 = CARTESIAN_POINT('',(-86.,51.,3.));
#9782 = CIRCLE('',#9783,10.);
#9783 = AXIS2_PLACEMENT_3D('',#9784,#9785,#9786);
#9784 = CARTESIAN_POINT('',(-86.,51.,13.));
#9785 = DIRECTION('',(1.,0.,0.));
#9786 = DIRECTION('',(0.,1.,0.));
#9787 = ORIENTED_EDGE('',*,*,#9788,.F.);
#9788 = EDGE_CURVE('',#9789,#9780,#9791,.T.);
#9789 = VERTEX_POINT('',#9790);
#9790 = CARTESIAN_POINT('',(-86.,47.5,3.));
#9791 = LINE('',#9792,#9793);
#9792 = CARTESIAN_POINT('',(-86.,46.374236596195,3.));
#9793 = VECTOR('',#9794,1.);
#9794 = DIRECTION('',(0.,1.,0.));
#9795 = ORIENTED_EDGE('',*,*,#9796,.F.);
#9796 = EDGE_CURVE('',#1731,#9789,#9797,.T.);
#9797 = LINE('',#9798,#9799);
#9798 = CARTESIAN_POINT('',(-86.,47.5,0.));
#9799 = VECTOR('',#9800,1.);
#9800 = DIRECTION('',(0.,0.,1.));
#9801 = PLANE('',#9802);
#9802 = AXIS2_PLACEMENT_3D('',#9803,#9804,#9805);
#9803 = CARTESIAN_POINT('',(-86.,57.5,0.));
#9804 = DIRECTION('',(-1.,-0.,-0.));
#9805 = DIRECTION('',(0.,1.,0.));
#9806 = ADVANCED_FACE('',(#9807),#10074,.F.);
#9807 = FACE_BOUND('',#9808,.F.);
#9808 = EDGE_LOOP('',(#9809,#9810,#9811,#10068));
#9809 = ORIENTED_EDGE('',*,*,#1738,.F.);
#9810 = ORIENTED_EDGE('',*,*,#9771,.T.);
#9811 = ORIENTED_EDGE('',*,*,#9812,.T.);
#9812 = EDGE_CURVE('',#9772,#9813,#9815,.T.);
#9813 = VERTEX_POINT('',#9814);
#9814 = CARTESIAN_POINT('',(-83.,57.5,5.400657923215));
#9815 = B_SPLINE_CURVE_WITH_KNOTS('',6,(#9816,#9817,#9818,#9819,#9820,
    #9821,#9822,#9823,#9824,#9825,#9826,#9827,#9828,#9829,#9830,#9831,
    #9832,#9833,#9834,#9835,#9836,#9837,#9838,#9839,#9840,#9841,#9842,
    #9843,#9844,#9845,#9846,#9847,#9848,#9849,#9850,#9851,#9852,#9853,
    #9854,#9855,#9856,#9857,#9858,#9859,#9860,#9861,#9862,#9863,#9864,
    #9865,#9866,#9867,#9868,#9869,#9870,#9871,#9872,#9873,#9874,#9875,
    #9876,#9877,#9878,#9879,#9880,#9881,#9882,#9883,#9884,#9885,#9886,
    #9887,#9888,#9889,#9890,#9891,#9892,#9893,#9894,#9895,#9896,#9897,
    #9898,#9899,#9900,#9901,#9902,#9903,#9904,#9905,#9906,#9907,#9908,
    #9909,#9910,#9911,#9912,#9913,#9914,#9915,#9916,#9917,#9918,#9919,
    #9920,#9921,#9922,#9923,#9924,#9925,#9926,#9927,#9928,#9929,#9930,
    #9931,#9932,#9933,#9934,#9935,#9936,#9937,#9938,#9939,#9940,#9941,
    #9942,#9943,#9944,#9945,#9946,#9947,#9948,#9949,#9950,#9951,#9952,
    #9953,#9954,#9955,#9956,#9957,#9958,#9959,#9960,#9961,#9962,#9963,
    #9964,#9965,#9966,#9967,#9968,#9969,#9970,#9971,#9972,#9973,#9974,
    #9975,#9976,#9977,#9978,#9979,#9980,#9981,#9982,#9983,#9984,#9985,
    #9986,#9987,#9988,#9989,#9990,#9991,#9992,#9993,#9994,#9995,#9996,
    #9997,#9998,#9999,#10000,#10001,#10002,#10003,#10004,#10005,#10006,
    #10007,#10008,#10009,#10010,#10011,#10012,#10013,#10014,#10015,
    #10016,#10017,#10018,#10019,#10020,#10021,#10022,#10023,#10024,
    #10025,#10026,#10027,#10028,#10029,#10030,#10031,#10032,#10033,
    #10034,#10035,#10036,#10037,#10038,#10039,#10040,#10041,#10042,
    #10043,#10044,#10045,#10046,#10047,#10048,#10049,#10050,#10051,
    #10052,#10053,#10054,#10055,#10056,#10057,#10058,#10059,#10060,
    #10061,#10062,#10063,#10064,#10065,#10066,#10067),.UNSPECIFIED.,.F.,
  .F.,(7,5,5,5,5,5,5,5,5,5,5,5,5,5,5,5,5,5,5,5,5,5,5,5,5,5,5,5,5,5,5,5,5
    ,5,5,5,5,5,5,5,5,5,5,5,5,5,5,5,5,5,7),(0.,5.753596937371E-02,
    0.172058392993,0.281938649472,0.322083416964,0.377005689704,
    0.42242580653,0.44850019568,0.499775705071,0.577062125679,
    0.623104379149,0.679053046445,0.718257290605,0.827816851887,
    0.995075086256,0.995214734789,0.995325481696,0.99545066445,
    0.995590279597,0.995729882328,0.995869472644,0.996009050542,
    0.996148616023,0.996288169084,0.996427709725,0.996557615708,
    0.996697132363,0.996836636594,0.996976128402,0.997115607785,
    0.997255074741,0.997394529272,0.997533971374,0.9976301311,
    0.997769552202,0.997908960874,0.998048357116,0.998187740925,
    0.998327112302,0.998466471246,0.998605817756,0.998745151831,
    0.99888447347,0.999023782674,0.999163079439,0.999302363768,
    0.999436833385,0.999576093265,0.999715340705,0.999849774704,1.),
  .UNSPECIFIED.);
#9816 = CARTESIAN_POINT('',(-86.,57.5,5.400657923215));
#9817 = CARTESIAN_POINT('',(-86.,57.545963959338,5.439972607654));
#9818 = CARTESIAN_POINT('',(-85.99830986033,57.591581783971,
    5.479568974406));
#9819 = CARTESIAN_POINT('',(-85.9949772687,57.636795645704,5.51939451046
    ));
#9820 = CARTESIAN_POINT('',(-85.99004933177,57.681551446432,
    5.55939542096));
#9821 = CARTESIAN_POINT('',(-85.98357257515,57.725798818137,
    5.599516629198));
#9822 = CARTESIAN_POINT('',(-85.95970989191,57.856458435482,
    5.719688270739));
#9823 = CARTESIAN_POINT('',(-85.93787741112,57.941200167192,
    5.799904249961));
#9824 = CARTESIAN_POINT('',(-85.91044288851,58.023468267182,
    5.880013305753));
#9825 = CARTESIAN_POINT('',(-85.87768833873,58.103055011815,
    5.959672018214));
#9826 = CARTESIAN_POINT('',(-85.83983870505,58.179766858529,
    6.038506722413));
#9827 = CARTESIAN_POINT('',(-85.75603523971,58.324045089984,
    6.190528977277));
#9828 = CARTESIAN_POINT('',(-85.71046886239,58.391861805126,
    6.263821675715));
#9829 = CARTESIAN_POINT('',(-85.66048710635,58.456732059132,
    6.33565910735));
#9830 = CARTESIAN_POINT('',(-85.60614573928,58.518497483619,
    6.40566236408));
#9831 = CARTESIAN_POINT('',(-85.54746357277,58.576938267915,
    6.473346772355));
#9832 = CARTESIAN_POINT('',(-85.46142226937,58.651780524836,
    6.561738176366));
#9833 = CARTESIAN_POINT('',(-85.43781846441,58.671324821817,
    6.584999052194));
#9834 = CARTESIAN_POINT('',(-85.4136337409,58.690372323871,
    6.607838417712));
#9835 = CARTESIAN_POINT('',(-85.38886782768,58.708906823363,
    6.630223127715));
#9836 = CARTESIAN_POINT('',(-85.36352084255,58.726910171259,
    6.652116874699));
#9837 = CARTESIAN_POINT('',(-85.30212167104,58.768238597196,
    6.702707454094));
#9838 = CARTESIAN_POINT('',(-85.26555570584,58.791088283314,
    6.730948376223));
#9839 = CARTESIAN_POINT('',(-85.22790631272,58.812852568148,
    6.75809247311));
#9840 = CARTESIAN_POINT('',(-85.18918614874,58.833469023447,
    6.784022240316));
#9841 = CARTESIAN_POINT('',(-85.14940961201,58.852871560031,
    6.808613151095));
#9842 = CARTESIAN_POINT('',(-85.07483782048,58.885974532592,
    6.850854060557));
#9843 = CARTESIAN_POINT('',(-85.04036768113,58.900082100484,
    6.868971038876));
#9844 = CARTESIAN_POINT('',(-85.0052145453,58.913263254339,
    6.885996552439));
#9845 = CARTESIAN_POINT('',(-84.9694114277,58.925470571141,
    6.901846049497));
#9846 = CARTESIAN_POINT('',(-84.93299223609,58.936659081988,
    6.91643846547));
#9847 = CARTESIAN_POINT('',(-84.87475086331,58.952600002089,
    6.937307122078));
#9848 = CARTESIAN_POINT('',(-84.85332270079,58.958062788395,
    6.944476745087));
#9849 = CARTESIAN_POINT('',(-84.83171716497,58.963165738894,
    6.951189387341));
#9850 = CARTESIAN_POINT('',(-84.80994562396,58.967900447141,
    6.957430250689));
#9851 = CARTESIAN_POINT('',(-84.78802093265,58.972258992361,
    6.963185443455));
#9852 = CARTESIAN_POINT('',(-84.72256937136,58.984050706901,
    6.97877900542));
#9853 = CARTESIAN_POINT('',(-84.67862491802,58.99038775641,
    6.987192698199));
#9854 = CARTESIAN_POINT('',(-84.63425969186,58.995182440146,
    6.993576481632));
#9855 = CARTESIAN_POINT('',(-84.5896098717,58.998393517248,
    6.997858080782));
#9856 = CARTESIAN_POINT('',(-84.54481153552,59.,7.));
#9857 = CARTESIAN_POINT('',(-84.43245658164,59.,7.));
#9858 = CARTESIAN_POINT('',(-84.36500537363,58.99635005889,
    6.995133965301));
#9859 = CARTESIAN_POINT('',(-84.2980629105,58.98907005705,6.985425719232
    ));
#9860 = CARTESIAN_POINT('',(-84.23204999984,58.978259776521,
    6.971059931444));
#9861 = CARTESIAN_POINT('',(-84.16738724151,58.964110764741,
    6.952377166869));
#9862 = CARTESIAN_POINT('',(-84.06702076196,58.936675978526,
    6.916459984936));
#9863 = CARTESIAN_POINT('',(-84.03014664209,58.925345355049,
    6.901682105043));
#9864 = CARTESIAN_POINT('',(-83.99390423104,58.912970419212,
    6.885615773779));
#9865 = CARTESIAN_POINT('',(-83.95832864825,58.899597836738,
    6.868345121723));
#9866 = CARTESIAN_POINT('',(-83.92345408879,58.885276847698,
    6.849957931272));
#9867 = CARTESIAN_POINT('',(-83.84782796633,58.851567482926,
    6.80695660847));
#9868 = CARTESIAN_POINT('',(-83.80742029741,58.831749482796,
    6.781850273102));
#9869 = CARTESIAN_POINT('',(-83.76810737074,58.810678547072,
    6.755364929047));
#9870 = CARTESIAN_POINT('',(-83.72990389694,58.788423951743,
    6.727631222354));
#9871 = CARTESIAN_POINT('',(-83.69282274318,58.765050967834,
    6.698772146606));
#9872 = CARTESIAN_POINT('',(-83.63168565192,58.723502243519,
    6.647973221178));
#9873 = CARTESIAN_POINT('',(-83.60704875245,58.705861811286,
    6.626543994839));
#9874 = CARTESIAN_POINT('',(-83.58296471849,58.687718064796,
    6.604651734903));
#9875 = CARTESIAN_POINT('',(-83.55943365511,58.669087721138,
    6.582329920775));
#9876 = CARTESIAN_POINT('',(-83.53645528881,58.649985714403,
    6.559609140267));
#9877 = CARTESIAN_POINT('',(-83.45135672425,58.575761679161,
    6.471984409687));
#9878 = CARTESIAN_POINT('',(-83.39298455518,58.517507175853,
    6.404540316052));
#9879 = CARTESIAN_POINT('',(-83.33891780758,58.455957730039,
    6.334801986852));
#9880 = CARTESIAN_POINT('',(-83.28917543906,58.391330000613,
    6.263247371538));
#9881 = CARTESIAN_POINT('',(-83.24381285895,58.323780361797,
    6.190250594485));
#9882 = CARTESIAN_POINT('',(-83.14055382574,58.146015028591,
    6.00294244266));
#9883 = CARTESIAN_POINT('',(-83.08856797544,58.031944356858,
    5.886991972049));
#9884 = CARTESIAN_POINT('',(-83.04761646451,57.911897801274,
    5.769662462265));
#9885 = CARTESIAN_POINT('',(-83.01851239537,57.786563638253,
    5.652136725709));
#9886 = CARTESIAN_POINT('',(-83.00227789805,57.656746813134,
    5.535510812048));
#9887 = CARTESIAN_POINT('',(-83.00018340949,57.52345649627,
    5.420783987588));
#9888 = CARTESIAN_POINT('',(-83.00018167207,57.5233452992,5.420688280467
    ));
#9889 = CARTESIAN_POINT('',(-83.0001799445,57.5232341,5.420592574921));
#9890 = CARTESIAN_POINT('',(-83.0001782268,57.523122898669,
    5.420496870949));
#9891 = CARTESIAN_POINT('',(-83.00017651896,57.52301169521,
    5.420401168553));
#9892 = CARTESIAN_POINT('',(-83.00017347443,57.522812299116,
    5.420229573131));
#9893 = CARTESIAN_POINT('',(-83.00017213407,57.522724107271,
    5.42015367952));
#9894 = CARTESIAN_POINT('',(-83.00017079992,57.522635914088,
    5.420077786902));
#9895 = CARTESIAN_POINT('',(-83.00016947197,57.522547719567,
    5.420001895276));
#9896 = CARTESIAN_POINT('',(-83.00016815023,57.52245952371,
    5.419926004642));
#9897 = CARTESIAN_POINT('',(-83.00016534767,57.522271632828,
    5.419764333155));
#9898 = CARTESIAN_POINT('',(-83.00016386858,57.522171937432,
    5.419678552578));
#9899 = CARTESIAN_POINT('',(-83.00016239742,57.522072240329,
    5.41959277327));
#9900 = CARTESIAN_POINT('',(-83.00016093419,57.52197254152,
    5.419506995232));
#9901 = CARTESIAN_POINT('',(-83.00015947888,57.521872841005,
    5.419421218465));
#9902 = CARTESIAN_POINT('',(-83.00015641727,57.521661941838,
    5.419239778367));
#9903 = CARTESIAN_POINT('',(-83.00015481289,57.521550742771,
    5.419144115346));
#9904 = CARTESIAN_POINT('',(-83.00015321838,57.521439541583,
    5.419048453907));
#9905 = CARTESIAN_POINT('',(-83.00015163373,57.521328338277,
    5.418952794052));
#9906 = CARTESIAN_POINT('',(-83.00015005895,57.521217132852,
    5.41885713578));
#9907 = CARTESIAN_POINT('',(-83.00014692927,57.520994727658,
    5.418665830913));
#9908 = CARTESIAN_POINT('',(-83.00014537436,57.520883527888,
    5.418570184316));
#9909 = CARTESIAN_POINT('',(-83.00014382931,57.520772326003,
    5.418474539305));
#9910 = CARTESIAN_POINT('',(-83.00014229414,57.520661122002,
    5.41837889588));
#9911 = CARTESIAN_POINT('',(-83.00014076883,57.520549915888,
    5.418283254043));
#9912 = CARTESIAN_POINT('',(-83.00013773808,57.520327509323,
    5.418091982048));
#9913 = CARTESIAN_POINT('',(-83.00013623263,57.520216308873,
    5.417996351892));
#9914 = CARTESIAN_POINT('',(-83.00013473706,57.520105106311,
    5.417900723324));
#9915 = CARTESIAN_POINT('',(-83.00013325135,57.519993901639,
    5.417805096345));
#9916 = CARTESIAN_POINT('',(-83.00013177551,57.519882694856,
    5.417709470956));
#9917 = CARTESIAN_POINT('',(-83.0001288437,57.519660286965,
    5.417518231866));
#9918 = CARTESIAN_POINT('',(-83.00012738773,57.519549085857,
    5.417422618165));
#9919 = CARTESIAN_POINT('',(-83.00012594162,57.519437882641,
    5.417327006055));
#9920 = CARTESIAN_POINT('',(-83.00012450538,57.519326677318,
    5.417231395538));
#9921 = CARTESIAN_POINT('',(-83.00012307902,57.51921546989,
    5.417135786613));
#9922 = CARTESIAN_POINT('',(-83.00012024614,57.518993060716,
    5.416944580459));
#9923 = CARTESIAN_POINT('',(-83.00011883964,57.518881858972,
    5.416848983228));
#9924 = CARTESIAN_POINT('',(-83.000117443,57.518770655124,5.416753387592
    ));
#9925 = CARTESIAN_POINT('',(-83.00011605624,57.518659449174,
    5.416657793551));
#9926 = CARTESIAN_POINT('',(-83.00011467934,57.518548241121,
    5.416562201107));
#9927 = CARTESIAN_POINT('',(-83.00011194541,57.518325830709,
    5.416371027917));
#9928 = CARTESIAN_POINT('',(-83.00011058837,57.518214628351,
    5.416275447173));
#9929 = CARTESIAN_POINT('',(-83.0001092412,57.518103423893,
    5.416179868026));
#9930 = CARTESIAN_POINT('',(-83.00010790391,57.517992217336,
    5.416084290477));
#9931 = CARTESIAN_POINT('',(-83.00010657648,57.517881008681,
    5.415988714527));
#9932 = CARTESIAN_POINT('',(-83.00010394149,57.517658597076,
    5.415797574335));
#9933 = CARTESIAN_POINT('',(-83.00010263392,57.517547394125,
    5.415702010091));
#9934 = CARTESIAN_POINT('',(-83.00010133623,57.517436189079,
    5.415606447449));
#9935 = CARTESIAN_POINT('',(-83.0001000484,57.517324981938,
    5.415510886407));
#9936 = CARTESIAN_POINT('',(-83.00009877045,57.517213772703,
    5.415415326968));
#9937 = CARTESIAN_POINT('',(-83.00009632184,57.516999028693,
    5.415230809138));
#9938 = CARTESIAN_POINT('',(-83.00009514987,57.516895494197,
    5.415141850534));
#9939 = CARTESIAN_POINT('',(-83.00009398646,57.516791957888,
    5.41505289332));
#9940 = CARTESIAN_POINT('',(-83.0000928316,57.516688419767,
    5.414963937496));
#9941 = CARTESIAN_POINT('',(-83.0000916853,57.516584879834,
    5.414874983064));
#9942 = CARTESIAN_POINT('',(-83.00008932565,57.516370136147,
    5.414690496082));
#9943 = CARTESIAN_POINT('',(-83.00008811361,57.516258932115,
    5.414594963747));
#9944 = CARTESIAN_POINT('',(-83.00008691144,57.516147725996,
    5.414499433018));
#9945 = CARTESIAN_POINT('',(-83.00008571915,57.516036517789,
    5.414403903896));
#9946 = CARTESIAN_POINT('',(-83.00008453673,57.515925307497,
    5.414308376383));
#9947 = CARTESIAN_POINT('',(-83.00008219174,57.515702892644,
    5.41411733308));
#9948 = CARTESIAN_POINT('',(-83.00008102917,57.515591688085,
    5.414021817291));
#9949 = CARTESIAN_POINT('',(-83.00007987647,57.515480481442,
    5.413926303111));
#9950 = CARTESIAN_POINT('',(-83.00007873365,57.515369272716,
    5.413830790541));
#9951 = CARTESIAN_POINT('',(-83.0000776007,57.515258061908,
    5.413735279583));
#9952 = CARTESIAN_POINT('',(-83.00007535465,57.515035646034,
    5.413544269397));
#9953 = CARTESIAN_POINT('',(-83.00007424155,57.514924440969,
    5.413448770169));
#9954 = CARTESIAN_POINT('',(-83.00007313832,57.514813233824,
    5.413353272554));
#9955 = CARTESIAN_POINT('',(-83.00007204497,57.5147020246,5.413257776552
    ));
#9956 = CARTESIAN_POINT('',(-83.0000709615,57.514590813299,
    5.413162282165));
#9957 = CARTESIAN_POINT('',(-83.00006881439,57.514368396448,
    5.412971305126));
#9958 = CARTESIAN_POINT('',(-83.00006775076,57.514257190899,
    5.412875822475));
#9959 = CARTESIAN_POINT('',(-83.000066697,57.514145983275,5.412780341439
    ));
#9960 = CARTESIAN_POINT('',(-83.00006565313,57.514034773576,
    5.41268486202));
#9961 = CARTESIAN_POINT('',(-83.00006461912,57.513923561803,
    5.412589384219));
#9962 = CARTESIAN_POINT('',(-83.00006257096,57.513701144019,
    5.412398440358));
#9963 = CARTESIAN_POINT('',(-83.0000615568,57.513589938009,
    5.412302974298));
#9964 = CARTESIAN_POINT('',(-83.00006055252,57.513478729926,
    5.412207509858));
#9965 = CARTESIAN_POINT('',(-83.00005955811,57.513367519774,
    5.412112047037));
#9966 = CARTESIAN_POINT('',(-83.00005857358,57.513256307551,
    5.412016585836));
#9967 = CARTESIAN_POINT('',(-83.00005662436,57.513033888878,
    5.411825675184));
#9968 = CARTESIAN_POINT('',(-83.00005565967,57.512922682428,
    5.411730225732));
#9969 = CARTESIAN_POINT('',(-83.00005470486,57.512811473911,
    5.411634777901));
#9970 = CARTESIAN_POINT('',(-83.00005375992,57.512700263326,
    5.411539331694));
#9971 = CARTESIAN_POINT('',(-83.00005282487,57.512589050676,
    5.41144388711));
#9972 = CARTESIAN_POINT('',(-83.00005097459,57.512366631158,
    5.411253009696));
#9973 = CARTESIAN_POINT('',(-83.00005005938,57.512255424291,
    5.411157576866));
#9974 = CARTESIAN_POINT('',(-83.00004915404,57.512144215359,
    5.411062145661));
#9975 = CARTESIAN_POINT('',(-83.00004825857,57.512033004366,
    5.410966716082));
#9976 = CARTESIAN_POINT('',(-83.00004737299,57.51192179131,5.41087128813
    ));
#9977 = CARTESIAN_POINT('',(-83.0000458934,57.51173388189,5.410710055502
    ));
#9978 = CARTESIAN_POINT('',(-83.00004529421,57.511657186605,
    5.410644249973));
#9979 = CARTESIAN_POINT('',(-83.00004469972,57.511580490341,
    5.410578445218));
#9980 = CARTESIAN_POINT('',(-83.00004410993,57.511503793098,
    5.410512641238));
#9981 = CARTESIAN_POINT('',(-83.00004352483,57.511427094876,
    5.410446838032));
#9982 = CARTESIAN_POINT('',(-83.00004210293,57.511239190208,
    5.410285629264));
#9983 = CARTESIAN_POINT('',(-83.0000412713,57.511127982685,
    5.410190224554));
#9984 = CARTESIAN_POINT('',(-83.00004044955,57.511016773105,
    5.410094821476));
#9985 = CARTESIAN_POINT('',(-83.00003963768,57.510905561469,
    5.409999420028));
#9986 = CARTESIAN_POINT('',(-83.00003883569,57.510794347779,
    5.409904020212));
#9987 = CARTESIAN_POINT('',(-83.00003725154,57.510571926206,
    5.40971323235));
#9988 = CARTESIAN_POINT('',(-83.00003646939,57.510460718324,
    5.409617844304));
#9989 = CARTESIAN_POINT('',(-83.00003569711,57.51034950839,
    5.409522457892));
#9990 = CARTESIAN_POINT('',(-83.00003493471,57.510238296404,
    5.409427073113));
#9991 = CARTESIAN_POINT('',(-83.00003418219,57.510127082367,
    5.40933168997));
#9992 = CARTESIAN_POINT('',(-83.00003269699,57.509904660112,
    5.409140935459));
#9993 = CARTESIAN_POINT('',(-83.00003196431,57.509793451893,
    5.409045564092));
#9994 = CARTESIAN_POINT('',(-83.0000312415,57.509682241626,
    5.408950194361));
#9995 = CARTESIAN_POINT('',(-83.00003052858,57.509571029312,
    5.408854826267));
#9996 = CARTESIAN_POINT('',(-83.00002982554,57.509459814951,
    5.408759459812));
#9997 = CARTESIAN_POINT('',(-83.00002843928,57.509237392057,
    5.408568738683));
#9998 = CARTESIAN_POINT('',(-83.00002775606,57.509126183524,
    5.408473384009));
#9999 = CARTESIAN_POINT('',(-83.00002708273,57.509014972947,
    5.408378030975));
#10000 = CARTESIAN_POINT('',(-83.00002641928,57.508903760326,
    5.408282679581));
#10001 = CARTESIAN_POINT('',(-83.00002576571,57.508792545663,
    5.408187329828));
#10002 = CARTESIAN_POINT('',(-83.0000244784,57.508570122174,
    5.407996642111));
#10003 = CARTESIAN_POINT('',(-83.00002384466,57.508458913349,
    5.407901304147));
#10004 = CARTESIAN_POINT('',(-83.0000232208,57.508347702483,
    5.407805967824));
#10005 = CARTESIAN_POINT('',(-83.00002260682,57.508236489578,
    5.407710633146));
#10006 = CARTESIAN_POINT('',(-83.00002200273,57.508125274635,
    5.407615300111));
#10007 = CARTESIAN_POINT('',(-83.00002081437,57.507902850596,
    5.407424645836));
#10008 = CARTESIAN_POINT('',(-83.00002023009,57.5077916415,
    5.407329324595));
#10009 = CARTESIAN_POINT('',(-83.00001965571,57.507680430368,5.407234005
    ));
#10010 = CARTESIAN_POINT('',(-83.0000190912,57.507569217201,
    5.407138687052));
#10011 = CARTESIAN_POINT('',(-83.00001853658,57.507458001999,
    5.40704337075));
#10012 = CARTESIAN_POINT('',(-83.00001744717,57.507235577453,
    5.406852749948));
#10013 = CARTESIAN_POINT('',(-83.00001691237,57.507124368109,
    5.406757445446));
#10014 = CARTESIAN_POINT('',(-83.00001638745,57.507013156732,
    5.406662142594));
#10015 = CARTESIAN_POINT('',(-83.00001587242,57.506901943325,
    5.40656684139));
#10016 = CARTESIAN_POINT('',(-83.00001536728,57.506790727887,
    5.406471541837));
#10017 = CARTESIAN_POINT('',(-83.00001437681,57.506568302879,
    5.406280954537));
#10018 = CARTESIAN_POINT('',(-83.00001389148,57.506457093308,
    5.40618566679));
#10019 = CARTESIAN_POINT('',(-83.00001341604,57.506345881709,
    5.406090380695));
#10020 = CARTESIAN_POINT('',(-83.00001295048,57.506234668083,
    5.405995096252));
#10021 = CARTESIAN_POINT('',(-83.00001249481,57.506123452432,
    5.405899813463));
#10022 = CARTESIAN_POINT('',(-83.00001160329,57.505901027004,
    5.405709259696));
#10023 = CARTESIAN_POINT('',(-83.00001116744,57.505789817229,
    5.405613988718));
#10024 = CARTESIAN_POINT('',(-83.00001074147,57.50567860543,
    5.405518719396));
#10025 = CARTESIAN_POINT('',(-83.00001032538,57.505567391608,
    5.405423451728));
#10026 = CARTESIAN_POINT('',(-83.00000991919,57.505456175764,
    5.405328185718));
#10027 = CARTESIAN_POINT('',(-83.00000912661,57.505233749962,
    5.405137665514));
#10028 = CARTESIAN_POINT('',(-83.00000874023,57.505122540005,
    5.405042411321));
#10029 = CARTESIAN_POINT('',(-83.00000836373,57.505011328027,
    5.404947158786));
#10030 = CARTESIAN_POINT('',(-83.00000799713,57.504900114031,
    5.404851907909));
#10031 = CARTESIAN_POINT('',(-83.00000764041,57.504788898017,
    5.404756658692));
#10032 = CARTESIAN_POINT('',(-83.00000694678,57.504566471884,
    5.404566172082));
#10033 = CARTESIAN_POINT('',(-83.00000660987,57.504455261766,
    5.404470934689));
#10034 = CARTESIAN_POINT('',(-83.00000628284,57.504344049633,
    5.404375698957));
#10035 = CARTESIAN_POINT('',(-83.00000596571,57.504232835484,
    5.404280464886));
#10036 = CARTESIAN_POINT('',(-83.00000565846,57.504121619322,
    5.404185232478));
#10037 = CARTESIAN_POINT('',(-83.00000506378,57.503899192903,
    5.403994779492));
#10038 = CARTESIAN_POINT('',(-83.00000477634,57.503787982646,
    5.403899558913));
#10039 = CARTESIAN_POINT('',(-83.00000449879,57.503676770378,
    5.403804339999));
#10040 = CARTESIAN_POINT('',(-83.00000423113,57.5035655561,
    5.403709122749));
#10041 = CARTESIAN_POINT('',(-83.00000397337,57.503454339811,
    5.403613907165));
#10042 = CARTESIAN_POINT('',(-83.00000348618,57.503235747756,
    5.403426770636));
#10043 = CARTESIAN_POINT('',(-83.00000325609,57.503128372125,
    5.403334849578));
#10044 = CARTESIAN_POINT('',(-83.00000303522,57.503020994622,
    5.403242930074));
#10045 = CARTESIAN_POINT('',(-83.00000282357,57.502913615249,
    5.403151012125));
#10046 = CARTESIAN_POINT('',(-83.00000262114,57.502806234007,
    5.403059095732));
#10047 = CARTESIAN_POINT('',(-83.00000222784,57.502587642435,
    5.402871991741));
#10048 = CARTESIAN_POINT('',(-83.00000203764,57.50247643197,
    5.402776804256));
#10049 = CARTESIAN_POINT('',(-83.00000185733,57.502365219502,
    5.402681618441));
#10050 = CARTESIAN_POINT('',(-83.00000168691,57.502254005032,
    5.402586434297));
#10051 = CARTESIAN_POINT('',(-83.00000152639,57.50214278856,
    5.402491251824));
#10052 = CARTESIAN_POINT('',(-83.00000122514,57.50192036155,
    5.402300898727));
#10053 = CARTESIAN_POINT('',(-83.00000108441,57.501809151012,
    5.402205728101));
#10054 = CARTESIAN_POINT('',(-83.00000095357,57.501697938475,
    5.402110559149));
#10055 = CARTESIAN_POINT('',(-83.00000083263,57.50158672394,
    5.402015391871));
#10056 = CARTESIAN_POINT('',(-83.00000072158,57.501475507407,
    5.401920226267));
#10057 = CARTESIAN_POINT('',(-83.00000052276,57.501256914899,
    5.401733187993));
#10058 = CARTESIAN_POINT('',(-83.00000043433,57.501149539059,
    5.401641315208));
#10059 = CARTESIAN_POINT('',(-83.00000035511,57.501042161359,
    5.401549443986));
#10060 = CARTESIAN_POINT('',(-83.00000028512,57.500934781799,
    5.401457574328));
#10061 = CARTESIAN_POINT('',(-83.00000022435,57.500827400382,
    5.401365706233));
#10062 = CARTESIAN_POINT('',(-83.0000001152,57.500600020051,
    5.401171182067));
#10063 = CARTESIAN_POINT('',(-83.00000006912,57.500480020675,
    5.401068526384));
#10064 = CARTESIAN_POINT('',(-83.00000003456,57.50036001898,
    5.400965872657));
#10065 = CARTESIAN_POINT('',(-83.00000001152,57.500240014969,
    5.400863220885));
#10066 = CARTESIAN_POINT('',(-83.,57.500120008642,5.400760571071));
#10067 = CARTESIAN_POINT('',(-83.,57.5,5.400657923215));
#10068 = ORIENTED_EDGE('',*,*,#10069,.F.);
#10069 = EDGE_CURVE('',#1739,#9813,#10070,.T.);
#10070 = LINE('',#10071,#10072);
#10071 = CARTESIAN_POINT('',(-83.,57.5,0.));
#10072 = VECTOR('',#10073,1.);
#10073 = DIRECTION('',(0.,0.,1.));
#10074 = CYLINDRICAL_SURFACE('',#10075,1.5);
#10075 = AXIS2_PLACEMENT_3D('',#10076,#10077,#10078);
#10076 = CARTESIAN_POINT('',(-84.5,57.5,0.));
#10077 = DIRECTION('',(0.,0.,-1.));
#10078 = DIRECTION('',(-1.,0.,0.));
#10079 = ADVANCED_FACE('',(#10080),#10099,.F.);
#10080 = FACE_BOUND('',#10081,.F.);
#10081 = EDGE_LOOP('',(#10082,#10083,#10091,#10098));
#10082 = ORIENTED_EDGE('',*,*,#1755,.F.);
#10083 = ORIENTED_EDGE('',*,*,#10084,.T.);
#10084 = EDGE_CURVE('',#1748,#10085,#10087,.T.);
#10085 = VERTEX_POINT('',#10086);
#10086 = CARTESIAN_POINT('',(-83.,47.5,3.));
#10087 = LINE('',#10088,#10089);
#10088 = CARTESIAN_POINT('',(-83.,47.5,0.));
#10089 = VECTOR('',#10090,1.);
#10090 = DIRECTION('',(0.,0.,1.));
#10091 = ORIENTED_EDGE('',*,*,#10092,.F.);
#10092 = EDGE_CURVE('',#9789,#10085,#10093,.T.);
#10093 = CIRCLE('',#10094,1.5);
#10094 = AXIS2_PLACEMENT_3D('',#10095,#10096,#10097);
#10095 = CARTESIAN_POINT('',(-84.5,47.5,3.));
#10096 = DIRECTION('',(0.,0.,1.));
#10097 = DIRECTION('',(-1.,0.,0.));
#10098 = ORIENTED_EDGE('',*,*,#9796,.F.);
#10099 = CYLINDRICAL_SURFACE('',#10100,1.5);
#10100 = AXIS2_PLACEMENT_3D('',#10101,#10102,#10103);
#10101 = CARTESIAN_POINT('',(-84.5,47.5,0.));
#10102 = DIRECTION('',(0.,0.,-1.));
#10103 = DIRECTION('',(-1.,0.,0.));
#10104 = ADVANCED_FACE('',(#10105),#10125,.T.);
#10105 = FACE_BOUND('',#10106,.F.);
#10106 = EDGE_LOOP('',(#10107,#10108,#10109,#10118,#10124));
#10107 = ORIENTED_EDGE('',*,*,#1747,.F.);
#10108 = ORIENTED_EDGE('',*,*,#10069,.T.);
#10109 = ORIENTED_EDGE('',*,*,#10110,.F.);
#10110 = EDGE_CURVE('',#10111,#9813,#10113,.T.);
#10111 = VERTEX_POINT('',#10112);
#10112 = CARTESIAN_POINT('',(-83.,51.,3.));
#10113 = CIRCLE('',#10114,10.);
#10114 = AXIS2_PLACEMENT_3D('',#10115,#10116,#10117);
#10115 = CARTESIAN_POINT('',(-83.,51.,13.));
#10116 = DIRECTION('',(1.,0.,0.));
#10117 = DIRECTION('',(0.,1.,0.));
#10118 = ORIENTED_EDGE('',*,*,#10119,.F.);
#10119 = EDGE_CURVE('',#10085,#10111,#10120,.T.);
#10120 = LINE('',#10121,#10122);
#10121 = CARTESIAN_POINT('',(-83.,46.374236596195,3.));
#10122 = VECTOR('',#10123,1.);
#10123 = DIRECTION('',(0.,1.,0.));
#10124 = ORIENTED_EDGE('',*,*,#10084,.F.);
#10125 = PLANE('',#10126);
#10126 = AXIS2_PLACEMENT_3D('',#10127,#10128,#10129);
#10127 = CARTESIAN_POINT('',(-83.,57.5,0.));
#10128 = DIRECTION('',(-1.,-0.,-0.));
#10129 = DIRECTION('',(0.,1.,0.));
#10130 = ADVANCED_FACE('',(#10131),#10165,.F.);
#10131 = FACE_BOUND('',#10132,.T.);
#10132 = EDGE_LOOP('',(#10133,#10134,#10142,#10151,#10159));
#10133 = ORIENTED_EDGE('',*,*,#1764,.F.);
#10134 = ORIENTED_EDGE('',*,*,#10135,.T.);
#10135 = EDGE_CURVE('',#1765,#10136,#10138,.T.);
#10136 = VERTEX_POINT('',#10137);
#10137 = CARTESIAN_POINT('',(-73.58333333333,57.5,5.400657923215));
#10138 = LINE('',#10139,#10140);
#10139 = CARTESIAN_POINT('',(-73.58333333333,57.5,0.));
#10140 = VECTOR('',#10141,1.);
#10141 = DIRECTION('',(0.,0.,1.));
#10142 = ORIENTED_EDGE('',*,*,#10143,.F.);
#10143 = EDGE_CURVE('',#10144,#10136,#10146,.T.);
#10144 = VERTEX_POINT('',#10145);
#10145 = CARTESIAN_POINT('',(-73.58333333333,51.,3.));
#10146 = CIRCLE('',#10147,10.);
#10147 = AXIS2_PLACEMENT_3D('',#10148,#10149,#10150);
#10148 = CARTESIAN_POINT('',(-73.58333333333,51.,13.));
#10149 = DIRECTION('',(1.,0.,0.));
#10150 = DIRECTION('',(0.,1.,0.));
#10151 = ORIENTED_EDGE('',*,*,#10152,.F.);
#10152 = EDGE_CURVE('',#10153,#10144,#10155,.T.);
#10153 = VERTEX_POINT('',#10154);
#10154 = CARTESIAN_POINT('',(-73.58333333333,47.5,3.));
#10155 = LINE('',#10156,#10157);
#10156 = CARTESIAN_POINT('',(-73.58333333333,46.374236596195,3.));
#10157 = VECTOR('',#10158,1.);
#10158 = DIRECTION('',(0.,1.,0.));
#10159 = ORIENTED_EDGE('',*,*,#10160,.F.);
#10160 = EDGE_CURVE('',#1767,#10153,#10161,.T.);
#10161 = LINE('',#10162,#10163);
#10162 = CARTESIAN_POINT('',(-73.58333333333,47.5,0.));
#10163 = VECTOR('',#10164,1.);
#10164 = DIRECTION('',(0.,0.,1.));
#10165 = PLANE('',#10166);
#10166 = AXIS2_PLACEMENT_3D('',#10167,#10168,#10169);
#10167 = CARTESIAN_POINT('',(-73.58333333333,57.5,0.));
#10168 = DIRECTION('',(-1.,-0.,-0.));
#10169 = DIRECTION('',(0.,1.,0.));
#10170 = ADVANCED_FACE('',(#10171),#10438,.F.);
#10171 = FACE_BOUND('',#10172,.F.);
#10172 = EDGE_LOOP('',(#10173,#10174,#10175,#10432));
#10173 = ORIENTED_EDGE('',*,*,#1774,.F.);
#10174 = ORIENTED_EDGE('',*,*,#10135,.T.);
#10175 = ORIENTED_EDGE('',*,*,#10176,.T.);
#10176 = EDGE_CURVE('',#10136,#10177,#10179,.T.);
#10177 = VERTEX_POINT('',#10178);
#10178 = CARTESIAN_POINT('',(-70.58333333333,57.5,5.400657923215));
#10179 = B_SPLINE_CURVE_WITH_KNOTS('',6,(#10180,#10181,#10182,#10183,
    #10184,#10185,#10186,#10187,#10188,#10189,#10190,#10191,#10192,
    #10193,#10194,#10195,#10196,#10197,#10198,#10199,#10200,#10201,
    #10202,#10203,#10204,#10205,#10206,#10207,#10208,#10209,#10210,
    #10211,#10212,#10213,#10214,#10215,#10216,#10217,#10218,#10219,
    #10220,#10221,#10222,#10223,#10224,#10225,#10226,#10227,#10228,
    #10229,#10230,#10231,#10232,#10233,#10234,#10235,#10236,#10237,
    #10238,#10239,#10240,#10241,#10242,#10243,#10244,#10245,#10246,
    #10247,#10248,#10249,#10250,#10251,#10252,#10253,#10254,#10255,
    #10256,#10257,#10258,#10259,#10260,#10261,#10262,#10263,#10264,
    #10265,#10266,#10267,#10268,#10269,#10270,#10271,#10272,#10273,
    #10274,#10275,#10276,#10277,#10278,#10279,#10280,#10281,#10282,
    #10283,#10284,#10285,#10286,#10287,#10288,#10289,#10290,#10291,
    #10292,#10293,#10294,#10295,#10296,#10297,#10298,#10299,#10300,
    #10301,#10302,#10303,#10304,#10305,#10306,#10307,#10308,#10309,
    #10310,#10311,#10312,#10313,#10314,#10315,#10316,#10317,#10318,
    #10319,#10320,#10321,#10322,#10323,#10324,#10325,#10326,#10327,
    #10328,#10329,#10330,#10331,#10332,#10333,#10334,#10335,#10336,
    #10337,#10338,#10339,#10340,#10341,#10342,#10343,#10344,#10345,
    #10346,#10347,#10348,#10349,#10350,#10351,#10352,#10353,#10354,
    #10355,#10356,#10357,#10358,#10359,#10360,#10361,#10362,#10363,
    #10364,#10365,#10366,#10367,#10368,#10369,#10370,#10371,#10372,
    #10373,#10374,#10375,#10376,#10377,#10378,#10379,#10380,#10381,
    #10382,#10383,#10384,#10385,#10386,#10387,#10388,#10389,#10390,
    #10391,#10392,#10393,#10394,#10395,#10396,#10397,#10398,#10399,
    #10400,#10401,#10402,#10403,#10404,#10405,#10406,#10407,#10408,
    #10409,#10410,#10411,#10412,#10413,#10414,#10415,#10416,#10417,
    #10418,#10419,#10420,#10421,#10422,#10423,#10424,#10425,#10426,
    #10427,#10428,#10429,#10430,#10431),.UNSPECIFIED.,.F.,.F.,(7,5,5,5,5
    ,5,5,5,5,5,5,5,5,5,5,5,5,5,5,5,5,5,5,5,5,5,5,5,5,5,5,5,5,5,5,5,5,5,5
    ,5,5,5,5,5,5,5,5,5,5,5,7),(0.,5.753599517264E-02,0.172058477281,
    0.281938779052,0.322083565517,0.377005852021,0.422425970134,
    0.448500360022,0.499775870866,0.577062293663,0.623104538263,
    0.679053181944,0.718257409556,0.827816924594,0.995075088335,
    0.995214736809,0.99532548367,0.995455480891,0.995590281459,
    0.995729884132,0.995869474388,0.996009052228,0.996148617649,
    0.996288170652,0.996427711234,0.996557617162,0.996697133758,
    0.99683663793,0.996976129679,0.997115609003,0.997255075901,
    0.997394530372,0.997533972416,0.99763493993,0.997774360545,
    0.997913768729,0.998053164483,0.998192547805,0.998331918695,
    0.998471277151,0.998605818345,0.998745152361,0.998884473942,
    0.999023783086,0.999163079793,0.999302364062,0.999436833623,
    0.999576093444,0.999710539398,0.999849774767,1.),.UNSPECIFIED.);
#10180 = CARTESIAN_POINT('',(-73.58333333333,57.5,5.400657923215));
#10181 = CARTESIAN_POINT('',(-73.58333333333,57.545963960415,
    5.439972608575));
#10182 = CARTESIAN_POINT('',(-73.58164319376,57.591581783713,
    5.47956897415));
#10183 = CARTESIAN_POINT('',(-73.57831060213,57.636795644654,
    5.519394509529));
#10184 = CARTESIAN_POINT('',(-73.57338266505,57.681551446128,
    5.559395420718));
#10185 = CARTESIAN_POINT('',(-73.5669059083,57.725798819157,
    5.599516630136));
#10186 = CARTESIAN_POINT('',(-73.54304322463,57.856458438873,
    5.719688273858));
#10187 = CARTESIAN_POINT('',(-73.52121074617,57.941200162106,
    5.799904245014));
#10188 = CARTESIAN_POINT('',(-73.49377622136,58.023468266935,
    5.880013305704));
#10189 = CARTESIAN_POINT('',(-73.46102167011,58.103055016784,
    5.959672023137));
#10190 = CARTESIAN_POINT('',(-73.42317204004,58.179766855669,
    6.0385067194));
#10191 = CARTESIAN_POINT('',(-73.33936857549,58.324045085766,
    6.190528972833));
#10192 = CARTESIAN_POINT('',(-73.29380219085,58.391861811275,
    6.263821682497));
#10193 = CARTESIAN_POINT('',(-73.24382044031,58.456732059554,
    6.335659107599));
#10194 = CARTESIAN_POINT('',(-73.18947907779,58.518497477669,
    6.405662357417));
#10195 = CARTESIAN_POINT('',(-73.13079690229,58.576938271226,
    6.473346776265));
#10196 = CARTESIAN_POINT('',(-73.0447556027,58.651780524836,
    6.561738176366));
#10197 = CARTESIAN_POINT('',(-73.02115179774,58.671324821817,
    6.584999052194));
#10198 = CARTESIAN_POINT('',(-72.99696707423,58.690372323871,
    6.607838417712));
#10199 = CARTESIAN_POINT('',(-72.97220116101,58.708906823363,
    6.630223127715));
#10200 = CARTESIAN_POINT('',(-72.94685417588,58.726910171259,
    6.652116874699));
#10201 = CARTESIAN_POINT('',(-72.88545501225,58.768238591896,
    6.702707447606));
#10202 = CARTESIAN_POINT('',(-72.84888903644,58.791088284045,
    6.730948377231));
#10203 = CARTESIAN_POINT('',(-72.81123963759,58.812852572806,
    6.758092478921));
#10204 = CARTESIAN_POINT('',(-72.7725194803,58.833469025196,
    6.784022242404));
#10205 = CARTESIAN_POINT('',(-72.73274295441,58.852871556003,
    6.808613145955));
#10206 = CARTESIAN_POINT('',(-72.65817115381,58.885974532592,
    6.850854060557));
#10207 = CARTESIAN_POINT('',(-72.62370101446,58.900082100484,
    6.868971038876));
#10208 = CARTESIAN_POINT('',(-72.58854787863,58.913263254339,
    6.885996552439));
#10209 = CARTESIAN_POINT('',(-72.55274476104,58.925470571141,
    6.901846049497));
#10210 = CARTESIAN_POINT('',(-72.51632556943,58.936659081988,
    6.91643846547));
#10211 = CARTESIAN_POINT('',(-72.45808419664,58.952600002089,
    6.937307122078));
#10212 = CARTESIAN_POINT('',(-72.43665603412,58.958062788395,
    6.944476745087));
#10213 = CARTESIAN_POINT('',(-72.41505049831,58.963165738894,
    6.951189387341));
#10214 = CARTESIAN_POINT('',(-72.39327895729,58.967900447141,
    6.957430250689));
#10215 = CARTESIAN_POINT('',(-72.37135426598,58.972258992361,
    6.963185443455));
#10216 = CARTESIAN_POINT('',(-72.3059027047,58.984050706901,
    6.97877900542));
#10217 = CARTESIAN_POINT('',(-72.26195825135,58.99038775641,
    6.987192698199));
#10218 = CARTESIAN_POINT('',(-72.2175930252,58.995182440146,
    6.993576481632));
#10219 = CARTESIAN_POINT('',(-72.17294320503,58.998393517248,
    6.997858080782));
#10220 = CARTESIAN_POINT('',(-72.12814486885,59.,7.));
#10221 = CARTESIAN_POINT('',(-72.01578991497,59.,7.));
#10222 = CARTESIAN_POINT('',(-71.94833870696,58.99635005889,
    6.995133965301));
#10223 = CARTESIAN_POINT('',(-71.88139624384,58.98907005705,
    6.985425719232));
#10224 = CARTESIAN_POINT('',(-71.81538333318,58.978259776521,
    6.971059931444));
#10225 = CARTESIAN_POINT('',(-71.75072057484,58.964110764741,
    6.952377166869));
#10226 = CARTESIAN_POINT('',(-71.65035410357,58.936675980789,
    6.916459987899));
#10227 = CARTESIAN_POINT('',(-71.61347997337,58.925345353779,
    6.90168210344));
#10228 = CARTESIAN_POINT('',(-71.5772375562,58.912970416318,
    6.885615770044));
#10229 = CARTESIAN_POINT('',(-71.54166197917,58.899597836451,
    6.868345121313));
#10230 = CARTESIAN_POINT('',(-71.50678742996,58.885276851189,
    6.849957935726));
#10231 = CARTESIAN_POINT('',(-71.43116129966,58.851567482926,
    6.80695660847));
#10232 = CARTESIAN_POINT('',(-71.39075363075,58.831749482796,
    6.781850273102));
#10233 = CARTESIAN_POINT('',(-71.35144070408,58.810678547072,
    6.755364929047));
#10234 = CARTESIAN_POINT('',(-71.31323723027,58.788423951743,
    6.727631222354));
#10235 = CARTESIAN_POINT('',(-71.27615607651,58.765050967834,
    6.698772146606));
#10236 = CARTESIAN_POINT('',(-71.21501898525,58.723502243519,
    6.647973221178));
#10237 = CARTESIAN_POINT('',(-71.19038208579,58.705861811286,
    6.626543994839));
#10238 = CARTESIAN_POINT('',(-71.16629805182,58.687718064796,
    6.604651734903));
#10239 = CARTESIAN_POINT('',(-71.14276698845,58.669087721138,
    6.582329920775));
#10240 = CARTESIAN_POINT('',(-71.11978862215,58.649985714403,
    6.559609140267));
#10241 = CARTESIAN_POINT('',(-71.03469005759,58.575761679161,
    6.471984409687));
#10242 = CARTESIAN_POINT('',(-70.97631788851,58.517507175853,
    6.404540316052));
#10243 = CARTESIAN_POINT('',(-70.92225114092,58.455957730039,
    6.334801986852));
#10244 = CARTESIAN_POINT('',(-70.8725087724,58.391330000613,
    6.263247371538));
#10245 = CARTESIAN_POINT('',(-70.82714619228,58.323780361797,
    6.190250594485));
#10246 = CARTESIAN_POINT('',(-70.72388715909,58.14601502861,
    6.002942442681));
#10247 = CARTESIAN_POINT('',(-70.67190130875,58.031944356829,
    5.886991972016));
#10248 = CARTESIAN_POINT('',(-70.63094979786,57.911897801267,
    5.769662462264));
#10249 = CARTESIAN_POINT('',(-70.6018457287,57.786563638293,
    5.652136725742));
#10250 = CARTESIAN_POINT('',(-70.58561123138,57.65674681311,
    5.535510812027));
#10251 = CARTESIAN_POINT('',(-70.58351674283,57.52345649627,
    5.420783987588));
#10252 = CARTESIAN_POINT('',(-70.5835150054,57.5233452992,5.420688280467
    ));
#10253 = CARTESIAN_POINT('',(-70.58351327784,57.5232341,5.420592574921)
  );
#10254 = CARTESIAN_POINT('',(-70.58351156013,57.523122898669,
    5.420496870949));
#10255 = CARTESIAN_POINT('',(-70.5835098523,57.52301169521,
    5.420401168553));
#10256 = CARTESIAN_POINT('',(-70.58350680776,57.522812299116,
    5.420229573131));
#10257 = CARTESIAN_POINT('',(-70.58350546741,57.522724107271,
    5.42015367952));
#10258 = CARTESIAN_POINT('',(-70.58350413325,57.522635914088,
    5.420077786902));
#10259 = CARTESIAN_POINT('',(-70.58350280531,57.522547719567,
    5.420001895276));
#10260 = CARTESIAN_POINT('',(-70.58350148356,57.52245952371,
    5.419926004642));
#10261 = CARTESIAN_POINT('',(-70.58349862381,57.522267798614,
    5.41976103399));
#10262 = CARTESIAN_POINT('',(-70.58349708815,57.52216426887,
    5.419671954347));
#10263 = CARTESIAN_POINT('',(-70.58349556105,57.522060737286,
    5.419582876073));
#10264 = CARTESIAN_POINT('',(-70.58349404249,57.521957203861,
    5.419493799168));
#10265 = CARTESIAN_POINT('',(-70.58349253248,57.521853668597,
    5.419404723634));
#10266 = CARTESIAN_POINT('',(-70.58348947409,57.521642768737,
    5.419223284053));
#10267 = CARTESIAN_POINT('',(-70.58348792635,57.521535404002,
    5.41913092011));
#10268 = CARTESIAN_POINT('',(-70.58348638781,57.521428037292,
    5.419038557641));
#10269 = CARTESIAN_POINT('',(-70.58348485847,57.521320668606,
    5.418946196648));
#10270 = CARTESIAN_POINT('',(-70.58348333832,57.521213297945,
    5.418853837132));
#10271 = CARTESIAN_POINT('',(-70.5834802626,57.520994727658,
    5.418665830913));
#10272 = CARTESIAN_POINT('',(-70.58347870769,57.520883527888,
    5.418570184316));
#10273 = CARTESIAN_POINT('',(-70.58347716265,57.520772326003,
    5.418474539305));
#10274 = CARTESIAN_POINT('',(-70.58347562747,57.520661122002,
    5.41837889588));
#10275 = CARTESIAN_POINT('',(-70.58347410216,57.520549915888,
    5.418283254043));
#10276 = CARTESIAN_POINT('',(-70.58347107141,57.520327509323,
    5.418091982048));
#10277 = CARTESIAN_POINT('',(-70.58346956597,57.520216308873,
    5.417996351892));
#10278 = CARTESIAN_POINT('',(-70.58346807039,57.520105106311,
    5.417900723324));
#10279 = CARTESIAN_POINT('',(-70.58346658468,57.519993901639,
    5.417805096345));
#10280 = CARTESIAN_POINT('',(-70.58346510885,57.519882694856,
    5.417709470956));
#10281 = CARTESIAN_POINT('',(-70.58346217703,57.519660286965,
    5.417518231866));
#10282 = CARTESIAN_POINT('',(-70.58346072106,57.519549085857,
    5.417422618165));
#10283 = CARTESIAN_POINT('',(-70.58345927496,57.519437882641,
    5.417327006055));
#10284 = CARTESIAN_POINT('',(-70.58345783872,57.519326677318,
    5.417231395538));
#10285 = CARTESIAN_POINT('',(-70.58345641235,57.51921546989,
    5.417135786613));
#10286 = CARTESIAN_POINT('',(-70.58345357948,57.518993060716,
    5.416944580459));
#10287 = CARTESIAN_POINT('',(-70.58345217297,57.518881858972,
    5.416848983228));
#10288 = CARTESIAN_POINT('',(-70.58345077634,57.518770655124,
    5.416753387592));
#10289 = CARTESIAN_POINT('',(-70.58344938957,57.518659449174,
    5.416657793551));
#10290 = CARTESIAN_POINT('',(-70.58344801267,57.518548241121,
    5.416562201107));
#10291 = CARTESIAN_POINT('',(-70.58344527874,57.518325830709,
    5.416371027917));
#10292 = CARTESIAN_POINT('',(-70.5834439217,57.518214628351,
    5.416275447173));
#10293 = CARTESIAN_POINT('',(-70.58344257454,57.518103423893,
    5.416179868026));
#10294 = CARTESIAN_POINT('',(-70.58344123724,57.517992217336,
    5.416084290477));
#10295 = CARTESIAN_POINT('',(-70.58343990982,57.517881008681,
    5.415988714527));
#10296 = CARTESIAN_POINT('',(-70.58343727482,57.517658597076,
    5.415797574335));
#10297 = CARTESIAN_POINT('',(-70.58343596726,57.517547394125,
    5.415702010091));
#10298 = CARTESIAN_POINT('',(-70.58343466956,57.517436189079,
    5.415606447449));
#10299 = CARTESIAN_POINT('',(-70.58343338173,57.517324981938,
    5.415510886407));
#10300 = CARTESIAN_POINT('',(-70.58343210378,57.517213772703,
    5.415415326968));
#10301 = CARTESIAN_POINT('',(-70.58342965517,57.516999028693,
    5.415230809138));
#10302 = CARTESIAN_POINT('',(-70.5834284832,57.516895494198,
    5.415141850534));
#10303 = CARTESIAN_POINT('',(-70.58342731979,57.516791957888,
    5.41505289332));
#10304 = CARTESIAN_POINT('',(-70.58342616493,57.516688419767,
    5.414963937496));
#10305 = CARTESIAN_POINT('',(-70.58342501864,57.516584879834,
    5.414874983064));
#10306 = CARTESIAN_POINT('',(-70.58342265899,57.516370136147,
    5.414690496082));
#10307 = CARTESIAN_POINT('',(-70.58342144695,57.516258932115,
    5.414594963747));
#10308 = CARTESIAN_POINT('',(-70.58342024478,57.516147725996,
    5.414499433018));
#10309 = CARTESIAN_POINT('',(-70.58341905248,57.516036517789,
    5.414403903896));
#10310 = CARTESIAN_POINT('',(-70.58341787006,57.515925307497,
    5.414308376383));
#10311 = CARTESIAN_POINT('',(-70.58341552507,57.515702892644,
    5.41411733308));
#10312 = CARTESIAN_POINT('',(-70.5834143625,57.515591688085,
    5.414021817291));
#10313 = CARTESIAN_POINT('',(-70.5834132098,57.515480481442,
    5.413926303111));
#10314 = CARTESIAN_POINT('',(-70.58341206698,57.515369272716,
    5.413830790541));
#10315 = CARTESIAN_POINT('',(-70.58341093403,57.515258061908,
    5.413735279583));
#10316 = CARTESIAN_POINT('',(-70.58340868798,57.515035646034,
    5.413544269397));
#10317 = CARTESIAN_POINT('',(-70.58340757488,57.514924440969,
    5.413448770169));
#10318 = CARTESIAN_POINT('',(-70.58340647166,57.514813233824,
    5.413353272554));
#10319 = CARTESIAN_POINT('',(-70.5834053783,57.5147020246,5.413257776552
    ));
#10320 = CARTESIAN_POINT('',(-70.58340429483,57.514590813299,
    5.413162282165));
#10321 = CARTESIAN_POINT('',(-70.58340214772,57.514368396448,
    5.412971305126));
#10322 = CARTESIAN_POINT('',(-70.58340108409,57.514257190899,
    5.412875822475));
#10323 = CARTESIAN_POINT('',(-70.58340003034,57.514145983275,
    5.412780341439));
#10324 = CARTESIAN_POINT('',(-70.58339898646,57.514034773576,
    5.41268486202));
#10325 = CARTESIAN_POINT('',(-70.58339795246,57.513923561803,
    5.412589384219));
#10326 = CARTESIAN_POINT('',(-70.58339590429,57.513701144019,
    5.412398440358));
#10327 = CARTESIAN_POINT('',(-70.58339489013,57.513589938009,
    5.412302974298));
#10328 = CARTESIAN_POINT('',(-70.58339388585,57.513478729926,
    5.412207509858));
#10329 = CARTESIAN_POINT('',(-70.58339289144,57.513367519774,
    5.412112047037));
#10330 = CARTESIAN_POINT('',(-70.58339190691,57.513256307551,
    5.412016585836));
#10331 = CARTESIAN_POINT('',(-70.58338995769,57.513033888878,
    5.411825675184));
#10332 = CARTESIAN_POINT('',(-70.58338899301,57.512922682428,
    5.411730225732));
#10333 = CARTESIAN_POINT('',(-70.58338803819,57.512811473911,
    5.411634777901));
#10334 = CARTESIAN_POINT('',(-70.58338709326,57.512700263326,
    5.411539331694));
#10335 = CARTESIAN_POINT('',(-70.5833861582,57.512589050676,
    5.41144388711));
#10336 = CARTESIAN_POINT('',(-70.58338430793,57.512366631158,
    5.411253009696));
#10337 = CARTESIAN_POINT('',(-70.58338339271,57.512255424291,
    5.411157576866));
#10338 = CARTESIAN_POINT('',(-70.58338248737,57.512144215359,
    5.411062145661));
#10339 = CARTESIAN_POINT('',(-70.58338159191,57.512033004366,
    5.410966716082));
#10340 = CARTESIAN_POINT('',(-70.58338070632,57.51192179131,
    5.41087128813));
#10341 = CARTESIAN_POINT('',(-70.58337919654,57.511730047298,
    5.410706765293));
#10342 = CARTESIAN_POINT('',(-70.58337856764,57.511649517322,
    5.410637669634));
#10343 = CARTESIAN_POINT('',(-70.58337794392,57.511568986266,
    5.410568574829));
#10344 = CARTESIAN_POINT('',(-70.58337732537,57.51148845413,
    5.410499480878));
#10345 = CARTESIAN_POINT('',(-70.58337671201,57.511407920914,
    5.410430387781));
#10346 = CARTESIAN_POINT('',(-70.58337526403,57.511216181141,
    5.410265889775));
#10347 = CARTESIAN_POINT('',(-70.58337443411,57.511104973605,
    5.41017048564));
#10348 = CARTESIAN_POINT('',(-70.58337361406,57.510993764012,
    5.410075083136));
#10349 = CARTESIAN_POINT('',(-70.5833728039,57.510882552364,
    5.409979682262));
#10350 = CARTESIAN_POINT('',(-70.58337200362,57.510771338661,
    5.409884283021));
#10351 = CARTESIAN_POINT('',(-70.58337042288,57.510548917064,
    5.409693496309));
#10352 = CARTESIAN_POINT('',(-70.58336964243,57.51043770917,
    5.409598108838));
#10353 = CARTESIAN_POINT('',(-70.58336887186,57.510326499224,5.409502723
    ));
#10354 = CARTESIAN_POINT('',(-70.58336811117,57.510215287227,
    5.409407338797));
#10355 = CARTESIAN_POINT('',(-70.58336736036,57.510104073178,
    5.409311956229));
#10356 = CARTESIAN_POINT('',(-70.58336587857,57.5098816509,
    5.409121202869));
#10357 = CARTESIAN_POINT('',(-70.58336514759,57.50977044267,
    5.409025832077));
#10358 = CARTESIAN_POINT('',(-70.58336442649,57.509659232393,
    5.408930462922));
#10359 = CARTESIAN_POINT('',(-70.58336371527,57.509548020067,
    5.408835095403));
#10360 = CARTESIAN_POINT('',(-70.58336301393,57.509436805696,
    5.408739729523));
#10361 = CARTESIAN_POINT('',(-70.58336163109,57.50921438278,
    5.408549009546));
#10362 = CARTESIAN_POINT('',(-70.58336094958,57.509103174237,
    5.408453655448));
#10363 = CARTESIAN_POINT('',(-70.58336027795,57.508991963649,
    5.40835830299));
#10364 = CARTESIAN_POINT('',(-70.58335961621,57.508880751019,
    5.408262952173));
#10365 = CARTESIAN_POINT('',(-70.58335896435,57.508769536346,
    5.408167602996));
#10366 = CARTESIAN_POINT('',(-70.58335768045,57.508547112837,
    5.407976916432));
#10367 = CARTESIAN_POINT('',(-70.58335704841,57.508435904002,
    5.407881579043));
#10368 = CARTESIAN_POINT('',(-70.58335642626,57.508324693127,
    5.407786243298));
#10369 = CARTESIAN_POINT('',(-70.58335581399,57.508213480212,
    5.407690909196));
#10370 = CARTESIAN_POINT('',(-70.5833552116,57.50810226526,
    5.407595576738));
#10371 = CARTESIAN_POINT('',(-70.58335402665,57.507879841202,
    5.407404923616));
#10372 = CARTESIAN_POINT('',(-70.58335344408,57.507768632097,
    5.407309602953));
#10373 = CARTESIAN_POINT('',(-70.5833528714,57.507657420957,
    5.407214283935));
#10374 = CARTESIAN_POINT('',(-70.5833523086,57.507546207781,
    5.407118966563));
#10375 = CARTESIAN_POINT('',(-70.58335175569,57.507434992571,
    5.407023650839));
#10376 = CARTESIAN_POINT('',(-70.58335068841,57.507216402578,
    5.406836317449));
#10377 = CARTESIAN_POINT('',(-70.58335017337,57.507109027933,
    5.406744299671));
#10378 = CARTESIAN_POINT('',(-70.58334966754,57.507001651394,
    5.40665228343));
#10379 = CARTESIAN_POINT('',(-70.58334917093,57.506894272962,
    5.406560268726));
#10380 = CARTESIAN_POINT('',(-70.58334868353,57.506786892637,
    5.406468255561));
#10381 = CARTESIAN_POINT('',(-70.58334771014,57.506568302879,
    5.406280954537));
#10382 = CARTESIAN_POINT('',(-70.58334722481,57.506457093308,
    5.40618566679));
#10383 = CARTESIAN_POINT('',(-70.58334674937,57.506345881709,
    5.406090380695));
#10384 = CARTESIAN_POINT('',(-70.58334628382,57.506234668083,
    5.405995096252));
#10385 = CARTESIAN_POINT('',(-70.58334582815,57.506123452432,
    5.405899813463));
#10386 = CARTESIAN_POINT('',(-70.58334493662,57.505901027004,
    5.405709259696));
#10387 = CARTESIAN_POINT('',(-70.58334450077,57.505789817229,
    5.405613988718));
#10388 = CARTESIAN_POINT('',(-70.5833440748,57.50567860543,
    5.405518719396));
#10389 = CARTESIAN_POINT('',(-70.58334365872,57.505567391608,
    5.405423451728));
#10390 = CARTESIAN_POINT('',(-70.58334325252,57.505456175764,
    5.405328185718));
#10391 = CARTESIAN_POINT('',(-70.58334245995,57.505233749962,
    5.405137665514));
#10392 = CARTESIAN_POINT('',(-70.58334207356,57.505122540005,
    5.405042411321));
#10393 = CARTESIAN_POINT('',(-70.58334169707,57.505011328027,
    5.404947158786));
#10394 = CARTESIAN_POINT('',(-70.58334133046,57.504900114031,
    5.404851907909));
#10395 = CARTESIAN_POINT('',(-70.58334097374,57.504788898017,
    5.404756658692));
#10396 = CARTESIAN_POINT('',(-70.58334028011,57.504566471884,
    5.404566172082));
#10397 = CARTESIAN_POINT('',(-70.5833399432,57.504455261766,
    5.404470934689));
#10398 = CARTESIAN_POINT('',(-70.58333961618,57.504344049633,
    5.404375698957));
#10399 = CARTESIAN_POINT('',(-70.58333929904,57.504232835484,
    5.404280464886));
#10400 = CARTESIAN_POINT('',(-70.5833389918,57.504121619322,
    5.404185232478));
#10401 = CARTESIAN_POINT('',(-70.58333839712,57.503899192903,
    5.403994779492));
#10402 = CARTESIAN_POINT('',(-70.58333810968,57.503787982646,
    5.403899558913));
#10403 = CARTESIAN_POINT('',(-70.58333783213,57.503676770378,
    5.403804339999));
#10404 = CARTESIAN_POINT('',(-70.58333756447,57.5035655561,
    5.403709122749));
#10405 = CARTESIAN_POINT('',(-70.5833373067,57.503454339811,
    5.403613907165));
#10406 = CARTESIAN_POINT('',(-70.58333681951,57.503235747756,
    5.403426770636));
#10407 = CARTESIAN_POINT('',(-70.58333658942,57.503128372125,
    5.403334849578));
#10408 = CARTESIAN_POINT('',(-70.58333636855,57.503020994622,
    5.403242930074));
#10409 = CARTESIAN_POINT('',(-70.5833361569,57.502913615249,
    5.403151012125));
#10410 = CARTESIAN_POINT('',(-70.58333595447,57.502806234007,
    5.403059095732));
#10411 = CARTESIAN_POINT('',(-70.58333556117,57.502587642435,
    5.402871991741));
#10412 = CARTESIAN_POINT('',(-70.58333537097,57.50247643197,
    5.402776804256));
#10413 = CARTESIAN_POINT('',(-70.58333519066,57.502365219502,
    5.402681618441));
#10414 = CARTESIAN_POINT('',(-70.58333502025,57.502254005032,
    5.402586434297));
#10415 = CARTESIAN_POINT('',(-70.58333485972,57.50214278856,
    5.402491251824));
#10416 = CARTESIAN_POINT('',(-70.58333456366,57.501924196162,
    5.402304180389));
#10417 = CARTESIAN_POINT('',(-70.58333442746,57.501816820371,
    5.402212291312));
#10418 = CARTESIAN_POINT('',(-70.58333430048,57.501709442717,
    5.402120403794));
#10419 = CARTESIAN_POINT('',(-70.58333418271,57.5016020632,
    5.402028517838));
#10420 = CARTESIAN_POINT('',(-70.58333407418,57.50149468182,
    5.401936633442));
#10421 = CARTESIAN_POINT('',(-70.58333387201,57.501276089989,
    5.4017495946));
#10422 = CARTESIAN_POINT('',(-70.58333377905,57.501164879401,
    5.401654440267));
#10423 = CARTESIAN_POINT('',(-70.58333369598,57.501053666818,
    5.40155928761));
#10424 = CARTESIAN_POINT('',(-70.5833336228,57.500942452241,
    5.40146413663));
#10425 = CARTESIAN_POINT('',(-70.58333355952,57.50083123567,
    5.401368987327));
#10426 = CARTESIAN_POINT('',(-70.58333344854,57.500600020051,
    5.401171182067));
#10427 = CARTESIAN_POINT('',(-70.58333340246,57.500480020675,
    5.401068526384));
#10428 = CARTESIAN_POINT('',(-70.58333336789,57.50036001898,
    5.400965872657));
#10429 = CARTESIAN_POINT('',(-70.58333334485,57.500240014969,
    5.400863220885));
#10430 = CARTESIAN_POINT('',(-70.58333333333,57.500120008642,
    5.400760571071));
#10431 = CARTESIAN_POINT('',(-70.58333333333,57.5,5.400657923215));
#10432 = ORIENTED_EDGE('',*,*,#10433,.F.);
#10433 = EDGE_CURVE('',#1775,#10177,#10434,.T.);
#10434 = LINE('',#10435,#10436);
#10435 = CARTESIAN_POINT('',(-70.58333333333,57.5,0.));
#10436 = VECTOR('',#10437,1.);
#10437 = DIRECTION('',(0.,0.,1.));
#10438 = CYLINDRICAL_SURFACE('',#10439,1.5);
#10439 = AXIS2_PLACEMENT_3D('',#10440,#10441,#10442);
#10440 = CARTESIAN_POINT('',(-72.08333333333,57.5,0.));
#10441 = DIRECTION('',(0.,0.,-1.));
#10442 = DIRECTION('',(-1.,0.,0.));
#10443 = ADVANCED_FACE('',(#10444),#10463,.F.);
#10444 = FACE_BOUND('',#10445,.F.);
#10445 = EDGE_LOOP('',(#10446,#10447,#10455,#10462));
#10446 = ORIENTED_EDGE('',*,*,#1791,.F.);
#10447 = ORIENTED_EDGE('',*,*,#10448,.T.);
#10448 = EDGE_CURVE('',#1784,#10449,#10451,.T.);
#10449 = VERTEX_POINT('',#10450);
#10450 = CARTESIAN_POINT('',(-70.58333333333,47.5,3.));
#10451 = LINE('',#10452,#10453);
#10452 = CARTESIAN_POINT('',(-70.58333333333,47.5,0.));
#10453 = VECTOR('',#10454,1.);
#10454 = DIRECTION('',(0.,0.,1.));
#10455 = ORIENTED_EDGE('',*,*,#10456,.F.);
#10456 = EDGE_CURVE('',#10153,#10449,#10457,.T.);
#10457 = CIRCLE('',#10458,1.5);
#10458 = AXIS2_PLACEMENT_3D('',#10459,#10460,#10461);
#10459 = CARTESIAN_POINT('',(-72.08333333333,47.5,3.));
#10460 = DIRECTION('',(0.,0.,1.));
#10461 = DIRECTION('',(-1.,0.,0.));
#10462 = ORIENTED_EDGE('',*,*,#10160,.F.);
#10463 = CYLINDRICAL_SURFACE('',#10464,1.5);
#10464 = AXIS2_PLACEMENT_3D('',#10465,#10466,#10467);
#10465 = CARTESIAN_POINT('',(-72.08333333333,47.5,0.));
#10466 = DIRECTION('',(0.,0.,-1.));
#10467 = DIRECTION('',(-1.,0.,0.));
#10468 = ADVANCED_FACE('',(#10469),#10489,.T.);
#10469 = FACE_BOUND('',#10470,.F.);
#10470 = EDGE_LOOP('',(#10471,#10472,#10473,#10482,#10488));
#10471 = ORIENTED_EDGE('',*,*,#1783,.F.);
#10472 = ORIENTED_EDGE('',*,*,#10433,.T.);
#10473 = ORIENTED_EDGE('',*,*,#10474,.F.);
#10474 = EDGE_CURVE('',#10475,#10177,#10477,.T.);
#10475 = VERTEX_POINT('',#10476);
#10476 = CARTESIAN_POINT('',(-70.58333333333,51.,3.));
#10477 = CIRCLE('',#10478,10.);
#10478 = AXIS2_PLACEMENT_3D('',#10479,#10480,#10481);
#10479 = CARTESIAN_POINT('',(-70.58333333333,51.,13.));
#10480 = DIRECTION('',(1.,0.,0.));
#10481 = DIRECTION('',(0.,1.,0.));
#10482 = ORIENTED_EDGE('',*,*,#10483,.F.);
#10483 = EDGE_CURVE('',#10449,#10475,#10484,.T.);
#10484 = LINE('',#10485,#10486);
#10485 = CARTESIAN_POINT('',(-70.58333333333,46.374236596195,3.));
#10486 = VECTOR('',#10487,1.);
#10487 = DIRECTION('',(0.,1.,0.));
#10488 = ORIENTED_EDGE('',*,*,#10448,.F.);
#10489 = PLANE('',#10490);
#10490 = AXIS2_PLACEMENT_3D('',#10491,#10492,#10493);
#10491 = CARTESIAN_POINT('',(-70.58333333333,57.5,0.));
#10492 = DIRECTION('',(-1.,-0.,-0.));
#10493 = DIRECTION('',(0.,1.,0.));
#10494 = ADVANCED_FACE('',(#10495),#10529,.F.);
#10495 = FACE_BOUND('',#10496,.T.);
#10496 = EDGE_LOOP('',(#10497,#10498,#10506,#10515,#10523));
#10497 = ORIENTED_EDGE('',*,*,#1800,.F.);
#10498 = ORIENTED_EDGE('',*,*,#10499,.T.);
#10499 = EDGE_CURVE('',#1801,#10500,#10502,.T.);
#10500 = VERTEX_POINT('',#10501);
#10501 = CARTESIAN_POINT('',(-61.16666666666,57.5,5.400657923215));
#10502 = LINE('',#10503,#10504);
#10503 = CARTESIAN_POINT('',(-61.16666666666,57.5,0.));
#10504 = VECTOR('',#10505,1.);
#10505 = DIRECTION('',(0.,0.,1.));
#10506 = ORIENTED_EDGE('',*,*,#10507,.F.);
#10507 = EDGE_CURVE('',#10508,#10500,#10510,.T.);
#10508 = VERTEX_POINT('',#10509);
#10509 = CARTESIAN_POINT('',(-61.16666666666,51.,3.));
#10510 = CIRCLE('',#10511,10.);
#10511 = AXIS2_PLACEMENT_3D('',#10512,#10513,#10514);
#10512 = CARTESIAN_POINT('',(-61.16666666666,51.,13.));
#10513 = DIRECTION('',(1.,0.,0.));
#10514 = DIRECTION('',(0.,1.,0.));
#10515 = ORIENTED_EDGE('',*,*,#10516,.F.);
#10516 = EDGE_CURVE('',#10517,#10508,#10519,.T.);
#10517 = VERTEX_POINT('',#10518);
#10518 = CARTESIAN_POINT('',(-61.16666666666,47.5,3.));
#10519 = LINE('',#10520,#10521);
#10520 = CARTESIAN_POINT('',(-61.16666666666,46.374236596195,3.));
#10521 = VECTOR('',#10522,1.);
#10522 = DIRECTION('',(0.,1.,0.));
#10523 = ORIENTED_EDGE('',*,*,#10524,.F.);
#10524 = EDGE_CURVE('',#1803,#10517,#10525,.T.);
#10525 = LINE('',#10526,#10527);
#10526 = CARTESIAN_POINT('',(-61.16666666666,47.5,0.));
#10527 = VECTOR('',#10528,1.);
#10528 = DIRECTION('',(0.,0.,1.));
#10529 = PLANE('',#10530);
#10530 = AXIS2_PLACEMENT_3D('',#10531,#10532,#10533);
#10531 = CARTESIAN_POINT('',(-61.16666666666,57.5,0.));
#10532 = DIRECTION('',(-1.,-0.,-0.));
#10533 = DIRECTION('',(0.,1.,0.));
#10534 = ADVANCED_FACE('',(#10535),#10802,.F.);
#10535 = FACE_BOUND('',#10536,.F.);
#10536 = EDGE_LOOP('',(#10537,#10538,#10539,#10796));
#10537 = ORIENTED_EDGE('',*,*,#1810,.F.);
#10538 = ORIENTED_EDGE('',*,*,#10499,.T.);
#10539 = ORIENTED_EDGE('',*,*,#10540,.T.);
#10540 = EDGE_CURVE('',#10500,#10541,#10543,.T.);
#10541 = VERTEX_POINT('',#10542);
#10542 = CARTESIAN_POINT('',(-58.16666666666,57.5,5.400657923215));
#10543 = B_SPLINE_CURVE_WITH_KNOTS('',6,(#10544,#10545,#10546,#10547,
    #10548,#10549,#10550,#10551,#10552,#10553,#10554,#10555,#10556,
    #10557,#10558,#10559,#10560,#10561,#10562,#10563,#10564,#10565,
    #10566,#10567,#10568,#10569,#10570,#10571,#10572,#10573,#10574,
    #10575,#10576,#10577,#10578,#10579,#10580,#10581,#10582,#10583,
    #10584,#10585,#10586,#10587,#10588,#10589,#10590,#10591,#10592,
    #10593,#10594,#10595,#10596,#10597,#10598,#10599,#10600,#10601,
    #10602,#10603,#10604,#10605,#10606,#10607,#10608,#10609,#10610,
    #10611,#10612,#10613,#10614,#10615,#10616,#10617,#10618,#10619,
    #10620,#10621,#10622,#10623,#10624,#10625,#10626,#10627,#10628,
    #10629,#10630,#10631,#10632,#10633,#10634,#10635,#10636,#10637,
    #10638,#10639,#10640,#10641,#10642,#10643,#10644,#10645,#10646,
    #10647,#10648,#10649,#10650,#10651,#10652,#10653,#10654,#10655,
    #10656,#10657,#10658,#10659,#10660,#10661,#10662,#10663,#10664,
    #10665,#10666,#10667,#10668,#10669,#10670,#10671,#10672,#10673,
    #10674,#10675,#10676,#10677,#10678,#10679,#10680,#10681,#10682,
    #10683,#10684,#10685,#10686,#10687,#10688,#10689,#10690,#10691,
    #10692,#10693,#10694,#10695,#10696,#10697,#10698,#10699,#10700,
    #10701,#10702,#10703,#10704,#10705,#10706,#10707,#10708,#10709,
    #10710,#10711,#10712,#10713,#10714,#10715,#10716,#10717,#10718,
    #10719,#10720,#10721,#10722,#10723,#10724,#10725,#10726,#10727,
    #10728,#10729,#10730,#10731,#10732,#10733,#10734,#10735,#10736,
    #10737,#10738,#10739,#10740,#10741,#10742,#10743,#10744,#10745,
    #10746,#10747,#10748,#10749,#10750,#10751,#10752,#10753,#10754,
    #10755,#10756,#10757,#10758,#10759,#10760,#10761,#10762,#10763,
    #10764,#10765,#10766,#10767,#10768,#10769,#10770,#10771,#10772,
    #10773,#10774,#10775,#10776,#10777,#10778,#10779,#10780,#10781,
    #10782,#10783,#10784,#10785,#10786,#10787,#10788,#10789,#10790,
    #10791,#10792,#10793,#10794,#10795),.UNSPECIFIED.,.F.,.F.,(7,5,5,5,5
    ,5,5,5,5,5,5,5,5,5,5,5,5,5,5,5,5,5,5,5,5,5,5,5,5,5,5,5,5,5,5,5,5,5,5
    ,5,5,5,5,5,5,5,5,5,5,5,7),(0.,5.753598768789E-02,0.172058447761,
    0.281938739216,0.322083519486,0.377005797517,0.422425908621,
    0.448500294486,0.499775797419,0.57706220829,0.623104445786,
    0.679053093419,0.718257333078,0.827816881783,0.995079903418,
    0.995219551481,0.995359187132,0.995498810369,0.995638421192,
    0.9957780196,0.995917605592,0.996052366491,0.996191928075,
    0.996331477239,0.996471013984,0.996600916338,0.996740429095,
    0.996879929429,0.997019417338,0.99715408353,0.997293547017,
    0.997423381161,0.997548396451,0.997678209448,0.997817626222,
    0.997957030566,0.998096422478,0.998235801959,0.998365557885,
    0.998504913357,0.998644256394,0.998783586996,0.998922905163,
    0.999062210893,0.999201504186,0.99933598246,0.999470449138,
    0.999600102452,0.999734546352,0.999873779593,1.),.UNSPECIFIED.);
#10544 = CARTESIAN_POINT('',(-61.16666666666,57.5,5.400657923215));
#10545 = CARTESIAN_POINT('',(-61.16666666666,57.545963959338,
    5.439972607654));
#10546 = CARTESIAN_POINT('',(-61.164976527,57.591581783971,
    5.479568974406));
#10547 = CARTESIAN_POINT('',(-61.16164393537,57.636795645704,
    5.51939451046));
#10548 = CARTESIAN_POINT('',(-61.15671599844,57.681551446432,
    5.55939542096));
#10549 = CARTESIAN_POINT('',(-61.15023924181,57.725798818137,
    5.599516629198));
#10550 = CARTESIAN_POINT('',(-61.12637655858,57.856458435482,
    5.719688270739));
#10551 = CARTESIAN_POINT('',(-61.10454407779,57.941200167192,
    5.799904249961));
#10552 = CARTESIAN_POINT('',(-61.07710955517,58.023468267182,
    5.880013305753));
#10553 = CARTESIAN_POINT('',(-61.04435500539,58.103055011815,
    5.959672018214));
#10554 = CARTESIAN_POINT('',(-61.00650537171,58.179766858529,
    6.038506722413));
#10555 = CARTESIAN_POINT('',(-60.92270190637,58.324045089984,
    6.190528977277));
#10556 = CARTESIAN_POINT('',(-60.87713552906,58.391861805126,
    6.263821675715));
#10557 = CARTESIAN_POINT('',(-60.82715377301,58.456732059132,
    6.33565910735));
#10558 = CARTESIAN_POINT('',(-60.77281240595,58.518497483619,
    6.40566236408));
#10559 = CARTESIAN_POINT('',(-60.71413023943,58.576938267915,
    6.473346772355));
#10560 = CARTESIAN_POINT('',(-60.62808893604,58.651780524836,
    6.561738176366));
#10561 = CARTESIAN_POINT('',(-60.60448513108,58.671324821817,
    6.584999052194));
#10562 = CARTESIAN_POINT('',(-60.58030040756,58.690372323871,
    6.607838417712));
#10563 = CARTESIAN_POINT('',(-60.55553449434,58.708906823363,
    6.630223127715));
#10564 = CARTESIAN_POINT('',(-60.53018750921,58.726910171259,
    6.652116874699));
#10565 = CARTESIAN_POINT('',(-60.46878834558,58.768238591896,
    6.702707447606));
#10566 = CARTESIAN_POINT('',(-60.43222236977,58.791088284045,
    6.730948377231));
#10567 = CARTESIAN_POINT('',(-60.39457297092,58.812852572806,
    6.758092478921));
#10568 = CARTESIAN_POINT('',(-60.35585281364,58.833469025196,
    6.784022242404));
#10569 = CARTESIAN_POINT('',(-60.31607628775,58.852871556003,
    6.808613145955));
#10570 = CARTESIAN_POINT('',(-60.24150448715,58.885974532592,
    6.850854060557));
#10571 = CARTESIAN_POINT('',(-60.2070343478,58.900082100484,
    6.868971038876));
#10572 = CARTESIAN_POINT('',(-60.17188121196,58.913263254339,
    6.885996552439));
#10573 = CARTESIAN_POINT('',(-60.13607809437,58.925470571141,
    6.901846049497));
#10574 = CARTESIAN_POINT('',(-60.09965890276,58.936659081988,
    6.91643846547));
#10575 = CARTESIAN_POINT('',(-60.04141752998,58.952600002089,
    6.937307122078));
#10576 = CARTESIAN_POINT('',(-60.01998936746,58.958062788395,
    6.944476745087));
#10577 = CARTESIAN_POINT('',(-59.99838383164,58.963165738894,
    6.951189387341));
#10578 = CARTESIAN_POINT('',(-59.97661229063,58.967900447141,
    6.957430250689));
#10579 = CARTESIAN_POINT('',(-59.95468759931,58.972258992361,
    6.963185443455));
#10580 = CARTESIAN_POINT('',(-59.88923603803,58.984050706901,
    6.97877900542));
#10581 = CARTESIAN_POINT('',(-59.84529158469,58.99038775641,
    6.987192698199));
#10582 = CARTESIAN_POINT('',(-59.80092635853,58.995182440146,
    6.993576481632));
#10583 = CARTESIAN_POINT('',(-59.75627653836,58.998393517248,
    6.997858080782));
#10584 = CARTESIAN_POINT('',(-59.71147820218,59.,7.));
#10585 = CARTESIAN_POINT('',(-59.5991232483,59.,7.));
#10586 = CARTESIAN_POINT('',(-59.5316720403,58.99635005889,
    6.995133965301));
#10587 = CARTESIAN_POINT('',(-59.46472957717,58.98907005705,
    6.985425719232));
#10588 = CARTESIAN_POINT('',(-59.39871666651,58.978259776521,
    6.971059931444));
#10589 = CARTESIAN_POINT('',(-59.33405390817,58.964110764741,
    6.952377166869));
#10590 = CARTESIAN_POINT('',(-59.2336874369,58.936675980789,
    6.916459987899));
#10591 = CARTESIAN_POINT('',(-59.19681330671,58.925345353779,
    6.90168210344));
#10592 = CARTESIAN_POINT('',(-59.16057088953,58.912970416318,
    6.885615770044));
#10593 = CARTESIAN_POINT('',(-59.1249953125,58.899597836451,
    6.868345121313));
#10594 = CARTESIAN_POINT('',(-59.09012076329,58.885276851189,
    6.849957935726));
#10595 = CARTESIAN_POINT('',(-59.01449462366,58.851567478766,
    6.806956603164));
#10596 = CARTESIAN_POINT('',(-58.97408696605,58.831749484713,
    6.78185027539));
#10597 = CARTESIAN_POINT('',(-58.9347740462,58.810678551957,
    6.755364935134));
#10598 = CARTESIAN_POINT('',(-58.89657056623,58.788423952362,
    6.727631223231));
#10599 = CARTESIAN_POINT('',(-58.85948940134,58.765050962053,
    6.698772139537));
#10600 = CARTESIAN_POINT('',(-58.79835231859,58.723502243519,
    6.647973221178));
#10601 = CARTESIAN_POINT('',(-58.77371541912,58.705861811286,
    6.626543994839));
#10602 = CARTESIAN_POINT('',(-58.74963138516,58.687718064796,
    6.604651734903));
#10603 = CARTESIAN_POINT('',(-58.72610032178,58.669087721138,
    6.582329920775));
#10604 = CARTESIAN_POINT('',(-58.70312195548,58.649985714403,
    6.559609140267));
#10605 = CARTESIAN_POINT('',(-58.61802339092,58.575761679161,
    6.471984409687));
#10606 = CARTESIAN_POINT('',(-58.55965122185,58.517507175853,
    6.404540316052));
#10607 = CARTESIAN_POINT('',(-58.50558447425,58.455957730039,
    6.334801986852));
#10608 = CARTESIAN_POINT('',(-58.45584210573,58.391330000613,
    6.263247371538));
#10609 = CARTESIAN_POINT('',(-58.41047952561,58.323780361797,
    6.190250594485));
#10610 = CARTESIAN_POINT('',(-58.30721869949,58.146011941999,
    6.002939190374));
#10611 = CARTESIAN_POINT('',(-58.25523164645,58.031937787298,
    5.886985293716));
#10612 = CARTESIAN_POINT('',(-58.21427958702,57.911887416749,
    5.769652312126));
#10613 = CARTESIAN_POINT('',(-58.18517570426,57.786549176037,
    5.652123164716));
#10614 = CARTESIAN_POINT('',(-58.16894222731,57.656728098665,
    5.535494000224));
#10615 = CARTESIAN_POINT('',(-58.16684971652,57.523433489369,
    5.420764185532));
#10616 = CARTESIAN_POINT('',(-58.1668479808,57.523322292272,
    5.420668478976));
#10617 = CARTESIAN_POINT('',(-58.16684625494,57.523211093045,
    5.420572773994));
#10618 = CARTESIAN_POINT('',(-58.16684453894,57.523099891689,
    5.420477070587));
#10619 = CARTESIAN_POINT('',(-58.16684283281,57.522988688203,
    5.420381368756));
#10620 = CARTESIAN_POINT('',(-58.16683944043,57.522766286861,
    5.420189976753));
#10621 = CARTESIAN_POINT('',(-58.16683775418,57.522655089004,
    5.420094286581));
#10622 = CARTESIAN_POINT('',(-58.16683607779,57.52254388902,
    5.419998597985));
#10623 = CARTESIAN_POINT('',(-58.16683441126,57.522432686911,
    5.419902910968));
#10624 = CARTESIAN_POINT('',(-58.1668327546,57.522321482677,
    5.41980722553));
#10625 = CARTESIAN_POINT('',(-58.16682946115,57.522099079847,
    5.419615866318));
#10626 = CARTESIAN_POINT('',(-58.16682782436,57.521987881252,
    5.419520192545));
#10627 = CARTESIAN_POINT('',(-58.16682619744,57.521876680534,
    5.419424520352));
#10628 = CARTESIAN_POINT('',(-58.16682458038,57.521765477694,
    5.41932884974));
#10629 = CARTESIAN_POINT('',(-58.16682297319,57.521654272733,
    5.419233180709));
#10630 = CARTESIAN_POINT('',(-58.16681977868,57.521431868461,
    5.419041854321));
#10631 = CARTESIAN_POINT('',(-58.16681819136,57.521320669148,
    5.418946196962));
#10632 = CARTESIAN_POINT('',(-58.16681661391,57.521209467718,
    5.418850541186));
#10633 = CARTESIAN_POINT('',(-58.16681504632,57.52109826417,
    5.418754886994));
#10634 = CARTESIAN_POINT('',(-58.1668134886,57.520987058505,
    5.418659234388));
#10635 = CARTESIAN_POINT('',(-58.16681039303,57.520764652833,
    5.418467940853));
#10636 = CARTESIAN_POINT('',(-58.16680885518,57.520653452826,
    5.418372299923));
#10637 = CARTESIAN_POINT('',(-58.16680732719,57.520542250705,
    5.418276660581));
#10638 = CARTESIAN_POINT('',(-58.16680580907,57.52043104647,
    5.418181022825));
#10639 = CARTESIAN_POINT('',(-58.16680430082,57.520319840123,
    5.418085386657));
#10640 = CARTESIAN_POINT('',(-58.16680130419,57.520097433095,
    5.417894126006));
#10641 = CARTESIAN_POINT('',(-58.1667998158,57.519986232416,
    5.417798501522));
#10642 = CARTESIAN_POINT('',(-58.16679833729,57.519875029626,
    5.417702878628));
#10643 = CARTESIAN_POINT('',(-58.16679686864,57.519763824727,
    5.417607257323));
#10644 = CARTESIAN_POINT('',(-58.16679540986,57.519652617719,
    5.41751163761));
#10645 = CARTESIAN_POINT('',(-58.16679256212,57.519434043672,
    5.417323706616));
#10646 = CARTESIAN_POINT('',(-58.16679117249,57.519326676777,
    5.417231395226));
#10647 = CARTESIAN_POINT('',(-58.16678979206,57.519219307917,
    5.417139085321));
#10648 = CARTESIAN_POINT('',(-58.16678842083,57.519111937095,
    5.417046776901));
#10649 = CARTESIAN_POINT('',(-58.1667870588,57.51900456431,
    5.416954469967));
#10650 = CARTESIAN_POINT('',(-58.16678430496,57.518785989731,
    5.41676657081));
#10651 = CARTESIAN_POINT('',(-58.1667829138,57.518674787794,
    5.416670978694));
#10652 = CARTESIAN_POINT('',(-58.16678153252,57.518563583754,
    5.416575388173));
#10653 = CARTESIAN_POINT('',(-58.16678016111,57.518452377613,
    5.416479799249));
#10654 = CARTESIAN_POINT('',(-58.16677879956,57.518341169371,
    5.416384211922));
#10655 = CARTESIAN_POINT('',(-58.16677609634,57.518118758584,
    5.41619304897));
#10656 = CARTESIAN_POINT('',(-58.16677475465,57.51800755604,
    5.416097473345));
#10657 = CARTESIAN_POINT('',(-58.16677342284,57.517896351397,
    5.416001899318));
#10658 = CARTESIAN_POINT('',(-58.16677210089,57.517785144656,
    5.41590632689));
#10659 = CARTESIAN_POINT('',(-58.16677078882,57.517673935819,
    5.415810756063));
#10660 = CARTESIAN_POINT('',(-58.16676818454,57.517451523852,
    5.415619626117));
#10661 = CARTESIAN_POINT('',(-58.16676689232,57.517340320722,
    5.415524066998));
#10662 = CARTESIAN_POINT('',(-58.16676560998,57.517229115498,
    5.41542850948));
#10663 = CARTESIAN_POINT('',(-58.16676433751,57.51711790818,
    5.415332953565));
#10664 = CARTESIAN_POINT('',(-58.1667630749,57.51700669877,
    5.415237399253));
#10665 = CARTESIAN_POINT('',(-58.16676065594,57.516791954424,
    5.415052891326));
#10666 = CARTESIAN_POINT('',(-58.16675949827,57.516688419767,
    5.414963937496));
#10667 = CARTESIAN_POINT('',(-58.16675834915,57.516584883299,
    5.414874985058));
#10668 = CARTESIAN_POINT('',(-58.16675720859,57.516481345019,
    5.414786034011));
#10669 = CARTESIAN_POINT('',(-58.16675607658,57.516377804929,
    5.414697084357));
#10670 = CARTESIAN_POINT('',(-58.16675374658,57.516163060918,
    5.414512607286));
#10671 = CARTESIAN_POINT('',(-58.16675254989,57.51605185672,
    5.414417080084));
#10672 = CARTESIAN_POINT('',(-58.16675136308,57.515940650435,
    5.414321554489));
#10673 = CARTESIAN_POINT('',(-58.16675018614,57.515829442065,
    5.414226030503));
#10674 = CARTESIAN_POINT('',(-58.16674901907,57.515718231611,
    5.414130508126));
#10675 = CARTESIAN_POINT('',(-58.16674670478,57.515495816437,
    5.413939475097));
#10676 = CARTESIAN_POINT('',(-58.16674555757,57.515384611718,
    5.413843964446));
#10677 = CARTESIAN_POINT('',(-58.16674442022,57.515273404916,
    5.413748455405));
#10678 = CARTESIAN_POINT('',(-58.16674329275,57.515162196034,
    5.413652947976));
#10679 = CARTESIAN_POINT('',(-58.16674217516,57.51505098507,
    5.413557442159));
#10680 = CARTESIAN_POINT('',(-58.16673995982,57.514828568889,
    5.413366442257));
#10681 = CARTESIAN_POINT('',(-58.16673886207,57.514717363671,
    5.413270948171));
#10682 = CARTESIAN_POINT('',(-58.16673777419,57.514606156375,
    5.4131754557));
#10683 = CARTESIAN_POINT('',(-58.1667366962,57.514494947001,
    5.413079964843));
#10684 = CARTESIAN_POINT('',(-58.16673562807,57.514383735551,
    5.412984475601));
#10685 = CARTESIAN_POINT('',(-58.16673354816,57.514165152849,
    5.412796801098));
#10686 = CARTESIAN_POINT('',(-58.1667325357,57.514057781738,
    5.412704615726));
#10687 = CARTESIAN_POINT('',(-58.16673153245,57.513950408693,
    5.412612431862));
#10688 = CARTESIAN_POINT('',(-58.1667305384,57.513843033715,
    5.412520249505));
#10689 = CARTESIAN_POINT('',(-58.16672955356,57.513735656805,
    5.412428068657));
#10690 = CARTESIAN_POINT('',(-58.16672756754,57.513517073901,
    5.41224042622));
#10691 = CARTESIAN_POINT('',(-58.16672656703,57.513405867767,
    5.412144964741));
#10692 = CARTESIAN_POINT('',(-58.16672557639,57.513294659562,
    5.412049504881));
#10693 = CARTESIAN_POINT('',(-58.16672459563,57.513183449288,
    5.411954046641));
#10694 = CARTESIAN_POINT('',(-58.16672362475,57.513072236946,
    5.411858590023));
#10695 = CARTESIAN_POINT('',(-58.16672176909,57.512857486993,
    5.41167427078));
#10696 = CARTESIAN_POINT('',(-58.166720883,57.512753949658,5.41158540794
    ));
#10697 = CARTESIAN_POINT('',(-58.16672000547,57.512650410533,
    5.411496546505));
#10698 = CARTESIAN_POINT('',(-58.16671913651,57.512546869616,
    5.411407686478));
#10699 = CARTESIAN_POINT('',(-58.1667182761,57.51244332691,
    5.411318827859));
#10700 = CARTESIAN_POINT('',(-58.16671660404,57.512240081021,
    5.411144411415));
#10701 = CARTESIAN_POINT('',(-58.16671579176,57.512140377969,
    5.411058853487));
#10702 = CARTESIAN_POINT('',(-58.16671498741,57.512040673259,
    5.410973296865));
#10703 = CARTESIAN_POINT('',(-58.16671419101,57.511940966891,
    5.410887741551));
#10704 = CARTESIAN_POINT('',(-58.16671340255,57.511841258867,
    5.410802187544));
#10705 = CARTESIAN_POINT('',(-58.16671181155,57.511638012952,
    5.410627798896));
#10706 = CARTESIAN_POINT('',(-58.16671100964,57.511534474932,
    5.410538964356));
#10707 = CARTESIAN_POINT('',(-58.16671021629,57.511430935127,
    5.410450131228));
#10708 = CARTESIAN_POINT('',(-58.1667094315,57.511327393538,
    5.410361299512));
#10709 = CARTESIAN_POINT('',(-58.16670865528,57.511223850166,
    5.410272469209));
#10710 = CARTESIAN_POINT('',(-58.16670706317,57.511009099418,
    5.410088239725));
#10711 = CARTESIAN_POINT('',(-58.1667062486,57.510897891768,
    5.40999284076));
#10712 = CARTESIAN_POINT('',(-58.16670544391,57.510786682063,
    5.409897443426));
#10713 = CARTESIAN_POINT('',(-58.1667046491,57.510675470304,
    5.409802047725));
#10714 = CARTESIAN_POINT('',(-58.16670386417,57.510564256492,
    5.409706653656));
#10715 = CARTESIAN_POINT('',(-58.16670231414,57.510341834679,
    5.409515877291));
#10716 = CARTESIAN_POINT('',(-58.16670154905,57.510230626678,
    5.409420494995));
#10717 = CARTESIAN_POINT('',(-58.16670079383,57.510119416627,
    5.409325114333));
#10718 = CARTESIAN_POINT('',(-58.16670004849,57.510008204525,
    5.409229735306));
#10719 = CARTESIAN_POINT('',(-58.16669931303,57.509896990374,
    5.409134357915));
#10720 = CARTESIAN_POINT('',(-58.16669786195,57.509674567894,
    5.408943614912));
#10721 = CARTESIAN_POINT('',(-58.16669714632,57.509563359564,
    5.4088482493));
#10722 = CARTESIAN_POINT('',(-58.16669644058,57.509452149188,
    5.408752885325));
#10723 = CARTESIAN_POINT('',(-58.16669574471,57.509340936765,
    5.408657522988));
#10724 = CARTESIAN_POINT('',(-58.16669505873,57.509229722298,
    5.40856216229));
#10725 = CARTESIAN_POINT('',(-58.1666937066,57.509007299194,
    5.408371452679));
#10726 = CARTESIAN_POINT('',(-58.16669304044,57.508896090558,
    5.408276103765));
#10727 = CARTESIAN_POINT('',(-58.16669238417,57.508784879878,
    5.408180756492));
#10728 = CARTESIAN_POINT('',(-58.16669173778,57.508673667157,
    5.408085410861));
#10729 = CARTESIAN_POINT('',(-58.16669110127,57.508562452395,
    5.407990066871));
#10730 = CARTESIAN_POINT('',(-58.16668989129,57.508347697833,
    5.407805965157));
#10731 = CARTESIAN_POINT('',(-58.1666893165,57.508244158305,
    5.407717207213));
#10732 = CARTESIAN_POINT('',(-58.16668875027,57.50814061701,
    5.407628450694));
#10733 = CARTESIAN_POINT('',(-58.16668819262,57.508037073948,
    5.407539695601));
#10734 = CARTESIAN_POINT('',(-58.16668764353,57.50793352912,
    5.407450941933));
#10735 = CARTESIAN_POINT('',(-58.1666865225,57.507718775397,
    5.407266871422));
#10736 = CARTESIAN_POINT('',(-58.16668595188,57.50760756623,
    5.407171554798));
#10737 = CARTESIAN_POINT('',(-58.16668539114,57.507496355028,
    5.40707623982));
#10738 = CARTESIAN_POINT('',(-58.16668484028,57.507385141793,
    5.406980926489));
#10739 = CARTESIAN_POINT('',(-58.16668429931,57.507273926524,
    5.406885614806));
#10740 = CARTESIAN_POINT('',(-58.16668323719,57.507051501846,
    5.406695003243));
#10741 = CARTESIAN_POINT('',(-58.16668271604,57.506940292437,
    5.406599703362));
#10742 = CARTESIAN_POINT('',(-58.16668220477,57.506829080997,
    5.406504405131));
#10743 = CARTESIAN_POINT('',(-58.16668170339,57.506717867527,
    5.406409108549));
#10744 = CARTESIAN_POINT('',(-58.16668121189,57.506606652028,
    5.406313813619));
#10745 = CARTESIAN_POINT('',(-58.16668024872,57.5063842269,
    5.406123235567));
#10746 = CARTESIAN_POINT('',(-58.16667977704,57.50627301727,
    5.406027952444));
#10747 = CARTESIAN_POINT('',(-58.16667931524,57.506161805614,
    5.405932670974));
#10748 = CARTESIAN_POINT('',(-58.16667886334,57.506050591932,
    5.405837391158));
#10749 = CARTESIAN_POINT('',(-58.16667842132,57.505939376225,
    5.405742112995));
#10750 = CARTESIAN_POINT('',(-58.16667755709,57.50571695069,
    5.405551568485));
#10751 = CARTESIAN_POINT('',(-58.16667713488,57.505605740862,
    5.405456302136));
#10752 = CARTESIAN_POINT('',(-58.16667672256,57.505494529012,
    5.405361037442));
#10753 = CARTESIAN_POINT('',(-58.16667632012,57.50538331514,
    5.405265774406));
#10754 = CARTESIAN_POINT('',(-58.16667592758,57.505272099247,
    5.405170513026));
#10755 = CARTESIAN_POINT('',(-58.1666751623,57.505049673349,
    5.404980002087));
#10756 = CARTESIAN_POINT('',(-58.16667478956,57.504938463345,
    5.404884752527));
#10757 = CARTESIAN_POINT('',(-58.16667442671,57.504827251322,
    5.404789504625));
#10758 = CARTESIAN_POINT('',(-58.16667407375,57.504716037282,
    5.404694258383));
#10759 = CARTESIAN_POINT('',(-58.16667373068,57.504604821225,
    5.404599013802));
#10760 = CARTESIAN_POINT('',(-58.16667306435,57.504382395009,
    5.404408536464));
#10761 = CARTESIAN_POINT('',(-58.16667274108,57.50427118485,
    5.404313303708));
#10762 = CARTESIAN_POINT('',(-58.16667242771,57.504159972677,
    5.404218072613));
#10763 = CARTESIAN_POINT('',(-58.16667212422,57.504048758491,
    5.404122843182));
#10764 = CARTESIAN_POINT('',(-58.16667183063,57.503937542292,
    5.404027615413));
#10765 = CARTESIAN_POINT('',(-58.16667127302,57.503718950404,
    5.403840454931));
#10766 = CARTESIAN_POINT('',(-58.16667100834,57.503611574852,
    5.403748522105));
#10767 = CARTESIAN_POINT('',(-58.16667075288,57.503504197427,
    5.403656590831));
#10768 = CARTESIAN_POINT('',(-58.16667050664,57.503396818127,
    5.40356466111));
#10769 = CARTESIAN_POINT('',(-58.16667026962,57.503289436956,
    5.403472732942));
#10770 = CARTESIAN_POINT('',(-58.16666981404,57.503074680129,
    5.403288887641));
#10771 = CARTESIAN_POINT('',(-58.16666959548,57.502967304474,
    5.403196970507));
#10772 = CARTESIAN_POINT('',(-58.16666938614,57.502859926948,
    5.403105054929));
#10773 = CARTESIAN_POINT('',(-58.16666918602,57.502752547553,
    5.403013140906));
#10774 = CARTESIAN_POINT('',(-58.16666899512,57.50264516629,
    5.402921228439));
#10775 = CARTESIAN_POINT('',(-58.16666863827,57.502434243908,
    5.402740696658));
#10776 = CARTESIAN_POINT('',(-58.16666847167,57.502330702922,
    5.402652077234));
#10777 = CARTESIAN_POINT('',(-58.16666831364,57.502227160201,
    5.402563459259));
#10778 = CARTESIAN_POINT('',(-58.16666816419,57.502123615744,
    5.402474842733));
#10779 = CARTESIAN_POINT('',(-58.16666802332,57.502020069553,
    5.402386227656));
#10780 = CARTESIAN_POINT('',(-58.16666775382,57.501809147692,
    5.402205726201));
#10781 = CARTESIAN_POINT('',(-58.16666762586,57.501701771891,
    5.402113839933));
#10782 = CARTESIAN_POINT('',(-58.16666750711,57.501594394227,
    5.402021955224));
#10783 = CARTESIAN_POINT('',(-58.16666739758,57.501487014701,
    5.401930072076));
#10784 = CARTESIAN_POINT('',(-58.16666729728,57.501379633314,
    5.40183819049));
#10785 = CARTESIAN_POINT('',(-58.16666711188,57.501161041467,
    5.401651157368));
#10786 = CARTESIAN_POINT('',(-58.16666702745,57.501049830873,
    5.401556005946));
#10787 = CARTESIAN_POINT('',(-58.16666695291,57.500938618284,
    5.4014608562));
#10788 = CARTESIAN_POINT('',(-58.16666688826,57.500827403702,
    5.401365708132));
#10789 = CARTESIAN_POINT('',(-58.16666683351,57.500716187126,
    5.401270561742));
#10790 = CARTESIAN_POINT('',(-58.16666674799,57.500504144556,
    5.40108916461));
#10791 = CARTESIAN_POINT('',(-58.16666671546,57.500403318916,
    5.401002913568));
#10792 = CARTESIAN_POINT('',(-58.16666669106,57.500302491639,
    5.400916663908));
#10793 = CARTESIAN_POINT('',(-58.1666666748,57.500201662727,
    5.400830415628));
#10794 = CARTESIAN_POINT('',(-58.16666666666,57.500100832181,
    5.40074416873));
#10795 = CARTESIAN_POINT('',(-58.16666666666,57.5,5.400657923215));
#10796 = ORIENTED_EDGE('',*,*,#10797,.F.);
#10797 = EDGE_CURVE('',#1811,#10541,#10798,.T.);
#10798 = LINE('',#10799,#10800);
#10799 = CARTESIAN_POINT('',(-58.16666666666,57.5,0.));
#10800 = VECTOR('',#10801,1.);
#10801 = DIRECTION('',(0.,0.,1.));
#10802 = CYLINDRICAL_SURFACE('',#10803,1.5);
#10803 = AXIS2_PLACEMENT_3D('',#10804,#10805,#10806);
#10804 = CARTESIAN_POINT('',(-59.66666666666,57.5,0.));
#10805 = DIRECTION('',(0.,0.,-1.));
#10806 = DIRECTION('',(-1.,0.,0.));
#10807 = ADVANCED_FACE('',(#10808),#10827,.F.);
#10808 = FACE_BOUND('',#10809,.F.);
#10809 = EDGE_LOOP('',(#10810,#10811,#10819,#10826));
#10810 = ORIENTED_EDGE('',*,*,#1827,.F.);
#10811 = ORIENTED_EDGE('',*,*,#10812,.T.);
#10812 = EDGE_CURVE('',#1820,#10813,#10815,.T.);
#10813 = VERTEX_POINT('',#10814);
#10814 = CARTESIAN_POINT('',(-58.16666666666,47.5,3.));
#10815 = LINE('',#10816,#10817);
#10816 = CARTESIAN_POINT('',(-58.16666666666,47.5,0.));
#10817 = VECTOR('',#10818,1.);
#10818 = DIRECTION('',(0.,0.,1.));
#10819 = ORIENTED_EDGE('',*,*,#10820,.F.);
#10820 = EDGE_CURVE('',#10517,#10813,#10821,.T.);
#10821 = CIRCLE('',#10822,1.5);
#10822 = AXIS2_PLACEMENT_3D('',#10823,#10824,#10825);
#10823 = CARTESIAN_POINT('',(-59.66666666666,47.5,3.));
#10824 = DIRECTION('',(0.,0.,1.));
#10825 = DIRECTION('',(-1.,0.,0.));
#10826 = ORIENTED_EDGE('',*,*,#10524,.F.);
#10827 = CYLINDRICAL_SURFACE('',#10828,1.5);
#10828 = AXIS2_PLACEMENT_3D('',#10829,#10830,#10831);
#10829 = CARTESIAN_POINT('',(-59.66666666666,47.5,0.));
#10830 = DIRECTION('',(0.,0.,-1.));
#10831 = DIRECTION('',(-1.,0.,0.));
#10832 = ADVANCED_FACE('',(#10833),#10853,.T.);
#10833 = FACE_BOUND('',#10834,.F.);
#10834 = EDGE_LOOP('',(#10835,#10836,#10837,#10846,#10852));
#10835 = ORIENTED_EDGE('',*,*,#1819,.F.);
#10836 = ORIENTED_EDGE('',*,*,#10797,.T.);
#10837 = ORIENTED_EDGE('',*,*,#10838,.F.);
#10838 = EDGE_CURVE('',#10839,#10541,#10841,.T.);
#10839 = VERTEX_POINT('',#10840);
#10840 = CARTESIAN_POINT('',(-58.16666666666,51.,3.));
#10841 = CIRCLE('',#10842,10.);
#10842 = AXIS2_PLACEMENT_3D('',#10843,#10844,#10845);
#10843 = CARTESIAN_POINT('',(-58.16666666666,51.,13.));
#10844 = DIRECTION('',(1.,0.,0.));
#10845 = DIRECTION('',(0.,1.,0.));
#10846 = ORIENTED_EDGE('',*,*,#10847,.F.);
#10847 = EDGE_CURVE('',#10813,#10839,#10848,.T.);
#10848 = LINE('',#10849,#10850);
#10849 = CARTESIAN_POINT('',(-58.16666666666,46.374236596195,3.));
#10850 = VECTOR('',#10851,1.);
#10851 = DIRECTION('',(0.,1.,0.));
#10852 = ORIENTED_EDGE('',*,*,#10812,.F.);
#10853 = PLANE('',#10854);
#10854 = AXIS2_PLACEMENT_3D('',#10855,#10856,#10857);
#10855 = CARTESIAN_POINT('',(-58.16666666666,57.5,0.));
#10856 = DIRECTION('',(-1.,-0.,-0.));
#10857 = DIRECTION('',(0.,1.,0.));
#10858 = ADVANCED_FACE('',(#10859),#10893,.F.);
#10859 = FACE_BOUND('',#10860,.T.);
#10860 = EDGE_LOOP('',(#10861,#10862,#10870,#10879,#10887));
#10861 = ORIENTED_EDGE('',*,*,#1836,.F.);
#10862 = ORIENTED_EDGE('',*,*,#10863,.T.);
#10863 = EDGE_CURVE('',#1837,#10864,#10866,.T.);
#10864 = VERTEX_POINT('',#10865);
#10865 = CARTESIAN_POINT('',(-42.33333333333,57.5,5.400657923215));
#10866 = LINE('',#10867,#10868);
#10867 = CARTESIAN_POINT('',(-42.33333333333,57.5,0.));
#10868 = VECTOR('',#10869,1.);
#10869 = DIRECTION('',(0.,0.,1.));
#10870 = ORIENTED_EDGE('',*,*,#10871,.F.);
#10871 = EDGE_CURVE('',#10872,#10864,#10874,.T.);
#10872 = VERTEX_POINT('',#10873);
#10873 = CARTESIAN_POINT('',(-42.33333333333,51.,3.));
#10874 = CIRCLE('',#10875,10.);
#10875 = AXIS2_PLACEMENT_3D('',#10876,#10877,#10878);
#10876 = CARTESIAN_POINT('',(-42.33333333333,51.,13.));
#10877 = DIRECTION('',(1.,0.,0.));
#10878 = DIRECTION('',(0.,1.,0.));
#10879 = ORIENTED_EDGE('',*,*,#10880,.F.);
#10880 = EDGE_CURVE('',#10881,#10872,#10883,.T.);
#10881 = VERTEX_POINT('',#10882);
#10882 = CARTESIAN_POINT('',(-42.33333333333,31.5,3.));
#10883 = LINE('',#10884,#10885);
#10884 = CARTESIAN_POINT('',(-42.33333333333,46.374236596195,3.));
#10885 = VECTOR('',#10886,1.);
#10886 = DIRECTION('',(0.,1.,0.));
#10887 = ORIENTED_EDGE('',*,*,#10888,.F.);
#10888 = EDGE_CURVE('',#1839,#10881,#10889,.T.);
#10889 = LINE('',#10890,#10891);
#10890 = CARTESIAN_POINT('',(-42.33333333333,31.5,0.));
#10891 = VECTOR('',#10892,1.);
#10892 = DIRECTION('',(0.,0.,1.));
#10893 = PLANE('',#10894);
#10894 = AXIS2_PLACEMENT_3D('',#10895,#10896,#10897);
#10895 = CARTESIAN_POINT('',(-42.33333333333,57.5,0.));
#10896 = DIRECTION('',(-1.,-0.,-0.));
#10897 = DIRECTION('',(0.,1.,0.));
#10898 = ADVANCED_FACE('',(#10899),#11166,.F.);
#10899 = FACE_BOUND('',#10900,.F.);
#10900 = EDGE_LOOP('',(#10901,#10902,#10903,#11160));
#10901 = ORIENTED_EDGE('',*,*,#1846,.F.);
#10902 = ORIENTED_EDGE('',*,*,#10863,.T.);
#10903 = ORIENTED_EDGE('',*,*,#10904,.T.);
#10904 = EDGE_CURVE('',#10864,#10905,#10907,.T.);
#10905 = VERTEX_POINT('',#10906);
#10906 = CARTESIAN_POINT('',(-39.33333333333,57.5,5.400657923215));
#10907 = B_SPLINE_CURVE_WITH_KNOTS('',6,(#10908,#10909,#10910,#10911,
    #10912,#10913,#10914,#10915,#10916,#10917,#10918,#10919,#10920,
    #10921,#10922,#10923,#10924,#10925,#10926,#10927,#10928,#10929,
    #10930,#10931,#10932,#10933,#10934,#10935,#10936,#10937,#10938,
    #10939,#10940,#10941,#10942,#10943,#10944,#10945,#10946,#10947,
    #10948,#10949,#10950,#10951,#10952,#10953,#10954,#10955,#10956,
    #10957,#10958,#10959,#10960,#10961,#10962,#10963,#10964,#10965,
    #10966,#10967,#10968,#10969,#10970,#10971,#10972,#10973,#10974,
    #10975,#10976,#10977,#10978,#10979,#10980,#10981,#10982,#10983,
    #10984,#10985,#10986,#10987,#10988,#10989,#10990,#10991,#10992,
    #10993,#10994,#10995,#10996,#10997,#10998,#10999,#11000,#11001,
    #11002,#11003,#11004,#11005,#11006,#11007,#11008,#11009,#11010,
    #11011,#11012,#11013,#11014,#11015,#11016,#11017,#11018,#11019,
    #11020,#11021,#11022,#11023,#11024,#11025,#11026,#11027,#11028,
    #11029,#11030,#11031,#11032,#11033,#11034,#11035,#11036,#11037,
    #11038,#11039,#11040,#11041,#11042,#11043,#11044,#11045,#11046,
    #11047,#11048,#11049,#11050,#11051,#11052,#11053,#11054,#11055,
    #11056,#11057,#11058,#11059,#11060,#11061,#11062,#11063,#11064,
    #11065,#11066,#11067,#11068,#11069,#11070,#11071,#11072,#11073,
    #11074,#11075,#11076,#11077,#11078,#11079,#11080,#11081,#11082,
    #11083,#11084,#11085,#11086,#11087,#11088,#11089,#11090,#11091,
    #11092,#11093,#11094,#11095,#11096,#11097,#11098,#11099,#11100,
    #11101,#11102,#11103,#11104,#11105,#11106,#11107,#11108,#11109,
    #11110,#11111,#11112,#11113,#11114,#11115,#11116,#11117,#11118,
    #11119,#11120,#11121,#11122,#11123,#11124,#11125,#11126,#11127,
    #11128,#11129,#11130,#11131,#11132,#11133,#11134,#11135,#11136,
    #11137,#11138,#11139,#11140,#11141,#11142,#11143,#11144,#11145,
    #11146,#11147,#11148,#11149,#11150,#11151,#11152,#11153,#11154,
    #11155,#11156,#11157,#11158,#11159),.UNSPECIFIED.,.F.,.F.,(7,5,5,5,5
    ,5,5,5,5,5,5,5,5,5,5,5,5,5,5,5,5,5,5,5,5,5,5,5,5,5,5,5,5,5,5,5,5,5,5
    ,5,5,5,5,5,5,5,5,5,5,5,7),(0.,5.753598004484E-02,0.17205842937,
    0.281938706246,0.32208348119,0.377005764125,0.422425889382,
    0.448500283372,0.499775802281,0.577062237235,0.623104489078,
    0.679053141559,0.718257375339,0.82781690761,0.995079904158,
    0.9952195522,0.995359187829,0.995498811046,0.995638421848,
    0.995758766024,0.995883914178,0.996023490728,0.996158242511,
    0.996297794653,0.996437334374,0.996576861674,0.996711565901,
    0.996851068784,0.996990559243,0.997120418501,0.997259884967,
    0.997394530452,0.997533972491,0.997673402102,0.997812819284,
    0.997952224035,0.998077197036,0.998216578211,0.99835114134,
    0.998490498077,0.998625037611,0.998759565553,0.998898885843,
    0.999033390184,0.999172686029,0.999307166767,0.999446438165,
    0.999585697124,0.999724943642,0.99986417772,1.),.UNSPECIFIED.);
#10908 = CARTESIAN_POINT('',(-42.33333333333,57.5,5.400657923215));
#10909 = CARTESIAN_POINT('',(-42.33333333333,57.545963959338,
    5.439972607654));
#10910 = CARTESIAN_POINT('',(-42.33164319366,57.591581783971,
    5.479568974406));
#10911 = CARTESIAN_POINT('',(-42.32831060204,57.636795645704,
    5.51939451046));
#10912 = CARTESIAN_POINT('',(-42.3233826651,57.681551446432,
    5.55939542096));
#10913 = CARTESIAN_POINT('',(-42.31690590848,57.725798818137,
    5.599516629198));
#10914 = CARTESIAN_POINT('',(-42.29304322463,57.856458438873,
    5.719688273858));
#10915 = CARTESIAN_POINT('',(-42.27121074617,57.941200162106,
    5.799904245014));
#10916 = CARTESIAN_POINT('',(-42.24377622136,58.023468266935,
    5.880013305704));
#10917 = CARTESIAN_POINT('',(-42.21102167011,58.103055016784,
    5.959672023137));
#10918 = CARTESIAN_POINT('',(-42.17317204004,58.17976685567,6.0385067194
    ));
#10919 = CARTESIAN_POINT('',(-42.08936857304,58.324045089983,
    6.190528977277));
#10920 = CARTESIAN_POINT('',(-42.04380219572,58.391861805126,
    6.263821675715));
#10921 = CARTESIAN_POINT('',(-41.99382043968,58.456732059132,
    6.33565910735));
#10922 = CARTESIAN_POINT('',(-41.93947907261,58.518497483619,
    6.40566236408));
#10923 = CARTESIAN_POINT('',(-41.8807969061,58.576938267915,
    6.473346772355));
#10924 = CARTESIAN_POINT('',(-41.7947556027,58.651780524836,
    6.561738176366));
#10925 = CARTESIAN_POINT('',(-41.77115179774,58.671324821817,
    6.584999052194));
#10926 = CARTESIAN_POINT('',(-41.74696707423,58.690372323871,
    6.607838417712));
#10927 = CARTESIAN_POINT('',(-41.72220116101,58.708906823363,
    6.630223127715));
#10928 = CARTESIAN_POINT('',(-41.69685417588,58.726910171259,
    6.652116874699));
#10929 = CARTESIAN_POINT('',(-41.63545500437,58.768238597196,
    6.702707454094));
#10930 = CARTESIAN_POINT('',(-41.59888903917,58.791088283314,
    6.730948376223));
#10931 = CARTESIAN_POINT('',(-41.56123964605,58.812852568148,
    6.75809247311));
#10932 = CARTESIAN_POINT('',(-41.52251948208,58.833469023447,
    6.784022240316));
#10933 = CARTESIAN_POINT('',(-41.48274294534,58.852871560031,
    6.808613151095));
#10934 = CARTESIAN_POINT('',(-41.40817115381,58.885974532592,
    6.850854060557));
#10935 = CARTESIAN_POINT('',(-41.37370101446,58.900082100484,
    6.868971038876));
#10936 = CARTESIAN_POINT('',(-41.33854787863,58.913263254339,
    6.885996552439));
#10937 = CARTESIAN_POINT('',(-41.30274476104,58.925470571141,
    6.901846049497));
#10938 = CARTESIAN_POINT('',(-41.26632556943,58.936659081988,
    6.91643846547));
#10939 = CARTESIAN_POINT('',(-41.20808419664,58.952600002089,
    6.937307122078));
#10940 = CARTESIAN_POINT('',(-41.18665603412,58.958062788395,
    6.944476745087));
#10941 = CARTESIAN_POINT('',(-41.16505049831,58.963165738894,
    6.951189387341));
#10942 = CARTESIAN_POINT('',(-41.14327895729,58.967900447141,
    6.957430250689));
#10943 = CARTESIAN_POINT('',(-41.12135426598,58.972258992361,
    6.963185443455));
#10944 = CARTESIAN_POINT('',(-41.0559027047,58.984050706901,
    6.97877900542));
#10945 = CARTESIAN_POINT('',(-41.01195825135,58.99038775641,
    6.987192698199));
#10946 = CARTESIAN_POINT('',(-40.9675930252,58.995182440146,
    6.993576481632));
#10947 = CARTESIAN_POINT('',(-40.92294320503,58.998393517248,
    6.997858080782));
#10948 = CARTESIAN_POINT('',(-40.87814486885,59.,7.));
#10949 = CARTESIAN_POINT('',(-40.76578991497,59.,7.));
#10950 = CARTESIAN_POINT('',(-40.69833870696,58.99635005889,
    6.995133965301));
#10951 = CARTESIAN_POINT('',(-40.63139624384,58.98907005705,
    6.985425719232));
#10952 = CARTESIAN_POINT('',(-40.56538333318,58.978259776521,
    6.971059931444));
#10953 = CARTESIAN_POINT('',(-40.50072057484,58.964110764741,
    6.952377166869));
#10954 = CARTESIAN_POINT('',(-40.40035410357,58.936675980789,
    6.916459987899));
#10955 = CARTESIAN_POINT('',(-40.36347997337,58.925345353779,
    6.90168210344));
#10956 = CARTESIAN_POINT('',(-40.3272375562,58.912970416318,
    6.885615770044));
#10957 = CARTESIAN_POINT('',(-40.29166197917,58.899597836451,
    6.868345121313));
#10958 = CARTESIAN_POINT('',(-40.25678742996,58.885276851189,
    6.849957935726));
#10959 = CARTESIAN_POINT('',(-40.18116129966,58.851567482926,
    6.80695660847));
#10960 = CARTESIAN_POINT('',(-40.14075363075,58.831749482796,
    6.781850273102));
#10961 = CARTESIAN_POINT('',(-40.10144070408,58.810678547072,
    6.755364929047));
#10962 = CARTESIAN_POINT('',(-40.06323723027,58.788423951743,
    6.727631222354));
#10963 = CARTESIAN_POINT('',(-40.02615607651,58.765050967834,
    6.698772146606));
#10964 = CARTESIAN_POINT('',(-39.96501898525,58.723502243519,
    6.647973221178));
#10965 = CARTESIAN_POINT('',(-39.94038208579,58.705861811286,
    6.626543994839));
#10966 = CARTESIAN_POINT('',(-39.91629805182,58.687718064796,
    6.604651734903));
#10967 = CARTESIAN_POINT('',(-39.89276698845,58.669087721138,
    6.582329920775));
#10968 = CARTESIAN_POINT('',(-39.86978862215,58.649985714403,
    6.559609140267));
#10969 = CARTESIAN_POINT('',(-39.78469005759,58.575761679161,
    6.471984409687));
#10970 = CARTESIAN_POINT('',(-39.72631788851,58.517507175853,
    6.404540316052));
#10971 = CARTESIAN_POINT('',(-39.67225114092,58.455957730039,
    6.334801986852));
#10972 = CARTESIAN_POINT('',(-39.6225087724,58.391330000613,
    6.263247371538));
#10973 = CARTESIAN_POINT('',(-39.57714619228,58.323780361797,
    6.190250594485));
#10974 = CARTESIAN_POINT('',(-39.47388536616,58.146011941999,
    6.002939190374));
#10975 = CARTESIAN_POINT('',(-39.42189831312,58.031937787298,
    5.886985293716));
#10976 = CARTESIAN_POINT('',(-39.38094625369,57.911887416749,
    5.769652312126));
#10977 = CARTESIAN_POINT('',(-39.35184237093,57.786549176037,
    5.652123164716));
#10978 = CARTESIAN_POINT('',(-39.33560889397,57.656728098665,
    5.535494000224));
#10979 = CARTESIAN_POINT('',(-39.33351638318,57.523433489369,
    5.420764185532));
#10980 = CARTESIAN_POINT('',(-39.33351464746,57.523322292272,
    5.420668478976));
#10981 = CARTESIAN_POINT('',(-39.33351292161,57.523211093045,
    5.420572773994));
#10982 = CARTESIAN_POINT('',(-39.33351120561,57.523099891689,
    5.420477070587));
#10983 = CARTESIAN_POINT('',(-39.33350949948,57.522988688203,
    5.420381368756));
#10984 = CARTESIAN_POINT('',(-39.3335061071,57.522766286861,
    5.420189976753));
#10985 = CARTESIAN_POINT('',(-39.33350442084,57.522655089004,
    5.420094286581));
#10986 = CARTESIAN_POINT('',(-39.33350274445,57.52254388902,
    5.419998597985));
#10987 = CARTESIAN_POINT('',(-39.33350107793,57.522432686911,
    5.419902910968));
#10988 = CARTESIAN_POINT('',(-39.33349942126,57.522321482677,
    5.41980722553));
#10989 = CARTESIAN_POINT('',(-39.33349612782,57.522099079847,
    5.419615866318));
#10990 = CARTESIAN_POINT('',(-39.33349449103,57.521987881252,
    5.419520192545));
#10991 = CARTESIAN_POINT('',(-39.33349286411,57.521876680534,
    5.419424520352));
#10992 = CARTESIAN_POINT('',(-39.33349124705,57.521765477694,
    5.41932884974));
#10993 = CARTESIAN_POINT('',(-39.33348963986,57.521654272733,
    5.419233180709));
#10994 = CARTESIAN_POINT('',(-39.33348644535,57.521431868461,
    5.419041854321));
#10995 = CARTESIAN_POINT('',(-39.33348485803,57.521320669148,
    5.418946196962));
#10996 = CARTESIAN_POINT('',(-39.33348328058,57.521209467718,
    5.418850541186));
#10997 = CARTESIAN_POINT('',(-39.33348171299,57.52109826417,
    5.418754886994));
#10998 = CARTESIAN_POINT('',(-39.33348015527,57.520987058505,
    5.418659234388));
#10999 = CARTESIAN_POINT('',(-39.33347727316,57.520779989885,
    5.418481132418));
#11000 = CARTESIAN_POINT('',(-39.33347594625,57.520684127474,
    5.418398682647));
#11001 = CARTESIAN_POINT('',(-39.33347462667,57.520588263491,
    5.418316234054));
#11002 = CARTESIAN_POINT('',(-39.33347331442,57.520492397937,
    5.418233786642));
#11003 = CARTESIAN_POINT('',(-39.3334720095,57.520396530813,
    5.418151340409));
#11004 = CARTESIAN_POINT('',(-39.33346936253,57.520200966475,
    5.417983159207));
#11005 = CARTESIAN_POINT('',(-39.33346802108,57.520101269134,
    5.417897424335));
#11006 = CARTESIAN_POINT('',(-39.33346668756,57.520001570095,
    5.41781169074));
#11007 = CARTESIAN_POINT('',(-39.33346536197,57.51990186936,
    5.417725958423));
#11008 = CARTESIAN_POINT('',(-39.33346404431,57.51980216693,
    5.417640227384));
#11009 = CARTESIAN_POINT('',(-39.33346127387,57.519591263738,
    5.417458884035));
#11010 = CARTESIAN_POINT('',(-39.33345982301,57.519480062563,
    5.417363272037));
#11011 = CARTESIAN_POINT('',(-39.33345838202,57.519368859281,
    5.417267661631));
#11012 = CARTESIAN_POINT('',(-39.3334569509,57.519257653892,
    5.417172052817));
#11013 = CARTESIAN_POINT('',(-39.33345552965,57.519146446398,
    5.417076445597));
#11014 = CARTESIAN_POINT('',(-39.33345275568,57.518927871403,
    5.416888539162));
#11015 = CARTESIAN_POINT('',(-39.33345140228,57.518820504044,
    5.416796239839));
#11016 = CARTESIAN_POINT('',(-39.33345005809,57.518713134725,
    5.416703942002));
#11017 = CARTESIAN_POINT('',(-39.3334487231,57.518605763446,
    5.416611645653));
#11018 = CARTESIAN_POINT('',(-39.3334473973,57.518498390208,
    5.416519350792));
#11019 = CARTESIAN_POINT('',(-39.33344471722,57.518279814712,
    5.416331476216));
#11020 = CARTESIAN_POINT('',(-39.33344336359,57.518168612312,
    5.416235896609));
#11021 = CARTESIAN_POINT('',(-39.33344201984,57.518057407812,
    5.4161403186));
#11022 = CARTESIAN_POINT('',(-39.33344068595,57.517946201214,
    5.416044742189));
#11023 = CARTESIAN_POINT('',(-39.33343936194,57.517834992519,
    5.415949167378));
#11024 = CARTESIAN_POINT('',(-39.33343673377,57.517612580833,
    5.415758029462));
#11025 = CARTESIAN_POINT('',(-39.33343542962,57.517501377842,
    5.415662466357));
#11026 = CARTESIAN_POINT('',(-39.33343413533,57.517390172756,
    5.415566904853));
#11027 = CARTESIAN_POINT('',(-39.33343285092,57.517278965576,
    5.415471344951));
#11028 = CARTESIAN_POINT('',(-39.33343157638,57.517167756302,
    5.415375786651));
#11029 = CARTESIAN_POINT('',(-39.33342904715,57.516945343468,
    5.415184681764));
#11030 = CARTESIAN_POINT('',(-39.33342779246,57.516834139909,
    5.415089135177));
#11031 = CARTESIAN_POINT('',(-39.33342654765,57.516722934258,
    5.414993590194));
#11032 = CARTESIAN_POINT('',(-39.3334253127,57.516611726517,
    5.414898046815));
#11033 = CARTESIAN_POINT('',(-39.33342408763,57.516500516687,
    5.414802505042));
#11034 = CARTESIAN_POINT('',(-39.33342169925,57.516281937138,
    5.414614727269));
#11035 = CARTESIAN_POINT('',(-39.33342053526,57.516174567561,
    5.414522491159));
#11036 = CARTESIAN_POINT('',(-39.33341938047,57.516067196038,
    5.414430256548));
#11037 = CARTESIAN_POINT('',(-39.33341823489,57.51595982257,
    5.414338023435));
#11038 = CARTESIAN_POINT('',(-39.33341709852,57.515852447159,
    5.414245791822));
#11039 = CARTESIAN_POINT('',(-39.33341480402,57.515633867275,
    5.414058046023));
#11040 = CARTESIAN_POINT('',(-39.33341364657,57.515522662662,
    5.413962531946));
#11041 = CARTESIAN_POINT('',(-39.33341249899,57.515411455966,
    5.413867019479));
#11042 = CARTESIAN_POINT('',(-39.33341136128,57.515300247187,
    5.413771508623));
#11043 = CARTESIAN_POINT('',(-39.33341023345,57.515189036327,
    5.413675999378));
#11044 = CARTESIAN_POINT('',(-39.33340799764,57.514966620351,
    5.41348499262));
#11045 = CARTESIAN_POINT('',(-39.33340688966,57.514855415234,
    5.413389495106));
#11046 = CARTESIAN_POINT('',(-39.33340579155,57.514744208039,
    5.413293999205));
#11047 = CARTESIAN_POINT('',(-39.33340470331,57.514632998765,
    5.413198504918));
#11048 = CARTESIAN_POINT('',(-39.33340362496,57.514521787414,
    5.413103012246));
#11049 = CARTESIAN_POINT('',(-39.33340156177,57.514307039355,
    5.412918623368));
#11050 = CARTESIAN_POINT('',(-39.33340057562,57.514203502924,
    5.412829726948));
#11051 = CARTESIAN_POINT('',(-39.33339959803,57.514099964694,
    5.412740831928));
#11052 = CARTESIAN_POINT('',(-39.333398629,57.513996424666,5.41265193831
    ));
#11053 = CARTESIAN_POINT('',(-39.33339766853,57.513892882841,
    5.412563046094));
#11054 = CARTESIAN_POINT('',(-39.3333956943,57.513678135265,
    5.412378688176));
#11055 = CARTESIAN_POINT('',(-39.33339468184,57.513566929239,
    5.412283222689));
#11056 = CARTESIAN_POINT('',(-39.33339367927,57.513455721142,
    5.412187758821));
#11057 = CARTESIAN_POINT('',(-39.33339268656,57.513344510974,
    5.412092296573));
#11058 = CARTESIAN_POINT('',(-39.33339170374,57.513233298737,
    5.411996835945));
#11059 = CARTESIAN_POINT('',(-39.33338979148,57.513014714503,
    5.411809217693));
#11060 = CARTESIAN_POINT('',(-39.33338886137,57.512907342648,
    5.411717059959));
#11061 = CARTESIAN_POINT('',(-39.33338794047,57.512799968865,
    5.411624903737));
#11062 = CARTESIAN_POINT('',(-39.33338702878,57.512692593156,
    5.411532749027));
#11063 = CARTESIAN_POINT('',(-39.3333861263,57.512585215521,
    5.411440595831));
#11064 = CARTESIAN_POINT('',(-39.33338430793,57.512366631158,
    5.411253009696));
#11065 = CARTESIAN_POINT('',(-39.33338339271,57.512255424291,
    5.411157576866));
#11066 = CARTESIAN_POINT('',(-39.33338248737,57.512144215359,
    5.411062145661));
#11067 = CARTESIAN_POINT('',(-39.33338159191,57.512033004366,
    5.410966716082));
#11068 = CARTESIAN_POINT('',(-39.33338070632,57.51192179131,
    5.41087128813));
#11069 = CARTESIAN_POINT('',(-39.33337895499,57.511699370991,
    5.410680443985));
#11070 = CARTESIAN_POINT('',(-39.33337808925,57.511588163728,
    5.410585027793));
#11071 = CARTESIAN_POINT('',(-39.33337723338,57.511476954405,
    5.410489613229));
#11072 = CARTESIAN_POINT('',(-39.33337638739,57.511365743024,
    5.410394200294));
#11073 = CARTESIAN_POINT('',(-39.33337555128,57.511254529585,
    5.410298788988));
#11074 = CARTESIAN_POINT('',(-39.33337389889,57.511032108509,
    5.410107978144));
#11075 = CARTESIAN_POINT('',(-39.33337308262,57.510920900871,
    5.410012578604));
#11076 = CARTESIAN_POINT('',(-39.33337227622,57.510809691179,
    5.409917180696));
#11077 = CARTESIAN_POINT('',(-39.3333714797,57.510698479432,
    5.40982178442));
#11078 = CARTESIAN_POINT('',(-39.33337069307,57.510587265632,
    5.409726389776));
#11079 = CARTESIAN_POINT('',(-39.33336913963,57.510364843843,
    5.409535612262));
#11080 = CARTESIAN_POINT('',(-39.33336837282,57.510253635854,
    5.409440229391));
#11081 = CARTESIAN_POINT('',(-39.3333676159,57.510142425814,
    5.409344848153));
#11082 = CARTESIAN_POINT('',(-39.33336686886,57.510031213724,
    5.409249468551));
#11083 = CARTESIAN_POINT('',(-39.33336613169,57.509919999584,
    5.409154090585));
#11084 = CARTESIAN_POINT('',(-39.33336475243,57.509709080763,
    5.408973211674));
#11085 = CARTESIAN_POINT('',(-39.33336410838,57.509609376483,
    5.408887710407));
#11086 = CARTESIAN_POINT('',(-39.33336347228,57.509509670558,
    5.408802210457));
#11087 = CARTESIAN_POINT('',(-39.33336284412,57.509409962988,
    5.408716711823));
#11088 = CARTESIAN_POINT('',(-39.3333622239,57.509310253774,
    5.408631214506));
#11089 = CARTESIAN_POINT('',(-39.33336092877,57.509099336365,
    5.40845036565));
#11090 = CARTESIAN_POINT('',(-39.33336025579,57.50898812777,
    5.408355014433));
#11091 = CARTESIAN_POINT('',(-39.33335959269,57.508876917131,
    5.408259664855));
#11092 = CARTESIAN_POINT('',(-39.33335893948,57.50876570445,
    5.408164316918));
#11093 = CARTESIAN_POINT('',(-39.33335829614,57.508654489727,
    5.408068970623));
#11094 = CARTESIAN_POINT('',(-39.33335705115,57.508435900674,
    5.407881577134));
#11095 = CARTESIAN_POINT('',(-39.33335644881,57.508328526483,
    5.407789529829));
#11096 = CARTESIAN_POINT('',(-39.33335585568,57.50822115039,
    5.407697484055));
#11097 = CARTESIAN_POINT('',(-39.33335527177,57.508113772397,
    5.407605439814));
#11098 = CARTESIAN_POINT('',(-39.33335469708,57.508006392505,
    5.407513397107));
#11099 = CARTESIAN_POINT('',(-39.33335354597,57.50778780361,
    5.407326035932));
#11100 = CARTESIAN_POINT('',(-39.33335297023,57.50767659447,
    5.407230717576));
#11101 = CARTESIAN_POINT('',(-39.33335240437,57.507565383294,
    5.407135400867));
#11102 = CARTESIAN_POINT('',(-39.3333518484,57.507454170084,
    5.407040085804));
#11103 = CARTESIAN_POINT('',(-39.33335130231,57.50734295484,
    5.406944772389));
#11104 = CARTESIAN_POINT('',(-39.33335024844,57.507124364782,
    5.406757443539));
#11105 = CARTESIAN_POINT('',(-39.33334973999,57.507016990106,
    5.406665427991));
#11106 = CARTESIAN_POINT('',(-39.33334924075,57.506909613536,
    5.406573413981));
#11107 = CARTESIAN_POINT('',(-39.33334875073,57.506802235074,
    5.406481401509));
#11108 = CARTESIAN_POINT('',(-39.33334826992,57.506694854719,
    5.406389390575));
#11109 = CARTESIAN_POINT('',(-39.33334732678,57.50648009948,
    5.406205379715));
#11110 = CARTESIAN_POINT('',(-39.33334686445,57.506372724596,
    5.406113379789));
#11111 = CARTESIAN_POINT('',(-39.33334641133,57.506265347822,
    5.406021381402));
#11112 = CARTESIAN_POINT('',(-39.33334596743,57.506157969158,
    5.405929384556));
#11113 = CARTESIAN_POINT('',(-39.33334553274,57.506050588607,
    5.405837389252));
#11114 = CARTESIAN_POINT('',(-39.33334466665,57.505831998397,
    5.405650124594));
#11115 = CARTESIAN_POINT('',(-39.33334423591,57.505720788602,
    5.405554855352));
#11116 = CARTESIAN_POINT('',(-39.33334381506,57.505609576783,
    5.405459587765));
#11117 = CARTESIAN_POINT('',(-39.3333434041,57.505498362942,
    5.405364321834));
#11118 = CARTESIAN_POINT('',(-39.33334300302,57.50538714708,
    5.40526905756));
#11119 = CARTESIAN_POINT('',(-39.33334223417,57.505168555833,
    5.405081825313));
#11120 = CARTESIAN_POINT('',(-39.33334186572,57.505061180587,
    5.404989857228));
#11121 = CARTESIAN_POINT('',(-39.33334150649,57.504953803457,
    5.404897890689));
#11122 = CARTESIAN_POINT('',(-39.33334115648,57.504846424447,
    5.404805925696));
#11123 = CARTESIAN_POINT('',(-39.33334081568,57.504739043555,
    5.40471396225));
#11124 = CARTESIAN_POINT('',(-39.33334014072,57.504520452672,
    5.404526762458));
#11125 = CARTESIAN_POINT('',(-39.33333980722,57.504409242543,
    5.404431526224));
#11126 = CARTESIAN_POINT('',(-39.33333948361,57.5042980304,
    5.404336291651));
#11127 = CARTESIAN_POINT('',(-39.33333916989,57.504186816242,
    5.40424105874));
#11128 = CARTESIAN_POINT('',(-39.33333886605,57.50407560007,
    5.404145827492));
#11129 = CARTESIAN_POINT('',(-39.33333828833,57.503857008235,
    5.403958660169));
#11130 = CARTESIAN_POINT('',(-39.33333801377,57.503749632708,
    5.403866723982));
#11131 = CARTESIAN_POINT('',(-39.33333774843,57.503642255306,
    5.403774789347));
#11132 = CARTESIAN_POINT('',(-39.3333374923,57.50353487603,
    5.403682856263));
#11133 = CARTESIAN_POINT('',(-39.3333372454,57.503427494881,
    5.403590924732));
#11134 = CARTESIAN_POINT('',(-39.33333676156,57.503208903491,
    5.403403789921));
#11135 = CARTESIAN_POINT('',(-39.3333365253,57.503097693114,
    5.403308586753));
#11136 = CARTESIAN_POINT('',(-39.33333629893,57.50298648073,
    5.403213385252));
#11137 = CARTESIAN_POINT('',(-39.33333608245,57.50287526634,
    5.403118185419));
#11138 = CARTESIAN_POINT('',(-39.33333587587,57.502764049945,
    5.403022987255));
#11139 = CARTESIAN_POINT('',(-39.33333548249,57.502541623078,
    5.402832602768));
#11140 = CARTESIAN_POINT('',(-39.3333352957,57.502430412608,
    5.402737416446));
#11141 = CARTESIAN_POINT('',(-39.33333511881,57.502319200135,
    5.402642231793));
#11142 = CARTESIAN_POINT('',(-39.3333349518,57.502207985659,
    5.402547048812));
#11143 = CARTESIAN_POINT('',(-39.33333479469,57.502096769182,
    5.402451867502));
#11144 = CARTESIAN_POINT('',(-39.33333450026,57.501874342163,
    5.402261516731));
#11145 = CARTESIAN_POINT('',(-39.33333436294,57.501763131621,
    5.402166347269));
#11146 = CARTESIAN_POINT('',(-39.33333423552,57.50165191908,
    5.40207117948));
#11147 = CARTESIAN_POINT('',(-39.33333411799,57.501540704541,
    5.401976013365));
#11148 = CARTESIAN_POINT('',(-39.33333401035,57.501429488005,
    5.401880848925));
#11149 = CARTESIAN_POINT('',(-39.33333381487,57.501207060877,
    5.401690531899));
#11150 = CARTESIAN_POINT('',(-39.33333372703,57.501095850285,
    5.401595379313));
#11151 = CARTESIAN_POINT('',(-39.33333364908,57.500984637698,
    5.401500228402));
#11152 = CARTESIAN_POINT('',(-39.33333358102,57.500873423118,
    5.401405079169));
#11153 = CARTESIAN_POINT('',(-39.33333352286,57.500762206545,
    5.401309931614));
#11154 = CARTESIAN_POINT('',(-39.33333342751,57.500542494719,
    5.401121971321));
#11155 = CARTESIAN_POINT('',(-39.33333338984,57.500433999563,
    5.401029158501));
#11156 = CARTESIAN_POINT('',(-39.33333336158,57.500325502512,
    5.40093634728));
#11157 = CARTESIAN_POINT('',(-39.33333334275,57.500217003567,
    5.400843537658));
#11158 = CARTESIAN_POINT('',(-39.33333333333,57.50010850273,
    5.400750729636));
#11159 = CARTESIAN_POINT('',(-39.33333333333,57.5,5.400657923215));
#11160 = ORIENTED_EDGE('',*,*,#11161,.F.);
#11161 = EDGE_CURVE('',#1847,#10905,#11162,.T.);
#11162 = LINE('',#11163,#11164);
#11163 = CARTESIAN_POINT('',(-39.33333333333,57.5,0.));
#11164 = VECTOR('',#11165,1.);
#11165 = DIRECTION('',(0.,0.,1.));
#11166 = CYLINDRICAL_SURFACE('',#11167,1.5);
#11167 = AXIS2_PLACEMENT_3D('',#11168,#11169,#11170);
#11168 = CARTESIAN_POINT('',(-40.83333333333,57.5,0.));
#11169 = DIRECTION('',(0.,0.,-1.));
#11170 = DIRECTION('',(-1.,0.,0.));
#11171 = ADVANCED_FACE('',(#11172),#11191,.F.);
#11172 = FACE_BOUND('',#11173,.F.);
#11173 = EDGE_LOOP('',(#11174,#11175,#11183,#11190));
#11174 = ORIENTED_EDGE('',*,*,#1863,.F.);
#11175 = ORIENTED_EDGE('',*,*,#11176,.T.);
#11176 = EDGE_CURVE('',#1856,#11177,#11179,.T.);
#11177 = VERTEX_POINT('',#11178);
#11178 = CARTESIAN_POINT('',(-39.33333333333,31.5,3.));
#11179 = LINE('',#11180,#11181);
#11180 = CARTESIAN_POINT('',(-39.33333333333,31.5,0.));
#11181 = VECTOR('',#11182,1.);
#11182 = DIRECTION('',(0.,0.,1.));
#11183 = ORIENTED_EDGE('',*,*,#11184,.F.);
#11184 = EDGE_CURVE('',#10881,#11177,#11185,.T.);
#11185 = CIRCLE('',#11186,1.5);
#11186 = AXIS2_PLACEMENT_3D('',#11187,#11188,#11189);
#11187 = CARTESIAN_POINT('',(-40.83333333333,31.5,3.));
#11188 = DIRECTION('',(0.,0.,1.));
#11189 = DIRECTION('',(-1.,0.,0.));
#11190 = ORIENTED_EDGE('',*,*,#10888,.F.);
#11191 = CYLINDRICAL_SURFACE('',#11192,1.5);
#11192 = AXIS2_PLACEMENT_3D('',#11193,#11194,#11195);
#11193 = CARTESIAN_POINT('',(-40.83333333333,31.5,0.));
#11194 = DIRECTION('',(0.,0.,-1.));
#11195 = DIRECTION('',(-1.,0.,0.));
#11196 = ADVANCED_FACE('',(#11197),#11217,.T.);
#11197 = FACE_BOUND('',#11198,.F.);
#11198 = EDGE_LOOP('',(#11199,#11200,#11201,#11210,#11216));
#11199 = ORIENTED_EDGE('',*,*,#1855,.F.);
#11200 = ORIENTED_EDGE('',*,*,#11161,.T.);
#11201 = ORIENTED_EDGE('',*,*,#11202,.F.);
#11202 = EDGE_CURVE('',#11203,#10905,#11205,.T.);
#11203 = VERTEX_POINT('',#11204);
#11204 = CARTESIAN_POINT('',(-39.33333333333,51.,3.));
#11205 = CIRCLE('',#11206,10.);
#11206 = AXIS2_PLACEMENT_3D('',#11207,#11208,#11209);
#11207 = CARTESIAN_POINT('',(-39.33333333333,51.,13.));
#11208 = DIRECTION('',(1.,0.,0.));
#11209 = DIRECTION('',(0.,1.,0.));
#11210 = ORIENTED_EDGE('',*,*,#11211,.F.);
#11211 = EDGE_CURVE('',#11177,#11203,#11212,.T.);
#11212 = LINE('',#11213,#11214);
#11213 = CARTESIAN_POINT('',(-39.33333333333,46.374236596195,3.));
#11214 = VECTOR('',#11215,1.);
#11215 = DIRECTION('',(0.,1.,0.));
#11216 = ORIENTED_EDGE('',*,*,#11176,.F.);
#11217 = PLANE('',#11218);
#11218 = AXIS2_PLACEMENT_3D('',#11219,#11220,#11221);
#11219 = CARTESIAN_POINT('',(-39.33333333333,57.5,0.));
#11220 = DIRECTION('',(-1.,-0.,-0.));
#11221 = DIRECTION('',(0.,1.,0.));
#11222 = ADVANCED_FACE('',(#11223),#11257,.F.);
#11223 = FACE_BOUND('',#11224,.T.);
#11224 = EDGE_LOOP('',(#11225,#11226,#11234,#11243,#11251));
#11225 = ORIENTED_EDGE('',*,*,#1872,.F.);
#11226 = ORIENTED_EDGE('',*,*,#11227,.T.);
#11227 = EDGE_CURVE('',#1873,#11228,#11230,.T.);
#11228 = VERTEX_POINT('',#11229);
#11229 = CARTESIAN_POINT('',(-29.91666666666,57.5,5.400657923215));
#11230 = LINE('',#11231,#11232);
#11231 = CARTESIAN_POINT('',(-29.91666666666,57.5,0.));
#11232 = VECTOR('',#11233,1.);
#11233 = DIRECTION('',(0.,0.,1.));
#11234 = ORIENTED_EDGE('',*,*,#11235,.F.);
#11235 = EDGE_CURVE('',#11236,#11228,#11238,.T.);
#11236 = VERTEX_POINT('',#11237);
#11237 = CARTESIAN_POINT('',(-29.91666666666,51.,3.));
#11238 = CIRCLE('',#11239,10.);
#11239 = AXIS2_PLACEMENT_3D('',#11240,#11241,#11242);
#11240 = CARTESIAN_POINT('',(-29.91666666666,51.,13.));
#11241 = DIRECTION('',(1.,0.,0.));
#11242 = DIRECTION('',(0.,1.,0.));
#11243 = ORIENTED_EDGE('',*,*,#11244,.F.);
#11244 = EDGE_CURVE('',#11245,#11236,#11247,.T.);
#11245 = VERTEX_POINT('',#11246);
#11246 = CARTESIAN_POINT('',(-29.91666666666,31.5,3.));
#11247 = LINE('',#11248,#11249);
#11248 = CARTESIAN_POINT('',(-29.91666666666,46.374236596195,3.));
#11249 = VECTOR('',#11250,1.);
#11250 = DIRECTION('',(0.,1.,0.));
#11251 = ORIENTED_EDGE('',*,*,#11252,.F.);
#11252 = EDGE_CURVE('',#1875,#11245,#11253,.T.);
#11253 = LINE('',#11254,#11255);
#11254 = CARTESIAN_POINT('',(-29.91666666666,31.5,0.));
#11255 = VECTOR('',#11256,1.);
#11256 = DIRECTION('',(0.,0.,1.));
#11257 = PLANE('',#11258);
#11258 = AXIS2_PLACEMENT_3D('',#11259,#11260,#11261);
#11259 = CARTESIAN_POINT('',(-29.91666666666,57.5,0.));
#11260 = DIRECTION('',(-1.,-0.,-0.));
#11261 = DIRECTION('',(0.,1.,0.));
#11262 = ADVANCED_FACE('',(#11263),#11540,.F.);
#11263 = FACE_BOUND('',#11264,.F.);
#11264 = EDGE_LOOP('',(#11265,#11266,#11267,#11534));
#11265 = ORIENTED_EDGE('',*,*,#1882,.F.);
#11266 = ORIENTED_EDGE('',*,*,#11227,.T.);
#11267 = ORIENTED_EDGE('',*,*,#11268,.T.);
#11268 = EDGE_CURVE('',#11228,#11269,#11271,.T.);
#11269 = VERTEX_POINT('',#11270);
#11270 = CARTESIAN_POINT('',(-26.91666666666,57.5,5.400657923215));
#11271 = B_SPLINE_CURVE_WITH_KNOTS('',6,(#11272,#11273,#11274,#11275,
    #11276,#11277,#11278,#11279,#11280,#11281,#11282,#11283,#11284,
    #11285,#11286,#11287,#11288,#11289,#11290,#11291,#11292,#11293,
    #11294,#11295,#11296,#11297,#11298,#11299,#11300,#11301,#11302,
    #11303,#11304,#11305,#11306,#11307,#11308,#11309,#11310,#11311,
    #11312,#11313,#11314,#11315,#11316,#11317,#11318,#11319,#11320,
    #11321,#11322,#11323,#11324,#11325,#11326,#11327,#11328,#11329,
    #11330,#11331,#11332,#11333,#11334,#11335,#11336,#11337,#11338,
    #11339,#11340,#11341,#11342,#11343,#11344,#11345,#11346,#11347,
    #11348,#11349,#11350,#11351,#11352,#11353,#11354,#11355,#11356,
    #11357,#11358,#11359,#11360,#11361,#11362,#11363,#11364,#11365,
    #11366,#11367,#11368,#11369,#11370,#11371,#11372,#11373,#11374,
    #11375,#11376,#11377,#11378,#11379,#11380,#11381,#11382,#11383,
    #11384,#11385,#11386,#11387,#11388,#11389,#11390,#11391,#11392,
    #11393,#11394,#11395,#11396,#11397,#11398,#11399,#11400,#11401,
    #11402,#11403,#11404,#11405,#11406,#11407,#11408,#11409,#11410,
    #11411,#11412,#11413,#11414,#11415,#11416,#11417,#11418,#11419,
    #11420,#11421,#11422,#11423,#11424,#11425,#11426,#11427,#11428,
    #11429,#11430,#11431,#11432,#11433,#11434,#11435,#11436,#11437,
    #11438,#11439,#11440,#11441,#11442,#11443,#11444,#11445,#11446,
    #11447,#11448,#11449,#11450,#11451,#11452,#11453,#11454,#11455,
    #11456,#11457,#11458,#11459,#11460,#11461,#11462,#11463,#11464,
    #11465,#11466,#11467,#11468,#11469,#11470,#11471,#11472,#11473,
    #11474,#11475,#11476,#11477,#11478,#11479,#11480,#11481,#11482,
    #11483,#11484,#11485,#11486,#11487,#11488,#11489,#11490,#11491,
    #11492,#11493,#11494,#11495,#11496,#11497,#11498,#11499,#11500,
    #11501,#11502,#11503,#11504,#11505,#11506,#11507,#11508,#11509,
    #11510,#11511,#11512,#11513,#11514,#11515,#11516,#11517,#11518,
    #11519,#11520,#11521,#11522,#11523,#11524,#11525,#11526,#11527,
    #11528,#11529,#11530,#11531,#11532,#11533),.UNSPECIFIED.,.F.,.F.,(7,
    5,5,5,5,5,5,5,5,5,5,5,5,5,5,5,5,5,5,5,5,5,5,5,5,5,5,5,5,5,5,5,5,5,5,
    5,5,5,5,5,5,5,5,5,5,5,5,5,5,5,5,5,7),(0.,5.753597210809E-02,
    0.172058405635,0.281938660794,0.322083430229,0.377005705626,
    0.42242582465,0.448500215062,0.499775726937,0.577062151292,
    0.623104396821,0.679053054214,0.718257300714,0.827816862023,
    0.995084719147,0.99522436678,0.995364002001,0.995503624808,
    0.995643235201,0.995782833179,0.995912792549,0.996047553859,
    0.996177491302,0.996317041749,0.996456579776,0.996572050129,
    0.996663458125,0.996798154925,0.996913600107,0.997053085016,
    0.997182939106,0.997322400019,0.997452231768,0.997567628723,
    0.997707055352,0.997817626255,0.997952223757,0.99808680967,
    0.998216577968,0.998355946729,0.99846166646,0.998576988915,
    0.998716325519,0.998841237419,0.998980550437,0.999115047758,
    0.999254336331,0.999374402703,0.999504064003,0.99963371452,
    0.999772956768,0.999912186575,1.),.UNSPECIFIED.);
#11272 = CARTESIAN_POINT('',(-29.91666666666,57.5,5.400657923215));
#11273 = CARTESIAN_POINT('',(-29.91666666666,57.545963959338,
    5.439972607654));
#11274 = CARTESIAN_POINT('',(-29.914976527,57.591581783971,
    5.479568974406));
#11275 = CARTESIAN_POINT('',(-29.91164393537,57.636795645704,
    5.51939451046));
#11276 = CARTESIAN_POINT('',(-29.90671599844,57.681551446432,
    5.55939542096));
#11277 = CARTESIAN_POINT('',(-29.90023924181,57.725798818137,
    5.599516629198));
#11278 = CARTESIAN_POINT('',(-29.87637655796,57.856458438873,
    5.719688273858));
#11279 = CARTESIAN_POINT('',(-29.85454407951,57.941200162106,
    5.799904245014));
#11280 = CARTESIAN_POINT('',(-29.82710955469,58.023468266935,
    5.880013305704));
#11281 = CARTESIAN_POINT('',(-29.79435500344,58.103055016784,
    5.959672023137));
#11282 = CARTESIAN_POINT('',(-29.75650537338,58.17976685567,6.0385067194
    ));
#11283 = CARTESIAN_POINT('',(-29.67270190882,58.324045085766,
    6.190528972833));
#11284 = CARTESIAN_POINT('',(-29.62713552418,58.391861811275,
    6.263821682497));
#11285 = CARTESIAN_POINT('',(-29.57715377364,58.456732059554,
    6.335659107599));
#11286 = CARTESIAN_POINT('',(-29.52281241112,58.518497477669,
    6.405662357417));
#11287 = CARTESIAN_POINT('',(-29.46413023563,58.576938271226,
    6.473346776265));
#11288 = CARTESIAN_POINT('',(-29.37808893604,58.651780524836,
    6.561738176366));
#11289 = CARTESIAN_POINT('',(-29.35448513108,58.671324821817,
    6.584999052194));
#11290 = CARTESIAN_POINT('',(-29.33030040756,58.690372323871,
    6.607838417712));
#11291 = CARTESIAN_POINT('',(-29.30553449434,58.708906823363,
    6.630223127715));
#11292 = CARTESIAN_POINT('',(-29.28018750921,58.726910171259,
    6.652116874699));
#11293 = CARTESIAN_POINT('',(-29.2187883377,58.768238597196,
    6.702707454094));
#11294 = CARTESIAN_POINT('',(-29.18222237251,58.791088283314,
    6.730948376223));
#11295 = CARTESIAN_POINT('',(-29.14457297939,58.812852568148,
    6.75809247311));
#11296 = CARTESIAN_POINT('',(-29.10585281541,58.833469023447,
    6.784022240316));
#11297 = CARTESIAN_POINT('',(-29.06607627867,58.852871560031,
    6.808613151095));
#11298 = CARTESIAN_POINT('',(-28.99150448715,58.885974532592,
    6.850854060557));
#11299 = CARTESIAN_POINT('',(-28.9570343478,58.900082100484,
    6.868971038876));
#11300 = CARTESIAN_POINT('',(-28.92188121196,58.913263254339,
    6.885996552439));
#11301 = CARTESIAN_POINT('',(-28.88607809437,58.925470571141,
    6.901846049497));
#11302 = CARTESIAN_POINT('',(-28.84965890276,58.936659081988,
    6.91643846547));
#11303 = CARTESIAN_POINT('',(-28.79141752998,58.952600002089,
    6.937307122078));
#11304 = CARTESIAN_POINT('',(-28.76998936746,58.958062788395,
    6.944476745087));
#11305 = CARTESIAN_POINT('',(-28.74838383164,58.963165738894,
    6.951189387341));
#11306 = CARTESIAN_POINT('',(-28.72661229063,58.967900447141,
    6.957430250689));
#11307 = CARTESIAN_POINT('',(-28.70468759931,58.972258992361,
    6.963185443455));
#11308 = CARTESIAN_POINT('',(-28.63923603803,58.984050706901,
    6.97877900542));
#11309 = CARTESIAN_POINT('',(-28.59529158469,58.99038775641,
    6.987192698199));
#11310 = CARTESIAN_POINT('',(-28.55092635853,58.995182440146,
    6.993576481632));
#11311 = CARTESIAN_POINT('',(-28.50627653836,58.998393517248,
    6.997858080782));
#11312 = CARTESIAN_POINT('',(-28.46147820218,59.,7.));
#11313 = CARTESIAN_POINT('',(-28.3491232483,59.,7.));
#11314 = CARTESIAN_POINT('',(-28.2816720403,58.99635005889,
    6.995133965301));
#11315 = CARTESIAN_POINT('',(-28.21472957717,58.98907005705,
    6.985425719232));
#11316 = CARTESIAN_POINT('',(-28.14871666651,58.978259776521,
    6.971059931444));
#11317 = CARTESIAN_POINT('',(-28.08405390817,58.964110764741,
    6.952377166869));
#11318 = CARTESIAN_POINT('',(-27.9836874369,58.936675980789,
    6.916459987899));
#11319 = CARTESIAN_POINT('',(-27.94681330671,58.925345353779,
    6.90168210344));
#11320 = CARTESIAN_POINT('',(-27.91057088953,58.912970416318,
    6.885615770044));
#11321 = CARTESIAN_POINT('',(-27.8749953125,58.899597836451,
    6.868345121313));
#11322 = CARTESIAN_POINT('',(-27.84012076329,58.885276851189,
    6.849957935726));
#11323 = CARTESIAN_POINT('',(-27.76449462366,58.851567478766,
    6.806956603164));
#11324 = CARTESIAN_POINT('',(-27.72408696605,58.831749484713,
    6.78185027539));
#11325 = CARTESIAN_POINT('',(-27.6847740462,58.810678551957,
    6.755364935134));
#11326 = CARTESIAN_POINT('',(-27.64657056623,58.788423952362,
    6.727631223231));
#11327 = CARTESIAN_POINT('',(-27.60948940134,58.765050962053,
    6.698772139537));
#11328 = CARTESIAN_POINT('',(-27.54835231859,58.723502243519,
    6.647973221178));
#11329 = CARTESIAN_POINT('',(-27.52371541912,58.705861811286,
    6.626543994839));
#11330 = CARTESIAN_POINT('',(-27.49963138516,58.687718064796,
    6.604651734903));
#11331 = CARTESIAN_POINT('',(-27.47610032178,58.669087721138,
    6.582329920775));
#11332 = CARTESIAN_POINT('',(-27.45312195548,58.649985714403,
    6.559609140267));
#11333 = CARTESIAN_POINT('',(-27.36802339464,58.575761682409,
    6.471984413521));
#11334 = CARTESIAN_POINT('',(-27.30965121677,58.517507169999,
    6.404540309499));
#11335 = CARTESIAN_POINT('',(-27.25558447363,58.455957730444,
    6.334801987086));
#11336 = CARTESIAN_POINT('',(-27.20584211051,58.391330006652,
    6.263247378195));
#11337 = CARTESIAN_POINT('',(-27.16047952321,58.323780357665,
    6.19025059013));
#11338 = CARTESIAN_POINT('',(-27.05721690659,58.146008855438,
    6.00293593812));
#11339 = CARTESIAN_POINT('',(-27.00522865081,58.031931217719,
    5.886978615368));
#11340 = CARTESIAN_POINT('',(-26.96427604295,57.911877032218,
    5.76964216201));
#11341 = CARTESIAN_POINT('',(-26.93517234661,57.786534713849,
    5.652109603793));
#11342 = CARTESIAN_POINT('',(-26.91893989012,57.656709384154,
    5.535477188446));
#11343 = CARTESIAN_POINT('',(-26.91684935723,57.523410482462,
    5.420744383593));
#11344 = CARTESIAN_POINT('',(-26.91684762321,57.523299285339,
    5.420648677602));
#11345 = CARTESIAN_POINT('',(-26.91684589906,57.523188086086,
    5.420552973185));
#11346 = CARTESIAN_POINT('',(-26.91684418477,57.523076884703,
    5.420457270343));
#11347 = CARTESIAN_POINT('',(-26.91684248035,57.522965681191,
    5.420361569077));
#11348 = CARTESIAN_POINT('',(-26.91683909138,57.522743279796,
    5.420170178204));
#11349 = CARTESIAN_POINT('',(-26.91683740683,57.522632081914,
    5.420074488597));
#11350 = CARTESIAN_POINT('',(-26.91683573214,57.522520881905,
    5.419978800567));
#11351 = CARTESIAN_POINT('',(-26.91683406732,57.52240967977,
    5.419883114115));
#11352 = CARTESIAN_POINT('',(-26.91683241237,57.52229847551,
    5.419787429242));
#11353 = CARTESIAN_POINT('',(-26.91682912233,57.52207607263,
    5.419596071162));
#11354 = CARTESIAN_POINT('',(-26.91682748725,57.521964874009,
    5.419500397954));
#11355 = CARTESIAN_POINT('',(-26.91682586203,57.521853673266,
    5.419404726327));
#11356 = CARTESIAN_POINT('',(-26.91682424668,57.521742470402,
    5.419309056281));
#11357 = CARTESIAN_POINT('',(-26.9168226412,57.521631265417,
    5.419213387817));
#11358 = CARTESIAN_POINT('',(-26.9168194501,57.521408861095,
    5.41902206256));
#11359 = CARTESIAN_POINT('',(-26.91681786448,57.521297661759,
    5.418926405768));
#11360 = CARTESIAN_POINT('',(-26.91681628874,57.521186460304,
    5.418830750558));
#11361 = CARTESIAN_POINT('',(-26.91681472285,57.521075256731,
    5.418735096933));
#11362 = CARTESIAN_POINT('',(-26.91681316684,57.520964051043,
    5.418639444893));
#11363 = CARTESIAN_POINT('',(-26.91681007468,57.520741645323,
    5.418448152491));
#11364 = CARTESIAN_POINT('',(-26.91680853853,57.520630445293,
    5.418352512129));
#11365 = CARTESIAN_POINT('',(-26.91680701225,57.520519243148,
    5.418256873353));
#11366 = CARTESIAN_POINT('',(-26.91680549584,57.52040803889,
    5.418161236165));
#11367 = CARTESIAN_POINT('',(-26.91680398929,57.52029683252,
    5.418065600564));
#11368 = CARTESIAN_POINT('',(-26.91680109928,57.520082093997,
    5.417880935637));
#11369 = CARTESIAN_POINT('',(-26.91679971449,57.519978562127,
    5.417791906098));
#11370 = CARTESIAN_POINT('',(-26.91679833826,57.519875028428,
    5.417702877937));
#11371 = CARTESIAN_POINT('',(-26.91679697058,57.5197714929,
    5.417613851154));
#11372 = CARTESIAN_POINT('',(-26.91679561146,57.519667955544,
    5.417524825751));
#11373 = CARTESIAN_POINT('',(-26.91679286041,57.519457051451,
    5.417343488306));
#11374 = CARTESIAN_POINT('',(-26.91679146914,57.519349684576,
    5.417251176368));
#11375 = CARTESIAN_POINT('',(-26.91679008706,57.519242315738,
    5.417158865914));
#11376 = CARTESIAN_POINT('',(-26.91678871418,57.519134944937,
    5.417066556946));
#11377 = CARTESIAN_POINT('',(-26.91678735051,57.519027572173,
    5.416974249464));
#11378 = CARTESIAN_POINT('',(-26.91678469004,57.518816666271,
    5.416792941625));
#11379 = CARTESIAN_POINT('',(-26.9167833926,57.51871313327,
    5.416703941164));
#11380 = CARTESIAN_POINT('',(-26.91678210372,57.518609598447,
    5.416614942086));
#11381 = CARTESIAN_POINT('',(-26.9167808234,57.518506061801,
    5.416525944392));
#11382 = CARTESIAN_POINT('',(-26.91677955162,57.518402523335,
    5.416436948081));
#11383 = CARTESIAN_POINT('',(-26.91677693174,57.518187782664,
    5.416252374227));
#11384 = CARTESIAN_POINT('',(-26.91677558494,57.518076580182,
    5.416156796895));
#11385 = CARTESIAN_POINT('',(-26.91677424801,57.5179653756,
    5.416061221161));
#11386 = CARTESIAN_POINT('',(-26.91677292094,57.517854168921,
    5.415965647026));
#11387 = CARTESIAN_POINT('',(-26.91677160375,57.517742960144,
    5.415870074492));
#11388 = CARTESIAN_POINT('',(-26.91676898923,57.517520548297,
    5.41567894113));
#11389 = CARTESIAN_POINT('',(-26.9167676919,57.517409345227,
    5.415583380302));
#11390 = CARTESIAN_POINT('',(-26.91676640444,57.517298140061,
    5.415487821076));
#11391 = CARTESIAN_POINT('',(-26.91676512685,57.517186932802,
    5.415392263452));
#11392 = CARTESIAN_POINT('',(-26.91676385913,57.51707572345,
    5.415296707431));
#11393 = CARTESIAN_POINT('',(-26.91676156039,57.516872482436,
    5.415122079928));
#11394 = CARTESIAN_POINT('',(-26.91676052626,57.516780451433,
    5.415043007941));
#11395 = CARTESIAN_POINT('',(-26.91675949889,57.516688418997,
    5.414963937053));
#11396 = CARTESIAN_POINT('',(-26.91675847829,57.516596385131,
    5.414884867264));
#11397 = CARTESIAN_POINT('',(-26.91675746444,57.516504349833,
    5.414805798575));
#11398 = CARTESIAN_POINT('',(-26.91675566013,57.516339455504,
    5.414664139943));
#11399 = CARTESIAN_POINT('',(-26.91675486715,57.516266597007,
    5.414601549589));
#11400 = CARTESIAN_POINT('',(-26.9167540784,57.516193737613,
    5.414538959925));
#11401 = CARTESIAN_POINT('',(-26.91675329389,57.516120877324,
    5.414476370951));
#11402 = CARTESIAN_POINT('',(-26.91675251362,57.516048016139,
    5.414413782667));
#11403 = CARTESIAN_POINT('',(-26.91675059405,57.515867786109,
    5.41425896738));
#11404 = CARTESIAN_POINT('',(-26.9167494597,57.515760416215,
    5.414166741186));
#11405 = CARTESIAN_POINT('',(-26.91674833457,57.515653044378,
    5.414074516491));
#11406 = CARTESIAN_POINT('',(-26.91674721863,57.515545670598,
    5.413982293297));
#11407 = CARTESIAN_POINT('',(-26.91674611191,57.515438294876,
    5.413890071605));
#11408 = CARTESIAN_POINT('',(-26.91674407372,57.515238886565,
    5.413718811848));
#11409 = CARTESIAN_POINT('',(-26.91674313983,57.515146854491,
    5.413639773385));
#11410 = CARTESIAN_POINT('',(-26.91674221269,57.515054820992,
    5.413560736026));
#11411 = CARTESIAN_POINT('',(-26.91674129232,57.514962786068,
    5.413481699772));
#11412 = CARTESIAN_POINT('',(-26.91674037872,57.514870749719,
    5.413402664622));
#11413 = CARTESIAN_POINT('',(-26.91673837619,57.514667508691,
    5.41322813888));
#11414 = CARTESIAN_POINT('',(-26.91673729038,57.514556303356,
    5.413132648795));
#11415 = CARTESIAN_POINT('',(-26.91673621445,57.514445095944,
    5.413037160325));
#11416 = CARTESIAN_POINT('',(-26.9167351484,57.514333886455,
    5.412941673471));
#11417 = CARTESIAN_POINT('',(-26.91673409221,57.514222674891,
    5.412846188232));
#11418 = CARTESIAN_POINT('',(-26.91673207185,57.514007926425,
    5.412661813713));
#11419 = CARTESIAN_POINT('',(-26.91673110635,57.5139043898,
    5.412572924216));
#11420 = CARTESIAN_POINT('',(-26.91673014941,57.513800851377,
    5.412484036121));
#11421 = CARTESIAN_POINT('',(-26.91672920103,57.513697311158,
    5.412395149429));
#11422 = CARTESIAN_POINT('',(-26.91672826121,57.513593769143,
    5.41230626414));
#11423 = CARTESIAN_POINT('',(-26.9167263298,57.513379021178,
    5.412121920592));
#11424 = CARTESIAN_POINT('',(-26.91672533952,57.513267814953,
    5.412026462548));
#11425 = CARTESIAN_POINT('',(-26.91672435912,57.513156606657,
    5.411931006124));
#11426 = CARTESIAN_POINT('',(-26.91672338859,57.513045396294,
    5.411835551322));
#11427 = CARTESIAN_POINT('',(-26.91672242795,57.512934183862,
    5.411740098141));
#11428 = CARTESIAN_POINT('',(-26.91672059206,57.512719433739,
    5.411555785538));
#11429 = CARTESIAN_POINT('',(-26.9167197155,57.512615896324,
    5.411466925898));
#11430 = CARTESIAN_POINT('',(-26.9167188475,57.512512357118,
    5.411378067666));
#11431 = CARTESIAN_POINT('',(-26.91671798806,57.512408816122,
    5.411289210842));
#11432 = CARTESIAN_POINT('',(-26.91671713719,57.512305273337,
    5.411200355426));
#11433 = CARTESIAN_POINT('',(-26.91671554622,57.512109696356,
    5.41103252627));
#11434 = CARTESIAN_POINT('',(-26.91671480432,57.512017662536,
    5.410953552234));
#11435 = CARTESIAN_POINT('',(-26.91671406919,57.511925627303,
    5.410874579311));
#11436 = CARTESIAN_POINT('',(-26.91671334083,57.511833590658,
    5.410795607502));
#11437 = CARTESIAN_POINT('',(-26.91671261923,57.511741552603,
    5.410716636809));
#11438 = CARTESIAN_POINT('',(-26.91671104071,57.51153830784,
    5.410542253428));
#11439 = CARTESIAN_POINT('',(-26.91671018691,57.511427100484,
    5.410446841254));
#11440 = CARTESIAN_POINT('',(-26.91670934298,57.51131589107,
    5.410351430709));
#11441 = CARTESIAN_POINT('',(-26.91670850893,57.511204679599,
    5.410256021793));
#11442 = CARTESIAN_POINT('',(-26.91670768476,57.511093466071,
    5.410160614508));
#11443 = CARTESIAN_POINT('',(-26.91670622471,57.510894052075,
    5.409989548349));
#11444 = CARTESIAN_POINT('',(-26.91670558517,57.510805852369,
    5.40991388887));
#11445 = CARTESIAN_POINT('',(-26.91670495183,57.510717651371,
    5.409838230417));
#11446 = CARTESIAN_POINT('',(-26.91670432471,57.510629449081,
    5.409762572991));
#11447 = CARTESIAN_POINT('',(-26.91670370381,57.5105412455,
    5.409686916592));
#11448 = CARTESIAN_POINT('',(-26.91670234087,57.510345669202,
    5.409519166251));
#11449 = CARTESIAN_POINT('',(-26.91670160182,57.510238295863,
    5.409427072803));
#11450 = CARTESIAN_POINT('',(-26.91670087198,57.510130920612,
    5.409334980879));
#11451 = CARTESIAN_POINT('',(-26.91670015136,57.51002354345,
    5.409242890479));
#11452 = CARTESIAN_POINT('',(-26.91669943995,57.509916164378,
    5.409150801605));
#11453 = CARTESIAN_POINT('',(-26.91669803561,57.50970141166,
    5.408966634835));
#11454 = CARTESIAN_POINT('',(-26.91669734268,57.509594038014,
    5.40887455694));
#11455 = CARTESIAN_POINT('',(-26.91669665897,57.50948666246,
    5.408782480572));
#11456 = CARTESIAN_POINT('',(-26.91669598446,57.509379284998,
    5.40869040573));
#11457 = CARTESIAN_POINT('',(-26.91669531917,57.50927190563,
    5.408598332417));
#11458 = CARTESIAN_POINT('',(-26.9166940305,57.509060986884,
    5.408417484633));
#11459 = CARTESIAN_POINT('',(-26.91669340647,57.508957447641,
    5.408328710056));
#11460 = CARTESIAN_POINT('',(-26.91669279101,57.508853906626,
    5.4082399369));
#11461 = CARTESIAN_POINT('',(-26.91669218412,57.508750363841,
    5.408151165167));
#11462 = CARTESIAN_POINT('',(-26.91669158579,57.508646819287,
    5.408062394857));
#11463 = CARTESIAN_POINT('',(-26.91669036264,57.50843206612,
    5.407878289822));
#11464 = CARTESIAN_POINT('',(-26.91668973913,57.508320857237,
    5.407782955317));
#11465 = CARTESIAN_POINT('',(-26.91668912551,57.508209646315,
    5.407687622454));
#11466 = CARTESIAN_POINT('',(-26.91668852177,57.508098433354,
    5.407592291235));
#11467 = CARTESIAN_POINT('',(-26.91668792791,57.507987218355,
    5.407496961661));
#11468 = CARTESIAN_POINT('',(-26.91668690096,57.507791636395,
    5.407329321667));
#11469 = CARTESIAN_POINT('',(-26.91668646367,57.507707270298,
    5.407257010549));
#11470 = CARTESIAN_POINT('',(-26.91668603207,57.50762290303,
    5.407184700377));
#11471 = CARTESIAN_POINT('',(-26.91668560615,57.50753853459,
    5.407112391153));
#11472 = CARTESIAN_POINT('',(-26.91668518593,57.50745416498,
    5.407040082877));
#11473 = CARTESIAN_POINT('',(-26.91668431921,57.507277759861,
    5.406888900411));
#11474 = CARTESIAN_POINT('',(-26.91668387379,57.507185724131,
    5.4068100264));
#11475 = CARTESIAN_POINT('',(-26.91668343514,57.507093687008,
    5.406731153519));
#11476 = CARTESIAN_POINT('',(-26.91668300326,57.507001648494,
    5.406652281767));
#11477 = CARTESIAN_POINT('',(-26.91668257815,57.50690960859,
    5.406573411145));
#11478 = CARTESIAN_POINT('',(-26.91668165437,57.506706359798,
    5.406399248788));
#11479 = CARTESIAN_POINT('',(-26.9166811588,57.506595150272,
    5.406303957573));
#11480 = CARTESIAN_POINT('',(-26.91668067313,57.506483938718,
    5.40620866801));
#11481 = CARTESIAN_POINT('',(-26.91668019733,57.506372725136,
    5.406113380098));
#11482 = CARTESIAN_POINT('',(-26.91667973143,57.506261509526,
    5.406018093839));
#11483 = CARTESIAN_POINT('',(-26.9166788666,57.506050587967,
    5.405837388886));
#11484 = CARTESIAN_POINT('',(-26.91667846574,57.505950882416,
    5.405751969867));
#11485 = CARTESIAN_POINT('',(-26.91667807282,57.505851175236,
    5.405666552178));
#11486 = CARTESIAN_POINT('',(-26.91667768786,57.50575146643,
    5.405581135819));
#11487 = CARTESIAN_POINT('',(-26.91667731083,57.505651755997,
    5.405495720791));
#11488 = CARTESIAN_POINT('',(-26.91667653014,57.505440836058,
    5.405315046034));
#11489 = CARTESIAN_POINT('',(-26.9166761284,57.505329626154,
    5.405219786631));
#11490 = CARTESIAN_POINT('',(-26.91667573655,57.50521841423,
    5.405124528884));
#11491 = CARTESIAN_POINT('',(-26.91667535459,57.505107200286,
    5.405029272795));
#11492 = CARTESIAN_POINT('',(-26.91667498252,57.504995984322,
    5.404934018364));
#11493 = CARTESIAN_POINT('',(-26.91667427067,57.504777392883,
    5.404746805469));
#11494 = CARTESIAN_POINT('',(-26.91667393022,57.504670017544,
    5.404654846892));
#11495 = CARTESIAN_POINT('',(-26.91667359899,57.504562640325,
    5.404562889862));
#11496 = CARTESIAN_POINT('',(-26.91667327698,57.504455261226,
    5.40447093438));
#11497 = CARTESIAN_POINT('',(-26.91667296419,57.504347880249,
    5.404378980447));
#11498 = CARTESIAN_POINT('',(-26.91667234623,57.504129289197,
    5.404191800023));
#11499 = CARTESIAN_POINT('',(-26.91667204173,57.504018078986,
    5.404096573644));
#11500 = CARTESIAN_POINT('',(-26.91667174712,57.503906866762,
    5.404001348929));
#11501 = CARTESIAN_POINT('',(-26.9166714624,57.503795652525,
    5.403906125877));
#11502 = CARTESIAN_POINT('',(-26.91667118757,57.503684436278,
    5.40381090449));
#11503 = CARTESIAN_POINT('',(-26.91667069425,57.503477348184,
    5.403633605625));
#11504 = CARTESIAN_POINT('',(-26.91667047323,57.503381476854,
    5.40355152772));
#11505 = CARTESIAN_POINT('',(-26.91667025955,57.503285604031,
    5.403469451053));
#11506 = CARTESIAN_POINT('',(-26.91667005322,57.503189729715,
    5.403387375625));
#11507 = CARTESIAN_POINT('',(-26.91666985425,57.503093853908,
    5.403305301436));
#11508 = CARTESIAN_POINT('',(-26.91666945568,57.502894437418,
    5.403134596797));
#11509 = CARTESIAN_POINT('',(-26.91666925731,57.502790896487,
    5.403045966555));
#11510 = CARTESIAN_POINT('',(-26.91666906752,57.502687353819,
    5.402957337758));
#11511 = CARTESIAN_POINT('',(-26.9166688863,57.502583809413,
    5.402868710409));
#11512 = CARTESIAN_POINT('',(-26.91666871366,57.50248026327,
    5.402780084507));
#11513 = CARTESIAN_POINT('',(-26.91666838553,57.502273176124,
    5.402602842971));
#11514 = CARTESIAN_POINT('',(-26.91666823005,57.502169635121,
    5.402514227336));
#11515 = CARTESIAN_POINT('',(-26.91666808314,57.502066092382,
    5.40242561315));
#11516 = CARTESIAN_POINT('',(-26.91666794481,57.50196254791,
    5.402337000413));
#11517 = CARTESIAN_POINT('',(-26.91666781505,57.501859001704,
    5.402248389127));
#11518 = CARTESIAN_POINT('',(-26.91666756372,57.501644245203,
    5.402064613973));
#11519 = CARTESIAN_POINT('',(-26.91666744346,57.501533034641,
    5.401969450328));
#11520 = CARTESIAN_POINT('',(-26.9166673331,57.501421822082,
    5.401874288358));
#11521 = CARTESIAN_POINT('',(-26.91666723263,57.501310607526,
    5.401779128063));
#11522 = CARTESIAN_POINT('',(-26.91666714205,57.501199390975,
    5.401683969443));
#11523 = CARTESIAN_POINT('',(-26.91666698069,57.500976963819,
    5.401493664061));
#11524 = CARTESIAN_POINT('',(-26.91666690991,57.500865753216,
    5.401398517297));
#11525 = CARTESIAN_POINT('',(-26.91666684902,57.500754540618,
    5.40130337221));
#11526 = CARTESIAN_POINT('',(-26.91666679802,57.500643326029,
    5.401208228802));
#11527 = CARTESIAN_POINT('',(-26.91666675692,57.500532109448,
    5.401113087072));
#11528 = CARTESIAN_POINT('',(-26.91666670603,57.500350744375,
    5.400957941384));
#11529 = CARTESIAN_POINT('',(-26.91666669028,57.500280597083,
    5.400897936413));
#11530 = CARTESIAN_POINT('',(-26.91666667847,57.500210448999,
    5.40083793211));
#11531 = CARTESIAN_POINT('',(-26.9166666706,57.500140300124,
    5.400777928476));
#11532 = CARTESIAN_POINT('',(-26.91666666666,57.500070150457,
    5.400717925511));
#11533 = CARTESIAN_POINT('',(-26.91666666666,57.5,5.400657923215));
#11534 = ORIENTED_EDGE('',*,*,#11535,.F.);
#11535 = EDGE_CURVE('',#1883,#11269,#11536,.T.);
#11536 = LINE('',#11537,#11538);
#11537 = CARTESIAN_POINT('',(-26.91666666666,57.5,0.));
#11538 = VECTOR('',#11539,1.);
#11539 = DIRECTION('',(0.,0.,1.));
#11540 = CYLINDRICAL_SURFACE('',#11541,1.5);
#11541 = AXIS2_PLACEMENT_3D('',#11542,#11543,#11544);
#11542 = CARTESIAN_POINT('',(-28.41666666666,57.5,0.));
#11543 = DIRECTION('',(0.,0.,-1.));
#11544 = DIRECTION('',(-1.,0.,0.));
#11545 = ADVANCED_FACE('',(#11546),#11565,.F.);
#11546 = FACE_BOUND('',#11547,.F.);
#11547 = EDGE_LOOP('',(#11548,#11549,#11557,#11564));
#11548 = ORIENTED_EDGE('',*,*,#1899,.F.);
#11549 = ORIENTED_EDGE('',*,*,#11550,.T.);
#11550 = EDGE_CURVE('',#1892,#11551,#11553,.T.);
#11551 = VERTEX_POINT('',#11552);
#11552 = CARTESIAN_POINT('',(-26.91666666666,31.5,3.));
#11553 = LINE('',#11554,#11555);
#11554 = CARTESIAN_POINT('',(-26.91666666666,31.5,0.));
#11555 = VECTOR('',#11556,1.);
#11556 = DIRECTION('',(0.,0.,1.));
#11557 = ORIENTED_EDGE('',*,*,#11558,.F.);
#11558 = EDGE_CURVE('',#11245,#11551,#11559,.T.);
#11559 = CIRCLE('',#11560,1.5);
#11560 = AXIS2_PLACEMENT_3D('',#11561,#11562,#11563);
#11561 = CARTESIAN_POINT('',(-28.41666666666,31.5,3.));
#11562 = DIRECTION('',(0.,0.,1.));
#11563 = DIRECTION('',(-1.,0.,0.));
#11564 = ORIENTED_EDGE('',*,*,#11252,.F.);
#11565 = CYLINDRICAL_SURFACE('',#11566,1.5);
#11566 = AXIS2_PLACEMENT_3D('',#11567,#11568,#11569);
#11567 = CARTESIAN_POINT('',(-28.41666666666,31.5,0.));
#11568 = DIRECTION('',(0.,0.,-1.));
#11569 = DIRECTION('',(-1.,0.,0.));
#11570 = ADVANCED_FACE('',(#11571),#11591,.T.);
#11571 = FACE_BOUND('',#11572,.F.);
#11572 = EDGE_LOOP('',(#11573,#11574,#11575,#11584,#11590));
#11573 = ORIENTED_EDGE('',*,*,#1891,.F.);
#11574 = ORIENTED_EDGE('',*,*,#11535,.T.);
#11575 = ORIENTED_EDGE('',*,*,#11576,.F.);
#11576 = EDGE_CURVE('',#11577,#11269,#11579,.T.);
#11577 = VERTEX_POINT('',#11578);
#11578 = CARTESIAN_POINT('',(-26.91666666666,51.,3.));
#11579 = CIRCLE('',#11580,10.);
#11580 = AXIS2_PLACEMENT_3D('',#11581,#11582,#11583);
#11581 = CARTESIAN_POINT('',(-26.91666666666,51.,13.));
#11582 = DIRECTION('',(1.,0.,0.));
#11583 = DIRECTION('',(0.,1.,0.));
#11584 = ORIENTED_EDGE('',*,*,#11585,.F.);
#11585 = EDGE_CURVE('',#11551,#11577,#11586,.T.);
#11586 = LINE('',#11587,#11588);
#11587 = CARTESIAN_POINT('',(-26.91666666666,46.374236596195,3.));
#11588 = VECTOR('',#11589,1.);
#11589 = DIRECTION('',(0.,1.,0.));
#11590 = ORIENTED_EDGE('',*,*,#11550,.F.);
#11591 = PLANE('',#11592);
#11592 = AXIS2_PLACEMENT_3D('',#11593,#11594,#11595);
#11593 = CARTESIAN_POINT('',(-26.91666666666,57.5,0.));
#11594 = DIRECTION('',(-1.,-0.,-0.));
#11595 = DIRECTION('',(0.,1.,0.));
#11596 = ADVANCED_FACE('',(#11597),#11631,.F.);
#11597 = FACE_BOUND('',#11598,.T.);
#11598 = EDGE_LOOP('',(#11599,#11600,#11608,#11617,#11625));
#11599 = ORIENTED_EDGE('',*,*,#1908,.F.);
#11600 = ORIENTED_EDGE('',*,*,#11601,.T.);
#11601 = EDGE_CURVE('',#1909,#11602,#11604,.T.);
#11602 = VERTEX_POINT('',#11603);
#11603 = CARTESIAN_POINT('',(-17.5,57.5,5.400657923215));
#11604 = LINE('',#11605,#11606);
#11605 = CARTESIAN_POINT('',(-17.5,57.5,0.));
#11606 = VECTOR('',#11607,1.);
#11607 = DIRECTION('',(0.,0.,1.));
#11608 = ORIENTED_EDGE('',*,*,#11609,.F.);
#11609 = EDGE_CURVE('',#11610,#11602,#11612,.T.);
#11610 = VERTEX_POINT('',#11611);
#11611 = CARTESIAN_POINT('',(-17.5,51.,3.));
#11612 = CIRCLE('',#11613,10.);
#11613 = AXIS2_PLACEMENT_3D('',#11614,#11615,#11616);
#11614 = CARTESIAN_POINT('',(-17.5,51.,13.));
#11615 = DIRECTION('',(1.,0.,0.));
#11616 = DIRECTION('',(0.,1.,0.));
#11617 = ORIENTED_EDGE('',*,*,#11618,.F.);
#11618 = EDGE_CURVE('',#11619,#11610,#11621,.T.);
#11619 = VERTEX_POINT('',#11620);
#11620 = CARTESIAN_POINT('',(-17.5,31.5,3.));
#11621 = LINE('',#11622,#11623);
#11622 = CARTESIAN_POINT('',(-17.5,46.374236596195,3.));
#11623 = VECTOR('',#11624,1.);
#11624 = DIRECTION('',(0.,1.,0.));
#11625 = ORIENTED_EDGE('',*,*,#11626,.F.);
#11626 = EDGE_CURVE('',#1911,#11619,#11627,.T.);
#11627 = LINE('',#11628,#11629);
#11628 = CARTESIAN_POINT('',(-17.5,31.5,0.));
#11629 = VECTOR('',#11630,1.);
#11630 = DIRECTION('',(0.,0.,1.));
#11631 = PLANE('',#11632);
#11632 = AXIS2_PLACEMENT_3D('',#11633,#11634,#11635);
#11633 = CARTESIAN_POINT('',(-17.5,57.5,0.));
#11634 = DIRECTION('',(-1.,-0.,-0.));
#11635 = DIRECTION('',(0.,1.,0.));
#11636 = ADVANCED_FACE('',(#11637),#11909,.F.);
#11637 = FACE_BOUND('',#11638,.F.);
#11638 = EDGE_LOOP('',(#11639,#11640,#11641,#11903));
#11639 = ORIENTED_EDGE('',*,*,#1918,.F.);
#11640 = ORIENTED_EDGE('',*,*,#11601,.T.);
#11641 = ORIENTED_EDGE('',*,*,#11642,.T.);
#11642 = EDGE_CURVE('',#11602,#11643,#11645,.T.);
#11643 = VERTEX_POINT('',#11644);
#11644 = CARTESIAN_POINT('',(-14.5,57.5,5.400657923215));
#11645 = B_SPLINE_CURVE_WITH_KNOTS('',6,(#11646,#11647,#11648,#11649,
    #11650,#11651,#11652,#11653,#11654,#11655,#11656,#11657,#11658,
    #11659,#11660,#11661,#11662,#11663,#11664,#11665,#11666,#11667,
    #11668,#11669,#11670,#11671,#11672,#11673,#11674,#11675,#11676,
    #11677,#11678,#11679,#11680,#11681,#11682,#11683,#11684,#11685,
    #11686,#11687,#11688,#11689,#11690,#11691,#11692,#11693,#11694,
    #11695,#11696,#11697,#11698,#11699,#11700,#11701,#11702,#11703,
    #11704,#11705,#11706,#11707,#11708,#11709,#11710,#11711,#11712,
    #11713,#11714,#11715,#11716,#11717,#11718,#11719,#11720,#11721,
    #11722,#11723,#11724,#11725,#11726,#11727,#11728,#11729,#11730,
    #11731,#11732,#11733,#11734,#11735,#11736,#11737,#11738,#11739,
    #11740,#11741,#11742,#11743,#11744,#11745,#11746,#11747,#11748,
    #11749,#11750,#11751,#11752,#11753,#11754,#11755,#11756,#11757,
    #11758,#11759,#11760,#11761,#11762,#11763,#11764,#11765,#11766,
    #11767,#11768,#11769,#11770,#11771,#11772,#11773,#11774,#11775,
    #11776,#11777,#11778,#11779,#11780,#11781,#11782,#11783,#11784,
    #11785,#11786,#11787,#11788,#11789,#11790,#11791,#11792,#11793,
    #11794,#11795,#11796,#11797,#11798,#11799,#11800,#11801,#11802,
    #11803,#11804,#11805,#11806,#11807,#11808,#11809,#11810,#11811,
    #11812,#11813,#11814,#11815,#11816,#11817,#11818,#11819,#11820,
    #11821,#11822,#11823,#11824,#11825,#11826,#11827,#11828,#11829,
    #11830,#11831,#11832,#11833,#11834,#11835,#11836,#11837,#11838,
    #11839,#11840,#11841,#11842,#11843,#11844,#11845,#11846,#11847,
    #11848,#11849,#11850,#11851,#11852,#11853,#11854,#11855,#11856,
    #11857,#11858,#11859,#11860,#11861,#11862,#11863,#11864,#11865,
    #11866,#11867,#11868,#11869,#11870,#11871,#11872,#11873,#11874,
    #11875,#11876,#11877,#11878,#11879,#11880,#11881,#11882,#11883,
    #11884,#11885,#11886,#11887,#11888,#11889,#11890,#11891,#11892,
    #11893,#11894,#11895,#11896,#11897,#11898,#11899,#11900,#11901,
    #11902),.UNSPECIFIED.,.F.,.F.,(7,5,5,5,5,5,5,5,5,5,5,5,5,5,5,5,5,5,5
    ,5,5,5,5,5,5,5,5,5,5,5,5,5,5,5,5,5,5,5,5,5,5,5,5,5,5,5,5,5,5,5,5,7),
  (0.,5.753595662281E-02,0.172058368643,0.281938609727,0.322083371594,
    0.377005636639,0.422425747101,0.448500132597,0.499775634804,
    0.577062044582,0.623104291595,0.67905296362,0.718257220373,
    0.827816816844,0.995084717857,0.995219550296,0.995296592209,
    0.995436221046,0.995522880977,0.995652861906,0.995768391474,
    0.99589353891,0.995975360683,0.99607161613,0.99629298124,
    0.996418086828,0.996533560047,0.996663457249,0.996793343683,
    0.99689435902,0.996995367841,0.997134845502,0.997206984244,
    0.997332016855,0.997457039477,0.997586860087,0.997721477489,
    0.997894539979,0.998053163768,0.998404001621,0.99852413346,
    0.998663474817,0.998778782398,0.998922904897,0.999062210661,
    0.999182291855,0.99932157446,0.999436833416,0.999552083853,
    0.999662524193,0.999816167302,1.),.UNSPECIFIED.);
#11646 = CARTESIAN_POINT('',(-17.5,57.5,5.400657923215));
#11647 = CARTESIAN_POINT('',(-17.5,57.54596396309,5.439972610864));
#11648 = CARTESIAN_POINT('',(-17.49830986068,57.591581783071,
    5.479568973514));
#11649 = CARTESIAN_POINT('',(-17.49497726903,57.636795642043,
    5.519394507214));
#11650 = CARTESIAN_POINT('',(-17.4900493316,57.681551445373,
    5.559395420116));
#11651 = CARTESIAN_POINT('',(-17.4835725745,57.725798821691,
    5.599516632467));
#11652 = CARTESIAN_POINT('',(-17.45970989129,57.856458438873,
    5.719688273858));
#11653 = CARTESIAN_POINT('',(-17.43787741284,57.941200162106,
    5.799904245014));
#11654 = CARTESIAN_POINT('',(-17.41044288802,58.023468266935,
    5.880013305704));
#11655 = CARTESIAN_POINT('',(-17.37768833678,58.103055016784,
    5.959672023137));
#11656 = CARTESIAN_POINT('',(-17.33983870671,58.179766855669,
    6.0385067194));
#11657 = CARTESIAN_POINT('',(-17.25603523971,58.324045089983,
    6.190528977277));
#11658 = CARTESIAN_POINT('',(-17.21046886239,58.391861805126,
    6.263821675715));
#11659 = CARTESIAN_POINT('',(-17.16048710635,58.456732059132,
    6.33565910735));
#11660 = CARTESIAN_POINT('',(-17.10614573928,58.518497483619,
    6.40566236408));
#11661 = CARTESIAN_POINT('',(-17.04746357277,58.576938267915,
    6.473346772355));
#11662 = CARTESIAN_POINT('',(-16.96142226937,58.651780524836,
    6.561738176366));
#11663 = CARTESIAN_POINT('',(-16.93781846441,58.671324821817,
    6.584999052194));
#11664 = CARTESIAN_POINT('',(-16.9136337409,58.690372323871,
    6.607838417712));
#11665 = CARTESIAN_POINT('',(-16.88886782768,58.708906823363,
    6.630223127715));
#11666 = CARTESIAN_POINT('',(-16.86352084255,58.726910171259,
    6.652116874699));
#11667 = CARTESIAN_POINT('',(-16.80212167104,58.768238597196,
    6.702707454094));
#11668 = CARTESIAN_POINT('',(-16.76555570584,58.791088283314,
    6.730948376223));
#11669 = CARTESIAN_POINT('',(-16.72790631272,58.812852568148,
    6.75809247311));
#11670 = CARTESIAN_POINT('',(-16.68918614874,58.833469023447,
    6.784022240316));
#11671 = CARTESIAN_POINT('',(-16.64940961201,58.852871560031,
    6.808613151095));
#11672 = CARTESIAN_POINT('',(-16.57483782048,58.885974532592,
    6.850854060557));
#11673 = CARTESIAN_POINT('',(-16.54036768113,58.900082100484,
    6.868971038876));
#11674 = CARTESIAN_POINT('',(-16.5052145453,58.913263254339,
    6.885996552439));
#11675 = CARTESIAN_POINT('',(-16.4694114277,58.925470571141,
    6.901846049497));
#11676 = CARTESIAN_POINT('',(-16.43299223609,58.936659081988,
    6.91643846547));
#11677 = CARTESIAN_POINT('',(-16.37475086331,58.952600002089,
    6.937307122078));
#11678 = CARTESIAN_POINT('',(-16.35332270079,58.958062788395,
    6.944476745087));
#11679 = CARTESIAN_POINT('',(-16.33171716497,58.963165738894,
    6.951189387341));
#11680 = CARTESIAN_POINT('',(-16.30994562396,58.967900447141,
    6.957430250689));
#11681 = CARTESIAN_POINT('',(-16.28802093265,58.972258992361,
    6.963185443455));
#11682 = CARTESIAN_POINT('',(-16.22256937136,58.984050706901,
    6.97877900542));
#11683 = CARTESIAN_POINT('',(-16.17862491802,58.99038775641,
    6.987192698199));
#11684 = CARTESIAN_POINT('',(-16.13425969186,58.995182440146,
    6.993576481632));
#11685 = CARTESIAN_POINT('',(-16.0896098717,58.998393517248,
    6.997858080782));
#11686 = CARTESIAN_POINT('',(-16.04481153552,59.,7.));
#11687 = CARTESIAN_POINT('',(-15.93245658164,59.,7.));
#11688 = CARTESIAN_POINT('',(-15.86500537363,58.99635005889,
    6.995133965301));
#11689 = CARTESIAN_POINT('',(-15.7980629105,58.98907005705,
    6.985425719232));
#11690 = CARTESIAN_POINT('',(-15.73204999984,58.978259776521,
    6.971059931444));
#11691 = CARTESIAN_POINT('',(-15.66738724151,58.964110764741,
    6.952377166869));
#11692 = CARTESIAN_POINT('',(-15.56702076196,58.936675978527,
    6.916459984937));
#11693 = CARTESIAN_POINT('',(-15.53014664209,58.925345355048,
    6.901682105042));
#11694 = CARTESIAN_POINT('',(-15.49390423104,58.91297041921,
    6.885615773776));
#11695 = CARTESIAN_POINT('',(-15.45832864824,58.899597836738,
    6.868345121723));
#11696 = CARTESIAN_POINT('',(-15.42345408879,58.8852768477,
    6.849957931275));
#11697 = CARTESIAN_POINT('',(-15.347827957,58.851567478766,
    6.806956603164));
#11698 = CARTESIAN_POINT('',(-15.30742029938,58.831749484713,
    6.78185027539));
#11699 = CARTESIAN_POINT('',(-15.26810737954,58.810678551957,
    6.755364935134));
#11700 = CARTESIAN_POINT('',(-15.22990389956,58.788423952362,
    6.727631223231));
#11701 = CARTESIAN_POINT('',(-15.19282273467,58.765050962053,
    6.698772139537));
#11702 = CARTESIAN_POINT('',(-15.13168565192,58.723502243519,
    6.647973221178));
#11703 = CARTESIAN_POINT('',(-15.10704875245,58.705861811286,
    6.626543994839));
#11704 = CARTESIAN_POINT('',(-15.08296471849,58.687718064796,
    6.604651734903));
#11705 = CARTESIAN_POINT('',(-15.05943365511,58.669087721138,
    6.582329920775));
#11706 = CARTESIAN_POINT('',(-15.03645528881,58.649985714403,
    6.559609140267));
#11707 = CARTESIAN_POINT('',(-14.95135672425,58.575761679161,
    6.471984409687));
#11708 = CARTESIAN_POINT('',(-14.89298455518,58.517507175853,
    6.404540316052));
#11709 = CARTESIAN_POINT('',(-14.83891780758,58.455957730039,
    6.334801986852));
#11710 = CARTESIAN_POINT('',(-14.78917543906,58.391330000614,
    6.263247371538));
#11711 = CARTESIAN_POINT('',(-14.74381285895,58.323780361797,
    6.190250594485));
#11712 = CARTESIAN_POINT('',(-14.64055023992,58.146008855419,
    6.0029359381));
#11713 = CARTESIAN_POINT('',(-14.58856198416,58.031931217748,
    5.8869786154));
#11714 = CARTESIAN_POINT('',(-14.54760937626,57.911877032224,
    5.76964216201));
#11715 = CARTESIAN_POINT('',(-14.51850567994,57.786534713809,
    5.65210960376));
#11716 = CARTESIAN_POINT('',(-14.50227322345,57.656709384178,
    5.535477188467));
#11717 = CARTESIAN_POINT('',(-14.50018275069,57.523414316607,
    5.420747683713));
#11718 = CARTESIAN_POINT('',(-14.50018107614,57.523306953775,
    5.420655277734));
#11719 = CARTESIAN_POINT('',(-14.50017941078,57.523199588956,
    5.420562873223));
#11720 = CARTESIAN_POINT('',(-14.50017775462,57.523092222151,
    5.42047047018));
#11721 = CARTESIAN_POINT('',(-14.50017610765,57.522984853362,
    5.420378068606));
#11722 = CARTESIAN_POINT('',(-14.50017353407,57.522816132,5.420232872002
    ));
#11723 = CARTESIAN_POINT('',(-14.50017260127,57.522754780762,
    5.420180075983));
#11724 = CARTESIAN_POINT('',(-14.50017167146,57.522693428876,
    5.420127280443));
#11725 = CARTESIAN_POINT('',(-14.50017074467,57.522632076344,
    5.420074485383));
#11726 = CARTESIAN_POINT('',(-14.50016982087,57.522570723164,
    5.420021690804));
#11727 = CARTESIAN_POINT('',(-14.50016723125,57.522398173195,
    5.419873214001));
#11728 = CARTESIAN_POINT('',(-14.50016557229,57.522286974928,
    5.419777532874));
#11729 = CARTESIAN_POINT('',(-14.50016392319,57.522175774536,
    5.419681853327));
#11730 = CARTESIAN_POINT('',(-14.50016228396,57.522064572021,
    5.419586175359));
#11731 = CARTESIAN_POINT('',(-14.50016065459,57.521953367384,
    5.419490498971));
#11732 = CARTESIAN_POINT('',(-14.50015802995,57.521773140713,
    5.419335444081));
#11733 = CARTESIAN_POINT('',(-14.50015702861,57.521704119983,
    5.419276064606));
#11734 = CARTESIAN_POINT('',(-14.50015603108,57.521635098436,
    5.41921668574));
#11735 = CARTESIAN_POINT('',(-14.50015503735,57.521566076073,
    5.419157307484));
#11736 = CARTESIAN_POINT('',(-14.50015404741,57.521497052893,
    5.419097929837));
#11737 = CARTESIAN_POINT('',(-14.50015158218,57.521324500045,
    5.418949493391));
#11738 = CARTESIAN_POINT('',(-14.50015011164,57.521220969357,
    5.418860435353));
#11739 = CARTESIAN_POINT('',(-14.50014864964,57.521117436832,
    5.418771378687));
#11740 = CARTESIAN_POINT('',(-14.5001471962,57.521013902473,
    5.418682323396));
#11741 = CARTESIAN_POINT('',(-14.50014575131,57.520910366279,
    5.418593269478));
#11742 = CARTESIAN_POINT('',(-14.50014303833,57.520714801646,
    5.41842506531));
#11743 = CARTESIAN_POINT('',(-14.50014176844,57.520622773592,
    5.41834591477));
#11744 = CARTESIAN_POINT('',(-14.50014050531,57.52053074409,
    5.418266765317));
#11745 = CARTESIAN_POINT('',(-14.50013924894,57.520438713141,
    5.418187616951));
#11746 = CARTESIAN_POINT('',(-14.50013799933,57.520346680744,
    5.418108469673));
#11747 = CARTESIAN_POINT('',(-14.50013541015,57.520154951216,
    5.417943588351));
#11748 = CARTESIAN_POINT('',(-14.50013407175,57.520055253833,
    5.417857854496));
#11749 = CARTESIAN_POINT('',(-14.50013274129,57.519955554754,
    5.417772121918));
#11750 = CARTESIAN_POINT('',(-14.50013141876,57.519855853978,
    5.417686390619));
#11751 = CARTESIAN_POINT('',(-14.50013010416,57.519756151507,
    5.417600660597));
#11752 = CARTESIAN_POINT('',(-14.5001279432,57.519591260456,
    5.417458882144));
#11753 = CARTESIAN_POINT('',(-14.50012709229,57.519526072846,
    5.417402832979));
#11754 = CARTESIAN_POINT('',(-14.50012624477,57.519460884511,
    5.417346784362));
#11755 = CARTESIAN_POINT('',(-14.50012540064,57.519395695453,
    5.417290736291));
#11756 = CARTESIAN_POINT('',(-14.5001245599,57.51933050567,
    5.417234688768));
#11757 = CARTESIAN_POINT('',(-14.5001227375,57.519188624804,
    5.417112707916));
#11758 = CARTESIAN_POINT('',(-14.50012175713,57.519111933442,
    5.417046774797));
#11759 = CARTESIAN_POINT('',(-14.50012078146,57.519035241079,
    5.416980842436));
#11760 = CARTESIAN_POINT('',(-14.50011981049,57.518958547715,
    5.416914910834));
#11761 = CARTESIAN_POINT('',(-14.5001188442,57.518881853351,
    5.41684897999));
#11762 = CARTESIAN_POINT('',(-14.50011567119,57.518628776508,
    5.416631426062));
#11763 = CARTESIAN_POINT('',(-14.50011348459,57.518452389739,
    5.416479806233));
#11764 = CARTESIAN_POINT('',(-14.50011132282,57.518275997683,
    5.41632819042));
#11765 = CARTESIAN_POINT('',(-14.50010918588,57.518099600344,
    5.416176578627));
#11766 = CARTESIAN_POINT('',(-14.50010707378,57.517923197725,
    5.416024970857));
#11767 = CARTESIAN_POINT('',(-14.50010380689,57.517647092036,
    5.415787687508));
#11768 = CARTESIAN_POINT('',(-14.5001026352,57.517547392556,
    5.415702009188));
#11769 = CARTESIAN_POINT('',(-14.50010147144,57.517447691392,
    5.415616332155));
#11770 = CARTESIAN_POINT('',(-14.50010031562,57.517347988544,
    5.415530656409));
#11771 = CARTESIAN_POINT('',(-14.50009916773,57.517248284013,
    5.415444981951));
#11772 = CARTESIAN_POINT('',(-14.50009697559,57.517056548357,
    5.415280231925));
#11773 = CARTESIAN_POINT('',(-14.50009593016,57.516964517482,
    5.415201156165));
#11774 = CARTESIAN_POINT('',(-14.5000948915,57.516872485173,
    5.415122081504));
#11775 = CARTESIAN_POINT('',(-14.5000938596,57.516780451432,
    5.415043007941));
#11776 = CARTESIAN_POINT('',(-14.50009283446,57.51668841626,
    5.414963935477));
#11777 = CARTESIAN_POINT('',(-14.50009067049,57.516492846582,
    5.414795915792));
#11778 = CARTESIAN_POINT('',(-14.50008953346,57.516389311697,
    5.414706968863));
#11779 = CARTESIAN_POINT('',(-14.50008840499,57.516285775001,
    5.414618023326));
#11780 = CARTESIAN_POINT('',(-14.50008728508,57.516182236496,
    5.414529079181));
#11781 = CARTESIAN_POINT('',(-14.50008617372,57.516078696181,
    5.41444013643));
#11782 = CARTESIAN_POINT('',(-14.50008396822,57.51587162052,
    5.41426226109));
#11783 = CARTESIAN_POINT('',(-14.50008287407,57.515768085173,
    5.4141733285));
#11784 = CARTESIAN_POINT('',(-14.50008178848,57.515664548019,
    5.414084397305));
#11785 = CARTESIAN_POINT('',(-14.50008071145,57.515561009059,
    5.413995467505));
#11786 = CARTESIAN_POINT('',(-14.50007964298,57.515457468293,
    5.413906539101));
#11787 = CARTESIAN_POINT('',(-14.50007775875,57.515273398546,
    5.413748451741));
#11788 = CARTESIAN_POINT('',(-14.50007693961,57.515192870279,
    5.413679292233));
#11789 = CARTESIAN_POINT('',(-14.50007612565,57.51511234092,
    5.41361013357));
#11790 = CARTESIAN_POINT('',(-14.50007531687,57.515031810471,
    5.413540975753));
#11791 = CARTESIAN_POINT('',(-14.50007451326,57.51495127893,
    5.413471818781));
#11792 = CARTESIAN_POINT('',(-14.50007291646,57.514790218863,
    5.41333351099));
#11793 = CARTESIAN_POINT('',(-14.50007212327,57.514709690336,
    5.41326436017));
#11794 = CARTESIAN_POINT('',(-14.50007133525,57.51462916072,
    5.413195210197));
#11795 = CARTESIAN_POINT('',(-14.50007055241,57.514548630014,
    5.41312606107));
#11796 = CARTESIAN_POINT('',(-14.50006977474,57.514468098218,
    5.41305691279));
#11797 = CARTESIAN_POINT('',(-14.50006793558,57.514276361797,
    5.412892283378));
#11798 = CARTESIAN_POINT('',(-14.50006687877,57.514165156183,
    5.412796803014));
#11799 = CARTESIAN_POINT('',(-14.50006583184,57.514053948494,
    5.412701324267));
#11800 = CARTESIAN_POINT('',(-14.50006479479,57.513942738731,
    5.412605847136));
#11801 = CARTESIAN_POINT('',(-14.50006376761,57.513831526895,
    5.412510371624));
#11802 = CARTESIAN_POINT('',(-14.50006222415,57.513662792438,
    5.412365518019));
#11803 = CARTESIAN_POINT('',(-14.50006170064,57.513605271336,
    5.412316138741));
#11804 = CARTESIAN_POINT('',(-14.50006117976,57.51354774968,
    5.412266759896));
#11805 = CARTESIAN_POINT('',(-14.50006066154,57.51349022747,
    5.412217381484));
#11806 = CARTESIAN_POINT('',(-14.50006014595,57.513432704705,
    5.412168003506));
#11807 = CARTESIAN_POINT('',(-14.50005874396,57.513275480582,
    5.412033043607));
#11808 = CARTESIAN_POINT('',(-14.50005786285,57.513175778114,
    5.411947462556));
#11809 = CARTESIAN_POINT('',(-14.50005698968,57.513076073982,
    5.411861882807));
#11810 = CARTESIAN_POINT('',(-14.50005612445,57.512976368188,
    5.411776304362));
#11811 = CARTESIAN_POINT('',(-14.50005526716,57.512876660733,
    5.411690727221));
#11812 = CARTESIAN_POINT('',(-14.50005356853,57.512677250465,
    5.411519582384));
#11813 = CARTESIAN_POINT('',(-14.50005272719,57.512577547653,
    5.411434014689));
#11814 = CARTESIAN_POINT('',(-14.50005189378,57.512477843181,
    5.411348448298));
#11815 = CARTESIAN_POINT('',(-14.50005106832,57.51237813705,
    5.411262883214));
#11816 = CARTESIAN_POINT('',(-14.5000502508,57.51227842926,
    5.411177319435));
#11817 = CARTESIAN_POINT('',(-14.50004860056,57.512075183818,
    5.411002910864));
#11818 = CARTESIAN_POINT('',(-14.50004776847,57.511971646035,
    5.410914066173));
#11819 = CARTESIAN_POINT('',(-14.50004694495,57.511868106466,
    5.410825222892));
#11820 = CARTESIAN_POINT('',(-14.50004612998,57.511764565111,
    5.410736381021));
#11821 = CARTESIAN_POINT('',(-14.50004532358,57.511661021969,
    5.410647540562));
#11822 = CARTESIAN_POINT('',(-14.50004369843,57.511450106196,
    5.410466579919));
#11823 = CARTESIAN_POINT('',(-14.50004288033,57.51134273343,
    5.410374459841));
#11824 = CARTESIAN_POINT('',(-14.50004207143,57.511235358746,
    5.410282341283));
#11825 = CARTESIAN_POINT('',(-14.50004127174,57.511127982144,
    5.410190224243));
#11826 = CARTESIAN_POINT('',(-14.50004048127,57.511020603625,
    5.410098108725));
#11827 = CARTESIAN_POINT('',(-14.50003869562,57.510775176213,
    5.409887574094));
#11828 = CARTESIAN_POINT('',(-14.50003770645,57.51063712607,
    5.409769155976));
#11829 = CARTESIAN_POINT('',(-14.50003673252,57.510499072761,
    5.409650740373));
#11830 = CARTESIAN_POINT('',(-14.50003577381,57.51036101629,
    5.409532327287));
#11831 = CARTESIAN_POINT('',(-14.50003483033,57.510222956658,
    5.40941391672));
#11832 = CARTESIAN_POINT('',(-14.50003305126,57.509958349733,
    5.409186979477));
#11833 = CARTESIAN_POINT('',(-14.50003221325,57.509831802945,
    5.409078452399));
#11834 = CARTESIAN_POINT('',(-14.50003138803,57.509705253504,
    5.408969927439));
#11835 = CARTESIAN_POINT('',(-14.50003057561,57.509578701412,
    5.408861404598));
#11836 = CARTESIAN_POINT('',(-14.50002977598,57.50945214667,
    5.408752883879));
#11837 = CARTESIAN_POINT('',(-14.50002724887,57.509045674622,
    5.40840434812));
#11838 = CARTESIAN_POINT('',(-14.50002557119,57.508765747008,
    5.408164341339));
#11839 = CARTESIAN_POINT('',(-14.50002395613,57.508485806452,
    5.407924344953));
#11840 = CARTESIAN_POINT('',(-14.5000224037,57.508205852969,
    5.407684358977));
#11841 = CARTESIAN_POINT('',(-14.5000209139,57.507925886574,
    5.407444383422));
#11842 = CARTESIAN_POINT('',(-14.50001899808,57.507550038416,
    5.407122250855));
#11843 = CARTESIAN_POINT('',(-14.50001851675,57.507454168037,
    5.407040084631));
#11844 = CARTESIAN_POINT('',(-14.50001804276,57.507358296146,
    5.40695791963));
#11845 = CARTESIAN_POINT('',(-14.50001757612,57.507262422745,
    5.406875755854));
#11846 = CARTESIAN_POINT('',(-14.50001711683,57.507166547833,
    5.406793593303));
#11847 = CARTESIAN_POINT('',(-14.50001614067,57.506959464002,
    5.406616132759));
#11848 = CARTESIAN_POINT('',(-14.50001562634,57.506848254562,
    5.406520835188));
#11849 = CARTESIAN_POINT('',(-14.5000151219,57.50673704309,
    5.406425539268));
#11850 = CARTESIAN_POINT('',(-14.50001462734,57.50662582959,
    5.406330244998));
#11851 = CARTESIAN_POINT('',(-14.50001414267,57.506514614061,
    5.40623495238));
#11852 = CARTESIAN_POINT('',(-14.50001327499,57.506311361895,
    5.406060806356));
#11853 = CARTESIAN_POINT('',(-14.50001288887,57.506219325897,
    5.40598195243));
#11854 = CARTESIAN_POINT('',(-14.50001250952,57.506127288511,
    5.405903099635));
#11855 = CARTESIAN_POINT('',(-14.50001213694,57.506035249738,
    5.405824247973));
#11856 = CARTESIAN_POINT('',(-14.50001177113,57.505943209578,
    5.405745397445));
#11857 = CARTESIAN_POINT('',(-14.50001096334,57.50573612566,
    5.405567994495));
#11858 = CARTESIAN_POINT('',(-14.50001052516,57.505621081122,
    5.405469442712));
#11859 = CARTESIAN_POINT('',(-14.50001009756,57.505506034419,
    5.4053708927));
#11860 = CARTESIAN_POINT('',(-14.50000968054,57.505390985553,
    5.405272344461));
#11861 = CARTESIAN_POINT('',(-14.50000927411,57.505275934524,
    5.405173797996));
#11862 = CARTESIAN_POINT('',(-14.50000849563,57.505049673349,
    5.404980002087));
#11863 = CARTESIAN_POINT('',(-14.50000812289,57.504938463345,
    5.404884752527));
#11864 = CARTESIAN_POINT('',(-14.50000776005,57.504827251322,
    5.404789504625));
#11865 = CARTESIAN_POINT('',(-14.50000740709,57.504716037282,
    5.404694258383));
#11866 = CARTESIAN_POINT('',(-14.50000706402,57.504604821225,
    5.404599013802));
#11867 = CARTESIAN_POINT('',(-14.50000644363,57.504397733473,
    5.40442167174));
#11868 = CARTESIAN_POINT('',(-14.50000616378,57.504301862295,
    5.404339573834));
#11869 = CARTESIAN_POINT('',(-14.50000589127,57.504205989621,
    5.404257477162));
#11870 = CARTESIAN_POINT('',(-14.50000562612,57.50411011545,
    5.404175381725));
#11871 = CARTESIAN_POINT('',(-14.50000536831,57.504014239784,
    5.404093287525));
#11872 = CARTESIAN_POINT('',(-14.50000482736,57.503807154359,
    5.403915974639));
#11873 = CARTESIAN_POINT('',(-14.50000454674,57.503695944085,
    5.403820756381));
#11874 = CARTESIAN_POINT('',(-14.50000427601,57.5035847318,
    5.403725539788));
#11875 = CARTESIAN_POINT('',(-14.50000401518,57.503473517505,
    5.403630324859));
#11876 = CARTESIAN_POINT('',(-14.50000376423,57.503362301202,
    5.403535111597));
#11877 = CARTESIAN_POINT('',(-14.5000033237,57.50315904766,
    5.403361110628));
#11878 = CARTESIAN_POINT('',(-14.500003131,57.503067011055,
    5.403282322397));
#11879 = CARTESIAN_POINT('',(-14.50000294507,57.502974973076,
    5.403203535307));
#11880 = CARTESIAN_POINT('',(-14.50000276592,57.502882933722,
    5.40312474936));
#11881 = CARTESIAN_POINT('',(-14.50000259354,57.502790892995,
    5.403045964555));
#11882 = CARTESIAN_POINT('',(-14.50000226234,57.502606815599,
    5.402888403057));
#11883 = CARTESIAN_POINT('',(-14.50000210352,57.502514778929,
    5.402809626363));
#11884 = CARTESIAN_POINT('',(-14.50000195147,57.502422740888,
    5.402730850812));
#11885 = CARTESIAN_POINT('',(-14.5000018062,57.502330701475,
    5.402652076406));
#11886 = CARTESIAN_POINT('',(-14.50000166771,57.50223866069,
    5.402573303144));
#11887 = CARTESIAN_POINT('',(-14.50000140976,57.502058417855,
    5.402419046546));
#11888 = CARTESIAN_POINT('',(-14.50000128976,57.501970215916,
    5.402343563117));
#11889 = CARTESIAN_POINT('',(-14.50000117599,57.501882012718,
    5.40226808074));
#11890 = CARTESIAN_POINT('',(-14.50000106843,57.501793808263,
    5.402192599415));
#11891 = CARTESIAN_POINT('',(-14.5000009671,57.501705602551,
    5.402117119142));
#11892 = CARTESIAN_POINT('',(-14.50000073967,57.50149468324,
    5.401936634254));
#11893 = CARTESIAN_POINT('',(-14.5000006194,57.501371968465,
    5.401831630623));
#11894 = CARTESIAN_POINT('',(-14.50000051117,57.501249251259,
    5.401726629032));
#11895 = CARTESIAN_POINT('',(-14.50000041499,57.501126531623,
    5.401621629481));
#11896 = CARTESIAN_POINT('',(-14.50000033085,57.501003809559,
    5.401516631973));
#11897 = CARTESIAN_POINT('',(-14.50000017251,57.500734246236,
    5.401286010307));
#11898 = CARTESIAN_POINT('',(-14.50000010351,57.50058740393,
    5.401160387031));
#11899 = CARTESIAN_POINT('',(-14.50000005175,57.500440558151,
    5.401034766683));
#11900 = CARTESIAN_POINT('',(-14.50000001725,57.500293708902,
    5.400909149262));
#11901 = CARTESIAN_POINT('',(-14.5,57.500146856184,5.400783534772));
#11902 = CARTESIAN_POINT('',(-14.5,57.5,5.400657923215));
#11903 = ORIENTED_EDGE('',*,*,#11904,.F.);
#11904 = EDGE_CURVE('',#1919,#11643,#11905,.T.);
#11905 = LINE('',#11906,#11907);
#11906 = CARTESIAN_POINT('',(-14.5,57.5,0.));
#11907 = VECTOR('',#11908,1.);
#11908 = DIRECTION('',(0.,0.,1.));
#11909 = CYLINDRICAL_SURFACE('',#11910,1.5);
#11910 = AXIS2_PLACEMENT_3D('',#11911,#11912,#11913);
#11911 = CARTESIAN_POINT('',(-16.,57.5,0.));
#11912 = DIRECTION('',(0.,0.,-1.));
#11913 = DIRECTION('',(-1.,0.,0.));
#11914 = ADVANCED_FACE('',(#11915),#11934,.F.);
#11915 = FACE_BOUND('',#11916,.F.);
#11916 = EDGE_LOOP('',(#11917,#11918,#11926,#11933));
#11917 = ORIENTED_EDGE('',*,*,#1935,.F.);
#11918 = ORIENTED_EDGE('',*,*,#11919,.T.);
#11919 = EDGE_CURVE('',#1928,#11920,#11922,.T.);
#11920 = VERTEX_POINT('',#11921);
#11921 = CARTESIAN_POINT('',(-14.5,31.5,3.));
#11922 = LINE('',#11923,#11924);
#11923 = CARTESIAN_POINT('',(-14.5,31.5,0.));
#11924 = VECTOR('',#11925,1.);
#11925 = DIRECTION('',(0.,0.,1.));
#11926 = ORIENTED_EDGE('',*,*,#11927,.F.);
#11927 = EDGE_CURVE('',#11619,#11920,#11928,.T.);
#11928 = CIRCLE('',#11929,1.5);
#11929 = AXIS2_PLACEMENT_3D('',#11930,#11931,#11932);
#11930 = CARTESIAN_POINT('',(-16.,31.5,3.));
#11931 = DIRECTION('',(0.,0.,1.));
#11932 = DIRECTION('',(-1.,0.,0.));
#11933 = ORIENTED_EDGE('',*,*,#11626,.F.);
#11934 = CYLINDRICAL_SURFACE('',#11935,1.5);
#11935 = AXIS2_PLACEMENT_3D('',#11936,#11937,#11938);
#11936 = CARTESIAN_POINT('',(-16.,31.5,0.));
#11937 = DIRECTION('',(0.,0.,-1.));
#11938 = DIRECTION('',(-1.,0.,0.));
#11939 = ADVANCED_FACE('',(#11940),#11960,.T.);
#11940 = FACE_BOUND('',#11941,.F.);
#11941 = EDGE_LOOP('',(#11942,#11943,#11944,#11953,#11959));
#11942 = ORIENTED_EDGE('',*,*,#1927,.F.);
#11943 = ORIENTED_EDGE('',*,*,#11904,.T.);
#11944 = ORIENTED_EDGE('',*,*,#11945,.F.);
#11945 = EDGE_CURVE('',#11946,#11643,#11948,.T.);
#11946 = VERTEX_POINT('',#11947);
#11947 = CARTESIAN_POINT('',(-14.5,51.,3.));
#11948 = CIRCLE('',#11949,10.);
#11949 = AXIS2_PLACEMENT_3D('',#11950,#11951,#11952);
#11950 = CARTESIAN_POINT('',(-14.5,51.,13.));
#11951 = DIRECTION('',(1.,0.,0.));
#11952 = DIRECTION('',(0.,1.,0.));
#11953 = ORIENTED_EDGE('',*,*,#11954,.F.);
#11954 = EDGE_CURVE('',#11920,#11946,#11955,.T.);
#11955 = LINE('',#11956,#11957);
#11956 = CARTESIAN_POINT('',(-14.5,46.374236596195,3.));
#11957 = VECTOR('',#11958,1.);
#11958 = DIRECTION('',(0.,1.,0.));
#11959 = ORIENTED_EDGE('',*,*,#11919,.F.);
#11960 = PLANE('',#11961);
#11961 = AXIS2_PLACEMENT_3D('',#11962,#11963,#11964);
#11962 = CARTESIAN_POINT('',(-14.5,57.5,0.));
#11963 = DIRECTION('',(-1.,-0.,-0.));
#11964 = DIRECTION('',(0.,1.,0.));
#11965 = ADVANCED_FACE('',(#11966),#12000,.F.);
#11966 = FACE_BOUND('',#11967,.T.);
#11967 = EDGE_LOOP('',(#11968,#11969,#11977,#11986,#11994));
#11968 = ORIENTED_EDGE('',*,*,#1944,.F.);
#11969 = ORIENTED_EDGE('',*,*,#11970,.T.);
#11970 = EDGE_CURVE('',#1945,#11971,#11973,.T.);
#11971 = VERTEX_POINT('',#11972);
#11972 = CARTESIAN_POINT('',(-48.75,57.5,5.400657923215));
#11973 = LINE('',#11974,#11975);
#11974 = CARTESIAN_POINT('',(-48.75,57.5,0.));
#11975 = VECTOR('',#11976,1.);
#11976 = DIRECTION('',(0.,0.,1.));
#11977 = ORIENTED_EDGE('',*,*,#11978,.F.);
#11978 = EDGE_CURVE('',#11979,#11971,#11981,.T.);
#11979 = VERTEX_POINT('',#11980);
#11980 = CARTESIAN_POINT('',(-48.75,51.,3.));
#11981 = CIRCLE('',#11982,10.);
#11982 = AXIS2_PLACEMENT_3D('',#11983,#11984,#11985);
#11983 = CARTESIAN_POINT('',(-48.75,51.,13.));
#11984 = DIRECTION('',(1.,0.,0.));
#11985 = DIRECTION('',(0.,1.,0.));
#11986 = ORIENTED_EDGE('',*,*,#11987,.F.);
#11987 = EDGE_CURVE('',#11988,#11979,#11990,.T.);
#11988 = VERTEX_POINT('',#11989);
#11989 = CARTESIAN_POINT('',(-48.75,47.5,3.));
#11990 = LINE('',#11991,#11992);
#11991 = CARTESIAN_POINT('',(-48.75,46.374236596195,3.));
#11992 = VECTOR('',#11993,1.);
#11993 = DIRECTION('',(0.,1.,0.));
#11994 = ORIENTED_EDGE('',*,*,#11995,.F.);
#11995 = EDGE_CURVE('',#1947,#11988,#11996,.T.);
#11996 = LINE('',#11997,#11998);
#11997 = CARTESIAN_POINT('',(-48.75,47.5,0.));
#11998 = VECTOR('',#11999,1.);
#11999 = DIRECTION('',(0.,0.,1.));
#12000 = PLANE('',#12001);
#12001 = AXIS2_PLACEMENT_3D('',#12002,#12003,#12004);
#12002 = CARTESIAN_POINT('',(-48.75,57.5,0.));
#12003 = DIRECTION('',(-1.,-0.,-0.));
#12004 = DIRECTION('',(0.,1.,0.));
#12005 = ADVANCED_FACE('',(#12006),#12273,.F.);
#12006 = FACE_BOUND('',#12007,.F.);
#12007 = EDGE_LOOP('',(#12008,#12009,#12010,#12267));
#12008 = ORIENTED_EDGE('',*,*,#1954,.F.);
#12009 = ORIENTED_EDGE('',*,*,#11970,.T.);
#12010 = ORIENTED_EDGE('',*,*,#12011,.T.);
#12011 = EDGE_CURVE('',#11971,#12012,#12014,.T.);
#12012 = VERTEX_POINT('',#12013);
#12013 = CARTESIAN_POINT('',(-45.75,57.5,5.400657923215));
#12014 = B_SPLINE_CURVE_WITH_KNOTS('',6,(#12015,#12016,#12017,#12018,
    #12019,#12020,#12021,#12022,#12023,#12024,#12025,#12026,#12027,
    #12028,#12029,#12030,#12031,#12032,#12033,#12034,#12035,#12036,
    #12037,#12038,#12039,#12040,#12041,#12042,#12043,#12044,#12045,
    #12046,#12047,#12048,#12049,#12050,#12051,#12052,#12053,#12054,
    #12055,#12056,#12057,#12058,#12059,#12060,#12061,#12062,#12063,
    #12064,#12065,#12066,#12067,#12068,#12069,#12070,#12071,#12072,
    #12073,#12074,#12075,#12076,#12077,#12078,#12079,#12080,#12081,
    #12082,#12083,#12084,#12085,#12086,#12087,#12088,#12089,#12090,
    #12091,#12092,#12093,#12094,#12095,#12096,#12097,#12098,#12099,
    #12100,#12101,#12102,#12103,#12104,#12105,#12106,#12107,#12108,
    #12109,#12110,#12111,#12112,#12113,#12114,#12115,#12116,#12117,
    #12118,#12119,#12120,#12121,#12122,#12123,#12124,#12125,#12126,
    #12127,#12128,#12129,#12130,#12131,#12132,#12133,#12134,#12135,
    #12136,#12137,#12138,#12139,#12140,#12141,#12142,#12143,#12144,
    #12145,#12146,#12147,#12148,#12149,#12150,#12151,#12152,#12153,
    #12154,#12155,#12156,#12157,#12158,#12159,#12160,#12161,#12162,
    #12163,#12164,#12165,#12166,#12167,#12168,#12169,#12170,#12171,
    #12172,#12173,#12174,#12175,#12176,#12177,#12178,#12179,#12180,
    #12181,#12182,#12183,#12184,#12185,#12186,#12187,#12188,#12189,
    #12190,#12191,#12192,#12193,#12194,#12195,#12196,#12197,#12198,
    #12199,#12200,#12201,#12202,#12203,#12204,#12205,#12206,#12207,
    #12208,#12209,#12210,#12211,#12212,#12213,#12214,#12215,#12216,
    #12217,#12218,#12219,#12220,#12221,#12222,#12223,#12224,#12225,
    #12226,#12227,#12228,#12229,#12230,#12231,#12232,#12233,#12234,
    #12235,#12236,#12237,#12238,#12239,#12240,#12241,#12242,#12243,
    #12244,#12245,#12246,#12247,#12248,#12249,#12250,#12251,#12252,
    #12253,#12254,#12255,#12256,#12257,#12258,#12259,#12260,#12261,
    #12262,#12263,#12264,#12265,#12266),.UNSPECIFIED.,.F.,.F.,(7,5,5,5,5
    ,5,5,5,5,5,5,5,5,5,5,5,5,5,5,5,5,5,5,5,5,5,5,5,5,5,5,5,5,5,5,5,5,5,5
    ,5,5,5,5,5,5,5,5,5,5,5,7),(0.,5.753599892413E-02,0.172058490682,
    0.281938812538,0.322083603916,0.377005897142,0.422426010505,
    0.448500391771,0.499775885659,0.577062282897,0.623104512271,
    0.679053150034,0.718257382779,0.827816912157,0.995079904288,
    0.995219552326,0.995359187952,0.995498811165,0.995638421963,
    0.995758766135,0.995883914286,0.996023490833,0.996158242612,
    0.99629779475,0.996437334468,0.996576861764,0.996711565988,
    0.996851068867,0.996990559323,0.997120418577,0.997259885039,
    0.997394530521,0.997533972556,0.997673402164,0.997812819341,
    0.997952224089,0.998077197087,0.998216578258,0.998351141384,
    0.998490498117,0.998625037648,0.998759565586,0.998898885872,
    0.99903339021,0.999172686051,0.999307166786,0.99944643818,
    0.999585697135,0.99972494365,0.999864177724,1.),.UNSPECIFIED.);
#12015 = CARTESIAN_POINT('',(-48.75,57.5,5.400657923215));
#12016 = CARTESIAN_POINT('',(-48.75,57.545963963092,5.439972610865));
#12017 = CARTESIAN_POINT('',(-48.74830986068,57.59158178307,
    5.479568973513));
#12018 = CARTESIAN_POINT('',(-48.74497726903,57.636795642041,
    5.519394507213));
#12019 = CARTESIAN_POINT('',(-48.7400493316,57.681551445373,
    5.559395420115));
#12020 = CARTESIAN_POINT('',(-48.7335725745,57.725798821693,
    5.599516632469));
#12021 = CARTESIAN_POINT('',(-48.70970989191,57.856458435482,
    5.719688270739));
#12022 = CARTESIAN_POINT('',(-48.68787741112,57.941200167192,
    5.799904249961));
#12023 = CARTESIAN_POINT('',(-48.66044288851,58.023468267182,
    5.880013305753));
#12024 = CARTESIAN_POINT('',(-48.62768833873,58.103055011815,
    5.959672018214));
#12025 = CARTESIAN_POINT('',(-48.58983870505,58.179766858529,
    6.038506722413));
#12026 = CARTESIAN_POINT('',(-48.50603523971,58.324045089984,
    6.190528977277));
#12027 = CARTESIAN_POINT('',(-48.46046886239,58.391861805126,
    6.263821675715));
#12028 = CARTESIAN_POINT('',(-48.41048710635,58.456732059132,
    6.33565910735));
#12029 = CARTESIAN_POINT('',(-48.35614573928,58.518497483619,
    6.40566236408));
#12030 = CARTESIAN_POINT('',(-48.29746357277,58.576938267915,
    6.473346772355));
#12031 = CARTESIAN_POINT('',(-48.21142226937,58.651780524836,
    6.561738176366));
#12032 = CARTESIAN_POINT('',(-48.18781846441,58.671324821817,
    6.584999052194));
#12033 = CARTESIAN_POINT('',(-48.1636337409,58.690372323871,
    6.607838417712));
#12034 = CARTESIAN_POINT('',(-48.13886782768,58.708906823363,
    6.630223127715));
#12035 = CARTESIAN_POINT('',(-48.11352084255,58.726910171259,
    6.652116874699));
#12036 = CARTESIAN_POINT('',(-48.05212167891,58.768238591896,
    6.702707447606));
#12037 = CARTESIAN_POINT('',(-48.01555570311,58.791088284045,
    6.730948377231));
#12038 = CARTESIAN_POINT('',(-47.97790630426,58.812852572806,
    6.758092478921));
#12039 = CARTESIAN_POINT('',(-47.93918614697,58.833469025196,
    6.784022242404));
#12040 = CARTESIAN_POINT('',(-47.89940962108,58.852871556003,
    6.808613145955));
#12041 = CARTESIAN_POINT('',(-47.82483782814,58.885974529191,
    6.850854056218));
#12042 = CARTESIAN_POINT('',(-47.79036767867,58.900082100813,
    6.868971039338));
#12043 = CARTESIAN_POINT('',(-47.75521453722,58.913263257206,
    6.885996556137));
#12044 = CARTESIAN_POINT('',(-47.71941142581,58.925470572358,
    6.901846051032));
#12045 = CARTESIAN_POINT('',(-47.68299224446,58.936659079697,
    6.916438462472));
#12046 = CARTESIAN_POINT('',(-47.62475086331,58.952600002089,
    6.937307122078));
#12047 = CARTESIAN_POINT('',(-47.60332270079,58.958062788395,
    6.944476745087));
#12048 = CARTESIAN_POINT('',(-47.58171716497,58.963165738894,
    6.951189387341));
#12049 = CARTESIAN_POINT('',(-47.55994562396,58.967900447141,
    6.957430250689));
#12050 = CARTESIAN_POINT('',(-47.53802093265,58.972258992361,
    6.963185443455));
#12051 = CARTESIAN_POINT('',(-47.47256937136,58.984050706901,
    6.97877900542));
#12052 = CARTESIAN_POINT('',(-47.42862491802,58.99038775641,
    6.987192698199));
#12053 = CARTESIAN_POINT('',(-47.38425969186,58.995182440146,
    6.993576481632));
#12054 = CARTESIAN_POINT('',(-47.3396098717,58.998393517248,
    6.997858080782));
#12055 = CARTESIAN_POINT('',(-47.29481153552,59.,7.));
#12056 = CARTESIAN_POINT('',(-47.18245658164,59.,7.));
#12057 = CARTESIAN_POINT('',(-47.11500537363,58.99635005889,
    6.995133965301));
#12058 = CARTESIAN_POINT('',(-47.0480629105,58.98907005705,
    6.985425719232));
#12059 = CARTESIAN_POINT('',(-46.98204999984,58.978259776521,
    6.971059931444));
#12060 = CARTESIAN_POINT('',(-46.91738724151,58.964110764741,
    6.952377166869));
#12061 = CARTESIAN_POINT('',(-46.81702077024,58.936675980789,
    6.916459987899));
#12062 = CARTESIAN_POINT('',(-46.78014664004,58.925345353779,
    6.90168210344));
#12063 = CARTESIAN_POINT('',(-46.74390422287,58.912970416318,
    6.885615770044));
#12064 = CARTESIAN_POINT('',(-46.70832864584,58.899597836451,
    6.868345121313));
#12065 = CARTESIAN_POINT('',(-46.67345409662,58.885276851189,
    6.849957935726));
#12066 = CARTESIAN_POINT('',(-46.597827957,58.851567478766,
    6.806956603164));
#12067 = CARTESIAN_POINT('',(-46.55742029938,58.831749484713,
    6.78185027539));
#12068 = CARTESIAN_POINT('',(-46.51810737954,58.810678551957,
    6.755364935134));
#12069 = CARTESIAN_POINT('',(-46.47990389956,58.788423952362,
    6.727631223231));
#12070 = CARTESIAN_POINT('',(-46.44282273467,58.765050962053,
    6.698772139537));
#12071 = CARTESIAN_POINT('',(-46.38168565192,58.723502243519,
    6.647973221178));
#12072 = CARTESIAN_POINT('',(-46.35704875245,58.705861811286,
    6.626543994839));
#12073 = CARTESIAN_POINT('',(-46.33296471849,58.687718064796,
    6.604651734903));
#12074 = CARTESIAN_POINT('',(-46.30943365511,58.669087721138,
    6.582329920775));
#12075 = CARTESIAN_POINT('',(-46.28645528881,58.649985714403,
    6.559609140267));
#12076 = CARTESIAN_POINT('',(-46.20135672425,58.575761679161,
    6.471984409687));
#12077 = CARTESIAN_POINT('',(-46.14298455518,58.517507175853,
    6.404540316052));
#12078 = CARTESIAN_POINT('',(-46.08891780758,58.455957730039,
    6.334801986852));
#12079 = CARTESIAN_POINT('',(-46.03917543906,58.391330000613,
    6.263247371538));
#12080 = CARTESIAN_POINT('',(-45.99381285895,58.323780361797,
    6.190250594485));
#12081 = CARTESIAN_POINT('',(-45.89055203283,58.146011941999,
    6.002939190374));
#12082 = CARTESIAN_POINT('',(-45.83856497979,58.031937787298,
    5.886985293716));
#12083 = CARTESIAN_POINT('',(-45.79761292036,57.911887416749,
    5.769652312126));
#12084 = CARTESIAN_POINT('',(-45.76850903759,57.786549176037,
    5.652123164716));
#12085 = CARTESIAN_POINT('',(-45.75227556064,57.656728098665,
    5.535494000224));
#12086 = CARTESIAN_POINT('',(-45.75018304985,57.523433489369,
    5.420764185532));
#12087 = CARTESIAN_POINT('',(-45.75018131413,57.523322292272,
    5.420668478976));
#12088 = CARTESIAN_POINT('',(-45.75017958827,57.523211093045,
    5.420572773994));
#12089 = CARTESIAN_POINT('',(-45.75017787228,57.523099891689,
    5.420477070587));
#12090 = CARTESIAN_POINT('',(-45.75017616615,57.522988688203,
    5.420381368756));
#12091 = CARTESIAN_POINT('',(-45.75017277376,57.522766286861,
    5.420189976753));
#12092 = CARTESIAN_POINT('',(-45.75017108751,57.522655089004,
    5.420094286581));
#12093 = CARTESIAN_POINT('',(-45.75016941112,57.52254388902,
    5.419998597985));
#12094 = CARTESIAN_POINT('',(-45.75016774459,57.522432686911,
    5.419902910968));
#12095 = CARTESIAN_POINT('',(-45.75016608793,57.522321482677,
    5.41980722553));
#12096 = CARTESIAN_POINT('',(-45.75016279448,57.522099079847,
    5.419615866318));
#12097 = CARTESIAN_POINT('',(-45.7501611577,57.521987881252,
    5.419520192545));
#12098 = CARTESIAN_POINT('',(-45.75015953077,57.521876680534,
    5.419424520352));
#12099 = CARTESIAN_POINT('',(-45.75015791372,57.521765477694,
    5.41932884974));
#12100 = CARTESIAN_POINT('',(-45.75015630653,57.521654272733,
    5.419233180709));
#12101 = CARTESIAN_POINT('',(-45.75015311202,57.521431868461,
    5.419041854321));
#12102 = CARTESIAN_POINT('',(-45.7501515247,57.521320669148,
    5.418946196962));
#12103 = CARTESIAN_POINT('',(-45.75014994724,57.521209467718,
    5.418850541186));
#12104 = CARTESIAN_POINT('',(-45.75014837965,57.52109826417,
    5.418754886994));
#12105 = CARTESIAN_POINT('',(-45.75014682193,57.520987058505,
    5.418659234388));
#12106 = CARTESIAN_POINT('',(-45.75014393983,57.520779989885,
    5.418481132418));
#12107 = CARTESIAN_POINT('',(-45.75014261292,57.520684127474,
    5.418398682647));
#12108 = CARTESIAN_POINT('',(-45.75014129333,57.520588263491,
    5.418316234054));
#12109 = CARTESIAN_POINT('',(-45.75013998108,57.520492397937,
    5.418233786642));
#12110 = CARTESIAN_POINT('',(-45.75013867616,57.520396530813,
    5.418151340409));
#12111 = CARTESIAN_POINT('',(-45.7501360292,57.520200966475,
    5.417983159207));
#12112 = CARTESIAN_POINT('',(-45.75013468775,57.520101269134,
    5.417897424335));
#12113 = CARTESIAN_POINT('',(-45.75013335423,57.520001570095,
    5.41781169074));
#12114 = CARTESIAN_POINT('',(-45.75013202864,57.51990186936,
    5.417725958423));
#12115 = CARTESIAN_POINT('',(-45.75013071098,57.51980216693,
    5.417640227384));
#12116 = CARTESIAN_POINT('',(-45.75012794053,57.519591263738,
    5.417458884035));
#12117 = CARTESIAN_POINT('',(-45.75012648968,57.519480062563,
    5.417363272037));
#12118 = CARTESIAN_POINT('',(-45.75012504869,57.519368859281,
    5.417267661631));
#12119 = CARTESIAN_POINT('',(-45.75012361757,57.519257653892,
    5.417172052817));
#12120 = CARTESIAN_POINT('',(-45.75012219632,57.519146446398,
    5.417076445597));
#12121 = CARTESIAN_POINT('',(-45.75011942234,57.518927871403,
    5.416888539162));
#12122 = CARTESIAN_POINT('',(-45.75011806895,57.518820504044,
    5.416796239839));
#12123 = CARTESIAN_POINT('',(-45.75011672476,57.518713134725,
    5.416703942002));
#12124 = CARTESIAN_POINT('',(-45.75011538976,57.518605763446,
    5.416611645653));
#12125 = CARTESIAN_POINT('',(-45.75011406397,57.518498390208,
    5.416519350792));
#12126 = CARTESIAN_POINT('',(-45.75011138388,57.518279814712,
    5.416331476216));
#12127 = CARTESIAN_POINT('',(-45.75011003026,57.518168612312,
    5.416235896609));
#12128 = CARTESIAN_POINT('',(-45.7501086865,57.518057407812,5.4161403186
    ));
#12129 = CARTESIAN_POINT('',(-45.75010735262,57.517946201214,
    5.416044742189));
#12130 = CARTESIAN_POINT('',(-45.75010602861,57.517834992519,
    5.415949167378));
#12131 = CARTESIAN_POINT('',(-45.75010340044,57.517612580833,
    5.415758029462));
#12132 = CARTESIAN_POINT('',(-45.75010209628,57.517501377842,
    5.415662466357));
#12133 = CARTESIAN_POINT('',(-45.750100802,57.517390172756,
    5.415566904853));
#12134 = CARTESIAN_POINT('',(-45.75009951758,57.517278965576,
    5.415471344951));
#12135 = CARTESIAN_POINT('',(-45.75009824304,57.517167756302,
    5.415375786651));
#12136 = CARTESIAN_POINT('',(-45.75009571382,57.516945343468,
    5.415184681764));
#12137 = CARTESIAN_POINT('',(-45.75009445913,57.516834139909,
    5.415089135177));
#12138 = CARTESIAN_POINT('',(-45.75009321431,57.516722934258,
    5.414993590194));
#12139 = CARTESIAN_POINT('',(-45.75009197937,57.516611726517,
    5.414898046815));
#12140 = CARTESIAN_POINT('',(-45.7500907543,57.516500516687,
    5.414802505042));
#12141 = CARTESIAN_POINT('',(-45.75008836591,57.516281937138,
    5.414614727269));
#12142 = CARTESIAN_POINT('',(-45.75008720193,57.516174567561,
    5.414522491159));
#12143 = CARTESIAN_POINT('',(-45.75008604714,57.516067196038,
    5.414430256548));
#12144 = CARTESIAN_POINT('',(-45.75008490156,57.51595982257,
    5.414338023435));
#12145 = CARTESIAN_POINT('',(-45.75008376518,57.515852447159,
    5.414245791822));
#12146 = CARTESIAN_POINT('',(-45.75008147069,57.515633867275,
    5.414058046023));
#12147 = CARTESIAN_POINT('',(-45.75008031323,57.515522662662,
    5.413962531946));
#12148 = CARTESIAN_POINT('',(-45.75007916566,57.515411455966,
    5.413867019479));
#12149 = CARTESIAN_POINT('',(-45.75007802795,57.515300247187,
    5.413771508623));
#12150 = CARTESIAN_POINT('',(-45.75007690012,57.515189036327,
    5.413675999378));
#12151 = CARTESIAN_POINT('',(-45.75007466431,57.514966620351,
    5.41348499262));
#12152 = CARTESIAN_POINT('',(-45.75007355632,57.514855415234,
    5.413389495106));
#12153 = CARTESIAN_POINT('',(-45.75007245821,57.514744208039,
    5.413293999205));
#12154 = CARTESIAN_POINT('',(-45.75007136998,57.514632998765,
    5.413198504918));
#12155 = CARTESIAN_POINT('',(-45.75007029162,57.514521787414,
    5.413103012246));
#12156 = CARTESIAN_POINT('',(-45.75006822843,57.514307039355,
    5.412918623368));
#12157 = CARTESIAN_POINT('',(-45.75006724228,57.514203502924,
    5.412829726948));
#12158 = CARTESIAN_POINT('',(-45.75006626469,57.514099964694,
    5.412740831928));
#12159 = CARTESIAN_POINT('',(-45.75006529567,57.513996424666,
    5.41265193831));
#12160 = CARTESIAN_POINT('',(-45.7500643352,57.513892882841,
    5.412563046094));
#12161 = CARTESIAN_POINT('',(-45.75006236096,57.513678135265,
    5.412378688176));
#12162 = CARTESIAN_POINT('',(-45.75006134851,57.513566929239,
    5.412283222689));
#12163 = CARTESIAN_POINT('',(-45.75006034593,57.513455721142,
    5.412187758821));
#12164 = CARTESIAN_POINT('',(-45.75005935323,57.513344510974,
    5.412092296573));
#12165 = CARTESIAN_POINT('',(-45.75005837041,57.513233298737,
    5.411996835945));
#12166 = CARTESIAN_POINT('',(-45.75005645815,57.513014714503,
    5.411809217693));
#12167 = CARTESIAN_POINT('',(-45.75005552804,57.512907342648,
    5.411717059959));
#12168 = CARTESIAN_POINT('',(-45.75005460714,57.512799968865,
    5.411624903737));
#12169 = CARTESIAN_POINT('',(-45.75005369545,57.512692593156,
    5.411532749027));
#12170 = CARTESIAN_POINT('',(-45.75005279296,57.512585215521,
    5.411440595831));
#12171 = CARTESIAN_POINT('',(-45.75005097459,57.512366631158,
    5.411253009696));
#12172 = CARTESIAN_POINT('',(-45.75005005938,57.512255424291,
    5.411157576866));
#12173 = CARTESIAN_POINT('',(-45.75004915404,57.512144215359,
    5.411062145661));
#12174 = CARTESIAN_POINT('',(-45.75004825857,57.512033004366,
    5.410966716082));
#12175 = CARTESIAN_POINT('',(-45.75004737299,57.51192179131,
    5.41087128813));
#12176 = CARTESIAN_POINT('',(-45.75004562166,57.511699370991,
    5.410680443985));
#12177 = CARTESIAN_POINT('',(-45.75004475591,57.511588163728,
    5.410585027793));
#12178 = CARTESIAN_POINT('',(-45.75004390004,57.511476954405,
    5.410489613229));
#12179 = CARTESIAN_POINT('',(-45.75004305405,57.511365743024,
    5.410394200294));
#12180 = CARTESIAN_POINT('',(-45.75004221795,57.511254529585,
    5.410298788988));
#12181 = CARTESIAN_POINT('',(-45.75004056556,57.511032108509,
    5.410107978144));
#12182 = CARTESIAN_POINT('',(-45.75003974928,57.510920900871,
    5.410012578604));
#12183 = CARTESIAN_POINT('',(-45.75003894289,57.510809691179,
    5.409917180696));
#12184 = CARTESIAN_POINT('',(-45.75003814637,57.510698479432,
    5.40982178442));
#12185 = CARTESIAN_POINT('',(-45.75003735974,57.510587265632,
    5.409726389776));
#12186 = CARTESIAN_POINT('',(-45.7500358063,57.510364843843,
    5.409535612262));
#12187 = CARTESIAN_POINT('',(-45.75003503949,57.510253635854,
    5.409440229391));
#12188 = CARTESIAN_POINT('',(-45.75003428257,57.510142425814,
    5.409344848153));
#12189 = CARTESIAN_POINT('',(-45.75003353552,57.510031213724,
    5.409249468551));
#12190 = CARTESIAN_POINT('',(-45.75003279836,57.509919999584,
    5.409154090585));
#12191 = CARTESIAN_POINT('',(-45.75003141909,57.509709080763,
    5.408973211674));
#12192 = CARTESIAN_POINT('',(-45.75003077505,57.509609376483,
    5.408887710407));
#12193 = CARTESIAN_POINT('',(-45.75003013894,57.509509670558,
    5.408802210457));
#12194 = CARTESIAN_POINT('',(-45.75002951078,57.509409962988,
    5.408716711823));
#12195 = CARTESIAN_POINT('',(-45.75002889057,57.509310253774,
    5.408631214506));
#12196 = CARTESIAN_POINT('',(-45.75002759543,57.509099336365,
    5.40845036565));
#12197 = CARTESIAN_POINT('',(-45.75002692245,57.50898812777,
    5.408355014433));
#12198 = CARTESIAN_POINT('',(-45.75002625936,57.508876917131,
    5.408259664855));
#12199 = CARTESIAN_POINT('',(-45.75002560614,57.50876570445,
    5.408164316918));
#12200 = CARTESIAN_POINT('',(-45.75002496281,57.508654489727,
    5.408068970623));
#12201 = CARTESIAN_POINT('',(-45.75002371781,57.508435900674,
    5.407881577134));
#12202 = CARTESIAN_POINT('',(-45.75002311548,57.508328526483,
    5.407789529829));
#12203 = CARTESIAN_POINT('',(-45.75002252235,57.50822115039,
    5.407697484055));
#12204 = CARTESIAN_POINT('',(-45.75002193844,57.508113772397,
    5.407605439814));
#12205 = CARTESIAN_POINT('',(-45.75002136374,57.508006392505,
    5.407513397107));
#12206 = CARTESIAN_POINT('',(-45.75002021264,57.50778780361,
    5.407326035932));
#12207 = CARTESIAN_POINT('',(-45.7500196369,57.50767659447,
    5.407230717576));
#12208 = CARTESIAN_POINT('',(-45.75001907104,57.507565383294,
    5.407135400867));
#12209 = CARTESIAN_POINT('',(-45.75001851506,57.507454170084,
    5.407040085804));
#12210 = CARTESIAN_POINT('',(-45.75001796898,57.50734295484,
    5.406944772389));
#12211 = CARTESIAN_POINT('',(-45.75001691511,57.507124364782,
    5.406757443539));
#12212 = CARTESIAN_POINT('',(-45.75001640665,57.507016990106,
    5.406665427991));
#12213 = CARTESIAN_POINT('',(-45.75001590741,57.506909613536,
    5.406573413981));
#12214 = CARTESIAN_POINT('',(-45.75001541739,57.506802235074,
    5.406481401509));
#12215 = CARTESIAN_POINT('',(-45.75001493659,57.506694854719,
    5.406389390575));
#12216 = CARTESIAN_POINT('',(-45.75001399345,57.50648009948,
    5.406205379715));
#12217 = CARTESIAN_POINT('',(-45.75001353111,57.506372724596,
    5.406113379789));
#12218 = CARTESIAN_POINT('',(-45.750013078,57.506265347822,
    5.406021381402));
#12219 = CARTESIAN_POINT('',(-45.75001263409,57.506157969158,
    5.405929384556));
#12220 = CARTESIAN_POINT('',(-45.75001219941,57.506050588607,
    5.405837389252));
#12221 = CARTESIAN_POINT('',(-45.75001133332,57.505831998397,
    5.405650124594));
#12222 = CARTESIAN_POINT('',(-45.75001090258,57.505720788602,
    5.405554855352));
#12223 = CARTESIAN_POINT('',(-45.75001048173,57.505609576783,
    5.405459587765));
#12224 = CARTESIAN_POINT('',(-45.75001007076,57.505498362942,
    5.405364321834));
#12225 = CARTESIAN_POINT('',(-45.75000966969,57.50538714708,
    5.40526905756));
#12226 = CARTESIAN_POINT('',(-45.75000890084,57.505168555833,
    5.405081825313));
#12227 = CARTESIAN_POINT('',(-45.75000853239,57.505061180587,
    5.404989857228));
#12228 = CARTESIAN_POINT('',(-45.75000817316,57.504953803457,
    5.404897890689));
#12229 = CARTESIAN_POINT('',(-45.75000782314,57.504846424447,
    5.404805925696));
#12230 = CARTESIAN_POINT('',(-45.75000748235,57.504739043555,
    5.40471396225));
#12231 = CARTESIAN_POINT('',(-45.75000680739,57.504520452672,
    5.404526762458));
#12232 = CARTESIAN_POINT('',(-45.75000647389,57.504409242543,
    5.404431526224));
#12233 = CARTESIAN_POINT('',(-45.75000615028,57.5042980304,
    5.404336291651));
#12234 = CARTESIAN_POINT('',(-45.75000583655,57.504186816242,
    5.40424105874));
#12235 = CARTESIAN_POINT('',(-45.75000553272,57.50407560007,
    5.404145827492));
#12236 = CARTESIAN_POINT('',(-45.750004955,57.503857008235,
    5.403958660169));
#12237 = CARTESIAN_POINT('',(-45.75000468044,57.503749632708,
    5.403866723982));
#12238 = CARTESIAN_POINT('',(-45.75000441509,57.503642255306,
    5.403774789347));
#12239 = CARTESIAN_POINT('',(-45.75000415897,57.50353487603,
    5.403682856263));
#12240 = CARTESIAN_POINT('',(-45.75000391206,57.503427494881,
    5.403590924732));
#12241 = CARTESIAN_POINT('',(-45.75000342823,57.503208903491,
    5.403403789921));
#12242 = CARTESIAN_POINT('',(-45.75000319197,57.503097693114,
    5.403308586753));
#12243 = CARTESIAN_POINT('',(-45.7500029656,57.50298648073,
    5.403213385252));
#12244 = CARTESIAN_POINT('',(-45.75000274912,57.50287526634,
    5.403118185419));
#12245 = CARTESIAN_POINT('',(-45.75000254253,57.502764049945,
    5.403022987255));
#12246 = CARTESIAN_POINT('',(-45.75000214916,57.502541623078,
    5.402832602768));
#12247 = CARTESIAN_POINT('',(-45.75000196237,57.502430412608,
    5.402737416446));
#12248 = CARTESIAN_POINT('',(-45.75000178547,57.502319200135,
    5.402642231793));
#12249 = CARTESIAN_POINT('',(-45.75000161847,57.502207985659,
    5.402547048812));
#12250 = CARTESIAN_POINT('',(-45.75000146135,57.502096769182,
    5.402451867502));
#12251 = CARTESIAN_POINT('',(-45.75000116693,57.501874342163,
    5.402261516731));
#12252 = CARTESIAN_POINT('',(-45.75000102961,57.501763131621,
    5.402166347269));
#12253 = CARTESIAN_POINT('',(-45.75000090219,57.50165191908,
    5.40207117948));
#12254 = CARTESIAN_POINT('',(-45.75000078466,57.501540704541,
    5.401976013365));
#12255 = CARTESIAN_POINT('',(-45.75000067702,57.501429488005,
    5.401880848925));
#12256 = CARTESIAN_POINT('',(-45.75000048154,57.501207060877,
    5.401690531899));
#12257 = CARTESIAN_POINT('',(-45.7500003937,57.501095850285,
    5.401595379313));
#12258 = CARTESIAN_POINT('',(-45.75000031574,57.500984637698,
    5.401500228402));
#12259 = CARTESIAN_POINT('',(-45.75000024769,57.500873423118,
    5.401405079169));
#12260 = CARTESIAN_POINT('',(-45.75000018953,57.500762206545,
    5.401309931614));
#12261 = CARTESIAN_POINT('',(-45.75000009417,57.500542494719,
    5.401121971321));
#12262 = CARTESIAN_POINT('',(-45.7500000565,57.500433999563,
    5.401029158501));
#12263 = CARTESIAN_POINT('',(-45.75000002825,57.500325502512,
    5.40093634728));
#12264 = CARTESIAN_POINT('',(-45.75000000941,57.500217003567,
    5.400843537658));
#12265 = CARTESIAN_POINT('',(-45.75,57.50010850273,5.400750729636));
#12266 = CARTESIAN_POINT('',(-45.75,57.5,5.400657923215));
#12267 = ORIENTED_EDGE('',*,*,#12268,.F.);
#12268 = EDGE_CURVE('',#1955,#12012,#12269,.T.);
#12269 = LINE('',#12270,#12271);
#12270 = CARTESIAN_POINT('',(-45.75,57.5,0.));
#12271 = VECTOR('',#12272,1.);
#12272 = DIRECTION('',(0.,0.,1.));
#12273 = CYLINDRICAL_SURFACE('',#12274,1.5);
#12274 = AXIS2_PLACEMENT_3D('',#12275,#12276,#12277);
#12275 = CARTESIAN_POINT('',(-47.25,57.5,0.));
#12276 = DIRECTION('',(0.,0.,-1.));
#12277 = DIRECTION('',(-1.,0.,0.));
#12278 = ADVANCED_FACE('',(#12279),#12298,.F.);
#12279 = FACE_BOUND('',#12280,.F.);
#12280 = EDGE_LOOP('',(#12281,#12282,#12290,#12297));
#12281 = ORIENTED_EDGE('',*,*,#1971,.F.);
#12282 = ORIENTED_EDGE('',*,*,#12283,.T.);
#12283 = EDGE_CURVE('',#1964,#12284,#12286,.T.);
#12284 = VERTEX_POINT('',#12285);
#12285 = CARTESIAN_POINT('',(-45.75,47.5,3.));
#12286 = LINE('',#12287,#12288);
#12287 = CARTESIAN_POINT('',(-45.75,47.5,0.));
#12288 = VECTOR('',#12289,1.);
#12289 = DIRECTION('',(0.,0.,1.));
#12290 = ORIENTED_EDGE('',*,*,#12291,.F.);
#12291 = EDGE_CURVE('',#11988,#12284,#12292,.T.);
#12292 = CIRCLE('',#12293,1.5);
#12293 = AXIS2_PLACEMENT_3D('',#12294,#12295,#12296);
#12294 = CARTESIAN_POINT('',(-47.25,47.5,3.));
#12295 = DIRECTION('',(0.,0.,1.));
#12296 = DIRECTION('',(-1.,0.,0.));
#12297 = ORIENTED_EDGE('',*,*,#11995,.F.);
#12298 = CYLINDRICAL_SURFACE('',#12299,1.5);
#12299 = AXIS2_PLACEMENT_3D('',#12300,#12301,#12302);
#12300 = CARTESIAN_POINT('',(-47.25,47.5,0.));
#12301 = DIRECTION('',(0.,0.,-1.));
#12302 = DIRECTION('',(-1.,0.,0.));
#12303 = ADVANCED_FACE('',(#12304),#12324,.T.);
#12304 = FACE_BOUND('',#12305,.F.);
#12305 = EDGE_LOOP('',(#12306,#12307,#12308,#12317,#12323));
#12306 = ORIENTED_EDGE('',*,*,#1963,.F.);
#12307 = ORIENTED_EDGE('',*,*,#12268,.T.);
#12308 = ORIENTED_EDGE('',*,*,#12309,.F.);
#12309 = EDGE_CURVE('',#12310,#12012,#12312,.T.);
#12310 = VERTEX_POINT('',#12311);
#12311 = CARTESIAN_POINT('',(-45.75,51.,3.));
#12312 = CIRCLE('',#12313,10.);
#12313 = AXIS2_PLACEMENT_3D('',#12314,#12315,#12316);
#12314 = CARTESIAN_POINT('',(-45.75,51.,13.));
#12315 = DIRECTION('',(1.,0.,0.));
#12316 = DIRECTION('',(0.,1.,0.));
#12317 = ORIENTED_EDGE('',*,*,#12318,.F.);
#12318 = EDGE_CURVE('',#12284,#12310,#12319,.T.);
#12319 = LINE('',#12320,#12321);
#12320 = CARTESIAN_POINT('',(-45.75,46.374236596195,3.));
#12321 = VECTOR('',#12322,1.);
#12322 = DIRECTION('',(0.,1.,0.));
#12323 = ORIENTED_EDGE('',*,*,#12283,.F.);
#12324 = PLANE('',#12325);
#12325 = AXIS2_PLACEMENT_3D('',#12326,#12327,#12328);
#12326 = CARTESIAN_POINT('',(-45.75,57.5,0.));
#12327 = DIRECTION('',(-1.,-0.,-0.));
#12328 = DIRECTION('',(0.,1.,0.));
#12329 = ADVANCED_FACE('',(#12330),#12364,.F.);
#12330 = FACE_BOUND('',#12331,.T.);
#12331 = EDGE_LOOP('',(#12332,#12333,#12341,#12350,#12358));
#12332 = ORIENTED_EDGE('',*,*,#1980,.F.);
#12333 = ORIENTED_EDGE('',*,*,#12334,.T.);
#12334 = EDGE_CURVE('',#1981,#12335,#12337,.T.);
#12335 = VERTEX_POINT('',#12336);
#12336 = CARTESIAN_POINT('',(-36.33333333333,57.5,5.400657923215));
#12337 = LINE('',#12338,#12339);
#12338 = CARTESIAN_POINT('',(-36.33333333333,57.5,0.));
#12339 = VECTOR('',#12340,1.);
#12340 = DIRECTION('',(0.,0.,1.));
#12341 = ORIENTED_EDGE('',*,*,#12342,.F.);
#12342 = EDGE_CURVE('',#12343,#12335,#12345,.T.);
#12343 = VERTEX_POINT('',#12344);
#12344 = CARTESIAN_POINT('',(-36.33333333333,51.,3.));
#12345 = CIRCLE('',#12346,10.);
#12346 = AXIS2_PLACEMENT_3D('',#12347,#12348,#12349);
#12347 = CARTESIAN_POINT('',(-36.33333333333,51.,13.));
#12348 = DIRECTION('',(1.,0.,0.));
#12349 = DIRECTION('',(0.,1.,0.));
#12350 = ORIENTED_EDGE('',*,*,#12351,.F.);
#12351 = EDGE_CURVE('',#12352,#12343,#12354,.T.);
#12352 = VERTEX_POINT('',#12353);
#12353 = CARTESIAN_POINT('',(-36.33333333333,47.5,3.));
#12354 = LINE('',#12355,#12356);
#12355 = CARTESIAN_POINT('',(-36.33333333333,46.374236596195,3.));
#12356 = VECTOR('',#12357,1.);
#12357 = DIRECTION('',(0.,1.,0.));
#12358 = ORIENTED_EDGE('',*,*,#12359,.F.);
#12359 = EDGE_CURVE('',#1983,#12352,#12360,.T.);
#12360 = LINE('',#12361,#12362);
#12361 = CARTESIAN_POINT('',(-36.33333333333,47.5,0.));
#12362 = VECTOR('',#12363,1.);
#12363 = DIRECTION('',(0.,0.,1.));
#12364 = PLANE('',#12365);
#12365 = AXIS2_PLACEMENT_3D('',#12366,#12367,#12368);
#12366 = CARTESIAN_POINT('',(-36.33333333333,57.5,0.));
#12367 = DIRECTION('',(-1.,-0.,-0.));
#12368 = DIRECTION('',(0.,1.,0.));
#12369 = ADVANCED_FACE('',(#12370),#12642,.F.);
#12370 = FACE_BOUND('',#12371,.F.);
#12371 = EDGE_LOOP('',(#12372,#12373,#12374,#12636));
#12372 = ORIENTED_EDGE('',*,*,#1990,.F.);
#12373 = ORIENTED_EDGE('',*,*,#12334,.T.);
#12374 = ORIENTED_EDGE('',*,*,#12375,.T.);
#12375 = EDGE_CURVE('',#12335,#12376,#12378,.T.);
#12376 = VERTEX_POINT('',#12377);
#12377 = CARTESIAN_POINT('',(-33.33333333333,57.5,5.400657923215));
#12378 = B_SPLINE_CURVE_WITH_KNOTS('',6,(#12379,#12380,#12381,#12382,
    #12383,#12384,#12385,#12386,#12387,#12388,#12389,#12390,#12391,
    #12392,#12393,#12394,#12395,#12396,#12397,#12398,#12399,#12400,
    #12401,#12402,#12403,#12404,#12405,#12406,#12407,#12408,#12409,
    #12410,#12411,#12412,#12413,#12414,#12415,#12416,#12417,#12418,
    #12419,#12420,#12421,#12422,#12423,#12424,#12425,#12426,#12427,
    #12428,#12429,#12430,#12431,#12432,#12433,#12434,#12435,#12436,
    #12437,#12438,#12439,#12440,#12441,#12442,#12443,#12444,#12445,
    #12446,#12447,#12448,#12449,#12450,#12451,#12452,#12453,#12454,
    #12455,#12456,#12457,#12458,#12459,#12460,#12461,#12462,#12463,
    #12464,#12465,#12466,#12467,#12468,#12469,#12470,#12471,#12472,
    #12473,#12474,#12475,#12476,#12477,#12478,#12479,#12480,#12481,
    #12482,#12483,#12484,#12485,#12486,#12487,#12488,#12489,#12490,
    #12491,#12492,#12493,#12494,#12495,#12496,#12497,#12498,#12499,
    #12500,#12501,#12502,#12503,#12504,#12505,#12506,#12507,#12508,
    #12509,#12510,#12511,#12512,#12513,#12514,#12515,#12516,#12517,
    #12518,#12519,#12520,#12521,#12522,#12523,#12524,#12525,#12526,
    #12527,#12528,#12529,#12530,#12531,#12532,#12533,#12534,#12535,
    #12536,#12537,#12538,#12539,#12540,#12541,#12542,#12543,#12544,
    #12545,#12546,#12547,#12548,#12549,#12550,#12551,#12552,#12553,
    #12554,#12555,#12556,#12557,#12558,#12559,#12560,#12561,#12562,
    #12563,#12564,#12565,#12566,#12567,#12568,#12569,#12570,#12571,
    #12572,#12573,#12574,#12575,#12576,#12577,#12578,#12579,#12580,
    #12581,#12582,#12583,#12584,#12585,#12586,#12587,#12588,#12589,
    #12590,#12591,#12592,#12593,#12594,#12595,#12596,#12597,#12598,
    #12599,#12600,#12601,#12602,#12603,#12604,#12605,#12606,#12607,
    #12608,#12609,#12610,#12611,#12612,#12613,#12614,#12615,#12616,
    #12617,#12618,#12619,#12620,#12621,#12622,#12623,#12624,#12625,
    #12626,#12627,#12628,#12629,#12630,#12631,#12632,#12633,#12634,
    #12635),.UNSPECIFIED.,.F.,.F.,(7,5,5,5,5,5,5,5,5,5,5,5,5,5,5,5,5,5,5
    ,5,5,5,5,5,5,5,5,5,5,5,5,5,5,5,5,5,5,5,5,5,5,5,5,5,5,5,5,5,5,5,5,7),
  (0.,5.753598694607E-02,0.172058445542,0.28193873558,0.322083515333,
    0.377005792656,0.422425903174,0.448500288704,0.499775790978,
    0.577062200861,0.623104448157,0.679053108221,0.718257347314,
    0.827816894434,0.995084720071,0.995224367678,0.995354373257,
    0.995493996894,0.995633608117,0.995773206925,0.995912793317,
    0.996052367291,0.996148617969,0.996288170959,0.996418088441,
    0.996557617447,0.996677891103,0.996817396977,0.996956890428,
    0.997096371454,0.997235840055,0.99736567896,0.997466657328,
    0.997601285014,0.9976830176,0.997817626664,0.997947417288,
    0.99808681003,0.998226190339,0.998365558216,0.99850491366,
    0.998639451944,0.998778782947,0.998918101515,0.999038193746,
    0.999172686072,0.999307166803,0.99943683367,0.999576093479,
    0.999705737981,0.999840172741,1.),.UNSPECIFIED.);
#12379 = CARTESIAN_POINT('',(-36.33333333333,57.5,5.400657923215));
#12380 = CARTESIAN_POINT('',(-36.33333333333,57.545963959338,
    5.439972607654));
#12381 = CARTESIAN_POINT('',(-36.33164319366,57.591581783971,
    5.479568974406));
#12382 = CARTESIAN_POINT('',(-36.32831060204,57.636795645704,
    5.51939451046));
#12383 = CARTESIAN_POINT('',(-36.3233826651,57.681551446432,
    5.55939542096));
#12384 = CARTESIAN_POINT('',(-36.31690590848,57.725798818137,
    5.599516629198));
#12385 = CARTESIAN_POINT('',(-36.29304322525,57.856458435482,
    5.719688270739));
#12386 = CARTESIAN_POINT('',(-36.27121074445,57.941200167192,
    5.799904249961));
#12387 = CARTESIAN_POINT('',(-36.24377622184,58.023468267182,
    5.880013305753));
#12388 = CARTESIAN_POINT('',(-36.21102167206,58.103055011815,
    5.959672018214));
#12389 = CARTESIAN_POINT('',(-36.17317203838,58.179766858529,
    6.038506722413));
#12390 = CARTESIAN_POINT('',(-36.08936857304,58.324045089983,
    6.190528977277));
#12391 = CARTESIAN_POINT('',(-36.04380219572,58.391861805126,
    6.263821675715));
#12392 = CARTESIAN_POINT('',(-35.99382043968,58.456732059132,
    6.33565910735));
#12393 = CARTESIAN_POINT('',(-35.93947907261,58.518497483619,
    6.40566236408));
#12394 = CARTESIAN_POINT('',(-35.8807969061,58.576938267915,
    6.473346772355));
#12395 = CARTESIAN_POINT('',(-35.7947556027,58.651780524836,
    6.561738176366));
#12396 = CARTESIAN_POINT('',(-35.77115179774,58.671324821817,
    6.584999052194));
#12397 = CARTESIAN_POINT('',(-35.74696707423,58.690372323871,
    6.607838417712));
#12398 = CARTESIAN_POINT('',(-35.72220116101,58.708906823363,
    6.630223127715));
#12399 = CARTESIAN_POINT('',(-35.69685417588,58.726910171259,
    6.652116874699));
#12400 = CARTESIAN_POINT('',(-35.63545501225,58.768238591896,
    6.702707447606));
#12401 = CARTESIAN_POINT('',(-35.59888903644,58.791088284045,
    6.730948377231));
#12402 = CARTESIAN_POINT('',(-35.56123963759,58.812852572806,
    6.758092478921));
#12403 = CARTESIAN_POINT('',(-35.5225194803,58.833469025196,
    6.784022242404));
#12404 = CARTESIAN_POINT('',(-35.48274295441,58.852871556003,
    6.808613145955));
#12405 = CARTESIAN_POINT('',(-35.40817115381,58.885974532592,
    6.850854060557));
#12406 = CARTESIAN_POINT('',(-35.37370101446,58.900082100484,
    6.868971038876));
#12407 = CARTESIAN_POINT('',(-35.33854787863,58.913263254339,
    6.885996552439));
#12408 = CARTESIAN_POINT('',(-35.30274476104,58.925470571141,
    6.901846049497));
#12409 = CARTESIAN_POINT('',(-35.26632556943,58.936659081988,
    6.91643846547));
#12410 = CARTESIAN_POINT('',(-35.20808419664,58.952600002089,
    6.937307122078));
#12411 = CARTESIAN_POINT('',(-35.18665603412,58.958062788395,
    6.944476745087));
#12412 = CARTESIAN_POINT('',(-35.16505049831,58.963165738894,
    6.951189387341));
#12413 = CARTESIAN_POINT('',(-35.14327895729,58.967900447141,
    6.957430250689));
#12414 = CARTESIAN_POINT('',(-35.12135426598,58.972258992361,
    6.963185443455));
#12415 = CARTESIAN_POINT('',(-35.05590270469,58.984050706901,
    6.97877900542));
#12416 = CARTESIAN_POINT('',(-35.01195825136,58.99038775641,
    6.987192698199));
#12417 = CARTESIAN_POINT('',(-34.9675930252,58.995182440146,
    6.993576481632));
#12418 = CARTESIAN_POINT('',(-34.92294320503,58.998393517248,
    6.997858080782));
#12419 = CARTESIAN_POINT('',(-34.87814486885,59.,7.));
#12420 = CARTESIAN_POINT('',(-34.76578991497,59.,7.));
#12421 = CARTESIAN_POINT('',(-34.69833870696,58.99635005889,
    6.995133965301));
#12422 = CARTESIAN_POINT('',(-34.63139624384,58.98907005705,
    6.985425719232));
#12423 = CARTESIAN_POINT('',(-34.56538333318,58.978259776521,
    6.971059931444));
#12424 = CARTESIAN_POINT('',(-34.50072057484,58.964110764741,
    6.952377166869));
#12425 = CARTESIAN_POINT('',(-34.40035409511,58.936675978478,
    6.916459984873));
#12426 = CARTESIAN_POINT('',(-34.36347997547,58.925345355075,
    6.901682105076));
#12427 = CARTESIAN_POINT('',(-34.32723756455,58.912970419273,
    6.885615773857));
#12428 = CARTESIAN_POINT('',(-34.29166198163,58.899597836744,
    6.868345121732));
#12429 = CARTESIAN_POINT('',(-34.25678742196,58.885276847624,
    6.849957931178));
#12430 = CARTESIAN_POINT('',(-34.18116129966,58.851567482926,
    6.80695660847));
#12431 = CARTESIAN_POINT('',(-34.14075363075,58.831749482796,
    6.781850273102));
#12432 = CARTESIAN_POINT('',(-34.10144070408,58.810678547072,
    6.755364929047));
#12433 = CARTESIAN_POINT('',(-34.06323723027,58.788423951743,
    6.727631222354));
#12434 = CARTESIAN_POINT('',(-34.02615607651,58.765050967834,
    6.698772146606));
#12435 = CARTESIAN_POINT('',(-33.96501898525,58.723502243519,
    6.647973221178));
#12436 = CARTESIAN_POINT('',(-33.94038208579,58.705861811286,
    6.626543994839));
#12437 = CARTESIAN_POINT('',(-33.91629805182,58.687718064796,
    6.604651734903));
#12438 = CARTESIAN_POINT('',(-33.89276698845,58.669087721138,
    6.582329920775));
#12439 = CARTESIAN_POINT('',(-33.86978862215,58.649985714403,
    6.559609140267));
#12440 = CARTESIAN_POINT('',(-33.78469005759,58.575761679161,
    6.471984409687));
#12441 = CARTESIAN_POINT('',(-33.72631788851,58.517507175853,
    6.404540316052));
#12442 = CARTESIAN_POINT('',(-33.67225114092,58.455957730039,
    6.334801986852));
#12443 = CARTESIAN_POINT('',(-33.6225087724,58.391330000614,
    6.263247371538));
#12444 = CARTESIAN_POINT('',(-33.57714619228,58.323780361797,
    6.190250594485));
#12445 = CARTESIAN_POINT('',(-33.47388357326,58.146008855438,
    6.00293593812));
#12446 = CARTESIAN_POINT('',(-33.42189531747,58.031931217719,
    5.886978615368));
#12447 = CARTESIAN_POINT('',(-33.38094270961,57.911877032217,
    5.76964216201));
#12448 = CARTESIAN_POINT('',(-33.35183901327,57.78653471385,
    5.652109603793));
#12449 = CARTESIAN_POINT('',(-33.33560655679,57.656709384154,
    5.535477188446));
#12450 = CARTESIAN_POINT('',(-33.33351602389,57.523410482462,
    5.420744383593));
#12451 = CARTESIAN_POINT('',(-33.33351428988,57.523299285339,
    5.420648677602));
#12452 = CARTESIAN_POINT('',(-33.33351256573,57.523188086086,
    5.420552973185));
#12453 = CARTESIAN_POINT('',(-33.33351085144,57.523076884703,
    5.420457270343));
#12454 = CARTESIAN_POINT('',(-33.33350914701,57.522965681191,
    5.420361569077));
#12455 = CARTESIAN_POINT('',(-33.33350587489,57.522750948152,
    5.420176777323));
#12456 = CARTESIAN_POINT('',(-33.33350430588,57.522647418908,
    5.420087686624));
#12457 = CARTESIAN_POINT('',(-33.33350274542,57.522543887821,
    5.419998597293));
#12458 = CARTESIAN_POINT('',(-33.33350119351,57.522440354891,
    5.41990950933));
#12459 = CARTESIAN_POINT('',(-33.33349965015,57.522336820119,
    5.419820422735));
#12460 = CARTESIAN_POINT('',(-33.33349646699,57.522122087059,
    5.419635661592));
#12461 = CARTESIAN_POINT('',(-33.3334948285,57.522010888489,
    5.419539987253));
#12462 = CARTESIAN_POINT('',(-33.33349319987,57.521899687796,
    5.419444314494));
#12463 = CARTESIAN_POINT('',(-33.33349158111,57.521788484981,
    5.419348643315));
#12464 = CARTESIAN_POINT('',(-33.33348997221,57.521677280045,
    5.419252973719));
#12465 = CARTESIAN_POINT('',(-33.33348677429,57.521454875821,
    5.419061646198));
#12466 = CARTESIAN_POINT('',(-33.33348518526,57.521343676533,
    5.418965988273));
#12467 = CARTESIAN_POINT('',(-33.3334836061,57.521232475127,
    5.418870331931));
#12468 = CARTESIAN_POINT('',(-33.33348203681,57.521121271603,
    5.418774677173));
#12469 = CARTESIAN_POINT('',(-33.33348047738,57.521010065962,5.418679024
    ));
#12470 = CARTESIAN_POINT('',(-33.3334773784,57.520787660337,
    5.418487729331));
#12471 = CARTESIAN_POINT('',(-33.33347583884,57.520676460354,
    5.418392087835));
#12472 = CARTESIAN_POINT('',(-33.33347430915,57.520565258256,
    5.418296447925));
#12473 = CARTESIAN_POINT('',(-33.33347278932,57.520454054045,
    5.418200809603));
#12474 = CARTESIAN_POINT('',(-33.33347127937,57.520342847721,
    5.418105172868));
#12475 = CARTESIAN_POINT('',(-33.33346827932,57.52012044074,
    5.417913911082));
#12476 = CARTESIAN_POINT('',(-33.33346678923,57.520009240083,
    5.417818286031));
#12477 = CARTESIAN_POINT('',(-33.33346530901,57.519898037316,
    5.417722662569));
#12478 = CARTESIAN_POINT('',(-33.33346383866,57.519786832439,
    5.417627040697));
#12479 = CARTESIAN_POINT('',(-33.33346237817,57.519675625454,
    5.417531420416));
#12480 = CARTESIAN_POINT('',(-33.33345947706,57.51945321716,
    5.417340191544));
#12481 = CARTESIAN_POINT('',(-33.33345803644,57.519342015852,
    5.417244582953));
#12482 = CARTESIAN_POINT('',(-33.33345660569,57.519230812438,
    5.417148975954));
#12483 = CARTESIAN_POINT('',(-33.3334551848,57.519119606918,
    5.417053370549));
#12484 = CARTESIAN_POINT('',(-33.33345377379,57.519008399293,
    5.416957766737));
#12485 = CARTESIAN_POINT('',(-33.33345140641,57.518820498965,
    5.416796236913));
#12486 = CARTESIAN_POINT('',(-33.33345044487,57.518743807365,
    5.416730310064));
#12487 = CARTESIAN_POINT('',(-33.33344948802,57.518667114765,
    5.416664383974));
#12488 = CARTESIAN_POINT('',(-33.33344853587,57.518590421165,
    5.416598458643));
#12489 = CARTESIAN_POINT('',(-33.33344758841,57.518513726566,
    5.416532534071));
#12490 = CARTESIAN_POINT('',(-33.33344527874,57.518325830709,
    5.416371027917));
#12491 = CARTESIAN_POINT('',(-33.3334439217,57.518214628351,
    5.416275447173));
#12492 = CARTESIAN_POINT('',(-33.33344257454,57.518103423893,
    5.416179868026));
#12493 = CARTESIAN_POINT('',(-33.33344123724,57.517992217336,
    5.416084290477));
#12494 = CARTESIAN_POINT('',(-33.33343990982,57.517881008681,
    5.415988714527));
#12495 = CARTESIAN_POINT('',(-33.33343736568,57.517666265782,
    5.41580416481));
#12496 = CARTESIAN_POINT('',(-33.33343614765,57.517562731817,
    5.415715190828));
#12497 = CARTESIAN_POINT('',(-33.33343493818,57.517459196036,
    5.415626218233));
#12498 = CARTESIAN_POINT('',(-33.33343373726,57.517355658439,
    5.415537247027));
#12499 = CARTESIAN_POINT('',(-33.33343254491,57.517252119026,
    5.41544827721));
#12500 = CARTESIAN_POINT('',(-33.33343008973,57.51703737641,
    5.415263758313));
#12501 = CARTESIAN_POINT('',(-33.33342882822,57.516926172928,
    5.415168209446));
#12502 = CARTESIAN_POINT('',(-33.33342757658,57.516814967354,
    5.415072662183));
#12503 = CARTESIAN_POINT('',(-33.33342633481,57.516703759689,
    5.414977116525));
#12504 = CARTESIAN_POINT('',(-33.33342510292,57.516592549934,
    5.414881572471));
#12505 = CARTESIAN_POINT('',(-33.33342282752,57.516385473758,
    5.414703672672));
#12506 = CARTESIAN_POINT('',(-33.33342178148,57.516289607873,
    5.414621316514));
#12507 = CARTESIAN_POINT('',(-33.33342074277,57.516193740436,
    5.414538961549));
#12508 = CARTESIAN_POINT('',(-33.3334197114,57.516097871448,
    5.414456607779));
#12509 = CARTESIAN_POINT('',(-33.33341868737,57.51600200091,
    5.414374255204));
#12510 = CARTESIAN_POINT('',(-33.33341649141,57.515794926419,
    5.414196384143));
#12511 = CARTESIAN_POINT('',(-33.33341532202,57.515683721931,
    5.414100866071));
#12512 = CARTESIAN_POINT('',(-33.3334141625,57.515572515358,
    5.414005349607));
#12513 = CARTESIAN_POINT('',(-33.33341301285,57.515461306703,
    5.413909834754));
#12514 = CARTESIAN_POINT('',(-33.33341187308,57.515350095964,
    5.413814321511));
#12515 = CARTESIAN_POINT('',(-33.33340961338,57.515127680229,
    5.413623306756));
#12516 = CARTESIAN_POINT('',(-33.33340849346,57.515016475232,
    5.413527805242));
#12517 = CARTESIAN_POINT('',(-33.33340738341,57.514905268155,
    5.413432305341));
#12518 = CARTESIAN_POINT('',(-33.33340628323,57.514794058999,
    5.413336807054));
#12519 = CARTESIAN_POINT('',(-33.33340519293,57.514682847764,
    5.41324131038));
#12520 = CARTESIAN_POINT('',(-33.33340303218,57.514460431046,
    5.413050328767));
#12521 = CARTESIAN_POINT('',(-33.33340196173,57.514349225562,
    5.412954843828));
#12522 = CARTESIAN_POINT('',(-33.33340090115,57.514238018003,
    5.412859360505));
#12523 = CARTESIAN_POINT('',(-33.33339985045,57.514126808368,
    5.412763878798));
#12524 = CARTESIAN_POINT('',(-33.33339880962,57.514015596659,
    5.412668398708));
#12525 = CARTESIAN_POINT('',(-33.33339674781,57.513793179001,
    5.412477450269));
#12526 = CARTESIAN_POINT('',(-33.33339572683,57.513681973053,
    5.41238198192));
#12527 = CARTESIAN_POINT('',(-33.33339471572,57.513570765033,
    5.412286515189));
#12528 = CARTESIAN_POINT('',(-33.33339371449,57.513459554941,
    5.412191050078));
#12529 = CARTESIAN_POINT('',(-33.33339272313,57.513348342779,
    5.412095586587));
#12530 = CARTESIAN_POINT('',(-33.33339082795,57.513133593172,
    5.41191125407));
#12531 = CARTESIAN_POINT('',(-33.3333899228,57.513030056002,
    5.411822384828));
#12532 = CARTESIAN_POINT('',(-33.33338902621,57.512926517039,
    5.411733516991));
#12533 = CARTESIAN_POINT('',(-33.33338813819,57.512822976285,
    5.411644650561));
#12534 = CARTESIAN_POINT('',(-33.33338725872,57.512719433739,
    5.411555785537));
#12535 = CARTESIAN_POINT('',(-33.33338571051,57.512535360859,
    5.411397810873));
#12536 = CARTESIAN_POINT('',(-33.33338503837,57.512454831231,
    5.411328700676));
#12537 = CARTESIAN_POINT('',(-33.33338437141,57.512374300521,
    5.41125959133));
#12538 = CARTESIAN_POINT('',(-33.33338370963,57.512293768729,
    5.411190482837));
#12539 = CARTESIAN_POINT('',(-33.33338305303,57.512213235855,
    5.411121375195));
#12540 = CARTESIAN_POINT('',(-33.33338153313,57.512025331377,
    5.41096013296));
#12541 = CARTESIAN_POINT('',(-33.33338067384,57.511917958932,
    5.410867999029));
#12542 = CARTESIAN_POINT('',(-33.33337982377,57.511810584566,
    5.410775866614));
#12543 = CARTESIAN_POINT('',(-33.3333789829,57.511703208278,
    5.410683735716));
#12544 = CARTESIAN_POINT('',(-33.33337815125,57.511595830071,
    5.410591606336));
#12545 = CARTESIAN_POINT('',(-33.33337682949,57.511423259377,
    5.41044354757));
#12546 = CARTESIAN_POINT('',(-33.33337633358,57.511358068101,
    5.410387617225));
#12547 = CARTESIAN_POINT('',(-33.33337584106,57.511292876119,
    5.41033168744));
#12548 = CARTESIAN_POINT('',(-33.33337535194,57.511227683429,
    5.410275758215));
#12549 = CARTESIAN_POINT('',(-33.33337486621,57.511162490033,
    5.41021982955));
#12550 = CARTESIAN_POINT('',(-33.33337358951,57.510989924835,
    5.410071790939));
#12551 = CARTESIAN_POINT('',(-33.33337280434,57.510882551824,
    5.409979681952));
#12552 = CARTESIAN_POINT('',(-33.33337202839,57.510775176896,
    5.409887574486));
#12553 = CARTESIAN_POINT('',(-33.33337126164,57.510667800054,
    5.409795468542));
#12554 = CARTESIAN_POINT('',(-33.33337050411,57.510560421297,
    5.40970336412));
#12555 = CARTESIAN_POINT('',(-33.33336903426,57.510349503736,
    5.40952245522));
#12556 = CARTESIAN_POINT('',(-33.33336832129,57.510245965067,
    5.409433650635));
#12557 = CARTESIAN_POINT('',(-33.33336761688,57.510142424619,
    5.409344847467));
#12558 = CARTESIAN_POINT('',(-33.33336692104,57.510038882394,
    5.409256045716));
#12559 = CARTESIAN_POINT('',(-33.33336623377,57.509935338392,
    5.409167245383));
#12560 = CARTESIAN_POINT('',(-33.33336482614,57.509720586356,
    5.408983078069));
#12561 = CARTESIAN_POINT('',(-33.3333641071,57.509609378048,
    5.408887711306));
#12562 = CARTESIAN_POINT('',(-33.33336339794,57.509498167694,
    5.408792346179));
#12563 = CARTESIAN_POINT('',(-33.33336269866,57.509386955293,
    5.408696982691));
#12564 = CARTESIAN_POINT('',(-33.33336200927,57.509275740846,
    5.408601620841));
#12565 = CARTESIAN_POINT('',(-33.33336065031,57.509053317784,
    5.408410908926));
#12566 = CARTESIAN_POINT('',(-33.33335998074,57.508942109168,
    5.408315558861));
#12567 = CARTESIAN_POINT('',(-33.33335932106,57.508830898509,
    5.408220210435));
#12568 = CARTESIAN_POINT('',(-33.33335867125,57.508719685808,
    5.408124863651));
#12569 = CARTESIAN_POINT('',(-33.33335803133,57.508608471065,
    5.408029518508));
#12570 = CARTESIAN_POINT('',(-33.33335677132,57.50838604742,
    5.407838840014));
#12571 = CARTESIAN_POINT('',(-33.33335615122,57.508274838518,
    5.407743506661));
#12572 = CARTESIAN_POINT('',(-33.33335554101,57.508163627576,
    5.407648174952));
#12573 = CARTESIAN_POINT('',(-33.33335494068,57.508052414597,
    5.407552844887));
#12574 = CARTESIAN_POINT('',(-33.33335435024,57.50794119958,
    5.407457516466));
#12575 = CARTESIAN_POINT('',(-33.33335318917,57.507718775397,
    5.407266871422));
#12576 = CARTESIAN_POINT('',(-33.33335261854,57.50760756623,
    5.407171554798));
#12577 = CARTESIAN_POINT('',(-33.3333520578,57.507496355028,
    5.40707623982));
#12578 = CARTESIAN_POINT('',(-33.33335150695,57.507385141793,
    5.406980926489));
#12579 = CARTESIAN_POINT('',(-33.33335096598,57.507273926524,
    5.406885614806));
#12580 = CARTESIAN_POINT('',(-33.33334992217,57.507055336418,
    5.406698289361));
#12581 = CARTESIAN_POINT('',(-33.33334941866,57.506947961718,
    5.406606275486));
#12582 = CARTESIAN_POINT('',(-33.33334892436,57.506840585126,
    5.406514263149));
#12583 = CARTESIAN_POINT('',(-33.33334843928,57.506733206641,
    5.406422252351));
#12584 = CARTESIAN_POINT('',(-33.33334796341,57.506625826264,
    5.406330243091));
#12585 = CARTESIAN_POINT('',(-33.33334701349,57.506407236402,
    5.40614295002));
#12586 = CARTESIAN_POINT('',(-33.33334654011,57.50629602678,
    5.406047666319));
#12587 = CARTESIAN_POINT('',(-33.33334607661,57.506184815131,
    5.405952384271));
#12588 = CARTESIAN_POINT('',(-33.33334562299,57.506073601456,
    5.405857103876));
#12589 = CARTESIAN_POINT('',(-33.33334517927,57.505962385756,
    5.405761825135));
#12590 = CARTESIAN_POINT('',(-33.33334431163,57.505739960234,
    5.405571279467));
#12591 = CARTESIAN_POINT('',(-33.33334388771,57.505628750413,
    5.40547601254));
#12592 = CARTESIAN_POINT('',(-33.33334347369,57.505517538569,
    5.405380747268));
#12593 = CARTESIAN_POINT('',(-33.33334306955,57.505406324703,
    5.405285483652));
#12594 = CARTESIAN_POINT('',(-33.33334267529,57.505295108816,
    5.405190221693));
#12595 = CARTESIAN_POINT('',(-33.33334195961,57.505088021371,
    5.405012847269));
#12596 = CARTESIAN_POINT('',(-33.33334163564,57.504992150333,
    5.404930734377));
#12597 = CARTESIAN_POINT('',(-33.33334131901,57.504896277794,
    5.404848622718));
#12598 = CARTESIAN_POINT('',(-33.33334100974,57.504800403755,
    5.404766512292));
#12599 = CARTESIAN_POINT('',(-33.33334070781,57.504704528218,
    5.4046844031));
#12600 = CARTESIAN_POINT('',(-33.33334008333,57.504501277661,
    5.40451034173));
#12601 = CARTESIAN_POINT('',(-33.33333976265,57.504393902262,
    5.404418389867));
#12602 = CARTESIAN_POINT('',(-33.33333945119,57.504286524984,
    5.404326439552));
#12603 = CARTESIAN_POINT('',(-33.33333914894,57.504179145828,
    5.404234490787));
#12604 = CARTESIAN_POINT('',(-33.33333885592,57.504071764795,
    5.404142543571));
#12605 = CARTESIAN_POINT('',(-33.33333828833,57.503857008235,
    5.403958660169));
#12606 = CARTESIAN_POINT('',(-33.33333801377,57.503749632708,
    5.403866723982));
#12607 = CARTESIAN_POINT('',(-33.33333774843,57.503642255306,
    5.403774789347));
#12608 = CARTESIAN_POINT('',(-33.3333374923,57.50353487603,
    5.403682856263));
#12609 = CARTESIAN_POINT('',(-33.3333372454,57.503427494881,
    5.403590924732));
#12610 = CARTESIAN_POINT('',(-33.33333677854,57.503216572715,
    5.403410355499));
#12611 = CARTESIAN_POINT('',(-33.33333655794,57.503113031829,
    5.403321717686));
#12612 = CARTESIAN_POINT('',(-33.33333634591,57.503009489204,
    5.403233081319));
#12613 = CARTESIAN_POINT('',(-33.33333614245,57.502905944839,
    5.403144446398));
#12614 = CARTESIAN_POINT('',(-33.33333594757,57.502802398736,
    5.403055812922));
#12615 = CARTESIAN_POINT('',(-33.33333556117,57.502587642435,
    5.402871991741));
#12616 = CARTESIAN_POINT('',(-33.33333537097,57.50247643197,
    5.402776804256));
#12617 = CARTESIAN_POINT('',(-33.33333519066,57.502365219502,
    5.402681618441));
#12618 = CARTESIAN_POINT('',(-33.33333502025,57.502254005032,
    5.402586434297));
#12619 = CARTESIAN_POINT('',(-33.33333485972,57.50214278856,
    5.402491251824));
#12620 = CARTESIAN_POINT('',(-33.33333456886,57.501928030785,
    5.402307462061));
#12621 = CARTESIAN_POINT('',(-33.3333344372,57.501824489749,
    5.402218854546));
#12622 = CARTESIAN_POINT('',(-33.33333431412,57.50172094698,
    5.402130248482));
#12623 = CARTESIAN_POINT('',(-33.33333419961,57.501617402479,
    5.402041643869));
#12624 = CARTESIAN_POINT('',(-33.33333409368,57.501513856246,
    5.401953040707));
#12625 = CARTESIAN_POINT('',(-33.33333389537,57.501302934306,
    5.401772563528));
#12626 = CARTESIAN_POINT('',(-33.33333380363,57.501195558468,
    5.401680689619));
#12627 = CARTESIAN_POINT('',(-33.33333372112,57.501088180771,
    5.401588817273));
#12628 = CARTESIAN_POINT('',(-33.33333364784,57.500980801214,
    5.40149694649));
#12629 = CARTESIAN_POINT('',(-33.33333358377,57.500873419798,
    5.401405077271));
#12630 = CARTESIAN_POINT('',(-33.33333346373,57.500638370331,
    5.401203989683));
#12631 = CARTESIAN_POINT('',(-33.33333341157,57.50051070151,
    5.401094771961));
#12632 = CARTESIAN_POINT('',(-33.33333337245,57.500383030066,
    5.400985556452));
#12633 = CARTESIAN_POINT('',(-33.33333334637,57.500255355998,
    5.400876343157));
#12634 = CARTESIAN_POINT('',(-33.33333333333,57.500127679309,
    5.400767132078));
#12635 = CARTESIAN_POINT('',(-33.33333333333,57.5,5.400657923215));
#12636 = ORIENTED_EDGE('',*,*,#12637,.F.);
#12637 = EDGE_CURVE('',#1991,#12376,#12638,.T.);
#12638 = LINE('',#12639,#12640);
#12639 = CARTESIAN_POINT('',(-33.33333333333,57.5,0.));
#12640 = VECTOR('',#12641,1.);
#12641 = DIRECTION('',(0.,0.,1.));
#12642 = CYLINDRICAL_SURFACE('',#12643,1.5);
#12643 = AXIS2_PLACEMENT_3D('',#12644,#12645,#12646);
#12644 = CARTESIAN_POINT('',(-34.83333333333,57.5,0.));
#12645 = DIRECTION('',(0.,0.,-1.));
#12646 = DIRECTION('',(-1.,0.,0.));
#12647 = ADVANCED_FACE('',(#12648),#12667,.F.);
#12648 = FACE_BOUND('',#12649,.F.);
#12649 = EDGE_LOOP('',(#12650,#12651,#12659,#12666));
#12650 = ORIENTED_EDGE('',*,*,#2007,.F.);
#12651 = ORIENTED_EDGE('',*,*,#12652,.T.);
#12652 = EDGE_CURVE('',#2000,#12653,#12655,.T.);
#12653 = VERTEX_POINT('',#12654);
#12654 = CARTESIAN_POINT('',(-33.33333333333,47.5,3.));
#12655 = LINE('',#12656,#12657);
#12656 = CARTESIAN_POINT('',(-33.33333333333,47.5,0.));
#12657 = VECTOR('',#12658,1.);
#12658 = DIRECTION('',(0.,0.,1.));
#12659 = ORIENTED_EDGE('',*,*,#12660,.F.);
#12660 = EDGE_CURVE('',#12352,#12653,#12661,.T.);
#12661 = CIRCLE('',#12662,1.5);
#12662 = AXIS2_PLACEMENT_3D('',#12663,#12664,#12665);
#12663 = CARTESIAN_POINT('',(-34.83333333333,47.5,3.));
#12664 = DIRECTION('',(0.,0.,1.));
#12665 = DIRECTION('',(-1.,0.,0.));
#12666 = ORIENTED_EDGE('',*,*,#12359,.F.);
#12667 = CYLINDRICAL_SURFACE('',#12668,1.5);
#12668 = AXIS2_PLACEMENT_3D('',#12669,#12670,#12671);
#12669 = CARTESIAN_POINT('',(-34.83333333333,47.5,0.));
#12670 = DIRECTION('',(0.,0.,-1.));
#12671 = DIRECTION('',(-1.,0.,0.));
#12672 = ADVANCED_FACE('',(#12673),#12693,.T.);
#12673 = FACE_BOUND('',#12674,.F.);
#12674 = EDGE_LOOP('',(#12675,#12676,#12677,#12686,#12692));
#12675 = ORIENTED_EDGE('',*,*,#1999,.F.);
#12676 = ORIENTED_EDGE('',*,*,#12637,.T.);
#12677 = ORIENTED_EDGE('',*,*,#12678,.F.);
#12678 = EDGE_CURVE('',#12679,#12376,#12681,.T.);
#12679 = VERTEX_POINT('',#12680);
#12680 = CARTESIAN_POINT('',(-33.33333333333,51.,3.));
#12681 = CIRCLE('',#12682,10.);
#12682 = AXIS2_PLACEMENT_3D('',#12683,#12684,#12685);
#12683 = CARTESIAN_POINT('',(-33.33333333333,51.,13.));
#12684 = DIRECTION('',(1.,0.,0.));
#12685 = DIRECTION('',(0.,1.,0.));
#12686 = ORIENTED_EDGE('',*,*,#12687,.F.);
#12687 = EDGE_CURVE('',#12653,#12679,#12688,.T.);
#12688 = LINE('',#12689,#12690);
#12689 = CARTESIAN_POINT('',(-33.33333333333,46.374236596195,3.));
#12690 = VECTOR('',#12691,1.);
#12691 = DIRECTION('',(0.,1.,0.));
#12692 = ORIENTED_EDGE('',*,*,#12652,.F.);
#12693 = PLANE('',#12694);
#12694 = AXIS2_PLACEMENT_3D('',#12695,#12696,#12697);
#12695 = CARTESIAN_POINT('',(-33.33333333333,57.5,0.));
#12696 = DIRECTION('',(-1.,-0.,-0.));
#12697 = DIRECTION('',(0.,1.,0.));
#12698 = ADVANCED_FACE('',(#12699),#12733,.F.);
#12699 = FACE_BOUND('',#12700,.T.);
#12700 = EDGE_LOOP('',(#12701,#12702,#12710,#12719,#12727));
#12701 = ORIENTED_EDGE('',*,*,#2016,.F.);
#12702 = ORIENTED_EDGE('',*,*,#12703,.T.);
#12703 = EDGE_CURVE('',#2017,#12704,#12706,.T.);
#12704 = VERTEX_POINT('',#12705);
#12705 = CARTESIAN_POINT('',(-23.91666666666,57.5,5.400657923215));
#12706 = LINE('',#12707,#12708);
#12707 = CARTESIAN_POINT('',(-23.91666666666,57.5,0.));
#12708 = VECTOR('',#12709,1.);
#12709 = DIRECTION('',(0.,0.,1.));
#12710 = ORIENTED_EDGE('',*,*,#12711,.F.);
#12711 = EDGE_CURVE('',#12712,#12704,#12714,.T.);
#12712 = VERTEX_POINT('',#12713);
#12713 = CARTESIAN_POINT('',(-23.91666666666,51.,3.));
#12714 = CIRCLE('',#12715,10.);
#12715 = AXIS2_PLACEMENT_3D('',#12716,#12717,#12718);
#12716 = CARTESIAN_POINT('',(-23.91666666666,51.,13.));
#12717 = DIRECTION('',(1.,0.,0.));
#12718 = DIRECTION('',(0.,1.,0.));
#12719 = ORIENTED_EDGE('',*,*,#12720,.F.);
#12720 = EDGE_CURVE('',#12721,#12712,#12723,.T.);
#12721 = VERTEX_POINT('',#12722);
#12722 = CARTESIAN_POINT('',(-23.91666666666,47.5,3.));
#12723 = LINE('',#12724,#12725);
#12724 = CARTESIAN_POINT('',(-23.91666666666,46.374236596195,3.));
#12725 = VECTOR('',#12726,1.);
#12726 = DIRECTION('',(0.,1.,0.));
#12727 = ORIENTED_EDGE('',*,*,#12728,.F.);
#12728 = EDGE_CURVE('',#2019,#12721,#12729,.T.);
#12729 = LINE('',#12730,#12731);
#12730 = CARTESIAN_POINT('',(-23.91666666666,47.5,0.));
#12731 = VECTOR('',#12732,1.);
#12732 = DIRECTION('',(0.,0.,1.));
#12733 = PLANE('',#12734);
#12734 = AXIS2_PLACEMENT_3D('',#12735,#12736,#12737);
#12735 = CARTESIAN_POINT('',(-23.91666666666,57.5,0.));
#12736 = DIRECTION('',(-1.,-0.,-0.));
#12737 = DIRECTION('',(0.,1.,0.));
#12738 = ADVANCED_FACE('',(#12739),#13016,.F.);
#12739 = FACE_BOUND('',#12740,.F.);
#12740 = EDGE_LOOP('',(#12741,#12742,#12743,#13010));
#12741 = ORIENTED_EDGE('',*,*,#2026,.F.);
#12742 = ORIENTED_EDGE('',*,*,#12703,.T.);
#12743 = ORIENTED_EDGE('',*,*,#12744,.T.);
#12744 = EDGE_CURVE('',#12704,#12745,#12747,.T.);
#12745 = VERTEX_POINT('',#12746);
#12746 = CARTESIAN_POINT('',(-20.91666666666,57.5,5.400657923215));
#12747 = B_SPLINE_CURVE_WITH_KNOTS('',6,(#12748,#12749,#12750,#12751,
    #12752,#12753,#12754,#12755,#12756,#12757,#12758,#12759,#12760,
    #12761,#12762,#12763,#12764,#12765,#12766,#12767,#12768,#12769,
    #12770,#12771,#12772,#12773,#12774,#12775,#12776,#12777,#12778,
    #12779,#12780,#12781,#12782,#12783,#12784,#12785,#12786,#12787,
    #12788,#12789,#12790,#12791,#12792,#12793,#12794,#12795,#12796,
    #12797,#12798,#12799,#12800,#12801,#12802,#12803,#12804,#12805,
    #12806,#12807,#12808,#12809,#12810,#12811,#12812,#12813,#12814,
    #12815,#12816,#12817,#12818,#12819,#12820,#12821,#12822,#12823,
    #12824,#12825,#12826,#12827,#12828,#12829,#12830,#12831,#12832,
    #12833,#12834,#12835,#12836,#12837,#12838,#12839,#12840,#12841,
    #12842,#12843,#12844,#12845,#12846,#12847,#12848,#12849,#12850,
    #12851,#12852,#12853,#12854,#12855,#12856,#12857,#12858,#12859,
    #12860,#12861,#12862,#12863,#12864,#12865,#12866,#12867,#12868,
    #12869,#12870,#12871,#12872,#12873,#12874,#12875,#12876,#12877,
    #12878,#12879,#12880,#12881,#12882,#12883,#12884,#12885,#12886,
    #12887,#12888,#12889,#12890,#12891,#12892,#12893,#12894,#12895,
    #12896,#12897,#12898,#12899,#12900,#12901,#12902,#12903,#12904,
    #12905,#12906,#12907,#12908,#12909,#12910,#12911,#12912,#12913,
    #12914,#12915,#12916,#12917,#12918,#12919,#12920,#12921,#12922,
    #12923,#12924,#12925,#12926,#12927,#12928,#12929,#12930,#12931,
    #12932,#12933,#12934,#12935,#12936,#12937,#12938,#12939,#12940,
    #12941,#12942,#12943,#12944,#12945,#12946,#12947,#12948,#12949,
    #12950,#12951,#12952,#12953,#12954,#12955,#12956,#12957,#12958,
    #12959,#12960,#12961,#12962,#12963,#12964,#12965,#12966,#12967,
    #12968,#12969,#12970,#12971,#12972,#12973,#12974,#12975,#12976,
    #12977,#12978,#12979,#12980,#12981,#12982,#12983,#12984,#12985,
    #12986,#12987,#12988,#12989,#12990,#12991,#12992,#12993,#12994,
    #12995,#12996,#12997,#12998,#12999,#13000,#13001,#13002,#13003,
    #13004,#13005,#13006,#13007,#13008,#13009),.UNSPECIFIED.,.F.,.F.,(7,
    5,5,5,5,5,5,5,5,5,5,5,5,5,5,5,5,5,5,5,5,5,5,5,5,5,5,5,5,5,5,5,5,5,5,
    5,5,5,5,5,5,5,5,5,5,5,5,5,5,5,5,5,7),(0.,5.753599697918E-02,
    0.172058478219,0.281938783422,0.322083571141,0.377005859362,
    0.422425978893,0.448500369596,0.499775882045,0.577062307264,
    0.623104553307,0.679053198741,0.718257427583,0.827816939545,
    0.995084721361,0.995224368931,0.995364004089,0.995503626833,
    0.995643237164,0.995782835078,0.99591279439,0.996047555639,
    0.996177493024,0.996317043408,0.996456581372,0.996572051673,
    0.996663459628,0.996798156367,0.996913601497,0.997053086343,
    0.997182940374,0.997322401225,0.997452232915,0.997567629818,
    0.997707056385,0.997817627238,0.997952224679,0.998086810532,
    0.998216578772,0.99835594747,0.998461667153,0.998576989556,
    0.998716326097,0.998841237941,0.998980550896,0.999115048156,
    0.999254336666,0.999374402985,0.999504064227,0.999633714685,
    0.99977295687,0.999912186615,1.),.UNSPECIFIED.);
#12748 = CARTESIAN_POINT('',(-23.91666666666,57.5,5.400657923215));
#12749 = CARTESIAN_POINT('',(-23.91666666666,57.545963960415,
    5.439972608575));
#12750 = CARTESIAN_POINT('',(-23.9149765271,57.591581783713,
    5.47956897415));
#12751 = CARTESIAN_POINT('',(-23.91164393546,57.636795644654,
    5.519394509529));
#12752 = CARTESIAN_POINT('',(-23.90671599839,57.681551446128,
    5.559395420718));
#12753 = CARTESIAN_POINT('',(-23.90023924163,57.725798819157,
    5.599516630136));
#12754 = CARTESIAN_POINT('',(-23.87637655858,57.856458435482,
    5.719688270739));
#12755 = CARTESIAN_POINT('',(-23.85454407779,57.941200167192,
    5.799904249961));
#12756 = CARTESIAN_POINT('',(-23.82710955517,58.023468267182,
    5.880013305753));
#12757 = CARTESIAN_POINT('',(-23.79435500539,58.103055011815,
    5.959672018214));
#12758 = CARTESIAN_POINT('',(-23.75650537171,58.179766858529,
    6.038506722413));
#12759 = CARTESIAN_POINT('',(-23.67270190882,58.324045085766,
    6.190528972833));
#12760 = CARTESIAN_POINT('',(-23.62713552418,58.391861811275,
    6.263821682497));
#12761 = CARTESIAN_POINT('',(-23.57715377364,58.456732059554,
    6.335659107599));
#12762 = CARTESIAN_POINT('',(-23.52281241112,58.518497477669,
    6.405662357417));
#12763 = CARTESIAN_POINT('',(-23.46413023563,58.576938271226,
    6.473346776265));
#12764 = CARTESIAN_POINT('',(-23.37808893604,58.651780524836,
    6.561738176366));
#12765 = CARTESIAN_POINT('',(-23.35448513108,58.671324821817,
    6.584999052194));
#12766 = CARTESIAN_POINT('',(-23.33030040756,58.690372323871,
    6.607838417712));
#12767 = CARTESIAN_POINT('',(-23.30553449434,58.708906823363,
    6.630223127715));
#12768 = CARTESIAN_POINT('',(-23.28018750921,58.726910171259,
    6.652116874699));
#12769 = CARTESIAN_POINT('',(-23.21878834558,58.768238591896,
    6.702707447606));
#12770 = CARTESIAN_POINT('',(-23.18222236977,58.791088284045,
    6.730948377231));
#12771 = CARTESIAN_POINT('',(-23.14457297092,58.812852572806,
    6.758092478921));
#12772 = CARTESIAN_POINT('',(-23.10585281364,58.833469025196,
    6.784022242404));
#12773 = CARTESIAN_POINT('',(-23.06607628775,58.852871556003,
    6.808613145955));
#12774 = CARTESIAN_POINT('',(-22.99150448715,58.885974532592,
    6.850854060557));
#12775 = CARTESIAN_POINT('',(-22.9570343478,58.900082100484,
    6.868971038876));
#12776 = CARTESIAN_POINT('',(-22.92188121196,58.913263254339,
    6.885996552439));
#12777 = CARTESIAN_POINT('',(-22.88607809437,58.925470571141,
    6.901846049497));
#12778 = CARTESIAN_POINT('',(-22.84965890276,58.936659081988,
    6.91643846547));
#12779 = CARTESIAN_POINT('',(-22.79141752998,58.952600002089,
    6.937307122078));
#12780 = CARTESIAN_POINT('',(-22.76998936746,58.958062788395,
    6.944476745087));
#12781 = CARTESIAN_POINT('',(-22.74838383164,58.963165738894,
    6.951189387341));
#12782 = CARTESIAN_POINT('',(-22.72661229063,58.967900447141,
    6.957430250689));
#12783 = CARTESIAN_POINT('',(-22.70468759931,58.972258992361,
    6.963185443455));
#12784 = CARTESIAN_POINT('',(-22.63923603803,58.984050706901,
    6.97877900542));
#12785 = CARTESIAN_POINT('',(-22.59529158469,58.99038775641,
    6.987192698199));
#12786 = CARTESIAN_POINT('',(-22.55092635853,58.995182440146,
    6.993576481632));
#12787 = CARTESIAN_POINT('',(-22.50627653836,58.998393517248,
    6.997858080782));
#12788 = CARTESIAN_POINT('',(-22.46147820218,59.,7.));
#12789 = CARTESIAN_POINT('',(-22.3491232483,59.,7.));
#12790 = CARTESIAN_POINT('',(-22.2816720403,58.99635005889,
    6.995133965301));
#12791 = CARTESIAN_POINT('',(-22.21472957717,58.98907005705,
    6.985425719232));
#12792 = CARTESIAN_POINT('',(-22.14871666651,58.978259776521,
    6.971059931444));
#12793 = CARTESIAN_POINT('',(-22.08405390817,58.964110764741,
    6.952377166869));
#12794 = CARTESIAN_POINT('',(-21.9836874369,58.936675980789,
    6.916459987899));
#12795 = CARTESIAN_POINT('',(-21.94681330671,58.925345353779,
    6.90168210344));
#12796 = CARTESIAN_POINT('',(-21.91057088953,58.912970416318,
    6.885615770044));
#12797 = CARTESIAN_POINT('',(-21.8749953125,58.899597836451,
    6.868345121313));
#12798 = CARTESIAN_POINT('',(-21.84012076329,58.885276851189,
    6.849957935726));
#12799 = CARTESIAN_POINT('',(-21.76449463299,58.851567482926,
    6.80695660847));
#12800 = CARTESIAN_POINT('',(-21.72408696408,58.831749482796,
    6.781850273102));
#12801 = CARTESIAN_POINT('',(-21.68477403741,58.810678547072,
    6.755364929047));
#12802 = CARTESIAN_POINT('',(-21.6465705636,58.788423951743,
    6.727631222354));
#12803 = CARTESIAN_POINT('',(-21.60948940985,58.765050967834,
    6.698772146606));
#12804 = CARTESIAN_POINT('',(-21.54835231859,58.723502243519,
    6.647973221178));
#12805 = CARTESIAN_POINT('',(-21.52371541912,58.705861811286,
    6.626543994839));
#12806 = CARTESIAN_POINT('',(-21.49963138516,58.687718064796,
    6.604651734903));
#12807 = CARTESIAN_POINT('',(-21.47610032178,58.669087721138,
    6.582329920775));
#12808 = CARTESIAN_POINT('',(-21.45312195548,58.649985714403,
    6.559609140267));
#12809 = CARTESIAN_POINT('',(-21.36802339464,58.575761682409,
    6.471984413521));
#12810 = CARTESIAN_POINT('',(-21.30965121677,58.517507169999,
    6.404540309499));
#12811 = CARTESIAN_POINT('',(-21.25558447363,58.455957730444,
    6.334801987086));
#12812 = CARTESIAN_POINT('',(-21.20584211051,58.391330006652,
    6.263247378195));
#12813 = CARTESIAN_POINT('',(-21.16047952321,58.323780357665,
    6.19025059013));
#12814 = CARTESIAN_POINT('',(-21.05721690658,58.146008855419,
    6.0029359381));
#12815 = CARTESIAN_POINT('',(-21.00522865083,58.031931217748,
    5.8869786154));
#12816 = CARTESIAN_POINT('',(-20.96427604293,57.911877032224,
    5.76964216201));
#12817 = CARTESIAN_POINT('',(-20.93517234661,57.786534713809,
    5.65210960376));
#12818 = CARTESIAN_POINT('',(-20.91893989012,57.656709384178,
    5.535477188467));
#12819 = CARTESIAN_POINT('',(-20.91684935723,57.523410482462,
    5.420744383593));
#12820 = CARTESIAN_POINT('',(-20.91684762321,57.523299285339,
    5.420648677602));
#12821 = CARTESIAN_POINT('',(-20.91684589906,57.523188086086,
    5.420552973185));
#12822 = CARTESIAN_POINT('',(-20.91684418477,57.523076884703,
    5.420457270343));
#12823 = CARTESIAN_POINT('',(-20.91684248035,57.522965681191,
    5.420361569077));
#12824 = CARTESIAN_POINT('',(-20.91683909138,57.522743279796,
    5.420170178204));
#12825 = CARTESIAN_POINT('',(-20.91683740683,57.522632081914,
    5.420074488597));
#12826 = CARTESIAN_POINT('',(-20.91683573214,57.522520881905,
    5.419978800567));
#12827 = CARTESIAN_POINT('',(-20.91683406732,57.52240967977,
    5.419883114115));
#12828 = CARTESIAN_POINT('',(-20.91683241237,57.52229847551,
    5.419787429242));
#12829 = CARTESIAN_POINT('',(-20.91682912233,57.52207607263,
    5.419596071162));
#12830 = CARTESIAN_POINT('',(-20.91682748725,57.52196487401,
    5.419500397954));
#12831 = CARTESIAN_POINT('',(-20.91682586203,57.521853673267,
    5.419404726327));
#12832 = CARTESIAN_POINT('',(-20.91682424668,57.521742470402,
    5.419309056281));
#12833 = CARTESIAN_POINT('',(-20.9168226412,57.521631265417,
    5.419213387817));
#12834 = CARTESIAN_POINT('',(-20.9168194501,57.521408861095,
    5.41902206256));
#12835 = CARTESIAN_POINT('',(-20.91681786448,57.521297661759,
    5.418926405768));
#12836 = CARTESIAN_POINT('',(-20.91681628874,57.521186460304,
    5.418830750558));
#12837 = CARTESIAN_POINT('',(-20.91681472285,57.521075256731,
    5.418735096933));
#12838 = CARTESIAN_POINT('',(-20.91681316684,57.520964051043,
    5.418639444893));
#12839 = CARTESIAN_POINT('',(-20.91681007468,57.520741645323,
    5.418448152491));
#12840 = CARTESIAN_POINT('',(-20.91680853853,57.520630445293,
    5.418352512129));
#12841 = CARTESIAN_POINT('',(-20.91680701225,57.520519243148,
    5.418256873353));
#12842 = CARTESIAN_POINT('',(-20.91680549584,57.52040803889,
    5.418161236165));
#12843 = CARTESIAN_POINT('',(-20.91680398929,57.52029683252,
    5.418065600564));
#12844 = CARTESIAN_POINT('',(-20.91680109928,57.520082093997,
    5.417880935637));
#12845 = CARTESIAN_POINT('',(-20.91679971449,57.519978562127,
    5.417791906098));
#12846 = CARTESIAN_POINT('',(-20.91679833826,57.519875028428,
    5.417702877937));
#12847 = CARTESIAN_POINT('',(-20.91679697058,57.5197714929,
    5.417613851154));
#12848 = CARTESIAN_POINT('',(-20.91679561146,57.519667955544,
    5.417524825751));
#12849 = CARTESIAN_POINT('',(-20.91679286041,57.519457051451,
    5.417343488306));
#12850 = CARTESIAN_POINT('',(-20.91679146914,57.519349684576,
    5.417251176368));
#12851 = CARTESIAN_POINT('',(-20.91679008706,57.519242315738,
    5.417158865914));
#12852 = CARTESIAN_POINT('',(-20.91678871418,57.519134944937,
    5.417066556946));
#12853 = CARTESIAN_POINT('',(-20.91678735051,57.519027572173,
    5.416974249464));
#12854 = CARTESIAN_POINT('',(-20.91678469004,57.518816666271,
    5.416792941625));
#12855 = CARTESIAN_POINT('',(-20.9167833926,57.51871313327,
    5.416703941164));
#12856 = CARTESIAN_POINT('',(-20.91678210372,57.518609598447,
    5.416614942086));
#12857 = CARTESIAN_POINT('',(-20.9167808234,57.518506061801,
    5.416525944392));
#12858 = CARTESIAN_POINT('',(-20.91677955162,57.518402523335,
    5.416436948081));
#12859 = CARTESIAN_POINT('',(-20.91677693174,57.518187782664,
    5.416252374227));
#12860 = CARTESIAN_POINT('',(-20.91677558494,57.518076580182,
    5.416156796895));
#12861 = CARTESIAN_POINT('',(-20.91677424801,57.5179653756,
    5.416061221161));
#12862 = CARTESIAN_POINT('',(-20.91677292094,57.517854168921,
    5.415965647026));
#12863 = CARTESIAN_POINT('',(-20.91677160375,57.517742960144,
    5.415870074492));
#12864 = CARTESIAN_POINT('',(-20.91676898923,57.517520548297,
    5.41567894113));
#12865 = CARTESIAN_POINT('',(-20.9167676919,57.517409345227,
    5.415583380302));
#12866 = CARTESIAN_POINT('',(-20.91676640444,57.517298140061,
    5.415487821076));
#12867 = CARTESIAN_POINT('',(-20.91676512685,57.517186932802,
    5.415392263452));
#12868 = CARTESIAN_POINT('',(-20.91676385913,57.51707572345,
    5.415296707431));
#12869 = CARTESIAN_POINT('',(-20.91676156039,57.516872482436,
    5.415122079928));
#12870 = CARTESIAN_POINT('',(-20.91676052626,57.516780451433,
    5.415043007941));
#12871 = CARTESIAN_POINT('',(-20.91675949889,57.516688418997,
    5.414963937053));
#12872 = CARTESIAN_POINT('',(-20.91675847829,57.516596385131,
    5.414884867264));
#12873 = CARTESIAN_POINT('',(-20.91675746444,57.516504349833,
    5.414805798575));
#12874 = CARTESIAN_POINT('',(-20.91675566013,57.516339455504,
    5.414664139943));
#12875 = CARTESIAN_POINT('',(-20.91675486715,57.516266597007,
    5.414601549589));
#12876 = CARTESIAN_POINT('',(-20.9167540784,57.516193737613,
    5.414538959925));
#12877 = CARTESIAN_POINT('',(-20.91675329389,57.516120877324,
    5.414476370951));
#12878 = CARTESIAN_POINT('',(-20.91675251362,57.516048016139,
    5.414413782667));
#12879 = CARTESIAN_POINT('',(-20.91675059405,57.515867786109,
    5.41425896738));
#12880 = CARTESIAN_POINT('',(-20.9167494597,57.515760416215,
    5.414166741186));
#12881 = CARTESIAN_POINT('',(-20.91674833457,57.515653044378,
    5.414074516491));
#12882 = CARTESIAN_POINT('',(-20.91674721863,57.515545670598,
    5.413982293297));
#12883 = CARTESIAN_POINT('',(-20.91674611191,57.515438294876,
    5.413890071605));
#12884 = CARTESIAN_POINT('',(-20.91674407372,57.515238886565,
    5.413718811848));
#12885 = CARTESIAN_POINT('',(-20.91674313983,57.515146854491,
    5.413639773385));
#12886 = CARTESIAN_POINT('',(-20.91674221269,57.515054820992,
    5.413560736026));
#12887 = CARTESIAN_POINT('',(-20.91674129232,57.514962786068,
    5.413481699772));
#12888 = CARTESIAN_POINT('',(-20.91674037872,57.514870749719,
    5.413402664622));
#12889 = CARTESIAN_POINT('',(-20.91673837619,57.514667508691,
    5.41322813888));
#12890 = CARTESIAN_POINT('',(-20.91673729038,57.514556303356,
    5.413132648795));
#12891 = CARTESIAN_POINT('',(-20.91673621445,57.514445095944,
    5.413037160325));
#12892 = CARTESIAN_POINT('',(-20.9167351484,57.514333886455,
    5.412941673471));
#12893 = CARTESIAN_POINT('',(-20.91673409221,57.514222674891,
    5.412846188232));
#12894 = CARTESIAN_POINT('',(-20.91673207185,57.514007926425,
    5.412661813713));
#12895 = CARTESIAN_POINT('',(-20.91673110635,57.5139043898,
    5.412572924216));
#12896 = CARTESIAN_POINT('',(-20.91673014941,57.513800851377,
    5.412484036121));
#12897 = CARTESIAN_POINT('',(-20.91672920103,57.513697311158,
    5.412395149429));
#12898 = CARTESIAN_POINT('',(-20.91672826121,57.513593769143,
    5.41230626414));
#12899 = CARTESIAN_POINT('',(-20.9167263298,57.513379021178,
    5.412121920592));
#12900 = CARTESIAN_POINT('',(-20.91672533952,57.513267814953,
    5.412026462548));
#12901 = CARTESIAN_POINT('',(-20.91672435912,57.513156606657,
    5.411931006124));
#12902 = CARTESIAN_POINT('',(-20.91672338859,57.513045396294,
    5.411835551322));
#12903 = CARTESIAN_POINT('',(-20.91672242795,57.512934183862,
    5.411740098141));
#12904 = CARTESIAN_POINT('',(-20.91672059206,57.512719433739,
    5.411555785538));
#12905 = CARTESIAN_POINT('',(-20.9167197155,57.512615896324,
    5.411466925898));
#12906 = CARTESIAN_POINT('',(-20.9167188475,57.512512357118,
    5.411378067666));
#12907 = CARTESIAN_POINT('',(-20.91671798806,57.512408816122,
    5.411289210842));
#12908 = CARTESIAN_POINT('',(-20.91671713719,57.512305273337,
    5.411200355426));
#12909 = CARTESIAN_POINT('',(-20.91671554622,57.512109696356,
    5.41103252627));
#12910 = CARTESIAN_POINT('',(-20.91671480432,57.512017662536,
    5.410953552234));
#12911 = CARTESIAN_POINT('',(-20.91671406919,57.511925627303,
    5.410874579311));
#12912 = CARTESIAN_POINT('',(-20.91671334083,57.511833590658,
    5.410795607502));
#12913 = CARTESIAN_POINT('',(-20.91671261923,57.511741552603,
    5.410716636809));
#12914 = CARTESIAN_POINT('',(-20.91671104071,57.51153830784,
    5.410542253428));
#12915 = CARTESIAN_POINT('',(-20.91671018691,57.511427100484,
    5.410446841254));
#12916 = CARTESIAN_POINT('',(-20.91670934298,57.51131589107,
    5.410351430709));
#12917 = CARTESIAN_POINT('',(-20.91670850893,57.511204679599,
    5.410256021793));
#12918 = CARTESIAN_POINT('',(-20.91670768476,57.511093466071,
    5.410160614508));
#12919 = CARTESIAN_POINT('',(-20.91670622471,57.510894052075,
    5.409989548349));
#12920 = CARTESIAN_POINT('',(-20.91670558517,57.510805852369,
    5.40991388887));
#12921 = CARTESIAN_POINT('',(-20.91670495183,57.510717651371,
    5.409838230417));
#12922 = CARTESIAN_POINT('',(-20.91670432471,57.510629449081,
    5.409762572991));
#12923 = CARTESIAN_POINT('',(-20.91670370381,57.5105412455,
    5.409686916592));
#12924 = CARTESIAN_POINT('',(-20.91670234087,57.510345669202,
    5.409519166251));
#12925 = CARTESIAN_POINT('',(-20.91670160182,57.510238295863,
    5.409427072803));
#12926 = CARTESIAN_POINT('',(-20.91670087198,57.510130920612,
    5.409334980879));
#12927 = CARTESIAN_POINT('',(-20.91670015136,57.51002354345,
    5.409242890479));
#12928 = CARTESIAN_POINT('',(-20.91669943995,57.509916164378,
    5.409150801605));
#12929 = CARTESIAN_POINT('',(-20.91669803561,57.50970141166,
    5.408966634835));
#12930 = CARTESIAN_POINT('',(-20.91669734268,57.509594038014,
    5.40887455694));
#12931 = CARTESIAN_POINT('',(-20.91669665897,57.50948666246,
    5.408782480572));
#12932 = CARTESIAN_POINT('',(-20.91669598446,57.509379284998,
    5.40869040573));
#12933 = CARTESIAN_POINT('',(-20.91669531917,57.50927190563,
    5.408598332417));
#12934 = CARTESIAN_POINT('',(-20.9166940305,57.509060986884,
    5.408417484633));
#12935 = CARTESIAN_POINT('',(-20.91669340647,57.508957447641,
    5.408328710056));
#12936 = CARTESIAN_POINT('',(-20.91669279101,57.508853906626,
    5.4082399369));
#12937 = CARTESIAN_POINT('',(-20.91669218412,57.508750363841,
    5.408151165167));
#12938 = CARTESIAN_POINT('',(-20.91669158579,57.508646819287,
    5.408062394857));
#12939 = CARTESIAN_POINT('',(-20.91669036264,57.50843206612,
    5.407878289822));
#12940 = CARTESIAN_POINT('',(-20.91668973913,57.508320857237,
    5.407782955317));
#12941 = CARTESIAN_POINT('',(-20.91668912551,57.508209646315,
    5.407687622454));
#12942 = CARTESIAN_POINT('',(-20.91668852177,57.508098433354,
    5.407592291235));
#12943 = CARTESIAN_POINT('',(-20.91668792791,57.507987218355,
    5.407496961661));
#12944 = CARTESIAN_POINT('',(-20.91668690096,57.507791636395,
    5.407329321667));
#12945 = CARTESIAN_POINT('',(-20.91668646367,57.507707270298,
    5.407257010549));
#12946 = CARTESIAN_POINT('',(-20.91668603207,57.50762290303,
    5.407184700377));
#12947 = CARTESIAN_POINT('',(-20.91668560615,57.50753853459,
    5.407112391153));
#12948 = CARTESIAN_POINT('',(-20.91668518593,57.50745416498,
    5.407040082877));
#12949 = CARTESIAN_POINT('',(-20.91668431921,57.507277759861,
    5.406888900411));
#12950 = CARTESIAN_POINT('',(-20.91668387379,57.507185724131,
    5.4068100264));
#12951 = CARTESIAN_POINT('',(-20.91668343514,57.507093687008,
    5.406731153519));
#12952 = CARTESIAN_POINT('',(-20.91668300326,57.507001648494,
    5.406652281767));
#12953 = CARTESIAN_POINT('',(-20.91668257815,57.50690960859,
    5.406573411145));
#12954 = CARTESIAN_POINT('',(-20.91668165437,57.506706359798,
    5.406399248788));
#12955 = CARTESIAN_POINT('',(-20.9166811588,57.506595150272,
    5.406303957573));
#12956 = CARTESIAN_POINT('',(-20.91668067313,57.506483938718,
    5.40620866801));
#12957 = CARTESIAN_POINT('',(-20.91668019733,57.506372725136,
    5.406113380098));
#12958 = CARTESIAN_POINT('',(-20.91667973143,57.506261509526,
    5.406018093839));
#12959 = CARTESIAN_POINT('',(-20.9166788666,57.506050587967,
    5.405837388886));
#12960 = CARTESIAN_POINT('',(-20.91667846574,57.505950882416,
    5.405751969867));
#12961 = CARTESIAN_POINT('',(-20.91667807282,57.505851175236,
    5.405666552178));
#12962 = CARTESIAN_POINT('',(-20.91667768786,57.50575146643,
    5.405581135819));
#12963 = CARTESIAN_POINT('',(-20.91667731083,57.505651755997,
    5.405495720791));
#12964 = CARTESIAN_POINT('',(-20.91667653014,57.505440836058,
    5.405315046034));
#12965 = CARTESIAN_POINT('',(-20.9166761284,57.505329626154,
    5.405219786631));
#12966 = CARTESIAN_POINT('',(-20.91667573655,57.50521841423,
    5.405124528884));
#12967 = CARTESIAN_POINT('',(-20.91667535459,57.505107200286,
    5.405029272795));
#12968 = CARTESIAN_POINT('',(-20.91667498252,57.504995984322,
    5.404934018364));
#12969 = CARTESIAN_POINT('',(-20.91667427067,57.504777392883,
    5.404746805469));
#12970 = CARTESIAN_POINT('',(-20.91667393022,57.504670017544,
    5.404654846892));
#12971 = CARTESIAN_POINT('',(-20.91667359899,57.504562640325,
    5.404562889862));
#12972 = CARTESIAN_POINT('',(-20.91667327698,57.504455261226,
    5.40447093438));
#12973 = CARTESIAN_POINT('',(-20.91667296419,57.504347880249,
    5.404378980447));
#12974 = CARTESIAN_POINT('',(-20.91667234623,57.504129289197,
    5.404191800023));
#12975 = CARTESIAN_POINT('',(-20.91667204173,57.504018078986,
    5.404096573644));
#12976 = CARTESIAN_POINT('',(-20.91667174712,57.503906866762,
    5.404001348929));
#12977 = CARTESIAN_POINT('',(-20.9166714624,57.503795652525,
    5.403906125877));
#12978 = CARTESIAN_POINT('',(-20.91667118757,57.503684436278,
    5.40381090449));
#12979 = CARTESIAN_POINT('',(-20.91667069425,57.503477348184,
    5.403633605625));
#12980 = CARTESIAN_POINT('',(-20.91667047323,57.503381476854,
    5.40355152772));
#12981 = CARTESIAN_POINT('',(-20.91667025955,57.503285604031,
    5.403469451053));
#12982 = CARTESIAN_POINT('',(-20.91667005322,57.503189729715,
    5.403387375625));
#12983 = CARTESIAN_POINT('',(-20.91666985425,57.503093853908,
    5.403305301436));
#12984 = CARTESIAN_POINT('',(-20.91666945568,57.502894437418,
    5.403134596797));
#12985 = CARTESIAN_POINT('',(-20.91666925731,57.502790896487,
    5.403045966555));
#12986 = CARTESIAN_POINT('',(-20.91666906752,57.502687353819,
    5.402957337758));
#12987 = CARTESIAN_POINT('',(-20.9166688863,57.502583809413,
    5.402868710409));
#12988 = CARTESIAN_POINT('',(-20.91666871366,57.50248026327,
    5.402780084507));
#12989 = CARTESIAN_POINT('',(-20.91666838553,57.502273176124,
    5.402602842971));
#12990 = CARTESIAN_POINT('',(-20.91666823005,57.502169635121,
    5.402514227336));
#12991 = CARTESIAN_POINT('',(-20.91666808314,57.502066092382,
    5.40242561315));
#12992 = CARTESIAN_POINT('',(-20.91666794481,57.50196254791,
    5.402337000413));
#12993 = CARTESIAN_POINT('',(-20.91666781505,57.501859001704,
    5.402248389127));
#12994 = CARTESIAN_POINT('',(-20.91666756372,57.501644245203,
    5.402064613973));
#12995 = CARTESIAN_POINT('',(-20.91666744346,57.501533034641,
    5.401969450328));
#12996 = CARTESIAN_POINT('',(-20.9166673331,57.501421822082,
    5.401874288358));
#12997 = CARTESIAN_POINT('',(-20.91666723263,57.501310607526,
    5.401779128063));
#12998 = CARTESIAN_POINT('',(-20.91666714205,57.501199390975,
    5.401683969443));
#12999 = CARTESIAN_POINT('',(-20.91666698069,57.500976963819,
    5.401493664061));
#13000 = CARTESIAN_POINT('',(-20.91666690991,57.500865753216,
    5.401398517297));
#13001 = CARTESIAN_POINT('',(-20.91666684902,57.500754540618,
    5.40130337221));
#13002 = CARTESIAN_POINT('',(-20.91666679802,57.500643326029,
    5.401208228802));
#13003 = CARTESIAN_POINT('',(-20.91666675692,57.500532109448,
    5.401113087072));
#13004 = CARTESIAN_POINT('',(-20.91666670603,57.500350744375,
    5.400957941384));
#13005 = CARTESIAN_POINT('',(-20.91666669028,57.500280597083,
    5.400897936413));
#13006 = CARTESIAN_POINT('',(-20.91666667847,57.500210448999,
    5.40083793211));
#13007 = CARTESIAN_POINT('',(-20.9166666706,57.500140300124,
    5.400777928476));
#13008 = CARTESIAN_POINT('',(-20.91666666666,57.500070150457,
    5.400717925511));
#13009 = CARTESIAN_POINT('',(-20.91666666666,57.5,5.400657923215));
#13010 = ORIENTED_EDGE('',*,*,#13011,.F.);
#13011 = EDGE_CURVE('',#2027,#12745,#13012,.T.);
#13012 = LINE('',#13013,#13014);
#13013 = CARTESIAN_POINT('',(-20.91666666666,57.5,0.));
#13014 = VECTOR('',#13015,1.);
#13015 = DIRECTION('',(0.,0.,1.));
#13016 = CYLINDRICAL_SURFACE('',#13017,1.5);
#13017 = AXIS2_PLACEMENT_3D('',#13018,#13019,#13020);
#13018 = CARTESIAN_POINT('',(-22.41666666666,57.5,0.));
#13019 = DIRECTION('',(0.,0.,-1.));
#13020 = DIRECTION('',(-1.,0.,0.));
#13021 = ADVANCED_FACE('',(#13022),#13041,.F.);
#13022 = FACE_BOUND('',#13023,.F.);
#13023 = EDGE_LOOP('',(#13024,#13025,#13033,#13040));
#13024 = ORIENTED_EDGE('',*,*,#2043,.F.);
#13025 = ORIENTED_EDGE('',*,*,#13026,.T.);
#13026 = EDGE_CURVE('',#2036,#13027,#13029,.T.);
#13027 = VERTEX_POINT('',#13028);
#13028 = CARTESIAN_POINT('',(-20.91666666666,47.5,3.));
#13029 = LINE('',#13030,#13031);
#13030 = CARTESIAN_POINT('',(-20.91666666666,47.5,0.));
#13031 = VECTOR('',#13032,1.);
#13032 = DIRECTION('',(0.,0.,1.));
#13033 = ORIENTED_EDGE('',*,*,#13034,.F.);
#13034 = EDGE_CURVE('',#12721,#13027,#13035,.T.);
#13035 = CIRCLE('',#13036,1.5);
#13036 = AXIS2_PLACEMENT_3D('',#13037,#13038,#13039);
#13037 = CARTESIAN_POINT('',(-22.41666666666,47.5,3.));
#13038 = DIRECTION('',(0.,0.,1.));
#13039 = DIRECTION('',(-1.,0.,0.));
#13040 = ORIENTED_EDGE('',*,*,#12728,.F.);
#13041 = CYLINDRICAL_SURFACE('',#13042,1.5);
#13042 = AXIS2_PLACEMENT_3D('',#13043,#13044,#13045);
#13043 = CARTESIAN_POINT('',(-22.41666666666,47.5,0.));
#13044 = DIRECTION('',(0.,0.,-1.));
#13045 = DIRECTION('',(-1.,0.,0.));
#13046 = ADVANCED_FACE('',(#13047),#13067,.T.);
#13047 = FACE_BOUND('',#13048,.F.);
#13048 = EDGE_LOOP('',(#13049,#13050,#13051,#13060,#13066));
#13049 = ORIENTED_EDGE('',*,*,#2035,.F.);
#13050 = ORIENTED_EDGE('',*,*,#13011,.T.);
#13051 = ORIENTED_EDGE('',*,*,#13052,.F.);
#13052 = EDGE_CURVE('',#13053,#12745,#13055,.T.);
#13053 = VERTEX_POINT('',#13054);
#13054 = CARTESIAN_POINT('',(-20.91666666666,51.,3.));
#13055 = CIRCLE('',#13056,10.);
#13056 = AXIS2_PLACEMENT_3D('',#13057,#13058,#13059);
#13057 = CARTESIAN_POINT('',(-20.91666666666,51.,13.));
#13058 = DIRECTION('',(1.,0.,0.));
#13059 = DIRECTION('',(0.,1.,0.));
#13060 = ORIENTED_EDGE('',*,*,#13061,.F.);
#13061 = EDGE_CURVE('',#13027,#13053,#13062,.T.);
#13062 = LINE('',#13063,#13064);
#13063 = CARTESIAN_POINT('',(-20.91666666666,46.374236596195,3.));
#13064 = VECTOR('',#13065,1.);
#13065 = DIRECTION('',(0.,1.,0.));
#13066 = ORIENTED_EDGE('',*,*,#13026,.F.);
#13067 = PLANE('',#13068);
#13068 = AXIS2_PLACEMENT_3D('',#13069,#13070,#13071);
#13069 = CARTESIAN_POINT('',(-20.91666666666,57.5,0.));
#13070 = DIRECTION('',(-1.,-0.,-0.));
#13071 = DIRECTION('',(0.,1.,0.));
#13072 = ADVANCED_FACE('',(#13073),#13107,.F.);
#13073 = FACE_BOUND('',#13074,.T.);
#13074 = EDGE_LOOP('',(#13075,#13076,#13084,#13093,#13101));
#13075 = ORIENTED_EDGE('',*,*,#2052,.F.);
#13076 = ORIENTED_EDGE('',*,*,#13077,.T.);
#13077 = EDGE_CURVE('',#2053,#13078,#13080,.T.);
#13078 = VERTEX_POINT('',#13079);
#13079 = CARTESIAN_POINT('',(-11.5,57.5,5.400657923215));
#13080 = LINE('',#13081,#13082);
#13081 = CARTESIAN_POINT('',(-11.5,57.5,0.));
#13082 = VECTOR('',#13083,1.);
#13083 = DIRECTION('',(0.,0.,1.));
#13084 = ORIENTED_EDGE('',*,*,#13085,.F.);
#13085 = EDGE_CURVE('',#13086,#13078,#13088,.T.);
#13086 = VERTEX_POINT('',#13087);
#13087 = CARTESIAN_POINT('',(-11.5,51.,3.));
#13088 = CIRCLE('',#13089,10.);
#13089 = AXIS2_PLACEMENT_3D('',#13090,#13091,#13092);
#13090 = CARTESIAN_POINT('',(-11.5,51.,13.));
#13091 = DIRECTION('',(1.,0.,0.));
#13092 = DIRECTION('',(0.,1.,0.));
#13093 = ORIENTED_EDGE('',*,*,#13094,.F.);
#13094 = EDGE_CURVE('',#13095,#13086,#13097,.T.);
#13095 = VERTEX_POINT('',#13096);
#13096 = CARTESIAN_POINT('',(-11.5,47.5,3.));
#13097 = LINE('',#13098,#13099);
#13098 = CARTESIAN_POINT('',(-11.5,46.374236596195,3.));
#13099 = VECTOR('',#13100,1.);
#13100 = DIRECTION('',(0.,1.,0.));
#13101 = ORIENTED_EDGE('',*,*,#13102,.F.);
#13102 = EDGE_CURVE('',#2055,#13095,#13103,.T.);
#13103 = LINE('',#13104,#13105);
#13104 = CARTESIAN_POINT('',(-11.5,47.5,0.));
#13105 = VECTOR('',#13106,1.);
#13106 = DIRECTION('',(0.,0.,1.));
#13107 = PLANE('',#13108);
#13108 = AXIS2_PLACEMENT_3D('',#13109,#13110,#13111);
#13109 = CARTESIAN_POINT('',(-11.5,57.5,0.));
#13110 = DIRECTION('',(-1.,-0.,-0.));
#13111 = DIRECTION('',(0.,1.,0.));
#13112 = ADVANCED_FACE('',(#13113),#13325,.F.);
#13113 = FACE_BOUND('',#13114,.F.);
#13114 = EDGE_LOOP('',(#13115,#13116,#13117,#13319));
#13115 = ORIENTED_EDGE('',*,*,#2062,.F.);
#13116 = ORIENTED_EDGE('',*,*,#13077,.T.);
#13117 = ORIENTED_EDGE('',*,*,#13118,.T.);
#13118 = EDGE_CURVE('',#13078,#13119,#13121,.T.);
#13119 = VERTEX_POINT('',#13120);
#13120 = CARTESIAN_POINT('',(-8.5,57.5,5.400657923215));
#13121 = B_SPLINE_CURVE_WITH_KNOTS('',6,(#13122,#13123,#13124,#13125,
    #13126,#13127,#13128,#13129,#13130,#13131,#13132,#13133,#13134,
    #13135,#13136,#13137,#13138,#13139,#13140,#13141,#13142,#13143,
    #13144,#13145,#13146,#13147,#13148,#13149,#13150,#13151,#13152,
    #13153,#13154,#13155,#13156,#13157,#13158,#13159,#13160,#13161,
    #13162,#13163,#13164,#13165,#13166,#13167,#13168,#13169,#13170,
    #13171,#13172,#13173,#13174,#13175,#13176,#13177,#13178,#13179,
    #13180,#13181,#13182,#13183,#13184,#13185,#13186,#13187,#13188,
    #13189,#13190,#13191,#13192,#13193,#13194,#13195,#13196,#13197,
    #13198,#13199,#13200,#13201,#13202,#13203,#13204,#13205,#13206,
    #13207,#13208,#13209,#13210,#13211,#13212,#13213,#13214,#13215,
    #13216,#13217,#13218,#13219,#13220,#13221,#13222,#13223,#13224,
    #13225,#13226,#13227,#13228,#13229,#13230,#13231,#13232,#13233,
    #13234,#13235,#13236,#13237,#13238,#13239,#13240,#13241,#13242,
    #13243,#13244,#13245,#13246,#13247,#13248,#13249,#13250,#13251,
    #13252,#13253,#13254,#13255,#13256,#13257,#13258,#13259,#13260,
    #13261,#13262,#13263,#13264,#13265,#13266,#13267,#13268,#13269,
    #13270,#13271,#13272,#13273,#13274,#13275,#13276,#13277,#13278,
    #13279,#13280,#13281,#13282,#13283,#13284,#13285,#13286,#13287,
    #13288,#13289,#13290,#13291,#13292,#13293,#13294,#13295,#13296,
    #13297,#13298,#13299,#13300,#13301,#13302,#13303,#13304,#13305,
    #13306,#13307,#13308,#13309,#13310,#13311,#13312,#13313,#13314,
    #13315,#13316,#13317,#13318),.UNSPECIFIED.,.F.,.F.,(7,5,5,5,5,5,5,5,
    5,5,5,5,5,5,5,5,5,5,5,5,5,5,5,5,5,5,5,5,5,5,5,5,5,5,5,5,5,5,5,7),(0.
    ,5.753601342728E-02,0.172058529198,0.281938869826,0.322083668062,
    0.377005982863,0.422426134473,0.448500543591,0.499776092253,
    0.577062572056,0.623104850617,0.67905354815,0.718257822776,
    0.827817462687,0.995402574299,0.995494049386,0.99573956143,
    0.995831016884,0.995970596511,0.996293026094,0.996408507132,
    0.996543224258,0.996653876091,0.996735657206,0.996870346208,
    0.997163735716,0.997375326805,0.997644583178,0.997764771953,
    0.997899372414,0.998038767819,0.998110864012,0.998519346279,
    0.998629858413,0.999100648531,0.999326385237,0.9994848617,
    0.999624115597,0.999787362945,1.),.UNSPECIFIED.);
#13122 = CARTESIAN_POINT('',(-11.5,57.5,5.400657923215));
#13123 = CARTESIAN_POINT('',(-11.5,57.545963959338,5.439972607654));
#13124 = CARTESIAN_POINT('',(-11.49830986033,57.591581783971,
    5.479568974406));
#13125 = CARTESIAN_POINT('',(-11.4949772687,57.636795645704,
    5.51939451046));
#13126 = CARTESIAN_POINT('',(-11.49004933177,57.681551446432,
    5.55939542096));
#13127 = CARTESIAN_POINT('',(-11.48357257515,57.725798818137,
    5.599516629198));
#13128 = CARTESIAN_POINT('',(-11.45970989129,57.856458438873,
    5.719688273858));
#13129 = CARTESIAN_POINT('',(-11.43787741284,57.941200162106,
    5.799904245014));
#13130 = CARTESIAN_POINT('',(-11.41044288802,58.023468266935,
    5.880013305704));
#13131 = CARTESIAN_POINT('',(-11.37768833678,58.103055016784,
    5.959672023137));
#13132 = CARTESIAN_POINT('',(-11.33983870671,58.179766855669,
    6.0385067194));
#13133 = CARTESIAN_POINT('',(-11.25603523971,58.324045089983,
    6.190528977277));
#13134 = CARTESIAN_POINT('',(-11.21046886239,58.391861805126,
    6.263821675715));
#13135 = CARTESIAN_POINT('',(-11.16048710635,58.456732059132,
    6.33565910735));
#13136 = CARTESIAN_POINT('',(-11.10614573928,58.518497483619,
    6.40566236408));
#13137 = CARTESIAN_POINT('',(-11.04746357277,58.576938267915,
    6.473346772355));
#13138 = CARTESIAN_POINT('',(-10.96142226937,58.651780524836,
    6.561738176366));
#13139 = CARTESIAN_POINT('',(-10.93781846441,58.671324821817,
    6.584999052194));
#13140 = CARTESIAN_POINT('',(-10.9136337409,58.690372323871,
    6.607838417712));
#13141 = CARTESIAN_POINT('',(-10.88886782768,58.708906823363,
    6.630223127715));
#13142 = CARTESIAN_POINT('',(-10.86352084255,58.726910171259,
    6.652116874699));
#13143 = CARTESIAN_POINT('',(-10.80212167104,58.768238597196,
    6.702707454094));
#13144 = CARTESIAN_POINT('',(-10.76555570584,58.791088283314,
    6.730948376223));
#13145 = CARTESIAN_POINT('',(-10.72790631272,58.812852568148,
    6.75809247311));
#13146 = CARTESIAN_POINT('',(-10.68918614874,58.833469023447,
    6.784022240316));
#13147 = CARTESIAN_POINT('',(-10.64940961201,58.852871560031,
    6.808613151095));
#13148 = CARTESIAN_POINT('',(-10.57483782048,58.885974532592,
    6.850854060557));
#13149 = CARTESIAN_POINT('',(-10.54036768113,58.900082100484,
    6.868971038876));
#13150 = CARTESIAN_POINT('',(-10.5052145453,58.913263254339,
    6.885996552439));
#13151 = CARTESIAN_POINT('',(-10.4694114277,58.925470571141,
    6.901846049497));
#13152 = CARTESIAN_POINT('',(-10.43299223609,58.936659081988,
    6.91643846547));
#13153 = CARTESIAN_POINT('',(-10.37475086331,58.952600002089,
    6.937307122078));
#13154 = CARTESIAN_POINT('',(-10.35332270079,58.958062788395,
    6.944476745087));
#13155 = CARTESIAN_POINT('',(-10.33171716497,58.963165738894,
    6.951189387341));
#13156 = CARTESIAN_POINT('',(-10.30994562396,58.967900447141,
    6.957430250689));
#13157 = CARTESIAN_POINT('',(-10.28802093265,58.972258992361,
    6.963185443455));
#13158 = CARTESIAN_POINT('',(-10.22256937136,58.984050706901,
    6.97877900542));
#13159 = CARTESIAN_POINT('',(-10.17862491802,58.99038775641,
    6.987192698199));
#13160 = CARTESIAN_POINT('',(-10.13425969186,58.995182440146,
    6.993576481632));
#13161 = CARTESIAN_POINT('',(-10.0896098717,58.998393517248,
    6.997858080782));
#13162 = CARTESIAN_POINT('',(-10.04481153551,59.,7.));
#13163 = CARTESIAN_POINT('',(-9.932456581642,59.,7.));
#13164 = CARTESIAN_POINT('',(-9.865005373635,58.99635005889,
    6.995133965301));
#13165 = CARTESIAN_POINT('',(-9.798062910509,58.98907005705,
    6.985425719232));
#13166 = CARTESIAN_POINT('',(-9.732049999846,58.978259776521,
    6.971059931444));
#13167 = CARTESIAN_POINT('',(-9.667387241512,58.964110764741,
    6.952377166869));
#13168 = CARTESIAN_POINT('',(-9.56702077024,58.936675980789,
    6.916459987899));
#13169 = CARTESIAN_POINT('',(-9.530146640044,58.925345353779,
    6.90168210344));
#13170 = CARTESIAN_POINT('',(-9.49390422287,58.912970416318,
    6.885615770044));
#13171 = CARTESIAN_POINT('',(-9.458328645842,58.899597836451,
    6.868345121313));
#13172 = CARTESIAN_POINT('',(-9.423454096627,58.885276851189,
    6.849957935726));
#13173 = CARTESIAN_POINT('',(-9.347827957001,58.851567478766,
    6.806956603164));
#13174 = CARTESIAN_POINT('',(-9.307420299383,58.831749484713,
    6.78185027539));
#13175 = CARTESIAN_POINT('',(-9.26810737954,58.810678551957,
    6.755364935134));
#13176 = CARTESIAN_POINT('',(-9.229903899565,58.788423952362,
    6.727631223231));
#13177 = CARTESIAN_POINT('',(-9.192822734676,58.765050962053,
    6.698772139537));
#13178 = CARTESIAN_POINT('',(-9.131685651924,58.723502243519,
    6.647973221178));
#13179 = CARTESIAN_POINT('',(-9.107048752457,58.705861811286,
    6.626543994839));
#13180 = CARTESIAN_POINT('',(-9.082964718494,58.687718064796,
    6.604651734903));
#13181 = CARTESIAN_POINT('',(-9.059433655118,58.669087721138,
    6.582329920775));
#13182 = CARTESIAN_POINT('',(-9.036455288816,58.649985714403,
    6.559609140267));
#13183 = CARTESIAN_POINT('',(-8.951356727981,58.575761682409,
    6.471984413521));
#13184 = CARTESIAN_POINT('',(-8.892984550108,58.517507169999,
    6.404540309499));
#13185 = CARTESIAN_POINT('',(-8.838917806966,58.455957730444,
    6.334801987086));
#13186 = CARTESIAN_POINT('',(-8.789175443846,58.391330006652,
    6.263247378195));
#13187 = CARTESIAN_POINT('',(-8.74381285655,58.323780357665,
    6.19025059013));
#13188 = CARTESIAN_POINT('',(-8.640431941993,58.145805199914,
    6.002721349937));
#13189 = CARTESIAN_POINT('',(-8.588364331883,58.031497666161,
    5.886537898132));
#13190 = CARTESIAN_POINT('',(-8.547375599439,57.911191636522,
    5.768972284766));
#13191 = CARTESIAN_POINT('',(-8.518284351913,57.785580144544,
    5.651214628533));
#13192 = CARTESIAN_POINT('',(-8.502119459477,57.655474161182,
    5.534367735254));
#13193 = CARTESIAN_POINT('',(-8.500160320321,57.521930357278,
    5.41947070291));
#13194 = CARTESIAN_POINT('',(-8.500159255757,57.521857502242,
    5.419408022111));
#13195 = CARTESIAN_POINT('',(-8.500158195428,57.521784646294,
    5.419345341991));
#13196 = CARTESIAN_POINT('',(-8.500157139333,57.521711789436,
    5.41928266255));
#13197 = CARTESIAN_POINT('',(-8.500156087473,57.521638931668,
    5.419219983788));
#13198 = CARTESIAN_POINT('',(-8.500152228102,57.521370525945,
    5.418989082591));
#13199 = CARTESIAN_POINT('',(-8.500149446863,57.521174972346,
    5.41882086437));
#13200 = CARTESIAN_POINT('',(-8.500146696134,57.520979412196,
    5.418652651047));
#13201 = CARTESIAN_POINT('',(-8.500143975918,57.520783845502,
    5.418484442626));
#13202 = CARTESIAN_POINT('',(-8.500141286219,57.520588272268,
    5.418316239113));
#13203 = CARTESIAN_POINT('',(-8.500137636474,57.520319837268,
    5.418085385013));
#13204 = CARTESIAN_POINT('',(-8.500136650141,57.520246981131,
    5.418022730196));
#13205 = CARTESIAN_POINT('',(-8.500135668044,57.520174124087,
    5.417960076061));
#13206 = CARTESIAN_POINT('',(-8.500134690182,57.520101266137,
    5.417897422608));
#13207 = CARTESIAN_POINT('',(-8.500133716556,57.52002840728,
    5.417834769837));
#13208 = CARTESIAN_POINT('',(-8.50013126768,57.519844348699,
    5.417676497917));
#13209 = CARTESIAN_POINT('',(-8.50012979806,57.519733147771,
    5.417580879675));
#13210 = CARTESIAN_POINT('',(-8.500128338308,57.519621944733,
    5.417485263023));
#13211 = CARTESIAN_POINT('',(-8.500126888423,57.519510739588,
    5.417389647963));
#13212 = CARTESIAN_POINT('',(-8.500125448408,57.519399532335,
    5.417294034495));
#13213 = CARTESIAN_POINT('',(-8.500120714617,57.519031428844,
    5.416977558749));
#13214 = CARTESIAN_POINT('',(-8.500117463637,57.518774523474,
    5.416756703378));
#13215 = CARTESIAN_POINT('',(-8.500114265329,57.518517606876,
    5.416535856519));
#13216 = CARTESIAN_POINT('',(-8.500111119702,57.518260679061,
    5.416315018182));
#13217 = CARTESIAN_POINT('',(-8.500108026764,57.518003740043,
    5.416094188376));
#13218 = CARTESIAN_POINT('',(-8.500103897635,57.517654760814,
    5.415794278004));
#13219 = CARTESIAN_POINT('',(-8.500102815505,57.517562730363,
    5.41571518999));
#13220 = CARTESIAN_POINT('',(-8.500101740136,57.517470698476,
    5.415636103073));
#13221 = CARTESIAN_POINT('',(-8.500100671528,57.517378665154,
    5.415557017252));
#13222 = CARTESIAN_POINT('',(-8.50009960968,57.517286630398,
    5.415477932528));
#13223 = CARTESIAN_POINT('',(-8.500097323759,57.517087227222,
    5.415306592036));
#13224 = CARTESIAN_POINT('',(-8.500096102125,57.516979858285,
    5.415214336662));
#13225 = CARTESIAN_POINT('',(-8.500094889694,57.516872487398,
    5.415122082784));
#13226 = CARTESIAN_POINT('',(-8.500093686465,57.516765114561,
    5.415029830401));
#13227 = CARTESIAN_POINT('',(-8.500092492439,57.516657739775,
    5.414937579514));
#13228 = CARTESIAN_POINT('',(-8.500090334448,57.516462167629,
    5.414769559771));
#13229 = CARTESIAN_POINT('',(-8.500089367487,57.516373970903,
    5.414693790428));
#13230 = CARTESIAN_POINT('',(-8.500088406737,57.516285772863,
    5.414618022095));
#13231 = CARTESIAN_POINT('',(-8.500087452196,57.516197573509,
    5.414542254773));
#13232 = CARTESIAN_POINT('',(-8.500086503865,57.516109372843,
    5.414466488462));
#13233 = CARTESIAN_POINT('',(-8.500084865439,57.515955982102,
    5.414334726163));
#13234 = CARTESIAN_POINT('',(-8.500084172525,57.515890792622,
    5.414278729716));
#13235 = CARTESIAN_POINT('',(-8.500083483004,57.515825602425,
    5.414222733821));
#13236 = CARTESIAN_POINT('',(-8.500082796875,57.515760411512,
    5.414166738479));
#13237 = CARTESIAN_POINT('',(-8.50008211414,57.515695219882,
    5.41411074369));
#13238 = CARTESIAN_POINT('',(-8.500080315958,57.515522659327,
    5.413962530027));
#13239 = CARTESIAN_POINT('',(-8.500079206322,57.515415289175,
    5.4138703121));
#13240 = CARTESIAN_POINT('',(-8.500078105891,57.515307917082,
    5.413778095674));
#13241 = CARTESIAN_POINT('',(-8.500077014664,57.515200543048,
    5.413685880751));
#13242 = CARTESIAN_POINT('',(-8.500075932642,57.515093167074,
    5.41359366733));
#13243 = CARTESIAN_POINT('',(-8.500072522941,57.514751890679,
    5.413300592619));
#13244 = CARTESIAN_POINT('',(-8.500070229737,57.514517982996,
    5.41309973696));
#13245 = CARTESIAN_POINT('',(-8.500067980221,57.514284066121,
    5.412898888443));
#13246 = CARTESIAN_POINT('',(-8.500065774398,57.514050140063,
    5.412698047077));
#13247 = CARTESIAN_POINT('',(-8.500063612276,57.513816204831,
    5.412497212868));
#13248 = CARTESIAN_POINT('',(-8.500059966069,57.513413540869,
    5.412151550336));
#13249 = CARTESIAN_POINT('',(-8.50005846101,57.513244816537,
    5.412006718574));
#13250 = CARTESIAN_POINT('',(-8.500056978686,57.513076087441,
    5.411861890542));
#13251 = CARTESIAN_POINT('',(-8.5000555191,57.512907353585,
    5.411717066244));
#13252 = CARTESIAN_POINT('',(-8.500054082253,57.51273861497,
    5.411572245681));
#13253 = CARTESIAN_POINT('',(-8.500050868656,57.51235514031,
    5.411243144853));
#13254 = CARTESIAN_POINT('',(-8.50004910599,57.512140401321,
    5.411058866904));
#13255 = CARTESIAN_POINT('',(-8.500047380155,57.511925654638,
    5.410874595015));
#13256 = CARTESIAN_POINT('',(-8.500045691158,57.51171090027,
    5.410690329192));
#13257 = CARTESIAN_POINT('',(-8.500044039002,57.511496138223,
    5.410506069442));
#13258 = CARTESIAN_POINT('',(-8.500041702661,57.5111855011,
    5.410239569906));
#13259 = CARTESIAN_POINT('',(-8.500040988972,57.511089632167,
    5.410157325253));
#13260 = CARTESIAN_POINT('',(-8.500040282625,57.510993761706,
    5.410075081811));
#13261 = CARTESIAN_POINT('',(-8.50003958362,57.510897889718,
    5.409992839582));
#13262 = CARTESIAN_POINT('',(-8.500038891958,57.510802016203,
    5.409910598566));
#13263 = CARTESIAN_POINT('',(-8.500037441265,57.510598769863,
    5.409736257688));
#13264 = CARTESIAN_POINT('',(-8.500036684101,57.510491396651,
    5.409644158134));
#13265 = CARTESIAN_POINT('',(-8.500035936147,57.510384021525,
    5.409552060102));
#13266 = CARTESIAN_POINT('',(-8.500035197404,57.510276644486,
    5.409459963594));
#13267 = CARTESIAN_POINT('',(-8.500034467873,57.510169265535,
    5.40936786861));
#13268 = CARTESIAN_POINT('',(-8.500033001575,57.509950678527,
    5.409180400997));
#13269 = CARTESIAN_POINT('',(-8.500032265476,57.509839470331,
    5.409085028479));
#13270 = CARTESIAN_POINT('',(-8.500031539259,57.509728260087,
    5.408989657597));
#13271 = CARTESIAN_POINT('',(-8.500030822923,57.509617047794,
    5.408894288353));
#13272 = CARTESIAN_POINT('',(-8.500030116469,57.509505833455,
    5.408798920745));
#13273 = CARTESIAN_POINT('',(-8.500029059628,57.509337095246,
    5.408654230889));
#13274 = CARTESIAN_POINT('',(-8.500028702001,57.509279572874,
    5.408604907439));
#13275 = CARTESIAN_POINT('',(-8.500028347018,57.509222049955,
    5.408555584428));
#13276 = CARTESIAN_POINT('',(-8.500027994678,57.509164526489,
    5.408506261856));
#13277 = CARTESIAN_POINT('',(-8.500027644983,57.509107002476,
    5.408456939722));
#13278 = CARTESIAN_POINT('',(-8.500025331611,57.508723555542,
    5.408128171403));
#13279 = CARTESIAN_POINT('',(-8.50002345017,57.508397615616,
    5.407848738865));
#13280 = CARTESIAN_POINT('',(-8.500021653624,57.508071658162,
    5.407569320434));
#13281 = CARTESIAN_POINT('',(-8.500019941991,57.507745683204,
    5.407289916132));
#13282 = CARTESIAN_POINT('',(-8.500018315287,57.507419690764,
    5.407010525979));
#13283 = CARTESIAN_POINT('',(-8.500016356418,57.507005481079,
    5.406655566702));
#13284 = CARTESIAN_POINT('',(-8.500015945523,57.506917280014,
    5.406579984444));
#13285 = CARTESIAN_POINT('',(-8.500015540846,57.506829077671,
    5.406504403223));
#13286 = CARTESIAN_POINT('',(-8.500015142388,57.506740874051,
    5.406428823041));
#13287 = CARTESIAN_POINT('',(-8.500014750148,57.506652669155,
    5.406353243897));
#13288 = CARTESIAN_POINT('',(-8.500012719647,57.506188697963,
    5.4059556973));
#13289 = CARTESIAN_POINT('',(-8.500011188029,57.505812909787,
    5.405633747663));
#13290 = CARTESIAN_POINT('',(-8.500009769298,57.505437098492,
    5.405311816912));
#13291 = CARTESIAN_POINT('',(-8.50000846348,57.505061264113,
    5.404989905079));
#13292 = CARTESIAN_POINT('',(-8.5000072706,57.504685406687,
    5.404668012199));
#13293 = CARTESIAN_POINT('',(-8.500005672882,57.504129297293,
    5.40419180466));
#13294 = CARTESIAN_POINT('',(-8.50000518105,57.503949063045,
    5.404037475382));
#13295 = CARTESIAN_POINT('',(-8.500004715192,57.503768823512,
    5.403883150473));
#13296 = CARTESIAN_POINT('',(-8.500004275311,57.503588578695,
    5.403728829936));
#13297 = CARTESIAN_POINT('',(-8.500003861409,57.503408328601,
    5.403574513773));
#13298 = CARTESIAN_POINT('',(-8.500003201154,57.50310152654,
    5.403311868764));
#13299 = CARTESIAN_POINT('',(-8.500002941625,57.50297497725,
    5.403203537697));
#13300 = CARTESIAN_POINT('',(-8.500002694902,57.502848425361,
    5.403095208788));
#13301 = CARTESIAN_POINT('',(-8.500002460987,57.502721870875,
    5.402986882041));
#13302 = CARTESIAN_POINT('',(-8.50000223988,57.502595313794,
    5.402878557455));
#13303 = CARTESIAN_POINT('',(-8.500001848552,57.502357545629,
    5.402675051689));
#13304 = CARTESIAN_POINT('',(-8.500001675412,57.502246335137,
    5.402579870016));
#13305 = CARTESIAN_POINT('',(-8.500001512163,57.502135122643,
    5.402484690014));
#13306 = CARTESIAN_POINT('',(-8.500001358805,57.502023908147,
    5.402389511684));
#13307 = CARTESIAN_POINT('',(-8.50000121534,57.501912691652,
    5.402294335027));
#13308 = CARTESIAN_POINT('',(-8.500000925183,57.501671091713,
    5.402087586407));
#13309 = CARTESIAN_POINT('',(-8.500000782193,57.501540707521,
    5.401976015071));
#13310 = CARTESIAN_POINT('',(-8.500000652801,57.501410320583,
    5.401864446036));
#13311 = CARTESIAN_POINT('',(-8.500000537007,57.501279930901,
    5.401752879303));
#13312 = CARTESIAN_POINT('',(-8.500000434812,57.501149538476,
    5.401641314875));
#13313 = CARTESIAN_POINT('',(-8.50000023082,57.500849297708,
    5.401384438041));
#13314 = CARTESIAN_POINT('',(-8.500000138497,57.500679447455,
    5.401239127241));
#13315 = CARTESIAN_POINT('',(-8.500000069251,57.500509592555,
    5.401093820355));
#13316 = CARTESIAN_POINT('',(-8.500000023084,57.50033973301,
    5.400948517387));
#13317 = CARTESIAN_POINT('',(-8.5,57.500169868824,5.400803218339));
#13318 = CARTESIAN_POINT('',(-8.5,57.5,5.400657923215));
#13319 = ORIENTED_EDGE('',*,*,#13320,.F.);
#13320 = EDGE_CURVE('',#2063,#13119,#13321,.T.);
#13321 = LINE('',#13322,#13323);
#13322 = CARTESIAN_POINT('',(-8.5,57.5,0.));
#13323 = VECTOR('',#13324,1.);
#13324 = DIRECTION('',(0.,0.,1.));
#13325 = CYLINDRICAL_SURFACE('',#13326,1.5);
#13326 = AXIS2_PLACEMENT_3D('',#13327,#13328,#13329);
#13327 = CARTESIAN_POINT('',(-10.,57.5,0.));
#13328 = DIRECTION('',(0.,0.,-1.));
#13329 = DIRECTION('',(-1.,0.,0.));
#13330 = ADVANCED_FACE('',(#13331),#13350,.F.);
#13331 = FACE_BOUND('',#13332,.F.);
#13332 = EDGE_LOOP('',(#13333,#13334,#13342,#13349));
#13333 = ORIENTED_EDGE('',*,*,#2079,.F.);
#13334 = ORIENTED_EDGE('',*,*,#13335,.T.);
#13335 = EDGE_CURVE('',#2072,#13336,#13338,.T.);
#13336 = VERTEX_POINT('',#13337);
#13337 = CARTESIAN_POINT('',(-8.5,47.5,3.));
#13338 = LINE('',#13339,#13340);
#13339 = CARTESIAN_POINT('',(-8.5,47.5,0.));
#13340 = VECTOR('',#13341,1.);
#13341 = DIRECTION('',(0.,0.,1.));
#13342 = ORIENTED_EDGE('',*,*,#13343,.F.);
#13343 = EDGE_CURVE('',#13095,#13336,#13344,.T.);
#13344 = CIRCLE('',#13345,1.5);
#13345 = AXIS2_PLACEMENT_3D('',#13346,#13347,#13348);
#13346 = CARTESIAN_POINT('',(-10.,47.5,3.));
#13347 = DIRECTION('',(0.,0.,1.));
#13348 = DIRECTION('',(-1.,0.,0.));
#13349 = ORIENTED_EDGE('',*,*,#13102,.F.);
#13350 = CYLINDRICAL_SURFACE('',#13351,1.5);
#13351 = AXIS2_PLACEMENT_3D('',#13352,#13353,#13354);
#13352 = CARTESIAN_POINT('',(-10.,47.5,0.));
#13353 = DIRECTION('',(0.,0.,-1.));
#13354 = DIRECTION('',(-1.,0.,0.));
#13355 = ADVANCED_FACE('',(#13356),#13376,.T.);
#13356 = FACE_BOUND('',#13357,.F.);
#13357 = EDGE_LOOP('',(#13358,#13359,#13360,#13369,#13375));
#13358 = ORIENTED_EDGE('',*,*,#2071,.F.);
#13359 = ORIENTED_EDGE('',*,*,#13320,.T.);
#13360 = ORIENTED_EDGE('',*,*,#13361,.F.);
#13361 = EDGE_CURVE('',#13362,#13119,#13364,.T.);
#13362 = VERTEX_POINT('',#13363);
#13363 = CARTESIAN_POINT('',(-8.5,51.,3.));
#13364 = CIRCLE('',#13365,10.);
#13365 = AXIS2_PLACEMENT_3D('',#13366,#13367,#13368);
#13366 = CARTESIAN_POINT('',(-8.5,51.,13.));
#13367 = DIRECTION('',(1.,0.,0.));
#13368 = DIRECTION('',(0.,1.,0.));
#13369 = ORIENTED_EDGE('',*,*,#13370,.F.);
#13370 = EDGE_CURVE('',#13336,#13362,#13371,.T.);
#13371 = LINE('',#13372,#13373);
#13372 = CARTESIAN_POINT('',(-8.5,46.374236596195,3.));
#13373 = VECTOR('',#13374,1.);
#13374 = DIRECTION('',(0.,1.,0.));
#13375 = ORIENTED_EDGE('',*,*,#13335,.F.);
#13376 = PLANE('',#13377);
#13377 = AXIS2_PLACEMENT_3D('',#13378,#13379,#13380);
#13378 = CARTESIAN_POINT('',(-8.5,57.5,0.));
#13379 = DIRECTION('',(-1.,-0.,-0.));
#13380 = DIRECTION('',(0.,1.,0.));
#13381 = ADVANCED_FACE('',(#13382),#13426,.F.);
#13382 = FACE_BOUND('',#13383,.T.);
#13383 = EDGE_LOOP('',(#13384,#13385,#13386,#13394,#13403,#13411,#13420)
  );
#13384 = ORIENTED_EDGE('',*,*,#2143,.F.);
#13385 = ORIENTED_EDGE('',*,*,#2120,.T.);
#13386 = ORIENTED_EDGE('',*,*,#13387,.F.);
#13387 = EDGE_CURVE('',#13388,#2121,#13390,.T.);
#13388 = VERTEX_POINT('',#13389);
#13389 = CARTESIAN_POINT('',(-4.,61.,13.));
#13390 = LINE('',#13391,#13392);
#13391 = CARTESIAN_POINT('',(-4.,61.,0.));
#13392 = VECTOR('',#13393,1.);
#13393 = DIRECTION('',(0.,0.,1.));
#13394 = ORIENTED_EDGE('',*,*,#13395,.T.);
#13395 = EDGE_CURVE('',#13388,#13396,#13398,.T.);
#13396 = VERTEX_POINT('',#13397);
#13397 = CARTESIAN_POINT('',(-4.,51.,3.));
#13398 = CIRCLE('',#13399,10.);
#13399 = AXIS2_PLACEMENT_3D('',#13400,#13401,#13402);
#13400 = CARTESIAN_POINT('',(-4.,51.,13.));
#13401 = DIRECTION('',(-1.,0.,0.));
#13402 = DIRECTION('',(0.,0.,1.));
#13403 = ORIENTED_EDGE('',*,*,#13404,.F.);
#13404 = EDGE_CURVE('',#13405,#13396,#13407,.T.);
#13405 = VERTEX_POINT('',#13406);
#13406 = CARTESIAN_POINT('',(-4.,19.,3.));
#13407 = LINE('',#13408,#13409);
#13408 = CARTESIAN_POINT('',(-4.,9.,3.));
#13409 = VECTOR('',#13410,1.);
#13410 = DIRECTION('',(0.,1.,0.));
#13411 = ORIENTED_EDGE('',*,*,#13412,.F.);
#13412 = EDGE_CURVE('',#13413,#13405,#13415,.T.);
#13413 = VERTEX_POINT('',#13414);
#13414 = CARTESIAN_POINT('',(-4.,9.,13.));
#13415 = CIRCLE('',#13416,10.);
#13416 = AXIS2_PLACEMENT_3D('',#13417,#13418,#13419);
#13417 = CARTESIAN_POINT('',(-4.,19.,13.));
#13418 = DIRECTION('',(1.,0.,-0.));
#13419 = DIRECTION('',(0.,0.,1.));
#13420 = ORIENTED_EDGE('',*,*,#13421,.T.);
#13421 = EDGE_CURVE('',#13413,#2144,#13422,.T.);
#13422 = LINE('',#13423,#13424);
#13423 = CARTESIAN_POINT('',(-4.,9.,0.));
#13424 = VECTOR('',#13425,1.);
#13425 = DIRECTION('',(0.,0.,1.));
#13426 = PLANE('',#13427);
#13427 = AXIS2_PLACEMENT_3D('',#13428,#13429,#13430);
#13428 = CARTESIAN_POINT('',(-4.,9.,0.));
#13429 = DIRECTION('',(1.,0.,0.));
#13430 = DIRECTION('',(0.,-1.,0.));
#13431 = ADVANCED_FACE('',(#13432),#13450,.T.);
#13432 = FACE_BOUND('',#13433,.F.);
#13433 = EDGE_LOOP('',(#13434,#13442,#13448,#13449));
#13434 = ORIENTED_EDGE('',*,*,#13435,.F.);
#13435 = EDGE_CURVE('',#13436,#2153,#13438,.T.);
#13436 = VERTEX_POINT('',#13437);
#13437 = CARTESIAN_POINT('',(-96.5,9.,13.));
#13438 = LINE('',#13439,#13440);
#13439 = CARTESIAN_POINT('',(-96.5,9.,0.));
#13440 = VECTOR('',#13441,1.);
#13441 = DIRECTION('',(0.,0.,1.));
#13442 = ORIENTED_EDGE('',*,*,#13443,.F.);
#13443 = EDGE_CURVE('',#13413,#13436,#13444,.T.);
#13444 = LINE('',#13445,#13446);
#13445 = CARTESIAN_POINT('',(-4.,9.,13.));
#13446 = VECTOR('',#13447,1.);
#13447 = DIRECTION('',(-1.,-0.,-0.));
#13448 = ORIENTED_EDGE('',*,*,#13421,.T.);
#13449 = ORIENTED_EDGE('',*,*,#2152,.T.);
#13450 = PLANE('',#13451);
#13451 = AXIS2_PLACEMENT_3D('',#13452,#13453,#13454);
#13452 = CARTESIAN_POINT('',(-4.,9.,0.));
#13453 = DIRECTION('',(0.,1.,0.));
#13454 = DIRECTION('',(1.,0.,0.));
#13455 = ADVANCED_FACE('',(#13456),#13484,.F.);
#13456 = FACE_BOUND('',#13457,.T.);
#13457 = EDGE_LOOP('',(#13458,#13459,#13460,#13469,#13477,#13483));
#13458 = ORIENTED_EDGE('',*,*,#2160,.T.);
#13459 = ORIENTED_EDGE('',*,*,#13435,.F.);
#13460 = ORIENTED_EDGE('',*,*,#13461,.T.);
#13461 = EDGE_CURVE('',#13436,#13462,#13464,.T.);
#13462 = VERTEX_POINT('',#13463);
#13463 = CARTESIAN_POINT('',(-96.5,19.,3.));
#13464 = CIRCLE('',#13465,10.);
#13465 = AXIS2_PLACEMENT_3D('',#13466,#13467,#13468);
#13466 = CARTESIAN_POINT('',(-96.5,19.,13.));
#13467 = DIRECTION('',(1.,0.,-0.));
#13468 = DIRECTION('',(0.,0.,1.));
#13469 = ORIENTED_EDGE('',*,*,#13470,.F.);
#13470 = EDGE_CURVE('',#13471,#13462,#13473,.T.);
#13471 = VERTEX_POINT('',#13472);
#13472 = CARTESIAN_POINT('',(-96.5,24.,3.));
#13473 = LINE('',#13474,#13475);
#13474 = CARTESIAN_POINT('',(-96.5,24.,3.));
#13475 = VECTOR('',#13476,1.);
#13476 = DIRECTION('',(-0.,-1.,-0.));
#13477 = ORIENTED_EDGE('',*,*,#13478,.T.);
#13478 = EDGE_CURVE('',#13471,#2212,#13479,.T.);
#13479 = LINE('',#13480,#13481);
#13480 = CARTESIAN_POINT('',(-96.5,24.,0.));
#13481 = VECTOR('',#13482,1.);
#13482 = DIRECTION('',(0.,0.,1.));
#13483 = ORIENTED_EDGE('',*,*,#2219,.T.);
#13484 = PLANE('',#13485);
#13485 = AXIS2_PLACEMENT_3D('',#13486,#13487,#13488);
#13486 = CARTESIAN_POINT('',(-96.5,24.,0.));
#13487 = DIRECTION('',(-1.,-0.,-0.));
#13488 = DIRECTION('',(0.,1.,0.));
#13489 = ADVANCED_FACE('',(#13490),#13524,.F.);
#13490 = FACE_BOUND('',#13491,.T.);
#13491 = EDGE_LOOP('',(#13492,#13500,#13508,#13516,#13522,#13523));
#13492 = ORIENTED_EDGE('',*,*,#13493,.F.);
#13493 = EDGE_CURVE('',#13494,#2189,#13496,.T.);
#13494 = VERTEX_POINT('',#13495);
#13495 = CARTESIAN_POINT('',(-96.5,61.,13.));
#13496 = LINE('',#13497,#13498);
#13497 = CARTESIAN_POINT('',(-96.5,61.,0.));
#13498 = VECTOR('',#13499,1.);
#13499 = DIRECTION('',(0.,0.,1.));
#13500 = ORIENTED_EDGE('',*,*,#13501,.F.);
#13501 = EDGE_CURVE('',#13502,#13494,#13504,.T.);
#13502 = VERTEX_POINT('',#13503);
#13503 = CARTESIAN_POINT('',(-80.4,61.,13.));
#13504 = LINE('',#13505,#13506);
#13505 = CARTESIAN_POINT('',(-4.,61.,13.));
#13506 = VECTOR('',#13507,1.);
#13507 = DIRECTION('',(-1.,-0.,-0.));
#13508 = ORIENTED_EDGE('',*,*,#13509,.F.);
#13509 = EDGE_CURVE('',#13510,#13502,#13512,.T.);
#13510 = VERTEX_POINT('',#13511);
#13511 = CARTESIAN_POINT('',(-20.1,61.,13.));
#13512 = LINE('',#13513,#13514);
#13513 = CARTESIAN_POINT('',(-4.,61.,13.));
#13514 = VECTOR('',#13515,1.);
#13515 = DIRECTION('',(-1.,-0.,-0.));
#13516 = ORIENTED_EDGE('',*,*,#13517,.F.);
#13517 = EDGE_CURVE('',#13388,#13510,#13518,.T.);
#13518 = LINE('',#13519,#13520);
#13519 = CARTESIAN_POINT('',(-4.,61.,13.));
#13520 = VECTOR('',#13521,1.);
#13521 = DIRECTION('',(-1.,-0.,-0.));
#13522 = ORIENTED_EDGE('',*,*,#13387,.T.);
#13523 = ORIENTED_EDGE('',*,*,#2196,.T.);
#13524 = PLANE('',#13525);
#13525 = AXIS2_PLACEMENT_3D('',#13526,#13527,#13528);
#13526 = CARTESIAN_POINT('',(-4.,61.,0.));
#13527 = DIRECTION('',(0.,1.,0.));
#13528 = DIRECTION('',(1.,0.,0.));
#13529 = ADVANCED_FACE('',(#13530),#13549,.F.);
#13530 = FACE_BOUND('',#13531,.T.);
#13531 = EDGE_LOOP('',(#13532,#13540,#13547,#13548));
#13532 = ORIENTED_EDGE('',*,*,#13533,.F.);
#13533 = EDGE_CURVE('',#13534,#2237,#13536,.T.);
#13534 = VERTEX_POINT('',#13535);
#13535 = CARTESIAN_POINT('',(-96.5,58.076061575154,5.933929480636));
#13536 = LINE('',#13537,#13538);
#13537 = CARTESIAN_POINT('',(-96.5,58.076061575154,0.));
#13538 = VECTOR('',#13539,1.);
#13539 = DIRECTION('',(0.,0.,1.));
#13540 = ORIENTED_EDGE('',*,*,#13541,.F.);
#13541 = EDGE_CURVE('',#13494,#13534,#13542,.T.);
#13542 = CIRCLE('',#13543,10.);
#13543 = AXIS2_PLACEMENT_3D('',#13544,#13545,#13546);
#13544 = CARTESIAN_POINT('',(-96.5,51.,13.));
#13545 = DIRECTION('',(-1.,0.,0.));
#13546 = DIRECTION('',(0.,0.,1.));
#13547 = ORIENTED_EDGE('',*,*,#13493,.T.);
#13548 = ORIENTED_EDGE('',*,*,#2244,.T.);
#13549 = PLANE('',#13550);
#13550 = AXIS2_PLACEMENT_3D('',#13551,#13552,#13553);
#13551 = CARTESIAN_POINT('',(-96.5,61.,0.));
#13552 = DIRECTION('',(-1.,-0.,-0.));
#13553 = DIRECTION('',(0.,1.,0.));
#13554 = ADVANCED_FACE('',(#13555),#13574,.T.);
#13555 = FACE_BOUND('',#13556,.T.);
#13556 = EDGE_LOOP('',(#13557,#13558,#13567,#13573));
#13557 = ORIENTED_EDGE('',*,*,#13478,.F.);
#13558 = ORIENTED_EDGE('',*,*,#13559,.F.);
#13559 = EDGE_CURVE('',#13560,#13471,#13562,.T.);
#13560 = VERTEX_POINT('',#13561);
#13561 = CARTESIAN_POINT('',(-100.,30.062177826491,3.));
#13562 = CIRCLE('',#13563,7.);
#13563 = AXIS2_PLACEMENT_3D('',#13564,#13565,#13566);
#13564 = CARTESIAN_POINT('',(-103.5,24.,3.));
#13565 = DIRECTION('',(0.,0.,-1.));
#13566 = DIRECTION('',(-1.,-0.,-0.));
#13567 = ORIENTED_EDGE('',*,*,#13568,.T.);
#13568 = EDGE_CURVE('',#13560,#2259,#13569,.T.);
#13569 = LINE('',#13570,#13571);
#13570 = CARTESIAN_POINT('',(-100.,30.062177826491,0.));
#13571 = VECTOR('',#13572,1.);
#13572 = DIRECTION('',(0.,0.,1.));
#13573 = ORIENTED_EDGE('',*,*,#2268,.T.);
#13574 = CYLINDRICAL_SURFACE('',#13575,7.);
#13575 = AXIS2_PLACEMENT_3D('',#13576,#13577,#13578);
#13576 = CARTESIAN_POINT('',(-103.5,24.,0.));
#13577 = DIRECTION('',(0.,0.,-1.));
#13578 = DIRECTION('',(-1.,0.,0.));
#13579 = ADVANCED_FACE('',(#13580),#13660,.T.);
#13580 = FACE_BOUND('',#13581,.T.);
#13581 = EDGE_LOOP('',(#13582,#13590,#13658,#13659));
#13582 = ORIENTED_EDGE('',*,*,#13583,.F.);
#13583 = EDGE_CURVE('',#13584,#2286,#13586,.T.);
#13584 = VERTEX_POINT('',#13585);
#13585 = CARTESIAN_POINT('',(-100.0000000008,52.013883748451,
    3.051530800586));
#13586 = LINE('',#13587,#13588);
#13587 = CARTESIAN_POINT('',(-100.,52.013883748663,0.));
#13588 = VECTOR('',#13589,1.);
#13589 = DIRECTION('',(0.,0.,1.));
#13590 = ORIENTED_EDGE('',*,*,#13591,.F.);
#13591 = EDGE_CURVE('',#13534,#13584,#13592,.T.);
#13592 = B_SPLINE_CURVE_WITH_KNOTS('',8,(#13593,#13594,#13595,#13596,
    #13597,#13598,#13599,#13600,#13601,#13602,#13603,#13604,#13605,
    #13606,#13607,#13608,#13609,#13610,#13611,#13612,#13613,#13614,
    #13615,#13616,#13617,#13618,#13619,#13620,#13621,#13622,#13623,
    #13624,#13625,#13626,#13627,#13628,#13629,#13630,#13631,#13632,
    #13633,#13634,#13635,#13636,#13637,#13638,#13639,#13640,#13641,
    #13642,#13643,#13644,#13645,#13646,#13647,#13648,#13649,#13650,
    #13651,#13652,#13653,#13654,#13655,#13656,#13657),.UNSPECIFIED.,.F.,
  .F.,(9,7,7,7,7,7,7,7,7,9),(0.,0.189320334685,0.380225812899,
    0.444039104252,0.496313272002,0.526422426407,0.585711043909,
    0.668608190105,0.718723351628,1.),.UNSPECIFIED.);
#13593 = CARTESIAN_POINT('',(-97.13992263508,61.,13.));
#13594 = CARTESIAN_POINT('',(-97.13992263508,61.,12.574275347597));
#13595 = CARTESIAN_POINT('',(-97.1303999823,60.979286737644,
    12.14853160843));
#13596 = CARTESIAN_POINT('',(-97.11135355554,60.937856662425,
    11.723675099551));
#13597 = CARTESIAN_POINT('',(-97.08324139219,60.875713985628,
    11.300532637565));
#13598 = CARTESIAN_POINT('',(-97.04697037612,60.792833715652,
    10.879856674544));
#13599 = CARTESIAN_POINT('',(-97.00382160538,60.689131204456,
    10.462334151407));
#13600 = CARTESIAN_POINT('',(-96.95537631871,60.564420433517,
    10.048596069126));
#13601 = CARTESIAN_POINT('',(-96.85120391082,60.271043025255,
    9.22642589838));
#13602 = CARTESIAN_POINT('',(-96.79545031657,60.102106078121,
    8.818316133908));
#13603 = CARTESIAN_POINT('',(-96.73813157839,59.911081022207,
    8.415123887846));
#13604 = CARTESIAN_POINT('',(-96.68143926655,59.697353508329,
    8.017370159631));
#13605 = CARTESIAN_POINT('',(-96.62794743841,59.460195208521,
    7.625848627104));
#13606 = CARTESIAN_POINT('',(-96.58064582158,59.198807575296,
    7.241609044997));
#13607 = CARTESIAN_POINT('',(-96.54306279744,58.912316136858,
    6.865944699304));
#13608 = CARTESIAN_POINT('',(-96.51177161221,58.495164323569,
    6.378190209158));
#13609 = CARTESIAN_POINT('',(-96.50551405573,58.387768930431,
    6.257164207945));
#13610 = CARTESIAN_POINT('',(-96.50100191098,58.277462209069,
    6.137377683613));
#13611 = CARTESIAN_POINT('',(-96.49841009156,58.164231114312,
    6.018915712237));
#13612 = CARTESIAN_POINT('',(-96.49792377246,58.048074756311,
    5.901876137801));
#13613 = CARTESIAN_POINT('',(-96.49973749771,57.929006918198,
    5.786368294328));
#13614 = CARTESIAN_POINT('',(-96.50405428808,57.807058573744,
    5.672511728017));
#13615 = CARTESIAN_POINT('',(-96.51684391686,57.58006541522,
    5.468624549286));
#13616 = CARTESIAN_POINT('',(-96.52442392817,57.475955107431,
    5.378011710478));
#13617 = CARTESIAN_POINT('',(-96.53393951405,57.369979572468,
    5.288668313794));
#13618 = CARTESIAN_POINT('',(-96.54550877468,57.262181992549,
    5.200673773184));
#13619 = CARTESIAN_POINT('',(-96.5592509426,57.152620297737,
    5.114113559713));
#13620 = CARTESIAN_POINT('',(-96.57528414612,57.04136882241,
    5.029077755554));
#13621 = CARTESIAN_POINT('',(-96.59372317292,56.928519961714,
    4.945659607986));
#13622 = CARTESIAN_POINT('',(-96.62674646525,56.748331042909,
    4.816892898847));
#13623 = CARTESIAN_POINT('',(-96.63965001464,56.681983641921,
    4.770399974143));
#13624 = CARTESIAN_POINT('',(-96.65340856515,56.615165402715,
    4.724493674759));
#13625 = CARTESIAN_POINT('',(-96.66804210438,56.547900265587,
    4.679192490726));
#13626 = CARTESIAN_POINT('',(-96.68356967689,56.480214397624,
    4.634514901538));
#13627 = CARTESIAN_POINT('',(-96.7000091371,56.412136256833,
    4.59047924106));
#13628 = CARTESIAN_POINT('',(-96.71737690214,56.34369665628,
    4.54710356244));
#13629 = CARTESIAN_POINT('',(-96.77174392059,56.139516541323,
    4.420327787664));
#13630 = CARTESIAN_POINT('',(-96.81146025022,56.002818608482,
    4.338869244531));
#13631 = CARTESIAN_POINT('',(-96.85494596918,55.865103003156,
    4.260175212647));
#13632 = CARTESIAN_POINT('',(-96.90228688105,55.726659969795,
    4.184372759349));
#13633 = CARTESIAN_POINT('',(-96.95353979105,55.587799845461,
    4.111569024678));
#13634 = CARTESIAN_POINT('',(-97.00872697975,55.448850881454,
    4.041849565778));
#13635 = CARTESIAN_POINT('',(-97.06783067673,55.310157064936,
    3.975276701293));
#13636 = CARTESIAN_POINT('',(-97.21881360129,54.979011375443,
    3.82325778449));
#13637 = CARTESIAN_POINT('',(-97.31439821511,54.7870872155,
    3.740826369407));
#13638 = CARTESIAN_POINT('',(-97.41736482888,54.597304830416,
    3.664714615791));
#13639 = CARTESIAN_POINT('',(-97.52742568535,54.410559180734,
    3.594875387058));
#13640 = CARTESIAN_POINT('',(-97.64420284409,54.227633458312,
    3.531136009449));
#13641 = CARTESIAN_POINT('',(-97.76724892346,54.049197752244,
    3.473234537329));
#13642 = CARTESIAN_POINT('',(-97.89606755701,53.875811740238,
    3.420849679119));
#13643 = CARTESIAN_POINT('',(-98.1111826711,53.606439973241,
    3.345074507167));
#13644 = CARTESIAN_POINT('',(-98.1941634077,53.506943442341,
    3.318405574079));
#13645 = CARTESIAN_POINT('',(-98.2789713837,53.409530228631,
    3.29353565515));
#13646 = CARTESIAN_POINT('',(-98.3655033564,53.314272136774,
    3.270378756729));
#13647 = CARTESIAN_POINT('',(-98.45365858141,53.221225983582,
    3.248846438896));
#13648 = CARTESIAN_POINT('',(-98.54334016279,53.130435221367,
    3.228849433405));
#13649 = CARTESIAN_POINT('',(-98.63445640336,53.041931561304,
    3.21029926164));
#13650 = CARTESIAN_POINT('',(-99.24589597189,52.471958235293,
    3.096632474707));
#13651 = CARTESIAN_POINT('',(-99.80443785421,52.063647993774,
    3.043562513904));
#13652 = CARTESIAN_POINT('',(-100.3914080224,51.728716546487,
    3.016899042014));
#13653 = CARTESIAN_POINT('',(-100.9977633987,51.465062546544,
    3.005613944754));
#13654 = CARTESIAN_POINT('',(-101.6161946084,51.269951965247,
    3.001759453486));
#13655 = CARTESIAN_POINT('',(-102.2413286565,51.140926252414,
    3.000783721066));
#13656 = CARTESIAN_POINT('',(-102.869684872,51.076061575154,
    3.000289272345));
#13657 = CARTESIAN_POINT('',(-103.5,51.076061575154,3.000289272345));
#13658 = ORIENTED_EDGE('',*,*,#13533,.T.);
#13659 = ORIENTED_EDGE('',*,*,#2293,.T.);
#13660 = CYLINDRICAL_SURFACE('',#13661,7.);
#13661 = AXIS2_PLACEMENT_3D('',#13662,#13663,#13664);
#13662 = CARTESIAN_POINT('',(-103.5,58.076061575154,0.));
#13663 = DIRECTION('',(0.,0.,-1.));
#13664 = DIRECTION('',(-1.,0.,0.));
#13665 = ADVANCED_FACE('',(#13666),#13684,.F.);
#13666 = FACE_BOUND('',#13667,.T.);
#13667 = EDGE_LOOP('',(#13668,#13669,#13677,#13683));
#13668 = ORIENTED_EDGE('',*,*,#13568,.F.);
#13669 = ORIENTED_EDGE('',*,*,#13670,.F.);
#13670 = EDGE_CURVE('',#13671,#13560,#13673,.T.);
#13671 = VERTEX_POINT('',#13672);
#13672 = CARTESIAN_POINT('',(-108.,34.680979980008,3.));
#13673 = LINE('',#13674,#13675);
#13674 = CARTESIAN_POINT('',(-108.,34.680979980008,3.));
#13675 = VECTOR('',#13676,1.);
#13676 = DIRECTION('',(0.866025403784,-0.5,0.));
#13677 = ORIENTED_EDGE('',*,*,#13678,.T.);
#13678 = EDGE_CURVE('',#13671,#2309,#13679,.T.);
#13679 = LINE('',#13680,#13681);
#13680 = CARTESIAN_POINT('',(-108.,34.680979980008,0.));
#13681 = VECTOR('',#13682,1.);
#13682 = DIRECTION('',(0.,0.,1.));
#13683 = ORIENTED_EDGE('',*,*,#2318,.T.);
#13684 = PLANE('',#13685);
#13685 = AXIS2_PLACEMENT_3D('',#13686,#13687,#13688);
#13686 = CARTESIAN_POINT('',(-108.,34.680979980008,0.));
#13687 = DIRECTION('',(-0.5,-0.866025403784,-0.));
#13688 = DIRECTION('',(-0.866025403784,0.5,0.));
#13689 = ADVANCED_FACE('',(#13690),#13717,.F.);
#13690 = FACE_BOUND('',#13691,.T.);
#13691 = EDGE_LOOP('',(#13692,#13700,#13708,#13715,#13716));
#13692 = ORIENTED_EDGE('',*,*,#13693,.F.);
#13693 = EDGE_CURVE('',#13694,#2335,#13696,.T.);
#13694 = VERTEX_POINT('',#13695);
#13695 = CARTESIAN_POINT('',(-108.,47.395081595146,3.));
#13696 = LINE('',#13697,#13698);
#13697 = CARTESIAN_POINT('',(-108.,47.395081595146,0.));
#13698 = VECTOR('',#13699,1.);
#13699 = DIRECTION('',(0.,0.,1.));
#13700 = ORIENTED_EDGE('',*,*,#13701,.F.);
#13701 = EDGE_CURVE('',#13702,#13694,#13704,.T.);
#13702 = VERTEX_POINT('',#13703);
#13703 = CARTESIAN_POINT('',(-101.7560981656,51.,3.));
#13704 = LINE('',#13705,#13706);
#13705 = CARTESIAN_POINT('',(-100.,52.013883748663,3.));
#13706 = VECTOR('',#13707,1.);
#13707 = DIRECTION('',(-0.866025403784,-0.5,-0.));
#13708 = ORIENTED_EDGE('',*,*,#13709,.F.);
#13709 = EDGE_CURVE('',#13584,#13702,#13710,.T.);
#13710 = ELLIPSE('',#13711,20.,10.);
#13711 = AXIS2_PLACEMENT_3D('',#13712,#13713,#13714);
#13712 = CARTESIAN_POINT('',(-101.7560981656,51.,13.));
#13713 = DIRECTION('',(-0.5,0.866025403784,0.));
#13714 = DIRECTION('',(-0.866025403784,-0.5,-0.));
#13715 = ORIENTED_EDGE('',*,*,#13583,.T.);
#13716 = ORIENTED_EDGE('',*,*,#2342,.T.);
#13717 = PLANE('',#13718);
#13718 = AXIS2_PLACEMENT_3D('',#13719,#13720,#13721);
#13719 = CARTESIAN_POINT('',(-100.,52.013883748663,0.));
#13720 = DIRECTION('',(-0.5,0.866025403784,0.));
#13721 = DIRECTION('',(0.866025403784,0.5,0.));
#13722 = ADVANCED_FACE('',(#13723),#13742,.F.);
#13723 = FACE_BOUND('',#13724,.F.);
#13724 = EDGE_LOOP('',(#13725,#13733,#13740,#13741));
#13725 = ORIENTED_EDGE('',*,*,#13726,.F.);
#13726 = EDGE_CURVE('',#13727,#2357,#13729,.T.);
#13727 = VERTEX_POINT('',#13728);
#13728 = CARTESIAN_POINT('',(-109.,36.413030787577,3.));
#13729 = LINE('',#13730,#13731);
#13730 = CARTESIAN_POINT('',(-109.,36.413030787577,0.));
#13731 = VECTOR('',#13732,1.);
#13732 = DIRECTION('',(0.,0.,1.));
#13733 = ORIENTED_EDGE('',*,*,#13734,.F.);
#13734 = EDGE_CURVE('',#13671,#13727,#13735,.T.);
#13735 = CIRCLE('',#13736,2.);
#13736 = AXIS2_PLACEMENT_3D('',#13737,#13738,#13739);
#13737 = CARTESIAN_POINT('',(-107.,36.413030787577,3.));
#13738 = DIRECTION('',(0.,0.,-1.));
#13739 = DIRECTION('',(-1.,-0.,-0.));
#13740 = ORIENTED_EDGE('',*,*,#13678,.T.);
#13741 = ORIENTED_EDGE('',*,*,#2366,.F.);
#13742 = CYLINDRICAL_SURFACE('',#13743,2.);
#13743 = AXIS2_PLACEMENT_3D('',#13744,#13745,#13746);
#13744 = CARTESIAN_POINT('',(-107.,36.413030787577,0.));
#13745 = DIRECTION('',(0.,0.,-1.));
#13746 = DIRECTION('',(-1.,0.,0.));
#13747 = ADVANCED_FACE('',(#13748),#13767,.F.);
#13748 = FACE_BOUND('',#13749,.F.);
#13749 = EDGE_LOOP('',(#13750,#13751,#13760,#13766));
#13750 = ORIENTED_EDGE('',*,*,#13693,.F.);
#13751 = ORIENTED_EDGE('',*,*,#13752,.F.);
#13752 = EDGE_CURVE('',#13753,#13694,#13755,.T.);
#13753 = VERTEX_POINT('',#13754);
#13754 = CARTESIAN_POINT('',(-109.,45.663030787577,3.));
#13755 = CIRCLE('',#13756,2.);
#13756 = AXIS2_PLACEMENT_3D('',#13757,#13758,#13759);
#13757 = CARTESIAN_POINT('',(-107.,45.663030787577,3.));
#13758 = DIRECTION('',(0.,0.,-1.));
#13759 = DIRECTION('',(-1.,-0.,-0.));
#13760 = ORIENTED_EDGE('',*,*,#13761,.T.);
#13761 = EDGE_CURVE('',#13753,#2384,#13762,.T.);
#13762 = LINE('',#13763,#13764);
#13763 = CARTESIAN_POINT('',(-109.,45.663030787577,0.));
#13764 = VECTOR('',#13765,1.);
#13765 = DIRECTION('',(0.,0.,1.));
#13766 = ORIENTED_EDGE('',*,*,#2391,.F.);
#13767 = CYLINDRICAL_SURFACE('',#13768,2.);
#13768 = AXIS2_PLACEMENT_3D('',#13769,#13770,#13771);
#13769 = CARTESIAN_POINT('',(-107.,45.663030787577,0.));
#13770 = DIRECTION('',(0.,0.,-1.));
#13771 = DIRECTION('',(-1.,0.,0.));
#13772 = ADVANCED_FACE('',(#13773),#13784,.F.);
#13773 = FACE_BOUND('',#13774,.T.);
#13774 = EDGE_LOOP('',(#13775,#13776,#13782,#13783));
#13775 = ORIENTED_EDGE('',*,*,#13726,.F.);
#13776 = ORIENTED_EDGE('',*,*,#13777,.F.);
#13777 = EDGE_CURVE('',#13753,#13727,#13778,.T.);
#13778 = LINE('',#13779,#13780);
#13779 = CARTESIAN_POINT('',(-109.,45.663030787577,3.));
#13780 = VECTOR('',#13781,1.);
#13781 = DIRECTION('',(-0.,-1.,-0.));
#13782 = ORIENTED_EDGE('',*,*,#13761,.T.);
#13783 = ORIENTED_EDGE('',*,*,#2409,.T.);
#13784 = PLANE('',#13785);
#13785 = AXIS2_PLACEMENT_3D('',#13786,#13787,#13788);
#13786 = CARTESIAN_POINT('',(-109.,45.663030787577,0.));
#13787 = DIRECTION('',(-1.,-0.,-0.));
#13788 = DIRECTION('',(0.,1.,0.));
#13789 = ADVANCED_FACE('',(#13790),#13796,.T.);
#13790 = FACE_BOUND('',#13791,.F.);
#13791 = EDGE_LOOP('',(#13792,#13793,#13794,#13795));
#13792 = ORIENTED_EDGE('',*,*,#2631,.F.);
#13793 = ORIENTED_EDGE('',*,*,#2655,.F.);
#13794 = ORIENTED_EDGE('',*,*,#2679,.F.);
#13795 = ORIENTED_EDGE('',*,*,#2696,.F.);
#13796 = PLANE('',#13797);
#13797 = AXIS2_PLACEMENT_3D('',#13798,#13799,#13800);
#13798 = CARTESIAN_POINT('',(-50.25,67.5,10.));
#13799 = DIRECTION('',(0.,1.,0.));
#13800 = DIRECTION('',(0.,0.,-1.));
#13801 = ADVANCED_FACE('',(#13802),#13808,.T.);
#13802 = FACE_BOUND('',#13803,.F.);
#13803 = EDGE_LOOP('',(#13804,#13805,#13806,#13807));
#13804 = ORIENTED_EDGE('',*,*,#2792,.F.);
#13805 = ORIENTED_EDGE('',*,*,#2727,.F.);
#13806 = ORIENTED_EDGE('',*,*,#2751,.F.);
#13807 = ORIENTED_EDGE('',*,*,#2775,.F.);
#13808 = PLANE('',#13809);
#13809 = AXIS2_PLACEMENT_3D('',#13810,#13811,#13812);
#13810 = CARTESIAN_POINT('',(-50.25,67.5,10.));
#13811 = DIRECTION('',(0.,1.,0.));
#13812 = DIRECTION('',(0.,0.,-1.));
#13813 = ADVANCED_FACE('',(#13814),#13890,.F.);
#13814 = FACE_BOUND('',#13815,.F.);
#13815 = EDGE_LOOP('',(#13816,#13817,#13825,#13842,#13889));
#13816 = ORIENTED_EDGE('',*,*,#2806,.F.);
#13817 = ORIENTED_EDGE('',*,*,#13818,.T.);
#13818 = EDGE_CURVE('',#2807,#13819,#13821,.T.);
#13819 = VERTEX_POINT('',#13820);
#13820 = CARTESIAN_POINT('',(-23.1,60.539392014169,10.));
#13821 = LINE('',#13822,#13823);
#13822 = CARTESIAN_POINT('',(-23.1,63.,10.));
#13823 = VECTOR('',#13824,1.);
#13824 = DIRECTION('',(0.,-1.,0.));
#13825 = ORIENTED_EDGE('',*,*,#13826,.T.);
#13826 = EDGE_CURVE('',#13819,#13510,#13827,.T.);
#13827 = B_SPLINE_CURVE_WITH_KNOTS('',7,(#13828,#13829,#13830,#13831,
    #13832,#13833,#13834,#13835,#13836,#13837,#13838,#13839,#13840,
    #13841),.UNSPECIFIED.,.F.,.F.,(8,6,8),(0.,0.389681357722,1.),
  .UNSPECIFIED.);
#13828 = CARTESIAN_POINT('',(-23.1,60.539392014169,10.));
#13829 = CARTESIAN_POINT('',(-23.1,60.632539519833,10.296190190556));
#13830 = CARTESIAN_POINT('',(-23.06588326987,60.714920107365,
    10.595635912299));
#13831 = CARTESIAN_POINT('',(-22.99630043894,60.78417419853,
    10.890770744314));
#13832 = CARTESIAN_POINT('',(-22.89266027247,60.839629568702,
    11.173959662243));
#13833 = CARTESIAN_POINT('',(-22.7589857448,60.882358130995,
    11.43806563309));
#13834 = CARTESIAN_POINT('',(-22.60203135824,60.914403115446,
    11.67729577734));
#13835 = CARTESIAN_POINT('',(-22.164254517,60.974896178484,
    12.217905153782));
#13836 = CARTESIAN_POINT('',(-21.85682450865,60.991973472385,
    12.486165162034));
#13837 = CARTESIAN_POINT('',(-21.52451177361,60.998387794014,
    12.695110880226));
#13838 = CARTESIAN_POINT('',(-21.1769624488,61.000001055937,
    12.848470460789));
#13839 = CARTESIAN_POINT('',(-20.82085288802,60.999999708871,
    12.949436527369));
#13840 = CARTESIAN_POINT('',(-20.46058163168,61.,13.000000009498));
#13841 = CARTESIAN_POINT('',(-20.09999992097,61.,13.));
#13842 = ORIENTED_EDGE('',*,*,#13843,.T.);
#13843 = EDGE_CURVE('',#13510,#13819,#13844,.T.);
#13844 = B_SPLINE_CURVE_WITH_KNOTS('',7,(#13845,#13846,#13847,#13848,
    #13849,#13850,#13851,#13852,#13853,#13854,#13855,#13856,#13857,
    #13858,#13859,#13860,#13861,#13862,#13863,#13864,#13865,#13866,
    #13867,#13868,#13869,#13870,#13871,#13872,#13873,#13874,#13875,
    #13876,#13877,#13878,#13879,#13880,#13881,#13882,#13883,#13884,
    #13885,#13886,#13887,#13888),.UNSPECIFIED.,.F.,.F.,(8,6,6,6,6,6,6,8)
  ,(0.,0.15322796692,0.292290845349,0.422248876968,0.587404744221,
    0.732517259211,0.897695457716,1.),.UNSPECIFIED.);
#13845 = CARTESIAN_POINT('',(-20.09999992097,61.,13.));
#13846 = CARTESIAN_POINT('',(-19.81808067803,61.,12.999999992574));
#13847 = CARTESIAN_POINT('',(-19.53636962628,61.000000035055,
    12.969092190517));
#13848 = CARTESIAN_POINT('',(-19.25675478192,60.999999850889,
    12.907355181442));
#13849 = CARTESIAN_POINT('',(-18.98131294711,60.999398531526,
    12.814119512575));
#13850 = CARTESIAN_POINT('',(-18.71269114897,60.9969984701,
    12.688138798828));
#13851 = CARTESIAN_POINT('',(-18.45452956582,60.990783874512,
    12.527803023567));
#13852 = CARTESIAN_POINT('',(-17.99196491486,60.965684884837,
    12.153225534726));
#13853 = CARTESIAN_POINT('',(-17.77993561804,60.947760479109,
    11.941399563859));
#13854 = CARTESIAN_POINT('',(-17.58601696339,60.92134136181,
    11.696503990344));
#13855 = CARTESIAN_POINT('',(-17.41868431069,60.883375033228,
    11.421536318625));
#13856 = CARTESIAN_POINT('',(-17.28477262936,60.830797059198,
    11.121277809985));
#13857 = CARTESIAN_POINT('',(-17.18957016829,60.761411894458,
    10.801628962895));
#13858 = CARTESIAN_POINT('',(-17.08774594157,60.593240889472,
    10.158735987555));
#13859 = CARTESIAN_POINT('',(-17.07756710603,60.499707309841,
    9.848680340078));
#13860 = CARTESIAN_POINT('',(-17.10443778609,60.395141834624,
    9.545343755536));
#13861 = CARTESIAN_POINT('',(-17.16521396165,60.282021457556,
    9.254378082996));
#13862 = CARTESIAN_POINT('',(-17.25559868372,60.163977104933,
    8.980709789941));
#13863 = CARTESIAN_POINT('',(-17.37010106285,60.045338580844,
    8.728323644773));
#13864 = CARTESIAN_POINT('',(-17.6694494736,59.784071475312,
    8.209837019737));
#13865 = CARTESIAN_POINT('',(-17.86906066173,59.640057992374,
    7.951412274667));
#13866 = CARTESIAN_POINT('',(-18.09419693405,59.503048576387,
    7.725360007055));
#13867 = CARTESIAN_POINT('',(-18.34017250022,59.377461373291,
    7.531601299594));
#13868 = CARTESIAN_POINT('',(-18.60357079807,59.267294695853,
    7.370141123617));
#13869 = CARTESIAN_POINT('',(-18.88184604265,59.17632640748,
    7.241415532593));
#13870 = CARTESIAN_POINT('',(-19.4287238115,59.04805165527,
    7.063724189987));
#13871 = CARTESIAN_POINT('',(-19.69365659324,59.005748309668,
    7.007217747162));
#13872 = CARTESIAN_POINT('',(-19.96398992444,58.983847598,6.97872143337)
  );
#13873 = CARTESIAN_POINT('',(-20.23609392193,58.983852009528,
    6.978726914078));
#13874 = CARTESIAN_POINT('',(-20.50641137343,59.005758357358,
    7.007231096389));
#13875 = CARTESIAN_POINT('',(-20.77131345962,59.048060392529,
    7.063736292663));
#13876 = CARTESIAN_POINT('',(-21.31815105416,59.176325732202,
    7.24141459777));
#13877 = CARTESIAN_POINT('',(-21.59642632885,59.267293498634,
    7.370139407123));
#13878 = CARTESIAN_POINT('',(-21.8598265715,59.377460598118,
    7.531600066213));
#13879 = CARTESIAN_POINT('',(-22.10580403749,59.503048807481,
    7.725360122162));
#13880 = CARTESIAN_POINT('',(-22.33094155285,59.640059343615,
    7.951414435089));
#13881 = CARTESIAN_POINT('',(-22.5305521175,59.7840728579,8.209839757959
    ));
#13882 = CARTESIAN_POINT('',(-22.80183370415,60.020843641859,
    8.679713249203));
#13883 = CARTESIAN_POINT('',(-22.89410964691,60.112967825754,
    8.873033959695));
#13884 = CARTESIAN_POINT('',(-22.97234968237,60.204979037779,
    9.079043893978));
#13885 = CARTESIAN_POINT('',(-23.03418777672,60.295145466893,
    9.296492852836));
#13886 = CARTESIAN_POINT('',(-23.07742267474,60.38183102313,
    9.523798762708));
#13887 = CARTESIAN_POINT('',(-23.1,60.463616297624,9.759048578238));
#13888 = CARTESIAN_POINT('',(-23.1,60.539392014169,10.));
#13889 = ORIENTED_EDGE('',*,*,#13818,.F.);
#13890 = CYLINDRICAL_SURFACE('',#13891,3.);
#13891 = AXIS2_PLACEMENT_3D('',#13892,#13893,#13894);
#13892 = CARTESIAN_POINT('',(-20.1,63.,10.));
#13893 = DIRECTION('',(0.,1.,-2.2E-16));
#13894 = DIRECTION('',(-1.,0.,0.));
#13895 = ADVANCED_FACE('',(#13896),#13972,.F.);
#13896 = FACE_BOUND('',#13897,.F.);
#13897 = EDGE_LOOP('',(#13898,#13899,#13907,#13924,#13971));
#13898 = ORIENTED_EDGE('',*,*,#2826,.F.);
#13899 = ORIENTED_EDGE('',*,*,#13900,.T.);
#13900 = EDGE_CURVE('',#2827,#13901,#13903,.T.);
#13901 = VERTEX_POINT('',#13902);
#13902 = CARTESIAN_POINT('',(-83.4,60.539392014169,10.));
#13903 = LINE('',#13904,#13905);
#13904 = CARTESIAN_POINT('',(-83.4,63.,10.));
#13905 = VECTOR('',#13906,1.);
#13906 = DIRECTION('',(0.,-1.,0.));
#13907 = ORIENTED_EDGE('',*,*,#13908,.T.);
#13908 = EDGE_CURVE('',#13901,#13502,#13909,.T.);
#13909 = B_SPLINE_CURVE_WITH_KNOTS('',7,(#13910,#13911,#13912,#13913,
    #13914,#13915,#13916,#13917,#13918,#13919,#13920,#13921,#13922,
    #13923),.UNSPECIFIED.,.F.,.F.,(8,6,8),(0.,0.389681357722,1.),
  .UNSPECIFIED.);
#13910 = CARTESIAN_POINT('',(-83.4,60.539392014169,10.));
#13911 = CARTESIAN_POINT('',(-83.4,60.632539519833,10.296190190556));
#13912 = CARTESIAN_POINT('',(-83.36588326987,60.714920107365,
    10.595635912299));
#13913 = CARTESIAN_POINT('',(-83.29630043894,60.78417419853,
    10.890770744314));
#13914 = CARTESIAN_POINT('',(-83.19266027247,60.839629568702,
    11.173959662242));
#13915 = CARTESIAN_POINT('',(-83.0589857448,60.882358130995,
    11.438065633091));
#13916 = CARTESIAN_POINT('',(-82.90203135824,60.914403115446,
    11.67729577734));
#13917 = CARTESIAN_POINT('',(-82.464254517,60.974896178484,
    12.217905153782));
#13918 = CARTESIAN_POINT('',(-82.15682450866,60.991973472385,
    12.486165162034));
#13919 = CARTESIAN_POINT('',(-81.82451177361,60.998387794014,
    12.695110880227));
#13920 = CARTESIAN_POINT('',(-81.4769624488,61.000001055937,
    12.848470460789));
#13921 = CARTESIAN_POINT('',(-81.12085288802,60.999999708871,
    12.949436527369));
#13922 = CARTESIAN_POINT('',(-80.76058163168,61.,13.000000009498));
#13923 = CARTESIAN_POINT('',(-80.39999992097,61.,13.));
#13924 = ORIENTED_EDGE('',*,*,#13925,.T.);
#13925 = EDGE_CURVE('',#13502,#13901,#13926,.T.);
#13926 = B_SPLINE_CURVE_WITH_KNOTS('',7,(#13927,#13928,#13929,#13930,
    #13931,#13932,#13933,#13934,#13935,#13936,#13937,#13938,#13939,
    #13940,#13941,#13942,#13943,#13944,#13945,#13946,#13947,#13948,
    #13949,#13950,#13951,#13952,#13953,#13954,#13955,#13956,#13957,
    #13958,#13959,#13960,#13961,#13962,#13963,#13964,#13965,#13966,
    #13967,#13968,#13969,#13970),.UNSPECIFIED.,.F.,.F.,(8,6,6,6,6,6,6,8)
  ,(0.,0.153227969479,0.292290847469,0.422248878678,0.587404745409,
    0.732517259941,0.897695457925,1.),.UNSPECIFIED.);
#13927 = CARTESIAN_POINT('',(-80.39999992097,61.,13.));
#13928 = CARTESIAN_POINT('',(-80.11808068361,61.,12.999999992574));
#13929 = CARTESIAN_POINT('',(-79.83636961296,61.00000003518,
    12.969092191842));
#13930 = CARTESIAN_POINT('',(-79.5567547912,60.999999850428,
    12.907355175251));
#13931 = CARTESIAN_POINT('',(-79.28131295231,60.999398532289,
    12.814119524096));
#13932 = CARTESIAN_POINT('',(-79.01269113812,60.996998469439,
    12.688138788554));
#13933 = CARTESIAN_POINT('',(-78.75452957064,60.990783874773,
    12.527803027467));
#13934 = CARTESIAN_POINT('',(-78.29196491486,60.965684884837,
    12.153225534725));
#13935 = CARTESIAN_POINT('',(-78.07993561804,60.947760479109,
    11.94139956386));
#13936 = CARTESIAN_POINT('',(-77.88601696339,60.92134136181,
    11.696503990344));
#13937 = CARTESIAN_POINT('',(-77.71868431069,60.883375033228,
    11.421536318625));
#13938 = CARTESIAN_POINT('',(-77.58477262936,60.830797059198,
    11.121277809985));
#13939 = CARTESIAN_POINT('',(-77.48957016829,60.761411894458,
    10.801628962895));
#13940 = CARTESIAN_POINT('',(-77.38774594157,60.593240889472,
    10.158735987555));
#13941 = CARTESIAN_POINT('',(-77.37756710603,60.499707309841,
    9.848680340078));
#13942 = CARTESIAN_POINT('',(-77.40443778609,60.395141834624,
    9.545343755536));
#13943 = CARTESIAN_POINT('',(-77.46521396165,60.282021457556,
    9.254378082996));
#13944 = CARTESIAN_POINT('',(-77.55559868372,60.163977104933,
    8.980709789941));
#13945 = CARTESIAN_POINT('',(-77.67010106285,60.045338580844,
    8.728323644773));
#13946 = CARTESIAN_POINT('',(-77.9694494736,59.784071475312,
    8.209837019737));
#13947 = CARTESIAN_POINT('',(-78.16906066173,59.640057992374,
    7.951412274668));
#13948 = CARTESIAN_POINT('',(-78.39419693405,59.503048576387,
    7.725360007054));
#13949 = CARTESIAN_POINT('',(-78.64017250022,59.377461373291,
    7.531601299594));
#13950 = CARTESIAN_POINT('',(-78.90357079807,59.267294695853,
    7.370141123617));
#13951 = CARTESIAN_POINT('',(-79.18184604265,59.17632640748,
    7.241415532593));
#13952 = CARTESIAN_POINT('',(-79.7287238115,59.04805165527,
    7.063724189987));
#13953 = CARTESIAN_POINT('',(-79.99365659325,59.005748309668,
    7.007217747162));
#13954 = CARTESIAN_POINT('',(-80.26398992444,58.983847598001,
    6.97872143337));
#13955 = CARTESIAN_POINT('',(-80.53609392194,58.983852009528,
    6.978726914078));
#13956 = CARTESIAN_POINT('',(-80.80641137343,59.005758357358,
    7.007231096388));
#13957 = CARTESIAN_POINT('',(-81.07131345962,59.04806039253,
    7.063736292663));
#13958 = CARTESIAN_POINT('',(-81.61815105416,59.176325732202,
    7.24141459777));
#13959 = CARTESIAN_POINT('',(-81.89642632885,59.267293498634,
    7.370139407123));
#13960 = CARTESIAN_POINT('',(-82.1598265715,59.377460598118,
    7.531600066213));
#13961 = CARTESIAN_POINT('',(-82.40580403749,59.50304880748,
    7.725360122161));
#13962 = CARTESIAN_POINT('',(-82.63094155285,59.640059343616,
    7.951414435089));
#13963 = CARTESIAN_POINT('',(-82.8305521175,59.7840728579,8.209839757959
    ));
#13964 = CARTESIAN_POINT('',(-83.10183370427,60.020843641961,
    8.679713249404));
#13965 = CARTESIAN_POINT('',(-83.19410964688,60.112967825752,
    8.873033959715));
#13966 = CARTESIAN_POINT('',(-83.27234968229,60.204979037696,
    9.079043893804));
#13967 = CARTESIAN_POINT('',(-83.33418777671,60.295145466832,
    9.296492852662));
#13968 = CARTESIAN_POINT('',(-83.37742267478,60.381831023155,
    9.523798762737));
#13969 = CARTESIAN_POINT('',(-83.4,60.463616297696,9.759048578468));
#13970 = CARTESIAN_POINT('',(-83.4,60.539392014169,10.));
#13971 = ORIENTED_EDGE('',*,*,#13900,.F.);
#13972 = CYLINDRICAL_SURFACE('',#13973,3.);
#13973 = AXIS2_PLACEMENT_3D('',#13974,#13975,#13976);
#13974 = CARTESIAN_POINT('',(-80.4,63.,10.));
#13975 = DIRECTION('',(0.,1.,-2.2E-16));
#13976 = DIRECTION('',(-1.,0.,0.));
#13977 = ADVANCED_FACE('',(#13978),#13984,.T.);
#13978 = FACE_BOUND('',#13979,.F.);
#13979 = EDGE_LOOP('',(#13980,#13981,#13982,#13983));
#13980 = ORIENTED_EDGE('',*,*,#2863,.F.);
#13981 = ORIENTED_EDGE('',*,*,#2887,.F.);
#13982 = ORIENTED_EDGE('',*,*,#2911,.F.);
#13983 = ORIENTED_EDGE('',*,*,#2928,.F.);
#13984 = PLANE('',#13985);
#13985 = AXIS2_PLACEMENT_3D('',#13986,#13987,#13988);
#13986 = CARTESIAN_POINT('',(-50.25,67.5,10.));
#13987 = DIRECTION('',(0.,1.,0.));
#13988 = DIRECTION('',(0.,0.,-1.));
#13989 = ADVANCED_FACE('',(#13990,#14127,#14130),#14133,.F.);
#13990 = FACE_BOUND('',#13991,.T.);
#13991 = EDGE_LOOP('',(#13992,#13993,#13994,#14000,#14001,#14002,#14003,
    #14009,#14010,#14011,#14012,#14018,#14019,#14020,#14021,#14027,
    #14028,#14029,#14030,#14036,#14037,#14038,#14039,#14045,#14046,
    #14047,#14048,#14054,#14055,#14056,#14057,#14063,#14064,#14065,
    #14066,#14072,#14073,#14074,#14075,#14081,#14082,#14083,#14084,
    #14090,#14091,#14092,#14093,#14099,#14100,#14101,#14102,#14108,
    #14109,#14110,#14111,#14117,#14118,#14119,#14120,#14126));
#13992 = ORIENTED_EDGE('',*,*,#13443,.F.);
#13993 = ORIENTED_EDGE('',*,*,#13412,.T.);
#13994 = ORIENTED_EDGE('',*,*,#13995,.T.);
#13995 = EDGE_CURVE('',#13405,#8291,#13996,.T.);
#13996 = LINE('',#13997,#13998);
#13997 = CARTESIAN_POINT('',(-4.,19.,3.));
#13998 = VECTOR('',#13999,1.);
#13999 = DIRECTION('',(-1.,-0.,-0.));
#14000 = ORIENTED_EDGE('',*,*,#8298,.F.);
#14001 = ORIENTED_EDGE('',*,*,#8104,.T.);
#14002 = ORIENTED_EDGE('',*,*,#8047,.T.);
#14003 = ORIENTED_EDGE('',*,*,#14004,.T.);
#14004 = EDGE_CURVE('',#8040,#6905,#14005,.T.);
#14005 = LINE('',#14006,#14007);
#14006 = CARTESIAN_POINT('',(-4.,19.,3.));
#14007 = VECTOR('',#14008,1.);
#14008 = DIRECTION('',(-1.,-0.,-0.));
#14009 = ORIENTED_EDGE('',*,*,#6912,.F.);
#14010 = ORIENTED_EDGE('',*,*,#6623,.T.);
#14011 = ORIENTED_EDGE('',*,*,#6566,.T.);
#14012 = ORIENTED_EDGE('',*,*,#14013,.T.);
#14013 = EDGE_CURVE('',#6559,#8007,#14014,.T.);
#14014 = LINE('',#14015,#14016);
#14015 = CARTESIAN_POINT('',(-4.,19.,3.));
#14016 = VECTOR('',#14017,1.);
#14017 = DIRECTION('',(-1.,-0.,-0.));
#14018 = ORIENTED_EDGE('',*,*,#8014,.F.);
#14019 = ORIENTED_EDGE('',*,*,#7730,.T.);
#14020 = ORIENTED_EDGE('',*,*,#7673,.T.);
#14021 = ORIENTED_EDGE('',*,*,#14022,.T.);
#14022 = EDGE_CURVE('',#7666,#6526,#14023,.T.);
#14023 = LINE('',#14024,#14025);
#14024 = CARTESIAN_POINT('',(-4.,19.,3.));
#14025 = VECTOR('',#14026,1.);
#14026 = DIRECTION('',(-1.,-0.,-0.));
#14027 = ORIENTED_EDGE('',*,*,#6533,.F.);
#14028 = ORIENTED_EDGE('',*,*,#6249,.T.);
#14029 = ORIENTED_EDGE('',*,*,#6192,.T.);
#14030 = ORIENTED_EDGE('',*,*,#14031,.T.);
#14031 = EDGE_CURVE('',#6185,#7633,#14032,.T.);
#14032 = LINE('',#14033,#14034);
#14033 = CARTESIAN_POINT('',(-4.,19.,3.));
#14034 = VECTOR('',#14035,1.);
#14035 = DIRECTION('',(-1.,-0.,-0.));
#14036 = ORIENTED_EDGE('',*,*,#7640,.F.);
#14037 = ORIENTED_EDGE('',*,*,#7366,.T.);
#14038 = ORIENTED_EDGE('',*,*,#7309,.T.);
#14039 = ORIENTED_EDGE('',*,*,#14040,.T.);
#14040 = EDGE_CURVE('',#7302,#6152,#14041,.T.);
#14041 = LINE('',#14042,#14043);
#14042 = CARTESIAN_POINT('',(-4.,19.,3.));
#14043 = VECTOR('',#14044,1.);
#14044 = DIRECTION('',(-1.,-0.,-0.));
#14045 = ORIENTED_EDGE('',*,*,#6159,.F.);
#14046 = ORIENTED_EDGE('',*,*,#5885,.T.);
#14047 = ORIENTED_EDGE('',*,*,#5828,.T.);
#14048 = ORIENTED_EDGE('',*,*,#14049,.T.);
#14049 = EDGE_CURVE('',#5821,#7269,#14050,.T.);
#14050 = LINE('',#14051,#14052);
#14051 = CARTESIAN_POINT('',(-4.,19.,3.));
#14052 = VECTOR('',#14053,1.);
#14053 = DIRECTION('',(-1.,-0.,-0.));
#14054 = ORIENTED_EDGE('',*,*,#7276,.F.);
#14055 = ORIENTED_EDGE('',*,*,#7002,.T.);
#14056 = ORIENTED_EDGE('',*,*,#6945,.T.);
#14057 = ORIENTED_EDGE('',*,*,#14058,.T.);
#14058 = EDGE_CURVE('',#6938,#4696,#14059,.T.);
#14059 = LINE('',#14060,#14061);
#14060 = CARTESIAN_POINT('',(-4.,19.,3.));
#14061 = VECTOR('',#14062,1.);
#14062 = DIRECTION('',(-1.,-0.,-0.));
#14063 = ORIENTED_EDGE('',*,*,#4703,.F.);
#14064 = ORIENTED_EDGE('',*,*,#4429,.T.);
#14065 = ORIENTED_EDGE('',*,*,#4372,.T.);
#14066 = ORIENTED_EDGE('',*,*,#14067,.T.);
#14067 = EDGE_CURVE('',#4365,#5788,#14068,.T.);
#14068 = LINE('',#14069,#14070);
#14069 = CARTESIAN_POINT('',(-4.,19.,3.));
#14070 = VECTOR('',#14071,1.);
#14071 = DIRECTION('',(-1.,-0.,-0.));
#14072 = ORIENTED_EDGE('',*,*,#5795,.F.);
#14073 = ORIENTED_EDGE('',*,*,#5521,.T.);
#14074 = ORIENTED_EDGE('',*,*,#5464,.T.);
#14075 = ORIENTED_EDGE('',*,*,#14076,.T.);
#14076 = EDGE_CURVE('',#5457,#4332,#14077,.T.);
#14077 = LINE('',#14078,#14079);
#14078 = CARTESIAN_POINT('',(-4.,19.,3.));
#14079 = VECTOR('',#14080,1.);
#14080 = DIRECTION('',(-1.,-0.,-0.));
#14081 = ORIENTED_EDGE('',*,*,#4339,.F.);
#14082 = ORIENTED_EDGE('',*,*,#4065,.T.);
#14083 = ORIENTED_EDGE('',*,*,#4008,.T.);
#14084 = ORIENTED_EDGE('',*,*,#14085,.T.);
#14085 = EDGE_CURVE('',#4001,#5424,#14086,.T.);
#14086 = LINE('',#14087,#14088);
#14087 = CARTESIAN_POINT('',(-4.,19.,3.));
#14088 = VECTOR('',#14089,1.);
#14089 = DIRECTION('',(-1.,-0.,-0.));
#14090 = ORIENTED_EDGE('',*,*,#5431,.F.);
#14091 = ORIENTED_EDGE('',*,*,#5157,.T.);
#14092 = ORIENTED_EDGE('',*,*,#5100,.T.);
#14093 = ORIENTED_EDGE('',*,*,#14094,.T.);
#14094 = EDGE_CURVE('',#5093,#3968,#14095,.T.);
#14095 = LINE('',#14096,#14097);
#14096 = CARTESIAN_POINT('',(-4.,19.,3.));
#14097 = VECTOR('',#14098,1.);
#14098 = DIRECTION('',(-1.,-0.,-0.));
#14099 = ORIENTED_EDGE('',*,*,#3975,.F.);
#14100 = ORIENTED_EDGE('',*,*,#3701,.T.);
#14101 = ORIENTED_EDGE('',*,*,#3644,.T.);
#14102 = ORIENTED_EDGE('',*,*,#14103,.T.);
#14103 = EDGE_CURVE('',#3637,#5060,#14104,.T.);
#14104 = LINE('',#14105,#14106);
#14105 = CARTESIAN_POINT('',(-4.,19.,3.));
#14106 = VECTOR('',#14107,1.);
#14107 = DIRECTION('',(-1.,-0.,-0.));
#14108 = ORIENTED_EDGE('',*,*,#5067,.F.);
#14109 = ORIENTED_EDGE('',*,*,#4793,.T.);
#14110 = ORIENTED_EDGE('',*,*,#4736,.T.);
#14111 = ORIENTED_EDGE('',*,*,#14112,.T.);
#14112 = EDGE_CURVE('',#4729,#3604,#14113,.T.);
#14113 = LINE('',#14114,#14115);
#14114 = CARTESIAN_POINT('',(-4.,19.,3.));
#14115 = VECTOR('',#14116,1.);
#14116 = DIRECTION('',(-1.,-0.,-0.));
#14117 = ORIENTED_EDGE('',*,*,#3611,.F.);
#14118 = ORIENTED_EDGE('',*,*,#3337,.T.);
#14119 = ORIENTED_EDGE('',*,*,#3280,.T.);
#14120 = ORIENTED_EDGE('',*,*,#14121,.T.);
#14121 = EDGE_CURVE('',#3273,#13462,#14122,.T.);
#14122 = LINE('',#14123,#14124);
#14123 = CARTESIAN_POINT('',(-4.,19.,3.));
#14124 = VECTOR('',#14125,1.);
#14125 = DIRECTION('',(-1.,-0.,-0.));
#14126 = ORIENTED_EDGE('',*,*,#13461,.F.);
#14127 = FACE_BOUND('',#14128,.T.);
#14128 = EDGE_LOOP('',(#14129));
#14129 = ORIENTED_EDGE('',*,*,#2968,.F.);
#14130 = FACE_BOUND('',#14131,.T.);
#14131 = EDGE_LOOP('',(#14132));
#14132 = ORIENTED_EDGE('',*,*,#3042,.F.);
#14133 = CYLINDRICAL_SURFACE('',#14134,10.);
#14134 = AXIS2_PLACEMENT_3D('',#14135,#14136,#14137);
#14135 = CARTESIAN_POINT('',(-4.,19.,13.));
#14136 = DIRECTION('',(-1.,-0.,-0.));
#14137 = DIRECTION('',(0.,-1.,0.));
#14138 = ADVANCED_FACE('',(#14139),#14142,.F.);
#14139 = FACE_BOUND('',#14140,.F.);
#14140 = EDGE_LOOP('',(#14141));
#14141 = ORIENTED_EDGE('',*,*,#3116,.T.);
#14142 = PLANE('',#14143);
#14143 = AXIS2_PLACEMENT_3D('',#14144,#14145,#14146);
#14144 = CARTESIAN_POINT('',(-64.,9.,5.5));
#14145 = DIRECTION('',(0.,1.,0.));
#14146 = DIRECTION('',(0.,0.,-1.));
#14147 = ADVANCED_FACE('',(#14148),#14347,.T.);
#14148 = FACE_BOUND('',#14149,.F.);
#14149 = EDGE_LOOP('',(#14150,#14151,#14157,#14158,#14159,#14160,#14166,
    #14167,#14168,#14169,#14175,#14176,#14177,#14178,#14184,#14185,
    #14186,#14187,#14193,#14194,#14195,#14196,#14202,#14203,#14204,
    #14205,#14211,#14212,#14213,#14214,#14220,#14221,#14222,#14223,
    #14229,#14230,#14231,#14232,#14238,#14239,#14240,#14241,#14247,
    #14248,#14249,#14250,#14256,#14257,#14258,#14259,#14265,#14266,
    #14267,#14268,#14274,#14275,#14276,#14277,#14283,#14284,#14285,
    #14286,#14287,#14288,#14289,#14290,#14291,#14292,#14293,#14294,
    #14295,#14296,#14297,#14298,#14299,#14300,#14301,#14302,#14303,
    #14304,#14305,#14306,#14307,#14308,#14309,#14310,#14311,#14312,
    #14313,#14314,#14315,#14316,#14317,#14318,#14319,#14320,#14321,
    #14322,#14323,#14324,#14325,#14326,#14327,#14328,#14329,#14330,
    #14331,#14332,#14333,#14334,#14335,#14336,#14337,#14338,#14339,
    #14340,#14341,#14342,#14343,#14344,#14345,#14346));
#14150 = ORIENTED_EDGE('',*,*,#13701,.F.);
#14151 = ORIENTED_EDGE('',*,*,#14152,.F.);
#14152 = EDGE_CURVE('',#8324,#13702,#14153,.T.);
#14153 = LINE('',#14154,#14155);
#14154 = CARTESIAN_POINT('',(-4.,51.,3.));
#14155 = VECTOR('',#14156,1.);
#14156 = DIRECTION('',(-1.,-0.,-0.));
#14157 = ORIENTED_EDGE('',*,*,#8332,.F.);
#14158 = ORIENTED_EDGE('',*,*,#8636,.T.);
#14159 = ORIENTED_EDGE('',*,*,#8663,.T.);
#14160 = ORIENTED_EDGE('',*,*,#14161,.F.);
#14161 = EDGE_CURVE('',#9780,#8655,#14162,.T.);
#14162 = LINE('',#14163,#14164);
#14163 = CARTESIAN_POINT('',(-4.,51.,3.));
#14164 = VECTOR('',#14165,1.);
#14165 = DIRECTION('',(-1.,-0.,-0.));
#14166 = ORIENTED_EDGE('',*,*,#9788,.F.);
#14167 = ORIENTED_EDGE('',*,*,#10092,.T.);
#14168 = ORIENTED_EDGE('',*,*,#10119,.T.);
#14169 = ORIENTED_EDGE('',*,*,#14170,.F.);
#14170 = EDGE_CURVE('',#8688,#10111,#14171,.T.);
#14171 = LINE('',#14172,#14173);
#14172 = CARTESIAN_POINT('',(-4.,51.,3.));
#14173 = VECTOR('',#14174,1.);
#14174 = DIRECTION('',(-1.,-0.,-0.));
#14175 = ORIENTED_EDGE('',*,*,#8696,.F.);
#14176 = ORIENTED_EDGE('',*,*,#9000,.T.);
#14177 = ORIENTED_EDGE('',*,*,#9027,.T.);
#14178 = ORIENTED_EDGE('',*,*,#14179,.F.);
#14179 = EDGE_CURVE('',#10144,#9019,#14180,.T.);
#14180 = LINE('',#14181,#14182);
#14181 = CARTESIAN_POINT('',(-4.,51.,3.));
#14182 = VECTOR('',#14183,1.);
#14183 = DIRECTION('',(-1.,-0.,-0.));
#14184 = ORIENTED_EDGE('',*,*,#10152,.F.);
#14185 = ORIENTED_EDGE('',*,*,#10456,.T.);
#14186 = ORIENTED_EDGE('',*,*,#10483,.T.);
#14187 = ORIENTED_EDGE('',*,*,#14188,.F.);
#14188 = EDGE_CURVE('',#9052,#10475,#14189,.T.);
#14189 = LINE('',#14190,#14191);
#14190 = CARTESIAN_POINT('',(-4.,51.,3.));
#14191 = VECTOR('',#14192,1.);
#14192 = DIRECTION('',(-1.,-0.,-0.));
#14193 = ORIENTED_EDGE('',*,*,#9060,.F.);
#14194 = ORIENTED_EDGE('',*,*,#9364,.T.);
#14195 = ORIENTED_EDGE('',*,*,#9391,.T.);
#14196 = ORIENTED_EDGE('',*,*,#14197,.F.);
#14197 = EDGE_CURVE('',#10508,#9383,#14198,.T.);
#14198 = LINE('',#14199,#14200);
#14199 = CARTESIAN_POINT('',(-4.,51.,3.));
#14200 = VECTOR('',#14201,1.);
#14201 = DIRECTION('',(-1.,-0.,-0.));
#14202 = ORIENTED_EDGE('',*,*,#10516,.F.);
#14203 = ORIENTED_EDGE('',*,*,#10820,.T.);
#14204 = ORIENTED_EDGE('',*,*,#10847,.T.);
#14205 = ORIENTED_EDGE('',*,*,#14206,.F.);
#14206 = EDGE_CURVE('',#9416,#10839,#14207,.T.);
#14207 = LINE('',#14208,#14209);
#14208 = CARTESIAN_POINT('',(-4.,51.,3.));
#14209 = VECTOR('',#14210,1.);
#14210 = DIRECTION('',(-1.,-0.,-0.));
#14211 = ORIENTED_EDGE('',*,*,#9424,.F.);
#14212 = ORIENTED_EDGE('',*,*,#9728,.T.);
#14213 = ORIENTED_EDGE('',*,*,#9755,.T.);
#14214 = ORIENTED_EDGE('',*,*,#14215,.F.);
#14215 = EDGE_CURVE('',#11979,#9747,#14216,.T.);
#14216 = LINE('',#14217,#14218);
#14217 = CARTESIAN_POINT('',(-4.,51.,3.));
#14218 = VECTOR('',#14219,1.);
#14219 = DIRECTION('',(-1.,-0.,-0.));
#14220 = ORIENTED_EDGE('',*,*,#11987,.F.);
#14221 = ORIENTED_EDGE('',*,*,#12291,.T.);
#14222 = ORIENTED_EDGE('',*,*,#12318,.T.);
#14223 = ORIENTED_EDGE('',*,*,#14224,.F.);
#14224 = EDGE_CURVE('',#10872,#12310,#14225,.T.);
#14225 = LINE('',#14226,#14227);
#14226 = CARTESIAN_POINT('',(-4.,51.,3.));
#14227 = VECTOR('',#14228,1.);
#14228 = DIRECTION('',(-1.,-0.,-0.));
#14229 = ORIENTED_EDGE('',*,*,#10880,.F.);
#14230 = ORIENTED_EDGE('',*,*,#11184,.T.);
#14231 = ORIENTED_EDGE('',*,*,#11211,.T.);
#14232 = ORIENTED_EDGE('',*,*,#14233,.F.);
#14233 = EDGE_CURVE('',#12343,#11203,#14234,.T.);
#14234 = LINE('',#14235,#14236);
#14235 = CARTESIAN_POINT('',(-4.,51.,3.));
#14236 = VECTOR('',#14237,1.);
#14237 = DIRECTION('',(-1.,-0.,-0.));
#14238 = ORIENTED_EDGE('',*,*,#12351,.F.);
#14239 = ORIENTED_EDGE('',*,*,#12660,.T.);
#14240 = ORIENTED_EDGE('',*,*,#12687,.T.);
#14241 = ORIENTED_EDGE('',*,*,#14242,.F.);
#14242 = EDGE_CURVE('',#11236,#12679,#14243,.T.);
#14243 = LINE('',#14244,#14245);
#14244 = CARTESIAN_POINT('',(-4.,51.,3.));
#14245 = VECTOR('',#14246,1.);
#14246 = DIRECTION('',(-1.,-0.,-0.));
#14247 = ORIENTED_EDGE('',*,*,#11244,.F.);
#14248 = ORIENTED_EDGE('',*,*,#11558,.T.);
#14249 = ORIENTED_EDGE('',*,*,#11585,.T.);
#14250 = ORIENTED_EDGE('',*,*,#14251,.F.);
#14251 = EDGE_CURVE('',#12712,#11577,#14252,.T.);
#14252 = LINE('',#14253,#14254);
#14253 = CARTESIAN_POINT('',(-4.,51.,3.));
#14254 = VECTOR('',#14255,1.);
#14255 = DIRECTION('',(-1.,-0.,-0.));
#14256 = ORIENTED_EDGE('',*,*,#12720,.F.);
#14257 = ORIENTED_EDGE('',*,*,#13034,.T.);
#14258 = ORIENTED_EDGE('',*,*,#13061,.T.);
#14259 = ORIENTED_EDGE('',*,*,#14260,.F.);
#14260 = EDGE_CURVE('',#11610,#13053,#14261,.T.);
#14261 = LINE('',#14262,#14263);
#14262 = CARTESIAN_POINT('',(-4.,51.,3.));
#14263 = VECTOR('',#14264,1.);
#14264 = DIRECTION('',(-1.,-0.,-0.));
#14265 = ORIENTED_EDGE('',*,*,#11618,.F.);
#14266 = ORIENTED_EDGE('',*,*,#11927,.T.);
#14267 = ORIENTED_EDGE('',*,*,#11954,.T.);
#14268 = ORIENTED_EDGE('',*,*,#14269,.F.);
#14269 = EDGE_CURVE('',#13086,#11946,#14270,.T.);
#14270 = LINE('',#14271,#14272);
#14271 = CARTESIAN_POINT('',(-4.,51.,3.));
#14272 = VECTOR('',#14273,1.);
#14273 = DIRECTION('',(-1.,-0.,-0.));
#14274 = ORIENTED_EDGE('',*,*,#13094,.F.);
#14275 = ORIENTED_EDGE('',*,*,#13343,.T.);
#14276 = ORIENTED_EDGE('',*,*,#13370,.T.);
#14277 = ORIENTED_EDGE('',*,*,#14278,.F.);
#14278 = EDGE_CURVE('',#13396,#13362,#14279,.T.);
#14279 = LINE('',#14280,#14281);
#14280 = CARTESIAN_POINT('',(-4.,51.,3.));
#14281 = VECTOR('',#14282,1.);
#14282 = DIRECTION('',(-1.,-0.,-0.));
#14283 = ORIENTED_EDGE('',*,*,#13404,.F.);
#14284 = ORIENTED_EDGE('',*,*,#13995,.T.);
#14285 = ORIENTED_EDGE('',*,*,#8290,.T.);
#14286 = ORIENTED_EDGE('',*,*,#8072,.T.);
#14287 = ORIENTED_EDGE('',*,*,#8039,.F.);
#14288 = ORIENTED_EDGE('',*,*,#14004,.T.);
#14289 = ORIENTED_EDGE('',*,*,#6904,.T.);
#14290 = ORIENTED_EDGE('',*,*,#6591,.T.);
#14291 = ORIENTED_EDGE('',*,*,#6558,.F.);
#14292 = ORIENTED_EDGE('',*,*,#14013,.T.);
#14293 = ORIENTED_EDGE('',*,*,#8006,.T.);
#14294 = ORIENTED_EDGE('',*,*,#7698,.T.);
#14295 = ORIENTED_EDGE('',*,*,#7665,.F.);
#14296 = ORIENTED_EDGE('',*,*,#14022,.T.);
#14297 = ORIENTED_EDGE('',*,*,#6525,.T.);
#14298 = ORIENTED_EDGE('',*,*,#6217,.T.);
#14299 = ORIENTED_EDGE('',*,*,#6184,.F.);
#14300 = ORIENTED_EDGE('',*,*,#14031,.T.);
#14301 = ORIENTED_EDGE('',*,*,#7632,.T.);
#14302 = ORIENTED_EDGE('',*,*,#7334,.T.);
#14303 = ORIENTED_EDGE('',*,*,#7301,.F.);
#14304 = ORIENTED_EDGE('',*,*,#14040,.T.);
#14305 = ORIENTED_EDGE('',*,*,#6151,.T.);
#14306 = ORIENTED_EDGE('',*,*,#5853,.T.);
#14307 = ORIENTED_EDGE('',*,*,#5820,.F.);
#14308 = ORIENTED_EDGE('',*,*,#14049,.T.);
#14309 = ORIENTED_EDGE('',*,*,#7268,.T.);
#14310 = ORIENTED_EDGE('',*,*,#6970,.T.);
#14311 = ORIENTED_EDGE('',*,*,#6937,.F.);
#14312 = ORIENTED_EDGE('',*,*,#14058,.T.);
#14313 = ORIENTED_EDGE('',*,*,#4695,.T.);
#14314 = ORIENTED_EDGE('',*,*,#4397,.T.);
#14315 = ORIENTED_EDGE('',*,*,#4364,.F.);
#14316 = ORIENTED_EDGE('',*,*,#14067,.T.);
#14317 = ORIENTED_EDGE('',*,*,#5787,.T.);
#14318 = ORIENTED_EDGE('',*,*,#5489,.T.);
#14319 = ORIENTED_EDGE('',*,*,#5456,.F.);
#14320 = ORIENTED_EDGE('',*,*,#14076,.T.);
#14321 = ORIENTED_EDGE('',*,*,#4331,.T.);
#14322 = ORIENTED_EDGE('',*,*,#4033,.T.);
#14323 = ORIENTED_EDGE('',*,*,#4000,.F.);
#14324 = ORIENTED_EDGE('',*,*,#14085,.T.);
#14325 = ORIENTED_EDGE('',*,*,#5423,.T.);
#14326 = ORIENTED_EDGE('',*,*,#5125,.T.);
#14327 = ORIENTED_EDGE('',*,*,#5092,.F.);
#14328 = ORIENTED_EDGE('',*,*,#14094,.T.);
#14329 = ORIENTED_EDGE('',*,*,#3967,.T.);
#14330 = ORIENTED_EDGE('',*,*,#3669,.T.);
#14331 = ORIENTED_EDGE('',*,*,#3636,.F.);
#14332 = ORIENTED_EDGE('',*,*,#14103,.T.);
#14333 = ORIENTED_EDGE('',*,*,#5059,.T.);
#14334 = ORIENTED_EDGE('',*,*,#4761,.T.);
#14335 = ORIENTED_EDGE('',*,*,#4728,.F.);
#14336 = ORIENTED_EDGE('',*,*,#14112,.T.);
#14337 = ORIENTED_EDGE('',*,*,#3603,.T.);
#14338 = ORIENTED_EDGE('',*,*,#3305,.T.);
#14339 = ORIENTED_EDGE('',*,*,#3272,.F.);
#14340 = ORIENTED_EDGE('',*,*,#14121,.T.);
#14341 = ORIENTED_EDGE('',*,*,#13470,.F.);
#14342 = ORIENTED_EDGE('',*,*,#13559,.F.);
#14343 = ORIENTED_EDGE('',*,*,#13670,.F.);
#14344 = ORIENTED_EDGE('',*,*,#13734,.T.);
#14345 = ORIENTED_EDGE('',*,*,#13777,.F.);
#14346 = ORIENTED_EDGE('',*,*,#13752,.T.);
#14347 = PLANE('',#14348);
#14348 = AXIS2_PLACEMENT_3D('',#14349,#14350,#14351);
#14349 = CARTESIAN_POINT('',(-53.22588483494,35.24847319239,3.));
#14350 = DIRECTION('',(0.,0.,1.));
#14351 = DIRECTION('',(1.,0.,0.));
#14352 = ADVANCED_FACE('',(#14353,#14419,#14423),#14427,.F.);
#14353 = FACE_BOUND('',#14354,.F.);
#14354 = EDGE_LOOP('',(#14355,#14356,#14357,#14358,#14359,#14360,#14361,
    #14362,#14363,#14364,#14365,#14366,#14367,#14368,#14369,#14370,
    #14371,#14372,#14373,#14374,#14375,#14376,#14377,#14378,#14379,
    #14380,#14381,#14382,#14383,#14384,#14385,#14386,#14387,#14388,
    #14389,#14390,#14391,#14392,#14393,#14394,#14395,#14396,#14397,
    #14398,#14399,#14400,#14401,#14402,#14403,#14404,#14405,#14406,
    #14407,#14408,#14409,#14410,#14411,#14412,#14413,#14414,#14415,
    #14416,#14417,#14418));
#14355 = ORIENTED_EDGE('',*,*,#13541,.F.);
#14356 = ORIENTED_EDGE('',*,*,#13501,.F.);
#14357 = ORIENTED_EDGE('',*,*,#13509,.F.);
#14358 = ORIENTED_EDGE('',*,*,#13517,.F.);
#14359 = ORIENTED_EDGE('',*,*,#13395,.T.);
#14360 = ORIENTED_EDGE('',*,*,#14278,.T.);
#14361 = ORIENTED_EDGE('',*,*,#13361,.T.);
#14362 = ORIENTED_EDGE('',*,*,#13118,.F.);
#14363 = ORIENTED_EDGE('',*,*,#13085,.F.);
#14364 = ORIENTED_EDGE('',*,*,#14269,.T.);
#14365 = ORIENTED_EDGE('',*,*,#11945,.T.);
#14366 = ORIENTED_EDGE('',*,*,#11642,.F.);
#14367 = ORIENTED_EDGE('',*,*,#11609,.F.);
#14368 = ORIENTED_EDGE('',*,*,#14260,.T.);
#14369 = ORIENTED_EDGE('',*,*,#13052,.T.);
#14370 = ORIENTED_EDGE('',*,*,#12744,.F.);
#14371 = ORIENTED_EDGE('',*,*,#12711,.F.);
#14372 = ORIENTED_EDGE('',*,*,#14251,.T.);
#14373 = ORIENTED_EDGE('',*,*,#11576,.T.);
#14374 = ORIENTED_EDGE('',*,*,#11268,.F.);
#14375 = ORIENTED_EDGE('',*,*,#11235,.F.);
#14376 = ORIENTED_EDGE('',*,*,#14242,.T.);
#14377 = ORIENTED_EDGE('',*,*,#12678,.T.);
#14378 = ORIENTED_EDGE('',*,*,#12375,.F.);
#14379 = ORIENTED_EDGE('',*,*,#12342,.F.);
#14380 = ORIENTED_EDGE('',*,*,#14233,.T.);
#14381 = ORIENTED_EDGE('',*,*,#11202,.T.);
#14382 = ORIENTED_EDGE('',*,*,#10904,.F.);
#14383 = ORIENTED_EDGE('',*,*,#10871,.F.);
#14384 = ORIENTED_EDGE('',*,*,#14224,.T.);
#14385 = ORIENTED_EDGE('',*,*,#12309,.T.);
#14386 = ORIENTED_EDGE('',*,*,#12011,.F.);
#14387 = ORIENTED_EDGE('',*,*,#11978,.F.);
#14388 = ORIENTED_EDGE('',*,*,#14215,.T.);
#14389 = ORIENTED_EDGE('',*,*,#9746,.T.);
#14390 = ORIENTED_EDGE('',*,*,#9448,.F.);
#14391 = ORIENTED_EDGE('',*,*,#9415,.F.);
#14392 = ORIENTED_EDGE('',*,*,#14206,.T.);
#14393 = ORIENTED_EDGE('',*,*,#10838,.T.);
#14394 = ORIENTED_EDGE('',*,*,#10540,.F.);
#14395 = ORIENTED_EDGE('',*,*,#10507,.F.);
#14396 = ORIENTED_EDGE('',*,*,#14197,.T.);
#14397 = ORIENTED_EDGE('',*,*,#9382,.T.);
#14398 = ORIENTED_EDGE('',*,*,#9084,.F.);
#14399 = ORIENTED_EDGE('',*,*,#9051,.F.);
#14400 = ORIENTED_EDGE('',*,*,#14188,.T.);
#14401 = ORIENTED_EDGE('',*,*,#10474,.T.);
#14402 = ORIENTED_EDGE('',*,*,#10176,.F.);
#14403 = ORIENTED_EDGE('',*,*,#10143,.F.);
#14404 = ORIENTED_EDGE('',*,*,#14179,.T.);
#14405 = ORIENTED_EDGE('',*,*,#9018,.T.);
#14406 = ORIENTED_EDGE('',*,*,#8720,.F.);
#14407 = ORIENTED_EDGE('',*,*,#8687,.F.);
#14408 = ORIENTED_EDGE('',*,*,#14170,.T.);
#14409 = ORIENTED_EDGE('',*,*,#10110,.T.);
#14410 = ORIENTED_EDGE('',*,*,#9812,.F.);
#14411 = ORIENTED_EDGE('',*,*,#9779,.F.);
#14412 = ORIENTED_EDGE('',*,*,#14161,.T.);
#14413 = ORIENTED_EDGE('',*,*,#8654,.T.);
#14414 = ORIENTED_EDGE('',*,*,#8356,.F.);
#14415 = ORIENTED_EDGE('',*,*,#8323,.F.);
#14416 = ORIENTED_EDGE('',*,*,#14152,.T.);
#14417 = ORIENTED_EDGE('',*,*,#13709,.F.);
#14418 = ORIENTED_EDGE('',*,*,#13591,.F.);
#14419 = FACE_BOUND('',#14420,.F.);
#14420 = EDGE_LOOP('',(#14421,#14422));
#14421 = ORIENTED_EDGE('',*,*,#13843,.F.);
#14422 = ORIENTED_EDGE('',*,*,#13826,.F.);
#14423 = FACE_BOUND('',#14424,.F.);
#14424 = EDGE_LOOP('',(#14425,#14426));
#14425 = ORIENTED_EDGE('',*,*,#13925,.F.);
#14426 = ORIENTED_EDGE('',*,*,#13908,.F.);
#14427 = CYLINDRICAL_SURFACE('',#14428,10.);
#14428 = AXIS2_PLACEMENT_3D('',#14429,#14430,#14431);
#14429 = CARTESIAN_POINT('',(-4.,51.,13.));
#14430 = DIRECTION('',(-1.,-0.,-0.));
#14431 = DIRECTION('',(0.,1.,0.));
#14432 = ( GEOMETRIC_REPRESENTATION_CONTEXT(3) 
GLOBAL_UNCERTAINTY_ASSIGNED_CONTEXT((#14436)) 
GLOBAL_UNIT_ASSIGNED_CONTEXT((#14433,#14434,#14435)) 
REPRESENTATION_CONTEXT('Context #1',
  '3D Context with UNIT and UNCERTAINTY') );
#14433 = ( LENGTH_UNIT() NAMED_UNIT(*) SI_UNIT(.MILLI.,.METRE.) );
#14434 = ( NAMED_UNIT(*) PLANE_ANGLE_UNIT() SI_UNIT($,.RADIAN.) );
#14435 = ( NAMED_UNIT(*) SI_UNIT($,.STERADIAN.) SOLID_ANGLE_UNIT() );
#14436 = UNCERTAINTY_MEASURE_WITH_UNIT(LENGTH_MEASURE(2.E-05),#14433,
  'distance_accuracy_value','confusion accuracy');
#14437 = PRODUCT_RELATED_PRODUCT_CATEGORY('part',$,(#7));
#14438 = MECHANICAL_DESIGN_GEOMETRIC_PRESENTATION_REPRESENTATION('',(
    #14439),#14432);
#14439 = STYLED_ITEM('color',(#14440),#15);
#14440 = PRESENTATION_STYLE_ASSIGNMENT((#14441,#14447));
#14441 = SURFACE_STYLE_USAGE(.BOTH.,#14442);
#14442 = SURFACE_SIDE_STYLE('',(#14443));
#14443 = SURFACE_STYLE_FILL_AREA(#14444);
#14444 = FILL_AREA_STYLE('',(#14445));
#14445 = FILL_AREA_STYLE_COLOUR('',#14446);
#14446 = COLOUR_RGB('',0.666666687201,0.333333345507,0.);
#14447 = CURVE_STYLE('',#14448,POSITIVE_LENGTH_MEASURE(0.1),#14449);
#14448 = DRAUGHTING_PRE_DEFINED_CURVE_FONT('continuous');
#14449 = COLOUR_RGB('',9.803921802644E-02,9.803921802644E-02,
  9.803921802644E-02);
ENDSEC;
END-ISO-10303-21;
