ISO-10303-21;
HEADER;
FILE_DESCRIPTION(('FreeCAD Model'),'2;1');
FILE_NAME('Open CASCADE Shape Model','2026-07-15T18:29:42',(''),(''),
  'Open CASCADE STEP processor 7.8','FreeCAD','Unknown');
FILE_SCHEMA(('AUTOMOTIVE_DESIGN { 1 0 10303 214 1 1 1 1 }'));
ENDSEC;
DATA;
#1 = APPLICATION_PROTOCOL_DEFINITION('international standard',
  'automotive_design',2000,#2);
#2 = APPLICATION_CONTEXT(
  'core data for automotive mechanical design processes');
#3 = SHAPE_DEFINITION_REPRESENTATION(#4,#10);
#4 = PRODUCT_DEFINITION_SHAPE('','',#5);
#5 = PRODUCT_DEFINITION('design','',#6,#9);
#6 = PRODUCT_DEFINITION_FORMATION('','',#7);
#7 = PRODUCT('MkII-LeftSideRear-Ender3','MkII-LeftSideRear-Ender3','',(
    #8));
#8 = PRODUCT_CONTEXT('',#2,'mechanical');
#9 = PRODUCT_DEFINITION_CONTEXT('part definition',#2,'design');
#10 = ADVANCED_BREP_SHAPE_REPRESENTATION('',(#11,#15),#6713);
#11 = AXIS2_PLACEMENT_3D('',#12,#13,#14);
#12 = CARTESIAN_POINT('',(0.,0.,0.));
#13 = DIRECTION('',(0.,0.,1.));
#14 = DIRECTION('',(1.,0.,-0.));
#15 = MANIFOLD_SOLID_BREP('',#16);
#16 = CLOSED_SHELL('',(#17,#181,#228,#259,#453,#477,#508,#532,#556,#573,
    #604,#628,#652,#669,#694,#719,#750,#774,#798,#815,#891,#915,#973,
    #990,#1426,#1443,#1475,#1518,#1542,#1566,#1590,#1615,#1640,#1664,
    #1688,#1713,#1738,#1755,#1780,#1804,#1829,#1853,#1878,#1902,#1927,
    #1946,#1977,#2001,#2025,#2042,#2073,#2097,#2121,#2138,#2158,#2178,
    #2209,#2233,#2257,#2274,#2291,#2365,#2439,#2482,#2499,#2516,#2533,
    #2550,#2567,#2584,#2601,#2613,#2653,#2678,#2951,#2977,#3017,#3042,
    #3315,#3341,#3366,#3406,#3431,#3719,#3745,#3785,#3810,#4003,#4029,
    #4069,#4342,#4367,#4393,#4433,#4706,#4731,#4757,#4788,#4812,#4836,
    #4853,#4893,#5171,#5196,#5222,#5247,#5287,#5505,#5530,#5556,#5606,
    #5630,#5664,#5704,#5729,#5754,#5840,#5864,#5897,#5922,#5947,#5964,
    #5976,#5988,#6119,#6250,#6262,#6355,#6366,#6422,#6442,#6492,#6530,
    #6594,#6622,#6642,#6655,#6667,#6679,#6696));
#17 = ADVANCED_FACE('',(#18,#52,#86,#120,#131,#142),#176,.T.);
#18 = FACE_BOUND('',#19,.T.);
#19 = EDGE_LOOP('',(#20,#30,#38,#46));
#20 = ORIENTED_EDGE('',*,*,#21,.T.);
#21 = EDGE_CURVE('',#22,#24,#26,.T.);
#22 = VERTEX_POINT('',#23);
#23 = CARTESIAN_POINT('',(0.,66.,0.4));
#24 = VERTEX_POINT('',#25);
#25 = CARTESIAN_POINT('',(0.,66.,20.));
#26 = LINE('',#27,#28);
#27 = CARTESIAN_POINT('',(0.,66.,0.));
#28 = VECTOR('',#29,1.);
#29 = DIRECTION('',(0.,0.,1.));
#30 = ORIENTED_EDGE('',*,*,#31,.T.);
#31 = EDGE_CURVE('',#24,#32,#34,.T.);
#32 = VERTEX_POINT('',#33);
#33 = CARTESIAN_POINT('',(100.5,66.,20.));
#34 = LINE('',#35,#36);
#35 = CARTESIAN_POINT('',(0.,66.,20.));
#36 = VECTOR('',#37,1.);
#37 = DIRECTION('',(1.,0.,0.));
#38 = ORIENTED_EDGE('',*,*,#39,.F.);
#39 = EDGE_CURVE('',#40,#32,#42,.T.);
#40 = VERTEX_POINT('',#41);
#41 = CARTESIAN_POINT('',(100.5,66.,0.4));
#42 = LINE('',#43,#44);
#43 = CARTESIAN_POINT('',(100.5,66.,0.));
#44 = VECTOR('',#45,1.);
#45 = DIRECTION('',(0.,0.,1.));
#46 = ORIENTED_EDGE('',*,*,#47,.F.);
#47 = EDGE_CURVE('',#22,#40,#48,.T.);
#48 = LINE('',#49,#50);
#49 = CARTESIAN_POINT('',(0.,66.,0.4));
#50 = VECTOR('',#51,1.);
#51 = DIRECTION('',(1.,0.,0.));
#52 = FACE_BOUND('',#53,.T.);
#53 = EDGE_LOOP('',(#54,#64,#72,#80));
#54 = ORIENTED_EDGE('',*,*,#55,.T.);
#55 = EDGE_CURVE('',#56,#58,#60,.T.);
#56 = VERTEX_POINT('',#57);
#57 = CARTESIAN_POINT('',(5.,66.,14.2));
#58 = VERTEX_POINT('',#59);
#59 = CARTESIAN_POINT('',(5.,66.,5.8));
#60 = LINE('',#61,#62);
#61 = CARTESIAN_POINT('',(5.,66.,14.2));
#62 = VECTOR('',#63,1.);
#63 = DIRECTION('',(0.,0.,-1.));
#64 = ORIENTED_EDGE('',*,*,#65,.T.);
#65 = EDGE_CURVE('',#58,#66,#68,.T.);
#66 = VERTEX_POINT('',#67);
#67 = CARTESIAN_POINT('',(15.1,66.,5.8));
#68 = LINE('',#69,#70);
#69 = CARTESIAN_POINT('',(5.,66.,5.8));
#70 = VECTOR('',#71,1.);
#71 = DIRECTION('',(1.,0.,0.));
#72 = ORIENTED_EDGE('',*,*,#73,.T.);
#73 = EDGE_CURVE('',#66,#74,#76,.T.);
#74 = VERTEX_POINT('',#75);
#75 = CARTESIAN_POINT('',(15.1,66.,14.2));
#76 = LINE('',#77,#78);
#77 = CARTESIAN_POINT('',(15.1,66.,5.8));
#78 = VECTOR('',#79,1.);
#79 = DIRECTION('',(0.,0.,1.));
#80 = ORIENTED_EDGE('',*,*,#81,.T.);
#81 = EDGE_CURVE('',#74,#56,#82,.T.);
#82 = LINE('',#83,#84);
#83 = CARTESIAN_POINT('',(15.1,66.,14.2));
#84 = VECTOR('',#85,1.);
#85 = DIRECTION('',(-1.,0.,0.));
#86 = FACE_BOUND('',#87,.T.);
#87 = EDGE_LOOP('',(#88,#98,#106,#114));
#88 = ORIENTED_EDGE('',*,*,#89,.T.);
#89 = EDGE_CURVE('',#90,#92,#94,.T.);
#90 = VERTEX_POINT('',#91);
#91 = CARTESIAN_POINT('',(75.4,66.,14.2));
#92 = VERTEX_POINT('',#93);
#93 = CARTESIAN_POINT('',(25.1,66.,14.2));
#94 = LINE('',#95,#96);
#95 = CARTESIAN_POINT('',(75.4,66.,14.2));
#96 = VECTOR('',#97,1.);
#97 = DIRECTION('',(-1.,0.,0.));
#98 = ORIENTED_EDGE('',*,*,#99,.T.);
#99 = EDGE_CURVE('',#92,#100,#102,.T.);
#100 = VERTEX_POINT('',#101);
#101 = CARTESIAN_POINT('',(25.1,66.,5.8));
#102 = LINE('',#103,#104);
#103 = CARTESIAN_POINT('',(25.1,66.,14.2));
#104 = VECTOR('',#105,1.);
#105 = DIRECTION('',(0.,0.,-1.));
#106 = ORIENTED_EDGE('',*,*,#107,.T.);
#107 = EDGE_CURVE('',#100,#108,#110,.T.);
#108 = VERTEX_POINT('',#109);
#109 = CARTESIAN_POINT('',(75.4,66.,5.8));
#110 = LINE('',#111,#112);
#111 = CARTESIAN_POINT('',(25.1,66.,5.8));
#112 = VECTOR('',#113,1.);
#113 = DIRECTION('',(1.,0.,0.));
#114 = ORIENTED_EDGE('',*,*,#115,.T.);
#115 = EDGE_CURVE('',#108,#90,#116,.T.);
#116 = LINE('',#117,#118);
#117 = CARTESIAN_POINT('',(75.4,66.,5.8));
#118 = VECTOR('',#119,1.);
#119 = DIRECTION('',(0.,0.,1.));
#120 = FACE_BOUND('',#121,.T.);
#121 = EDGE_LOOP('',(#122));
#122 = ORIENTED_EDGE('',*,*,#123,.T.);
#123 = EDGE_CURVE('',#124,#124,#126,.T.);
#124 = VERTEX_POINT('',#125);
#125 = CARTESIAN_POINT('',(21.8,66.,10.));
#126 = CIRCLE('',#127,1.7);
#127 = AXIS2_PLACEMENT_3D('',#128,#129,#130);
#128 = CARTESIAN_POINT('',(20.1,66.,10.));
#129 = DIRECTION('',(0.,-1.,2.2E-16));
#130 = DIRECTION('',(1.,0.,0.));
#131 = FACE_BOUND('',#132,.T.);
#132 = EDGE_LOOP('',(#133));
#133 = ORIENTED_EDGE('',*,*,#134,.T.);
#134 = EDGE_CURVE('',#135,#135,#137,.T.);
#135 = VERTEX_POINT('',#136);
#136 = CARTESIAN_POINT('',(82.1,66.,10.));
#137 = CIRCLE('',#138,1.7);
#138 = AXIS2_PLACEMENT_3D('',#139,#140,#141);
#139 = CARTESIAN_POINT('',(80.4,66.,10.));
#140 = DIRECTION('',(0.,-1.,2.2E-16));
#141 = DIRECTION('',(1.,0.,0.));
#142 = FACE_BOUND('',#143,.T.);
#143 = EDGE_LOOP('',(#144,#154,#162,#170));
#144 = ORIENTED_EDGE('',*,*,#145,.T.);
#145 = EDGE_CURVE('',#146,#148,#150,.T.);
#146 = VERTEX_POINT('',#147);
#147 = CARTESIAN_POINT('',(85.4,66.,14.2));
#148 = VERTEX_POINT('',#149);
#149 = CARTESIAN_POINT('',(85.4,66.,5.8));
#150 = LINE('',#151,#152);
#151 = CARTESIAN_POINT('',(85.4,66.,14.2));
#152 = VECTOR('',#153,1.);
#153 = DIRECTION('',(0.,0.,-1.));
#154 = ORIENTED_EDGE('',*,*,#155,.T.);
#155 = EDGE_CURVE('',#148,#156,#158,.T.);
#156 = VERTEX_POINT('',#157);
#157 = CARTESIAN_POINT('',(95.5,66.,5.8));
#158 = LINE('',#159,#160);
#159 = CARTESIAN_POINT('',(85.4,66.,5.8));
#160 = VECTOR('',#161,1.);
#161 = DIRECTION('',(1.,0.,0.));
#162 = ORIENTED_EDGE('',*,*,#163,.T.);
#163 = EDGE_CURVE('',#156,#164,#166,.T.);
#164 = VERTEX_POINT('',#165);
#165 = CARTESIAN_POINT('',(95.5,66.,14.2));
#166 = LINE('',#167,#168);
#167 = CARTESIAN_POINT('',(95.5,66.,5.8));
#168 = VECTOR('',#169,1.);
#169 = DIRECTION('',(0.,0.,1.));
#170 = ORIENTED_EDGE('',*,*,#171,.T.);
#171 = EDGE_CURVE('',#164,#146,#172,.T.);
#172 = LINE('',#173,#174);
#173 = CARTESIAN_POINT('',(95.5,66.,14.2));
#174 = VECTOR('',#175,1.);
#175 = DIRECTION('',(-1.,0.,0.));
#176 = PLANE('',#177);
#177 = AXIS2_PLACEMENT_3D('',#178,#179,#180);
#178 = CARTESIAN_POINT('',(0.,66.,0.));
#179 = DIRECTION('',(0.,1.,0.));
#180 = DIRECTION('',(1.,0.,0.));
#181 = ADVANCED_FACE('',(#182),#223,.T.);
#182 = FACE_BOUND('',#183,.T.);
#183 = EDGE_LOOP('',(#184,#194,#202,#210,#216,#217));
#184 = ORIENTED_EDGE('',*,*,#185,.T.);
#185 = EDGE_CURVE('',#186,#188,#190,.T.);
#186 = VERTEX_POINT('',#187);
#187 = CARTESIAN_POINT('',(0.,4.,0.4));
#188 = VERTEX_POINT('',#189);
#189 = CARTESIAN_POINT('',(0.,4.,8.987407973032));
#190 = LINE('',#191,#192);
#191 = CARTESIAN_POINT('',(0.,4.,0.));
#192 = VECTOR('',#193,1.);
#193 = DIRECTION('',(0.,0.,1.));
#194 = ORIENTED_EDGE('',*,*,#195,.T.);
#195 = EDGE_CURVE('',#188,#196,#198,.T.);
#196 = VERTEX_POINT('',#197);
#197 = CARTESIAN_POINT('',(0.,0.,14.7));
#198 = LINE('',#199,#200);
#199 = CARTESIAN_POINT('',(0.,4.,8.987407973032));
#200 = VECTOR('',#201,1.);
#201 = DIRECTION('',(0.,-0.573576436351,0.819152044289));
#202 = ORIENTED_EDGE('',*,*,#203,.T.);
#203 = EDGE_CURVE('',#196,#204,#206,.T.);
#204 = VERTEX_POINT('',#205);
#205 = CARTESIAN_POINT('',(0.,0.,20.));
#206 = LINE('',#207,#208);
#207 = CARTESIAN_POINT('',(0.,0.,0.));
#208 = VECTOR('',#209,1.);
#209 = DIRECTION('',(0.,0.,1.));
#210 = ORIENTED_EDGE('',*,*,#211,.T.);
#211 = EDGE_CURVE('',#204,#24,#212,.T.);
#212 = LINE('',#213,#214);
#213 = CARTESIAN_POINT('',(0.,0.,20.));
#214 = VECTOR('',#215,1.);
#215 = DIRECTION('',(0.,1.,0.));
#216 = ORIENTED_EDGE('',*,*,#21,.F.);
#217 = ORIENTED_EDGE('',*,*,#218,.F.);
#218 = EDGE_CURVE('',#186,#22,#219,.T.);
#219 = LINE('',#220,#221);
#220 = CARTESIAN_POINT('',(0.,4.,0.4));
#221 = VECTOR('',#222,1.);
#222 = DIRECTION('',(0.,1.,0.));
#223 = PLANE('',#224);
#224 = AXIS2_PLACEMENT_3D('',#225,#226,#227);
#225 = CARTESIAN_POINT('',(0.,0.,0.));
#226 = DIRECTION('',(-1.,0.,0.));
#227 = DIRECTION('',(0.,1.,0.));
#228 = ADVANCED_FACE('',(#229),#254,.T.);
#229 = FACE_BOUND('',#230,.T.);
#230 = EDGE_LOOP('',(#231,#239,#240,#248));
#231 = ORIENTED_EDGE('',*,*,#232,.F.);
#232 = EDGE_CURVE('',#22,#233,#235,.T.);
#233 = VERTEX_POINT('',#234);
#234 = CARTESIAN_POINT('',(0.4,65.6,0.));
#235 = LINE('',#236,#237);
#236 = CARTESIAN_POINT('',(10.466666666667,55.533333333333,
    -10.06666666666));
#237 = VECTOR('',#238,1.);
#238 = DIRECTION('',(0.57735026919,-0.57735026919,-0.57735026919));
#239 = ORIENTED_EDGE('',*,*,#47,.T.);
#240 = ORIENTED_EDGE('',*,*,#241,.T.);
#241 = EDGE_CURVE('',#40,#242,#244,.T.);
#242 = VERTEX_POINT('',#243);
#243 = CARTESIAN_POINT('',(100.1,65.6,2.E-15));
#244 = LINE('',#245,#246);
#245 = CARTESIAN_POINT('',(83.616666666666,49.116666666667,
    -16.48333333333));
#246 = VECTOR('',#247,1.);
#247 = DIRECTION('',(-0.57735026919,-0.57735026919,-0.57735026919));
#248 = ORIENTED_EDGE('',*,*,#249,.F.);
#249 = EDGE_CURVE('',#233,#242,#250,.T.);
#250 = LINE('',#251,#252);
#251 = CARTESIAN_POINT('',(0.,65.6,0.));
#252 = VECTOR('',#253,1.);
#253 = DIRECTION('',(1.,0.,0.));
#254 = PLANE('',#255);
#255 = AXIS2_PLACEMENT_3D('',#256,#257,#258);
#256 = CARTESIAN_POINT('',(0.,65.8,0.2));
#257 = DIRECTION('',(0.,0.707106781187,-0.707106781187));
#258 = DIRECTION('',(1.,0.,0.));
#259 = ADVANCED_FACE('',(#260,#362),#448,.T.);
#260 = FACE_BOUND('',#261,.T.);
#261 = EDGE_LOOP('',(#262,#272,#280,#288,#297,#305,#314,#322,#331,#339,
    #348,#356));
#262 = ORIENTED_EDGE('',*,*,#263,.T.);
#263 = EDGE_CURVE('',#264,#266,#268,.T.);
#264 = VERTEX_POINT('',#265);
#265 = CARTESIAN_POINT('',(3.,5.,20.));
#266 = VERTEX_POINT('',#267);
#267 = CARTESIAN_POINT('',(3.,62.,20.));
#268 = LINE('',#269,#270);
#269 = CARTESIAN_POINT('',(3.,5.,20.));
#270 = VECTOR('',#271,1.);
#271 = DIRECTION('',(0.,1.,0.));
#272 = ORIENTED_EDGE('',*,*,#273,.T.);
#273 = EDGE_CURVE('',#266,#274,#276,.T.);
#274 = VERTEX_POINT('',#275);
#275 = CARTESIAN_POINT('',(97.5,62.,20.));
#276 = LINE('',#277,#278);
#277 = CARTESIAN_POINT('',(4.,62.,20.));
#278 = VECTOR('',#279,1.);
#279 = DIRECTION('',(1.,0.,0.));
#280 = ORIENTED_EDGE('',*,*,#281,.T.);
#281 = EDGE_CURVE('',#274,#282,#284,.T.);
#282 = VERTEX_POINT('',#283);
#283 = CARTESIAN_POINT('',(97.5,58.076061575154,20.));
#284 = LINE('',#285,#286);
#285 = CARTESIAN_POINT('',(97.5,61.,20.));
#286 = VECTOR('',#287,1.);
#287 = DIRECTION('',(0.,-1.,0.));
#288 = ORIENTED_EDGE('',*,*,#289,.T.);
#289 = EDGE_CURVE('',#282,#290,#292,.T.);
#290 = VERTEX_POINT('',#291);
#291 = CARTESIAN_POINT('',(100.5,52.879909152447,20.));
#292 = CIRCLE('',#293,6.);
#293 = AXIS2_PLACEMENT_3D('',#294,#295,#296);
#294 = CARTESIAN_POINT('',(103.5,58.076061575154,20.));
#295 = DIRECTION('',(0.,0.,1.));
#296 = DIRECTION('',(-1.,0.,0.));
#297 = ORIENTED_EDGE('',*,*,#298,.T.);
#298 = EDGE_CURVE('',#290,#299,#301,.T.);
#299 = VERTEX_POINT('',#300);
#300 = CARTESIAN_POINT('',(108.5,48.26110699893,20.));
#301 = LINE('',#302,#303);
#302 = CARTESIAN_POINT('',(100.5,52.879909152447,20.));
#303 = VECTOR('',#304,1.);
#304 = DIRECTION('',(0.866025403784,-0.5,0.));
#305 = ORIENTED_EDGE('',*,*,#306,.T.);
#306 = EDGE_CURVE('',#299,#307,#309,.T.);
#307 = VERTEX_POINT('',#308);
#308 = CARTESIAN_POINT('',(110.,45.663030787577,20.));
#309 = CIRCLE('',#310,3.);
#310 = AXIS2_PLACEMENT_3D('',#311,#312,#313);
#311 = CARTESIAN_POINT('',(107.,45.663030787577,20.));
#312 = DIRECTION('',(0.,0.,-1.));
#313 = DIRECTION('',(0.5,0.866025403784,0.));
#314 = ORIENTED_EDGE('',*,*,#315,.T.);
#315 = EDGE_CURVE('',#307,#316,#318,.T.);
#316 = VERTEX_POINT('',#317);
#317 = CARTESIAN_POINT('',(110.,36.413030787577,20.));
#318 = LINE('',#319,#320);
#319 = CARTESIAN_POINT('',(110.,45.663030787577,20.));
#320 = VECTOR('',#321,1.);
#321 = DIRECTION('',(0.,-1.,0.));
#322 = ORIENTED_EDGE('',*,*,#323,.T.);
#323 = EDGE_CURVE('',#316,#324,#326,.T.);
#324 = VERTEX_POINT('',#325);
#325 = CARTESIAN_POINT('',(108.5,33.814954576224,20.));
#326 = CIRCLE('',#327,3.);
#327 = AXIS2_PLACEMENT_3D('',#328,#329,#330);
#328 = CARTESIAN_POINT('',(107.,36.413030787577,20.));
#329 = DIRECTION('',(0.,0.,-1.));
#330 = DIRECTION('',(1.,0.,0.));
#331 = ORIENTED_EDGE('',*,*,#332,.T.);
#332 = EDGE_CURVE('',#324,#333,#335,.T.);
#333 = VERTEX_POINT('',#334);
#334 = CARTESIAN_POINT('',(100.5,29.196152422707,20.));
#335 = LINE('',#336,#337);
#336 = CARTESIAN_POINT('',(108.5,33.814954576224,20.));
#337 = VECTOR('',#338,1.);
#338 = DIRECTION('',(-0.866025403784,-0.5,0.));
#339 = ORIENTED_EDGE('',*,*,#340,.T.);
#340 = EDGE_CURVE('',#333,#341,#343,.T.);
#341 = VERTEX_POINT('',#342);
#342 = CARTESIAN_POINT('',(97.5,24.,20.));
#343 = CIRCLE('',#344,6.);
#344 = AXIS2_PLACEMENT_3D('',#345,#346,#347);
#345 = CARTESIAN_POINT('',(103.5,24.,20.));
#346 = DIRECTION('',(0.,0.,1.));
#347 = DIRECTION('',(-0.5,0.866025403784,0.));
#348 = ORIENTED_EDGE('',*,*,#349,.T.);
#349 = EDGE_CURVE('',#341,#350,#352,.T.);
#350 = VERTEX_POINT('',#351);
#351 = CARTESIAN_POINT('',(97.5,5.,20.));
#352 = LINE('',#353,#354);
#353 = CARTESIAN_POINT('',(97.5,24.,20.));
#354 = VECTOR('',#355,1.);
#355 = DIRECTION('',(0.,-1.,0.));
#356 = ORIENTED_EDGE('',*,*,#357,.F.);
#357 = EDGE_CURVE('',#264,#350,#358,.T.);
#358 = LINE('',#359,#360);
#359 = CARTESIAN_POINT('',(4.,5.,20.));
#360 = VECTOR('',#361,1.);
#361 = DIRECTION('',(1.,0.,0.));
#362 = FACE_BOUND('',#363,.F.);
#363 = EDGE_LOOP('',(#364,#365,#373,#382,#390,#399,#407,#416,#424,#433,
    #441,#447));
#364 = ORIENTED_EDGE('',*,*,#31,.T.);
#365 = ORIENTED_EDGE('',*,*,#366,.T.);
#366 = EDGE_CURVE('',#32,#367,#369,.T.);
#367 = VERTEX_POINT('',#368);
#368 = CARTESIAN_POINT('',(100.5,58.076061575154,20.));
#369 = LINE('',#370,#371);
#370 = CARTESIAN_POINT('',(100.5,66.,20.));
#371 = VECTOR('',#372,1.);
#372 = DIRECTION('',(0.,-1.,0.));
#373 = ORIENTED_EDGE('',*,*,#374,.T.);
#374 = EDGE_CURVE('',#367,#375,#377,.T.);
#375 = VERTEX_POINT('',#376);
#376 = CARTESIAN_POINT('',(102.,55.477985363801,20.));
#377 = CIRCLE('',#378,3.);
#378 = AXIS2_PLACEMENT_3D('',#379,#380,#381);
#379 = CARTESIAN_POINT('',(103.5,58.076061575154,20.));
#380 = DIRECTION('',(0.,0.,1.));
#381 = DIRECTION('',(1.,0.,0.));
#382 = ORIENTED_EDGE('',*,*,#383,.T.);
#383 = EDGE_CURVE('',#375,#384,#386,.T.);
#384 = VERTEX_POINT('',#385);
#385 = CARTESIAN_POINT('',(110.,50.859183210284,20.));
#386 = LINE('',#387,#388);
#387 = CARTESIAN_POINT('',(102.,55.477985363801,20.));
#388 = VECTOR('',#389,1.);
#389 = DIRECTION('',(0.866025403784,-0.5,0.));
#390 = ORIENTED_EDGE('',*,*,#391,.F.);
#391 = EDGE_CURVE('',#392,#384,#394,.T.);
#392 = VERTEX_POINT('',#393);
#393 = CARTESIAN_POINT('',(113.,45.663030787577,20.));
#394 = CIRCLE('',#395,6.);
#395 = AXIS2_PLACEMENT_3D('',#396,#397,#398);
#396 = CARTESIAN_POINT('',(107.,45.663030787577,20.));
#397 = DIRECTION('',(0.,0.,1.));
#398 = DIRECTION('',(1.,0.,0.));
#399 = ORIENTED_EDGE('',*,*,#400,.T.);
#400 = EDGE_CURVE('',#392,#401,#403,.T.);
#401 = VERTEX_POINT('',#402);
#402 = CARTESIAN_POINT('',(113.,36.413030787577,20.));
#403 = LINE('',#404,#405);
#404 = CARTESIAN_POINT('',(113.,45.663030787577,20.));
#405 = VECTOR('',#406,1.);
#406 = DIRECTION('',(0.,-1.,0.));
#407 = ORIENTED_EDGE('',*,*,#408,.F.);
#408 = EDGE_CURVE('',#409,#401,#411,.T.);
#409 = VERTEX_POINT('',#410);
#410 = CARTESIAN_POINT('',(110.,31.21687836487,20.));
#411 = CIRCLE('',#412,6.);
#412 = AXIS2_PLACEMENT_3D('',#413,#414,#415);
#413 = CARTESIAN_POINT('',(107.,36.413030787577,20.));
#414 = DIRECTION('',(0.,0.,1.));
#415 = DIRECTION('',(1.,0.,0.));
#416 = ORIENTED_EDGE('',*,*,#417,.T.);
#417 = EDGE_CURVE('',#409,#418,#420,.T.);
#418 = VERTEX_POINT('',#419);
#419 = CARTESIAN_POINT('',(102.,26.598076211353,20.));
#420 = LINE('',#421,#422);
#421 = CARTESIAN_POINT('',(110.,31.21687836487,20.));
#422 = VECTOR('',#423,1.);
#423 = DIRECTION('',(-0.866025403784,-0.5,0.));
#424 = ORIENTED_EDGE('',*,*,#425,.T.);
#425 = EDGE_CURVE('',#418,#426,#428,.T.);
#426 = VERTEX_POINT('',#427);
#427 = CARTESIAN_POINT('',(100.5,24.,20.));
#428 = CIRCLE('',#429,3.);
#429 = AXIS2_PLACEMENT_3D('',#430,#431,#432);
#430 = CARTESIAN_POINT('',(103.5,24.,20.));
#431 = DIRECTION('',(0.,0.,1.));
#432 = DIRECTION('',(1.,0.,0.));
#433 = ORIENTED_EDGE('',*,*,#434,.F.);
#434 = EDGE_CURVE('',#435,#426,#437,.T.);
#435 = VERTEX_POINT('',#436);
#436 = CARTESIAN_POINT('',(100.5,0.,20.));
#437 = LINE('',#438,#439);
#438 = CARTESIAN_POINT('',(100.5,0.,20.));
#439 = VECTOR('',#440,1.);
#440 = DIRECTION('',(0.,1.,0.));
#441 = ORIENTED_EDGE('',*,*,#442,.F.);
#442 = EDGE_CURVE('',#204,#435,#443,.T.);
#443 = LINE('',#444,#445);
#444 = CARTESIAN_POINT('',(0.,0.,20.));
#445 = VECTOR('',#446,1.);
#446 = DIRECTION('',(1.,0.,0.));
#447 = ORIENTED_EDGE('',*,*,#211,.T.);
#448 = PLANE('',#449);
#449 = AXIS2_PLACEMENT_3D('',#450,#451,#452);
#450 = CARTESIAN_POINT('',(53.162022130872,34.201895847688,20.));
#451 = DIRECTION('',(0.,0.,1.));
#452 = DIRECTION('',(1.,0.,0.));
#453 = ADVANCED_FACE('',(#454),#472,.T.);
#454 = FACE_BOUND('',#455,.T.);
#455 = EDGE_LOOP('',(#456,#457,#458,#466));
#456 = ORIENTED_EDGE('',*,*,#39,.T.);
#457 = ORIENTED_EDGE('',*,*,#366,.T.);
#458 = ORIENTED_EDGE('',*,*,#459,.F.);
#459 = EDGE_CURVE('',#460,#367,#462,.T.);
#460 = VERTEX_POINT('',#461);
#461 = CARTESIAN_POINT('',(100.5,58.076061575154,0.4));
#462 = LINE('',#463,#464);
#463 = CARTESIAN_POINT('',(100.5,58.076061575154,0.));
#464 = VECTOR('',#465,1.);
#465 = DIRECTION('',(0.,0.,1.));
#466 = ORIENTED_EDGE('',*,*,#467,.F.);
#467 = EDGE_CURVE('',#40,#460,#468,.T.);
#468 = LINE('',#469,#470);
#469 = CARTESIAN_POINT('',(100.5,66.,0.4));
#470 = VECTOR('',#471,1.);
#471 = DIRECTION('',(0.,-1.,0.));
#472 = PLANE('',#473);
#473 = AXIS2_PLACEMENT_3D('',#474,#475,#476);
#474 = CARTESIAN_POINT('',(100.5,66.,0.));
#475 = DIRECTION('',(1.,0.,0.));
#476 = DIRECTION('',(0.,-1.,0.));
#477 = ADVANCED_FACE('',(#478),#503,.T.);
#478 = FACE_BOUND('',#479,.T.);
#479 = EDGE_LOOP('',(#480,#488,#496,#502));
#480 = ORIENTED_EDGE('',*,*,#481,.T.);
#481 = EDGE_CURVE('',#56,#482,#484,.T.);
#482 = VERTEX_POINT('',#483);
#483 = CARTESIAN_POINT('',(5.,66.1,14.2));
#484 = LINE('',#485,#486);
#485 = CARTESIAN_POINT('',(5.,66.,14.2));
#486 = VECTOR('',#487,1.);
#487 = DIRECTION('',(0.,1.,0.));
#488 = ORIENTED_EDGE('',*,*,#489,.T.);
#489 = EDGE_CURVE('',#482,#490,#492,.T.);
#490 = VERTEX_POINT('',#491);
#491 = CARTESIAN_POINT('',(5.,66.1,5.8));
#492 = LINE('',#493,#494);
#493 = CARTESIAN_POINT('',(5.,66.1,14.2));
#494 = VECTOR('',#495,1.);
#495 = DIRECTION('',(0.,-2.2E-16,-1.));
#496 = ORIENTED_EDGE('',*,*,#497,.F.);
#497 = EDGE_CURVE('',#58,#490,#498,.T.);
#498 = LINE('',#499,#500);
#499 = CARTESIAN_POINT('',(5.,66.,5.8));
#500 = VECTOR('',#501,1.);
#501 = DIRECTION('',(0.,1.,0.));
#502 = ORIENTED_EDGE('',*,*,#55,.F.);
#503 = PLANE('',#504);
#504 = AXIS2_PLACEMENT_3D('',#505,#506,#507);
#505 = CARTESIAN_POINT('',(5.,66.,14.2));
#506 = DIRECTION('',(-1.,0.,0.));
#507 = DIRECTION('',(-0.,-2.2E-16,-1.));
#508 = ADVANCED_FACE('',(#509),#527,.T.);
#509 = FACE_BOUND('',#510,.T.);
#510 = EDGE_LOOP('',(#511,#519,#525,#526));
#511 = ORIENTED_EDGE('',*,*,#512,.T.);
#512 = EDGE_CURVE('',#74,#513,#515,.T.);
#513 = VERTEX_POINT('',#514);
#514 = CARTESIAN_POINT('',(15.1,66.1,14.2));
#515 = LINE('',#516,#517);
#516 = CARTESIAN_POINT('',(15.1,66.,14.2));
#517 = VECTOR('',#518,1.);
#518 = DIRECTION('',(0.,1.,0.));
#519 = ORIENTED_EDGE('',*,*,#520,.T.);
#520 = EDGE_CURVE('',#513,#482,#521,.T.);
#521 = LINE('',#522,#523);
#522 = CARTESIAN_POINT('',(15.1,66.1,14.2));
#523 = VECTOR('',#524,1.);
#524 = DIRECTION('',(-1.,0.,0.));
#525 = ORIENTED_EDGE('',*,*,#481,.F.);
#526 = ORIENTED_EDGE('',*,*,#81,.F.);
#527 = PLANE('',#528);
#528 = AXIS2_PLACEMENT_3D('',#529,#530,#531);
#529 = CARTESIAN_POINT('',(15.1,66.,14.2));
#530 = DIRECTION('',(0.,0.,1.));
#531 = DIRECTION('',(-1.,0.,0.));
#532 = ADVANCED_FACE('',(#533),#551,.T.);
#533 = FACE_BOUND('',#534,.T.);
#534 = EDGE_LOOP('',(#535,#543,#549,#550));
#535 = ORIENTED_EDGE('',*,*,#536,.T.);
#536 = EDGE_CURVE('',#66,#537,#539,.T.);
#537 = VERTEX_POINT('',#538);
#538 = CARTESIAN_POINT('',(15.1,66.1,5.8));
#539 = LINE('',#540,#541);
#540 = CARTESIAN_POINT('',(15.1,66.,5.8));
#541 = VECTOR('',#542,1.);
#542 = DIRECTION('',(0.,1.,0.));
#543 = ORIENTED_EDGE('',*,*,#544,.T.);
#544 = EDGE_CURVE('',#537,#513,#545,.T.);
#545 = LINE('',#546,#547);
#546 = CARTESIAN_POINT('',(15.1,66.1,5.8));
#547 = VECTOR('',#548,1.);
#548 = DIRECTION('',(0.,2.2E-16,1.));
#549 = ORIENTED_EDGE('',*,*,#512,.F.);
#550 = ORIENTED_EDGE('',*,*,#73,.F.);
#551 = PLANE('',#552);
#552 = AXIS2_PLACEMENT_3D('',#553,#554,#555);
#553 = CARTESIAN_POINT('',(15.1,66.,5.8));
#554 = DIRECTION('',(1.,0.,0.));
#555 = DIRECTION('',(0.,2.2E-16,1.));
#556 = ADVANCED_FACE('',(#557),#568,.T.);
#557 = FACE_BOUND('',#558,.T.);
#558 = EDGE_LOOP('',(#559,#560,#566,#567));
#559 = ORIENTED_EDGE('',*,*,#497,.T.);
#560 = ORIENTED_EDGE('',*,*,#561,.T.);
#561 = EDGE_CURVE('',#490,#537,#562,.T.);
#562 = LINE('',#563,#564);
#563 = CARTESIAN_POINT('',(5.,66.1,5.8));
#564 = VECTOR('',#565,1.);
#565 = DIRECTION('',(1.,0.,0.));
#566 = ORIENTED_EDGE('',*,*,#536,.F.);
#567 = ORIENTED_EDGE('',*,*,#65,.F.);
#568 = PLANE('',#569);
#569 = AXIS2_PLACEMENT_3D('',#570,#571,#572);
#570 = CARTESIAN_POINT('',(5.,66.,5.8));
#571 = DIRECTION('',(0.,0.,-1.));
#572 = DIRECTION('',(1.,0.,0.));
#573 = ADVANCED_FACE('',(#574),#599,.T.);
#574 = FACE_BOUND('',#575,.T.);
#575 = EDGE_LOOP('',(#576,#584,#592,#598));
#576 = ORIENTED_EDGE('',*,*,#577,.T.);
#577 = EDGE_CURVE('',#90,#578,#580,.T.);
#578 = VERTEX_POINT('',#579);
#579 = CARTESIAN_POINT('',(75.4,66.1,14.2));
#580 = LINE('',#581,#582);
#581 = CARTESIAN_POINT('',(75.4,66.,14.2));
#582 = VECTOR('',#583,1.);
#583 = DIRECTION('',(0.,1.,0.));
#584 = ORIENTED_EDGE('',*,*,#585,.T.);
#585 = EDGE_CURVE('',#578,#586,#588,.T.);
#586 = VERTEX_POINT('',#587);
#587 = CARTESIAN_POINT('',(25.1,66.1,14.2));
#588 = LINE('',#589,#590);
#589 = CARTESIAN_POINT('',(75.4,66.1,14.2));
#590 = VECTOR('',#591,1.);
#591 = DIRECTION('',(-1.,0.,0.));
#592 = ORIENTED_EDGE('',*,*,#593,.F.);
#593 = EDGE_CURVE('',#92,#586,#594,.T.);
#594 = LINE('',#595,#596);
#595 = CARTESIAN_POINT('',(25.1,66.,14.2));
#596 = VECTOR('',#597,1.);
#597 = DIRECTION('',(0.,1.,0.));
#598 = ORIENTED_EDGE('',*,*,#89,.F.);
#599 = PLANE('',#600);
#600 = AXIS2_PLACEMENT_3D('',#601,#602,#603);
#601 = CARTESIAN_POINT('',(75.4,66.,14.2));
#602 = DIRECTION('',(0.,0.,1.));
#603 = DIRECTION('',(-1.,0.,0.));
#604 = ADVANCED_FACE('',(#605),#623,.T.);
#605 = FACE_BOUND('',#606,.T.);
#606 = EDGE_LOOP('',(#607,#615,#621,#622));
#607 = ORIENTED_EDGE('',*,*,#608,.T.);
#608 = EDGE_CURVE('',#108,#609,#611,.T.);
#609 = VERTEX_POINT('',#610);
#610 = CARTESIAN_POINT('',(75.4,66.1,5.8));
#611 = LINE('',#612,#613);
#612 = CARTESIAN_POINT('',(75.4,66.,5.8));
#613 = VECTOR('',#614,1.);
#614 = DIRECTION('',(0.,1.,0.));
#615 = ORIENTED_EDGE('',*,*,#616,.T.);
#616 = EDGE_CURVE('',#609,#578,#617,.T.);
#617 = LINE('',#618,#619);
#618 = CARTESIAN_POINT('',(75.4,66.1,5.8));
#619 = VECTOR('',#620,1.);
#620 = DIRECTION('',(0.,2.2E-16,1.));
#621 = ORIENTED_EDGE('',*,*,#577,.F.);
#622 = ORIENTED_EDGE('',*,*,#115,.F.);
#623 = PLANE('',#624);
#624 = AXIS2_PLACEMENT_3D('',#625,#626,#627);
#625 = CARTESIAN_POINT('',(75.4,66.,5.8));
#626 = DIRECTION('',(1.,0.,0.));
#627 = DIRECTION('',(0.,2.2E-16,1.));
#628 = ADVANCED_FACE('',(#629),#647,.T.);
#629 = FACE_BOUND('',#630,.T.);
#630 = EDGE_LOOP('',(#631,#639,#645,#646));
#631 = ORIENTED_EDGE('',*,*,#632,.T.);
#632 = EDGE_CURVE('',#100,#633,#635,.T.);
#633 = VERTEX_POINT('',#634);
#634 = CARTESIAN_POINT('',(25.1,66.1,5.8));
#635 = LINE('',#636,#637);
#636 = CARTESIAN_POINT('',(25.1,66.,5.8));
#637 = VECTOR('',#638,1.);
#638 = DIRECTION('',(0.,1.,0.));
#639 = ORIENTED_EDGE('',*,*,#640,.T.);
#640 = EDGE_CURVE('',#633,#609,#641,.T.);
#641 = LINE('',#642,#643);
#642 = CARTESIAN_POINT('',(25.1,66.1,5.8));
#643 = VECTOR('',#644,1.);
#644 = DIRECTION('',(1.,0.,0.));
#645 = ORIENTED_EDGE('',*,*,#608,.F.);
#646 = ORIENTED_EDGE('',*,*,#107,.F.);
#647 = PLANE('',#648);
#648 = AXIS2_PLACEMENT_3D('',#649,#650,#651);
#649 = CARTESIAN_POINT('',(25.1,66.,5.8));
#650 = DIRECTION('',(0.,0.,-1.));
#651 = DIRECTION('',(1.,0.,0.));
#652 = ADVANCED_FACE('',(#653),#664,.T.);
#653 = FACE_BOUND('',#654,.T.);
#654 = EDGE_LOOP('',(#655,#656,#662,#663));
#655 = ORIENTED_EDGE('',*,*,#593,.T.);
#656 = ORIENTED_EDGE('',*,*,#657,.T.);
#657 = EDGE_CURVE('',#586,#633,#658,.T.);
#658 = LINE('',#659,#660);
#659 = CARTESIAN_POINT('',(25.1,66.1,14.2));
#660 = VECTOR('',#661,1.);
#661 = DIRECTION('',(0.,-2.2E-16,-1.));
#662 = ORIENTED_EDGE('',*,*,#632,.F.);
#663 = ORIENTED_EDGE('',*,*,#99,.F.);
#664 = PLANE('',#665);
#665 = AXIS2_PLACEMENT_3D('',#666,#667,#668);
#666 = CARTESIAN_POINT('',(25.1,66.,14.2));
#667 = DIRECTION('',(-1.,0.,0.));
#668 = DIRECTION('',(-0.,-2.2E-16,-1.));
#669 = ADVANCED_FACE('',(#670),#689,.F.);
#670 = FACE_BOUND('',#671,.F.);
#671 = EDGE_LOOP('',(#672,#681,#687,#688));
#672 = ORIENTED_EDGE('',*,*,#673,.F.);
#673 = EDGE_CURVE('',#674,#674,#676,.T.);
#674 = VERTEX_POINT('',#675);
#675 = CARTESIAN_POINT('',(21.8,63.,10.));
#676 = CIRCLE('',#677,1.7);
#677 = AXIS2_PLACEMENT_3D('',#678,#679,#680);
#678 = CARTESIAN_POINT('',(20.1,63.,10.));
#679 = DIRECTION('',(0.,-1.,2.2E-16));
#680 = DIRECTION('',(1.,0.,0.));
#681 = ORIENTED_EDGE('',*,*,#682,.T.);
#682 = EDGE_CURVE('',#674,#124,#683,.T.);
#683 = LINE('',#684,#685);
#684 = CARTESIAN_POINT('',(21.8,2.22E-15,10.));
#685 = VECTOR('',#686,1.);
#686 = DIRECTION('',(0.,1.,-2.2E-16));
#687 = ORIENTED_EDGE('',*,*,#123,.T.);
#688 = ORIENTED_EDGE('',*,*,#682,.F.);
#689 = CYLINDRICAL_SURFACE('',#690,1.7);
#690 = AXIS2_PLACEMENT_3D('',#691,#692,#693);
#691 = CARTESIAN_POINT('',(20.1,2.22E-15,10.));
#692 = DIRECTION('',(0.,-1.,2.2E-16));
#693 = DIRECTION('',(1.,0.,0.));
#694 = ADVANCED_FACE('',(#695),#714,.F.);
#695 = FACE_BOUND('',#696,.F.);
#696 = EDGE_LOOP('',(#697,#706,#712,#713));
#697 = ORIENTED_EDGE('',*,*,#698,.F.);
#698 = EDGE_CURVE('',#699,#699,#701,.T.);
#699 = VERTEX_POINT('',#700);
#700 = CARTESIAN_POINT('',(82.1,63.,10.));
#701 = CIRCLE('',#702,1.7);
#702 = AXIS2_PLACEMENT_3D('',#703,#704,#705);
#703 = CARTESIAN_POINT('',(80.4,63.,10.));
#704 = DIRECTION('',(0.,-1.,2.2E-16));
#705 = DIRECTION('',(1.,0.,0.));
#706 = ORIENTED_EDGE('',*,*,#707,.T.);
#707 = EDGE_CURVE('',#699,#135,#708,.T.);
#708 = LINE('',#709,#710);
#709 = CARTESIAN_POINT('',(82.1,2.22E-15,10.));
#710 = VECTOR('',#711,1.);
#711 = DIRECTION('',(0.,1.,-2.2E-16));
#712 = ORIENTED_EDGE('',*,*,#134,.T.);
#713 = ORIENTED_EDGE('',*,*,#707,.F.);
#714 = CYLINDRICAL_SURFACE('',#715,1.7);
#715 = AXIS2_PLACEMENT_3D('',#716,#717,#718);
#716 = CARTESIAN_POINT('',(80.4,2.22E-15,10.));
#717 = DIRECTION('',(0.,-1.,2.2E-16));
#718 = DIRECTION('',(1.,0.,0.));
#719 = ADVANCED_FACE('',(#720),#745,.T.);
#720 = FACE_BOUND('',#721,.T.);
#721 = EDGE_LOOP('',(#722,#730,#738,#744));
#722 = ORIENTED_EDGE('',*,*,#723,.T.);
#723 = EDGE_CURVE('',#146,#724,#726,.T.);
#724 = VERTEX_POINT('',#725);
#725 = CARTESIAN_POINT('',(85.4,66.1,14.2));
#726 = LINE('',#727,#728);
#727 = CARTESIAN_POINT('',(85.4,66.,14.2));
#728 = VECTOR('',#729,1.);
#729 = DIRECTION('',(0.,1.,0.));
#730 = ORIENTED_EDGE('',*,*,#731,.T.);
#731 = EDGE_CURVE('',#724,#732,#734,.T.);
#732 = VERTEX_POINT('',#733);
#733 = CARTESIAN_POINT('',(85.4,66.1,5.8));
#734 = LINE('',#735,#736);
#735 = CARTESIAN_POINT('',(85.4,66.1,14.2));
#736 = VECTOR('',#737,1.);
#737 = DIRECTION('',(0.,-2.2E-16,-1.));
#738 = ORIENTED_EDGE('',*,*,#739,.F.);
#739 = EDGE_CURVE('',#148,#732,#740,.T.);
#740 = LINE('',#741,#742);
#741 = CARTESIAN_POINT('',(85.4,66.,5.8));
#742 = VECTOR('',#743,1.);
#743 = DIRECTION('',(0.,1.,0.));
#744 = ORIENTED_EDGE('',*,*,#145,.F.);
#745 = PLANE('',#746);
#746 = AXIS2_PLACEMENT_3D('',#747,#748,#749);
#747 = CARTESIAN_POINT('',(85.4,66.,14.2));
#748 = DIRECTION('',(-1.,0.,0.));
#749 = DIRECTION('',(-0.,-2.2E-16,-1.));
#750 = ADVANCED_FACE('',(#751),#769,.T.);
#751 = FACE_BOUND('',#752,.T.);
#752 = EDGE_LOOP('',(#753,#761,#767,#768));
#753 = ORIENTED_EDGE('',*,*,#754,.T.);
#754 = EDGE_CURVE('',#164,#755,#757,.T.);
#755 = VERTEX_POINT('',#756);
#756 = CARTESIAN_POINT('',(95.5,66.1,14.2));
#757 = LINE('',#758,#759);
#758 = CARTESIAN_POINT('',(95.5,66.,14.2));
#759 = VECTOR('',#760,1.);
#760 = DIRECTION('',(0.,1.,0.));
#761 = ORIENTED_EDGE('',*,*,#762,.T.);
#762 = EDGE_CURVE('',#755,#724,#763,.T.);
#763 = LINE('',#764,#765);
#764 = CARTESIAN_POINT('',(95.5,66.1,14.2));
#765 = VECTOR('',#766,1.);
#766 = DIRECTION('',(-1.,0.,0.));
#767 = ORIENTED_EDGE('',*,*,#723,.F.);
#768 = ORIENTED_EDGE('',*,*,#171,.F.);
#769 = PLANE('',#770);
#770 = AXIS2_PLACEMENT_3D('',#771,#772,#773);
#771 = CARTESIAN_POINT('',(95.5,66.,14.2));
#772 = DIRECTION('',(0.,0.,1.));
#773 = DIRECTION('',(-1.,0.,0.));
#774 = ADVANCED_FACE('',(#775),#793,.T.);
#775 = FACE_BOUND('',#776,.T.);
#776 = EDGE_LOOP('',(#777,#785,#791,#792));
#777 = ORIENTED_EDGE('',*,*,#778,.T.);
#778 = EDGE_CURVE('',#156,#779,#781,.T.);
#779 = VERTEX_POINT('',#780);
#780 = CARTESIAN_POINT('',(95.5,66.1,5.8));
#781 = LINE('',#782,#783);
#782 = CARTESIAN_POINT('',(95.5,66.,5.8));
#783 = VECTOR('',#784,1.);
#784 = DIRECTION('',(0.,1.,0.));
#785 = ORIENTED_EDGE('',*,*,#786,.T.);
#786 = EDGE_CURVE('',#779,#755,#787,.T.);
#787 = LINE('',#788,#789);
#788 = CARTESIAN_POINT('',(95.5,66.1,5.8));
#789 = VECTOR('',#790,1.);
#790 = DIRECTION('',(0.,2.2E-16,1.));
#791 = ORIENTED_EDGE('',*,*,#754,.F.);
#792 = ORIENTED_EDGE('',*,*,#163,.F.);
#793 = PLANE('',#794);
#794 = AXIS2_PLACEMENT_3D('',#795,#796,#797);
#795 = CARTESIAN_POINT('',(95.5,66.,5.8));
#796 = DIRECTION('',(1.,0.,0.));
#797 = DIRECTION('',(0.,2.2E-16,1.));
#798 = ADVANCED_FACE('',(#799),#810,.T.);
#799 = FACE_BOUND('',#800,.T.);
#800 = EDGE_LOOP('',(#801,#802,#808,#809));
#801 = ORIENTED_EDGE('',*,*,#739,.T.);
#802 = ORIENTED_EDGE('',*,*,#803,.T.);
#803 = EDGE_CURVE('',#732,#779,#804,.T.);
#804 = LINE('',#805,#806);
#805 = CARTESIAN_POINT('',(85.4,66.1,5.8));
#806 = VECTOR('',#807,1.);
#807 = DIRECTION('',(1.,0.,0.));
#808 = ORIENTED_EDGE('',*,*,#778,.F.);
#809 = ORIENTED_EDGE('',*,*,#155,.F.);
#810 = PLANE('',#811);
#811 = AXIS2_PLACEMENT_3D('',#812,#813,#814);
#812 = CARTESIAN_POINT('',(85.4,66.,5.8));
#813 = DIRECTION('',(0.,0.,-1.));
#814 = DIRECTION('',(1.,0.,0.));
#815 = ADVANCED_FACE('',(#816,#875),#886,.T.);
#816 = FACE_BOUND('',#817,.T.);
#817 = EDGE_LOOP('',(#818,#819,#827,#835,#843,#852,#860,#869));
#818 = ORIENTED_EDGE('',*,*,#185,.F.);
#819 = ORIENTED_EDGE('',*,*,#820,.T.);
#820 = EDGE_CURVE('',#186,#821,#823,.T.);
#821 = VERTEX_POINT('',#822);
#822 = CARTESIAN_POINT('',(100.5,4.,0.4));
#823 = LINE('',#824,#825);
#824 = CARTESIAN_POINT('',(0.,4.,0.4));
#825 = VECTOR('',#826,1.);
#826 = DIRECTION('',(1.,0.,0.));
#827 = ORIENTED_EDGE('',*,*,#828,.T.);
#828 = EDGE_CURVE('',#821,#829,#831,.T.);
#829 = VERTEX_POINT('',#830);
#830 = CARTESIAN_POINT('',(100.5,4.,8.987407973032));
#831 = LINE('',#832,#833);
#832 = CARTESIAN_POINT('',(100.5,4.,0.));
#833 = VECTOR('',#834,1.);
#834 = DIRECTION('',(0.,0.,1.));
#835 = ORIENTED_EDGE('',*,*,#836,.F.);
#836 = EDGE_CURVE('',#837,#829,#839,.T.);
#837 = VERTEX_POINT('',#838);
#838 = CARTESIAN_POINT('',(81.765524583052,4.,8.987407973032));
#839 = LINE('',#840,#841);
#840 = CARTESIAN_POINT('',(0.,4.,8.987407973032));
#841 = VECTOR('',#842,1.);
#842 = DIRECTION('',(1.,0.,0.));
#843 = ORIENTED_EDGE('',*,*,#844,.F.);
#844 = EDGE_CURVE('',#845,#837,#847,.T.);
#845 = VERTEX_POINT('',#846);
#846 = CARTESIAN_POINT('',(79.034475416948,4.,8.987407973032));
#847 = CIRCLE('',#848,1.7);
#848 = AXIS2_PLACEMENT_3D('',#849,#850,#851);
#849 = CARTESIAN_POINT('',(80.4,4.,10.));
#850 = DIRECTION('',(0.,-1.,2.2E-16));
#851 = DIRECTION('',(1.,0.,0.));
#852 = ORIENTED_EDGE('',*,*,#853,.F.);
#853 = EDGE_CURVE('',#854,#845,#856,.T.);
#854 = VERTEX_POINT('',#855);
#855 = CARTESIAN_POINT('',(21.465524583052,4.,8.987407973032));
#856 = LINE('',#857,#858);
#857 = CARTESIAN_POINT('',(0.,4.,8.987407973032));
#858 = VECTOR('',#859,1.);
#859 = DIRECTION('',(1.,0.,0.));
#860 = ORIENTED_EDGE('',*,*,#861,.F.);
#861 = EDGE_CURVE('',#862,#854,#864,.T.);
#862 = VERTEX_POINT('',#863);
#863 = CARTESIAN_POINT('',(18.734475416948,4.,8.987407973032));
#864 = CIRCLE('',#865,1.7);
#865 = AXIS2_PLACEMENT_3D('',#866,#867,#868);
#866 = CARTESIAN_POINT('',(20.1,4.,10.));
#867 = DIRECTION('',(0.,-1.,2.2E-16));
#868 = DIRECTION('',(1.,0.,0.));
#869 = ORIENTED_EDGE('',*,*,#870,.F.);
#870 = EDGE_CURVE('',#188,#862,#871,.T.);
#871 = LINE('',#872,#873);
#872 = CARTESIAN_POINT('',(0.,4.,8.987407973032));
#873 = VECTOR('',#874,1.);
#874 = DIRECTION('',(1.,0.,0.));
#875 = FACE_BOUND('',#876,.T.);
#876 = EDGE_LOOP('',(#877));
#877 = ORIENTED_EDGE('',*,*,#878,.F.);
#878 = EDGE_CURVE('',#879,#879,#881,.T.);
#879 = VERTEX_POINT('',#880);
#880 = CARTESIAN_POINT('',(66.35,4.,5.5));
#881 = CIRCLE('',#882,2.35);
#882 = AXIS2_PLACEMENT_3D('',#883,#884,#885);
#883 = CARTESIAN_POINT('',(64.,4.,5.5));
#884 = DIRECTION('',(0.,-1.,2.2E-16));
#885 = DIRECTION('',(1.,0.,0.));
#886 = PLANE('',#887);
#887 = AXIS2_PLACEMENT_3D('',#888,#889,#890);
#888 = CARTESIAN_POINT('',(0.,4.,0.));
#889 = DIRECTION('',(0.,-1.,0.));
#890 = DIRECTION('',(0.,0.,1.));
#891 = ADVANCED_FACE('',(#892),#910,.T.);
#892 = FACE_BOUND('',#893,.T.);
#893 = EDGE_LOOP('',(#894,#902,#903,#904));
#894 = ORIENTED_EDGE('',*,*,#895,.F.);
#895 = EDGE_CURVE('',#186,#896,#898,.T.);
#896 = VERTEX_POINT('',#897);
#897 = CARTESIAN_POINT('',(0.4,4.4,0.));
#898 = LINE('',#899,#900);
#899 = CARTESIAN_POINT('',(0.133333333333,4.133333333333,0.266666666667)
  );
#900 = VECTOR('',#901,1.);
#901 = DIRECTION('',(0.57735026919,0.57735026919,-0.57735026919));
#902 = ORIENTED_EDGE('',*,*,#218,.T.);
#903 = ORIENTED_EDGE('',*,*,#232,.T.);
#904 = ORIENTED_EDGE('',*,*,#905,.F.);
#905 = EDGE_CURVE('',#896,#233,#906,.T.);
#906 = LINE('',#907,#908);
#907 = CARTESIAN_POINT('',(0.4,4.,0.));
#908 = VECTOR('',#909,1.);
#909 = DIRECTION('',(0.,1.,0.));
#910 = PLANE('',#911);
#911 = AXIS2_PLACEMENT_3D('',#912,#913,#914);
#912 = CARTESIAN_POINT('',(0.2,4.,0.2));
#913 = DIRECTION('',(-0.707106781187,0.,-0.707106781187));
#914 = DIRECTION('',(0.,1.,0.));
#915 = ADVANCED_FACE('',(#916),#968,.T.);
#916 = FACE_BOUND('',#917,.T.);
#917 = EDGE_LOOP('',(#918,#919,#920,#929,#936,#937,#946,#953,#954,#962)
  );
#918 = ORIENTED_EDGE('',*,*,#195,.F.);
#919 = ORIENTED_EDGE('',*,*,#870,.T.);
#920 = ORIENTED_EDGE('',*,*,#921,.F.);
#921 = EDGE_CURVE('',#922,#862,#924,.T.);
#922 = VERTEX_POINT('',#923);
#923 = CARTESIAN_POINT('',(21.8,3.290975429586,10.));
#924 = ELLIPSE('',#925,2.075316800894,1.7);
#925 = AXIS2_PLACEMENT_3D('',#926,#927,#928);
#926 = CARTESIAN_POINT('',(20.1,3.290975429586,10.));
#927 = DIRECTION('',(-0.,-0.819152044289,-0.573576436351));
#928 = DIRECTION('',(0.,-0.573576436351,0.819152044289));
#929 = ORIENTED_EDGE('',*,*,#930,.F.);
#930 = EDGE_CURVE('',#854,#922,#931,.T.);
#931 = ELLIPSE('',#932,2.075316800894,1.7);
#932 = AXIS2_PLACEMENT_3D('',#933,#934,#935);
#933 = CARTESIAN_POINT('',(20.1,3.290975429586,10.));
#934 = DIRECTION('',(-0.,-0.819152044289,-0.573576436351));
#935 = DIRECTION('',(0.,-0.573576436351,0.819152044289));
#936 = ORIENTED_EDGE('',*,*,#853,.T.);
#937 = ORIENTED_EDGE('',*,*,#938,.F.);
#938 = EDGE_CURVE('',#939,#845,#941,.T.);
#939 = VERTEX_POINT('',#940);
#940 = CARTESIAN_POINT('',(82.1,3.290975429586,10.));
#941 = ELLIPSE('',#942,2.075316800894,1.7);
#942 = AXIS2_PLACEMENT_3D('',#943,#944,#945);
#943 = CARTESIAN_POINT('',(80.4,3.290975429586,10.));
#944 = DIRECTION('',(-0.,-0.819152044289,-0.573576436351));
#945 = DIRECTION('',(0.,-0.573576436351,0.819152044289));
#946 = ORIENTED_EDGE('',*,*,#947,.F.);
#947 = EDGE_CURVE('',#837,#939,#948,.T.);
#948 = ELLIPSE('',#949,2.075316800894,1.7);
#949 = AXIS2_PLACEMENT_3D('',#950,#951,#952);
#950 = CARTESIAN_POINT('',(80.4,3.290975429586,10.));
#951 = DIRECTION('',(-0.,-0.819152044289,-0.573576436351));
#952 = DIRECTION('',(0.,-0.573576436351,0.819152044289));
#953 = ORIENTED_EDGE('',*,*,#836,.T.);
#954 = ORIENTED_EDGE('',*,*,#955,.T.);
#955 = EDGE_CURVE('',#829,#956,#958,.T.);
#956 = VERTEX_POINT('',#957);
#957 = CARTESIAN_POINT('',(100.5,0.,14.7));
#958 = LINE('',#959,#960);
#959 = CARTESIAN_POINT('',(100.5,5.453370381388,6.911779959794));
#960 = VECTOR('',#961,1.);
#961 = DIRECTION('',(0.,-0.573576436351,0.819152044289));
#962 = ORIENTED_EDGE('',*,*,#963,.F.);
#963 = EDGE_CURVE('',#196,#956,#964,.T.);
#964 = LINE('',#965,#966);
#965 = CARTESIAN_POINT('',(0.,0.,14.7));
#966 = VECTOR('',#967,1.);
#967 = DIRECTION('',(1.,0.,0.));
#968 = PLANE('',#969);
#969 = AXIS2_PLACEMENT_3D('',#970,#971,#972);
#970 = CARTESIAN_POINT('',(0.,4.,8.987407973032));
#971 = DIRECTION('',(0.,-0.819152044289,-0.573576436351));
#972 = DIRECTION('',(0.,-0.573576436351,0.819152044289));
#973 = ADVANCED_FACE('',(#974),#985,.F.);
#974 = FACE_BOUND('',#975,.F.);
#975 = EDGE_LOOP('',(#976,#977,#978,#979));
#976 = ORIENTED_EDGE('',*,*,#963,.F.);
#977 = ORIENTED_EDGE('',*,*,#203,.T.);
#978 = ORIENTED_EDGE('',*,*,#442,.T.);
#979 = ORIENTED_EDGE('',*,*,#980,.F.);
#980 = EDGE_CURVE('',#956,#435,#981,.T.);
#981 = LINE('',#982,#983);
#982 = CARTESIAN_POINT('',(100.5,0.,0.));
#983 = VECTOR('',#984,1.);
#984 = DIRECTION('',(0.,0.,1.));
#985 = PLANE('',#986);
#986 = AXIS2_PLACEMENT_3D('',#987,#988,#989);
#987 = CARTESIAN_POINT('',(0.,0.,0.));
#988 = DIRECTION('',(0.,1.,0.));
#989 = DIRECTION('',(1.,0.,0.));
#990 = ADVANCED_FACE('',(#991,#1077,#1113,#1149,#1160,#1196,#1232,#1268,
    #1304,#1338,#1374,#1385),#1421,.T.);
#991 = FACE_BOUND('',#992,.T.);
#992 = EDGE_LOOP('',(#993,#994,#995,#1003,#1012,#1020,#1029,#1037,#1046,
    #1054,#1063,#1071));
#993 = ORIENTED_EDGE('',*,*,#905,.T.);
#994 = ORIENTED_EDGE('',*,*,#249,.T.);
#995 = ORIENTED_EDGE('',*,*,#996,.T.);
#996 = EDGE_CURVE('',#242,#997,#999,.T.);
#997 = VERTEX_POINT('',#998);
#998 = CARTESIAN_POINT('',(100.1,58.076061575154,2.E-15));
#999 = LINE('',#1000,#1001);
#1000 = CARTESIAN_POINT('',(100.1,66.,0.));
#1001 = VECTOR('',#1002,1.);
#1002 = DIRECTION('',(0.,-1.,0.));
#1003 = ORIENTED_EDGE('',*,*,#1004,.T.);
#1004 = EDGE_CURVE('',#997,#1005,#1007,.T.);
#1005 = VERTEX_POINT('',#1006);
#1006 = CARTESIAN_POINT('',(101.8,55.131575202287,3.E-15));
#1007 = CIRCLE('',#1008,3.4);
#1008 = AXIS2_PLACEMENT_3D('',#1009,#1010,#1011);
#1009 = CARTESIAN_POINT('',(103.5,58.076061575154,0.));
#1010 = DIRECTION('',(0.,0.,1.));
#1011 = DIRECTION('',(-1.,0.,0.));
#1012 = ORIENTED_EDGE('',*,*,#1013,.T.);
#1013 = EDGE_CURVE('',#1005,#1014,#1016,.T.);
#1014 = VERTEX_POINT('',#1015);
#1015 = CARTESIAN_POINT('',(109.8,50.51277304877,3.E-15));
#1016 = LINE('',#1017,#1018);
#1017 = CARTESIAN_POINT('',(101.8,55.131575202287,0.));
#1018 = VECTOR('',#1019,1.);
#1019 = DIRECTION('',(0.866025403784,-0.5,0.));
#1020 = ORIENTED_EDGE('',*,*,#1021,.T.);
#1021 = EDGE_CURVE('',#1014,#1022,#1024,.T.);
#1022 = VERTEX_POINT('',#1023);
#1023 = CARTESIAN_POINT('',(112.6,45.663030787577,3.E-15));
#1024 = CIRCLE('',#1025,5.6);
#1025 = AXIS2_PLACEMENT_3D('',#1026,#1027,#1028);
#1026 = CARTESIAN_POINT('',(107.,45.663030787577,0.));
#1027 = DIRECTION('',(0.,0.,-1.));
#1028 = DIRECTION('',(0.5,0.866025403784,0.));
#1029 = ORIENTED_EDGE('',*,*,#1030,.T.);
#1030 = EDGE_CURVE('',#1022,#1031,#1033,.T.);
#1031 = VERTEX_POINT('',#1032);
#1032 = CARTESIAN_POINT('',(112.6,36.413030787577,2.E-15));
#1033 = LINE('',#1034,#1035);
#1034 = CARTESIAN_POINT('',(112.6,45.663030787577,0.));
#1035 = VECTOR('',#1036,1.);
#1036 = DIRECTION('',(0.,-1.,0.));
#1037 = ORIENTED_EDGE('',*,*,#1038,.T.);
#1038 = EDGE_CURVE('',#1031,#1039,#1041,.T.);
#1039 = VERTEX_POINT('',#1040);
#1040 = CARTESIAN_POINT('',(109.8,31.563288526384,3.E-15));
#1041 = CIRCLE('',#1042,5.6);
#1042 = AXIS2_PLACEMENT_3D('',#1043,#1044,#1045);
#1043 = CARTESIAN_POINT('',(107.,36.413030787577,0.));
#1044 = DIRECTION('',(0.,0.,-1.));
#1045 = DIRECTION('',(1.,0.,0.));
#1046 = ORIENTED_EDGE('',*,*,#1047,.T.);
#1047 = EDGE_CURVE('',#1039,#1048,#1050,.T.);
#1048 = VERTEX_POINT('',#1049);
#1049 = CARTESIAN_POINT('',(101.8,26.944486372867,3.E-15));
#1050 = LINE('',#1051,#1052);
#1051 = CARTESIAN_POINT('',(109.8,31.563288526384,0.));
#1052 = VECTOR('',#1053,1.);
#1053 = DIRECTION('',(-0.866025403784,-0.5,0.));
#1054 = ORIENTED_EDGE('',*,*,#1055,.T.);
#1055 = EDGE_CURVE('',#1048,#1056,#1058,.T.);
#1056 = VERTEX_POINT('',#1057);
#1057 = CARTESIAN_POINT('',(100.1,24.,3.E-15));
#1058 = CIRCLE('',#1059,3.4);
#1059 = AXIS2_PLACEMENT_3D('',#1060,#1061,#1062);
#1060 = CARTESIAN_POINT('',(103.5,24.,0.));
#1061 = DIRECTION('',(0.,0.,1.));
#1062 = DIRECTION('',(-0.5,0.866025403784,0.));
#1063 = ORIENTED_EDGE('',*,*,#1064,.T.);
#1064 = EDGE_CURVE('',#1056,#1065,#1067,.T.);
#1065 = VERTEX_POINT('',#1066);
#1066 = CARTESIAN_POINT('',(100.1,4.4,0.));
#1067 = LINE('',#1068,#1069);
#1068 = CARTESIAN_POINT('',(100.1,24.,0.));
#1069 = VECTOR('',#1070,1.);
#1070 = DIRECTION('',(-0.,-1.,-0.));
#1071 = ORIENTED_EDGE('',*,*,#1072,.F.);
#1072 = EDGE_CURVE('',#896,#1065,#1073,.T.);
#1073 = LINE('',#1074,#1075);
#1074 = CARTESIAN_POINT('',(0.,4.4,0.));
#1075 = VECTOR('',#1076,1.);
#1076 = DIRECTION('',(1.,0.,0.));
#1077 = FACE_BOUND('',#1078,.T.);
#1078 = EDGE_LOOP('',(#1079,#1089,#1098,#1106));
#1079 = ORIENTED_EDGE('',*,*,#1080,.F.);
#1080 = EDGE_CURVE('',#1081,#1083,#1085,.T.);
#1081 = VERTEX_POINT('',#1082);
#1082 = CARTESIAN_POINT('',(92.,22.5,0.));
#1083 = VERTEX_POINT('',#1084);
#1084 = CARTESIAN_POINT('',(92.,12.5,0.));
#1085 = LINE('',#1086,#1087);
#1086 = CARTESIAN_POINT('',(92.,22.5,0.));
#1087 = VECTOR('',#1088,1.);
#1088 = DIRECTION('',(0.,-1.,0.));
#1089 = ORIENTED_EDGE('',*,*,#1090,.T.);
#1090 = EDGE_CURVE('',#1081,#1091,#1093,.T.);
#1091 = VERTEX_POINT('',#1092);
#1092 = CARTESIAN_POINT('',(89.,22.5,0.));
#1093 = CIRCLE('',#1094,1.5);
#1094 = AXIS2_PLACEMENT_3D('',#1095,#1096,#1097);
#1095 = CARTESIAN_POINT('',(90.5,22.5,0.));
#1096 = DIRECTION('',(0.,0.,1.));
#1097 = DIRECTION('',(1.,0.,0.));
#1098 = ORIENTED_EDGE('',*,*,#1099,.T.);
#1099 = EDGE_CURVE('',#1091,#1100,#1102,.T.);
#1100 = VERTEX_POINT('',#1101);
#1101 = CARTESIAN_POINT('',(89.,12.5,0.));
#1102 = LINE('',#1103,#1104);
#1103 = CARTESIAN_POINT('',(89.,22.5,0.));
#1104 = VECTOR('',#1105,1.);
#1105 = DIRECTION('',(0.,-1.,0.));
#1106 = ORIENTED_EDGE('',*,*,#1107,.T.);
#1107 = EDGE_CURVE('',#1100,#1083,#1108,.T.);
#1108 = CIRCLE('',#1109,1.5);
#1109 = AXIS2_PLACEMENT_3D('',#1110,#1111,#1112);
#1110 = CARTESIAN_POINT('',(90.5,12.5,0.));
#1111 = DIRECTION('',(0.,0.,1.));
#1112 = DIRECTION('',(1.,0.,0.));
#1113 = FACE_BOUND('',#1114,.T.);
#1114 = EDGE_LOOP('',(#1115,#1125,#1134,#1142));
#1115 = ORIENTED_EDGE('',*,*,#1116,.F.);
#1116 = EDGE_CURVE('',#1117,#1119,#1121,.T.);
#1117 = VERTEX_POINT('',#1118);
#1118 = CARTESIAN_POINT('',(86.,38.5,0.));
#1119 = VERTEX_POINT('',#1120);
#1120 = CARTESIAN_POINT('',(86.,12.5,0.));
#1121 = LINE('',#1122,#1123);
#1122 = CARTESIAN_POINT('',(86.,38.5,0.));
#1123 = VECTOR('',#1124,1.);
#1124 = DIRECTION('',(0.,-1.,0.));
#1125 = ORIENTED_EDGE('',*,*,#1126,.T.);
#1126 = EDGE_CURVE('',#1117,#1127,#1129,.T.);
#1127 = VERTEX_POINT('',#1128);
#1128 = CARTESIAN_POINT('',(83.,38.5,0.));
#1129 = CIRCLE('',#1130,1.5);
#1130 = AXIS2_PLACEMENT_3D('',#1131,#1132,#1133);
#1131 = CARTESIAN_POINT('',(84.5,38.5,0.));
#1132 = DIRECTION('',(0.,0.,1.));
#1133 = DIRECTION('',(1.,0.,0.));
#1134 = ORIENTED_EDGE('',*,*,#1135,.T.);
#1135 = EDGE_CURVE('',#1127,#1136,#1138,.T.);
#1136 = VERTEX_POINT('',#1137);
#1137 = CARTESIAN_POINT('',(83.,12.5,0.));
#1138 = LINE('',#1139,#1140);
#1139 = CARTESIAN_POINT('',(83.,38.5,0.));
#1140 = VECTOR('',#1141,1.);
#1141 = DIRECTION('',(0.,-1.,0.));
#1142 = ORIENTED_EDGE('',*,*,#1143,.T.);
#1143 = EDGE_CURVE('',#1136,#1119,#1144,.T.);
#1144 = CIRCLE('',#1145,1.5);
#1145 = AXIS2_PLACEMENT_3D('',#1146,#1147,#1148);
#1146 = CARTESIAN_POINT('',(84.5,12.5,0.));
#1147 = DIRECTION('',(0.,0.,1.));
#1148 = DIRECTION('',(1.,0.,0.));
#1149 = FACE_BOUND('',#1150,.T.);
#1150 = EDGE_LOOP('',(#1151));
#1151 = ORIENTED_EDGE('',*,*,#1152,.T.);
#1152 = EDGE_CURVE('',#1153,#1153,#1155,.T.);
#1153 = VERTEX_POINT('',#1154);
#1154 = CARTESIAN_POINT('',(51.95,15.,0.));
#1155 = CIRCLE('',#1156,1.7);
#1156 = AXIS2_PLACEMENT_3D('',#1157,#1158,#1159);
#1157 = CARTESIAN_POINT('',(50.25,15.,0.));
#1158 = DIRECTION('',(0.,0.,1.));
#1159 = DIRECTION('',(1.,0.,0.));
#1160 = FACE_BOUND('',#1161,.T.);
#1161 = EDGE_LOOP('',(#1162,#1172,#1181,#1189));
#1162 = ORIENTED_EDGE('',*,*,#1163,.F.);
#1163 = EDGE_CURVE('',#1164,#1166,#1168,.T.);
#1164 = VERTEX_POINT('',#1165);
#1165 = CARTESIAN_POINT('',(17.5,22.5,0.));
#1166 = VERTEX_POINT('',#1167);
#1167 = CARTESIAN_POINT('',(17.5,12.5,0.));
#1168 = LINE('',#1169,#1170);
#1169 = CARTESIAN_POINT('',(17.5,22.5,0.));
#1170 = VECTOR('',#1171,1.);
#1171 = DIRECTION('',(0.,-1.,0.));
#1172 = ORIENTED_EDGE('',*,*,#1173,.T.);
#1173 = EDGE_CURVE('',#1164,#1174,#1176,.T.);
#1174 = VERTEX_POINT('',#1175);
#1175 = CARTESIAN_POINT('',(14.5,22.5,0.));
#1176 = CIRCLE('',#1177,1.5);
#1177 = AXIS2_PLACEMENT_3D('',#1178,#1179,#1180);
#1178 = CARTESIAN_POINT('',(16.,22.5,0.));
#1179 = DIRECTION('',(0.,0.,1.));
#1180 = DIRECTION('',(1.,0.,0.));
#1181 = ORIENTED_EDGE('',*,*,#1182,.T.);
#1182 = EDGE_CURVE('',#1174,#1183,#1185,.T.);
#1183 = VERTEX_POINT('',#1184);
#1184 = CARTESIAN_POINT('',(14.5,12.5,0.));
#1185 = LINE('',#1186,#1187);
#1186 = CARTESIAN_POINT('',(14.5,22.5,0.));
#1187 = VECTOR('',#1188,1.);
#1188 = DIRECTION('',(0.,-1.,0.));
#1189 = ORIENTED_EDGE('',*,*,#1190,.T.);
#1190 = EDGE_CURVE('',#1183,#1166,#1191,.T.);
#1191 = CIRCLE('',#1192,1.5);
#1192 = AXIS2_PLACEMENT_3D('',#1193,#1194,#1195);
#1193 = CARTESIAN_POINT('',(16.,12.5,0.));
#1194 = DIRECTION('',(0.,0.,1.));
#1195 = DIRECTION('',(1.,0.,0.));
#1196 = FACE_BOUND('',#1197,.T.);
#1197 = EDGE_LOOP('',(#1198,#1208,#1217,#1225));
#1198 = ORIENTED_EDGE('',*,*,#1199,.F.);
#1199 = EDGE_CURVE('',#1200,#1202,#1204,.T.);
#1200 = VERTEX_POINT('',#1201);
#1201 = CARTESIAN_POINT('',(11.5,38.5,0.));
#1202 = VERTEX_POINT('',#1203);
#1203 = CARTESIAN_POINT('',(11.5,12.5,0.));
#1204 = LINE('',#1205,#1206);
#1205 = CARTESIAN_POINT('',(11.5,38.5,0.));
#1206 = VECTOR('',#1207,1.);
#1207 = DIRECTION('',(0.,-1.,0.));
#1208 = ORIENTED_EDGE('',*,*,#1209,.T.);
#1209 = EDGE_CURVE('',#1200,#1210,#1212,.T.);
#1210 = VERTEX_POINT('',#1211);
#1211 = CARTESIAN_POINT('',(8.5,38.5,0.));
#1212 = CIRCLE('',#1213,1.5);
#1213 = AXIS2_PLACEMENT_3D('',#1214,#1215,#1216);
#1214 = CARTESIAN_POINT('',(10.,38.5,0.));
#1215 = DIRECTION('',(0.,0.,1.));
#1216 = DIRECTION('',(1.,0.,0.));
#1217 = ORIENTED_EDGE('',*,*,#1218,.T.);
#1218 = EDGE_CURVE('',#1210,#1219,#1221,.T.);
#1219 = VERTEX_POINT('',#1220);
#1220 = CARTESIAN_POINT('',(8.5,12.5,0.));
#1221 = LINE('',#1222,#1223);
#1222 = CARTESIAN_POINT('',(8.5,38.5,0.));
#1223 = VECTOR('',#1224,1.);
#1224 = DIRECTION('',(0.,-1.,0.));
#1225 = ORIENTED_EDGE('',*,*,#1226,.T.);
#1226 = EDGE_CURVE('',#1219,#1202,#1227,.T.);
#1227 = CIRCLE('',#1228,1.5);
#1228 = AXIS2_PLACEMENT_3D('',#1229,#1230,#1231);
#1229 = CARTESIAN_POINT('',(10.,12.5,0.));
#1230 = DIRECTION('',(0.,0.,1.));
#1231 = DIRECTION('',(1.,0.,0.));
#1232 = FACE_BOUND('',#1233,.T.);
#1233 = EDGE_LOOP('',(#1234,#1244,#1253,#1261));
#1234 = ORIENTED_EDGE('',*,*,#1235,.F.);
#1235 = EDGE_CURVE('',#1236,#1238,#1240,.T.);
#1236 = VERTEX_POINT('',#1237);
#1237 = CARTESIAN_POINT('',(92.,57.5,0.));
#1238 = VERTEX_POINT('',#1239);
#1239 = CARTESIAN_POINT('',(92.,31.5,0.));
#1240 = LINE('',#1241,#1242);
#1241 = CARTESIAN_POINT('',(92.,57.5,0.));
#1242 = VECTOR('',#1243,1.);
#1243 = DIRECTION('',(0.,-1.,0.));
#1244 = ORIENTED_EDGE('',*,*,#1245,.T.);
#1245 = EDGE_CURVE('',#1236,#1246,#1248,.T.);
#1246 = VERTEX_POINT('',#1247);
#1247 = CARTESIAN_POINT('',(89.,57.5,0.));
#1248 = CIRCLE('',#1249,1.5);
#1249 = AXIS2_PLACEMENT_3D('',#1250,#1251,#1252);
#1250 = CARTESIAN_POINT('',(90.5,57.5,0.));
#1251 = DIRECTION('',(0.,0.,1.));
#1252 = DIRECTION('',(1.,0.,0.));
#1253 = ORIENTED_EDGE('',*,*,#1254,.T.);
#1254 = EDGE_CURVE('',#1246,#1255,#1257,.T.);
#1255 = VERTEX_POINT('',#1256);
#1256 = CARTESIAN_POINT('',(89.,31.5,0.));
#1257 = LINE('',#1258,#1259);
#1258 = CARTESIAN_POINT('',(89.,57.5,0.));
#1259 = VECTOR('',#1260,1.);
#1260 = DIRECTION('',(0.,-1.,0.));
#1261 = ORIENTED_EDGE('',*,*,#1262,.T.);
#1262 = EDGE_CURVE('',#1255,#1238,#1263,.T.);
#1263 = CIRCLE('',#1264,1.5);
#1264 = AXIS2_PLACEMENT_3D('',#1265,#1266,#1267);
#1265 = CARTESIAN_POINT('',(90.5,31.5,0.));
#1266 = DIRECTION('',(0.,0.,1.));
#1267 = DIRECTION('',(1.,0.,0.));
#1268 = FACE_BOUND('',#1269,.T.);
#1269 = EDGE_LOOP('',(#1270,#1280,#1289,#1297));
#1270 = ORIENTED_EDGE('',*,*,#1271,.F.);
#1271 = EDGE_CURVE('',#1272,#1274,#1276,.T.);
#1272 = VERTEX_POINT('',#1273);
#1273 = CARTESIAN_POINT('',(86.,57.5,0.));
#1274 = VERTEX_POINT('',#1275);
#1275 = CARTESIAN_POINT('',(86.,47.5,0.));
#1276 = LINE('',#1277,#1278);
#1277 = CARTESIAN_POINT('',(86.,57.5,0.));
#1278 = VECTOR('',#1279,1.);
#1279 = DIRECTION('',(0.,-1.,0.));
#1280 = ORIENTED_EDGE('',*,*,#1281,.T.);
#1281 = EDGE_CURVE('',#1272,#1282,#1284,.T.);
#1282 = VERTEX_POINT('',#1283);
#1283 = CARTESIAN_POINT('',(83.,57.5,0.));
#1284 = CIRCLE('',#1285,1.5);
#1285 = AXIS2_PLACEMENT_3D('',#1286,#1287,#1288);
#1286 = CARTESIAN_POINT('',(84.5,57.5,0.));
#1287 = DIRECTION('',(0.,0.,1.));
#1288 = DIRECTION('',(1.,0.,0.));
#1289 = ORIENTED_EDGE('',*,*,#1290,.T.);
#1290 = EDGE_CURVE('',#1282,#1291,#1293,.T.);
#1291 = VERTEX_POINT('',#1292);
#1292 = CARTESIAN_POINT('',(83.,47.5,0.));
#1293 = LINE('',#1294,#1295);
#1294 = CARTESIAN_POINT('',(83.,57.5,0.));
#1295 = VECTOR('',#1296,1.);
#1296 = DIRECTION('',(0.,-1.,0.));
#1297 = ORIENTED_EDGE('',*,*,#1298,.T.);
#1298 = EDGE_CURVE('',#1291,#1274,#1299,.T.);
#1299 = CIRCLE('',#1300,1.5);
#1300 = AXIS2_PLACEMENT_3D('',#1301,#1302,#1303);
#1301 = CARTESIAN_POINT('',(84.5,47.5,0.));
#1302 = DIRECTION('',(0.,0.,1.));
#1303 = DIRECTION('',(1.,0.,0.));
#1304 = FACE_BOUND('',#1305,.T.);
#1305 = EDGE_LOOP('',(#1306,#1316,#1324,#1332));
#1306 = ORIENTED_EDGE('',*,*,#1307,.T.);
#1307 = EDGE_CURVE('',#1308,#1310,#1312,.T.);
#1308 = VERTEX_POINT('',#1309);
#1309 = CARTESIAN_POINT('',(74.75,21.,0.));
#1310 = VERTEX_POINT('',#1311);
#1311 = CARTESIAN_POINT('',(74.75,49.,0.));
#1312 = LINE('',#1313,#1314);
#1313 = CARTESIAN_POINT('',(74.75,21.,0.));
#1314 = VECTOR('',#1315,1.);
#1315 = DIRECTION('',(0.,1.,0.));
#1316 = ORIENTED_EDGE('',*,*,#1317,.T.);
#1317 = EDGE_CURVE('',#1310,#1318,#1320,.T.);
#1318 = VERTEX_POINT('',#1319);
#1319 = CARTESIAN_POINT('',(25.75,49.,0.));
#1320 = LINE('',#1321,#1322);
#1321 = CARTESIAN_POINT('',(74.75,49.,0.));
#1322 = VECTOR('',#1323,1.);
#1323 = DIRECTION('',(-1.,0.,0.));
#1324 = ORIENTED_EDGE('',*,*,#1325,.T.);
#1325 = EDGE_CURVE('',#1318,#1326,#1328,.T.);
#1326 = VERTEX_POINT('',#1327);
#1327 = CARTESIAN_POINT('',(25.75,21.,0.));
#1328 = LINE('',#1329,#1330);
#1329 = CARTESIAN_POINT('',(25.75,49.,0.));
#1330 = VECTOR('',#1331,1.);
#1331 = DIRECTION('',(0.,-1.,0.));
#1332 = ORIENTED_EDGE('',*,*,#1333,.T.);
#1333 = EDGE_CURVE('',#1326,#1308,#1334,.T.);
#1334 = LINE('',#1335,#1336);
#1335 = CARTESIAN_POINT('',(25.75,21.,0.));
#1336 = VECTOR('',#1337,1.);
#1337 = DIRECTION('',(1.,0.,0.));
#1338 = FACE_BOUND('',#1339,.T.);
#1339 = EDGE_LOOP('',(#1340,#1350,#1359,#1367));
#1340 = ORIENTED_EDGE('',*,*,#1341,.F.);
#1341 = EDGE_CURVE('',#1342,#1344,#1346,.T.);
#1342 = VERTEX_POINT('',#1343);
#1343 = CARTESIAN_POINT('',(17.5,57.5,0.));
#1344 = VERTEX_POINT('',#1345);
#1345 = CARTESIAN_POINT('',(17.5,31.5,0.));
#1346 = LINE('',#1347,#1348);
#1347 = CARTESIAN_POINT('',(17.5,57.5,0.));
#1348 = VECTOR('',#1349,1.);
#1349 = DIRECTION('',(0.,-1.,0.));
#1350 = ORIENTED_EDGE('',*,*,#1351,.T.);
#1351 = EDGE_CURVE('',#1342,#1352,#1354,.T.);
#1352 = VERTEX_POINT('',#1353);
#1353 = CARTESIAN_POINT('',(14.5,57.5,0.));
#1354 = CIRCLE('',#1355,1.5);
#1355 = AXIS2_PLACEMENT_3D('',#1356,#1357,#1358);
#1356 = CARTESIAN_POINT('',(16.,57.5,0.));
#1357 = DIRECTION('',(0.,0.,1.));
#1358 = DIRECTION('',(1.,0.,0.));
#1359 = ORIENTED_EDGE('',*,*,#1360,.T.);
#1360 = EDGE_CURVE('',#1352,#1361,#1363,.T.);
#1361 = VERTEX_POINT('',#1362);
#1362 = CARTESIAN_POINT('',(14.5,31.5,0.));
#1363 = LINE('',#1364,#1365);
#1364 = CARTESIAN_POINT('',(14.5,57.5,0.));
#1365 = VECTOR('',#1366,1.);
#1366 = DIRECTION('',(0.,-1.,0.));
#1367 = ORIENTED_EDGE('',*,*,#1368,.T.);
#1368 = EDGE_CURVE('',#1361,#1344,#1369,.T.);
#1369 = CIRCLE('',#1370,1.5);
#1370 = AXIS2_PLACEMENT_3D('',#1371,#1372,#1373);
#1371 = CARTESIAN_POINT('',(16.,31.5,0.));
#1372 = DIRECTION('',(0.,0.,1.));
#1373 = DIRECTION('',(1.,0.,0.));
#1374 = FACE_BOUND('',#1375,.T.);
#1375 = EDGE_LOOP('',(#1376));
#1376 = ORIENTED_EDGE('',*,*,#1377,.T.);
#1377 = EDGE_CURVE('',#1378,#1378,#1380,.T.);
#1378 = VERTEX_POINT('',#1379);
#1379 = CARTESIAN_POINT('',(51.95,55.,0.));
#1380 = CIRCLE('',#1381,1.7);
#1381 = AXIS2_PLACEMENT_3D('',#1382,#1383,#1384);
#1382 = CARTESIAN_POINT('',(50.25,55.,0.));
#1383 = DIRECTION('',(0.,0.,1.));
#1384 = DIRECTION('',(1.,0.,0.));
#1385 = FACE_BOUND('',#1386,.T.);
#1386 = EDGE_LOOP('',(#1387,#1397,#1406,#1414));
#1387 = ORIENTED_EDGE('',*,*,#1388,.F.);
#1388 = EDGE_CURVE('',#1389,#1391,#1393,.T.);
#1389 = VERTEX_POINT('',#1390);
#1390 = CARTESIAN_POINT('',(11.5,57.5,0.));
#1391 = VERTEX_POINT('',#1392);
#1392 = CARTESIAN_POINT('',(11.5,47.5,0.));
#1393 = LINE('',#1394,#1395);
#1394 = CARTESIAN_POINT('',(11.5,57.5,0.));
#1395 = VECTOR('',#1396,1.);
#1396 = DIRECTION('',(0.,-1.,0.));
#1397 = ORIENTED_EDGE('',*,*,#1398,.T.);
#1398 = EDGE_CURVE('',#1389,#1399,#1401,.T.);
#1399 = VERTEX_POINT('',#1400);
#1400 = CARTESIAN_POINT('',(8.5,57.5,0.));
#1401 = CIRCLE('',#1402,1.5);
#1402 = AXIS2_PLACEMENT_3D('',#1403,#1404,#1405);
#1403 = CARTESIAN_POINT('',(10.,57.5,0.));
#1404 = DIRECTION('',(0.,0.,1.));
#1405 = DIRECTION('',(1.,0.,0.));
#1406 = ORIENTED_EDGE('',*,*,#1407,.T.);
#1407 = EDGE_CURVE('',#1399,#1408,#1410,.T.);
#1408 = VERTEX_POINT('',#1409);
#1409 = CARTESIAN_POINT('',(8.5,47.5,0.));
#1410 = LINE('',#1411,#1412);
#1411 = CARTESIAN_POINT('',(8.5,57.5,0.));
#1412 = VECTOR('',#1413,1.);
#1413 = DIRECTION('',(0.,-1.,0.));
#1414 = ORIENTED_EDGE('',*,*,#1415,.T.);
#1415 = EDGE_CURVE('',#1408,#1391,#1416,.T.);
#1416 = CIRCLE('',#1417,1.5);
#1417 = AXIS2_PLACEMENT_3D('',#1418,#1419,#1420);
#1418 = CARTESIAN_POINT('',(10.,47.5,0.));
#1419 = DIRECTION('',(0.,0.,1.));
#1420 = DIRECTION('',(1.,0.,0.));
#1421 = PLANE('',#1422);
#1422 = AXIS2_PLACEMENT_3D('',#1423,#1424,#1425);
#1423 = CARTESIAN_POINT('',(53.175196795247,35.224087064656,0.));
#1424 = DIRECTION('',(-0.,-0.,-1.));
#1425 = DIRECTION('',(-1.,0.,0.));
#1426 = ADVANCED_FACE('',(#1427),#1438,.T.);
#1427 = FACE_BOUND('',#1428,.T.);
#1428 = EDGE_LOOP('',(#1429,#1430,#1431,#1437));
#1429 = ORIENTED_EDGE('',*,*,#241,.F.);
#1430 = ORIENTED_EDGE('',*,*,#467,.T.);
#1431 = ORIENTED_EDGE('',*,*,#1432,.T.);
#1432 = EDGE_CURVE('',#460,#997,#1433,.T.);
#1433 = LINE('',#1434,#1435);
#1434 = CARTESIAN_POINT('',(100.3,58.076061575154,0.2));
#1435 = VECTOR('',#1436,1.);
#1436 = DIRECTION('',(-0.707106781187,0.,-0.707106781187));
#1437 = ORIENTED_EDGE('',*,*,#996,.F.);
#1438 = PLANE('',#1439);
#1439 = AXIS2_PLACEMENT_3D('',#1440,#1441,#1442);
#1440 = CARTESIAN_POINT('',(100.3,66.,0.2));
#1441 = DIRECTION('',(0.707106781187,0.,-0.707106781187));
#1442 = DIRECTION('',(0.,-1.,0.));
#1443 = ADVANCED_FACE('',(#1444),#1470,.T.);
#1444 = FACE_BOUND('',#1445,.T.);
#1445 = EDGE_LOOP('',(#1446,#1455,#1463,#1469));
#1446 = ORIENTED_EDGE('',*,*,#1447,.T.);
#1447 = EDGE_CURVE('',#264,#1448,#1450,.T.);
#1448 = VERTEX_POINT('',#1449);
#1449 = CARTESIAN_POINT('',(4.,7.645751311065,19.));
#1450 = ELLIPSE('',#1451,5.656854249492,4.);
#1451 = AXIS2_PLACEMENT_3D('',#1452,#1453,#1454);
#1452 = CARTESIAN_POINT('',(7.,5.,16.));
#1453 = DIRECTION('',(-0.707106781187,-0.,-0.707106781187));
#1454 = DIRECTION('',(0.707106781187,0.,-0.707106781187));
#1455 = ORIENTED_EDGE('',*,*,#1456,.T.);
#1456 = EDGE_CURVE('',#1448,#1457,#1459,.T.);
#1457 = VERTEX_POINT('',#1458);
#1458 = CARTESIAN_POINT('',(4.,61.,19.));
#1459 = LINE('',#1460,#1461);
#1460 = CARTESIAN_POINT('',(4.,9.,19.));
#1461 = VECTOR('',#1462,1.);
#1462 = DIRECTION('',(0.,1.,0.));
#1463 = ORIENTED_EDGE('',*,*,#1464,.F.);
#1464 = EDGE_CURVE('',#266,#1457,#1465,.T.);
#1465 = LINE('',#1466,#1467);
#1466 = CARTESIAN_POINT('',(12.333333333333,52.666666666667,
    10.666666666667));
#1467 = VECTOR('',#1468,1.);
#1468 = DIRECTION('',(0.57735026919,-0.57735026919,-0.57735026919));
#1469 = ORIENTED_EDGE('',*,*,#263,.F.);
#1470 = PLANE('',#1471);
#1471 = AXIS2_PLACEMENT_3D('',#1472,#1473,#1474);
#1472 = CARTESIAN_POINT('',(3.480740838176,33.574993660211,
    19.519259161824));
#1473 = DIRECTION('',(0.707106781187,0.,0.707106781187));
#1474 = DIRECTION('',(-0.707106781187,0.,0.707106781187));
#1475 = ADVANCED_FACE('',(#1476),#1513,.T.);
#1476 = FACE_BOUND('',#1477,.F.);
#1477 = EDGE_LOOP('',(#1478,#1487,#1495,#1504,#1511,#1512));
#1478 = ORIENTED_EDGE('',*,*,#1479,.T.);
#1479 = EDGE_CURVE('',#1448,#1480,#1482,.T.);
#1480 = VERTEX_POINT('',#1481);
#1481 = CARTESIAN_POINT('',(4.,9.,16.));
#1482 = CIRCLE('',#1483,4.);
#1483 = AXIS2_PLACEMENT_3D('',#1484,#1485,#1486);
#1484 = CARTESIAN_POINT('',(4.,5.,16.));
#1485 = DIRECTION('',(-1.,0.,0.));
#1486 = DIRECTION('',(0.,0.,1.));
#1487 = ORIENTED_EDGE('',*,*,#1488,.T.);
#1488 = EDGE_CURVE('',#1480,#1489,#1491,.T.);
#1489 = VERTEX_POINT('',#1490);
#1490 = CARTESIAN_POINT('',(96.5,9.,16.));
#1491 = LINE('',#1492,#1493);
#1492 = CARTESIAN_POINT('',(4.,9.,16.));
#1493 = VECTOR('',#1494,1.);
#1494 = DIRECTION('',(1.,0.,0.));
#1495 = ORIENTED_EDGE('',*,*,#1496,.F.);
#1496 = EDGE_CURVE('',#1497,#1489,#1499,.T.);
#1497 = VERTEX_POINT('',#1498);
#1498 = CARTESIAN_POINT('',(96.5,7.645751311065,19.));
#1499 = CIRCLE('',#1500,4.);
#1500 = AXIS2_PLACEMENT_3D('',#1501,#1502,#1503);
#1501 = CARTESIAN_POINT('',(96.5,5.,16.));
#1502 = DIRECTION('',(-1.,0.,0.));
#1503 = DIRECTION('',(0.,0.,1.));
#1504 = ORIENTED_EDGE('',*,*,#1505,.F.);
#1505 = EDGE_CURVE('',#350,#1497,#1506,.T.);
#1506 = ELLIPSE('',#1507,5.656854249492,4.);
#1507 = AXIS2_PLACEMENT_3D('',#1508,#1509,#1510);
#1508 = CARTESIAN_POINT('',(93.5,5.,16.));
#1509 = DIRECTION('',(-0.707106781187,0.,0.707106781187));
#1510 = DIRECTION('',(0.707106781187,0.,0.707106781187));
#1511 = ORIENTED_EDGE('',*,*,#357,.F.);
#1512 = ORIENTED_EDGE('',*,*,#1447,.T.);
#1513 = CYLINDRICAL_SURFACE('',#1514,4.);
#1514 = AXIS2_PLACEMENT_3D('',#1515,#1516,#1517);
#1515 = CARTESIAN_POINT('',(4.,5.,16.));
#1516 = DIRECTION('',(1.,0.,0.));
#1517 = DIRECTION('',(0.,0.,1.));
#1518 = ADVANCED_FACE('',(#1519),#1537,.F.);
#1519 = FACE_BOUND('',#1520,.F.);
#1520 = EDGE_LOOP('',(#1521,#1522,#1523,#1531));
#1521 = ORIENTED_EDGE('',*,*,#1464,.F.);
#1522 = ORIENTED_EDGE('',*,*,#273,.T.);
#1523 = ORIENTED_EDGE('',*,*,#1524,.T.);
#1524 = EDGE_CURVE('',#274,#1525,#1527,.T.);
#1525 = VERTEX_POINT('',#1526);
#1526 = CARTESIAN_POINT('',(96.5,61.,19.));
#1527 = LINE('',#1528,#1529);
#1528 = CARTESIAN_POINT('',(81.416666666667,45.916666666667,
    3.916666666667));
#1529 = VECTOR('',#1530,1.);
#1530 = DIRECTION('',(-0.57735026919,-0.57735026919,-0.57735026919));
#1531 = ORIENTED_EDGE('',*,*,#1532,.F.);
#1532 = EDGE_CURVE('',#1457,#1525,#1533,.T.);
#1533 = LINE('',#1534,#1535);
#1534 = CARTESIAN_POINT('',(4.,61.,19.));
#1535 = VECTOR('',#1536,1.);
#1536 = DIRECTION('',(1.,0.,0.));
#1537 = PLANE('',#1538);
#1538 = AXIS2_PLACEMENT_3D('',#1539,#1540,#1541);
#1539 = CARTESIAN_POINT('',(4.,61.5,19.5));
#1540 = DIRECTION('',(0.,0.707106781187,-0.707106781187));
#1541 = DIRECTION('',(1.,0.,0.));
#1542 = ADVANCED_FACE('',(#1543),#1561,.T.);
#1543 = FACE_BOUND('',#1544,.T.);
#1544 = EDGE_LOOP('',(#1545,#1546,#1554,#1560));
#1545 = ORIENTED_EDGE('',*,*,#349,.F.);
#1546 = ORIENTED_EDGE('',*,*,#1547,.T.);
#1547 = EDGE_CURVE('',#341,#1548,#1550,.T.);
#1548 = VERTEX_POINT('',#1549);
#1549 = CARTESIAN_POINT('',(96.5,24.,19.));
#1550 = LINE('',#1551,#1552);
#1551 = CARTESIAN_POINT('',(96.5,24.,19.));
#1552 = VECTOR('',#1553,1.);
#1553 = DIRECTION('',(-0.707106781187,4.4E-16,-0.707106781187));
#1554 = ORIENTED_EDGE('',*,*,#1555,.T.);
#1555 = EDGE_CURVE('',#1548,#1497,#1556,.T.);
#1556 = LINE('',#1557,#1558);
#1557 = CARTESIAN_POINT('',(96.5,9.,19.));
#1558 = VECTOR('',#1559,1.);
#1559 = DIRECTION('',(-0.,-1.,-0.));
#1560 = ORIENTED_EDGE('',*,*,#1505,.F.);
#1561 = PLANE('',#1562);
#1562 = AXIS2_PLACEMENT_3D('',#1563,#1564,#1565);
#1563 = CARTESIAN_POINT('',(97.043105875883,14.752573188645,
    19.543105875883));
#1564 = DIRECTION('',(-0.707106781187,1.3E-16,0.707106781187));
#1565 = DIRECTION('',(-0.707106781187,0.,-0.707106781187));
#1566 = ADVANCED_FACE('',(#1567),#1585,.F.);
#1567 = FACE_BOUND('',#1568,.F.);
#1568 = EDGE_LOOP('',(#1569,#1570,#1571,#1579));
#1569 = ORIENTED_EDGE('',*,*,#1524,.F.);
#1570 = ORIENTED_EDGE('',*,*,#281,.T.);
#1571 = ORIENTED_EDGE('',*,*,#1572,.T.);
#1572 = EDGE_CURVE('',#282,#1573,#1575,.T.);
#1573 = VERTEX_POINT('',#1574);
#1574 = CARTESIAN_POINT('',(96.5,58.076061575154,19.));
#1575 = LINE('',#1576,#1577);
#1576 = CARTESIAN_POINT('',(97.,58.076061575154,19.5));
#1577 = VECTOR('',#1578,1.);
#1578 = DIRECTION('',(-0.707106781187,-0.,-0.707106781187));
#1579 = ORIENTED_EDGE('',*,*,#1580,.F.);
#1580 = EDGE_CURVE('',#1525,#1573,#1581,.T.);
#1581 = LINE('',#1582,#1583);
#1582 = CARTESIAN_POINT('',(96.5,61.,19.));
#1583 = VECTOR('',#1584,1.);
#1584 = DIRECTION('',(0.,-1.,0.));
#1585 = PLANE('',#1586);
#1586 = AXIS2_PLACEMENT_3D('',#1587,#1588,#1589);
#1587 = CARTESIAN_POINT('',(97.,61.,19.5));
#1588 = DIRECTION('',(0.707106781187,0.,-0.707106781187));
#1589 = DIRECTION('',(0.,-1.,0.));
#1590 = ADVANCED_FACE('',(#1591),#1610,.T.);
#1591 = FACE_BOUND('',#1592,.F.);
#1592 = EDGE_LOOP('',(#1593,#1601,#1602,#1603));
#1593 = ORIENTED_EDGE('',*,*,#1594,.F.);
#1594 = EDGE_CURVE('',#333,#1595,#1597,.T.);
#1595 = VERTEX_POINT('',#1596);
#1596 = CARTESIAN_POINT('',(100.,30.062177826491,19.));
#1597 = LINE('',#1598,#1599);
#1598 = CARTESIAN_POINT('',(100.25,29.629165124599,19.5));
#1599 = VECTOR('',#1600,1.);
#1600 = DIRECTION('',(-0.353553390593,0.612372435696,-0.707106781187));
#1601 = ORIENTED_EDGE('',*,*,#340,.T.);
#1602 = ORIENTED_EDGE('',*,*,#1547,.T.);
#1603 = ORIENTED_EDGE('',*,*,#1604,.F.);
#1604 = EDGE_CURVE('',#1595,#1548,#1605,.T.);
#1605 = CIRCLE('',#1606,7.);
#1606 = AXIS2_PLACEMENT_3D('',#1607,#1608,#1609);
#1607 = CARTESIAN_POINT('',(103.5,24.,19.));
#1608 = DIRECTION('',(0.,0.,1.));
#1609 = DIRECTION('',(-0.5,0.866025403784,0.));
#1610 = CONICAL_SURFACE('',#1611,7.,0.785398163397);
#1611 = AXIS2_PLACEMENT_3D('',#1612,#1613,#1614);
#1612 = CARTESIAN_POINT('',(103.5,24.,19.));
#1613 = DIRECTION('',(-0.,-0.,-1.));
#1614 = DIRECTION('',(-0.5,0.866025403784,0.));
#1615 = ADVANCED_FACE('',(#1616),#1635,.T.);
#1616 = FACE_BOUND('',#1617,.F.);
#1617 = EDGE_LOOP('',(#1618,#1619,#1620,#1628));
#1618 = ORIENTED_EDGE('',*,*,#1572,.F.);
#1619 = ORIENTED_EDGE('',*,*,#289,.T.);
#1620 = ORIENTED_EDGE('',*,*,#1621,.T.);
#1621 = EDGE_CURVE('',#290,#1622,#1624,.T.);
#1622 = VERTEX_POINT('',#1623);
#1623 = CARTESIAN_POINT('',(100.,52.013883748663,19.));
#1624 = LINE('',#1625,#1626);
#1625 = CARTESIAN_POINT('',(100.,52.013883748663,19.));
#1626 = VECTOR('',#1627,1.);
#1627 = DIRECTION('',(-0.353553390593,-0.612372435696,-0.707106781187));
#1628 = ORIENTED_EDGE('',*,*,#1629,.F.);
#1629 = EDGE_CURVE('',#1573,#1622,#1630,.T.);
#1630 = CIRCLE('',#1631,7.);
#1631 = AXIS2_PLACEMENT_3D('',#1632,#1633,#1634);
#1632 = CARTESIAN_POINT('',(103.5,58.076061575154,19.));
#1633 = DIRECTION('',(0.,0.,1.));
#1634 = DIRECTION('',(-1.,0.,0.));
#1635 = CONICAL_SURFACE('',#1636,7.,0.785398163397);
#1636 = AXIS2_PLACEMENT_3D('',#1637,#1638,#1639);
#1637 = CARTESIAN_POINT('',(103.5,58.076061575154,19.));
#1638 = DIRECTION('',(-0.,-0.,-1.));
#1639 = DIRECTION('',(-1.,0.,0.));
#1640 = ADVANCED_FACE('',(#1641),#1659,.F.);
#1641 = FACE_BOUND('',#1642,.F.);
#1642 = EDGE_LOOP('',(#1643,#1651,#1652,#1653));
#1643 = ORIENTED_EDGE('',*,*,#1644,.F.);
#1644 = EDGE_CURVE('',#324,#1645,#1647,.T.);
#1645 = VERTEX_POINT('',#1646);
#1646 = CARTESIAN_POINT('',(108.,34.680979980008,19.));
#1647 = LINE('',#1648,#1649);
#1648 = CARTESIAN_POINT('',(108.,34.680979980008,19.));
#1649 = VECTOR('',#1650,1.);
#1650 = DIRECTION('',(-0.353553390593,0.612372435696,-0.707106781187));
#1651 = ORIENTED_EDGE('',*,*,#332,.T.);
#1652 = ORIENTED_EDGE('',*,*,#1594,.T.);
#1653 = ORIENTED_EDGE('',*,*,#1654,.F.);
#1654 = EDGE_CURVE('',#1645,#1595,#1655,.T.);
#1655 = LINE('',#1656,#1657);
#1656 = CARTESIAN_POINT('',(108.,34.680979980008,19.));
#1657 = VECTOR('',#1658,1.);
#1658 = DIRECTION('',(-0.866025403784,-0.5,0.));
#1659 = PLANE('',#1660);
#1660 = AXIS2_PLACEMENT_3D('',#1661,#1662,#1663);
#1661 = CARTESIAN_POINT('',(108.25,34.247967278116,19.5));
#1662 = DIRECTION('',(0.353553390593,-0.612372435696,-0.707106781187));
#1663 = DIRECTION('',(-0.866025403784,-0.5,-2.775557561563E-17));
#1664 = ADVANCED_FACE('',(#1665),#1683,.F.);
#1665 = FACE_BOUND('',#1666,.F.);
#1666 = EDGE_LOOP('',(#1667,#1668,#1669,#1677));
#1667 = ORIENTED_EDGE('',*,*,#1621,.F.);
#1668 = ORIENTED_EDGE('',*,*,#298,.T.);
#1669 = ORIENTED_EDGE('',*,*,#1670,.T.);
#1670 = EDGE_CURVE('',#299,#1671,#1673,.T.);
#1671 = VERTEX_POINT('',#1672);
#1672 = CARTESIAN_POINT('',(108.,47.395081595146,19.));
#1673 = LINE('',#1674,#1675);
#1674 = CARTESIAN_POINT('',(108.25,47.828094297038,19.5));
#1675 = VECTOR('',#1676,1.);
#1676 = DIRECTION('',(-0.353553390593,-0.612372435696,-0.707106781187));
#1677 = ORIENTED_EDGE('',*,*,#1678,.F.);
#1678 = EDGE_CURVE('',#1622,#1671,#1679,.T.);
#1679 = LINE('',#1680,#1681);
#1680 = CARTESIAN_POINT('',(100.,52.013883748663,19.));
#1681 = VECTOR('',#1682,1.);
#1682 = DIRECTION('',(0.866025403784,-0.5,0.));
#1683 = PLANE('',#1684);
#1684 = AXIS2_PLACEMENT_3D('',#1685,#1686,#1687);
#1685 = CARTESIAN_POINT('',(100.25,52.446896450555,19.5));
#1686 = DIRECTION('',(0.353553390593,0.612372435696,-0.707106781187));
#1687 = DIRECTION('',(0.866025403784,-0.5,2.775557561563E-16));
#1688 = ADVANCED_FACE('',(#1689),#1708,.F.);
#1689 = FACE_BOUND('',#1690,.F.);
#1690 = EDGE_LOOP('',(#1691,#1699,#1700,#1701));
#1691 = ORIENTED_EDGE('',*,*,#1692,.F.);
#1692 = EDGE_CURVE('',#316,#1693,#1695,.T.);
#1693 = VERTEX_POINT('',#1694);
#1694 = CARTESIAN_POINT('',(109.,36.413030787577,19.));
#1695 = LINE('',#1696,#1697);
#1696 = CARTESIAN_POINT('',(109.5,36.413030787577,19.5));
#1697 = VECTOR('',#1698,1.);
#1698 = DIRECTION('',(-0.707106781187,-0.,-0.707106781187));
#1699 = ORIENTED_EDGE('',*,*,#323,.T.);
#1700 = ORIENTED_EDGE('',*,*,#1644,.T.);
#1701 = ORIENTED_EDGE('',*,*,#1702,.F.);
#1702 = EDGE_CURVE('',#1693,#1645,#1703,.T.);
#1703 = CIRCLE('',#1704,2.);
#1704 = AXIS2_PLACEMENT_3D('',#1705,#1706,#1707);
#1705 = CARTESIAN_POINT('',(107.,36.413030787577,19.));
#1706 = DIRECTION('',(0.,0.,-1.));
#1707 = DIRECTION('',(1.,0.,0.));
#1708 = CONICAL_SURFACE('',#1709,2.,0.785398163397);
#1709 = AXIS2_PLACEMENT_3D('',#1710,#1711,#1712);
#1710 = CARTESIAN_POINT('',(107.,36.413030787577,19.));
#1711 = DIRECTION('',(0.,0.,1.));
#1712 = DIRECTION('',(1.,0.,0.));
#1713 = ADVANCED_FACE('',(#1714),#1733,.F.);
#1714 = FACE_BOUND('',#1715,.F.);
#1715 = EDGE_LOOP('',(#1716,#1717,#1718,#1726));
#1716 = ORIENTED_EDGE('',*,*,#1670,.F.);
#1717 = ORIENTED_EDGE('',*,*,#306,.T.);
#1718 = ORIENTED_EDGE('',*,*,#1719,.T.);
#1719 = EDGE_CURVE('',#307,#1720,#1722,.T.);
#1720 = VERTEX_POINT('',#1721);
#1721 = CARTESIAN_POINT('',(109.,45.663030787577,19.));
#1722 = LINE('',#1723,#1724);
#1723 = CARTESIAN_POINT('',(109.,45.663030787577,19.));
#1724 = VECTOR('',#1725,1.);
#1725 = DIRECTION('',(-0.707106781187,-1.05E-15,-0.707106781187));
#1726 = ORIENTED_EDGE('',*,*,#1727,.F.);
#1727 = EDGE_CURVE('',#1671,#1720,#1728,.T.);
#1728 = CIRCLE('',#1729,2.);
#1729 = AXIS2_PLACEMENT_3D('',#1730,#1731,#1732);
#1730 = CARTESIAN_POINT('',(107.,45.663030787577,19.));
#1731 = DIRECTION('',(0.,0.,-1.));
#1732 = DIRECTION('',(0.5,0.866025403784,0.));
#1733 = CONICAL_SURFACE('',#1734,2.,0.785398163397);
#1734 = AXIS2_PLACEMENT_3D('',#1735,#1736,#1737);
#1735 = CARTESIAN_POINT('',(107.,45.663030787577,19.));
#1736 = DIRECTION('',(0.,0.,1.));
#1737 = DIRECTION('',(0.5,0.866025403784,0.));
#1738 = ADVANCED_FACE('',(#1739),#1750,.F.);
#1739 = FACE_BOUND('',#1740,.F.);
#1740 = EDGE_LOOP('',(#1741,#1742,#1743,#1744));
#1741 = ORIENTED_EDGE('',*,*,#1719,.F.);
#1742 = ORIENTED_EDGE('',*,*,#315,.T.);
#1743 = ORIENTED_EDGE('',*,*,#1692,.T.);
#1744 = ORIENTED_EDGE('',*,*,#1745,.F.);
#1745 = EDGE_CURVE('',#1720,#1693,#1746,.T.);
#1746 = LINE('',#1747,#1748);
#1747 = CARTESIAN_POINT('',(109.,45.663030787577,19.));
#1748 = VECTOR('',#1749,1.);
#1749 = DIRECTION('',(0.,-1.,0.));
#1750 = PLANE('',#1751);
#1751 = AXIS2_PLACEMENT_3D('',#1752,#1753,#1754);
#1752 = CARTESIAN_POINT('',(109.5,45.663030787577,19.5));
#1753 = DIRECTION('',(0.707106781187,0.,-0.707106781187));
#1754 = DIRECTION('',(0.,-1.,0.));
#1755 = ADVANCED_FACE('',(#1756),#1775,.F.);
#1756 = FACE_BOUND('',#1757,.T.);
#1757 = EDGE_LOOP('',(#1758,#1759,#1760,#1768));
#1758 = ORIENTED_EDGE('',*,*,#459,.T.);
#1759 = ORIENTED_EDGE('',*,*,#374,.T.);
#1760 = ORIENTED_EDGE('',*,*,#1761,.F.);
#1761 = EDGE_CURVE('',#1762,#375,#1764,.T.);
#1762 = VERTEX_POINT('',#1763);
#1763 = CARTESIAN_POINT('',(102.,55.477985363801,0.4));
#1764 = LINE('',#1765,#1766);
#1765 = CARTESIAN_POINT('',(102.,55.477985363801,0.));
#1766 = VECTOR('',#1767,1.);
#1767 = DIRECTION('',(0.,0.,1.));
#1768 = ORIENTED_EDGE('',*,*,#1769,.F.);
#1769 = EDGE_CURVE('',#460,#1762,#1770,.T.);
#1770 = CIRCLE('',#1771,3.);
#1771 = AXIS2_PLACEMENT_3D('',#1772,#1773,#1774);
#1772 = CARTESIAN_POINT('',(103.5,58.076061575154,0.4));
#1773 = DIRECTION('',(0.,0.,1.));
#1774 = DIRECTION('',(-1.,0.,0.));
#1775 = CYLINDRICAL_SURFACE('',#1776,3.);
#1776 = AXIS2_PLACEMENT_3D('',#1777,#1778,#1779);
#1777 = CARTESIAN_POINT('',(103.5,58.076061575154,0.));
#1778 = DIRECTION('',(-0.,-0.,-1.));
#1779 = DIRECTION('',(1.,0.,0.));
#1780 = ADVANCED_FACE('',(#1781),#1799,.T.);
#1781 = FACE_BOUND('',#1782,.T.);
#1782 = EDGE_LOOP('',(#1783,#1784,#1785,#1793));
#1783 = ORIENTED_EDGE('',*,*,#1761,.T.);
#1784 = ORIENTED_EDGE('',*,*,#383,.T.);
#1785 = ORIENTED_EDGE('',*,*,#1786,.F.);
#1786 = EDGE_CURVE('',#1787,#384,#1789,.T.);
#1787 = VERTEX_POINT('',#1788);
#1788 = CARTESIAN_POINT('',(110.,50.859183210284,0.4));
#1789 = LINE('',#1790,#1791);
#1790 = CARTESIAN_POINT('',(110.,50.859183210284,0.));
#1791 = VECTOR('',#1792,1.);
#1792 = DIRECTION('',(0.,0.,1.));
#1793 = ORIENTED_EDGE('',*,*,#1794,.F.);
#1794 = EDGE_CURVE('',#1762,#1787,#1795,.T.);
#1795 = LINE('',#1796,#1797);
#1796 = CARTESIAN_POINT('',(102.,55.477985363801,0.4));
#1797 = VECTOR('',#1798,1.);
#1798 = DIRECTION('',(0.866025403784,-0.5,0.));
#1799 = PLANE('',#1800);
#1800 = AXIS2_PLACEMENT_3D('',#1801,#1802,#1803);
#1801 = CARTESIAN_POINT('',(102.,55.477985363801,0.));
#1802 = DIRECTION('',(0.5,0.866025403784,0.));
#1803 = DIRECTION('',(0.866025403784,-0.5,0.));
#1804 = ADVANCED_FACE('',(#1805),#1824,.T.);
#1805 = FACE_BOUND('',#1806,.F.);
#1806 = EDGE_LOOP('',(#1807,#1815,#1816,#1817));
#1807 = ORIENTED_EDGE('',*,*,#1808,.T.);
#1808 = EDGE_CURVE('',#1809,#392,#1811,.T.);
#1809 = VERTEX_POINT('',#1810);
#1810 = CARTESIAN_POINT('',(113.,45.663030787577,0.4));
#1811 = LINE('',#1812,#1813);
#1812 = CARTESIAN_POINT('',(113.,45.663030787577,0.));
#1813 = VECTOR('',#1814,1.);
#1814 = DIRECTION('',(0.,0.,1.));
#1815 = ORIENTED_EDGE('',*,*,#391,.T.);
#1816 = ORIENTED_EDGE('',*,*,#1786,.F.);
#1817 = ORIENTED_EDGE('',*,*,#1818,.T.);
#1818 = EDGE_CURVE('',#1787,#1809,#1819,.T.);
#1819 = CIRCLE('',#1820,6.);
#1820 = AXIS2_PLACEMENT_3D('',#1821,#1822,#1823);
#1821 = CARTESIAN_POINT('',(107.,45.663030787577,0.4));
#1822 = DIRECTION('',(0.,0.,-1.));
#1823 = DIRECTION('',(0.5,0.866025403784,0.));
#1824 = CYLINDRICAL_SURFACE('',#1825,6.);
#1825 = AXIS2_PLACEMENT_3D('',#1826,#1827,#1828);
#1826 = CARTESIAN_POINT('',(107.,45.663030787577,0.));
#1827 = DIRECTION('',(-0.,-0.,-1.));
#1828 = DIRECTION('',(1.,0.,0.));
#1829 = ADVANCED_FACE('',(#1830),#1848,.T.);
#1830 = FACE_BOUND('',#1831,.T.);
#1831 = EDGE_LOOP('',(#1832,#1833,#1834,#1842));
#1832 = ORIENTED_EDGE('',*,*,#1808,.T.);
#1833 = ORIENTED_EDGE('',*,*,#400,.T.);
#1834 = ORIENTED_EDGE('',*,*,#1835,.F.);
#1835 = EDGE_CURVE('',#1836,#401,#1838,.T.);
#1836 = VERTEX_POINT('',#1837);
#1837 = CARTESIAN_POINT('',(113.,36.413030787577,0.4));
#1838 = LINE('',#1839,#1840);
#1839 = CARTESIAN_POINT('',(113.,36.413030787577,0.));
#1840 = VECTOR('',#1841,1.);
#1841 = DIRECTION('',(0.,0.,1.));
#1842 = ORIENTED_EDGE('',*,*,#1843,.F.);
#1843 = EDGE_CURVE('',#1809,#1836,#1844,.T.);
#1844 = LINE('',#1845,#1846);
#1845 = CARTESIAN_POINT('',(113.,45.663030787577,0.4));
#1846 = VECTOR('',#1847,1.);
#1847 = DIRECTION('',(0.,-1.,0.));
#1848 = PLANE('',#1849);
#1849 = AXIS2_PLACEMENT_3D('',#1850,#1851,#1852);
#1850 = CARTESIAN_POINT('',(113.,45.663030787577,0.));
#1851 = DIRECTION('',(1.,0.,0.));
#1852 = DIRECTION('',(0.,-1.,0.));
#1853 = ADVANCED_FACE('',(#1854),#1873,.T.);
#1854 = FACE_BOUND('',#1855,.F.);
#1855 = EDGE_LOOP('',(#1856,#1864,#1865,#1866));
#1856 = ORIENTED_EDGE('',*,*,#1857,.T.);
#1857 = EDGE_CURVE('',#1858,#409,#1860,.T.);
#1858 = VERTEX_POINT('',#1859);
#1859 = CARTESIAN_POINT('',(110.,31.21687836487,0.4));
#1860 = LINE('',#1861,#1862);
#1861 = CARTESIAN_POINT('',(110.,31.21687836487,0.));
#1862 = VECTOR('',#1863,1.);
#1863 = DIRECTION('',(0.,0.,1.));
#1864 = ORIENTED_EDGE('',*,*,#408,.T.);
#1865 = ORIENTED_EDGE('',*,*,#1835,.F.);
#1866 = ORIENTED_EDGE('',*,*,#1867,.T.);
#1867 = EDGE_CURVE('',#1836,#1858,#1868,.T.);
#1868 = CIRCLE('',#1869,6.);
#1869 = AXIS2_PLACEMENT_3D('',#1870,#1871,#1872);
#1870 = CARTESIAN_POINT('',(107.,36.413030787577,0.4));
#1871 = DIRECTION('',(0.,0.,-1.));
#1872 = DIRECTION('',(1.,0.,0.));
#1873 = CYLINDRICAL_SURFACE('',#1874,6.);
#1874 = AXIS2_PLACEMENT_3D('',#1875,#1876,#1877);
#1875 = CARTESIAN_POINT('',(107.,36.413030787577,0.));
#1876 = DIRECTION('',(-0.,-0.,-1.));
#1877 = DIRECTION('',(1.,0.,0.));
#1878 = ADVANCED_FACE('',(#1879),#1897,.T.);
#1879 = FACE_BOUND('',#1880,.T.);
#1880 = EDGE_LOOP('',(#1881,#1882,#1883,#1891));
#1881 = ORIENTED_EDGE('',*,*,#1857,.T.);
#1882 = ORIENTED_EDGE('',*,*,#417,.T.);
#1883 = ORIENTED_EDGE('',*,*,#1884,.F.);
#1884 = EDGE_CURVE('',#1885,#418,#1887,.T.);
#1885 = VERTEX_POINT('',#1886);
#1886 = CARTESIAN_POINT('',(102.,26.598076211353,0.4));
#1887 = LINE('',#1888,#1889);
#1888 = CARTESIAN_POINT('',(102.,26.598076211353,0.));
#1889 = VECTOR('',#1890,1.);
#1890 = DIRECTION('',(0.,0.,1.));
#1891 = ORIENTED_EDGE('',*,*,#1892,.F.);
#1892 = EDGE_CURVE('',#1858,#1885,#1893,.T.);
#1893 = LINE('',#1894,#1895);
#1894 = CARTESIAN_POINT('',(110.,31.21687836487,0.4));
#1895 = VECTOR('',#1896,1.);
#1896 = DIRECTION('',(-0.866025403784,-0.5,0.));
#1897 = PLANE('',#1898);
#1898 = AXIS2_PLACEMENT_3D('',#1899,#1900,#1901);
#1899 = CARTESIAN_POINT('',(110.,31.21687836487,0.));
#1900 = DIRECTION('',(0.5,-0.866025403784,0.));
#1901 = DIRECTION('',(-0.866025403784,-0.5,0.));
#1902 = ADVANCED_FACE('',(#1903),#1922,.F.);
#1903 = FACE_BOUND('',#1904,.T.);
#1904 = EDGE_LOOP('',(#1905,#1906,#1907,#1915));
#1905 = ORIENTED_EDGE('',*,*,#1884,.T.);
#1906 = ORIENTED_EDGE('',*,*,#425,.T.);
#1907 = ORIENTED_EDGE('',*,*,#1908,.F.);
#1908 = EDGE_CURVE('',#1909,#426,#1911,.T.);
#1909 = VERTEX_POINT('',#1910);
#1910 = CARTESIAN_POINT('',(100.5,24.,0.4));
#1911 = LINE('',#1912,#1913);
#1912 = CARTESIAN_POINT('',(100.5,24.,0.));
#1913 = VECTOR('',#1914,1.);
#1914 = DIRECTION('',(0.,0.,1.));
#1915 = ORIENTED_EDGE('',*,*,#1916,.F.);
#1916 = EDGE_CURVE('',#1885,#1909,#1917,.T.);
#1917 = CIRCLE('',#1918,3.);
#1918 = AXIS2_PLACEMENT_3D('',#1919,#1920,#1921);
#1919 = CARTESIAN_POINT('',(103.5,24.,0.4));
#1920 = DIRECTION('',(0.,0.,1.));
#1921 = DIRECTION('',(-0.5,0.866025403784,0.));
#1922 = CYLINDRICAL_SURFACE('',#1923,3.);
#1923 = AXIS2_PLACEMENT_3D('',#1924,#1925,#1926);
#1924 = CARTESIAN_POINT('',(103.5,24.,0.));
#1925 = DIRECTION('',(-0.,-0.,-1.));
#1926 = DIRECTION('',(1.,0.,0.));
#1927 = ADVANCED_FACE('',(#1928),#1941,.F.);
#1928 = FACE_BOUND('',#1929,.F.);
#1929 = EDGE_LOOP('',(#1930,#1931,#1932,#1933,#1934,#1935));
#1930 = ORIENTED_EDGE('',*,*,#828,.T.);
#1931 = ORIENTED_EDGE('',*,*,#955,.T.);
#1932 = ORIENTED_EDGE('',*,*,#980,.T.);
#1933 = ORIENTED_EDGE('',*,*,#434,.T.);
#1934 = ORIENTED_EDGE('',*,*,#1908,.F.);
#1935 = ORIENTED_EDGE('',*,*,#1936,.T.);
#1936 = EDGE_CURVE('',#1909,#821,#1937,.T.);
#1937 = LINE('',#1938,#1939);
#1938 = CARTESIAN_POINT('',(100.5,24.,0.4));
#1939 = VECTOR('',#1940,1.);
#1940 = DIRECTION('',(-0.,-1.,-0.));
#1941 = PLANE('',#1942);
#1942 = AXIS2_PLACEMENT_3D('',#1943,#1944,#1945);
#1943 = CARTESIAN_POINT('',(100.5,0.,0.));
#1944 = DIRECTION('',(-1.,0.,0.));
#1945 = DIRECTION('',(0.,1.,0.));
#1946 = ADVANCED_FACE('',(#1947),#1972,.T.);
#1947 = FACE_BOUND('',#1948,.F.);
#1948 = EDGE_LOOP('',(#1949,#1957,#1958,#1966));
#1949 = ORIENTED_EDGE('',*,*,#1950,.F.);
#1950 = EDGE_CURVE('',#482,#1951,#1953,.T.);
#1951 = VERTEX_POINT('',#1952);
#1952 = CARTESIAN_POINT('',(6.4,67.5,12.8));
#1953 = LINE('',#1954,#1955);
#1954 = CARTESIAN_POINT('',(7.15,68.25,12.05));
#1955 = VECTOR('',#1956,1.);
#1956 = DIRECTION('',(0.57735026919,0.57735026919,-0.57735026919));
#1957 = ORIENTED_EDGE('',*,*,#489,.T.);
#1958 = ORIENTED_EDGE('',*,*,#1959,.T.);
#1959 = EDGE_CURVE('',#490,#1960,#1962,.T.);
#1960 = VERTEX_POINT('',#1961);
#1961 = CARTESIAN_POINT('',(6.4,67.5,7.2));
#1962 = LINE('',#1963,#1964);
#1963 = CARTESIAN_POINT('',(6.866666666667,67.966666666667,
    7.666666666667));
#1964 = VECTOR('',#1965,1.);
#1965 = DIRECTION('',(0.57735026919,0.57735026919,0.57735026919));
#1966 = ORIENTED_EDGE('',*,*,#1967,.F.);
#1967 = EDGE_CURVE('',#1951,#1960,#1968,.T.);
#1968 = LINE('',#1969,#1970);
#1969 = CARTESIAN_POINT('',(6.4,67.5,14.2));
#1970 = VECTOR('',#1971,1.);
#1971 = DIRECTION('',(0.,-2.2E-16,-1.));
#1972 = PLANE('',#1973);
#1973 = AXIS2_PLACEMENT_3D('',#1974,#1975,#1976);
#1974 = CARTESIAN_POINT('',(5.7,66.8,14.2));
#1975 = DIRECTION('',(-0.707106781187,0.707106781187,-1.E-17));
#1976 = DIRECTION('',(1.029289321881E-16,1.170710678119E-16,1.));
#1977 = ADVANCED_FACE('',(#1978),#1996,.T.);
#1978 = FACE_BOUND('',#1979,.F.);
#1979 = EDGE_LOOP('',(#1980,#1988,#1989,#1990));
#1980 = ORIENTED_EDGE('',*,*,#1981,.F.);
#1981 = EDGE_CURVE('',#513,#1982,#1984,.T.);
#1982 = VERTEX_POINT('',#1983);
#1983 = CARTESIAN_POINT('',(13.7,67.5,12.8));
#1984 = LINE('',#1985,#1986);
#1985 = CARTESIAN_POINT('',(13.233333333333,67.966666666667,
    12.333333333333));
#1986 = VECTOR('',#1987,1.);
#1987 = DIRECTION('',(-0.57735026919,0.57735026919,-0.57735026919));
#1988 = ORIENTED_EDGE('',*,*,#520,.T.);
#1989 = ORIENTED_EDGE('',*,*,#1950,.T.);
#1990 = ORIENTED_EDGE('',*,*,#1991,.F.);
#1991 = EDGE_CURVE('',#1982,#1951,#1992,.T.);
#1992 = LINE('',#1993,#1994);
#1993 = CARTESIAN_POINT('',(15.1,67.5,12.8));
#1994 = VECTOR('',#1995,1.);
#1995 = DIRECTION('',(-1.,0.,0.));
#1996 = PLANE('',#1997);
#1997 = AXIS2_PLACEMENT_3D('',#1998,#1999,#2000);
#1998 = CARTESIAN_POINT('',(15.1,66.8,13.5));
#1999 = DIRECTION('',(0.,0.707106781187,0.707106781187));
#2000 = DIRECTION('',(1.,0.,0.));
#2001 = ADVANCED_FACE('',(#2002),#2020,.T.);
#2002 = FACE_BOUND('',#2003,.F.);
#2003 = EDGE_LOOP('',(#2004,#2012,#2013,#2014));
#2004 = ORIENTED_EDGE('',*,*,#2005,.F.);
#2005 = EDGE_CURVE('',#537,#2006,#2008,.T.);
#2006 = VERTEX_POINT('',#2007);
#2007 = CARTESIAN_POINT('',(13.7,67.5,7.2));
#2008 = LINE('',#2009,#2010);
#2009 = CARTESIAN_POINT('',(12.95,68.25,7.95));
#2010 = VECTOR('',#2011,1.);
#2011 = DIRECTION('',(-0.57735026919,0.57735026919,0.57735026919));
#2012 = ORIENTED_EDGE('',*,*,#544,.T.);
#2013 = ORIENTED_EDGE('',*,*,#1981,.T.);
#2014 = ORIENTED_EDGE('',*,*,#2015,.F.);
#2015 = EDGE_CURVE('',#2006,#1982,#2016,.T.);
#2016 = LINE('',#2017,#2018);
#2017 = CARTESIAN_POINT('',(13.7,67.5,5.8));
#2018 = VECTOR('',#2019,1.);
#2019 = DIRECTION('',(0.,2.2E-16,1.));
#2020 = PLANE('',#2021);
#2021 = AXIS2_PLACEMENT_3D('',#2022,#2023,#2024);
#2022 = CARTESIAN_POINT('',(14.4,66.8,5.8));
#2023 = DIRECTION('',(0.707106781187,0.707106781187,1.E-17));
#2024 = DIRECTION('',(1.170710678119E-16,-1.029289321881E-16,-1.));
#2025 = ADVANCED_FACE('',(#2026),#2037,.T.);
#2026 = FACE_BOUND('',#2027,.F.);
#2027 = EDGE_LOOP('',(#2028,#2029,#2030,#2031));
#2028 = ORIENTED_EDGE('',*,*,#1959,.F.);
#2029 = ORIENTED_EDGE('',*,*,#561,.T.);
#2030 = ORIENTED_EDGE('',*,*,#2005,.T.);
#2031 = ORIENTED_EDGE('',*,*,#2032,.F.);
#2032 = EDGE_CURVE('',#1960,#2006,#2033,.T.);
#2033 = LINE('',#2034,#2035);
#2034 = CARTESIAN_POINT('',(5.,67.5,7.2));
#2035 = VECTOR('',#2036,1.);
#2036 = DIRECTION('',(1.,0.,0.));
#2037 = PLANE('',#2038);
#2038 = AXIS2_PLACEMENT_3D('',#2039,#2040,#2041);
#2039 = CARTESIAN_POINT('',(5.,66.8,6.5));
#2040 = DIRECTION('',(0.,0.707106781187,-0.707106781187));
#2041 = DIRECTION('',(-1.,-0.,-0.));
#2042 = ADVANCED_FACE('',(#2043),#2068,.T.);
#2043 = FACE_BOUND('',#2044,.F.);
#2044 = EDGE_LOOP('',(#2045,#2053,#2054,#2062));
#2045 = ORIENTED_EDGE('',*,*,#2046,.F.);
#2046 = EDGE_CURVE('',#578,#2047,#2049,.T.);
#2047 = VERTEX_POINT('',#2048);
#2048 = CARTESIAN_POINT('',(74.,67.5,12.8));
#2049 = LINE('',#2050,#2051);
#2050 = CARTESIAN_POINT('',(73.533333333333,67.966666666667,
    12.333333333333));
#2051 = VECTOR('',#2052,1.);
#2052 = DIRECTION('',(-0.57735026919,0.57735026919,-0.57735026919));
#2053 = ORIENTED_EDGE('',*,*,#585,.T.);
#2054 = ORIENTED_EDGE('',*,*,#2055,.T.);
#2055 = EDGE_CURVE('',#586,#2056,#2058,.T.);
#2056 = VERTEX_POINT('',#2057);
#2057 = CARTESIAN_POINT('',(26.5,67.5,12.8));
#2058 = LINE('',#2059,#2060);
#2059 = CARTESIAN_POINT('',(33.95,74.95,5.35));
#2060 = VECTOR('',#2061,1.);
#2061 = DIRECTION('',(0.57735026919,0.57735026919,-0.57735026919));
#2062 = ORIENTED_EDGE('',*,*,#2063,.F.);
#2063 = EDGE_CURVE('',#2047,#2056,#2064,.T.);
#2064 = LINE('',#2065,#2066);
#2065 = CARTESIAN_POINT('',(75.4,67.5,12.8));
#2066 = VECTOR('',#2067,1.);
#2067 = DIRECTION('',(-1.,0.,0.));
#2068 = PLANE('',#2069);
#2069 = AXIS2_PLACEMENT_3D('',#2070,#2071,#2072);
#2070 = CARTESIAN_POINT('',(75.4,66.8,13.5));
#2071 = DIRECTION('',(0.,0.707106781187,0.707106781187));
#2072 = DIRECTION('',(1.,0.,0.));
#2073 = ADVANCED_FACE('',(#2074),#2092,.T.);
#2074 = FACE_BOUND('',#2075,.F.);
#2075 = EDGE_LOOP('',(#2076,#2084,#2085,#2086));
#2076 = ORIENTED_EDGE('',*,*,#2077,.F.);
#2077 = EDGE_CURVE('',#609,#2078,#2080,.T.);
#2078 = VERTEX_POINT('',#2079);
#2079 = CARTESIAN_POINT('',(74.,67.5,7.2));
#2080 = LINE('',#2081,#2082);
#2081 = CARTESIAN_POINT('',(66.55,74.95,14.65));
#2082 = VECTOR('',#2083,1.);
#2083 = DIRECTION('',(-0.57735026919,0.57735026919,0.57735026919));
#2084 = ORIENTED_EDGE('',*,*,#616,.T.);
#2085 = ORIENTED_EDGE('',*,*,#2046,.T.);
#2086 = ORIENTED_EDGE('',*,*,#2087,.F.);
#2087 = EDGE_CURVE('',#2078,#2047,#2088,.T.);
#2088 = LINE('',#2089,#2090);
#2089 = CARTESIAN_POINT('',(74.,67.5,5.8));
#2090 = VECTOR('',#2091,1.);
#2091 = DIRECTION('',(0.,2.2E-16,1.));
#2092 = PLANE('',#2093);
#2093 = AXIS2_PLACEMENT_3D('',#2094,#2095,#2096);
#2094 = CARTESIAN_POINT('',(74.7,66.8,5.8));
#2095 = DIRECTION('',(0.707106781187,0.707106781187,0.));
#2096 = DIRECTION('',(1.1E-16,-1.1E-16,-1.));
#2097 = ADVANCED_FACE('',(#2098),#2116,.T.);
#2098 = FACE_BOUND('',#2099,.F.);
#2099 = EDGE_LOOP('',(#2100,#2108,#2109,#2110));
#2100 = ORIENTED_EDGE('',*,*,#2101,.F.);
#2101 = EDGE_CURVE('',#633,#2102,#2104,.T.);
#2102 = VERTEX_POINT('',#2103);
#2103 = CARTESIAN_POINT('',(26.5,67.5,7.2));
#2104 = LINE('',#2105,#2106);
#2105 = CARTESIAN_POINT('',(26.966666666667,67.966666666667,
    7.666666666667));
#2106 = VECTOR('',#2107,1.);
#2107 = DIRECTION('',(0.57735026919,0.57735026919,0.57735026919));
#2108 = ORIENTED_EDGE('',*,*,#640,.T.);
#2109 = ORIENTED_EDGE('',*,*,#2077,.T.);
#2110 = ORIENTED_EDGE('',*,*,#2111,.F.);
#2111 = EDGE_CURVE('',#2102,#2078,#2112,.T.);
#2112 = LINE('',#2113,#2114);
#2113 = CARTESIAN_POINT('',(25.1,67.5,7.2));
#2114 = VECTOR('',#2115,1.);
#2115 = DIRECTION('',(1.,0.,0.));
#2116 = PLANE('',#2117);
#2117 = AXIS2_PLACEMENT_3D('',#2118,#2119,#2120);
#2118 = CARTESIAN_POINT('',(25.1,66.8,6.5));
#2119 = DIRECTION('',(0.,0.707106781187,-0.707106781187));
#2120 = DIRECTION('',(-1.,-0.,-0.));
#2121 = ADVANCED_FACE('',(#2122),#2133,.T.);
#2122 = FACE_BOUND('',#2123,.F.);
#2123 = EDGE_LOOP('',(#2124,#2125,#2126,#2127));
#2124 = ORIENTED_EDGE('',*,*,#2055,.F.);
#2125 = ORIENTED_EDGE('',*,*,#657,.T.);
#2126 = ORIENTED_EDGE('',*,*,#2101,.T.);
#2127 = ORIENTED_EDGE('',*,*,#2128,.F.);
#2128 = EDGE_CURVE('',#2056,#2102,#2129,.T.);
#2129 = LINE('',#2130,#2131);
#2130 = CARTESIAN_POINT('',(26.5,67.5,14.2));
#2131 = VECTOR('',#2132,1.);
#2132 = DIRECTION('',(0.,-2.2E-16,-1.));
#2133 = PLANE('',#2134);
#2134 = AXIS2_PLACEMENT_3D('',#2135,#2136,#2137);
#2135 = CARTESIAN_POINT('',(25.8,66.8,14.2));
#2136 = DIRECTION('',(-0.707106781187,0.707106781187,0.));
#2137 = DIRECTION('',(1.1E-16,1.1E-16,1.));
#2138 = ADVANCED_FACE('',(#2139,#2150),#2153,.F.);
#2139 = FACE_BOUND('',#2140,.F.);
#2140 = EDGE_LOOP('',(#2141));
#2141 = ORIENTED_EDGE('',*,*,#2142,.F.);
#2142 = EDGE_CURVE('',#2143,#2143,#2145,.T.);
#2143 = VERTEX_POINT('',#2144);
#2144 = CARTESIAN_POINT('',(23.1,63.,10.));
#2145 = CIRCLE('',#2146,3.);
#2146 = AXIS2_PLACEMENT_3D('',#2147,#2148,#2149);
#2147 = CARTESIAN_POINT('',(20.1,63.,10.));
#2148 = DIRECTION('',(0.,-1.,0.));
#2149 = DIRECTION('',(1.,0.,0.));
#2150 = FACE_BOUND('',#2151,.F.);
#2151 = EDGE_LOOP('',(#2152));
#2152 = ORIENTED_EDGE('',*,*,#673,.T.);
#2153 = PLANE('',#2154);
#2154 = AXIS2_PLACEMENT_3D('',#2155,#2156,#2157);
#2155 = CARTESIAN_POINT('',(50.25,63.,10.));
#2156 = DIRECTION('',(0.,1.,0.));
#2157 = DIRECTION('',(0.,0.,1.));
#2158 = ADVANCED_FACE('',(#2159,#2170),#2173,.F.);
#2159 = FACE_BOUND('',#2160,.F.);
#2160 = EDGE_LOOP('',(#2161));
#2161 = ORIENTED_EDGE('',*,*,#2162,.F.);
#2162 = EDGE_CURVE('',#2163,#2163,#2165,.T.);
#2163 = VERTEX_POINT('',#2164);
#2164 = CARTESIAN_POINT('',(83.4,63.,10.));
#2165 = CIRCLE('',#2166,3.);
#2166 = AXIS2_PLACEMENT_3D('',#2167,#2168,#2169);
#2167 = CARTESIAN_POINT('',(80.4,63.,10.));
#2168 = DIRECTION('',(0.,-1.,0.));
#2169 = DIRECTION('',(1.,0.,0.));
#2170 = FACE_BOUND('',#2171,.F.);
#2171 = EDGE_LOOP('',(#2172));
#2172 = ORIENTED_EDGE('',*,*,#698,.T.);
#2173 = PLANE('',#2174);
#2174 = AXIS2_PLACEMENT_3D('',#2175,#2176,#2177);
#2175 = CARTESIAN_POINT('',(50.25,63.,10.));
#2176 = DIRECTION('',(0.,1.,0.));
#2177 = DIRECTION('',(0.,0.,1.));
#2178 = ADVANCED_FACE('',(#2179),#2204,.T.);
#2179 = FACE_BOUND('',#2180,.F.);
#2180 = EDGE_LOOP('',(#2181,#2189,#2190,#2198));
#2181 = ORIENTED_EDGE('',*,*,#2182,.F.);
#2182 = EDGE_CURVE('',#724,#2183,#2185,.T.);
#2183 = VERTEX_POINT('',#2184);
#2184 = CARTESIAN_POINT('',(86.8,67.5,12.8));
#2185 = LINE('',#2186,#2187);
#2186 = CARTESIAN_POINT('',(87.55,68.25,12.05));
#2187 = VECTOR('',#2188,1.);
#2188 = DIRECTION('',(0.57735026919,0.57735026919,-0.57735026919));
#2189 = ORIENTED_EDGE('',*,*,#731,.T.);
#2190 = ORIENTED_EDGE('',*,*,#2191,.T.);
#2191 = EDGE_CURVE('',#732,#2192,#2194,.T.);
#2192 = VERTEX_POINT('',#2193);
#2193 = CARTESIAN_POINT('',(86.8,67.5,7.2));
#2194 = LINE('',#2195,#2196);
#2195 = CARTESIAN_POINT('',(87.266666666667,67.966666666667,
    7.666666666667));
#2196 = VECTOR('',#2197,1.);
#2197 = DIRECTION('',(0.57735026919,0.57735026919,0.57735026919));
#2198 = ORIENTED_EDGE('',*,*,#2199,.F.);
#2199 = EDGE_CURVE('',#2183,#2192,#2200,.T.);
#2200 = LINE('',#2201,#2202);
#2201 = CARTESIAN_POINT('',(86.8,67.5,14.2));
#2202 = VECTOR('',#2203,1.);
#2203 = DIRECTION('',(0.,-2.2E-16,-1.));
#2204 = PLANE('',#2205);
#2205 = AXIS2_PLACEMENT_3D('',#2206,#2207,#2208);
#2206 = CARTESIAN_POINT('',(86.1,66.8,14.2));
#2207 = DIRECTION('',(-0.707106781187,0.707106781187,0.));
#2208 = DIRECTION('',(1.1E-16,1.1E-16,1.));
#2209 = ADVANCED_FACE('',(#2210),#2228,.T.);
#2210 = FACE_BOUND('',#2211,.F.);
#2211 = EDGE_LOOP('',(#2212,#2220,#2221,#2222));
#2212 = ORIENTED_EDGE('',*,*,#2213,.F.);
#2213 = EDGE_CURVE('',#755,#2214,#2216,.T.);
#2214 = VERTEX_POINT('',#2215);
#2215 = CARTESIAN_POINT('',(94.1,67.5,12.8));
#2216 = LINE('',#2217,#2218);
#2217 = CARTESIAN_POINT('',(93.633333333333,67.966666666667,
    12.333333333333));
#2218 = VECTOR('',#2219,1.);
#2219 = DIRECTION('',(-0.57735026919,0.57735026919,-0.57735026919));
#2220 = ORIENTED_EDGE('',*,*,#762,.T.);
#2221 = ORIENTED_EDGE('',*,*,#2182,.T.);
#2222 = ORIENTED_EDGE('',*,*,#2223,.F.);
#2223 = EDGE_CURVE('',#2214,#2183,#2224,.T.);
#2224 = LINE('',#2225,#2226);
#2225 = CARTESIAN_POINT('',(95.5,67.5,12.8));
#2226 = VECTOR('',#2227,1.);
#2227 = DIRECTION('',(-1.,0.,0.));
#2228 = PLANE('',#2229);
#2229 = AXIS2_PLACEMENT_3D('',#2230,#2231,#2232);
#2230 = CARTESIAN_POINT('',(95.5,66.8,13.5));
#2231 = DIRECTION('',(0.,0.707106781187,0.707106781187));
#2232 = DIRECTION('',(1.,0.,0.));
#2233 = ADVANCED_FACE('',(#2234),#2252,.T.);
#2234 = FACE_BOUND('',#2235,.F.);
#2235 = EDGE_LOOP('',(#2236,#2244,#2245,#2246));
#2236 = ORIENTED_EDGE('',*,*,#2237,.F.);
#2237 = EDGE_CURVE('',#779,#2238,#2240,.T.);
#2238 = VERTEX_POINT('',#2239);
#2239 = CARTESIAN_POINT('',(94.1,67.5,7.2));
#2240 = LINE('',#2241,#2242);
#2241 = CARTESIAN_POINT('',(93.35,68.25,7.95));
#2242 = VECTOR('',#2243,1.);
#2243 = DIRECTION('',(-0.57735026919,0.57735026919,0.57735026919));
#2244 = ORIENTED_EDGE('',*,*,#786,.T.);
#2245 = ORIENTED_EDGE('',*,*,#2213,.T.);
#2246 = ORIENTED_EDGE('',*,*,#2247,.F.);
#2247 = EDGE_CURVE('',#2238,#2214,#2248,.T.);
#2248 = LINE('',#2249,#2250);
#2249 = CARTESIAN_POINT('',(94.1,67.5,5.8));
#2250 = VECTOR('',#2251,1.);
#2251 = DIRECTION('',(0.,2.2E-16,1.));
#2252 = PLANE('',#2253);
#2253 = AXIS2_PLACEMENT_3D('',#2254,#2255,#2256);
#2254 = CARTESIAN_POINT('',(94.8,66.8,5.8));
#2255 = DIRECTION('',(0.707106781187,0.707106781187,0.));
#2256 = DIRECTION('',(1.1E-16,-1.1E-16,-1.));
#2257 = ADVANCED_FACE('',(#2258),#2269,.T.);
#2258 = FACE_BOUND('',#2259,.F.);
#2259 = EDGE_LOOP('',(#2260,#2261,#2262,#2263));
#2260 = ORIENTED_EDGE('',*,*,#2191,.F.);
#2261 = ORIENTED_EDGE('',*,*,#803,.T.);
#2262 = ORIENTED_EDGE('',*,*,#2237,.T.);
#2263 = ORIENTED_EDGE('',*,*,#2264,.F.);
#2264 = EDGE_CURVE('',#2192,#2238,#2265,.T.);
#2265 = LINE('',#2266,#2267);
#2266 = CARTESIAN_POINT('',(85.4,67.5,7.2));
#2267 = VECTOR('',#2268,1.);
#2268 = DIRECTION('',(1.,0.,0.));
#2269 = PLANE('',#2270);
#2270 = AXIS2_PLACEMENT_3D('',#2271,#2272,#2273);
#2271 = CARTESIAN_POINT('',(85.4,66.8,6.5));
#2272 = DIRECTION('',(0.,0.707106781187,-0.707106781187));
#2273 = DIRECTION('',(-1.,-0.,-0.));
#2274 = ADVANCED_FACE('',(#2275),#2286,.T.);
#2275 = FACE_BOUND('',#2276,.T.);
#2276 = EDGE_LOOP('',(#2277,#2278,#2279,#2285));
#2277 = ORIENTED_EDGE('',*,*,#895,.T.);
#2278 = ORIENTED_EDGE('',*,*,#1072,.T.);
#2279 = ORIENTED_EDGE('',*,*,#2280,.T.);
#2280 = EDGE_CURVE('',#1065,#821,#2281,.T.);
#2281 = LINE('',#2282,#2283);
#2282 = CARTESIAN_POINT('',(80.283333333333,24.216666666667,
    -19.81666666666));
#2283 = VECTOR('',#2284,1.);
#2284 = DIRECTION('',(0.57735026919,-0.57735026919,0.57735026919));
#2285 = ORIENTED_EDGE('',*,*,#820,.F.);
#2286 = PLANE('',#2287);
#2287 = AXIS2_PLACEMENT_3D('',#2288,#2289,#2290);
#2288 = CARTESIAN_POINT('',(0.,4.2,0.2));
#2289 = DIRECTION('',(0.,-0.707106781187,-0.707106781187));
#2290 = DIRECTION('',(1.,0.,0.));
#2291 = ADVANCED_FACE('',(#2292),#2360,.F.);
#2292 = FACE_BOUND('',#2293,.F.);
#2293 = EDGE_LOOP('',(#2294,#2295,#2303,#2357,#2358,#2359));
#2294 = ORIENTED_EDGE('',*,*,#921,.F.);
#2295 = ORIENTED_EDGE('',*,*,#2296,.T.);
#2296 = EDGE_CURVE('',#922,#2297,#2299,.T.);
#2297 = VERTEX_POINT('',#2298);
#2298 = CARTESIAN_POINT('',(21.8,9.460607985831,10.));
#2299 = LINE('',#2300,#2301);
#2300 = CARTESIAN_POINT('',(21.8,2.22E-15,10.));
#2301 = VECTOR('',#2302,1.);
#2302 = DIRECTION('',(0.,1.,-2.2E-16));
#2303 = ORIENTED_EDGE('',*,*,#2304,.T.);
#2304 = EDGE_CURVE('',#2297,#2297,#2305,.T.);
#2305 = B_SPLINE_CURVE_WITH_KNOTS('',8,(#2306,#2307,#2308,#2309,#2310,
    #2311,#2312,#2313,#2314,#2315,#2316,#2317,#2318,#2319,#2320,#2321,
    #2322,#2323,#2324,#2325,#2326,#2327,#2328,#2329,#2330,#2331,#2332,
    #2333,#2334,#2335,#2336,#2337,#2338,#2339,#2340,#2341,#2342,#2343,
    #2344,#2345,#2346,#2347,#2348,#2349,#2350,#2351,#2352,#2353,#2354,
    #2355,#2356),.UNSPECIFIED.,.T.,.F.,(9,7,7,7,7,7,7,9),(0.,
    0.104581138831,0.247256550832,0.394733939951,0.530134854964,
    0.752622595335,0.901599295019,1.),.UNSPECIFIED.);
#2306 = CARTESIAN_POINT('',(21.8,9.460607985831,10.));
#2307 = CARTESIAN_POINT('',(21.8,9.411043440916,10.15760520798));
#2308 = CARTESIAN_POINT('',(21.783301158532,9.364655744604,
    10.315507461093));
#2309 = CARTESIAN_POINT('',(21.749793912594,9.322268266277,
    10.470939300771));
#2310 = CARTESIAN_POINT('',(21.700089294524,9.28438294246,10.62116357583
    ));
#2311 = CARTESIAN_POINT('',(21.635483149683,9.251159409391,
    10.763605754552));
#2312 = CARTESIAN_POINT('',(21.557939879033,9.222481098557,
    10.896007713088));
#2313 = CARTESIAN_POINT('',(21.470084124916,9.198056144224,
    11.016592574286));
#2314 = CARTESIAN_POINT('',(21.245727358022,9.149458414286,
    11.271075373126));
#2315 = CARTESIAN_POINT('',(21.101503518139,9.128258288399,
    11.395707831133));
#2316 = CARTESIAN_POINT('',(20.946514837219,9.112443481392,
    11.498389918165));
#2317 = CARTESIAN_POINT('',(20.783853014133,9.100871445132,
    11.579631360079));
#2318 = CARTESIAN_POINT('',(20.61598023358,9.092725766936,
    11.640006725849));
#2319 = CARTESIAN_POINT('',(20.444918430053,9.087479695173,
    11.680020371483));
#2320 = CARTESIAN_POINT('',(20.272396441022,9.084860061502,11.7));
#2321 = CARTESIAN_POINT('',(19.921801271439,9.084860061502,11.7));
#2322 = CARTESIAN_POINT('',(19.743404973599,9.087659008473,
    11.678653028196));
#2323 = CARTESIAN_POINT('',(19.566583929124,9.093267829594,
    11.635871626766));
#2324 = CARTESIAN_POINT('',(19.393284464846,9.101999957692,
    11.571272583124));
#2325 = CARTESIAN_POINT('',(19.2257961599,9.114456517764,11.484291500258
    ));
#2326 = CARTESIAN_POINT('',(19.066915968273,9.131571306528,
    11.374308406341));
#2327 = CARTESIAN_POINT('',(18.920166405253,9.154650630472,
    11.240810831873));
#2328 = CARTESIAN_POINT('',(18.670737060139,9.213522195112,
    10.939302547531));
#2329 = CARTESIAN_POINT('',(18.56352456557,9.248569879502,
    10.772706630456));
#2330 = CARTESIAN_POINT('',(18.476408089846,9.291271846673,
    10.586893690899));
#2331 = CARTESIAN_POINT('',(18.414936688454,9.342072900267,
    10.386967663419));
#2332 = CARTESIAN_POINT('',(18.382294403592,9.400682652672,
    10.179279844585));
#2333 = CARTESIAN_POINT('',(18.379313639817,9.46568694495,9.970716305556
    ));
#2334 = CARTESIAN_POINT('',(18.404417242794,9.534502217695,
    9.768036031831));
#2335 = CARTESIAN_POINT('',(18.533910166002,9.71822387555,9.263694394402
    ));
#2336 = CARTESIAN_POINT('',(18.678123549099,9.833193084417,
    8.985268485954));
#2337 = CARTESIAN_POINT('',(18.869593920225,9.941154905156,
    8.750481855852));
#2338 = CARTESIAN_POINT('',(19.095534826989,10.034545510859,
    8.562750537669));
#2339 = CARTESIAN_POINT('',(19.345297103869,10.107337149165,
    8.423587418798));
#2340 = CARTESIAN_POINT('',(19.609987461637,10.155564275152,
    8.33340408607));
#2341 = CARTESIAN_POINT('',(19.881857125759,10.177432103854,
    8.292305322495));
#2342 = CARTESIAN_POINT('',(20.335220922431,10.169847351908,
    8.306552853784));
#2343 = CARTESIAN_POINT('',(20.516095665606,10.154977820139,
    8.334494646286));
#2344 = CARTESIAN_POINT('',(20.69373505472,10.128448850265,8.38448689062
    ));
#2345 = CARTESIAN_POINT('',(20.865796574027,10.090800853737,
    8.456406744057));
#2346 = CARTESIAN_POINT('',(21.029767946718,10.042967433132,
    8.55010932362));
#2347 = CARTESIAN_POINT('',(21.182865369709,9.986273164708,
    8.665343594972));
#2348 = CARTESIAN_POINT('',(21.32192444028,9.922394244977,8.801628608463
    ));
#2349 = CARTESIAN_POINT('',(21.52340928285,9.807609496821,9.061381302328
    ));
#2350 = CARTESIAN_POINT('',(21.596426386038,9.759318633292,
    9.174270303873));
#2351 = CARTESIAN_POINT('',(21.660583359924,9.709158736978,
    9.296090359291));
#2352 = CARTESIAN_POINT('',(21.714316869704,9.658005604406,
    9.425941904029));
#2353 = CARTESIAN_POINT('',(21.756237898925,9.606763443452,
    9.562688947862));
#2354 = CARTESIAN_POINT('',(21.785138626748,9.556295160142,9.70498773942
    ));
#2355 = CARTESIAN_POINT('',(21.8,9.507367063129,9.851315610475));
#2356 = CARTESIAN_POINT('',(21.8,9.460607985831,10.));
#2357 = ORIENTED_EDGE('',*,*,#2296,.F.);
#2358 = ORIENTED_EDGE('',*,*,#930,.F.);
#2359 = ORIENTED_EDGE('',*,*,#861,.F.);
#2360 = CYLINDRICAL_SURFACE('',#2361,1.7);
#2361 = AXIS2_PLACEMENT_3D('',#2362,#2363,#2364);
#2362 = CARTESIAN_POINT('',(20.1,2.22E-15,10.));
#2363 = DIRECTION('',(0.,-1.,2.2E-16));
#2364 = DIRECTION('',(1.,0.,0.));
#2365 = ADVANCED_FACE('',(#2366),#2434,.F.);
#2366 = FACE_BOUND('',#2367,.F.);
#2367 = EDGE_LOOP('',(#2368,#2369,#2377,#2431,#2432,#2433));
#2368 = ORIENTED_EDGE('',*,*,#938,.F.);
#2369 = ORIENTED_EDGE('',*,*,#2370,.T.);
#2370 = EDGE_CURVE('',#939,#2371,#2373,.T.);
#2371 = VERTEX_POINT('',#2372);
#2372 = CARTESIAN_POINT('',(82.1,9.460607985831,10.));
#2373 = LINE('',#2374,#2375);
#2374 = CARTESIAN_POINT('',(82.1,2.22E-15,10.));
#2375 = VECTOR('',#2376,1.);
#2376 = DIRECTION('',(0.,1.,-2.2E-16));
#2377 = ORIENTED_EDGE('',*,*,#2378,.T.);
#2378 = EDGE_CURVE('',#2371,#2371,#2379,.T.);
#2379 = B_SPLINE_CURVE_WITH_KNOTS('',8,(#2380,#2381,#2382,#2383,#2384,
    #2385,#2386,#2387,#2388,#2389,#2390,#2391,#2392,#2393,#2394,#2395,
    #2396,#2397,#2398,#2399,#2400,#2401,#2402,#2403,#2404,#2405,#2406,
    #2407,#2408,#2409,#2410,#2411,#2412,#2413,#2414,#2415,#2416,#2417,
    #2418,#2419,#2420,#2421,#2422,#2423,#2424,#2425,#2426,#2427,#2428,
    #2429,#2430),.UNSPECIFIED.,.T.,.F.,(9,7,7,7,7,7,7,9),(0.,
    0.104581138831,0.247256550832,0.394733939951,0.530134854964,
    0.752622595335,0.90159929502,1.),.UNSPECIFIED.);
#2380 = CARTESIAN_POINT('',(82.1,9.460607985831,10.));
#2381 = CARTESIAN_POINT('',(82.1,9.411043440916,10.15760520798));
#2382 = CARTESIAN_POINT('',(82.083301158532,9.364655744604,
    10.315507461093));
#2383 = CARTESIAN_POINT('',(82.049793912594,9.322268266277,
    10.470939300771));
#2384 = CARTESIAN_POINT('',(82.000089294524,9.28438294246,10.62116357583
    ));
#2385 = CARTESIAN_POINT('',(81.935483149683,9.251159409391,
    10.763605754552));
#2386 = CARTESIAN_POINT('',(81.857939879033,9.222481098557,
    10.896007713088));
#2387 = CARTESIAN_POINT('',(81.770084124916,9.198056144224,
    11.016592574286));
#2388 = CARTESIAN_POINT('',(81.545727358022,9.149458414286,
    11.271075373126));
#2389 = CARTESIAN_POINT('',(81.401503518139,9.128258288399,
    11.395707831133));
#2390 = CARTESIAN_POINT('',(81.246514837219,9.112443481392,
    11.498389918165));
#2391 = CARTESIAN_POINT('',(81.083853014133,9.100871445132,
    11.579631360078));
#2392 = CARTESIAN_POINT('',(80.915980233579,9.092725766936,
    11.640006725849));
#2393 = CARTESIAN_POINT('',(80.744918430054,9.087479695173,
    11.680020371483));
#2394 = CARTESIAN_POINT('',(80.572396441022,9.084860061502,11.7));
#2395 = CARTESIAN_POINT('',(80.221801271439,9.084860061502,11.7));
#2396 = CARTESIAN_POINT('',(80.043404973599,9.087659008473,
    11.678653028196));
#2397 = CARTESIAN_POINT('',(79.866583929124,9.093267829594,
    11.635871626766));
#2398 = CARTESIAN_POINT('',(79.693284464846,9.101999957692,
    11.571272583124));
#2399 = CARTESIAN_POINT('',(79.5257961599,9.114456517764,11.484291500257
    ));
#2400 = CARTESIAN_POINT('',(79.366915968274,9.131571306528,
    11.374308406341));
#2401 = CARTESIAN_POINT('',(79.220166405253,9.154650630472,
    11.240810831873));
#2402 = CARTESIAN_POINT('',(78.970737060139,9.213522195112,
    10.939302547531));
#2403 = CARTESIAN_POINT('',(78.86352456557,9.248569879502,
    10.772706630456));
#2404 = CARTESIAN_POINT('',(78.776408089846,9.291271846672,
    10.586893690899));
#2405 = CARTESIAN_POINT('',(78.714936688454,9.342072900267,
    10.386967663419));
#2406 = CARTESIAN_POINT('',(78.682294403592,9.400682652672,
    10.179279844585));
#2407 = CARTESIAN_POINT('',(78.679313639817,9.46568694495,9.970716305556
    ));
#2408 = CARTESIAN_POINT('',(78.704417242794,9.534502217695,
    9.768036031831));
#2409 = CARTESIAN_POINT('',(78.833910166002,9.71822387555,9.263694394403
    ));
#2410 = CARTESIAN_POINT('',(78.978123549099,9.833193084417,
    8.985268485954));
#2411 = CARTESIAN_POINT('',(79.169593920225,9.941154905156,
    8.750481855852));
#2412 = CARTESIAN_POINT('',(79.395534826989,10.03454551086,
    8.562750537669));
#2413 = CARTESIAN_POINT('',(79.645297103868,10.107337149165,
    8.423587418798));
#2414 = CARTESIAN_POINT('',(79.909987461637,10.155564275152,
    8.33340408607));
#2415 = CARTESIAN_POINT('',(80.181857125759,10.177432103854,
    8.292305322495));
#2416 = CARTESIAN_POINT('',(80.635220922431,10.169847351908,
    8.306552853784));
#2417 = CARTESIAN_POINT('',(80.816095665607,10.154977820139,
    8.334494646286));
#2418 = CARTESIAN_POINT('',(80.99373505472,10.128448850265,8.38448689062
    ));
#2419 = CARTESIAN_POINT('',(81.165796574027,10.090800853737,
    8.456406744057));
#2420 = CARTESIAN_POINT('',(81.329767946718,10.042967433132,
    8.55010932362));
#2421 = CARTESIAN_POINT('',(81.482865369709,9.986273164708,
    8.665343594972));
#2422 = CARTESIAN_POINT('',(81.62192444028,9.922394244977,8.801628608464
    ));
#2423 = CARTESIAN_POINT('',(81.82340928285,9.807609496821,9.061381302328
    ));
#2424 = CARTESIAN_POINT('',(81.896426386038,9.759318633292,
    9.174270303873));
#2425 = CARTESIAN_POINT('',(81.960583359924,9.709158736978,
    9.296090359291));
#2426 = CARTESIAN_POINT('',(82.014316869704,9.658005604406,
    9.425941904029));
#2427 = CARTESIAN_POINT('',(82.056237898925,9.606763443452,
    9.562688947862));
#2428 = CARTESIAN_POINT('',(82.085138626748,9.556295160142,9.70498773942
    ));
#2429 = CARTESIAN_POINT('',(82.1,9.507367063129,9.851315610475));
#2430 = CARTESIAN_POINT('',(82.1,9.460607985831,10.));
#2431 = ORIENTED_EDGE('',*,*,#2370,.F.);
#2432 = ORIENTED_EDGE('',*,*,#947,.F.);
#2433 = ORIENTED_EDGE('',*,*,#844,.F.);
#2434 = CYLINDRICAL_SURFACE('',#2435,1.7);
#2435 = AXIS2_PLACEMENT_3D('',#2436,#2437,#2438);
#2436 = CARTESIAN_POINT('',(80.4,2.22E-15,10.));
#2437 = DIRECTION('',(0.,-1.,2.2E-16));
#2438 = DIRECTION('',(1.,0.,0.));
#2439 = ADVANCED_FACE('',(#2440),#2477,.F.);
#2440 = FACE_BOUND('',#2441,.F.);
#2441 = EDGE_LOOP('',(#2442,#2450,#2451,#2452,#2461,#2470));
#2442 = ORIENTED_EDGE('',*,*,#2443,.F.);
#2443 = EDGE_CURVE('',#879,#2444,#2446,.T.);
#2444 = VERTEX_POINT('',#2445);
#2445 = CARTESIAN_POINT('',(66.35,9.,5.5));
#2446 = LINE('',#2447,#2448);
#2447 = CARTESIAN_POINT('',(66.35,1.22E-15,5.5));
#2448 = VECTOR('',#2449,1.);
#2449 = DIRECTION('',(0.,1.,-2.2E-16));
#2450 = ORIENTED_EDGE('',*,*,#878,.F.);
#2451 = ORIENTED_EDGE('',*,*,#2443,.T.);
#2452 = ORIENTED_EDGE('',*,*,#2453,.T.);
#2453 = EDGE_CURVE('',#2444,#2454,#2456,.T.);
#2454 = VERTEX_POINT('',#2455);
#2455 = CARTESIAN_POINT('',(65.809005251512,9.,7.));
#2456 = CIRCLE('',#2457,2.35);
#2457 = AXIS2_PLACEMENT_3D('',#2458,#2459,#2460);
#2458 = CARTESIAN_POINT('',(64.,9.,5.5));
#2459 = DIRECTION('',(0.,-1.,0.));
#2460 = DIRECTION('',(1.,0.,0.));
#2461 = ORIENTED_EDGE('',*,*,#2462,.T.);
#2462 = EDGE_CURVE('',#2454,#2463,#2465,.T.);
#2463 = VERTEX_POINT('',#2464);
#2464 = CARTESIAN_POINT('',(62.190994748487,9.,7.));
#2465 = CIRCLE('',#2466,2.35);
#2466 = AXIS2_PLACEMENT_3D('',#2467,#2468,#2469);
#2467 = CARTESIAN_POINT('',(64.,9.,5.5));
#2468 = DIRECTION('',(0.,-1.,0.));
#2469 = DIRECTION('',(1.,0.,0.));
#2470 = ORIENTED_EDGE('',*,*,#2471,.T.);
#2471 = EDGE_CURVE('',#2463,#2444,#2472,.T.);
#2472 = CIRCLE('',#2473,2.35);
#2473 = AXIS2_PLACEMENT_3D('',#2474,#2475,#2476);
#2474 = CARTESIAN_POINT('',(64.,9.,5.5));
#2475 = DIRECTION('',(0.,-1.,0.));
#2476 = DIRECTION('',(1.,0.,0.));
#2477 = CYLINDRICAL_SURFACE('',#2478,2.35);
#2478 = AXIS2_PLACEMENT_3D('',#2479,#2480,#2481);
#2479 = CARTESIAN_POINT('',(64.,1.22E-15,5.5));
#2480 = DIRECTION('',(0.,-1.,2.2E-16));
#2481 = DIRECTION('',(1.,0.,0.));
#2482 = ADVANCED_FACE('',(#2483),#2494,.F.);
#2483 = FACE_BOUND('',#2484,.T.);
#2484 = EDGE_LOOP('',(#2485,#2491,#2492,#2493));
#2485 = ORIENTED_EDGE('',*,*,#2486,.F.);
#2486 = EDGE_CURVE('',#1909,#1056,#2487,.T.);
#2487 = LINE('',#2488,#2489);
#2488 = CARTESIAN_POINT('',(100.5,24.,0.4));
#2489 = VECTOR('',#2490,1.);
#2490 = DIRECTION('',(-0.707106781187,5.6E-16,-0.707106781187));
#2491 = ORIENTED_EDGE('',*,*,#1936,.T.);
#2492 = ORIENTED_EDGE('',*,*,#2280,.F.);
#2493 = ORIENTED_EDGE('',*,*,#1064,.F.);
#2494 = PLANE('',#2495);
#2495 = AXIS2_PLACEMENT_3D('',#2496,#2497,#2498);
#2496 = CARTESIAN_POINT('',(100.3,24.,0.2));
#2497 = DIRECTION('',(-0.707106781187,0.,0.707106781187));
#2498 = DIRECTION('',(0.,1.,0.));
#2499 = ADVANCED_FACE('',(#2500),#2511,.F.);
#2500 = FACE_BOUND('',#2501,.T.);
#2501 = EDGE_LOOP('',(#2502,#2508,#2509,#2510));
#2502 = ORIENTED_EDGE('',*,*,#2503,.F.);
#2503 = EDGE_CURVE('',#1885,#1048,#2504,.T.);
#2504 = LINE('',#2505,#2506);
#2505 = CARTESIAN_POINT('',(101.9,26.77128129211,0.2));
#2506 = VECTOR('',#2507,1.);
#2507 = DIRECTION('',(-0.353553390593,0.612372435696,-0.707106781187));
#2508 = ORIENTED_EDGE('',*,*,#1916,.T.);
#2509 = ORIENTED_EDGE('',*,*,#2486,.T.);
#2510 = ORIENTED_EDGE('',*,*,#1055,.F.);
#2511 = CONICAL_SURFACE('',#2512,3.,0.785398163397);
#2512 = AXIS2_PLACEMENT_3D('',#2513,#2514,#2515);
#2513 = CARTESIAN_POINT('',(103.5,24.,0.4));
#2514 = DIRECTION('',(0.,0.,-1.));
#2515 = DIRECTION('',(-0.5,0.866025403784,0.));
#2516 = ADVANCED_FACE('',(#2517),#2528,.F.);
#2517 = FACE_BOUND('',#2518,.T.);
#2518 = EDGE_LOOP('',(#2519,#2520,#2521,#2527));
#2519 = ORIENTED_EDGE('',*,*,#1432,.F.);
#2520 = ORIENTED_EDGE('',*,*,#1769,.T.);
#2521 = ORIENTED_EDGE('',*,*,#2522,.T.);
#2522 = EDGE_CURVE('',#1762,#1005,#2523,.T.);
#2523 = LINE('',#2524,#2525);
#2524 = CARTESIAN_POINT('',(102.,55.477985363801,0.4));
#2525 = VECTOR('',#2526,1.);
#2526 = DIRECTION('',(-0.353553390593,-0.612372435696,-0.707106781187));
#2527 = ORIENTED_EDGE('',*,*,#1004,.F.);
#2528 = CONICAL_SURFACE('',#2529,3.,0.785398163397);
#2529 = AXIS2_PLACEMENT_3D('',#2530,#2531,#2532);
#2530 = CARTESIAN_POINT('',(103.5,58.076061575154,0.4));
#2531 = DIRECTION('',(0.,0.,-1.));
#2532 = DIRECTION('',(-1.,0.,0.));
#2533 = ADVANCED_FACE('',(#2534),#2545,.T.);
#2534 = FACE_BOUND('',#2535,.T.);
#2535 = EDGE_LOOP('',(#2536,#2542,#2543,#2544));
#2536 = ORIENTED_EDGE('',*,*,#2537,.F.);
#2537 = EDGE_CURVE('',#1858,#1039,#2538,.T.);
#2538 = LINE('',#2539,#2540);
#2539 = CARTESIAN_POINT('',(110.,31.21687836487,0.4));
#2540 = VECTOR('',#2541,1.);
#2541 = DIRECTION('',(-0.353553390593,0.612372435696,-0.707106781187));
#2542 = ORIENTED_EDGE('',*,*,#1892,.T.);
#2543 = ORIENTED_EDGE('',*,*,#2503,.T.);
#2544 = ORIENTED_EDGE('',*,*,#1047,.F.);
#2545 = PLANE('',#2546);
#2546 = AXIS2_PLACEMENT_3D('',#2547,#2548,#2549);
#2547 = CARTESIAN_POINT('',(109.9,31.390083445627,0.2));
#2548 = DIRECTION('',(0.353553390593,-0.612372435696,-0.707106781187));
#2549 = DIRECTION('',(-0.866025403784,-0.5,4.440892098501E-16));
#2550 = ADVANCED_FACE('',(#2551),#2562,.T.);
#2551 = FACE_BOUND('',#2552,.T.);
#2552 = EDGE_LOOP('',(#2553,#2554,#2555,#2561));
#2553 = ORIENTED_EDGE('',*,*,#2522,.F.);
#2554 = ORIENTED_EDGE('',*,*,#1794,.T.);
#2555 = ORIENTED_EDGE('',*,*,#2556,.T.);
#2556 = EDGE_CURVE('',#1787,#1014,#2557,.T.);
#2557 = LINE('',#2558,#2559);
#2558 = CARTESIAN_POINT('',(109.9,50.685978129527,0.2));
#2559 = VECTOR('',#2560,1.);
#2560 = DIRECTION('',(-0.353553390593,-0.612372435696,-0.707106781187));
#2561 = ORIENTED_EDGE('',*,*,#1013,.F.);
#2562 = PLANE('',#2563);
#2563 = AXIS2_PLACEMENT_3D('',#2564,#2565,#2566);
#2564 = CARTESIAN_POINT('',(101.9,55.304780283044,0.2));
#2565 = DIRECTION('',(0.353553390593,0.612372435696,-0.707106781187));
#2566 = DIRECTION('',(0.866025403784,-0.5,3.053113317719E-16));
#2567 = ADVANCED_FACE('',(#2568),#2579,.T.);
#2568 = FACE_BOUND('',#2569,.T.);
#2569 = EDGE_LOOP('',(#2570,#2576,#2577,#2578));
#2570 = ORIENTED_EDGE('',*,*,#2571,.F.);
#2571 = EDGE_CURVE('',#1836,#1031,#2572,.T.);
#2572 = LINE('',#2573,#2574);
#2573 = CARTESIAN_POINT('',(112.8,36.413030787577,0.2));
#2574 = VECTOR('',#2575,1.);
#2575 = DIRECTION('',(-0.707106781187,0.,-0.707106781187));
#2576 = ORIENTED_EDGE('',*,*,#1867,.T.);
#2577 = ORIENTED_EDGE('',*,*,#2537,.T.);
#2578 = ORIENTED_EDGE('',*,*,#1038,.F.);
#2579 = CONICAL_SURFACE('',#2580,6.,0.785398163397);
#2580 = AXIS2_PLACEMENT_3D('',#2581,#2582,#2583);
#2581 = CARTESIAN_POINT('',(107.,36.413030787577,0.4));
#2582 = DIRECTION('',(0.,0.,1.));
#2583 = DIRECTION('',(1.,0.,0.));
#2584 = ADVANCED_FACE('',(#2585),#2596,.T.);
#2585 = FACE_BOUND('',#2586,.T.);
#2586 = EDGE_LOOP('',(#2587,#2588,#2589,#2595));
#2587 = ORIENTED_EDGE('',*,*,#2556,.F.);
#2588 = ORIENTED_EDGE('',*,*,#1818,.T.);
#2589 = ORIENTED_EDGE('',*,*,#2590,.T.);
#2590 = EDGE_CURVE('',#1809,#1022,#2591,.T.);
#2591 = LINE('',#2592,#2593);
#2592 = CARTESIAN_POINT('',(113.,45.663030787577,0.4));
#2593 = VECTOR('',#2594,1.);
#2594 = DIRECTION('',(-0.707106781187,6.E-17,-0.707106781187));
#2595 = ORIENTED_EDGE('',*,*,#1021,.F.);
#2596 = CONICAL_SURFACE('',#2597,6.,0.785398163397);
#2597 = AXIS2_PLACEMENT_3D('',#2598,#2599,#2600);
#2598 = CARTESIAN_POINT('',(107.,45.663030787577,0.4));
#2599 = DIRECTION('',(0.,0.,1.));
#2600 = DIRECTION('',(0.5,0.866025403784,0.));
#2601 = ADVANCED_FACE('',(#2602),#2608,.T.);
#2602 = FACE_BOUND('',#2603,.T.);
#2603 = EDGE_LOOP('',(#2604,#2605,#2606,#2607));
#2604 = ORIENTED_EDGE('',*,*,#2590,.F.);
#2605 = ORIENTED_EDGE('',*,*,#1843,.T.);
#2606 = ORIENTED_EDGE('',*,*,#2571,.T.);
#2607 = ORIENTED_EDGE('',*,*,#1030,.F.);
#2608 = PLANE('',#2609);
#2609 = AXIS2_PLACEMENT_3D('',#2610,#2611,#2612);
#2610 = CARTESIAN_POINT('',(112.8,45.663030787577,0.2));
#2611 = DIRECTION('',(0.707106781187,0.,-0.707106781187));
#2612 = DIRECTION('',(0.,-1.,0.));
#2613 = ADVANCED_FACE('',(#2614),#2648,.F.);
#2614 = FACE_BOUND('',#2615,.F.);
#2615 = EDGE_LOOP('',(#2616,#2617,#2625,#2633,#2642));
#2616 = ORIENTED_EDGE('',*,*,#1080,.F.);
#2617 = ORIENTED_EDGE('',*,*,#2618,.T.);
#2618 = EDGE_CURVE('',#1081,#2619,#2621,.T.);
#2619 = VERTEX_POINT('',#2620);
#2620 = CARTESIAN_POINT('',(92.,22.5,3.));
#2621 = LINE('',#2622,#2623);
#2622 = CARTESIAN_POINT('',(92.,22.5,0.));
#2623 = VECTOR('',#2624,1.);
#2624 = DIRECTION('',(0.,0.,1.));
#2625 = ORIENTED_EDGE('',*,*,#2626,.F.);
#2626 = EDGE_CURVE('',#2627,#2619,#2629,.T.);
#2627 = VERTEX_POINT('',#2628);
#2628 = CARTESIAN_POINT('',(92.,19.,3.));
#2629 = LINE('',#2630,#2631);
#2630 = CARTESIAN_POINT('',(92.,28.874236596195,3.));
#2631 = VECTOR('',#2632,1.);
#2632 = DIRECTION('',(0.,1.,0.));
#2633 = ORIENTED_EDGE('',*,*,#2634,.F.);
#2634 = EDGE_CURVE('',#2635,#2627,#2637,.T.);
#2635 = VERTEX_POINT('',#2636);
#2636 = CARTESIAN_POINT('',(92.,12.5,5.400657923215));
#2637 = CIRCLE('',#2638,10.);
#2638 = AXIS2_PLACEMENT_3D('',#2639,#2640,#2641);
#2639 = CARTESIAN_POINT('',(92.,19.,13.));
#2640 = DIRECTION('',(1.,0.,0.));
#2641 = DIRECTION('',(0.,-1.,0.));
#2642 = ORIENTED_EDGE('',*,*,#2643,.F.);
#2643 = EDGE_CURVE('',#1083,#2635,#2644,.T.);
#2644 = LINE('',#2645,#2646);
#2645 = CARTESIAN_POINT('',(92.,12.5,0.));
#2646 = VECTOR('',#2647,1.);
#2647 = DIRECTION('',(0.,0.,1.));
#2648 = PLANE('',#2649);
#2649 = AXIS2_PLACEMENT_3D('',#2650,#2651,#2652);
#2650 = CARTESIAN_POINT('',(92.,22.5,0.));
#2651 = DIRECTION('',(1.,0.,0.));
#2652 = DIRECTION('',(0.,-1.,0.));
#2653 = ADVANCED_FACE('',(#2654),#2673,.F.);
#2654 = FACE_BOUND('',#2655,.T.);
#2655 = EDGE_LOOP('',(#2656,#2657,#2658,#2667));
#2656 = ORIENTED_EDGE('',*,*,#1090,.F.);
#2657 = ORIENTED_EDGE('',*,*,#2618,.T.);
#2658 = ORIENTED_EDGE('',*,*,#2659,.F.);
#2659 = EDGE_CURVE('',#2660,#2619,#2662,.T.);
#2660 = VERTEX_POINT('',#2661);
#2661 = CARTESIAN_POINT('',(89.,22.5,3.));
#2662 = CIRCLE('',#2663,1.5);
#2663 = AXIS2_PLACEMENT_3D('',#2664,#2665,#2666);
#2664 = CARTESIAN_POINT('',(90.5,22.5,3.));
#2665 = DIRECTION('',(0.,0.,-1.));
#2666 = DIRECTION('',(1.,0.,0.));
#2667 = ORIENTED_EDGE('',*,*,#2668,.F.);
#2668 = EDGE_CURVE('',#1091,#2660,#2669,.T.);
#2669 = LINE('',#2670,#2671);
#2670 = CARTESIAN_POINT('',(89.,22.5,0.));
#2671 = VECTOR('',#2672,1.);
#2672 = DIRECTION('',(0.,0.,1.));
#2673 = CYLINDRICAL_SURFACE('',#2674,1.5);
#2674 = AXIS2_PLACEMENT_3D('',#2675,#2676,#2677);
#2675 = CARTESIAN_POINT('',(90.5,22.5,0.));
#2676 = DIRECTION('',(-0.,-0.,-1.));
#2677 = DIRECTION('',(1.,0.,0.));
#2678 = ADVANCED_FACE('',(#2679),#2946,.F.);
#2679 = FACE_BOUND('',#2680,.T.);
#2680 = EDGE_LOOP('',(#2681,#2682,#2690,#2945));
#2681 = ORIENTED_EDGE('',*,*,#1107,.F.);
#2682 = ORIENTED_EDGE('',*,*,#2683,.T.);
#2683 = EDGE_CURVE('',#1100,#2684,#2686,.T.);
#2684 = VERTEX_POINT('',#2685);
#2685 = CARTESIAN_POINT('',(89.,12.5,5.400657923215));
#2686 = LINE('',#2687,#2688);
#2687 = CARTESIAN_POINT('',(89.,12.5,0.));
#2688 = VECTOR('',#2689,1.);
#2689 = DIRECTION('',(0.,0.,1.));
#2690 = ORIENTED_EDGE('',*,*,#2691,.T.);
#2691 = EDGE_CURVE('',#2684,#2635,#2692,.T.);
#2692 = B_SPLINE_CURVE_WITH_KNOTS('',6,(#2693,#2694,#2695,#2696,#2697,
    #2698,#2699,#2700,#2701,#2702,#2703,#2704,#2705,#2706,#2707,#2708,
    #2709,#2710,#2711,#2712,#2713,#2714,#2715,#2716,#2717,#2718,#2719,
    #2720,#2721,#2722,#2723,#2724,#2725,#2726,#2727,#2728,#2729,#2730,
    #2731,#2732,#2733,#2734,#2735,#2736,#2737,#2738,#2739,#2740,#2741,
    #2742,#2743,#2744,#2745,#2746,#2747,#2748,#2749,#2750,#2751,#2752,
    #2753,#2754,#2755,#2756,#2757,#2758,#2759,#2760,#2761,#2762,#2763,
    #2764,#2765,#2766,#2767,#2768,#2769,#2770,#2771,#2772,#2773,#2774,
    #2775,#2776,#2777,#2778,#2779,#2780,#2781,#2782,#2783,#2784,#2785,
    #2786,#2787,#2788,#2789,#2790,#2791,#2792,#2793,#2794,#2795,#2796,
    #2797,#2798,#2799,#2800,#2801,#2802,#2803,#2804,#2805,#2806,#2807,
    #2808,#2809,#2810,#2811,#2812,#2813,#2814,#2815,#2816,#2817,#2818,
    #2819,#2820,#2821,#2822,#2823,#2824,#2825,#2826,#2827,#2828,#2829,
    #2830,#2831,#2832,#2833,#2834,#2835,#2836,#2837,#2838,#2839,#2840,
    #2841,#2842,#2843,#2844,#2845,#2846,#2847,#2848,#2849,#2850,#2851,
    #2852,#2853,#2854,#2855,#2856,#2857,#2858,#2859,#2860,#2861,#2862,
    #2863,#2864,#2865,#2866,#2867,#2868,#2869,#2870,#2871,#2872,#2873,
    #2874,#2875,#2876,#2877,#2878,#2879,#2880,#2881,#2882,#2883,#2884,
    #2885,#2886,#2887,#2888,#2889,#2890,#2891,#2892,#2893,#2894,#2895,
    #2896,#2897,#2898,#2899,#2900,#2901,#2902,#2903,#2904,#2905,#2906,
    #2907,#2908,#2909,#2910,#2911,#2912,#2913,#2914,#2915,#2916,#2917,
    #2918,#2919,#2920,#2921,#2922,#2923,#2924,#2925,#2926,#2927,#2928,
    #2929,#2930,#2931,#2932,#2933,#2934,#2935,#2936,#2937,#2938,#2939,
    #2940,#2941,#2942,#2943,#2944),.UNSPECIFIED.,.F.,.F.,(7,5,5,5,5,5,5,
    5,5,5,5,5,5,5,5,5,5,5,5,5,5,5,5,5,5,5,5,5,5,5,5,5,5,5,5,5,5,5,5,5,5,
    5,5,5,5,5,5,5,5,5,7),(0.,5.753597146047E-02,0.172058399233,
    0.281938659697,0.322083428646,0.377005703378,0.422425821851,
    0.448500211946,0.4997757232,0.577062146619,0.623104401803,
    0.679053071232,0.718257316887,0.827816875837,0.995089535819,
    0.995229182995,0.995368817758,0.995498811379,0.995633608212,
    0.995763579912,0.99589835401,0.996037929266,0.996177492103,
    0.996317042522,0.996451769071,0.996591295076,0.996730808658,
    0.996870309818,0.997004988803,0.997144465542,0.997283929854,
    0.99742338174,0.997543588907,0.997683017651,0.997822433965,
    0.997961837848,0.998101229301,0.998240608321,0.998379974909,
    0.998519329063,0.998658670783,0.998798000067,0.998937316916,
    0.999076621328,0.999215913303,0.99935519284,0.999494459938,
    0.999633714597,0.999772956815,0.999907385774,1.),.UNSPECIFIED.);
#2693 = CARTESIAN_POINT('',(89.,12.5,5.400657923215));
#2694 = CARTESIAN_POINT('',(89.,12.454036040662,5.439972607654));
#2695 = CARTESIAN_POINT('',(89.001690139664,12.408418216029,
    5.479568974406));
#2696 = CARTESIAN_POINT('',(89.005022731293,12.363204354296,
    5.51939451046));
#2697 = CARTESIAN_POINT('',(89.009950668227,12.318448553568,
    5.55939542096));
#2698 = CARTESIAN_POINT('',(89.016427424847,12.274201181863,
    5.599516629198));
#2699 = CARTESIAN_POINT('',(89.040290108084,12.143541564518,
    5.719688270739));
#2700 = CARTESIAN_POINT('',(89.062122588876,12.058799832808,
    5.799904249961));
#2701 = CARTESIAN_POINT('',(89.08955711149,11.976531732818,
    5.880013305753));
#2702 = CARTESIAN_POINT('',(89.122311661269,11.896944988185,
    5.959672018214));
#2703 = CARTESIAN_POINT('',(89.160161294948,11.820233141471,
    6.038506722413));
#2704 = CARTESIAN_POINT('',(89.243964760289,11.675954910016,
    6.190528977277));
#2705 = CARTESIAN_POINT('',(89.289531137604,11.608138194874,
    6.263821675715));
#2706 = CARTESIAN_POINT('',(89.339512893649,11.543267940868,
    6.33565910735));
#2707 = CARTESIAN_POINT('',(89.393854260714,11.481502516381,
    6.40566236408));
#2708 = CARTESIAN_POINT('',(89.452536427228,11.423061732085,
    6.473346772355));
#2709 = CARTESIAN_POINT('',(89.538577730625,11.348219475164,
    6.561738176366));
#2710 = CARTESIAN_POINT('',(89.562181535585,11.328675178183,
    6.584999052194));
#2711 = CARTESIAN_POINT('',(89.586366259097,11.309627676129,
    6.607838417712));
#2712 = CARTESIAN_POINT('',(89.61113217232,11.291093176637,
    6.630223127715));
#2713 = CARTESIAN_POINT('',(89.636479157448,11.273089828741,
    6.652116874699));
#2714 = CARTESIAN_POINT('',(89.697878328958,11.231761402804,
    6.702707454094));
#2715 = CARTESIAN_POINT('',(89.734444294155,11.208911716686,
    6.730948376223));
#2716 = CARTESIAN_POINT('',(89.772093687276,11.187147431852,
    6.75809247311));
#2717 = CARTESIAN_POINT('',(89.810813851253,11.166530976553,
    6.784022240316));
#2718 = CARTESIAN_POINT('',(89.850590387989,11.147128439969,
    6.808613151095));
#2719 = CARTESIAN_POINT('',(89.925162179517,11.114025467408,
    6.850854060557));
#2720 = CARTESIAN_POINT('',(89.959632318865,11.099917899516,
    6.868971038876));
#2721 = CARTESIAN_POINT('',(89.994785454698,11.086736745661,
    6.885996552439));
#2722 = CARTESIAN_POINT('',(90.030588572292,11.074529428859,
    6.901846049497));
#2723 = CARTESIAN_POINT('',(90.067007763901,11.063340918012,
    6.91643846547));
#2724 = CARTESIAN_POINT('',(90.125249136684,11.047399997911,
    6.937307122078));
#2725 = CARTESIAN_POINT('',(90.146677299204,11.041937211605,
    6.944476745087));
#2726 = CARTESIAN_POINT('',(90.168282835021,11.036834261106,
    6.951189387341));
#2727 = CARTESIAN_POINT('',(90.190054376036,11.032099552859,
    6.957430250689));
#2728 = CARTESIAN_POINT('',(90.211979067348,11.027741007639,
    6.963185443455));
#2729 = CARTESIAN_POINT('',(90.277430628636,11.015949293099,
    6.97877900542));
#2730 = CARTESIAN_POINT('',(90.321375081974,11.00961224359,
    6.987192698199));
#2731 = CARTESIAN_POINT('',(90.365740308131,11.004817559854,
    6.993576481632));
#2732 = CARTESIAN_POINT('',(90.410390128297,11.001606482752,
    6.997858080782));
#2733 = CARTESIAN_POINT('',(90.455188464481,11.,7.));
#2734 = CARTESIAN_POINT('',(90.567543418358,11.,7.));
#2735 = CARTESIAN_POINT('',(90.634994626365,11.00364994111,
    6.995133965301));
#2736 = CARTESIAN_POINT('',(90.701937089491,11.01092994295,
    6.985425719232));
#2737 = CARTESIAN_POINT('',(90.767950000154,11.021740223479,
    6.971059931444));
#2738 = CARTESIAN_POINT('',(90.832612758488,11.035889235259,
    6.952377166869));
#2739 = CARTESIAN_POINT('',(90.932979238072,11.063324021483,
    6.916459984924));
#2740 = CARTESIAN_POINT('',(90.969853357897,11.074654644946,
    6.901682105049));
#2741 = CARTESIAN_POINT('',(91.00609576892,11.087029580777,
    6.885615773793));
#2742 = CARTESIAN_POINT('',(91.041671351741,11.100402163261,
    6.868345121725));
#2743 = CARTESIAN_POINT('',(91.076545911237,11.114723152316,
    6.849957931255));
#2744 = CARTESIAN_POINT('',(91.152172033667,11.148432517074,
    6.80695660847));
#2745 = CARTESIAN_POINT('',(91.192579702582,11.168250517204,
    6.781850273102));
#2746 = CARTESIAN_POINT('',(91.231892629253,11.189321452928,
    6.755364929047));
#2747 = CARTESIAN_POINT('',(91.27009610306,11.211576048257,
    6.727631222354));
#2748 = CARTESIAN_POINT('',(91.307177256817,11.234949032166,
    6.698772146606));
#2749 = CARTESIAN_POINT('',(91.368314348076,11.276497756481,
    6.647973221178));
#2750 = CARTESIAN_POINT('',(91.392951247543,11.294138188714,
    6.626543994839));
#2751 = CARTESIAN_POINT('',(91.417035281505,11.312281935204,
    6.604651734903));
#2752 = CARTESIAN_POINT('',(91.440566344882,11.330912278862,
    6.582329920775));
#2753 = CARTESIAN_POINT('',(91.463544711184,11.350014285597,
    6.559609140267));
#2754 = CARTESIAN_POINT('',(91.548643272019,11.424238317591,
    6.471984413521));
#2755 = CARTESIAN_POINT('',(91.607015449892,11.482492830001,
    6.404540309499));
#2756 = CARTESIAN_POINT('',(91.661082193034,11.544042269556,
    6.334801987086));
#2757 = CARTESIAN_POINT('',(91.710824556154,11.608669993348,
    6.263247378195));
#2758 = CARTESIAN_POINT('',(91.75618714345,11.676219642335,6.19025059013
    ));
#2759 = CARTESIAN_POINT('',(91.859451552982,11.853994231148,
    6.00293268584));
#2760 = CARTESIAN_POINT('',(91.911441011433,11.968075351791,
    5.886971937101));
#2761 = CARTESIAN_POINT('',(91.952394167761,12.088133352301,
    5.769632011915));
#2762 = CARTESIAN_POINT('',(91.981497677575,12.213479748432,
    5.652096042839));
#2763 = CARTESIAN_POINT('',(91.997729113508,12.343309330328,
    5.535460376775));
#2764 = CARTESIAN_POINT('',(91.99981766837,12.47661252445,5.420724581772
    ));
#2765 = CARTESIAN_POINT('',(91.999819400679,12.476723721599,
    5.420628876345));
#2766 = CARTESIAN_POINT('',(91.999821123125,12.476834920879,
    5.420533172493));
#2767 = CARTESIAN_POINT('',(91.999822835709,12.476946122289,
    5.420437470216));
#2768 = CARTESIAN_POINT('',(91.999824538428,12.477057325826,
    5.420341769514));
#2769 = CARTESIAN_POINT('',(91.999827923988,12.477279727273,
    5.420150379772));
#2770 = CARTESIAN_POINT('',(91.99982960683,12.477390925182,5.42005469073
    ));
#2771 = CARTESIAN_POINT('',(91.999831279809,12.477502125216,
    5.419959003265));
#2772 = CARTESIAN_POINT('',(91.999832942924,12.477613327377,
    5.419863317379));
#2773 = CARTESIAN_POINT('',(91.999834596174,12.477724531661,
    5.419767633071));
#2774 = CARTESIAN_POINT('',(91.999837769475,12.477939266184,
    5.419582874072));
#2775 = CARTESIAN_POINT('',(91.999839290842,12.478042796138,
    5.419493799169));
#2776 = CARTESIAN_POINT('',(91.999840803657,12.478146327933,
    5.419404725635));
#2777 = CARTESIAN_POINT('',(91.999842307922,12.478249861566,
    5.419315653473));
#2778 = CARTESIAN_POINT('',(91.999843803635,12.478353397038,
    5.419226582681));
#2779 = CARTESIAN_POINT('',(91.999846832907,12.478564297318,
    5.419045152763));
#2780 = CARTESIAN_POINT('',(91.999848365821,12.478671662265,
    5.41895279374));
#2781 = CARTESIAN_POINT('',(91.99984988954,12.478779029187,
    5.418860436192));
#2782 = CARTESIAN_POINT('',(91.999851404061,12.478886398083,
    5.418768080121));
#2783 = CARTESIAN_POINT('',(91.999852909384,12.478993768953,
    5.418675725528));
#2784 = CARTESIAN_POINT('',(91.99985584808,12.479204671162,
    5.418494325132));
#2785 = CARTESIAN_POINT('',(91.999857282098,12.479308202362,
    5.418405279227));
#2786 = CARTESIAN_POINT('',(91.999858707565,12.479411735396,
    5.418316234696));
#2787 = CARTESIAN_POINT('',(91.999860124479,12.479515270262,
    5.418227191541));
#2788 = CARTESIAN_POINT('',(91.99986153284,12.479618806959,
    5.418138149763));
#2789 = CARTESIAN_POINT('',(91.999864384176,12.47982970972,
    5.417956778955));
#2790 = CARTESIAN_POINT('',(91.999865826507,12.479937075921,
    5.417864450029));
#2791 = CARTESIAN_POINT('',(91.999867259641,12.48004444409,
    5.417772122584));
#2792 = CARTESIAN_POINT('',(91.999868683576,12.480151814226,
    5.417679796622));
#2793 = CARTESIAN_POINT('',(91.999870098311,12.480259186329,
    5.417587472143));
#2794 = CARTESIAN_POINT('',(91.999872959452,12.48047775953,
    5.417399537261));
#2795 = CARTESIAN_POINT('',(91.99987440519,12.480588960772,
    5.417303926967));
#2796 = CARTESIAN_POINT('',(91.999875841061,12.48070016412,
    5.417208318264));
#2797 = CARTESIAN_POINT('',(91.999877267063,12.480811369574,
    5.417112711154));
#2798 = CARTESIAN_POINT('',(91.999878683196,12.480922577134,
    5.417017105638));
#2799 = CARTESIAN_POINT('',(91.999881495598,12.481144986567,
    5.416825906301));
#2800 = CARTESIAN_POINT('',(91.999882891868,12.48125618844,5.41673031248
    ));
#2801 = CARTESIAN_POINT('',(91.999884278269,12.481367392416,
    5.416634720254));
#2802 = CARTESIAN_POINT('',(91.999885654801,12.481478598494,
    5.416539129624));
#2803 = CARTESIAN_POINT('',(91.999887021462,12.481589806673,
    5.416443540591));
#2804 = CARTESIAN_POINT('',(91.999889734924,12.481812217335,
    5.416252374227));
#2805 = CARTESIAN_POINT('',(91.999891081725,12.481923419818,
    5.416156796895));
#2806 = CARTESIAN_POINT('',(91.999892418656,12.4820346244,5.416061221161
    ));
#2807 = CARTESIAN_POINT('',(91.999893745718,12.482145831079,
    5.415965647026));
#2808 = CARTESIAN_POINT('',(91.999895062908,12.482257039856,
    5.415870074492));
#2809 = CARTESIAN_POINT('',(91.999897632354,12.482475617351,
    5.415682236244));
#2810 = CARTESIAN_POINT('',(91.999898885281,12.482582985928,
    5.415589970423));
#2811 = CARTESIAN_POINT('',(91.999900129007,12.482690356458,
    5.415497706094));
#2812 = CARTESIAN_POINT('',(91.99990136353,12.482797728939,
    5.415405443259));
#2813 = CARTESIAN_POINT('',(91.999902588851,12.482905103372,
    5.415313181918));
#2814 = CARTESIAN_POINT('',(91.999905064407,12.48312368128,
    5.415125375591));
#2815 = CARTESIAN_POINT('',(91.999906313976,12.483234884897,
    5.415029830713));
#2816 = CARTESIAN_POINT('',(91.999907553673,12.483346090605,
    5.41493428744));
#2817 = CARTESIAN_POINT('',(91.999908783498,12.483457298403,
    5.414838745771));
#2818 = CARTESIAN_POINT('',(91.99991000345,12.483568508289,
    5.414743205709));
#2819 = CARTESIAN_POINT('',(91.9999124235,12.483790922338,5.414552137304
    ));
#2820 = CARTESIAN_POINT('',(91.999913623599,12.483902126499,
    5.414456608961));
#2821 = CARTESIAN_POINT('',(91.999914813826,12.484013332747,
    5.414361082225));
#2822 = CARTESIAN_POINT('',(91.999915994179,12.484124541081,
    5.414265557097));
#2823 = CARTESIAN_POINT('',(91.999917164659,12.4842357515,5.414170033579
    ));
#2824 = CARTESIAN_POINT('',(91.999919485766,12.484458166603,
    5.413978998267));
#2825 = CARTESIAN_POINT('',(91.999920636396,12.484569371286,
    5.413883486473));
#2826 = CARTESIAN_POINT('',(91.999921777152,12.484680578053,
    5.413787976291));
#2827 = CARTESIAN_POINT('',(91.999922908034,12.484791786901,
    5.413692467719));
#2828 = CARTESIAN_POINT('',(91.999924029041,12.48490299783,
    5.413596960759));
#2829 = CARTESIAN_POINT('',(91.999926212896,12.485121579518,
    5.413409251424));
#2830 = CARTESIAN_POINT('',(91.999927276415,12.485228950136,
    5.41331704894));
#2831 = CARTESIAN_POINT('',(91.999928330729,12.485336322692,
    5.413224847959));
#2832 = CARTESIAN_POINT('',(91.999929375837,12.485443697185,
    5.413132648484));
#2833 = CARTESIAN_POINT('',(91.999930411738,12.485551073614,
    5.413040450514));
#2834 = CARTESIAN_POINT('',(91.999932501703,12.485769655549,
    5.412852773214));
#2835 = CARTESIAN_POINT('',(91.999933555098,12.485880861196,
    5.412757293994));
#2836 = CARTESIAN_POINT('',(91.999934598618,12.485992068917,
    5.412661816391));
#2837 = CARTESIAN_POINT('',(91.999935632262,12.486103278711,
    5.412566340405));
#2838 = CARTESIAN_POINT('',(91.999936656029,12.486214490579,
    5.412470866037));
#2839 = CARTESIAN_POINT('',(91.999938683719,12.48643690855,
    5.412279929044));
#2840 = CARTESIAN_POINT('',(91.999939687644,12.486548114654,
    5.412184466419));
#2841 = CARTESIAN_POINT('',(91.999940681692,12.486659322828,
    5.412089005414));
#2842 = CARTESIAN_POINT('',(91.999941665864,12.486770533072,
    5.411993546029));
#2843 = CARTESIAN_POINT('',(91.999942640158,12.486881745384,
    5.411898088265));
#2844 = CARTESIAN_POINT('',(91.999944568905,12.487104164236,
    5.411707184487));
#2845 = CARTESIAN_POINT('',(91.999945523359,12.487215370774,
    5.411611738473));
#2846 = CARTESIAN_POINT('',(91.999946467936,12.487326579379,
    5.411516294081));
#2847 = CARTESIAN_POINT('',(91.999947402635,12.48743779005,
    5.411420851313));
#2848 = CARTESIAN_POINT('',(91.999948327456,12.487549002785,
    5.411325410168));
#2849 = CARTESIAN_POINT('',(91.999950031075,12.487756084457,
    5.411147702028));
#2850 = CARTESIAN_POINT('',(91.999950812413,12.487851952862,
    5.411065434615));
#2851 = CARTESIAN_POINT('',(91.999951586409,12.487947822801,
    5.41098316841));
#2852 = CARTESIAN_POINT('',(91.999952353064,12.488043694272,
    5.410900903413));
#2853 = CARTESIAN_POINT('',(91.999953112377,12.488139567274,
    5.410818639625));
#2854 = CARTESIAN_POINT('',(91.999954736561,12.488346647038,
    5.410640960375));
#2855 = CARTESIAN_POINT('',(91.999955598897,12.488457854328,
    5.410545545331));
#2856 = CARTESIAN_POINT('',(91.999956451354,12.488569063677,
    5.410450131915));
#2857 = CARTESIAN_POINT('',(91.999957293931,12.488680275084,
    5.410354720128));
#2858 = CARTESIAN_POINT('',(91.999958126629,12.488791488549,
    5.410259309971));
#2859 = CARTESIAN_POINT('',(91.999959772189,12.489013909676,
    5.410068501424));
#2860 = CARTESIAN_POINT('',(91.999960585054,12.489125117338,
    5.409973103034));
#2861 = CARTESIAN_POINT('',(91.999961388039,12.489236327055,
    5.409877706275));
#2862 = CARTESIAN_POINT('',(91.999962181144,12.489347538826,
    5.409782311148));
#2863 = CARTESIAN_POINT('',(91.999962964367,12.48945875265,
    5.409686917654));
#2864 = CARTESIAN_POINT('',(91.999964510983,12.489681174487,
    5.40949614244));
#2865 = CARTESIAN_POINT('',(91.999965274376,12.489792382499,
    5.409400760719));
#2866 = CARTESIAN_POINT('',(91.999966027889,12.489903592562,
    5.409305380632));
#2867 = CARTESIAN_POINT('',(91.99996677152,12.490014804676,5.40921000218
    ));
#2868 = CARTESIAN_POINT('',(91.99996750527,12.490126018838,
    5.409114625365));
#2869 = CARTESIAN_POINT('',(91.99996895294,12.490348441341,
    5.408923883513));
#2870 = CARTESIAN_POINT('',(91.999969666861,12.490459649681,
    5.408828518476));
#2871 = CARTESIAN_POINT('',(91.999970370902,12.490570860068,
    5.408733155076));
#2872 = CARTESIAN_POINT('',(91.99997106506,12.490682072501,
    5.408637793315));
#2873 = CARTESIAN_POINT('',(91.999971749336,12.490793286979,
    5.408542433193));
#2874 = CARTESIAN_POINT('',(91.99997309806,12.491015710104,
    5.408351724734));
#2875 = CARTESIAN_POINT('',(91.99997376251,12.491126918751,
    5.408256376397));
#2876 = CARTESIAN_POINT('',(91.999974417078,12.49123812944,5.4081610297)
  );
#2877 = CARTESIAN_POINT('',(91.999975061763,12.491349342171,
    5.408065684644));
#2878 = CARTESIAN_POINT('',(91.999975696564,12.491460556943,
    5.407970341231));
#2879 = CARTESIAN_POINT('',(91.999976946342,12.491682980646,
    5.407779666195));
#2880 = CARTESIAN_POINT('',(91.99997756132,12.491794189576,
    5.407684334573));
#2881 = CARTESIAN_POINT('',(91.999978166415,12.491905400546,
    5.407589004593));
#2882 = CARTESIAN_POINT('',(91.999978761627,12.492016613552,
    5.407493676259));
#2883 = CARTESIAN_POINT('',(91.999979346953,12.492127828596,
    5.407398349569));
#2884 = CARTESIAN_POINT('',(91.999980497785,12.492350252833,
    5.407207707987));
#2885 = CARTESIAN_POINT('',(91.999981063292,12.492461462026,
    5.407112393094));
#2886 = CARTESIAN_POINT('',(91.999981618914,12.492572673253,
    5.407017079848));
#2887 = CARTESIAN_POINT('',(91.999982164652,12.492683886514,
    5.406921768249));
#2888 = CARTESIAN_POINT('',(91.999982700504,12.492795101807,
    5.406826458299));
#2889 = CARTESIAN_POINT('',(91.999983752389,12.493017526534,
    5.406635850201));
#2890 = CARTESIAN_POINT('',(91.999984268424,12.493128735967,
    5.406540552053));
#2891 = CARTESIAN_POINT('',(91.999984774574,12.49323994743,
    5.406445255554));
#2892 = CARTESIAN_POINT('',(91.999985270837,12.493351160923,
    5.406349960707));
#2893 = CARTESIAN_POINT('',(91.999985757215,12.493462376445,
    5.40625466751));
#2894 = CARTESIAN_POINT('',(91.999986710153,12.493684801617,
    5.406064092927));
#2895 = CARTESIAN_POINT('',(91.999987176716,12.493796011268,
    5.405968811539));
#2896 = CARTESIAN_POINT('',(91.999987633393,12.493907222946,
    5.405873531803));
#2897 = CARTESIAN_POINT('',(91.999988080183,12.494018436648,
    5.405778253722));
#2898 = CARTESIAN_POINT('',(91.999988517086,12.494129652375,
    5.405682977295));
#2899 = CARTESIAN_POINT('',(91.999989371077,12.49435207795,
    5.405492436256));
#2900 = CARTESIAN_POINT('',(91.999989788167,12.494463287797,
    5.405397171643));
#2901 = CARTESIAN_POINT('',(91.999990195371,12.494574499667,
    5.405301908686));
#2902 = CARTESIAN_POINT('',(91.999990592687,12.494685713557,
    5.405206647386));
#2903 = CARTESIAN_POINT('',(91.999990980115,12.494796929468,
    5.405111387743));
#2904 = CARTESIAN_POINT('',(91.999991735159,12.495019355401,
    5.404920880279));
#2905 = CARTESIAN_POINT('',(91.999992102778,12.495130565422,
    5.404825632456));
#2906 = CARTESIAN_POINT('',(91.999992460508,12.495241777461,
    5.404730386293));
#2907 = CARTESIAN_POINT('',(91.99999280835,12.495352991518,
    5.404635141789));
#2908 = CARTESIAN_POINT('',(91.999993146303,12.49546420759,
    5.404539898946));
#2909 = CARTESIAN_POINT('',(91.9999938024,12.495686633837,5.404349425086
    ));
#2910 = CARTESIAN_POINT('',(91.999994120546,12.49579784401,
    5.404254194069));
#2911 = CARTESIAN_POINT('',(91.999994428804,12.495909056197,
    5.404158964714));
#2912 = CARTESIAN_POINT('',(91.999994727172,12.496020270398,
    5.404063737022));
#2913 = CARTESIAN_POINT('',(91.99999501565,12.49613148661,5.403968510994
    ));
#2914 = CARTESIAN_POINT('',(91.999995572799,12.496353913127,
    5.403778070769));
#2915 = CARTESIAN_POINT('',(91.999995841473,12.49646512343,
    5.403682856573));
#2916 = CARTESIAN_POINT('',(91.999996100257,12.496576335743,
    5.403587644041));
#2917 = CARTESIAN_POINT('',(91.999996349151,12.496687550065,
    5.403492433176));
#2918 = CARTESIAN_POINT('',(91.999996588154,12.496798766396,
    5.403397223977));
#2919 = CARTESIAN_POINT('',(91.999997046356,12.497021193138,
    5.403206817418));
#2920 = CARTESIAN_POINT('',(91.999997265557,12.497132403549,
    5.403111620057));
#2921 = CARTESIAN_POINT('',(91.999997474868,12.497243615967,
    5.403016424364));
#2922 = CARTESIAN_POINT('',(91.999997674288,12.497354830389,
    5.40292123034));
#2923 = CARTESIAN_POINT('',(91.999997863815,12.497466046815,
    5.402826037986));
#2924 = CARTESIAN_POINT('',(91.99999822307,12.497688473739,
    5.402635665122));
#2925 = CARTESIAN_POINT('',(91.999998392799,12.497799684236,
    5.402540484612));
#2926 = CARTESIAN_POINT('',(91.999998552636,12.497910896735,
    5.402445305773));
#2927 = CARTESIAN_POINT('',(91.999998702582,12.498022111235,
    5.402350128606));
#2928 = CARTESIAN_POINT('',(91.999998842634,12.498133327735,
    5.402254953111));
#2929 = CARTESIAN_POINT('',(91.999999102941,12.498355754797,
    5.402064613973));
#2930 = CARTESIAN_POINT('',(91.999999223198,12.498466965359,
    5.401969450328));
#2931 = CARTESIAN_POINT('',(91.999999333562,12.498578177918,
    5.401874288358));
#2932 = CARTESIAN_POINT('',(91.999999434033,12.498689392474,
    5.401779128063));
#2933 = CARTESIAN_POINT('',(91.99999952461,12.498800609025,
    5.401683969444));
#2934 = CARTESIAN_POINT('',(91.999999683188,12.499019201566,5.4014969449
    ));
#2935 = CARTESIAN_POINT('',(91.99999975186,12.499126577421,
    5.401405078861));
#2936 = CARTESIAN_POINT('',(91.99999981131,12.499233955133,
    5.401313214387));
#2937 = CARTESIAN_POINT('',(91.999999861536,12.499341334704,
    5.401221351476));
#2938 = CARTESIAN_POINT('',(91.999999902539,12.49944871613,
    5.401129490131));
#2939 = CARTESIAN_POINT('',(91.999999956211,12.499630080643,
    5.40097434397));
#2940 = CARTESIAN_POINT('',(91.999999973726,12.499704062754,
    5.400911058332));
#2941 = CARTESIAN_POINT('',(91.999999986863,12.499778045745,
    5.400847773436));
#2942 = CARTESIAN_POINT('',(91.999999995621,12.499852029617,
    5.400784489285));
#2943 = CARTESIAN_POINT('',(92.,12.499926014369,5.400721205878));
#2944 = CARTESIAN_POINT('',(92.,12.5,5.400657923215));
#2945 = ORIENTED_EDGE('',*,*,#2643,.F.);
#2946 = CYLINDRICAL_SURFACE('',#2947,1.5);
#2947 = AXIS2_PLACEMENT_3D('',#2948,#2949,#2950);
#2948 = CARTESIAN_POINT('',(90.5,12.5,0.));
#2949 = DIRECTION('',(-0.,-0.,-1.));
#2950 = DIRECTION('',(1.,0.,0.));
#2951 = ADVANCED_FACE('',(#2952),#2972,.T.);
#2952 = FACE_BOUND('',#2953,.T.);
#2953 = EDGE_LOOP('',(#2954,#2955,#2956,#2964,#2971));
#2954 = ORIENTED_EDGE('',*,*,#1099,.F.);
#2955 = ORIENTED_EDGE('',*,*,#2668,.T.);
#2956 = ORIENTED_EDGE('',*,*,#2957,.F.);
#2957 = EDGE_CURVE('',#2958,#2660,#2960,.T.);
#2958 = VERTEX_POINT('',#2959);
#2959 = CARTESIAN_POINT('',(89.,19.,3.));
#2960 = LINE('',#2961,#2962);
#2961 = CARTESIAN_POINT('',(89.,28.874236596195,3.));
#2962 = VECTOR('',#2963,1.);
#2963 = DIRECTION('',(0.,1.,0.));
#2964 = ORIENTED_EDGE('',*,*,#2965,.F.);
#2965 = EDGE_CURVE('',#2684,#2958,#2966,.T.);
#2966 = CIRCLE('',#2967,10.);
#2967 = AXIS2_PLACEMENT_3D('',#2968,#2969,#2970);
#2968 = CARTESIAN_POINT('',(89.,19.,13.));
#2969 = DIRECTION('',(1.,0.,0.));
#2970 = DIRECTION('',(0.,-1.,0.));
#2971 = ORIENTED_EDGE('',*,*,#2683,.F.);
#2972 = PLANE('',#2973);
#2973 = AXIS2_PLACEMENT_3D('',#2974,#2975,#2976);
#2974 = CARTESIAN_POINT('',(89.,22.5,0.));
#2975 = DIRECTION('',(1.,0.,0.));
#2976 = DIRECTION('',(0.,-1.,0.));
#2977 = ADVANCED_FACE('',(#2978),#3012,.F.);
#2978 = FACE_BOUND('',#2979,.F.);
#2979 = EDGE_LOOP('',(#2980,#2981,#2989,#2997,#3006));
#2980 = ORIENTED_EDGE('',*,*,#1116,.F.);
#2981 = ORIENTED_EDGE('',*,*,#2982,.T.);
#2982 = EDGE_CURVE('',#1117,#2983,#2985,.T.);
#2983 = VERTEX_POINT('',#2984);
#2984 = CARTESIAN_POINT('',(86.,38.5,3.));
#2985 = LINE('',#2986,#2987);
#2986 = CARTESIAN_POINT('',(86.,38.5,0.));
#2987 = VECTOR('',#2988,1.);
#2988 = DIRECTION('',(0.,0.,1.));
#2989 = ORIENTED_EDGE('',*,*,#2990,.F.);
#2990 = EDGE_CURVE('',#2991,#2983,#2993,.T.);
#2991 = VERTEX_POINT('',#2992);
#2992 = CARTESIAN_POINT('',(86.,19.,3.));
#2993 = LINE('',#2994,#2995);
#2994 = CARTESIAN_POINT('',(86.,36.874236596195,3.));
#2995 = VECTOR('',#2996,1.);
#2996 = DIRECTION('',(0.,1.,0.));
#2997 = ORIENTED_EDGE('',*,*,#2998,.F.);
#2998 = EDGE_CURVE('',#2999,#2991,#3001,.T.);
#2999 = VERTEX_POINT('',#3000);
#3000 = CARTESIAN_POINT('',(86.,12.5,5.400657923215));
#3001 = CIRCLE('',#3002,10.);
#3002 = AXIS2_PLACEMENT_3D('',#3003,#3004,#3005);
#3003 = CARTESIAN_POINT('',(86.,19.,13.));
#3004 = DIRECTION('',(1.,0.,0.));
#3005 = DIRECTION('',(0.,-1.,0.));
#3006 = ORIENTED_EDGE('',*,*,#3007,.F.);
#3007 = EDGE_CURVE('',#1119,#2999,#3008,.T.);
#3008 = LINE('',#3009,#3010);
#3009 = CARTESIAN_POINT('',(86.,12.5,0.));
#3010 = VECTOR('',#3011,1.);
#3011 = DIRECTION('',(0.,0.,1.));
#3012 = PLANE('',#3013);
#3013 = AXIS2_PLACEMENT_3D('',#3014,#3015,#3016);
#3014 = CARTESIAN_POINT('',(86.,38.5,0.));
#3015 = DIRECTION('',(1.,0.,0.));
#3016 = DIRECTION('',(0.,-1.,0.));
#3017 = ADVANCED_FACE('',(#3018),#3037,.F.);
#3018 = FACE_BOUND('',#3019,.T.);
#3019 = EDGE_LOOP('',(#3020,#3021,#3022,#3031));
#3020 = ORIENTED_EDGE('',*,*,#1126,.F.);
#3021 = ORIENTED_EDGE('',*,*,#2982,.T.);
#3022 = ORIENTED_EDGE('',*,*,#3023,.F.);
#3023 = EDGE_CURVE('',#3024,#2983,#3026,.T.);
#3024 = VERTEX_POINT('',#3025);
#3025 = CARTESIAN_POINT('',(83.,38.5,3.));
#3026 = CIRCLE('',#3027,1.5);
#3027 = AXIS2_PLACEMENT_3D('',#3028,#3029,#3030);
#3028 = CARTESIAN_POINT('',(84.5,38.5,3.));
#3029 = DIRECTION('',(0.,0.,-1.));
#3030 = DIRECTION('',(1.,0.,0.));
#3031 = ORIENTED_EDGE('',*,*,#3032,.F.);
#3032 = EDGE_CURVE('',#1127,#3024,#3033,.T.);
#3033 = LINE('',#3034,#3035);
#3034 = CARTESIAN_POINT('',(83.,38.5,0.));
#3035 = VECTOR('',#3036,1.);
#3036 = DIRECTION('',(0.,0.,1.));
#3037 = CYLINDRICAL_SURFACE('',#3038,1.5);
#3038 = AXIS2_PLACEMENT_3D('',#3039,#3040,#3041);
#3039 = CARTESIAN_POINT('',(84.5,38.5,0.));
#3040 = DIRECTION('',(-0.,-0.,-1.));
#3041 = DIRECTION('',(1.,0.,0.));
#3042 = ADVANCED_FACE('',(#3043),#3310,.F.);
#3043 = FACE_BOUND('',#3044,.T.);
#3044 = EDGE_LOOP('',(#3045,#3046,#3054,#3309));
#3045 = ORIENTED_EDGE('',*,*,#1143,.F.);
#3046 = ORIENTED_EDGE('',*,*,#3047,.T.);
#3047 = EDGE_CURVE('',#1136,#3048,#3050,.T.);
#3048 = VERTEX_POINT('',#3049);
#3049 = CARTESIAN_POINT('',(83.,12.5,5.400657923215));
#3050 = LINE('',#3051,#3052);
#3051 = CARTESIAN_POINT('',(83.,12.5,0.));
#3052 = VECTOR('',#3053,1.);
#3053 = DIRECTION('',(0.,0.,1.));
#3054 = ORIENTED_EDGE('',*,*,#3055,.T.);
#3055 = EDGE_CURVE('',#3048,#2999,#3056,.T.);
#3056 = B_SPLINE_CURVE_WITH_KNOTS('',6,(#3057,#3058,#3059,#3060,#3061,
    #3062,#3063,#3064,#3065,#3066,#3067,#3068,#3069,#3070,#3071,#3072,
    #3073,#3074,#3075,#3076,#3077,#3078,#3079,#3080,#3081,#3082,#3083,
    #3084,#3085,#3086,#3087,#3088,#3089,#3090,#3091,#3092,#3093,#3094,
    #3095,#3096,#3097,#3098,#3099,#3100,#3101,#3102,#3103,#3104,#3105,
    #3106,#3107,#3108,#3109,#3110,#3111,#3112,#3113,#3114,#3115,#3116,
    #3117,#3118,#3119,#3120,#3121,#3122,#3123,#3124,#3125,#3126,#3127,
    #3128,#3129,#3130,#3131,#3132,#3133,#3134,#3135,#3136,#3137,#3138,
    #3139,#3140,#3141,#3142,#3143,#3144,#3145,#3146,#3147,#3148,#3149,
    #3150,#3151,#3152,#3153,#3154,#3155,#3156,#3157,#3158,#3159,#3160,
    #3161,#3162,#3163,#3164,#3165,#3166,#3167,#3168,#3169,#3170,#3171,
    #3172,#3173,#3174,#3175,#3176,#3177,#3178,#3179,#3180,#3181,#3182,
    #3183,#3184,#3185,#3186,#3187,#3188,#3189,#3190,#3191,#3192,#3193,
    #3194,#3195,#3196,#3197,#3198,#3199,#3200,#3201,#3202,#3203,#3204,
    #3205,#3206,#3207,#3208,#3209,#3210,#3211,#3212,#3213,#3214,#3215,
    #3216,#3217,#3218,#3219,#3220,#3221,#3222,#3223,#3224,#3225,#3226,
    #3227,#3228,#3229,#3230,#3231,#3232,#3233,#3234,#3235,#3236,#3237,
    #3238,#3239,#3240,#3241,#3242,#3243,#3244,#3245,#3246,#3247,#3248,
    #3249,#3250,#3251,#3252,#3253,#3254,#3255,#3256,#3257,#3258,#3259,
    #3260,#3261,#3262,#3263,#3264,#3265,#3266,#3267,#3268,#3269,#3270,
    #3271,#3272,#3273,#3274,#3275,#3276,#3277,#3278,#3279,#3280,#3281,
    #3282,#3283,#3284,#3285,#3286,#3287,#3288,#3289,#3290,#3291,#3292,
    #3293,#3294,#3295,#3296,#3297,#3298,#3299,#3300,#3301,#3302,#3303,
    #3304,#3305,#3306,#3307,#3308),.UNSPECIFIED.,.F.,.F.,(7,5,5,5,5,5,5,
    5,5,5,5,5,5,5,5,5,5,5,5,5,5,5,5,5,5,5,5,5,5,5,5,5,5,5,5,5,5,5,5,5,5,
    5,5,5,5,5,5,5,5,5,7),(0.,5.753596997048E-02,0.172058401916,
    0.281938662116,0.322083430968,0.377005705568,0.422425823933,
    0.448500213966,0.499775725097,0.57706214833,0.623104403366,
    0.679053072567,0.718257318063,0.827816876567,0.99508953584,
    0.995229183015,0.995368817778,0.995498811398,0.995633608231,
    0.99576357993,0.995898354028,0.996037929283,0.99617749212,
    0.996317042537,0.996451769086,0.99659129509,0.996730808672,
    0.996870309831,0.997004988816,0.997144465554,0.997283929866,
    0.997423381751,0.997543588918,0.997683017661,0.997822433974,
    0.997961837857,0.998101229309,0.998240608329,0.998379974916,
    0.998519329069,0.998658670789,0.998798000073,0.998937316921,
    0.999076621332,0.999215913307,0.999355192843,0.99949445994,
    0.999633714598,0.999772956816,0.999907385774,1.),.UNSPECIFIED.);
#3057 = CARTESIAN_POINT('',(83.,12.5,5.400657923215));
#3058 = CARTESIAN_POINT('',(83.,12.454036039585,5.439972608575));
#3059 = CARTESIAN_POINT('',(83.001690139565,12.408418216287,
    5.47956897415));
#3060 = CARTESIAN_POINT('',(83.0050227312,12.363204355346,5.519394509529
    ));
#3061 = CARTESIAN_POINT('',(83.009950668277,12.318448553872,
    5.559395420718));
#3062 = CARTESIAN_POINT('',(83.016427425034,12.274201180843,
    5.599516630136));
#3063 = CARTESIAN_POINT('',(83.040290108703,12.143541561127,
    5.719688273858));
#3064 = CARTESIAN_POINT('',(83.062122587155,12.058799837894,
    5.799904245014));
#3065 = CARTESIAN_POINT('',(83.089557111973,11.976531733065,
    5.880013305704));
#3066 = CARTESIAN_POINT('',(83.122311663219,11.896944983216,
    5.959672023137));
#3067 = CARTESIAN_POINT('',(83.160161293287,11.820233144331,6.0385067194
    ));
#3068 = CARTESIAN_POINT('',(83.243964760289,11.675954910016,
    6.190528977277));
#3069 = CARTESIAN_POINT('',(83.289531137604,11.608138194874,
    6.263821675715));
#3070 = CARTESIAN_POINT('',(83.339512893649,11.543267940868,
    6.33565910735));
#3071 = CARTESIAN_POINT('',(83.393854260714,11.481502516381,
    6.40566236408));
#3072 = CARTESIAN_POINT('',(83.452536427228,11.423061732085,
    6.473346772355));
#3073 = CARTESIAN_POINT('',(83.538577730625,11.348219475164,
    6.561738176366));
#3074 = CARTESIAN_POINT('',(83.562181535585,11.328675178183,
    6.584999052194));
#3075 = CARTESIAN_POINT('',(83.586366259097,11.309627676129,
    6.607838417712));
#3076 = CARTESIAN_POINT('',(83.61113217232,11.291093176637,
    6.630223127715));
#3077 = CARTESIAN_POINT('',(83.636479157448,11.273089828741,
    6.652116874699));
#3078 = CARTESIAN_POINT('',(83.697878328958,11.231761402804,
    6.702707454094));
#3079 = CARTESIAN_POINT('',(83.734444294155,11.208911716686,
    6.730948376223));
#3080 = CARTESIAN_POINT('',(83.772093687276,11.187147431852,
    6.75809247311));
#3081 = CARTESIAN_POINT('',(83.810813851253,11.166530976553,
    6.784022240316));
#3082 = CARTESIAN_POINT('',(83.850590387989,11.147128439969,
    6.808613151095));
#3083 = CARTESIAN_POINT('',(83.925162179517,11.114025467408,
    6.850854060557));
#3084 = CARTESIAN_POINT('',(83.959632318865,11.099917899516,
    6.868971038876));
#3085 = CARTESIAN_POINT('',(83.994785454698,11.086736745661,
    6.885996552439));
#3086 = CARTESIAN_POINT('',(84.030588572292,11.074529428859,
    6.901846049497));
#3087 = CARTESIAN_POINT('',(84.067007763901,11.063340918012,
    6.91643846547));
#3088 = CARTESIAN_POINT('',(84.125249136684,11.047399997911,
    6.937307122078));
#3089 = CARTESIAN_POINT('',(84.146677299204,11.041937211605,
    6.944476745087));
#3090 = CARTESIAN_POINT('',(84.168282835021,11.036834261106,
    6.951189387341));
#3091 = CARTESIAN_POINT('',(84.190054376036,11.032099552859,
    6.957430250689));
#3092 = CARTESIAN_POINT('',(84.211979067348,11.027741007639,
    6.963185443455));
#3093 = CARTESIAN_POINT('',(84.277430628636,11.015949293099,
    6.97877900542));
#3094 = CARTESIAN_POINT('',(84.321375081974,11.00961224359,
    6.987192698199));
#3095 = CARTESIAN_POINT('',(84.365740308131,11.004817559854,
    6.993576481632));
#3096 = CARTESIAN_POINT('',(84.410390128297,11.001606482752,
    6.997858080782));
#3097 = CARTESIAN_POINT('',(84.455188464481,11.,7.));
#3098 = CARTESIAN_POINT('',(84.567543418358,11.,7.));
#3099 = CARTESIAN_POINT('',(84.634994626365,11.00364994111,
    6.995133965301));
#3100 = CARTESIAN_POINT('',(84.701937089491,11.01092994295,
    6.985425719232));
#3101 = CARTESIAN_POINT('',(84.767950000154,11.021740223479,
    6.971059931444));
#3102 = CARTESIAN_POINT('',(84.832612758488,11.035889235259,
    6.952377166869));
#3103 = CARTESIAN_POINT('',(84.932979238041,11.063324021475,
    6.916459984935));
#3104 = CARTESIAN_POINT('',(84.969853357905,11.074654644951,
    6.901682105043));
#3105 = CARTESIAN_POINT('',(85.006095768951,11.087029580787,
    6.885615773779));
#3106 = CARTESIAN_POINT('',(85.04167135175,11.100402163262,
    6.868345121723));
#3107 = CARTESIAN_POINT('',(85.076545911208,11.114723152303,
    6.849957931271));
#3108 = CARTESIAN_POINT('',(85.152172033667,11.148432517074,
    6.80695660847));
#3109 = CARTESIAN_POINT('',(85.192579702582,11.168250517204,
    6.781850273102));
#3110 = CARTESIAN_POINT('',(85.231892629253,11.189321452928,
    6.755364929047));
#3111 = CARTESIAN_POINT('',(85.27009610306,11.211576048257,
    6.727631222354));
#3112 = CARTESIAN_POINT('',(85.307177256817,11.234949032166,
    6.698772146606));
#3113 = CARTESIAN_POINT('',(85.368314348076,11.276497756481,
    6.647973221178));
#3114 = CARTESIAN_POINT('',(85.392951247543,11.294138188714,
    6.626543994839));
#3115 = CARTESIAN_POINT('',(85.417035281505,11.312281935204,
    6.604651734903));
#3116 = CARTESIAN_POINT('',(85.440566344882,11.330912278862,
    6.582329920775));
#3117 = CARTESIAN_POINT('',(85.463544711184,11.350014285597,
    6.559609140267));
#3118 = CARTESIAN_POINT('',(85.548643272019,11.424238317591,
    6.471984413521));
#3119 = CARTESIAN_POINT('',(85.607015449892,11.48249283,6.404540309499)
  );
#3120 = CARTESIAN_POINT('',(85.661082193034,11.544042269556,
    6.334801987086));
#3121 = CARTESIAN_POINT('',(85.710824556154,11.608669993348,
    6.263247378195));
#3122 = CARTESIAN_POINT('',(85.75618714345,11.676219642335,6.19025059013
    ));
#3123 = CARTESIAN_POINT('',(85.859451552971,11.853994231129,
    6.00293268586));
#3124 = CARTESIAN_POINT('',(85.911441011455,11.96807535182,
    5.886971937069));
#3125 = CARTESIAN_POINT('',(85.952394167744,12.088133352308,
    5.769632011915));
#3126 = CARTESIAN_POINT('',(85.981497677578,12.213479748391,
    5.652096042873));
#3127 = CARTESIAN_POINT('',(85.997729113509,12.343309330352,
    5.535460376754));
#3128 = CARTESIAN_POINT('',(85.99981766837,12.47661252445,5.420724581772
    ));
#3129 = CARTESIAN_POINT('',(85.999819400679,12.476723721599,
    5.420628876345));
#3130 = CARTESIAN_POINT('',(85.999821123125,12.476834920879,
    5.420533172493));
#3131 = CARTESIAN_POINT('',(85.999822835709,12.476946122289,
    5.420437470216));
#3132 = CARTESIAN_POINT('',(85.999824538428,12.477057325826,
    5.420341769514));
#3133 = CARTESIAN_POINT('',(85.999827923988,12.477279727273,
    5.420150379772));
#3134 = CARTESIAN_POINT('',(85.99982960683,12.477390925182,5.42005469073
    ));
#3135 = CARTESIAN_POINT('',(85.999831279809,12.477502125216,
    5.419959003265));
#3136 = CARTESIAN_POINT('',(85.999832942924,12.477613327377,
    5.419863317379));
#3137 = CARTESIAN_POINT('',(85.999834596174,12.477724531661,
    5.419767633071));
#3138 = CARTESIAN_POINT('',(85.999837769475,12.477939266184,
    5.419582874072));
#3139 = CARTESIAN_POINT('',(85.999839290842,12.478042796138,
    5.419493799169));
#3140 = CARTESIAN_POINT('',(85.999840803657,12.478146327933,
    5.419404725635));
#3141 = CARTESIAN_POINT('',(85.999842307922,12.478249861566,
    5.419315653473));
#3142 = CARTESIAN_POINT('',(85.999843803635,12.478353397038,
    5.419226582681));
#3143 = CARTESIAN_POINT('',(85.999846832907,12.478564297318,
    5.419045152763));
#3144 = CARTESIAN_POINT('',(85.999848365821,12.478671662265,
    5.41895279374));
#3145 = CARTESIAN_POINT('',(85.99984988954,12.478779029187,
    5.418860436192));
#3146 = CARTESIAN_POINT('',(85.999851404061,12.478886398083,
    5.418768080121));
#3147 = CARTESIAN_POINT('',(85.999852909384,12.478993768953,
    5.418675725528));
#3148 = CARTESIAN_POINT('',(85.99985584808,12.479204671162,
    5.418494325132));
#3149 = CARTESIAN_POINT('',(85.999857282098,12.479308202362,
    5.418405279227));
#3150 = CARTESIAN_POINT('',(85.999858707565,12.479411735396,
    5.418316234696));
#3151 = CARTESIAN_POINT('',(85.999860124479,12.479515270262,
    5.418227191541));
#3152 = CARTESIAN_POINT('',(85.99986153284,12.479618806959,
    5.418138149763));
#3153 = CARTESIAN_POINT('',(85.999864384176,12.47982970972,
    5.417956778955));
#3154 = CARTESIAN_POINT('',(85.999865826507,12.479937075921,
    5.417864450029));
#3155 = CARTESIAN_POINT('',(85.999867259641,12.48004444409,
    5.417772122584));
#3156 = CARTESIAN_POINT('',(85.999868683576,12.480151814226,
    5.417679796622));
#3157 = CARTESIAN_POINT('',(85.999870098311,12.480259186329,
    5.417587472143));
#3158 = CARTESIAN_POINT('',(85.999872959452,12.48047775953,
    5.417399537261));
#3159 = CARTESIAN_POINT('',(85.99987440519,12.480588960772,
    5.417303926967));
#3160 = CARTESIAN_POINT('',(85.999875841061,12.48070016412,
    5.417208318264));
#3161 = CARTESIAN_POINT('',(85.999877267063,12.480811369574,
    5.417112711154));
#3162 = CARTESIAN_POINT('',(85.999878683196,12.480922577134,
    5.417017105638));
#3163 = CARTESIAN_POINT('',(85.999881495598,12.481144986567,
    5.416825906301));
#3164 = CARTESIAN_POINT('',(85.999882891868,12.48125618844,5.41673031248
    ));
#3165 = CARTESIAN_POINT('',(85.999884278269,12.481367392416,
    5.416634720254));
#3166 = CARTESIAN_POINT('',(85.999885654801,12.481478598494,
    5.416539129624));
#3167 = CARTESIAN_POINT('',(85.999887021462,12.481589806673,
    5.416443540591));
#3168 = CARTESIAN_POINT('',(85.999889734924,12.481812217335,
    5.416252374227));
#3169 = CARTESIAN_POINT('',(85.999891081725,12.481923419818,
    5.416156796895));
#3170 = CARTESIAN_POINT('',(85.999892418656,12.4820346244,5.416061221161
    ));
#3171 = CARTESIAN_POINT('',(85.999893745718,12.482145831079,
    5.415965647026));
#3172 = CARTESIAN_POINT('',(85.999895062908,12.482257039856,
    5.415870074492));
#3173 = CARTESIAN_POINT('',(85.999897632354,12.482475617351,
    5.415682236244));
#3174 = CARTESIAN_POINT('',(85.999898885281,12.482582985928,
    5.415589970423));
#3175 = CARTESIAN_POINT('',(85.999900129007,12.482690356458,
    5.415497706094));
#3176 = CARTESIAN_POINT('',(85.99990136353,12.482797728939,
    5.415405443259));
#3177 = CARTESIAN_POINT('',(85.999902588851,12.482905103372,
    5.415313181918));
#3178 = CARTESIAN_POINT('',(85.999905064407,12.48312368128,
    5.415125375591));
#3179 = CARTESIAN_POINT('',(85.999906313976,12.483234884897,
    5.415029830713));
#3180 = CARTESIAN_POINT('',(85.999907553673,12.483346090605,
    5.41493428744));
#3181 = CARTESIAN_POINT('',(85.999908783498,12.483457298403,
    5.414838745771));
#3182 = CARTESIAN_POINT('',(85.99991000345,12.483568508289,
    5.414743205709));
#3183 = CARTESIAN_POINT('',(85.9999124235,12.483790922338,5.414552137304
    ));
#3184 = CARTESIAN_POINT('',(85.999913623599,12.483902126499,
    5.414456608961));
#3185 = CARTESIAN_POINT('',(85.999914813826,12.484013332747,
    5.414361082225));
#3186 = CARTESIAN_POINT('',(85.999915994179,12.484124541081,
    5.414265557097));
#3187 = CARTESIAN_POINT('',(85.999917164659,12.4842357515,5.414170033579
    ));
#3188 = CARTESIAN_POINT('',(85.999919485766,12.484458166603,
    5.413978998267));
#3189 = CARTESIAN_POINT('',(85.999920636396,12.484569371286,
    5.413883486473));
#3190 = CARTESIAN_POINT('',(85.999921777152,12.484680578053,
    5.413787976291));
#3191 = CARTESIAN_POINT('',(85.999922908034,12.484791786901,
    5.413692467719));
#3192 = CARTESIAN_POINT('',(85.999924029041,12.48490299783,
    5.413596960759));
#3193 = CARTESIAN_POINT('',(85.999926212896,12.485121579518,
    5.413409251424));
#3194 = CARTESIAN_POINT('',(85.999927276415,12.485228950136,
    5.41331704894));
#3195 = CARTESIAN_POINT('',(85.999928330729,12.485336322692,
    5.413224847959));
#3196 = CARTESIAN_POINT('',(85.999929375837,12.485443697185,
    5.413132648484));
#3197 = CARTESIAN_POINT('',(85.999930411738,12.485551073614,
    5.413040450514));
#3198 = CARTESIAN_POINT('',(85.999932501703,12.485769655549,
    5.412852773214));
#3199 = CARTESIAN_POINT('',(85.999933555098,12.485880861196,
    5.412757293994));
#3200 = CARTESIAN_POINT('',(85.999934598618,12.485992068917,
    5.412661816391));
#3201 = CARTESIAN_POINT('',(85.999935632262,12.486103278711,
    5.412566340405));
#3202 = CARTESIAN_POINT('',(85.999936656029,12.486214490579,
    5.412470866037));
#3203 = CARTESIAN_POINT('',(85.999938683719,12.48643690855,
    5.412279929044));
#3204 = CARTESIAN_POINT('',(85.999939687644,12.486548114654,
    5.412184466419));
#3205 = CARTESIAN_POINT('',(85.999940681692,12.486659322828,
    5.412089005414));
#3206 = CARTESIAN_POINT('',(85.999941665864,12.486770533072,
    5.411993546029));
#3207 = CARTESIAN_POINT('',(85.999942640158,12.486881745384,
    5.411898088265));
#3208 = CARTESIAN_POINT('',(85.999944568905,12.487104164236,
    5.411707184487));
#3209 = CARTESIAN_POINT('',(85.999945523359,12.487215370774,
    5.411611738473));
#3210 = CARTESIAN_POINT('',(85.999946467936,12.487326579379,
    5.411516294081));
#3211 = CARTESIAN_POINT('',(85.999947402635,12.48743779005,
    5.411420851313));
#3212 = CARTESIAN_POINT('',(85.999948327456,12.487549002785,
    5.411325410168));
#3213 = CARTESIAN_POINT('',(85.999950031075,12.487756084457,
    5.411147702028));
#3214 = CARTESIAN_POINT('',(85.999950812413,12.487851952862,
    5.411065434615));
#3215 = CARTESIAN_POINT('',(85.999951586409,12.487947822801,
    5.41098316841));
#3216 = CARTESIAN_POINT('',(85.999952353064,12.488043694272,
    5.410900903413));
#3217 = CARTESIAN_POINT('',(85.999953112377,12.488139567274,
    5.410818639625));
#3218 = CARTESIAN_POINT('',(85.999954736561,12.488346647038,
    5.410640960375));
#3219 = CARTESIAN_POINT('',(85.999955598897,12.488457854328,
    5.410545545331));
#3220 = CARTESIAN_POINT('',(85.999956451354,12.488569063677,
    5.410450131915));
#3221 = CARTESIAN_POINT('',(85.999957293931,12.488680275084,
    5.410354720128));
#3222 = CARTESIAN_POINT('',(85.999958126629,12.488791488549,
    5.410259309971));
#3223 = CARTESIAN_POINT('',(85.999959772189,12.489013909676,
    5.410068501424));
#3224 = CARTESIAN_POINT('',(85.999960585054,12.489125117338,
    5.409973103034));
#3225 = CARTESIAN_POINT('',(85.999961388039,12.489236327055,
    5.409877706275));
#3226 = CARTESIAN_POINT('',(85.999962181144,12.489347538826,
    5.409782311148));
#3227 = CARTESIAN_POINT('',(85.999962964367,12.48945875265,
    5.409686917654));
#3228 = CARTESIAN_POINT('',(85.999964510983,12.489681174487,
    5.40949614244));
#3229 = CARTESIAN_POINT('',(85.999965274376,12.489792382499,
    5.409400760719));
#3230 = CARTESIAN_POINT('',(85.999966027889,12.489903592562,
    5.409305380632));
#3231 = CARTESIAN_POINT('',(85.99996677152,12.490014804676,5.40921000218
    ));
#3232 = CARTESIAN_POINT('',(85.99996750527,12.490126018838,
    5.409114625365));
#3233 = CARTESIAN_POINT('',(85.99996895294,12.490348441341,
    5.408923883513));
#3234 = CARTESIAN_POINT('',(85.999969666861,12.490459649681,
    5.408828518476));
#3235 = CARTESIAN_POINT('',(85.999970370902,12.490570860068,
    5.408733155076));
#3236 = CARTESIAN_POINT('',(85.99997106506,12.490682072501,
    5.408637793315));
#3237 = CARTESIAN_POINT('',(85.999971749336,12.490793286979,
    5.408542433193));
#3238 = CARTESIAN_POINT('',(85.99997309806,12.491015710104,
    5.408351724734));
#3239 = CARTESIAN_POINT('',(85.99997376251,12.491126918751,
    5.408256376397));
#3240 = CARTESIAN_POINT('',(85.999974417078,12.49123812944,5.4081610297)
  );
#3241 = CARTESIAN_POINT('',(85.999975061763,12.491349342171,
    5.408065684644));
#3242 = CARTESIAN_POINT('',(85.999975696564,12.491460556943,
    5.407970341231));
#3243 = CARTESIAN_POINT('',(85.999976946342,12.491682980646,
    5.407779666195));
#3244 = CARTESIAN_POINT('',(85.99997756132,12.491794189576,
    5.407684334573));
#3245 = CARTESIAN_POINT('',(85.999978166415,12.491905400546,
    5.407589004593));
#3246 = CARTESIAN_POINT('',(85.999978761627,12.492016613552,
    5.407493676259));
#3247 = CARTESIAN_POINT('',(85.999979346953,12.492127828596,
    5.407398349569));
#3248 = CARTESIAN_POINT('',(85.999980497785,12.492350252833,
    5.407207707987));
#3249 = CARTESIAN_POINT('',(85.999981063292,12.492461462026,
    5.407112393094));
#3250 = CARTESIAN_POINT('',(85.999981618914,12.492572673253,
    5.407017079848));
#3251 = CARTESIAN_POINT('',(85.999982164652,12.492683886514,
    5.406921768249));
#3252 = CARTESIAN_POINT('',(85.999982700504,12.492795101807,
    5.406826458299));
#3253 = CARTESIAN_POINT('',(85.999983752389,12.493017526534,
    5.406635850201));
#3254 = CARTESIAN_POINT('',(85.999984268424,12.493128735967,
    5.406540552053));
#3255 = CARTESIAN_POINT('',(85.999984774574,12.49323994743,
    5.406445255554));
#3256 = CARTESIAN_POINT('',(85.999985270837,12.493351160923,
    5.406349960707));
#3257 = CARTESIAN_POINT('',(85.999985757215,12.493462376445,
    5.40625466751));
#3258 = CARTESIAN_POINT('',(85.999986710153,12.493684801617,
    5.406064092927));
#3259 = CARTESIAN_POINT('',(85.999987176716,12.493796011268,
    5.405968811539));
#3260 = CARTESIAN_POINT('',(85.999987633393,12.493907222946,
    5.405873531803));
#3261 = CARTESIAN_POINT('',(85.999988080183,12.494018436648,
    5.405778253722));
#3262 = CARTESIAN_POINT('',(85.999988517086,12.494129652375,
    5.405682977295));
#3263 = CARTESIAN_POINT('',(85.999989371077,12.49435207795,
    5.405492436256));
#3264 = CARTESIAN_POINT('',(85.999989788167,12.494463287797,
    5.405397171643));
#3265 = CARTESIAN_POINT('',(85.999990195371,12.494574499667,
    5.405301908686));
#3266 = CARTESIAN_POINT('',(85.999990592687,12.494685713557,
    5.405206647386));
#3267 = CARTESIAN_POINT('',(85.999990980115,12.494796929468,
    5.405111387743));
#3268 = CARTESIAN_POINT('',(85.999991735159,12.495019355401,
    5.404920880279));
#3269 = CARTESIAN_POINT('',(85.999992102778,12.495130565422,
    5.404825632456));
#3270 = CARTESIAN_POINT('',(85.999992460508,12.495241777461,
    5.404730386293));
#3271 = CARTESIAN_POINT('',(85.99999280835,12.495352991518,
    5.404635141789));
#3272 = CARTESIAN_POINT('',(85.999993146303,12.49546420759,
    5.404539898946));
#3273 = CARTESIAN_POINT('',(85.9999938024,12.495686633837,5.404349425086
    ));
#3274 = CARTESIAN_POINT('',(85.999994120546,12.49579784401,
    5.404254194069));
#3275 = CARTESIAN_POINT('',(85.999994428804,12.495909056197,
    5.404158964714));
#3276 = CARTESIAN_POINT('',(85.999994727172,12.496020270398,
    5.404063737022));
#3277 = CARTESIAN_POINT('',(85.99999501565,12.49613148661,5.403968510994
    ));
#3278 = CARTESIAN_POINT('',(85.999995572799,12.496353913127,
    5.403778070769));
#3279 = CARTESIAN_POINT('',(85.999995841473,12.49646512343,
    5.403682856573));
#3280 = CARTESIAN_POINT('',(85.999996100257,12.496576335743,
    5.403587644041));
#3281 = CARTESIAN_POINT('',(85.999996349151,12.496687550065,
    5.403492433176));
#3282 = CARTESIAN_POINT('',(85.999996588154,12.496798766396,
    5.403397223977));
#3283 = CARTESIAN_POINT('',(85.999997046356,12.497021193138,
    5.403206817418));
#3284 = CARTESIAN_POINT('',(85.999997265557,12.497132403549,
    5.403111620057));
#3285 = CARTESIAN_POINT('',(85.999997474868,12.497243615967,
    5.403016424364));
#3286 = CARTESIAN_POINT('',(85.999997674288,12.497354830389,
    5.40292123034));
#3287 = CARTESIAN_POINT('',(85.999997863815,12.497466046815,
    5.402826037986));
#3288 = CARTESIAN_POINT('',(85.99999822307,12.497688473739,
    5.402635665122));
#3289 = CARTESIAN_POINT('',(85.999998392799,12.497799684236,
    5.402540484612));
#3290 = CARTESIAN_POINT('',(85.999998552636,12.497910896735,
    5.402445305773));
#3291 = CARTESIAN_POINT('',(85.999998702582,12.498022111235,
    5.402350128606));
#3292 = CARTESIAN_POINT('',(85.999998842634,12.498133327735,
    5.402254953111));
#3293 = CARTESIAN_POINT('',(85.999999102941,12.498355754797,
    5.402064613973));
#3294 = CARTESIAN_POINT('',(85.999999223198,12.498466965359,
    5.401969450328));
#3295 = CARTESIAN_POINT('',(85.999999333562,12.498578177918,
    5.401874288358));
#3296 = CARTESIAN_POINT('',(85.999999434033,12.498689392474,
    5.401779128063));
#3297 = CARTESIAN_POINT('',(85.99999952461,12.498800609025,
    5.401683969444));
#3298 = CARTESIAN_POINT('',(85.999999683188,12.499019201566,5.4014969449
    ));
#3299 = CARTESIAN_POINT('',(85.99999975186,12.499126577421,
    5.401405078861));
#3300 = CARTESIAN_POINT('',(85.99999981131,12.499233955133,
    5.401313214387));
#3301 = CARTESIAN_POINT('',(85.999999861536,12.499341334704,
    5.401221351476));
#3302 = CARTESIAN_POINT('',(85.999999902539,12.49944871613,
    5.401129490131));
#3303 = CARTESIAN_POINT('',(85.999999956211,12.499630080643,
    5.40097434397));
#3304 = CARTESIAN_POINT('',(85.999999973726,12.499704062754,
    5.400911058332));
#3305 = CARTESIAN_POINT('',(85.999999986863,12.499778045745,
    5.400847773436));
#3306 = CARTESIAN_POINT('',(85.999999995621,12.499852029617,
    5.400784489285));
#3307 = CARTESIAN_POINT('',(86.,12.499926014369,5.400721205878));
#3308 = CARTESIAN_POINT('',(86.,12.5,5.400657923215));
#3309 = ORIENTED_EDGE('',*,*,#3007,.F.);
#3310 = CYLINDRICAL_SURFACE('',#3311,1.5);
#3311 = AXIS2_PLACEMENT_3D('',#3312,#3313,#3314);
#3312 = CARTESIAN_POINT('',(84.5,12.5,0.));
#3313 = DIRECTION('',(-0.,-0.,-1.));
#3314 = DIRECTION('',(1.,0.,0.));
#3315 = ADVANCED_FACE('',(#3316),#3336,.T.);
#3316 = FACE_BOUND('',#3317,.T.);
#3317 = EDGE_LOOP('',(#3318,#3319,#3320,#3328,#3335));
#3318 = ORIENTED_EDGE('',*,*,#1135,.F.);
#3319 = ORIENTED_EDGE('',*,*,#3032,.T.);
#3320 = ORIENTED_EDGE('',*,*,#3321,.F.);
#3321 = EDGE_CURVE('',#3322,#3024,#3324,.T.);
#3322 = VERTEX_POINT('',#3323);
#3323 = CARTESIAN_POINT('',(83.,19.,3.));
#3324 = LINE('',#3325,#3326);
#3325 = CARTESIAN_POINT('',(83.,36.874236596195,3.));
#3326 = VECTOR('',#3327,1.);
#3327 = DIRECTION('',(0.,1.,0.));
#3328 = ORIENTED_EDGE('',*,*,#3329,.F.);
#3329 = EDGE_CURVE('',#3048,#3322,#3330,.T.);
#3330 = CIRCLE('',#3331,10.);
#3331 = AXIS2_PLACEMENT_3D('',#3332,#3333,#3334);
#3332 = CARTESIAN_POINT('',(83.,19.,13.));
#3333 = DIRECTION('',(1.,0.,0.));
#3334 = DIRECTION('',(0.,-1.,0.));
#3335 = ORIENTED_EDGE('',*,*,#3047,.F.);
#3336 = PLANE('',#3337);
#3337 = AXIS2_PLACEMENT_3D('',#3338,#3339,#3340);
#3338 = CARTESIAN_POINT('',(83.,38.5,0.));
#3339 = DIRECTION('',(1.,0.,0.));
#3340 = DIRECTION('',(0.,-1.,0.));
#3341 = ADVANCED_FACE('',(#3342),#3361,.F.);
#3342 = FACE_BOUND('',#3343,.T.);
#3343 = EDGE_LOOP('',(#3344,#3352,#3353,#3354));
#3344 = ORIENTED_EDGE('',*,*,#3345,.F.);
#3345 = EDGE_CURVE('',#1153,#3346,#3348,.T.);
#3346 = VERTEX_POINT('',#3347);
#3347 = CARTESIAN_POINT('',(51.95,15.,2.));
#3348 = LINE('',#3349,#3350);
#3349 = CARTESIAN_POINT('',(51.95,15.,0.));
#3350 = VECTOR('',#3351,1.);
#3351 = DIRECTION('',(0.,0.,1.));
#3352 = ORIENTED_EDGE('',*,*,#1152,.F.);
#3353 = ORIENTED_EDGE('',*,*,#3345,.T.);
#3354 = ORIENTED_EDGE('',*,*,#3355,.F.);
#3355 = EDGE_CURVE('',#3346,#3346,#3356,.T.);
#3356 = CIRCLE('',#3357,1.7);
#3357 = AXIS2_PLACEMENT_3D('',#3358,#3359,#3360);
#3358 = CARTESIAN_POINT('',(50.25,15.,2.));
#3359 = DIRECTION('',(0.,0.,-1.));
#3360 = DIRECTION('',(1.,0.,0.));
#3361 = CYLINDRICAL_SURFACE('',#3362,1.7);
#3362 = AXIS2_PLACEMENT_3D('',#3363,#3364,#3365);
#3363 = CARTESIAN_POINT('',(50.25,15.,0.));
#3364 = DIRECTION('',(-0.,-0.,-1.));
#3365 = DIRECTION('',(1.,0.,0.));
#3366 = ADVANCED_FACE('',(#3367),#3401,.F.);
#3367 = FACE_BOUND('',#3368,.F.);
#3368 = EDGE_LOOP('',(#3369,#3370,#3378,#3386,#3395));
#3369 = ORIENTED_EDGE('',*,*,#1163,.F.);
#3370 = ORIENTED_EDGE('',*,*,#3371,.T.);
#3371 = EDGE_CURVE('',#1164,#3372,#3374,.T.);
#3372 = VERTEX_POINT('',#3373);
#3373 = CARTESIAN_POINT('',(17.5,22.5,3.));
#3374 = LINE('',#3375,#3376);
#3375 = CARTESIAN_POINT('',(17.5,22.5,0.));
#3376 = VECTOR('',#3377,1.);
#3377 = DIRECTION('',(0.,0.,1.));
#3378 = ORIENTED_EDGE('',*,*,#3379,.F.);
#3379 = EDGE_CURVE('',#3380,#3372,#3382,.T.);
#3380 = VERTEX_POINT('',#3381);
#3381 = CARTESIAN_POINT('',(17.5,19.,3.));
#3382 = LINE('',#3383,#3384);
#3383 = CARTESIAN_POINT('',(17.5,28.874236596195,3.));
#3384 = VECTOR('',#3385,1.);
#3385 = DIRECTION('',(0.,1.,0.));
#3386 = ORIENTED_EDGE('',*,*,#3387,.F.);
#3387 = EDGE_CURVE('',#3388,#3380,#3390,.T.);
#3388 = VERTEX_POINT('',#3389);
#3389 = CARTESIAN_POINT('',(17.5,12.5,5.400657923215));
#3390 = CIRCLE('',#3391,10.);
#3391 = AXIS2_PLACEMENT_3D('',#3392,#3393,#3394);
#3392 = CARTESIAN_POINT('',(17.5,19.,13.));
#3393 = DIRECTION('',(1.,0.,0.));
#3394 = DIRECTION('',(0.,-1.,0.));
#3395 = ORIENTED_EDGE('',*,*,#3396,.F.);
#3396 = EDGE_CURVE('',#1166,#3388,#3397,.T.);
#3397 = LINE('',#3398,#3399);
#3398 = CARTESIAN_POINT('',(17.5,12.5,0.));
#3399 = VECTOR('',#3400,1.);
#3400 = DIRECTION('',(0.,0.,1.));
#3401 = PLANE('',#3402);
#3402 = AXIS2_PLACEMENT_3D('',#3403,#3404,#3405);
#3403 = CARTESIAN_POINT('',(17.5,22.5,0.));
#3404 = DIRECTION('',(1.,0.,0.));
#3405 = DIRECTION('',(0.,-1.,0.));
#3406 = ADVANCED_FACE('',(#3407),#3426,.F.);
#3407 = FACE_BOUND('',#3408,.T.);
#3408 = EDGE_LOOP('',(#3409,#3410,#3411,#3420));
#3409 = ORIENTED_EDGE('',*,*,#1173,.F.);
#3410 = ORIENTED_EDGE('',*,*,#3371,.T.);
#3411 = ORIENTED_EDGE('',*,*,#3412,.F.);
#3412 = EDGE_CURVE('',#3413,#3372,#3415,.T.);
#3413 = VERTEX_POINT('',#3414);
#3414 = CARTESIAN_POINT('',(14.5,22.5,3.));
#3415 = CIRCLE('',#3416,1.5);
#3416 = AXIS2_PLACEMENT_3D('',#3417,#3418,#3419);
#3417 = CARTESIAN_POINT('',(16.,22.5,3.));
#3418 = DIRECTION('',(0.,0.,-1.));
#3419 = DIRECTION('',(1.,0.,0.));
#3420 = ORIENTED_EDGE('',*,*,#3421,.F.);
#3421 = EDGE_CURVE('',#1174,#3413,#3422,.T.);
#3422 = LINE('',#3423,#3424);
#3423 = CARTESIAN_POINT('',(14.5,22.5,0.));
#3424 = VECTOR('',#3425,1.);
#3425 = DIRECTION('',(0.,0.,1.));
#3426 = CYLINDRICAL_SURFACE('',#3427,1.5);
#3427 = AXIS2_PLACEMENT_3D('',#3428,#3429,#3430);
#3428 = CARTESIAN_POINT('',(16.,22.5,0.));
#3429 = DIRECTION('',(-0.,-0.,-1.));
#3430 = DIRECTION('',(1.,0.,0.));
#3431 = ADVANCED_FACE('',(#3432),#3714,.F.);
#3432 = FACE_BOUND('',#3433,.T.);
#3433 = EDGE_LOOP('',(#3434,#3435,#3443,#3713));
#3434 = ORIENTED_EDGE('',*,*,#1190,.F.);
#3435 = ORIENTED_EDGE('',*,*,#3436,.T.);
#3436 = EDGE_CURVE('',#1183,#3437,#3439,.T.);
#3437 = VERTEX_POINT('',#3438);
#3438 = CARTESIAN_POINT('',(14.5,12.5,5.400657923215));
#3439 = LINE('',#3440,#3441);
#3440 = CARTESIAN_POINT('',(14.5,12.5,0.));
#3441 = VECTOR('',#3442,1.);
#3442 = DIRECTION('',(0.,0.,1.));
#3443 = ORIENTED_EDGE('',*,*,#3444,.T.);
#3444 = EDGE_CURVE('',#3437,#3388,#3445,.T.);
#3445 = B_SPLINE_CURVE_WITH_KNOTS('',6,(#3446,#3447,#3448,#3449,#3450,
    #3451,#3452,#3453,#3454,#3455,#3456,#3457,#3458,#3459,#3460,#3461,
    #3462,#3463,#3464,#3465,#3466,#3467,#3468,#3469,#3470,#3471,#3472,
    #3473,#3474,#3475,#3476,#3477,#3478,#3479,#3480,#3481,#3482,#3483,
    #3484,#3485,#3486,#3487,#3488,#3489,#3490,#3491,#3492,#3493,#3494,
    #3495,#3496,#3497,#3498,#3499,#3500,#3501,#3502,#3503,#3504,#3505,
    #3506,#3507,#3508,#3509,#3510,#3511,#3512,#3513,#3514,#3515,#3516,
    #3517,#3518,#3519,#3520,#3521,#3522,#3523,#3524,#3525,#3526,#3527,
    #3528,#3529,#3530,#3531,#3532,#3533,#3534,#3535,#3536,#3537,#3538,
    #3539,#3540,#3541,#3542,#3543,#3544,#3545,#3546,#3547,#3548,#3549,
    #3550,#3551,#3552,#3553,#3554,#3555,#3556,#3557,#3558,#3559,#3560,
    #3561,#3562,#3563,#3564,#3565,#3566,#3567,#3568,#3569,#3570,#3571,
    #3572,#3573,#3574,#3575,#3576,#3577,#3578,#3579,#3580,#3581,#3582,
    #3583,#3584,#3585,#3586,#3587,#3588,#3589,#3590,#3591,#3592,#3593,
    #3594,#3595,#3596,#3597,#3598,#3599,#3600,#3601,#3602,#3603,#3604,
    #3605,#3606,#3607,#3608,#3609,#3610,#3611,#3612,#3613,#3614,#3615,
    #3616,#3617,#3618,#3619,#3620,#3621,#3622,#3623,#3624,#3625,#3626,
    #3627,#3628,#3629,#3630,#3631,#3632,#3633,#3634,#3635,#3636,#3637,
    #3638,#3639,#3640,#3641,#3642,#3643,#3644,#3645,#3646,#3647,#3648,
    #3649,#3650,#3651,#3652,#3653,#3654,#3655,#3656,#3657,#3658,#3659,
    #3660,#3661,#3662,#3663,#3664,#3665,#3666,#3667,#3668,#3669,#3670,
    #3671,#3672,#3673,#3674,#3675,#3676,#3677,#3678,#3679,#3680,#3681,
    #3682,#3683,#3684,#3685,#3686,#3687,#3688,#3689,#3690,#3691,#3692,
    #3693,#3694,#3695,#3696,#3697,#3698,#3699,#3700,#3701,#3702,#3703,
    #3704,#3705,#3706,#3707,#3708,#3709,#3710,#3711,#3712),
  .UNSPECIFIED.,.F.,.F.,(7,5,5,5,5,5,5,5,5,5,5,5,5,5,5,5,5,5,5,5,5,5,5,5
    ,5,5,5,5,5,5,5,5,5,5,5,5,5,5,5,5,5,5,5,5,5,5,5,5,5,5,5,5,5,7),(0.,
    5.753598669642E-02,0.172058451934,0.281938744077,0.322083524599,
    0.377005802974,0.422425914363,0.448500300392,0.499775803648,
    0.577062215012,0.623104463076,0.679053123932,0.718257363579,
    0.827816912248,0.995094353118,0.995219554183,0.995335115542,
    0.995421780982,0.995503627284,0.9956432376,0.995758767783,
    0.995874289463,0.996004241186,0.996100494782,0.996191930228,
    0.996317043777,0.996446958819,0.996586485205,0.996725999168,
    0.996841449605,0.996980940863,0.997115610288,0.997255077124,
    0.997384914387,0.997519549058,0.997644556594,0.997783976289,
    0.997894541691,0.998014712608,0.998144486822,0.998269444398,
    0.998408808365,0.998548159899,0.998687498999,0.998817217327,
    0.998922905772,0.999023783521,0.999163080166,0.999273547971,
    0.999412822314,0.999552084217,0.999691333681,0.999830570704,1.),
  .UNSPECIFIED.);
#3446 = CARTESIAN_POINT('',(14.5,12.5,5.400657923215));
#3447 = CARTESIAN_POINT('',(14.5,12.454036039585,5.439972608575));
#3448 = CARTESIAN_POINT('',(14.501690139565,12.408418216287,
    5.47956897415));
#3449 = CARTESIAN_POINT('',(14.5050227312,12.363204355346,5.519394509529
    ));
#3450 = CARTESIAN_POINT('',(14.509950668277,12.318448553872,
    5.559395420718));
#3451 = CARTESIAN_POINT('',(14.516427425034,12.274201180843,
    5.599516630136));
#3452 = CARTESIAN_POINT('',(14.540290108703,12.143541561127,
    5.719688273858));
#3453 = CARTESIAN_POINT('',(14.562122587155,12.058799837894,
    5.799904245014));
#3454 = CARTESIAN_POINT('',(14.589557111973,11.976531733065,
    5.880013305704));
#3455 = CARTESIAN_POINT('',(14.622311663219,11.896944983216,
    5.959672023137));
#3456 = CARTESIAN_POINT('',(14.660161293287,11.82023314433,6.0385067194)
  );
#3457 = CARTESIAN_POINT('',(14.743964760289,11.675954910016,
    6.190528977277));
#3458 = CARTESIAN_POINT('',(14.789531137604,11.608138194874,
    6.263821675715));
#3459 = CARTESIAN_POINT('',(14.839512893649,11.543267940868,
    6.33565910735));
#3460 = CARTESIAN_POINT('',(14.893854260714,11.481502516381,
    6.40566236408));
#3461 = CARTESIAN_POINT('',(14.952536427228,11.423061732085,
    6.473346772355));
#3462 = CARTESIAN_POINT('',(15.038577730625,11.348219475164,
    6.561738176366));
#3463 = CARTESIAN_POINT('',(15.062181535585,11.328675178183,
    6.584999052194));
#3464 = CARTESIAN_POINT('',(15.086366259097,11.309627676129,
    6.607838417712));
#3465 = CARTESIAN_POINT('',(15.11113217232,11.291093176637,
    6.630223127715));
#3466 = CARTESIAN_POINT('',(15.136479157448,11.273089828741,
    6.652116874699));
#3467 = CARTESIAN_POINT('',(15.197878321084,11.231761408104,
    6.702707447606));
#3468 = CARTESIAN_POINT('',(15.234444296888,11.208911715955,
    6.730948377231));
#3469 = CARTESIAN_POINT('',(15.272093695739,11.187147427194,
    6.758092478921));
#3470 = CARTESIAN_POINT('',(15.310813853026,11.166530974804,
    6.784022242404));
#3471 = CARTESIAN_POINT('',(15.350590378916,11.147128443997,
    6.808613145955));
#3472 = CARTESIAN_POINT('',(15.425162179517,11.114025467408,
    6.850854060557));
#3473 = CARTESIAN_POINT('',(15.459632318865,11.099917899516,
    6.868971038876));
#3474 = CARTESIAN_POINT('',(15.494785454698,11.086736745661,
    6.885996552439));
#3475 = CARTESIAN_POINT('',(15.530588572292,11.074529428859,
    6.901846049497));
#3476 = CARTESIAN_POINT('',(15.567007763901,11.063340918012,
    6.91643846547));
#3477 = CARTESIAN_POINT('',(15.625249136684,11.047399997911,
    6.937307122078));
#3478 = CARTESIAN_POINT('',(15.646677299204,11.041937211605,
    6.944476745087));
#3479 = CARTESIAN_POINT('',(15.668282835021,11.036834261106,
    6.951189387341));
#3480 = CARTESIAN_POINT('',(15.690054376036,11.032099552859,
    6.957430250689));
#3481 = CARTESIAN_POINT('',(15.711979067348,11.027741007639,
    6.963185443455));
#3482 = CARTESIAN_POINT('',(15.777430628636,11.015949293099,
    6.97877900542));
#3483 = CARTESIAN_POINT('',(15.821375081974,11.00961224359,
    6.987192698199));
#3484 = CARTESIAN_POINT('',(15.865740308131,11.004817559854,
    6.993576481632));
#3485 = CARTESIAN_POINT('',(15.910390128298,11.001606482752,
    6.997858080782));
#3486 = CARTESIAN_POINT('',(15.955188464481,11.,7.));
#3487 = CARTESIAN_POINT('',(16.067543418358,11.,7.));
#3488 = CARTESIAN_POINT('',(16.134994626365,11.00364994111,
    6.995133965301));
#3489 = CARTESIAN_POINT('',(16.201937089491,11.01092994295,
    6.985425719232));
#3490 = CARTESIAN_POINT('',(16.267950000154,11.021740223479,
    6.971059931444));
#3491 = CARTESIAN_POINT('',(16.332612758488,11.035889235259,
    6.952377166869));
#3492 = CARTESIAN_POINT('',(16.432979238122,11.063324021497,
    6.916459984906));
#3493 = CARTESIAN_POINT('',(16.469853357885,11.074654644939,
    6.901682105058));
#3494 = CARTESIAN_POINT('',(16.506095768871,11.087029580759,
    6.885615773816));
#3495 = CARTESIAN_POINT('',(16.541671351726,11.100402163259,
    6.868345121727));
#3496 = CARTESIAN_POINT('',(16.576545911284,11.114723152337,
    6.849957931228));
#3497 = CARTESIAN_POINT('',(16.652172033667,11.148432517074,
    6.80695660847));
#3498 = CARTESIAN_POINT('',(16.692579702582,11.168250517204,
    6.781850273102));
#3499 = CARTESIAN_POINT('',(16.731892629253,11.189321452928,
    6.755364929047));
#3500 = CARTESIAN_POINT('',(16.77009610306,11.211576048257,
    6.727631222354));
#3501 = CARTESIAN_POINT('',(16.807177256817,11.234949032166,
    6.698772146606));
#3502 = CARTESIAN_POINT('',(16.868314348076,11.276497756481,
    6.647973221178));
#3503 = CARTESIAN_POINT('',(16.892951247543,11.294138188714,
    6.626543994839));
#3504 = CARTESIAN_POINT('',(16.917035281506,11.312281935204,
    6.604651734903));
#3505 = CARTESIAN_POINT('',(16.940566344882,11.330912278862,
    6.582329920775));
#3506 = CARTESIAN_POINT('',(16.963544711184,11.350014285597,
    6.559609140267));
#3507 = CARTESIAN_POINT('',(17.048643275742,11.424238320839,
    6.471984409687));
#3508 = CARTESIAN_POINT('',(17.107015444816,11.482492824147,
    6.404540316052));
#3509 = CARTESIAN_POINT('',(17.161082192414,11.544042269961,
    6.334801986852));
#3510 = CARTESIAN_POINT('',(17.210824560932,11.608669999386,
    6.263247371538));
#3511 = CARTESIAN_POINT('',(17.25618714105,11.676219638203,
    6.190250594485));
#3512 = CARTESIAN_POINT('',(17.359453345877,11.853997317702,
    6.002929433593));
#3513 = CARTESIAN_POINT('',(17.411444007006,11.96808192132,5.88696525882
    ));
#3514 = CARTESIAN_POINT('',(17.452397711724,12.088143736828,
    5.769621861841));
#3515 = CARTESIAN_POINT('',(17.481501034968,12.213494210686,
    5.652082481953));
#3516 = CARTESIAN_POINT('',(17.497731450252,12.343328044853,
    5.535443565147));
#3517 = CARTESIAN_POINT('',(17.499817846912,12.47662402889,
    5.420714680338));
#3518 = CARTESIAN_POINT('',(17.499819399409,12.476723723171,
    5.420628875438));
#3519 = CARTESIAN_POINT('',(17.499820943978,12.476823419164,
    5.420543071804));
#3520 = CARTESIAN_POINT('',(17.49982248062,12.476923116868,
    5.420457269437));
#3521 = CARTESIAN_POINT('',(17.499824009333,12.477022816284,
    5.420371468336));
#3522 = CARTESIAN_POINT('',(17.49982693381,12.477214542167,
    5.420206474724));
#3523 = CARTESIAN_POINT('',(17.499828330748,12.477306568381,
    5.420127282025));
#3524 = CARTESIAN_POINT('',(17.499829720931,12.477398596052,
    5.420048090406));
#3525 = CARTESIAN_POINT('',(17.499831104358,12.477490625179,
    5.419968899869));
#3526 = CARTESIAN_POINT('',(17.499832481029,12.477582655762,
    5.419889710412));
#3527 = CARTESIAN_POINT('',(17.499834878313,12.477743707385,
    5.419751134578));
#3528 = CARTESIAN_POINT('',(17.499835901882,12.477812727788,
    5.419691747728));
#3529 = CARTESIAN_POINT('',(17.499836921652,12.47788174901,
    5.419632361486));
#3530 = CARTESIAN_POINT('',(17.499837937621,12.477950771049,
    5.419572975854));
#3531 = CARTESIAN_POINT('',(17.499838949789,12.478019793907,
    5.41951359083));
#3532 = CARTESIAN_POINT('',(17.499840910453,12.47815400311,
    5.419398124143));
#3533 = CARTESIAN_POINT('',(17.49984185936,12.478219189368,
    5.419342042414));
#3534 = CARTESIAN_POINT('',(17.499842804877,12.478284376355,
    5.419285961229));
#3535 = CARTESIAN_POINT('',(17.499843747003,12.478349564071,
    5.419229880587));
#3536 = CARTESIAN_POINT('',(17.49984468574,12.478414752515,5.41917380049
    ));
#3537 = CARTESIAN_POINT('',(17.499847216564,12.478591138905,
    5.41902206256));
#3538 = CARTESIAN_POINT('',(17.499848802177,12.478702338241,
    5.418926405768));
#3539 = CARTESIAN_POINT('',(17.499850377925,12.478813539696,
    5.418830750558));
#3540 = CARTESIAN_POINT('',(17.499851943808,12.478924743268,
    5.418735096933));
#3541 = CARTESIAN_POINT('',(17.499853499824,12.479035948957,
    5.418639444893));
#3542 = CARTESIAN_POINT('',(17.49985632544,12.479239183328,
    5.418464641876));
#3543 = CARTESIAN_POINT('',(17.49985759815,12.479331211343,
    5.418385490398));
#3544 = CARTESIAN_POINT('',(17.499858864103,12.479423240806,
    5.418306340007));
#3545 = CARTESIAN_POINT('',(17.499860123299,12.479515271717,
    5.418227190702));
#3546 = CARTESIAN_POINT('',(17.499861375736,12.479607304076,
    5.418148042485));
#3547 = CARTESIAN_POINT('',(17.499863867002,12.479791364911,
    5.417989754053));
#3548 = CARTESIAN_POINT('',(17.499865105832,12.479883393388,
    5.417910613838));
#3549 = CARTESIAN_POINT('',(17.499866337904,12.479975423311,
    5.41783147471));
#3550 = CARTESIAN_POINT('',(17.499867563217,12.48006745468,
    5.417752336672));
#3551 = CARTESIAN_POINT('',(17.499868781772,12.480159487493,
    5.417673199723));
#3552 = CARTESIAN_POINT('',(17.499871356732,12.480355052192,
    5.417505042984));
#3553 = CARTESIAN_POINT('',(17.499872711343,12.480458584461,
    5.417416023485));
#3554 = CARTESIAN_POINT('',(17.499874057401,12.480562118557,
    5.417327005365));
#3555 = CARTESIAN_POINT('',(17.499875394904,12.48066565448,
    5.417237988625));
#3556 = CARTESIAN_POINT('',(17.499876723853,12.480769192228,
    5.417148973266));
#3557 = CARTESIAN_POINT('',(17.499879022245,12.480949422251,
    5.416994027763));
#3558 = CARTESIAN_POINT('',(17.49987999555,12.481026113703,
    5.416928096995));
#3559 = CARTESIAN_POINT('',(17.499880964161,12.481102806155,
    5.416862166986));
#3560 = CARTESIAN_POINT('',(17.499881928079,12.481179499608,
    5.416796237735));
#3561 = CARTESIAN_POINT('',(17.499882887302,12.481256194061,
    5.416730309242));
#3562 = CARTESIAN_POINT('',(17.499884748579,12.481405745835,
    5.41660175391));
#3563 = CARTESIAN_POINT('',(17.499885651091,12.481478603059,
    5.416539126996));
#3564 = CARTESIAN_POINT('',(17.499886549367,12.481551461184,
    5.416476500767));
#3565 = CARTESIAN_POINT('',(17.499887443406,12.481624320212,
    5.416413875223));
#3566 = CARTESIAN_POINT('',(17.499888333208,12.48169718014,
    5.416351250365));
#3567 = CARTESIAN_POINT('',(17.499890430516,12.48186973838,
    5.416202935874));
#3568 = CARTESIAN_POINT('',(17.499891634326,12.481969437478,
    5.41611724684));
#3569 = CARTESIAN_POINT('',(17.499892830202,12.482069138262,
    5.416031559091));
#3570 = CARTESIAN_POINT('',(17.499894018145,12.482168840732,
    5.415945872627));
#3571 = CARTESIAN_POINT('',(17.499895198153,12.482268544888,
    5.415860187449));
#3572 = CARTESIAN_POINT('',(17.49989758728,12.482471782988,
    5.415685531369));
#3573 = CARTESIAN_POINT('',(17.499898795779,12.482575317064,
    5.415596560567));
#3574 = CARTESIAN_POINT('',(17.499899995721,12.482678852957,
    5.415507591154));
#3575 = CARTESIAN_POINT('',(17.499901187107,12.482782390664,
    5.415418623129));
#3576 = CARTESIAN_POINT('',(17.499902369935,12.482885930186,
    5.415329656494));
#3577 = CARTESIAN_POINT('',(17.499904805351,12.483100673027,
    5.415145144197));
#3578 = CARTESIAN_POINT('',(17.499906056626,12.483211876625,
    5.41504959875));
#3579 = CARTESIAN_POINT('',(17.499907298029,12.483323082313,
    5.414954054906));
#3580 = CARTESIAN_POINT('',(17.49990852956,12.483434290092,
    5.414858512668));
#3581 = CARTESIAN_POINT('',(17.499909751218,12.48354549996,
    5.414762972035));
#3582 = CARTESIAN_POINT('',(17.499912174679,12.483767913971,
    5.41457190249));
#3583 = CARTESIAN_POINT('',(17.499913376484,12.483879118114,
    5.414476373576));
#3584 = CARTESIAN_POINT('',(17.499914568417,12.483990324344,
    5.41438084627));
#3585 = CARTESIAN_POINT('',(17.499915750476,12.48410153266,
    5.414285320571));
#3586 = CARTESIAN_POINT('',(17.499916922662,12.48421274306,
    5.414189796482));
#3587 = CARTESIAN_POINT('',(17.499919046808,12.484415985975,
    5.414015227348));
#3588 = CARTESIAN_POINT('',(17.499920001881,12.484508017832,
    5.413936181797));
#3589 = CARTESIAN_POINT('',(17.499920950191,12.484600051116,
    5.413857137348));
#3590 = CARTESIAN_POINT('',(17.499921891739,12.484692085826,
    5.413778094002));
#3591 = CARTESIAN_POINT('',(17.499922826524,12.484784121961,
    5.41369905176));
#3592 = CARTESIAN_POINT('',(17.499924875813,12.484987362523,
    5.413524510354));
#3593 = CARTESIAN_POINT('',(17.499925987208,12.485098567606,
    5.413429011697));
#3594 = CARTESIAN_POINT('',(17.499927088728,12.485209774767,
    5.413333514653));
#3595 = CARTESIAN_POINT('',(17.499928180374,12.485320984008,
    5.413238019223));
#3596 = CARTESIAN_POINT('',(17.499929262144,12.485432195326,
    5.413142525407));
#3597 = CARTESIAN_POINT('',(17.49993136888,12.485650777771,
    5.412954841911));
#3598 = CARTESIAN_POINT('',(17.499932394517,12.485758148758,
    5.412862652122));
#3599 = CARTESIAN_POINT('',(17.499933410948,12.485865521679,
    5.412770463839));
#3600 = CARTESIAN_POINT('',(17.499934418172,12.485972896534,
    5.412678277063));
#3601 = CARTESIAN_POINT('',(17.49993541619,12.486080273322,
    5.412586091795));
#3602 = CARTESIAN_POINT('',(17.499937429035,12.486298855981,
    5.412398440358));
#3603 = CARTESIAN_POINT('',(17.499938443195,12.486410061991,
    5.412302974298));
#3604 = CARTESIAN_POINT('',(17.499939447479,12.486521270073,
    5.412207509858));
#3605 = CARTESIAN_POINT('',(17.499940441886,12.486632480226,
    5.412112047037));
#3606 = CARTESIAN_POINT('',(17.499941426416,12.486743692449,
    5.412016585836));
#3607 = CARTESIAN_POINT('',(17.499943308425,12.486958442172,
    5.411832257744));
#3608 = CARTESIAN_POINT('',(17.499944207221,12.487061979397,
    5.411743390635));
#3609 = CARTESIAN_POINT('',(17.499945097455,12.487165518415,
    5.411654524932));
#3610 = CARTESIAN_POINT('',(17.499945979128,12.487269059223,
    5.411565660636));
#3611 = CARTESIAN_POINT('',(17.499946852238,12.487372601823,
    5.411476797747));
#3612 = CARTESIAN_POINT('',(17.499948613275,12.487583516505,
    5.411295791407));
#3613 = CARTESIAN_POINT('',(17.499949500559,12.487690888723,
    5.411203648061));
#3614 = CARTESIAN_POINT('',(17.499950378634,12.487798262864,
    5.41111150623));
#3615 = CARTESIAN_POINT('',(17.499951247501,12.487905638928,
    5.411019365914));
#3616 = CARTESIAN_POINT('',(17.499952107158,12.488013016915,
    5.410927227115));
#3617 = CARTESIAN_POINT('',(17.49995374724,12.488220098463,
    5.410749540884));
#3618 = CARTESIAN_POINT('',(17.499954528936,12.488319801759,
    5.410663993243));
#3619 = CARTESIAN_POINT('',(17.499955302691,12.488419506712,
    5.410578446911));
#3620 = CARTESIAN_POINT('',(17.499956068505,12.488519213319,
    5.410492901887));
#3621 = CARTESIAN_POINT('',(17.499956826378,12.488618921581,
    5.410407358174));
#3622 = CARTESIAN_POINT('',(17.499958412699,12.488829837001,
    5.410226411154));
#3623 = CARTESIAN_POINT('',(17.499959239211,12.488941044563,
    5.410131008168));
#3624 = CARTESIAN_POINT('',(17.499960055843,12.489052254181,
    5.410035606813));
#3625 = CARTESIAN_POINT('',(17.499960862595,12.489163465853,
    5.409940207088));
#3626 = CARTESIAN_POINT('',(17.499961659467,12.489274679581,
    5.409844808996));
#3627 = CARTESIAN_POINT('',(17.499963070572,12.48947409393,
    5.409673759324));
#3628 = CARTESIAN_POINT('',(17.499963688473,12.489562293789,
    5.409598107138));
#3629 = CARTESIAN_POINT('',(17.499964300158,12.48965049494,5.40952245598
    ));
#3630 = CARTESIAN_POINT('',(17.499964905628,12.489738697381,
    5.409446805849));
#3631 = CARTESIAN_POINT('',(17.499965504883,12.489826901112,
    5.409371156747));
#3632 = CARTESIAN_POINT('',(17.499966742482,12.49001097408,
    5.409213288574));
#3633 = CARTESIAN_POINT('',(17.499967379699,12.490106843551,
    5.40913106969));
#3634 = CARTESIAN_POINT('',(17.499968009573,12.490202714545,
    5.409048852022));
#3635 = CARTESIAN_POINT('',(17.499968632103,12.49029858706,5.40896663557
    ));
#3636 = CARTESIAN_POINT('',(17.49996924729,12.490394461097,
    5.408884420335));
#3637 = CARTESIAN_POINT('',(17.499970511548,12.490593873978,
    5.408713422277));
#3638 = CARTESIAN_POINT('',(17.499971159399,12.490697413076,
    5.408624639657));
#3639 = CARTESIAN_POINT('',(17.499971798685,12.490800953946,
    5.408535858457));
#3640 = CARTESIAN_POINT('',(17.499972429404,12.490904496588,
    5.408447078678));
#3641 = CARTESIAN_POINT('',(17.499973051556,12.491008041002,
    5.408358300321));
#3642 = CARTESIAN_POINT('',(17.499974255953,12.4912112902,5.408184041454
    ));
#3643 = CARTESIAN_POINT('',(17.499974838821,12.491310994856,
    5.40809856084));
#3644 = CARTESIAN_POINT('',(17.499975413745,12.491410701152,
    5.408013081546));
#3645 = CARTESIAN_POINT('',(17.499975980726,12.491510409089,
    5.407927603572));
#3646 = CARTESIAN_POINT('',(17.499976539761,12.491610118666,
    5.407842126918));
#3647 = CARTESIAN_POINT('',(17.499977705477,12.49182103683,5.40766132178
    ));
#3648 = CARTESIAN_POINT('',(17.49997831022,12.491932245816,
    5.407565993617));
#3649 = CARTESIAN_POINT('',(17.49997890508,12.492043456841,
    5.407470667099));
#3650 = CARTESIAN_POINT('',(17.499979490055,12.492154669902,
    5.407375342225));
#3651 = CARTESIAN_POINT('',(17.499980065146,12.492265884999,
    5.407280018998));
#3652 = CARTESIAN_POINT('',(17.499981195506,12.492488309341,
    5.407089384341));
#3653 = CARTESIAN_POINT('',(17.499981750777,12.492599518585,
    5.406994072911));
#3654 = CARTESIAN_POINT('',(17.499982296164,12.492710729863,
    5.406898763129));
#3655 = CARTESIAN_POINT('',(17.499982831665,12.492821943174,
    5.406803454995));
#3656 = CARTESIAN_POINT('',(17.499983357281,12.492933158516,
    5.406708148509));
#3657 = CARTESIAN_POINT('',(17.499984388695,12.493155583339,
    5.406517547343));
#3658 = CARTESIAN_POINT('',(17.499984894494,12.493266792819,
    5.406422252661));
#3659 = CARTESIAN_POINT('',(17.499985390408,12.493378004328,
    5.40632695963));
#3660 = CARTESIAN_POINT('',(17.499985876436,12.493489217866,
    5.40623166825));
#3661 = CARTESIAN_POINT('',(17.499986352577,12.493600433432,
    5.406136378522));
#3662 = CARTESIAN_POINT('',(17.499987252892,12.493815189516,
    5.405952381607));
#3663 = CARTESIAN_POINT('',(17.499987678385,12.493918729764,
    5.405863674201));
#3664 = CARTESIAN_POINT('',(17.499988095307,12.494022271767,
    5.405774968227));
#3665 = CARTESIAN_POINT('',(17.49998850366,12.494125815526,
    5.405686263688));
#3666 = CARTESIAN_POINT('',(17.499988903442,12.494229361039,
    5.405597560583));
#3667 = CARTESIAN_POINT('',(17.499989613393,12.49441727379,
    5.405436588929));
#3668 = CARTESIAN_POINT('',(17.499989926443,12.494501640439,
    5.405364319897));
#3669 = CARTESIAN_POINT('',(17.499990233804,12.494586008251,
    5.405292051818));
#3670 = CARTESIAN_POINT('',(17.499990535474,12.494670377227,
    5.405219784693));
#3671 = CARTESIAN_POINT('',(17.499990831453,12.494754747365,
    5.405147518522));
#3672 = CARTESIAN_POINT('',(17.499991398817,12.494919649578,
    5.405006277436));
#3673 = CARTESIAN_POINT('',(17.499991670708,12.495000181548,
    5.404937302436));
#3674 = CARTESIAN_POINT('',(17.499991937413,12.495080714578,
    5.404868328305));
#3675 = CARTESIAN_POINT('',(17.499992198934,12.495161248665,
    5.404799355045));
#3676 = CARTESIAN_POINT('',(17.499992455269,12.495241783811,
    5.404730382655));
#3677 = CARTESIAN_POINT('',(17.499993053218,12.495433528115,
    5.404566172083));
#3678 = CARTESIAN_POINT('',(17.499993390129,12.495544738234,
    5.404470934689));
#3679 = CARTESIAN_POINT('',(17.499993717152,12.495655950367,
    5.404375698957));
#3680 = CARTESIAN_POINT('',(17.499994034286,12.495767164516,
    5.404280464886));
#3681 = CARTESIAN_POINT('',(17.499994341531,12.495878380678,
    5.404185232478));
#3682 = CARTESIAN_POINT('',(17.499994874698,12.496077799309,
    5.404014479947));
#3683 = CARTESIAN_POINT('',(17.499995104292,12.496166001032,
    5.403938959208));
#3684 = CARTESIAN_POINT('',(17.499995327665,12.49625420402,
    5.403863439515));
#3685 = CARTESIAN_POINT('',(17.499995544817,12.496342408273,
    5.403787920868));
#3686 = CARTESIAN_POINT('',(17.499995755748,12.49643061379,5.40371240327
    ));
#3687 = CARTESIAN_POINT('',(17.499996218549,12.496630028913,
    5.403541677821));
#3688 = CARTESIAN_POINT('',(17.499996466752,12.496741239264,
    5.403446470589));
#3689 = CARTESIAN_POINT('',(17.499996705064,12.496852451623,
    5.403351265024));
#3690 = CARTESIAN_POINT('',(17.499996933486,12.496963665989,
    5.403256061125));
#3691 = CARTESIAN_POINT('',(17.499997152016,12.497074882362,
    5.403160858895));
#3692 = CARTESIAN_POINT('',(17.499997569275,12.497297309185,
    5.402970466275));
#3693 = CARTESIAN_POINT('',(17.499997768004,12.497408519634,
    5.402875275885));
#3694 = CARTESIAN_POINT('',(17.499997956843,12.497519732088,
    5.402780087164));
#3695 = CARTESIAN_POINT('',(17.499998135791,12.497630946545,
    5.402684900114));
#3696 = CARTESIAN_POINT('',(17.499998304846,12.497742163004,
    5.402589714734));
#3697 = CARTESIAN_POINT('',(17.499998623157,12.497964589991,
    5.402399355822));
#3698 = CARTESIAN_POINT('',(17.499998772415,12.498075800517,
    5.402304182289));
#3699 = CARTESIAN_POINT('',(17.49999891178,12.498187013044,
    5.402209010428));
#3700 = CARTESIAN_POINT('',(17.499999041253,12.49829822757,
    5.402113840241));
#3701 = CARTESIAN_POINT('',(17.499999160834,12.498409444094,
    5.402018671728));
#3702 = CARTESIAN_POINT('',(17.499999380197,12.4986318712,5.401828346553
    ));
#3703 = CARTESIAN_POINT('',(17.499999479982,12.498743081781,
    5.401733189892));
#3704 = CARTESIAN_POINT('',(17.499999569874,12.498854294359,
    5.401638034906));
#3705 = CARTESIAN_POINT('',(17.499999649873,12.498965508931,
    5.401542881597));
#3706 = CARTESIAN_POINT('',(17.499999719978,12.499076725498,
    5.401447729965));
#3707 = CARTESIAN_POINT('',(17.499999853455,12.499323279342,
    5.401236797661));
#3708 = CARTESIAN_POINT('',(17.499999912071,12.499458617578,
    5.401121017796));
#3709 = CARTESIAN_POINT('',(17.499999956034,12.499593958764,
    5.401005240418));
#3710 = CARTESIAN_POINT('',(17.499999985344,12.499729302897,
    5.400889465527));
#3711 = CARTESIAN_POINT('',(17.5,12.499864649976,5.400773693125));
#3712 = CARTESIAN_POINT('',(17.5,12.5,5.400657923215));
#3713 = ORIENTED_EDGE('',*,*,#3396,.F.);
#3714 = CYLINDRICAL_SURFACE('',#3715,1.5);
#3715 = AXIS2_PLACEMENT_3D('',#3716,#3717,#3718);
#3716 = CARTESIAN_POINT('',(16.,12.5,0.));
#3717 = DIRECTION('',(-0.,-0.,-1.));
#3718 = DIRECTION('',(1.,0.,0.));
#3719 = ADVANCED_FACE('',(#3720),#3740,.T.);
#3720 = FACE_BOUND('',#3721,.T.);
#3721 = EDGE_LOOP('',(#3722,#3723,#3724,#3732,#3739));
#3722 = ORIENTED_EDGE('',*,*,#1182,.F.);
#3723 = ORIENTED_EDGE('',*,*,#3421,.T.);
#3724 = ORIENTED_EDGE('',*,*,#3725,.F.);
#3725 = EDGE_CURVE('',#3726,#3413,#3728,.T.);
#3726 = VERTEX_POINT('',#3727);
#3727 = CARTESIAN_POINT('',(14.5,19.,3.));
#3728 = LINE('',#3729,#3730);
#3729 = CARTESIAN_POINT('',(14.5,28.874236596195,3.));
#3730 = VECTOR('',#3731,1.);
#3731 = DIRECTION('',(0.,1.,0.));
#3732 = ORIENTED_EDGE('',*,*,#3733,.F.);
#3733 = EDGE_CURVE('',#3437,#3726,#3734,.T.);
#3734 = CIRCLE('',#3735,10.);
#3735 = AXIS2_PLACEMENT_3D('',#3736,#3737,#3738);
#3736 = CARTESIAN_POINT('',(14.5,19.,13.));
#3737 = DIRECTION('',(1.,0.,0.));
#3738 = DIRECTION('',(0.,-1.,0.));
#3739 = ORIENTED_EDGE('',*,*,#3436,.F.);
#3740 = PLANE('',#3741);
#3741 = AXIS2_PLACEMENT_3D('',#3742,#3743,#3744);
#3742 = CARTESIAN_POINT('',(14.5,22.5,0.));
#3743 = DIRECTION('',(1.,0.,0.));
#3744 = DIRECTION('',(0.,-1.,0.));
#3745 = ADVANCED_FACE('',(#3746),#3780,.F.);
#3746 = FACE_BOUND('',#3747,.F.);
#3747 = EDGE_LOOP('',(#3748,#3749,#3757,#3765,#3774));
#3748 = ORIENTED_EDGE('',*,*,#1199,.F.);
#3749 = ORIENTED_EDGE('',*,*,#3750,.T.);
#3750 = EDGE_CURVE('',#1200,#3751,#3753,.T.);
#3751 = VERTEX_POINT('',#3752);
#3752 = CARTESIAN_POINT('',(11.5,38.5,3.));
#3753 = LINE('',#3754,#3755);
#3754 = CARTESIAN_POINT('',(11.5,38.5,0.));
#3755 = VECTOR('',#3756,1.);
#3756 = DIRECTION('',(0.,0.,1.));
#3757 = ORIENTED_EDGE('',*,*,#3758,.F.);
#3758 = EDGE_CURVE('',#3759,#3751,#3761,.T.);
#3759 = VERTEX_POINT('',#3760);
#3760 = CARTESIAN_POINT('',(11.5,19.,3.));
#3761 = LINE('',#3762,#3763);
#3762 = CARTESIAN_POINT('',(11.5,36.874236596195,3.));
#3763 = VECTOR('',#3764,1.);
#3764 = DIRECTION('',(0.,1.,0.));
#3765 = ORIENTED_EDGE('',*,*,#3766,.F.);
#3766 = EDGE_CURVE('',#3767,#3759,#3769,.T.);
#3767 = VERTEX_POINT('',#3768);
#3768 = CARTESIAN_POINT('',(11.5,12.5,5.400657923215));
#3769 = CIRCLE('',#3770,10.);
#3770 = AXIS2_PLACEMENT_3D('',#3771,#3772,#3773);
#3771 = CARTESIAN_POINT('',(11.5,19.,13.));
#3772 = DIRECTION('',(1.,0.,0.));
#3773 = DIRECTION('',(0.,-1.,0.));
#3774 = ORIENTED_EDGE('',*,*,#3775,.F.);
#3775 = EDGE_CURVE('',#1202,#3767,#3776,.T.);
#3776 = LINE('',#3777,#3778);
#3777 = CARTESIAN_POINT('',(11.5,12.5,0.));
#3778 = VECTOR('',#3779,1.);
#3779 = DIRECTION('',(0.,0.,1.));
#3780 = PLANE('',#3781);
#3781 = AXIS2_PLACEMENT_3D('',#3782,#3783,#3784);
#3782 = CARTESIAN_POINT('',(11.5,38.5,0.));
#3783 = DIRECTION('',(1.,0.,0.));
#3784 = DIRECTION('',(0.,-1.,0.));
#3785 = ADVANCED_FACE('',(#3786),#3805,.F.);
#3786 = FACE_BOUND('',#3787,.T.);
#3787 = EDGE_LOOP('',(#3788,#3789,#3790,#3799));
#3788 = ORIENTED_EDGE('',*,*,#1209,.F.);
#3789 = ORIENTED_EDGE('',*,*,#3750,.T.);
#3790 = ORIENTED_EDGE('',*,*,#3791,.F.);
#3791 = EDGE_CURVE('',#3792,#3751,#3794,.T.);
#3792 = VERTEX_POINT('',#3793);
#3793 = CARTESIAN_POINT('',(8.5,38.5,3.));
#3794 = CIRCLE('',#3795,1.5);
#3795 = AXIS2_PLACEMENT_3D('',#3796,#3797,#3798);
#3796 = CARTESIAN_POINT('',(10.,38.5,3.));
#3797 = DIRECTION('',(0.,0.,-1.));
#3798 = DIRECTION('',(1.,0.,0.));
#3799 = ORIENTED_EDGE('',*,*,#3800,.F.);
#3800 = EDGE_CURVE('',#1210,#3792,#3801,.T.);
#3801 = LINE('',#3802,#3803);
#3802 = CARTESIAN_POINT('',(8.5,38.5,0.));
#3803 = VECTOR('',#3804,1.);
#3804 = DIRECTION('',(0.,0.,1.));
#3805 = CYLINDRICAL_SURFACE('',#3806,1.5);
#3806 = AXIS2_PLACEMENT_3D('',#3807,#3808,#3809);
#3807 = CARTESIAN_POINT('',(10.,38.5,0.));
#3808 = DIRECTION('',(-0.,-0.,-1.));
#3809 = DIRECTION('',(1.,0.,0.));
#3810 = ADVANCED_FACE('',(#3811),#3998,.F.);
#3811 = FACE_BOUND('',#3812,.T.);
#3812 = EDGE_LOOP('',(#3813,#3814,#3822,#3997));
#3813 = ORIENTED_EDGE('',*,*,#1226,.F.);
#3814 = ORIENTED_EDGE('',*,*,#3815,.T.);
#3815 = EDGE_CURVE('',#1219,#3816,#3818,.T.);
#3816 = VERTEX_POINT('',#3817);
#3817 = CARTESIAN_POINT('',(8.5,12.5,5.400657923215));
#3818 = LINE('',#3819,#3820);
#3819 = CARTESIAN_POINT('',(8.5,12.5,0.));
#3820 = VECTOR('',#3821,1.);
#3821 = DIRECTION('',(0.,0.,1.));
#3822 = ORIENTED_EDGE('',*,*,#3823,.T.);
#3823 = EDGE_CURVE('',#3816,#3767,#3824,.T.);
#3824 = B_SPLINE_CURVE_WITH_KNOTS('',6,(#3825,#3826,#3827,#3828,#3829,
    #3830,#3831,#3832,#3833,#3834,#3835,#3836,#3837,#3838,#3839,#3840,
    #3841,#3842,#3843,#3844,#3845,#3846,#3847,#3848,#3849,#3850,#3851,
    #3852,#3853,#3854,#3855,#3856,#3857,#3858,#3859,#3860,#3861,#3862,
    #3863,#3864,#3865,#3866,#3867,#3868,#3869,#3870,#3871,#3872,#3873,
    #3874,#3875,#3876,#3877,#3878,#3879,#3880,#3881,#3882,#3883,#3884,
    #3885,#3886,#3887,#3888,#3889,#3890,#3891,#3892,#3893,#3894,#3895,
    #3896,#3897,#3898,#3899,#3900,#3901,#3902,#3903,#3904,#3905,#3906,
    #3907,#3908,#3909,#3910,#3911,#3912,#3913,#3914,#3915,#3916,#3917,
    #3918,#3919,#3920,#3921,#3922,#3923,#3924,#3925,#3926,#3927,#3928,
    #3929,#3930,#3931,#3932,#3933,#3934,#3935,#3936,#3937,#3938,#3939,
    #3940,#3941,#3942,#3943,#3944,#3945,#3946,#3947,#3948,#3949,#3950,
    #3951,#3952,#3953,#3954,#3955,#3956,#3957,#3958,#3959,#3960,#3961,
    #3962,#3963,#3964,#3965,#3966,#3967,#3968,#3969,#3970,#3971,#3972,
    #3973,#3974,#3975,#3976,#3977,#3978,#3979,#3980,#3981,#3982,#3983,
    #3984,#3985,#3986,#3987,#3988,#3989,#3990,#3991,#3992,#3993,#3994,
    #3995,#3996),.UNSPECIFIED.,.F.,.F.,(7,5,5,5,5,5,5,5,5,5,5,5,5,5,5,5,
    5,5,5,5,5,5,5,5,5,5,5,5,5,5,5,5,5,5,7),(0.,5.753599777972E-02,
    0.172058487259,0.281938806928,0.322083597507,0.37700588964,
    0.422426012408,0.448500404968,0.49977592107,0.577062351795,
    0.623104601118,0.679053250539,0.718257482174,0.827817008451,
    0.995123253058,0.995253266785,0.995392899175,0.995465117954,
    0.995638429472,0.995778027615,0.995903174015,0.996312236818,
    0.996576867657,0.99664903195,0.996793350565,0.997043471335,
    0.997250271795,0.997490703092,0.997942613909,0.998269446704,
    0.998461669358,0.998663477685,0.999244732044,0.999384008774,1.),
  .UNSPECIFIED.);
#3825 = CARTESIAN_POINT('',(8.5,12.5,5.400657923215));
#3826 = CARTESIAN_POINT('',(8.5,12.454036036909,5.439972610865));
#3827 = CARTESIAN_POINT('',(8.501690139317,12.40841821693,5.479568973513
    ));
#3828 = CARTESIAN_POINT('',(8.505022730968,12.363204357958,
    5.519394507213));
#3829 = CARTESIAN_POINT('',(8.5099506684,12.318448554627,5.559395420115)
  );
#3830 = CARTESIAN_POINT('',(8.516427425497,12.274201178308,
    5.599516632468));
#3831 = CARTESIAN_POINT('',(8.540290108084,12.143541564518,
    5.719688270739));
#3832 = CARTESIAN_POINT('',(8.562122588876,12.058799832808,
    5.799904249961));
#3833 = CARTESIAN_POINT('',(8.58955711149,11.976531732818,5.880013305753
    ));
#3834 = CARTESIAN_POINT('',(8.622311661269,11.896944988185,
    5.959672018214));
#3835 = CARTESIAN_POINT('',(8.660161294948,11.820233141471,
    6.038506722413));
#3836 = CARTESIAN_POINT('',(8.743964760289,11.675954910016,
    6.190528977277));
#3837 = CARTESIAN_POINT('',(8.789531137604,11.608138194874,
    6.263821675715));
#3838 = CARTESIAN_POINT('',(8.839512893649,11.543267940868,6.33565910735
    ));
#3839 = CARTESIAN_POINT('',(8.893854260714,11.481502516381,6.40566236408
    ));
#3840 = CARTESIAN_POINT('',(8.952536427228,11.423061732085,
    6.473346772355));
#3841 = CARTESIAN_POINT('',(9.038577730625,11.348219475164,
    6.561738176366));
#3842 = CARTESIAN_POINT('',(9.062181535585,11.328675178183,
    6.584999052194));
#3843 = CARTESIAN_POINT('',(9.086366259097,11.309627676129,
    6.607838417712));
#3844 = CARTESIAN_POINT('',(9.11113217232,11.291093176637,6.630223127715
    ));
#3845 = CARTESIAN_POINT('',(9.136479157448,11.273089828741,
    6.652116874699));
#3846 = CARTESIAN_POINT('',(9.197878321084,11.231761408104,
    6.702707447606));
#3847 = CARTESIAN_POINT('',(9.234444296888,11.208911715955,
    6.730948377231));
#3848 = CARTESIAN_POINT('',(9.272093695739,11.187147427194,
    6.758092478921));
#3849 = CARTESIAN_POINT('',(9.310813853026,11.166530974804,
    6.784022242404));
#3850 = CARTESIAN_POINT('',(9.350590378916,11.147128443997,
    6.808613145955));
#3851 = CARTESIAN_POINT('',(9.425162179517,11.114025467408,
    6.850854060557));
#3852 = CARTESIAN_POINT('',(9.459632318865,11.099917899516,
    6.868971038876));
#3853 = CARTESIAN_POINT('',(9.494785454698,11.086736745661,
    6.885996552439));
#3854 = CARTESIAN_POINT('',(9.530588572292,11.074529428859,
    6.901846049497));
#3855 = CARTESIAN_POINT('',(9.567007763901,11.063340918012,6.91643846547
    ));
#3856 = CARTESIAN_POINT('',(9.625249136684,11.047399997911,
    6.937307122078));
#3857 = CARTESIAN_POINT('',(9.646677299204,11.041937211605,
    6.944476745087));
#3858 = CARTESIAN_POINT('',(9.668282835021,11.036834261106,
    6.951189387341));
#3859 = CARTESIAN_POINT('',(9.690054376036,11.032099552859,
    6.957430250689));
#3860 = CARTESIAN_POINT('',(9.711979067348,11.027741007639,
    6.963185443455));
#3861 = CARTESIAN_POINT('',(9.777430628636,11.015949293099,6.97877900542
    ));
#3862 = CARTESIAN_POINT('',(9.821375081974,11.00961224359,6.987192698199
    ));
#3863 = CARTESIAN_POINT('',(9.865740308131,11.004817559854,
    6.993576481632));
#3864 = CARTESIAN_POINT('',(9.910390128297,11.001606482752,
    6.997858080782));
#3865 = CARTESIAN_POINT('',(9.955188464481,11.,7.));
#3866 = CARTESIAN_POINT('',(10.067543418358,11.,7.));
#3867 = CARTESIAN_POINT('',(10.134994626365,11.00364994111,
    6.995133965301));
#3868 = CARTESIAN_POINT('',(10.201937089491,11.01092994295,
    6.985425719232));
#3869 = CARTESIAN_POINT('',(10.267950000154,11.021740223479,
    6.971059931444));
#3870 = CARTESIAN_POINT('',(10.332612758488,11.035889235259,
    6.952377166869));
#3871 = CARTESIAN_POINT('',(10.43297922976,11.063324019211,
    6.916459987899));
#3872 = CARTESIAN_POINT('',(10.469853359956,11.074654646221,
    6.90168210344));
#3873 = CARTESIAN_POINT('',(10.50609577713,11.087029583682,
    6.885615770044));
#3874 = CARTESIAN_POINT('',(10.541671354158,11.100402163549,
    6.868345121313));
#3875 = CARTESIAN_POINT('',(10.576545903373,11.114723148811,
    6.849957935726));
#3876 = CARTESIAN_POINT('',(10.652172033667,11.148432517074,
    6.80695660847));
#3877 = CARTESIAN_POINT('',(10.692579702582,11.168250517204,
    6.781850273102));
#3878 = CARTESIAN_POINT('',(10.731892629253,11.189321452928,
    6.755364929047));
#3879 = CARTESIAN_POINT('',(10.77009610306,11.211576048257,
    6.727631222354));
#3880 = CARTESIAN_POINT('',(10.807177256817,11.234949032166,
    6.698772146606));
#3881 = CARTESIAN_POINT('',(10.868314348076,11.276497756481,
    6.647973221178));
#3882 = CARTESIAN_POINT('',(10.892951247543,11.294138188714,
    6.626543994839));
#3883 = CARTESIAN_POINT('',(10.917035281506,11.312281935204,
    6.604651734903));
#3884 = CARTESIAN_POINT('',(10.940566344882,11.330912278862,
    6.582329920775));
#3885 = CARTESIAN_POINT('',(10.963544711184,11.350014285597,
    6.559609140267));
#3886 = CARTESIAN_POINT('',(11.048643275742,11.424238320839,
    6.471984409687));
#3887 = CARTESIAN_POINT('',(11.107015444816,11.482492824147,
    6.404540316052));
#3888 = CARTESIAN_POINT('',(11.161082192414,11.544042269961,
    6.334801986852));
#3889 = CARTESIAN_POINT('',(11.210824560932,11.608669999386,
    6.263247371538));
#3890 = CARTESIAN_POINT('',(11.25618714105,11.676219638203,
    6.190250594485));
#3891 = CARTESIAN_POINT('',(11.359464103051,11.854015836688,
    6.002909920468));
#3892 = CARTESIAN_POINT('',(11.411461979911,11.968121338275,
    5.886925189479));
#3893 = CARTESIAN_POINT('',(11.452418974152,12.088206044031,
    5.76956096182));
#3894 = CARTESIAN_POINT('',(11.481521176659,12.213580984504,
    5.652001117365));
#3895 = CARTESIAN_POINT('',(11.497745466054,12.343440332464,5.5353426967
    ));
#3896 = CARTESIAN_POINT('',(11.499820051718,12.476765904671,
    5.420592572226));
#3897 = CARTESIAN_POINT('',(11.499821654078,12.476869433405,
    5.42050347048));
#3898 = CARTESIAN_POINT('',(11.49982324789,12.476972963984,5.4204143701)
  );
#3899 = CARTESIAN_POINT('',(11.499824833151,12.477076496408,
    5.420325271085));
#3900 = CARTESIAN_POINT('',(11.499826409863,12.477180030677,
    5.420236173438));
#3901 = CARTESIAN_POINT('',(11.4998296622,12.477394762701,5.420051389365
    ));
#3902 = CARTESIAN_POINT('',(11.499831336513,12.477505960738,
    5.419955703149));
#3903 = CARTESIAN_POINT('',(11.499833000963,12.477617160901,
    5.419860018512));
#3904 = CARTESIAN_POINT('',(11.499834655548,12.477728363188,
    5.419764335453));
#3905 = CARTESIAN_POINT('',(11.499836300269,12.477839567599,
    5.419668653974));
#3906 = CARTESIAN_POINT('',(11.499838780682,12.478008290876,
    5.41952348781));
#3907 = CARTESIAN_POINT('',(11.499839623601,12.478065808185,
    5.419474001967));
#3908 = CARTESIAN_POINT('',(11.499840463881,12.478123326063,
    5.419424516548));
#3909 = CARTESIAN_POINT('',(11.499841301521,12.478180844508,
    5.419375031551));
#3910 = CARTESIAN_POINT('',(11.499842136522,12.478238363521,
    5.419325546978));
#3911 = CARTESIAN_POINT('',(11.499844966395,12.4784339193,5.419157310152
    ));
#3912 = CARTESIAN_POINT('',(11.499846948706,12.478571958767,
    5.419038559914));
#3913 = CARTESIAN_POINT('',(11.499848915815,12.4787100015,5.418919812115
    ));
#3914 = CARTESIAN_POINT('',(11.499850867721,12.478848047497,
    5.418801066756));
#3915 = CARTESIAN_POINT('',(11.499852804422,12.478986096756,
    5.41868232384));
#3916 = CARTESIAN_POINT('',(11.499856273634,12.479235347167,
    5.418467940853));
#3917 = CARTESIAN_POINT('',(11.499857811486,12.479346547174,
    5.418372299923));
#3918 = CARTESIAN_POINT('',(11.499859339471,12.479457749295,
    5.418276660581));
#3919 = CARTESIAN_POINT('',(11.49986085759,12.47956895353,5.418181022825
    ));
#3920 = CARTESIAN_POINT('',(11.499862365841,12.479680159877,
    5.418085386658));
#3921 = CARTESIAN_POINT('',(11.499865207489,12.479891064063,
    5.417904017964));
#3922 = CARTESIAN_POINT('',(11.499866542823,12.479990761487,
    5.417818285126));
#3923 = CARTESIAN_POINT('',(11.499867870226,12.480090460607,
    5.417732553566));
#3924 = CARTESIAN_POINT('',(11.499869189697,12.480190161423,
    5.417646823284));
#3925 = CARTESIAN_POINT('',(11.499870501236,12.480289863934,
    5.417561094281));
#3926 = CARTESIAN_POINT('',(11.499876065907,12.4807154687,5.41719515056)
  );
#3927 = CARTESIAN_POINT('',(11.499880242218,12.481041387366,
    5.416914948233));
#3928 = CARTESIAN_POINT('',(11.499884333758,12.481367324112,
    5.416634759595));
#3929 = CARTESIAN_POINT('',(11.49988834051,12.481693278917,
    5.416354584668));
#3930 = CARTESIAN_POINT('',(11.499892262457,12.482019251757,
    5.416074423474));
#3931 = CARTESIAN_POINT('',(11.499898581895,12.482556132555,
    5.415613043098));
#3932 = CARTESIAN_POINT('',(11.499901028709,12.482767030039,
    5.415431815919));
#3933 = CARTESIAN_POINT('',(11.49990344002,12.482977935055,
    5.415250594502));
#3934 = CARTESIAN_POINT('',(11.499905815824,12.483188847597,
    5.415069378851));
#3935 = CARTESIAN_POINT('',(11.499908156116,12.483399767658,
    5.414888168974));
#3936 = CARTESIAN_POINT('',(11.499911089398,12.483668214753,
    5.414657550886));
#3937 = CARTESIAN_POINT('',(11.499911715264,12.483725734833,
    5.414608137326));
#3938 = CARTESIAN_POINT('',(11.49991233849,12.483783255472,
    5.414558724195));
#3939 = CARTESIAN_POINT('',(11.499912959073,12.483840776669,
    5.414509311495));
#3940 = CARTESIAN_POINT('',(11.499913577016,12.483898298424,
    5.414459899225));
#3941 = CARTESIAN_POINT('',(11.499915422833,12.484070857417,
    5.414311670532));
#3942 = CARTESIAN_POINT('',(11.499916642785,12.484185896328,
    5.414212855399));
#3943 = CARTESIAN_POINT('',(11.499917852171,12.484300937471,
    5.414114041988));
#3944 = CARTESIAN_POINT('',(11.499919050991,12.484415980844,5.4140152303
    ));
#3945 = CARTESIAN_POINT('',(11.499920239244,12.484531026447,
    5.413916420335));
#3946 = CARTESIAN_POINT('',(11.499923457995,12.484845465411,
    5.413646366039));
#3947 = CARTESIAN_POINT('',(11.499925467317,12.485044863237,
    5.413475125164));
#3948 = CARTESIAN_POINT('',(11.499927444894,12.485244267751,
    5.413303889473));
#3949 = CARTESIAN_POINT('',(11.499929390722,12.485443678948,
    5.413132658971));
#3950 = CARTESIAN_POINT('',(11.499931304795,12.485643096822,
    5.412961433662));
#3951 = CARTESIAN_POINT('',(11.499934743415,12.486007406066,
    5.412648648349));
#3952 = CARTESIAN_POINT('',(11.49993627801,12.486172295326,5.4125070867)
  );
#3953 = CARTESIAN_POINT('',(11.499937790892,12.486337189143,
    5.412365528607));
#3954 = CARTESIAN_POINT('',(11.499939282061,12.486502087516,
    5.412223974073));
#3955 = CARTESIAN_POINT('',(11.499940751514,12.48666699044,
    5.412082423102));
#3956 = CARTESIAN_POINT('',(11.499943882421,12.487023623394,
    5.411776309201));
#3957 = CARTESIAN_POINT('',(11.499945536236,12.487215355023,
    5.411611747525));
#3958 = CARTESIAN_POINT('',(11.499947160692,12.487407092796,
    5.411447190672));
#3959 = CARTESIAN_POINT('',(11.499948755785,12.487598836708,
    5.411282638646));
#3960 = CARTESIAN_POINT('',(11.499950321511,12.487790586755,
    5.411118091452));
#3961 = CARTESIAN_POINT('',(11.499954745577,12.488342764772,
    5.410644277908));
#3962 = CARTESIAN_POINT('',(11.499957529527,12.488703208268,
    5.410335023806));
#3963 = CARTESIAN_POINT('',(11.499960209696,12.489063673387,
    5.410025786816));
#3964 = CARTESIAN_POINT('',(11.499962786058,12.489424160098,
    5.409716566966));
#3965 = CARTESIAN_POINT('',(11.499965258593,12.489784668369,
    5.409407364285));
#3966 = CARTESIAN_POINT('',(11.499969340367,12.490405942009,
    5.408874568408));
#3967 = CARTESIAN_POINT('',(11.499970999137,12.49066669711,5.40865096701
    ));
#3968 = CARTESIAN_POINT('',(11.499972603579,12.49092746346,
    5.408427374618));
#3969 = CARTESIAN_POINT('',(11.499974153685,12.491188241047,
    5.408203791242));
#3970 = CARTESIAN_POINT('',(11.499975649445,12.491449029858,
    5.407980216895));
#3971 = CARTESIAN_POINT('',(11.499977938597,12.49186321618,
    5.407625164423));
#3972 = CARTESIAN_POINT('',(11.499978767541,12.492016606357,
    5.407493680386));
#3973 = CARTESIAN_POINT('',(11.499979577682,12.49217000041,
    5.407362199479));
#3974 = CARTESIAN_POINT('',(11.499980369018,12.492323398336,
    5.407230721702));
#3975 = CARTESIAN_POINT('',(11.499981141547,12.492476800134,
    5.407099247058));
#3976 = CARTESIAN_POINT('',(11.499982686576,12.492791261432,
    5.406829747879));
#3977 = CARTESIAN_POINT('',(11.499983457153,12.492952321327,
    5.406691723664));
#3978 = CARTESIAN_POINT('',(11.499984206996,12.493113385484,
    5.406553702908));
#3979 = CARTESIAN_POINT('',(11.499984936105,12.4932744539,5.406415685612
    ));
#3980 = CARTESIAN_POINT('',(11.499985644476,12.493435526571,
    5.40627767178));
#3981 = CARTESIAN_POINT('',(11.499988312649,12.494060542053,
    5.405742159844));
#3982 = CARTESIAN_POINT('',(11.499990121143,12.494524515891,
    5.405344687027));
#3983 = CARTESIAN_POINT('',(11.499991757544,12.494988524941,
    5.404947243024));
#3984 = CARTESIAN_POINT('',(11.499993221803,12.495452569136,
    5.404549827897));
#3985 = CARTESIAN_POINT('',(11.499994513871,12.495916648408,
    5.404152441706));
#3986 = CARTESIAN_POINT('',(11.499995902028,12.496491971005,
    5.403659872134));
#3987 = CARTESIAN_POINT('',(11.499996160466,12.496603181333,
    5.403564661419));
#3988 = CARTESIAN_POINT('',(11.499996409014,12.496714393669,
    5.40346945237));
#3989 = CARTESIAN_POINT('',(11.499996647672,12.496825608014,
    5.403374244988));
#3990 = CARTESIAN_POINT('',(11.499996876438,12.496936824366,
    5.403279039273));
#3991 = CARTESIAN_POINT('',(11.499998063351,12.497539937764,
    5.402762768066));
#3992 = CARTESIAN_POINT('',(11.499998837895,12.498031872048,
    5.402341733538));
#3993 = CARTESIAN_POINT('',(11.49999941889,12.498523845495,
    5.401920731717));
#3994 = CARTESIAN_POINT('',(11.499999806278,12.499015858024,
    5.401499762673));
#3995 = CARTESIAN_POINT('',(11.5,12.499507909553,5.401078826482));
#3996 = CARTESIAN_POINT('',(11.5,12.5,5.400657923215));
#3997 = ORIENTED_EDGE('',*,*,#3775,.F.);
#3998 = CYLINDRICAL_SURFACE('',#3999,1.5);
#3999 = AXIS2_PLACEMENT_3D('',#4000,#4001,#4002);
#4000 = CARTESIAN_POINT('',(10.,12.5,0.));
#4001 = DIRECTION('',(-0.,-0.,-1.));
#4002 = DIRECTION('',(1.,0.,0.));
#4003 = ADVANCED_FACE('',(#4004),#4024,.T.);
#4004 = FACE_BOUND('',#4005,.T.);
#4005 = EDGE_LOOP('',(#4006,#4007,#4008,#4016,#4023));
#4006 = ORIENTED_EDGE('',*,*,#1218,.F.);
#4007 = ORIENTED_EDGE('',*,*,#3800,.T.);
#4008 = ORIENTED_EDGE('',*,*,#4009,.F.);
#4009 = EDGE_CURVE('',#4010,#3792,#4012,.T.);
#4010 = VERTEX_POINT('',#4011);
#4011 = CARTESIAN_POINT('',(8.5,19.,3.));
#4012 = LINE('',#4013,#4014);
#4013 = CARTESIAN_POINT('',(8.5,36.874236596195,3.));
#4014 = VECTOR('',#4015,1.);
#4015 = DIRECTION('',(0.,1.,0.));
#4016 = ORIENTED_EDGE('',*,*,#4017,.F.);
#4017 = EDGE_CURVE('',#3816,#4010,#4018,.T.);
#4018 = CIRCLE('',#4019,10.);
#4019 = AXIS2_PLACEMENT_3D('',#4020,#4021,#4022);
#4020 = CARTESIAN_POINT('',(8.5,19.,13.));
#4021 = DIRECTION('',(1.,0.,0.));
#4022 = DIRECTION('',(0.,-1.,0.));
#4023 = ORIENTED_EDGE('',*,*,#3815,.F.);
#4024 = PLANE('',#4025);
#4025 = AXIS2_PLACEMENT_3D('',#4026,#4027,#4028);
#4026 = CARTESIAN_POINT('',(8.5,38.5,0.));
#4027 = DIRECTION('',(1.,0.,0.));
#4028 = DIRECTION('',(0.,-1.,0.));
#4029 = ADVANCED_FACE('',(#4030),#4064,.F.);
#4030 = FACE_BOUND('',#4031,.F.);
#4031 = EDGE_LOOP('',(#4032,#4033,#4041,#4050,#4058));
#4032 = ORIENTED_EDGE('',*,*,#1235,.F.);
#4033 = ORIENTED_EDGE('',*,*,#4034,.T.);
#4034 = EDGE_CURVE('',#1236,#4035,#4037,.T.);
#4035 = VERTEX_POINT('',#4036);
#4036 = CARTESIAN_POINT('',(92.,57.5,5.400657923215));
#4037 = LINE('',#4038,#4039);
#4038 = CARTESIAN_POINT('',(92.,57.5,0.));
#4039 = VECTOR('',#4040,1.);
#4040 = DIRECTION('',(0.,0.,1.));
#4041 = ORIENTED_EDGE('',*,*,#4042,.F.);
#4042 = EDGE_CURVE('',#4043,#4035,#4045,.T.);
#4043 = VERTEX_POINT('',#4044);
#4044 = CARTESIAN_POINT('',(92.,51.,3.));
#4045 = CIRCLE('',#4046,10.);
#4046 = AXIS2_PLACEMENT_3D('',#4047,#4048,#4049);
#4047 = CARTESIAN_POINT('',(92.,51.,13.));
#4048 = DIRECTION('',(1.,0.,0.));
#4049 = DIRECTION('',(0.,1.,0.));
#4050 = ORIENTED_EDGE('',*,*,#4051,.F.);
#4051 = EDGE_CURVE('',#4052,#4043,#4054,.T.);
#4052 = VERTEX_POINT('',#4053);
#4053 = CARTESIAN_POINT('',(92.,31.5,3.));
#4054 = LINE('',#4055,#4056);
#4055 = CARTESIAN_POINT('',(92.,46.374236596195,3.));
#4056 = VECTOR('',#4057,1.);
#4057 = DIRECTION('',(0.,1.,0.));
#4058 = ORIENTED_EDGE('',*,*,#4059,.F.);
#4059 = EDGE_CURVE('',#1238,#4052,#4060,.T.);
#4060 = LINE('',#4061,#4062);
#4061 = CARTESIAN_POINT('',(92.,31.5,0.));
#4062 = VECTOR('',#4063,1.);
#4063 = DIRECTION('',(0.,0.,1.));
#4064 = PLANE('',#4065);
#4065 = AXIS2_PLACEMENT_3D('',#4066,#4067,#4068);
#4066 = CARTESIAN_POINT('',(92.,57.5,0.));
#4067 = DIRECTION('',(1.,0.,0.));
#4068 = DIRECTION('',(0.,-1.,0.));
#4069 = ADVANCED_FACE('',(#4070),#4337,.F.);
#4070 = FACE_BOUND('',#4071,.T.);
#4071 = EDGE_LOOP('',(#4072,#4073,#4074,#4331));
#4072 = ORIENTED_EDGE('',*,*,#1245,.F.);
#4073 = ORIENTED_EDGE('',*,*,#4034,.T.);
#4074 = ORIENTED_EDGE('',*,*,#4075,.T.);
#4075 = EDGE_CURVE('',#4035,#4076,#4078,.T.);
#4076 = VERTEX_POINT('',#4077);
#4077 = CARTESIAN_POINT('',(89.,57.5,5.400657923215));
#4078 = B_SPLINE_CURVE_WITH_KNOTS('',6,(#4079,#4080,#4081,#4082,#4083,
    #4084,#4085,#4086,#4087,#4088,#4089,#4090,#4091,#4092,#4093,#4094,
    #4095,#4096,#4097,#4098,#4099,#4100,#4101,#4102,#4103,#4104,#4105,
    #4106,#4107,#4108,#4109,#4110,#4111,#4112,#4113,#4114,#4115,#4116,
    #4117,#4118,#4119,#4120,#4121,#4122,#4123,#4124,#4125,#4126,#4127,
    #4128,#4129,#4130,#4131,#4132,#4133,#4134,#4135,#4136,#4137,#4138,
    #4139,#4140,#4141,#4142,#4143,#4144,#4145,#4146,#4147,#4148,#4149,
    #4150,#4151,#4152,#4153,#4154,#4155,#4156,#4157,#4158,#4159,#4160,
    #4161,#4162,#4163,#4164,#4165,#4166,#4167,#4168,#4169,#4170,#4171,
    #4172,#4173,#4174,#4175,#4176,#4177,#4178,#4179,#4180,#4181,#4182,
    #4183,#4184,#4185,#4186,#4187,#4188,#4189,#4190,#4191,#4192,#4193,
    #4194,#4195,#4196,#4197,#4198,#4199,#4200,#4201,#4202,#4203,#4204,
    #4205,#4206,#4207,#4208,#4209,#4210,#4211,#4212,#4213,#4214,#4215,
    #4216,#4217,#4218,#4219,#4220,#4221,#4222,#4223,#4224,#4225,#4226,
    #4227,#4228,#4229,#4230,#4231,#4232,#4233,#4234,#4235,#4236,#4237,
    #4238,#4239,#4240,#4241,#4242,#4243,#4244,#4245,#4246,#4247,#4248,
    #4249,#4250,#4251,#4252,#4253,#4254,#4255,#4256,#4257,#4258,#4259,
    #4260,#4261,#4262,#4263,#4264,#4265,#4266,#4267,#4268,#4269,#4270,
    #4271,#4272,#4273,#4274,#4275,#4276,#4277,#4278,#4279,#4280,#4281,
    #4282,#4283,#4284,#4285,#4286,#4287,#4288,#4289,#4290,#4291,#4292,
    #4293,#4294,#4295,#4296,#4297,#4298,#4299,#4300,#4301,#4302,#4303,
    #4304,#4305,#4306,#4307,#4308,#4309,#4310,#4311,#4312,#4313,#4314,
    #4315,#4316,#4317,#4318,#4319,#4320,#4321,#4322,#4323,#4324,#4325,
    #4326,#4327,#4328,#4329,#4330),.UNSPECIFIED.,.F.,.F.,(7,5,5,5,5,5,5,
    5,5,5,5,5,5,5,5,5,5,5,5,5,5,5,5,5,5,5,5,5,5,5,5,5,5,5,5,5,5,5,5,5,5,
    5,5,5,5,5,5,5,5,5,7),(0.,5.753596921005E-02,0.172058395176,
    0.281938653907,0.322083422222,0.377005696087,0.422425813844,
    0.448500203528,0.499775713973,0.577062136172,0.623104380417,
    0.679053036249,0.718257281655,0.827816846418,0.9950750861,
    0.995214734637,0.995325481548,0.995450664306,0.995590279457,
    0.995729882193,0.995869472513,0.996009050416,0.996148615901,
    0.996288168966,0.996427709612,0.996557615599,0.996697132258,
    0.996836636494,0.996976128306,0.997115607693,0.997255074654,
    0.997394529189,0.997533971296,0.997630131025,0.997769552131,
    0.997908960808,0.998048357054,0.998187740868,0.998327112249,
    0.998466471197,0.998605817712,0.998745151791,0.998884473435,
    0.999023782642,0.999163079413,0.999302363745,0.999436833368,
    0.999576093251,0.999715340696,0.999849774699,1.),.UNSPECIFIED.);
#4079 = CARTESIAN_POINT('',(92.,57.5,5.400657923215));
#4080 = CARTESIAN_POINT('',(92.,57.545963960415,5.439972608575));
#4081 = CARTESIAN_POINT('',(91.998309860435,57.591581783713,
    5.47956897415));
#4082 = CARTESIAN_POINT('',(91.9949772688,57.636795644654,5.519394509529
    ));
#4083 = CARTESIAN_POINT('',(91.990049331724,57.681551446128,
    5.559395420718));
#4084 = CARTESIAN_POINT('',(91.983572574966,57.725798819157,
    5.599516630136));
#4085 = CARTESIAN_POINT('',(91.959709891916,57.856458435482,
    5.719688270739));
#4086 = CARTESIAN_POINT('',(91.937877411124,57.941200167192,
    5.799904249961));
#4087 = CARTESIAN_POINT('',(91.91044288851,58.023468267182,
    5.880013305753));
#4088 = CARTESIAN_POINT('',(91.877688338731,58.103055011815,
    5.959672018214));
#4089 = CARTESIAN_POINT('',(91.839838705052,58.179766858529,
    6.038506722413));
#4090 = CARTESIAN_POINT('',(91.756035239711,58.324045089983,
    6.190528977277));
#4091 = CARTESIAN_POINT('',(91.710468862396,58.391861805126,
    6.263821675715));
#4092 = CARTESIAN_POINT('',(91.660487106351,58.456732059132,
    6.33565910735));
#4093 = CARTESIAN_POINT('',(91.606145739286,58.518497483619,
    6.40566236408));
#4094 = CARTESIAN_POINT('',(91.547463572772,58.576938267915,
    6.473346772355));
#4095 = CARTESIAN_POINT('',(91.461422269375,58.651780524836,
    6.561738176366));
#4096 = CARTESIAN_POINT('',(91.437818464415,58.671324821817,
    6.584999052194));
#4097 = CARTESIAN_POINT('',(91.413633740903,58.690372323871,
    6.607838417712));
#4098 = CARTESIAN_POINT('',(91.38886782768,58.708906823363,
    6.630223127715));
#4099 = CARTESIAN_POINT('',(91.363520842552,58.726910171259,
    6.652116874699));
#4100 = CARTESIAN_POINT('',(91.302121671042,58.768238597196,
    6.702707454094));
#4101 = CARTESIAN_POINT('',(91.265555705845,58.791088283314,
    6.730948376223));
#4102 = CARTESIAN_POINT('',(91.227906312725,58.812852568148,
    6.75809247311));
#4103 = CARTESIAN_POINT('',(91.189186148747,58.833469023447,
    6.784022240316));
#4104 = CARTESIAN_POINT('',(91.149409612011,58.852871560031,
    6.808613151095));
#4105 = CARTESIAN_POINT('',(91.074837820483,58.885974532592,
    6.850854060557));
#4106 = CARTESIAN_POINT('',(91.040367681135,58.900082100484,
    6.868971038876));
#4107 = CARTESIAN_POINT('',(91.005214545302,58.913263254339,
    6.885996552439));
#4108 = CARTESIAN_POINT('',(90.969411427708,58.925470571141,
    6.901846049497));
#4109 = CARTESIAN_POINT('',(90.932992236099,58.936659081988,
    6.91643846547));
#4110 = CARTESIAN_POINT('',(90.874750863316,58.952600002089,
    6.937307122078));
#4111 = CARTESIAN_POINT('',(90.853322700796,58.958062788395,
    6.944476745087));
#4112 = CARTESIAN_POINT('',(90.831717164979,58.963165738894,
    6.951189387341));
#4113 = CARTESIAN_POINT('',(90.809945623965,58.967900447141,
    6.957430250689));
#4114 = CARTESIAN_POINT('',(90.788020932652,58.972258992361,
    6.963185443455));
#4115 = CARTESIAN_POINT('',(90.722569371364,58.984050706901,
    6.97877900542));
#4116 = CARTESIAN_POINT('',(90.678624918026,58.99038775641,
    6.987192698199));
#4117 = CARTESIAN_POINT('',(90.634259691869,58.995182440146,
    6.993576481632));
#4118 = CARTESIAN_POINT('',(90.589609871703,58.998393517248,
    6.997858080782));
#4119 = CARTESIAN_POINT('',(90.544811535519,59.,7.));
#4120 = CARTESIAN_POINT('',(90.432456581642,59.,7.));
#4121 = CARTESIAN_POINT('',(90.365005373635,58.99635005889,
    6.995133965301));
#4122 = CARTESIAN_POINT('',(90.298062910509,58.98907005705,
    6.985425719232));
#4123 = CARTESIAN_POINT('',(90.232049999846,58.978259776521,
    6.971059931444));
#4124 = CARTESIAN_POINT('',(90.167387241512,58.964110764741,
    6.952377166869));
#4125 = CARTESIAN_POINT('',(90.06702077024,58.936675980789,
    6.916459987899));
#4126 = CARTESIAN_POINT('',(90.030146640044,58.925345353779,
    6.90168210344));
#4127 = CARTESIAN_POINT('',(89.99390422287,58.912970416318,
    6.885615770044));
#4128 = CARTESIAN_POINT('',(89.958328645842,58.899597836451,
    6.868345121313));
#4129 = CARTESIAN_POINT('',(89.923454096627,58.885276851189,
    6.849957935726));
#4130 = CARTESIAN_POINT('',(89.847827957001,58.851567478766,
    6.806956603164));
#4131 = CARTESIAN_POINT('',(89.807420299383,58.831749484713,
    6.78185027539));
#4132 = CARTESIAN_POINT('',(89.76810737954,58.810678551957,
    6.755364935134));
#4133 = CARTESIAN_POINT('',(89.729903899565,58.788423952362,
    6.727631223231));
#4134 = CARTESIAN_POINT('',(89.692822734676,58.765050962053,
    6.698772139537));
#4135 = CARTESIAN_POINT('',(89.631685651924,58.723502243519,
    6.647973221178));
#4136 = CARTESIAN_POINT('',(89.607048752457,58.705861811286,
    6.626543994839));
#4137 = CARTESIAN_POINT('',(89.582964718494,58.687718064796,
    6.604651734903));
#4138 = CARTESIAN_POINT('',(89.559433655118,58.669087721138,
    6.582329920775));
#4139 = CARTESIAN_POINT('',(89.536455288816,58.649985714403,
    6.559609140267));
#4140 = CARTESIAN_POINT('',(89.451356724258,58.575761679161,
    6.471984409687));
#4141 = CARTESIAN_POINT('',(89.392984555184,58.517507175853,
    6.404540316052));
#4142 = CARTESIAN_POINT('',(89.338917807586,58.455957730039,
    6.334801986852));
#4143 = CARTESIAN_POINT('',(89.289175439068,58.391330000613,
    6.263247371538));
#4144 = CARTESIAN_POINT('',(89.24381285895,58.323780361797,
    6.190250594485));
#4145 = CARTESIAN_POINT('',(89.140553825748,58.146015028591,
    6.00294244266));
#4146 = CARTESIAN_POINT('',(89.088567975443,58.031944356858,
    5.886991972049));
#4147 = CARTESIAN_POINT('',(89.047616464517,57.911897801274,
    5.769662462264));
#4148 = CARTESIAN_POINT('',(89.018512395374,57.786563638253,
    5.652136725709));
#4149 = CARTESIAN_POINT('',(89.002277898055,57.656746813134,
    5.535510812048));
#4150 = CARTESIAN_POINT('',(89.000183409496,57.52345649627,
    5.420783987588));
#4151 = CARTESIAN_POINT('',(89.00018167207,57.5233452992,5.420688280467)
  );
#4152 = CARTESIAN_POINT('',(89.000179944507,57.5232341,5.420592574921));
#4153 = CARTESIAN_POINT('',(89.000178226806,57.523122898669,
    5.420496870949));
#4154 = CARTESIAN_POINT('',(89.000176518969,57.52301169521,
    5.420401168553));
#4155 = CARTESIAN_POINT('',(89.000173474435,57.522812299116,
    5.420229573131));
#4156 = CARTESIAN_POINT('',(89.000172134078,57.522724107271,
    5.42015367952));
#4157 = CARTESIAN_POINT('',(89.000170799925,57.522635914088,
    5.420077786902));
#4158 = CARTESIAN_POINT('',(89.000169471977,57.522547719567,
    5.420001895276));
#4159 = CARTESIAN_POINT('',(89.000168150233,57.52245952371,
    5.419926004642));
#4160 = CARTESIAN_POINT('',(89.000165347676,57.522271632828,
    5.419764333155));
#4161 = CARTESIAN_POINT('',(89.000163868585,57.522171937432,
    5.419678552578));
#4162 = CARTESIAN_POINT('',(89.000162397424,57.522072240329,
    5.41959277327));
#4163 = CARTESIAN_POINT('',(89.000160934191,57.52197254152,
    5.419506995232));
#4164 = CARTESIAN_POINT('',(89.000159478888,57.521872841005,
    5.419421218465));
#4165 = CARTESIAN_POINT('',(89.000156417274,57.521661941838,
    5.419239778367));
#4166 = CARTESIAN_POINT('',(89.000154812897,57.521550742771,
    5.419144115346));
#4167 = CARTESIAN_POINT('',(89.000153218385,57.521439541583,
    5.419048453907));
#4168 = CARTESIAN_POINT('',(89.000151633739,57.521328338277,
    5.418952794052));
#4169 = CARTESIAN_POINT('',(89.000150058958,57.521217132852,
    5.41885713578));
#4170 = CARTESIAN_POINT('',(89.00014692927,57.520994727658,
    5.418665830913));
#4171 = CARTESIAN_POINT('',(89.000145374361,57.520883527888,
    5.418570184316));
#4172 = CARTESIAN_POINT('',(89.000143829317,57.520772326003,
    5.418474539305));
#4173 = CARTESIAN_POINT('',(89.00014229414,57.520661122002,5.41837889588
    ));
#4174 = CARTESIAN_POINT('',(89.00014076883,57.520549915888,
    5.418283254043));
#4175 = CARTESIAN_POINT('',(89.00013773808,57.520327509323,
    5.418091982048));
#4176 = CARTESIAN_POINT('',(89.000136232638,57.520216308873,
    5.417996351892));
#4177 = CARTESIAN_POINT('',(89.000134737064,57.520105106311,
    5.417900723324));
#4178 = CARTESIAN_POINT('',(89.000133251356,57.519993901639,
    5.417805096345));
#4179 = CARTESIAN_POINT('',(89.000131775517,57.519882694856,
    5.417709470956));
#4180 = CARTESIAN_POINT('',(89.000128843706,57.519660286965,
    5.417518231866));
#4181 = CARTESIAN_POINT('',(89.000127387732,57.519549085857,
    5.417422618165));
#4182 = CARTESIAN_POINT('',(89.000125941627,57.519437882641,
    5.417327006055));
#4183 = CARTESIAN_POINT('',(89.000124505389,57.519326677318,
    5.417231395538));
#4184 = CARTESIAN_POINT('',(89.000123079021,57.51921546989,
    5.417135786613));
#4185 = CARTESIAN_POINT('',(89.000120246149,57.518993060716,
    5.416944580459));
#4186 = CARTESIAN_POINT('',(89.000118839644,57.518881858972,
    5.416848983228));
#4187 = CARTESIAN_POINT('',(89.000117443008,57.518770655124,
    5.416753387592));
#4188 = CARTESIAN_POINT('',(89.000116056241,57.518659449174,
    5.416657793551));
#4189 = CARTESIAN_POINT('',(89.000114679343,57.518548241121,
    5.416562201107));
#4190 = CARTESIAN_POINT('',(89.000111945412,57.518325830709,
    5.416371027917));
#4191 = CARTESIAN_POINT('',(89.000110588376,57.518214628351,
    5.416275447173));
#4192 = CARTESIAN_POINT('',(89.000109241209,57.518103423893,
    5.416179868026));
#4193 = CARTESIAN_POINT('',(89.000107903913,57.517992217336,
    5.416084290477));
#4194 = CARTESIAN_POINT('',(89.000106576487,57.517881008681,
    5.415988714527));
#4195 = CARTESIAN_POINT('',(89.000103941496,57.517658597076,
    5.415797574335));
#4196 = CARTESIAN_POINT('',(89.000102633929,57.517547394125,
    5.415702010091));
#4197 = CARTESIAN_POINT('',(89.000101336232,57.517436189079,
    5.415606447449));
#4198 = CARTESIAN_POINT('',(89.000100048406,57.517324981938,
    5.415510886407));
#4199 = CARTESIAN_POINT('',(89.000098770452,57.517213772703,
    5.415415326968));
#4200 = CARTESIAN_POINT('',(89.000096321845,57.516999028693,
    5.415230809138));
#4201 = CARTESIAN_POINT('',(89.000095149875,57.516895494197,
    5.415141850534));
#4202 = CARTESIAN_POINT('',(89.000093986462,57.516791957888,
    5.41505289332));
#4203 = CARTESIAN_POINT('',(89.000092831606,57.516688419767,
    5.414963937496));
#4204 = CARTESIAN_POINT('',(89.000091685308,57.516584879834,
    5.414874983064));
#4205 = CARTESIAN_POINT('',(89.000089325656,57.516370136147,
    5.414690496082));
#4206 = CARTESIAN_POINT('',(89.000088113616,57.516258932115,
    5.414594963747));
#4207 = CARTESIAN_POINT('',(89.000086911448,57.516147725996,
    5.414499433018));
#4208 = CARTESIAN_POINT('',(89.000085719153,57.516036517789,
    5.414403903896));
#4209 = CARTESIAN_POINT('',(89.000084536732,57.515925307497,
    5.414308376383));
#4210 = CARTESIAN_POINT('',(89.000082191742,57.515702892644,
    5.41411733308));
#4211 = CARTESIAN_POINT('',(89.000081029171,57.515591688085,
    5.414021817291));
#4212 = CARTESIAN_POINT('',(89.000079876474,57.515480481442,
    5.413926303111));
#4213 = CARTESIAN_POINT('',(89.000078733651,57.515369272716,
    5.413830790541));
#4214 = CARTESIAN_POINT('',(89.000077600702,57.515258061908,
    5.413735279583));
#4215 = CARTESIAN_POINT('',(89.000075354654,57.515035646034,
    5.413544269397));
#4216 = CARTESIAN_POINT('',(89.000074241554,57.514924440969,
    5.413448770169));
#4217 = CARTESIAN_POINT('',(89.000073138327,57.514813233824,
    5.413353272554));
#4218 = CARTESIAN_POINT('',(89.000072044976,57.5147020246,5.413257776552
    ));
#4219 = CARTESIAN_POINT('',(89.0000709615,57.514590813299,5.413162282165
    ));
#4220 = CARTESIAN_POINT('',(89.000068814395,57.514368396448,
    5.412971305126));
#4221 = CARTESIAN_POINT('',(89.000067750765,57.514257190899,
    5.412875822475));
#4222 = CARTESIAN_POINT('',(89.000066697009,57.514145983275,
    5.412780341439));
#4223 = CARTESIAN_POINT('',(89.00006565313,57.514034773576,5.41268486202
    ));
#4224 = CARTESIAN_POINT('',(89.000064619126,57.513923561803,
    5.412589384219));
#4225 = CARTESIAN_POINT('',(89.000062570965,57.513701144019,
    5.412398440358));
#4226 = CARTESIAN_POINT('',(89.000061556805,57.513589938009,
    5.412302974298));
#4227 = CARTESIAN_POINT('',(89.000060552521,57.513478729926,
    5.412207509858));
#4228 = CARTESIAN_POINT('',(89.000059558114,57.513367519774,
    5.412112047037));
#4229 = CARTESIAN_POINT('',(89.000058573584,57.513256307551,
    5.412016585836));
#4230 = CARTESIAN_POINT('',(89.000056624366,57.513033888878,
    5.411825675184));
#4231 = CARTESIAN_POINT('',(89.000055659677,57.512922682428,
    5.411730225732));
#4232 = CARTESIAN_POINT('',(89.000054704864,57.512811473911,
    5.411634777901));
#4233 = CARTESIAN_POINT('',(89.000053759929,57.512700263326,
    5.411539331694));
#4234 = CARTESIAN_POINT('',(89.000052824873,57.512589050676,
    5.41144388711));
#4235 = CARTESIAN_POINT('',(89.000050974599,57.512366631158,
    5.411253009696));
#4236 = CARTESIAN_POINT('',(89.000050059381,57.512255424291,
    5.411157576866));
#4237 = CARTESIAN_POINT('',(89.00004915404,57.512144215359,
    5.411062145661));
#4238 = CARTESIAN_POINT('',(89.000048258578,57.512033004366,
    5.410966716082));
#4239 = CARTESIAN_POINT('',(89.000047372994,57.51192179131,5.41087128813
    ));
#4240 = CARTESIAN_POINT('',(89.000045893403,57.51173388189,
    5.410710055502));
#4241 = CARTESIAN_POINT('',(89.000045294213,57.511657186605,
    5.410644249973));
#4242 = CARTESIAN_POINT('',(89.000044699722,57.511580490341,
    5.410578445218));
#4243 = CARTESIAN_POINT('',(89.00004410993,57.511503793098,
    5.410512641238));
#4244 = CARTESIAN_POINT('',(89.000043524836,57.511427094876,
    5.410446838032));
#4245 = CARTESIAN_POINT('',(89.000042102934,57.511239190208,
    5.410285629264));
#4246 = CARTESIAN_POINT('',(89.000041271304,57.511127982685,
    5.410190224554));
#4247 = CARTESIAN_POINT('',(89.000040449554,57.511016773105,
    5.410094821476));
#4248 = CARTESIAN_POINT('',(89.000039637684,57.510905561469,
    5.409999420028));
#4249 = CARTESIAN_POINT('',(89.000038835694,57.510794347779,
    5.409904020212));
#4250 = CARTESIAN_POINT('',(89.000037251548,57.510571926206,
    5.40971323235));
#4251 = CARTESIAN_POINT('',(89.00003646939,57.510460718324,
    5.409617844304));
#4252 = CARTESIAN_POINT('',(89.000035697112,57.51034950839,
    5.409522457892));
#4253 = CARTESIAN_POINT('',(89.000034934714,57.510238296404,
    5.409427073113));
#4254 = CARTESIAN_POINT('',(89.000034182199,57.510127082367,
    5.40933168997));
#4255 = CARTESIAN_POINT('',(89.000032696998,57.509904660112,
    5.409140935459));
#4256 = CARTESIAN_POINT('',(89.000031964311,57.509793451893,
    5.409045564092));
#4257 = CARTESIAN_POINT('',(89.000031241505,57.509682241626,
    5.408950194361));
#4258 = CARTESIAN_POINT('',(89.000030528581,57.509571029312,
    5.408854826267));
#4259 = CARTESIAN_POINT('',(89.00002982554,57.509459814951,
    5.408759459812));
#4260 = CARTESIAN_POINT('',(89.000028439284,57.509237392057,
    5.408568738683));
#4261 = CARTESIAN_POINT('',(89.000027756069,57.509126183524,
    5.408473384009));
#4262 = CARTESIAN_POINT('',(89.000027082736,57.509014972947,
    5.408378030975));
#4263 = CARTESIAN_POINT('',(89.000026419285,57.508903760326,
    5.408282679581));
#4264 = CARTESIAN_POINT('',(89.000025765718,57.508792545663,
    5.408187329828));
#4265 = CARTESIAN_POINT('',(89.000024478409,57.508570122174,
    5.407996642111));
#4266 = CARTESIAN_POINT('',(89.000023844665,57.508458913349,
    5.407901304147));
#4267 = CARTESIAN_POINT('',(89.000023220804,57.508347702483,
    5.407805967824));
#4268 = CARTESIAN_POINT('',(89.000022606827,57.508236489578,
    5.407710633146));
#4269 = CARTESIAN_POINT('',(89.000022002734,57.508125274635,
    5.407615300111));
#4270 = CARTESIAN_POINT('',(89.000020814371,57.507902850596,
    5.407424645836));
#4271 = CARTESIAN_POINT('',(89.000020230099,57.5077916415,5.407329324595
    ));
#4272 = CARTESIAN_POINT('',(89.000019655711,57.507680430368,5.407234005)
  );
#4273 = CARTESIAN_POINT('',(89.000019091208,57.507569217201,
    5.407138687052));
#4274 = CARTESIAN_POINT('',(89.000018536589,57.507458001999,
    5.40704337075));
#4275 = CARTESIAN_POINT('',(89.000017447173,57.507235577453,
    5.406852749948));
#4276 = CARTESIAN_POINT('',(89.000016912373,57.507124368109,
    5.406757445446));
#4277 = CARTESIAN_POINT('',(89.000016387458,57.507013156732,
    5.406662142594));
#4278 = CARTESIAN_POINT('',(89.000015872428,57.506901943325,
    5.40656684139));
#4279 = CARTESIAN_POINT('',(89.000015367284,57.506790727887,
    5.406471541837));
#4280 = CARTESIAN_POINT('',(89.000014376814,57.506568302879,
    5.406280954537));
#4281 = CARTESIAN_POINT('',(89.000013891486,57.506457093308,
    5.40618566679));
#4282 = CARTESIAN_POINT('',(89.000013416044,57.506345881709,
    5.406090380695));
#4283 = CARTESIAN_POINT('',(89.000012950488,57.506234668083,
    5.405995096252));
#4284 = CARTESIAN_POINT('',(89.000012494819,57.506123452432,
    5.405899813463));
#4285 = CARTESIAN_POINT('',(89.000011603296,57.505901027004,
    5.405709259696));
#4286 = CARTESIAN_POINT('',(89.00001116744,57.505789817229,
    5.405613988718));
#4287 = CARTESIAN_POINT('',(89.000010741471,57.50567860543,
    5.405518719396));
#4288 = CARTESIAN_POINT('',(89.000010325389,57.505567391608,
    5.405423451728));
#4289 = CARTESIAN_POINT('',(89.000009919194,57.505456175764,
    5.405328185718));
#4290 = CARTESIAN_POINT('',(89.000009126618,57.505233749962,
    5.405137665514));
#4291 = CARTESIAN_POINT('',(89.000008740235,57.505122540005,
    5.405042411321));
#4292 = CARTESIAN_POINT('',(89.000008363738,57.505011328027,
    5.404947158786));
#4293 = CARTESIAN_POINT('',(89.00000799713,57.504900114031,
    5.404851907909));
#4294 = CARTESIAN_POINT('',(89.000007640411,57.504788898017,
    5.404756658692));
#4295 = CARTESIAN_POINT('',(89.000006946782,57.504566471884,
    5.404566172082));
#4296 = CARTESIAN_POINT('',(89.000006609871,57.504455261766,
    5.404470934689));
#4297 = CARTESIAN_POINT('',(89.000006282848,57.504344049633,
    5.404375698957));
#4298 = CARTESIAN_POINT('',(89.000005965714,57.504232835484,
    5.404280464886));
#4299 = CARTESIAN_POINT('',(89.000005658469,57.504121619322,
    5.404185232478));
#4300 = CARTESIAN_POINT('',(89.000005063788,57.503899192903,
    5.403994779492));
#4301 = CARTESIAN_POINT('',(89.000004776349,57.503787982646,
    5.403899558913));
#4302 = CARTESIAN_POINT('',(89.000004498799,57.503676770378,
    5.403804339999));
#4303 = CARTESIAN_POINT('',(89.000004231139,57.5035655561,5.403709122749
    ));
#4304 = CARTESIAN_POINT('',(89.00000397337,57.503454339811,
    5.403613907165));
#4305 = CARTESIAN_POINT('',(89.000003486182,57.503235747756,
    5.403426770636));
#4306 = CARTESIAN_POINT('',(89.000003256092,57.503128372125,
    5.403334849578));
#4307 = CARTESIAN_POINT('',(89.000003035221,57.503020994622,
    5.403242930074));
#4308 = CARTESIAN_POINT('',(89.000002823571,57.502913615249,
    5.403151012125));
#4309 = CARTESIAN_POINT('',(89.000002621142,57.502806234007,
    5.403059095732));
#4310 = CARTESIAN_POINT('',(89.000002227844,57.502587642435,
    5.402871991741));
#4311 = CARTESIAN_POINT('',(89.000002037644,57.50247643197,
    5.402776804256));
#4312 = CARTESIAN_POINT('',(89.000001857335,57.502365219502,
    5.402681618441));
#4313 = CARTESIAN_POINT('',(89.000001686917,57.502254005032,
    5.402586434297));
#4314 = CARTESIAN_POINT('',(89.000001526392,57.50214278856,
    5.402491251824));
#4315 = CARTESIAN_POINT('',(89.000001225141,57.50192036155,
    5.402300898727));
#4316 = CARTESIAN_POINT('',(89.000001084413,57.501809151012,
    5.402205728101));
#4317 = CARTESIAN_POINT('',(89.000000953578,57.501697938475,
    5.402110559149));
#4318 = CARTESIAN_POINT('',(89.000000832634,57.50158672394,
    5.402015391871));
#4319 = CARTESIAN_POINT('',(89.000000721584,57.501475507407,
    5.401920226267));
#4320 = CARTESIAN_POINT('',(89.000000522769,57.501256914899,
    5.401733187993));
#4321 = CARTESIAN_POINT('',(89.000000434331,57.501149539059,
    5.401641315208));
#4322 = CARTESIAN_POINT('',(89.000000355115,57.501042161359,
    5.401549443986));
#4323 = CARTESIAN_POINT('',(89.000000285123,57.500934781799,
    5.401457574328));
#4324 = CARTESIAN_POINT('',(89.000000224353,57.500827400382,
    5.401365706233));
#4325 = CARTESIAN_POINT('',(89.000000115208,57.500600020051,
    5.401171182067));
#4326 = CARTESIAN_POINT('',(89.000000069127,57.500480020675,
    5.401068526384));
#4327 = CARTESIAN_POINT('',(89.000000034564,57.50036001898,
    5.400965872657));
#4328 = CARTESIAN_POINT('',(89.000000011522,57.500240014969,
    5.400863220885));
#4329 = CARTESIAN_POINT('',(89.,57.500120008642,5.400760571071));
#4330 = CARTESIAN_POINT('',(89.,57.5,5.400657923215));
#4331 = ORIENTED_EDGE('',*,*,#4332,.F.);
#4332 = EDGE_CURVE('',#1246,#4076,#4333,.T.);
#4333 = LINE('',#4334,#4335);
#4334 = CARTESIAN_POINT('',(89.,57.5,0.));
#4335 = VECTOR('',#4336,1.);
#4336 = DIRECTION('',(0.,0.,1.));
#4337 = CYLINDRICAL_SURFACE('',#4338,1.5);
#4338 = AXIS2_PLACEMENT_3D('',#4339,#4340,#4341);
#4339 = CARTESIAN_POINT('',(90.5,57.5,0.));
#4340 = DIRECTION('',(-0.,-0.,-1.));
#4341 = DIRECTION('',(1.,0.,0.));
#4342 = ADVANCED_FACE('',(#4343),#4362,.F.);
#4343 = FACE_BOUND('',#4344,.T.);
#4344 = EDGE_LOOP('',(#4345,#4346,#4354,#4361));
#4345 = ORIENTED_EDGE('',*,*,#1262,.F.);
#4346 = ORIENTED_EDGE('',*,*,#4347,.T.);
#4347 = EDGE_CURVE('',#1255,#4348,#4350,.T.);
#4348 = VERTEX_POINT('',#4349);
#4349 = CARTESIAN_POINT('',(89.,31.5,3.));
#4350 = LINE('',#4351,#4352);
#4351 = CARTESIAN_POINT('',(89.,31.5,0.));
#4352 = VECTOR('',#4353,1.);
#4353 = DIRECTION('',(0.,0.,1.));
#4354 = ORIENTED_EDGE('',*,*,#4355,.F.);
#4355 = EDGE_CURVE('',#4052,#4348,#4356,.T.);
#4356 = CIRCLE('',#4357,1.5);
#4357 = AXIS2_PLACEMENT_3D('',#4358,#4359,#4360);
#4358 = CARTESIAN_POINT('',(90.5,31.5,3.));
#4359 = DIRECTION('',(0.,0.,-1.));
#4360 = DIRECTION('',(1.,0.,0.));
#4361 = ORIENTED_EDGE('',*,*,#4059,.F.);
#4362 = CYLINDRICAL_SURFACE('',#4363,1.5);
#4363 = AXIS2_PLACEMENT_3D('',#4364,#4365,#4366);
#4364 = CARTESIAN_POINT('',(90.5,31.5,0.));
#4365 = DIRECTION('',(-0.,-0.,-1.));
#4366 = DIRECTION('',(1.,0.,0.));
#4367 = ADVANCED_FACE('',(#4368),#4388,.T.);
#4368 = FACE_BOUND('',#4369,.T.);
#4369 = EDGE_LOOP('',(#4370,#4371,#4372,#4381,#4387));
#4370 = ORIENTED_EDGE('',*,*,#1254,.F.);
#4371 = ORIENTED_EDGE('',*,*,#4332,.T.);
#4372 = ORIENTED_EDGE('',*,*,#4373,.F.);
#4373 = EDGE_CURVE('',#4374,#4076,#4376,.T.);
#4374 = VERTEX_POINT('',#4375);
#4375 = CARTESIAN_POINT('',(89.,51.,3.));
#4376 = CIRCLE('',#4377,10.);
#4377 = AXIS2_PLACEMENT_3D('',#4378,#4379,#4380);
#4378 = CARTESIAN_POINT('',(89.,51.,13.));
#4379 = DIRECTION('',(1.,0.,0.));
#4380 = DIRECTION('',(0.,1.,0.));
#4381 = ORIENTED_EDGE('',*,*,#4382,.F.);
#4382 = EDGE_CURVE('',#4348,#4374,#4383,.T.);
#4383 = LINE('',#4384,#4385);
#4384 = CARTESIAN_POINT('',(89.,46.374236596195,3.));
#4385 = VECTOR('',#4386,1.);
#4386 = DIRECTION('',(0.,1.,0.));
#4387 = ORIENTED_EDGE('',*,*,#4347,.F.);
#4388 = PLANE('',#4389);
#4389 = AXIS2_PLACEMENT_3D('',#4390,#4391,#4392);
#4390 = CARTESIAN_POINT('',(89.,57.5,0.));
#4391 = DIRECTION('',(1.,0.,0.));
#4392 = DIRECTION('',(0.,-1.,0.));
#4393 = ADVANCED_FACE('',(#4394),#4428,.F.);
#4394 = FACE_BOUND('',#4395,.F.);
#4395 = EDGE_LOOP('',(#4396,#4397,#4405,#4414,#4422));
#4396 = ORIENTED_EDGE('',*,*,#1271,.F.);
#4397 = ORIENTED_EDGE('',*,*,#4398,.T.);
#4398 = EDGE_CURVE('',#1272,#4399,#4401,.T.);
#4399 = VERTEX_POINT('',#4400);
#4400 = CARTESIAN_POINT('',(86.,57.5,5.400657923215));
#4401 = LINE('',#4402,#4403);
#4402 = CARTESIAN_POINT('',(86.,57.5,0.));
#4403 = VECTOR('',#4404,1.);
#4404 = DIRECTION('',(0.,0.,1.));
#4405 = ORIENTED_EDGE('',*,*,#4406,.F.);
#4406 = EDGE_CURVE('',#4407,#4399,#4409,.T.);
#4407 = VERTEX_POINT('',#4408);
#4408 = CARTESIAN_POINT('',(86.,51.,3.));
#4409 = CIRCLE('',#4410,10.);
#4410 = AXIS2_PLACEMENT_3D('',#4411,#4412,#4413);
#4411 = CARTESIAN_POINT('',(86.,51.,13.));
#4412 = DIRECTION('',(1.,0.,0.));
#4413 = DIRECTION('',(0.,1.,0.));
#4414 = ORIENTED_EDGE('',*,*,#4415,.F.);
#4415 = EDGE_CURVE('',#4416,#4407,#4418,.T.);
#4416 = VERTEX_POINT('',#4417);
#4417 = CARTESIAN_POINT('',(86.,47.5,3.));
#4418 = LINE('',#4419,#4420);
#4419 = CARTESIAN_POINT('',(86.,46.374236596195,3.));
#4420 = VECTOR('',#4421,1.);
#4421 = DIRECTION('',(0.,1.,0.));
#4422 = ORIENTED_EDGE('',*,*,#4423,.F.);
#4423 = EDGE_CURVE('',#1274,#4416,#4424,.T.);
#4424 = LINE('',#4425,#4426);
#4425 = CARTESIAN_POINT('',(86.,47.5,0.));
#4426 = VECTOR('',#4427,1.);
#4427 = DIRECTION('',(0.,0.,1.));
#4428 = PLANE('',#4429);
#4429 = AXIS2_PLACEMENT_3D('',#4430,#4431,#4432);
#4430 = CARTESIAN_POINT('',(86.,57.5,0.));
#4431 = DIRECTION('',(1.,0.,0.));
#4432 = DIRECTION('',(0.,-1.,0.));
#4433 = ADVANCED_FACE('',(#4434),#4701,.F.);
#4434 = FACE_BOUND('',#4435,.T.);
#4435 = EDGE_LOOP('',(#4436,#4437,#4438,#4695));
#4436 = ORIENTED_EDGE('',*,*,#1281,.F.);
#4437 = ORIENTED_EDGE('',*,*,#4398,.T.);
#4438 = ORIENTED_EDGE('',*,*,#4439,.T.);
#4439 = EDGE_CURVE('',#4399,#4440,#4442,.T.);
#4440 = VERTEX_POINT('',#4441);
#4441 = CARTESIAN_POINT('',(83.,57.5,5.400657923215));
#4442 = B_SPLINE_CURVE_WITH_KNOTS('',6,(#4443,#4444,#4445,#4446,#4447,
    #4448,#4449,#4450,#4451,#4452,#4453,#4454,#4455,#4456,#4457,#4458,
    #4459,#4460,#4461,#4462,#4463,#4464,#4465,#4466,#4467,#4468,#4469,
    #4470,#4471,#4472,#4473,#4474,#4475,#4476,#4477,#4478,#4479,#4480,
    #4481,#4482,#4483,#4484,#4485,#4486,#4487,#4488,#4489,#4490,#4491,
    #4492,#4493,#4494,#4495,#4496,#4497,#4498,#4499,#4500,#4501,#4502,
    #4503,#4504,#4505,#4506,#4507,#4508,#4509,#4510,#4511,#4512,#4513,
    #4514,#4515,#4516,#4517,#4518,#4519,#4520,#4521,#4522,#4523,#4524,
    #4525,#4526,#4527,#4528,#4529,#4530,#4531,#4532,#4533,#4534,#4535,
    #4536,#4537,#4538,#4539,#4540,#4541,#4542,#4543,#4544,#4545,#4546,
    #4547,#4548,#4549,#4550,#4551,#4552,#4553,#4554,#4555,#4556,#4557,
    #4558,#4559,#4560,#4561,#4562,#4563,#4564,#4565,#4566,#4567,#4568,
    #4569,#4570,#4571,#4572,#4573,#4574,#4575,#4576,#4577,#4578,#4579,
    #4580,#4581,#4582,#4583,#4584,#4585,#4586,#4587,#4588,#4589,#4590,
    #4591,#4592,#4593,#4594,#4595,#4596,#4597,#4598,#4599,#4600,#4601,
    #4602,#4603,#4604,#4605,#4606,#4607,#4608,#4609,#4610,#4611,#4612,
    #4613,#4614,#4615,#4616,#4617,#4618,#4619,#4620,#4621,#4622,#4623,
    #4624,#4625,#4626,#4627,#4628,#4629,#4630,#4631,#4632,#4633,#4634,
    #4635,#4636,#4637,#4638,#4639,#4640,#4641,#4642,#4643,#4644,#4645,
    #4646,#4647,#4648,#4649,#4650,#4651,#4652,#4653,#4654,#4655,#4656,
    #4657,#4658,#4659,#4660,#4661,#4662,#4663,#4664,#4665,#4666,#4667,
    #4668,#4669,#4670,#4671,#4672,#4673,#4674,#4675,#4676,#4677,#4678,
    #4679,#4680,#4681,#4682,#4683,#4684,#4685,#4686,#4687,#4688,#4689,
    #4690,#4691,#4692,#4693,#4694),.UNSPECIFIED.,.F.,.F.,(7,5,5,5,5,5,5,
    5,5,5,5,5,5,5,5,5,5,5,5,5,5,5,5,5,5,5,5,5,5,5,5,5,5,5,5,5,5,5,5,5,5,
    5,5,5,5,5,5,5,5,5,7),(0.,5.753596937371E-02,0.172058392993,
    0.281938649472,0.322083416964,0.377005689704,0.42242580653,
    0.44850019568,0.499775705071,0.577062125679,0.623104379149,
    0.679053046445,0.718257290605,0.827816851887,0.995075086256,
    0.995214734789,0.995325481696,0.99545066445,0.995590279597,
    0.995729882328,0.995869472644,0.996009050542,0.996148616023,
    0.996288169084,0.996427709725,0.996557615708,0.996697132363,
    0.996836636594,0.996976128402,0.997115607785,0.997255074741,
    0.997394529272,0.997533971374,0.9976301311,0.997769552202,
    0.997908960874,0.998048357116,0.998187740925,0.998327112302,
    0.998466471246,0.998605817756,0.998745151831,0.99888447347,
    0.999023782674,0.999163079439,0.999302363768,0.999436833385,
    0.999576093265,0.999715340705,0.999849774704,1.),.UNSPECIFIED.);
#4443 = CARTESIAN_POINT('',(86.,57.5,5.400657923215));
#4444 = CARTESIAN_POINT('',(86.,57.545963959338,5.439972607654));
#4445 = CARTESIAN_POINT('',(85.998309860336,57.591581783971,
    5.479568974406));
#4446 = CARTESIAN_POINT('',(85.994977268707,57.636795645704,
    5.51939451046));
#4447 = CARTESIAN_POINT('',(85.990049331773,57.681551446432,
    5.55939542096));
#4448 = CARTESIAN_POINT('',(85.983572575153,57.725798818137,
    5.599516629198));
#4449 = CARTESIAN_POINT('',(85.959709891916,57.856458435482,
    5.719688270739));
#4450 = CARTESIAN_POINT('',(85.937877411124,57.941200167192,
    5.799904249961));
#4451 = CARTESIAN_POINT('',(85.91044288851,58.023468267182,
    5.880013305753));
#4452 = CARTESIAN_POINT('',(85.877688338731,58.103055011815,
    5.959672018214));
#4453 = CARTESIAN_POINT('',(85.839838705052,58.179766858529,
    6.038506722413));
#4454 = CARTESIAN_POINT('',(85.756035239711,58.324045089984,
    6.190528977277));
#4455 = CARTESIAN_POINT('',(85.710468862396,58.391861805126,
    6.263821675715));
#4456 = CARTESIAN_POINT('',(85.660487106351,58.456732059132,
    6.33565910735));
#4457 = CARTESIAN_POINT('',(85.606145739286,58.518497483619,
    6.40566236408));
#4458 = CARTESIAN_POINT('',(85.547463572772,58.576938267915,
    6.473346772355));
#4459 = CARTESIAN_POINT('',(85.461422269375,58.651780524836,
    6.561738176366));
#4460 = CARTESIAN_POINT('',(85.437818464415,58.671324821817,
    6.584999052194));
#4461 = CARTESIAN_POINT('',(85.413633740903,58.690372323871,
    6.607838417712));
#4462 = CARTESIAN_POINT('',(85.38886782768,58.708906823363,
    6.630223127715));
#4463 = CARTESIAN_POINT('',(85.363520842552,58.726910171259,
    6.652116874699));
#4464 = CARTESIAN_POINT('',(85.302121671042,58.768238597196,
    6.702707454094));
#4465 = CARTESIAN_POINT('',(85.265555705845,58.791088283314,
    6.730948376223));
#4466 = CARTESIAN_POINT('',(85.227906312725,58.812852568148,
    6.75809247311));
#4467 = CARTESIAN_POINT('',(85.189186148747,58.833469023447,
    6.784022240316));
#4468 = CARTESIAN_POINT('',(85.149409612011,58.852871560031,
    6.808613151095));
#4469 = CARTESIAN_POINT('',(85.074837820483,58.885974532592,
    6.850854060557));
#4470 = CARTESIAN_POINT('',(85.040367681135,58.900082100484,
    6.868971038876));
#4471 = CARTESIAN_POINT('',(85.005214545302,58.913263254339,
    6.885996552439));
#4472 = CARTESIAN_POINT('',(84.969411427708,58.925470571141,
    6.901846049497));
#4473 = CARTESIAN_POINT('',(84.932992236099,58.936659081988,
    6.91643846547));
#4474 = CARTESIAN_POINT('',(84.874750863316,58.952600002089,
    6.937307122078));
#4475 = CARTESIAN_POINT('',(84.853322700796,58.958062788395,
    6.944476745087));
#4476 = CARTESIAN_POINT('',(84.831717164979,58.963165738894,
    6.951189387341));
#4477 = CARTESIAN_POINT('',(84.809945623965,58.967900447141,
    6.957430250689));
#4478 = CARTESIAN_POINT('',(84.788020932652,58.972258992361,
    6.963185443455));
#4479 = CARTESIAN_POINT('',(84.722569371366,58.984050706901,
    6.97877900542));
#4480 = CARTESIAN_POINT('',(84.678624918026,58.99038775641,
    6.987192698199));
#4481 = CARTESIAN_POINT('',(84.634259691867,58.995182440146,
    6.993576481632));
#4482 = CARTESIAN_POINT('',(84.589609871702,58.998393517248,
    6.997858080782));
#4483 = CARTESIAN_POINT('',(84.544811535521,59.,7.));
#4484 = CARTESIAN_POINT('',(84.432456581642,59.,7.));
#4485 = CARTESIAN_POINT('',(84.365005373635,58.99635005889,
    6.995133965301));
#4486 = CARTESIAN_POINT('',(84.298062910509,58.98907005705,
    6.985425719232));
#4487 = CARTESIAN_POINT('',(84.232049999846,58.978259776521,
    6.971059931444));
#4488 = CARTESIAN_POINT('',(84.167387241512,58.964110764741,
    6.952377166869));
#4489 = CARTESIAN_POINT('',(84.06702076196,58.936675978526,
    6.916459984936));
#4490 = CARTESIAN_POINT('',(84.030146642095,58.925345355049,
    6.901682105043));
#4491 = CARTESIAN_POINT('',(83.993904231048,58.912970419212,
    6.885615773779));
#4492 = CARTESIAN_POINT('',(83.95832864825,58.899597836738,
    6.868345121723));
#4493 = CARTESIAN_POINT('',(83.923454088794,58.885276847698,
    6.849957931272));
#4494 = CARTESIAN_POINT('',(83.847827966333,58.851567482926,
    6.80695660847));
#4495 = CARTESIAN_POINT('',(83.807420297418,58.831749482796,
    6.781850273102));
#4496 = CARTESIAN_POINT('',(83.768107370747,58.810678547072,
    6.755364929047));
#4497 = CARTESIAN_POINT('',(83.72990389694,58.788423951743,
    6.727631222354));
#4498 = CARTESIAN_POINT('',(83.692822743183,58.765050967834,
    6.698772146606));
#4499 = CARTESIAN_POINT('',(83.631685651924,58.723502243519,
    6.647973221178));
#4500 = CARTESIAN_POINT('',(83.607048752457,58.705861811286,
    6.626543994839));
#4501 = CARTESIAN_POINT('',(83.582964718494,58.687718064796,
    6.604651734903));
#4502 = CARTESIAN_POINT('',(83.559433655118,58.669087721138,
    6.582329920775));
#4503 = CARTESIAN_POINT('',(83.536455288816,58.649985714403,
    6.559609140267));
#4504 = CARTESIAN_POINT('',(83.451356724258,58.575761679161,
    6.471984409687));
#4505 = CARTESIAN_POINT('',(83.392984555184,58.517507175853,
    6.404540316052));
#4506 = CARTESIAN_POINT('',(83.338917807586,58.455957730039,
    6.334801986852));
#4507 = CARTESIAN_POINT('',(83.289175439068,58.391330000613,
    6.263247371538));
#4508 = CARTESIAN_POINT('',(83.24381285895,58.323780361797,
    6.190250594485));
#4509 = CARTESIAN_POINT('',(83.140553825748,58.146015028591,
    6.00294244266));
#4510 = CARTESIAN_POINT('',(83.088567975443,58.031944356858,
    5.886991972049));
#4511 = CARTESIAN_POINT('',(83.047616464517,57.911897801274,
    5.769662462265));
#4512 = CARTESIAN_POINT('',(83.018512395374,57.786563638253,
    5.652136725709));
#4513 = CARTESIAN_POINT('',(83.002277898055,57.656746813134,
    5.535510812048));
#4514 = CARTESIAN_POINT('',(83.000183409496,57.52345649627,
    5.420783987588));
#4515 = CARTESIAN_POINT('',(83.00018167207,57.5233452992,5.420688280467)
  );
#4516 = CARTESIAN_POINT('',(83.000179944507,57.5232341,5.420592574921));
#4517 = CARTESIAN_POINT('',(83.000178226806,57.523122898669,
    5.420496870949));
#4518 = CARTESIAN_POINT('',(83.000176518969,57.52301169521,
    5.420401168553));
#4519 = CARTESIAN_POINT('',(83.000173474435,57.522812299116,
    5.420229573131));
#4520 = CARTESIAN_POINT('',(83.000172134078,57.522724107271,
    5.42015367952));
#4521 = CARTESIAN_POINT('',(83.000170799925,57.522635914088,
    5.420077786902));
#4522 = CARTESIAN_POINT('',(83.000169471977,57.522547719567,
    5.420001895276));
#4523 = CARTESIAN_POINT('',(83.000168150233,57.52245952371,
    5.419926004642));
#4524 = CARTESIAN_POINT('',(83.000165347676,57.522271632828,
    5.419764333155));
#4525 = CARTESIAN_POINT('',(83.000163868585,57.522171937432,
    5.419678552578));
#4526 = CARTESIAN_POINT('',(83.000162397424,57.522072240329,
    5.41959277327));
#4527 = CARTESIAN_POINT('',(83.000160934191,57.52197254152,
    5.419506995232));
#4528 = CARTESIAN_POINT('',(83.000159478888,57.521872841005,
    5.419421218465));
#4529 = CARTESIAN_POINT('',(83.000156417274,57.521661941838,
    5.419239778367));
#4530 = CARTESIAN_POINT('',(83.000154812897,57.521550742771,
    5.419144115346));
#4531 = CARTESIAN_POINT('',(83.000153218385,57.521439541583,
    5.419048453907));
#4532 = CARTESIAN_POINT('',(83.000151633739,57.521328338277,
    5.418952794052));
#4533 = CARTESIAN_POINT('',(83.000150058958,57.521217132852,
    5.41885713578));
#4534 = CARTESIAN_POINT('',(83.00014692927,57.520994727658,
    5.418665830913));
#4535 = CARTESIAN_POINT('',(83.000145374361,57.520883527888,
    5.418570184316));
#4536 = CARTESIAN_POINT('',(83.000143829317,57.520772326003,
    5.418474539305));
#4537 = CARTESIAN_POINT('',(83.00014229414,57.520661122002,5.41837889588
    ));
#4538 = CARTESIAN_POINT('',(83.00014076883,57.520549915888,
    5.418283254043));
#4539 = CARTESIAN_POINT('',(83.00013773808,57.520327509323,
    5.418091982048));
#4540 = CARTESIAN_POINT('',(83.000136232638,57.520216308873,
    5.417996351892));
#4541 = CARTESIAN_POINT('',(83.000134737064,57.520105106311,
    5.417900723324));
#4542 = CARTESIAN_POINT('',(83.000133251356,57.519993901639,
    5.417805096345));
#4543 = CARTESIAN_POINT('',(83.000131775517,57.519882694856,
    5.417709470956));
#4544 = CARTESIAN_POINT('',(83.000128843706,57.519660286965,
    5.417518231866));
#4545 = CARTESIAN_POINT('',(83.000127387732,57.519549085857,
    5.417422618165));
#4546 = CARTESIAN_POINT('',(83.000125941627,57.519437882641,
    5.417327006055));
#4547 = CARTESIAN_POINT('',(83.000124505389,57.519326677318,
    5.417231395538));
#4548 = CARTESIAN_POINT('',(83.000123079021,57.51921546989,
    5.417135786613));
#4549 = CARTESIAN_POINT('',(83.000120246149,57.518993060716,
    5.416944580459));
#4550 = CARTESIAN_POINT('',(83.000118839644,57.518881858972,
    5.416848983228));
#4551 = CARTESIAN_POINT('',(83.000117443008,57.518770655124,
    5.416753387592));
#4552 = CARTESIAN_POINT('',(83.000116056241,57.518659449174,
    5.416657793551));
#4553 = CARTESIAN_POINT('',(83.000114679343,57.518548241121,
    5.416562201107));
#4554 = CARTESIAN_POINT('',(83.000111945412,57.518325830709,
    5.416371027917));
#4555 = CARTESIAN_POINT('',(83.000110588376,57.518214628351,
    5.416275447173));
#4556 = CARTESIAN_POINT('',(83.000109241209,57.518103423893,
    5.416179868026));
#4557 = CARTESIAN_POINT('',(83.000107903913,57.517992217336,
    5.416084290477));
#4558 = CARTESIAN_POINT('',(83.000106576487,57.517881008681,
    5.415988714527));
#4559 = CARTESIAN_POINT('',(83.000103941496,57.517658597076,
    5.415797574335));
#4560 = CARTESIAN_POINT('',(83.000102633929,57.517547394125,
    5.415702010091));
#4561 = CARTESIAN_POINT('',(83.000101336232,57.517436189079,
    5.415606447449));
#4562 = CARTESIAN_POINT('',(83.000100048406,57.517324981938,
    5.415510886407));
#4563 = CARTESIAN_POINT('',(83.000098770452,57.517213772703,
    5.415415326968));
#4564 = CARTESIAN_POINT('',(83.000096321845,57.516999028693,
    5.415230809138));
#4565 = CARTESIAN_POINT('',(83.000095149875,57.516895494197,
    5.415141850534));
#4566 = CARTESIAN_POINT('',(83.000093986462,57.516791957888,
    5.41505289332));
#4567 = CARTESIAN_POINT('',(83.000092831606,57.516688419767,
    5.414963937496));
#4568 = CARTESIAN_POINT('',(83.000091685308,57.516584879834,
    5.414874983064));
#4569 = CARTESIAN_POINT('',(83.000089325656,57.516370136147,
    5.414690496082));
#4570 = CARTESIAN_POINT('',(83.000088113616,57.516258932115,
    5.414594963747));
#4571 = CARTESIAN_POINT('',(83.000086911448,57.516147725996,
    5.414499433018));
#4572 = CARTESIAN_POINT('',(83.000085719153,57.516036517789,
    5.414403903896));
#4573 = CARTESIAN_POINT('',(83.000084536732,57.515925307497,
    5.414308376383));
#4574 = CARTESIAN_POINT('',(83.000082191742,57.515702892644,
    5.41411733308));
#4575 = CARTESIAN_POINT('',(83.000081029171,57.515591688085,
    5.414021817291));
#4576 = CARTESIAN_POINT('',(83.000079876474,57.515480481442,
    5.413926303111));
#4577 = CARTESIAN_POINT('',(83.000078733651,57.515369272716,
    5.413830790541));
#4578 = CARTESIAN_POINT('',(83.000077600702,57.515258061908,
    5.413735279583));
#4579 = CARTESIAN_POINT('',(83.000075354654,57.515035646034,
    5.413544269397));
#4580 = CARTESIAN_POINT('',(83.000074241554,57.514924440969,
    5.413448770169));
#4581 = CARTESIAN_POINT('',(83.000073138327,57.514813233824,
    5.413353272554));
#4582 = CARTESIAN_POINT('',(83.000072044976,57.5147020246,5.413257776552
    ));
#4583 = CARTESIAN_POINT('',(83.0000709615,57.514590813299,5.413162282165
    ));
#4584 = CARTESIAN_POINT('',(83.000068814395,57.514368396448,
    5.412971305126));
#4585 = CARTESIAN_POINT('',(83.000067750765,57.514257190899,
    5.412875822475));
#4586 = CARTESIAN_POINT('',(83.000066697009,57.514145983275,
    5.412780341439));
#4587 = CARTESIAN_POINT('',(83.00006565313,57.514034773576,5.41268486202
    ));
#4588 = CARTESIAN_POINT('',(83.000064619126,57.513923561803,
    5.412589384219));
#4589 = CARTESIAN_POINT('',(83.000062570965,57.513701144019,
    5.412398440358));
#4590 = CARTESIAN_POINT('',(83.000061556805,57.513589938009,
    5.412302974298));
#4591 = CARTESIAN_POINT('',(83.000060552521,57.513478729926,
    5.412207509858));
#4592 = CARTESIAN_POINT('',(83.000059558114,57.513367519774,
    5.412112047037));
#4593 = CARTESIAN_POINT('',(83.000058573584,57.513256307551,
    5.412016585836));
#4594 = CARTESIAN_POINT('',(83.000056624366,57.513033888878,
    5.411825675184));
#4595 = CARTESIAN_POINT('',(83.000055659677,57.512922682428,
    5.411730225732));
#4596 = CARTESIAN_POINT('',(83.000054704864,57.512811473911,
    5.411634777901));
#4597 = CARTESIAN_POINT('',(83.000053759929,57.512700263326,
    5.411539331694));
#4598 = CARTESIAN_POINT('',(83.000052824873,57.512589050676,
    5.41144388711));
#4599 = CARTESIAN_POINT('',(83.000050974599,57.512366631158,
    5.411253009696));
#4600 = CARTESIAN_POINT('',(83.000050059381,57.512255424291,
    5.411157576866));
#4601 = CARTESIAN_POINT('',(83.00004915404,57.512144215359,
    5.411062145661));
#4602 = CARTESIAN_POINT('',(83.000048258578,57.512033004366,
    5.410966716082));
#4603 = CARTESIAN_POINT('',(83.000047372994,57.51192179131,5.41087128813
    ));
#4604 = CARTESIAN_POINT('',(83.000045893403,57.51173388189,
    5.410710055502));
#4605 = CARTESIAN_POINT('',(83.000045294213,57.511657186605,
    5.410644249973));
#4606 = CARTESIAN_POINT('',(83.000044699722,57.511580490341,
    5.410578445218));
#4607 = CARTESIAN_POINT('',(83.00004410993,57.511503793098,
    5.410512641238));
#4608 = CARTESIAN_POINT('',(83.000043524836,57.511427094876,
    5.410446838032));
#4609 = CARTESIAN_POINT('',(83.000042102934,57.511239190208,
    5.410285629264));
#4610 = CARTESIAN_POINT('',(83.000041271304,57.511127982685,
    5.410190224554));
#4611 = CARTESIAN_POINT('',(83.000040449554,57.511016773105,
    5.410094821476));
#4612 = CARTESIAN_POINT('',(83.000039637684,57.510905561469,
    5.409999420028));
#4613 = CARTESIAN_POINT('',(83.000038835694,57.510794347779,
    5.409904020212));
#4614 = CARTESIAN_POINT('',(83.000037251548,57.510571926206,
    5.40971323235));
#4615 = CARTESIAN_POINT('',(83.00003646939,57.510460718324,
    5.409617844304));
#4616 = CARTESIAN_POINT('',(83.000035697112,57.51034950839,
    5.409522457892));
#4617 = CARTESIAN_POINT('',(83.000034934714,57.510238296404,
    5.409427073113));
#4618 = CARTESIAN_POINT('',(83.000034182199,57.510127082367,
    5.40933168997));
#4619 = CARTESIAN_POINT('',(83.000032696998,57.509904660112,
    5.409140935459));
#4620 = CARTESIAN_POINT('',(83.000031964311,57.509793451893,
    5.409045564092));
#4621 = CARTESIAN_POINT('',(83.000031241505,57.509682241626,
    5.408950194361));
#4622 = CARTESIAN_POINT('',(83.000030528581,57.509571029312,
    5.408854826267));
#4623 = CARTESIAN_POINT('',(83.00002982554,57.509459814951,
    5.408759459812));
#4624 = CARTESIAN_POINT('',(83.000028439284,57.509237392057,
    5.408568738683));
#4625 = CARTESIAN_POINT('',(83.000027756069,57.509126183524,
    5.408473384009));
#4626 = CARTESIAN_POINT('',(83.000027082736,57.509014972947,
    5.408378030975));
#4627 = CARTESIAN_POINT('',(83.000026419285,57.508903760326,
    5.408282679581));
#4628 = CARTESIAN_POINT('',(83.000025765718,57.508792545663,
    5.408187329828));
#4629 = CARTESIAN_POINT('',(83.000024478409,57.508570122174,
    5.407996642111));
#4630 = CARTESIAN_POINT('',(83.000023844665,57.508458913349,
    5.407901304147));
#4631 = CARTESIAN_POINT('',(83.000023220804,57.508347702483,
    5.407805967824));
#4632 = CARTESIAN_POINT('',(83.000022606827,57.508236489578,
    5.407710633146));
#4633 = CARTESIAN_POINT('',(83.000022002734,57.508125274635,
    5.407615300111));
#4634 = CARTESIAN_POINT('',(83.000020814371,57.507902850596,
    5.407424645836));
#4635 = CARTESIAN_POINT('',(83.000020230099,57.5077916415,5.407329324595
    ));
#4636 = CARTESIAN_POINT('',(83.000019655711,57.507680430368,5.407234005)
  );
#4637 = CARTESIAN_POINT('',(83.000019091208,57.507569217201,
    5.407138687052));
#4638 = CARTESIAN_POINT('',(83.000018536589,57.507458001999,
    5.40704337075));
#4639 = CARTESIAN_POINT('',(83.000017447173,57.507235577453,
    5.406852749948));
#4640 = CARTESIAN_POINT('',(83.000016912373,57.507124368109,
    5.406757445446));
#4641 = CARTESIAN_POINT('',(83.000016387458,57.507013156732,
    5.406662142594));
#4642 = CARTESIAN_POINT('',(83.000015872428,57.506901943325,
    5.40656684139));
#4643 = CARTESIAN_POINT('',(83.000015367284,57.506790727887,
    5.406471541837));
#4644 = CARTESIAN_POINT('',(83.000014376814,57.506568302879,
    5.406280954537));
#4645 = CARTESIAN_POINT('',(83.000013891486,57.506457093308,
    5.40618566679));
#4646 = CARTESIAN_POINT('',(83.000013416044,57.506345881709,
    5.406090380695));
#4647 = CARTESIAN_POINT('',(83.000012950488,57.506234668083,
    5.405995096252));
#4648 = CARTESIAN_POINT('',(83.000012494819,57.506123452432,
    5.405899813463));
#4649 = CARTESIAN_POINT('',(83.000011603296,57.505901027004,
    5.405709259696));
#4650 = CARTESIAN_POINT('',(83.00001116744,57.505789817229,
    5.405613988718));
#4651 = CARTESIAN_POINT('',(83.000010741471,57.50567860543,
    5.405518719396));
#4652 = CARTESIAN_POINT('',(83.000010325389,57.505567391608,
    5.405423451728));
#4653 = CARTESIAN_POINT('',(83.000009919194,57.505456175764,
    5.405328185718));
#4654 = CARTESIAN_POINT('',(83.000009126618,57.505233749962,
    5.405137665514));
#4655 = CARTESIAN_POINT('',(83.000008740235,57.505122540005,
    5.405042411321));
#4656 = CARTESIAN_POINT('',(83.000008363738,57.505011328027,
    5.404947158786));
#4657 = CARTESIAN_POINT('',(83.00000799713,57.504900114031,
    5.404851907909));
#4658 = CARTESIAN_POINT('',(83.000007640411,57.504788898017,
    5.404756658692));
#4659 = CARTESIAN_POINT('',(83.000006946782,57.504566471884,
    5.404566172082));
#4660 = CARTESIAN_POINT('',(83.000006609871,57.504455261766,
    5.404470934689));
#4661 = CARTESIAN_POINT('',(83.000006282848,57.504344049633,
    5.404375698957));
#4662 = CARTESIAN_POINT('',(83.000005965714,57.504232835484,
    5.404280464886));
#4663 = CARTESIAN_POINT('',(83.000005658469,57.504121619322,
    5.404185232478));
#4664 = CARTESIAN_POINT('',(83.000005063788,57.503899192903,
    5.403994779492));
#4665 = CARTESIAN_POINT('',(83.000004776349,57.503787982646,
    5.403899558913));
#4666 = CARTESIAN_POINT('',(83.000004498799,57.503676770378,
    5.403804339999));
#4667 = CARTESIAN_POINT('',(83.000004231139,57.5035655561,5.403709122749
    ));
#4668 = CARTESIAN_POINT('',(83.00000397337,57.503454339811,
    5.403613907165));
#4669 = CARTESIAN_POINT('',(83.000003486182,57.503235747756,
    5.403426770636));
#4670 = CARTESIAN_POINT('',(83.000003256092,57.503128372125,
    5.403334849578));
#4671 = CARTESIAN_POINT('',(83.000003035221,57.503020994622,
    5.403242930074));
#4672 = CARTESIAN_POINT('',(83.000002823571,57.502913615249,
    5.403151012125));
#4673 = CARTESIAN_POINT('',(83.000002621142,57.502806234007,
    5.403059095732));
#4674 = CARTESIAN_POINT('',(83.000002227844,57.502587642435,
    5.402871991741));
#4675 = CARTESIAN_POINT('',(83.000002037644,57.50247643197,
    5.402776804256));
#4676 = CARTESIAN_POINT('',(83.000001857334,57.502365219502,
    5.402681618441));
#4677 = CARTESIAN_POINT('',(83.000001686917,57.502254005032,
    5.402586434297));
#4678 = CARTESIAN_POINT('',(83.000001526392,57.50214278856,
    5.402491251824));
#4679 = CARTESIAN_POINT('',(83.000001225141,57.50192036155,
    5.402300898727));
#4680 = CARTESIAN_POINT('',(83.000001084413,57.501809151012,
    5.402205728101));
#4681 = CARTESIAN_POINT('',(83.000000953578,57.501697938475,
    5.402110559149));
#4682 = CARTESIAN_POINT('',(83.000000832634,57.50158672394,
    5.402015391871));
#4683 = CARTESIAN_POINT('',(83.000000721584,57.501475507407,
    5.401920226267));
#4684 = CARTESIAN_POINT('',(83.000000522769,57.501256914899,
    5.401733187993));
#4685 = CARTESIAN_POINT('',(83.000000434331,57.501149539059,
    5.401641315208));
#4686 = CARTESIAN_POINT('',(83.000000355115,57.501042161359,
    5.401549443986));
#4687 = CARTESIAN_POINT('',(83.000000285123,57.500934781799,
    5.401457574328));
#4688 = CARTESIAN_POINT('',(83.000000224353,57.500827400382,
    5.401365706233));
#4689 = CARTESIAN_POINT('',(83.000000115208,57.500600020051,
    5.401171182067));
#4690 = CARTESIAN_POINT('',(83.000000069127,57.500480020675,
    5.401068526384));
#4691 = CARTESIAN_POINT('',(83.000000034564,57.50036001898,
    5.400965872657));
#4692 = CARTESIAN_POINT('',(83.000000011522,57.500240014969,
    5.400863220885));
#4693 = CARTESIAN_POINT('',(83.,57.500120008642,5.400760571071));
#4694 = CARTESIAN_POINT('',(83.,57.5,5.400657923215));
#4695 = ORIENTED_EDGE('',*,*,#4696,.F.);
#4696 = EDGE_CURVE('',#1282,#4440,#4697,.T.);
#4697 = LINE('',#4698,#4699);
#4698 = CARTESIAN_POINT('',(83.,57.5,0.));
#4699 = VECTOR('',#4700,1.);
#4700 = DIRECTION('',(0.,0.,1.));
#4701 = CYLINDRICAL_SURFACE('',#4702,1.5);
#4702 = AXIS2_PLACEMENT_3D('',#4703,#4704,#4705);
#4703 = CARTESIAN_POINT('',(84.5,57.5,0.));
#4704 = DIRECTION('',(-0.,-0.,-1.));
#4705 = DIRECTION('',(1.,0.,0.));
#4706 = ADVANCED_FACE('',(#4707),#4726,.F.);
#4707 = FACE_BOUND('',#4708,.T.);
#4708 = EDGE_LOOP('',(#4709,#4710,#4718,#4725));
#4709 = ORIENTED_EDGE('',*,*,#1298,.F.);
#4710 = ORIENTED_EDGE('',*,*,#4711,.T.);
#4711 = EDGE_CURVE('',#1291,#4712,#4714,.T.);
#4712 = VERTEX_POINT('',#4713);
#4713 = CARTESIAN_POINT('',(83.,47.5,3.));
#4714 = LINE('',#4715,#4716);
#4715 = CARTESIAN_POINT('',(83.,47.5,0.));
#4716 = VECTOR('',#4717,1.);
#4717 = DIRECTION('',(0.,0.,1.));
#4718 = ORIENTED_EDGE('',*,*,#4719,.F.);
#4719 = EDGE_CURVE('',#4416,#4712,#4720,.T.);
#4720 = CIRCLE('',#4721,1.5);
#4721 = AXIS2_PLACEMENT_3D('',#4722,#4723,#4724);
#4722 = CARTESIAN_POINT('',(84.5,47.5,3.));
#4723 = DIRECTION('',(0.,0.,-1.));
#4724 = DIRECTION('',(1.,0.,0.));
#4725 = ORIENTED_EDGE('',*,*,#4423,.F.);
#4726 = CYLINDRICAL_SURFACE('',#4727,1.5);
#4727 = AXIS2_PLACEMENT_3D('',#4728,#4729,#4730);
#4728 = CARTESIAN_POINT('',(84.5,47.5,0.));
#4729 = DIRECTION('',(-0.,-0.,-1.));
#4730 = DIRECTION('',(1.,0.,0.));
#4731 = ADVANCED_FACE('',(#4732),#4752,.T.);
#4732 = FACE_BOUND('',#4733,.T.);
#4733 = EDGE_LOOP('',(#4734,#4735,#4736,#4745,#4751));
#4734 = ORIENTED_EDGE('',*,*,#1290,.F.);
#4735 = ORIENTED_EDGE('',*,*,#4696,.T.);
#4736 = ORIENTED_EDGE('',*,*,#4737,.F.);
#4737 = EDGE_CURVE('',#4738,#4440,#4740,.T.);
#4738 = VERTEX_POINT('',#4739);
#4739 = CARTESIAN_POINT('',(83.,51.,3.));
#4740 = CIRCLE('',#4741,10.);
#4741 = AXIS2_PLACEMENT_3D('',#4742,#4743,#4744);
#4742 = CARTESIAN_POINT('',(83.,51.,13.));
#4743 = DIRECTION('',(1.,0.,0.));
#4744 = DIRECTION('',(0.,1.,0.));
#4745 = ORIENTED_EDGE('',*,*,#4746,.F.);
#4746 = EDGE_CURVE('',#4712,#4738,#4747,.T.);
#4747 = LINE('',#4748,#4749);
#4748 = CARTESIAN_POINT('',(83.,46.374236596195,3.));
#4749 = VECTOR('',#4750,1.);
#4750 = DIRECTION('',(0.,1.,0.));
#4751 = ORIENTED_EDGE('',*,*,#4711,.F.);
#4752 = PLANE('',#4753);
#4753 = AXIS2_PLACEMENT_3D('',#4754,#4755,#4756);
#4754 = CARTESIAN_POINT('',(83.,57.5,0.));
#4755 = DIRECTION('',(1.,0.,0.));
#4756 = DIRECTION('',(0.,-1.,0.));
#4757 = ADVANCED_FACE('',(#4758),#4783,.T.);
#4758 = FACE_BOUND('',#4759,.T.);
#4759 = EDGE_LOOP('',(#4760,#4761,#4769,#4777));
#4760 = ORIENTED_EDGE('',*,*,#1307,.F.);
#4761 = ORIENTED_EDGE('',*,*,#4762,.T.);
#4762 = EDGE_CURVE('',#1308,#4763,#4765,.T.);
#4763 = VERTEX_POINT('',#4764);
#4764 = CARTESIAN_POINT('',(74.75,21.,7.));
#4765 = LINE('',#4766,#4767);
#4766 = CARTESIAN_POINT('',(74.75,21.,0.));
#4767 = VECTOR('',#4768,1.);
#4768 = DIRECTION('',(0.,0.,1.));
#4769 = ORIENTED_EDGE('',*,*,#4770,.F.);
#4770 = EDGE_CURVE('',#4771,#4763,#4773,.T.);
#4771 = VERTEX_POINT('',#4772);
#4772 = CARTESIAN_POINT('',(74.75,49.,7.));
#4773 = LINE('',#4774,#4775);
#4774 = CARTESIAN_POINT('',(74.75,27.5,7.));
#4775 = VECTOR('',#4776,1.);
#4776 = DIRECTION('',(0.,-1.,0.));
#4777 = ORIENTED_EDGE('',*,*,#4778,.F.);
#4778 = EDGE_CURVE('',#1310,#4771,#4779,.T.);
#4779 = LINE('',#4780,#4781);
#4780 = CARTESIAN_POINT('',(74.75,49.,0.));
#4781 = VECTOR('',#4782,1.);
#4782 = DIRECTION('',(0.,0.,1.));
#4783 = PLANE('',#4784);
#4784 = AXIS2_PLACEMENT_3D('',#4785,#4786,#4787);
#4785 = CARTESIAN_POINT('',(74.75,21.,0.));
#4786 = DIRECTION('',(-1.,0.,0.));
#4787 = DIRECTION('',(0.,1.,0.));
#4788 = ADVANCED_FACE('',(#4789),#4807,.T.);
#4789 = FACE_BOUND('',#4790,.T.);
#4790 = EDGE_LOOP('',(#4791,#4792,#4800,#4806));
#4791 = ORIENTED_EDGE('',*,*,#1333,.F.);
#4792 = ORIENTED_EDGE('',*,*,#4793,.T.);
#4793 = EDGE_CURVE('',#1326,#4794,#4796,.T.);
#4794 = VERTEX_POINT('',#4795);
#4795 = CARTESIAN_POINT('',(25.75,21.,7.));
#4796 = LINE('',#4797,#4798);
#4797 = CARTESIAN_POINT('',(25.75,21.,0.));
#4798 = VECTOR('',#4799,1.);
#4799 = DIRECTION('',(0.,0.,1.));
#4800 = ORIENTED_EDGE('',*,*,#4801,.F.);
#4801 = EDGE_CURVE('',#4763,#4794,#4802,.T.);
#4802 = LINE('',#4803,#4804);
#4803 = CARTESIAN_POINT('',(38.,21.,7.));
#4804 = VECTOR('',#4805,1.);
#4805 = DIRECTION('',(-1.,0.,0.));
#4806 = ORIENTED_EDGE('',*,*,#4762,.F.);
#4807 = PLANE('',#4808);
#4808 = AXIS2_PLACEMENT_3D('',#4809,#4810,#4811);
#4809 = CARTESIAN_POINT('',(25.75,21.,0.));
#4810 = DIRECTION('',(0.,1.,0.));
#4811 = DIRECTION('',(1.,0.,0.));
#4812 = ADVANCED_FACE('',(#4813),#4831,.T.);
#4813 = FACE_BOUND('',#4814,.T.);
#4814 = EDGE_LOOP('',(#4815,#4816,#4824,#4830));
#4815 = ORIENTED_EDGE('',*,*,#1325,.F.);
#4816 = ORIENTED_EDGE('',*,*,#4817,.T.);
#4817 = EDGE_CURVE('',#1318,#4818,#4820,.T.);
#4818 = VERTEX_POINT('',#4819);
#4819 = CARTESIAN_POINT('',(25.75,49.,7.));
#4820 = LINE('',#4821,#4822);
#4821 = CARTESIAN_POINT('',(25.75,49.,0.));
#4822 = VECTOR('',#4823,1.);
#4823 = DIRECTION('',(0.,0.,1.));
#4824 = ORIENTED_EDGE('',*,*,#4825,.F.);
#4825 = EDGE_CURVE('',#4794,#4818,#4826,.T.);
#4826 = LINE('',#4827,#4828);
#4827 = CARTESIAN_POINT('',(25.75,41.5,7.));
#4828 = VECTOR('',#4829,1.);
#4829 = DIRECTION('',(0.,1.,0.));
#4830 = ORIENTED_EDGE('',*,*,#4793,.F.);
#4831 = PLANE('',#4832);
#4832 = AXIS2_PLACEMENT_3D('',#4833,#4834,#4835);
#4833 = CARTESIAN_POINT('',(25.75,49.,0.));
#4834 = DIRECTION('',(1.,0.,0.));
#4835 = DIRECTION('',(0.,-1.,0.));
#4836 = ADVANCED_FACE('',(#4837),#4848,.T.);
#4837 = FACE_BOUND('',#4838,.T.);
#4838 = EDGE_LOOP('',(#4839,#4840,#4841,#4847));
#4839 = ORIENTED_EDGE('',*,*,#1317,.F.);
#4840 = ORIENTED_EDGE('',*,*,#4778,.T.);
#4841 = ORIENTED_EDGE('',*,*,#4842,.F.);
#4842 = EDGE_CURVE('',#4818,#4771,#4843,.T.);
#4843 = LINE('',#4844,#4845);
#4844 = CARTESIAN_POINT('',(62.5,49.,7.));
#4845 = VECTOR('',#4846,1.);
#4846 = DIRECTION('',(1.,0.,0.));
#4847 = ORIENTED_EDGE('',*,*,#4817,.F.);
#4848 = PLANE('',#4849);
#4849 = AXIS2_PLACEMENT_3D('',#4850,#4851,#4852);
#4850 = CARTESIAN_POINT('',(74.75,49.,0.));
#4851 = DIRECTION('',(0.,-1.,0.));
#4852 = DIRECTION('',(-1.,0.,0.));
#4853 = ADVANCED_FACE('',(#4854),#4888,.F.);
#4854 = FACE_BOUND('',#4855,.F.);
#4855 = EDGE_LOOP('',(#4856,#4857,#4865,#4874,#4882));
#4856 = ORIENTED_EDGE('',*,*,#1341,.F.);
#4857 = ORIENTED_EDGE('',*,*,#4858,.T.);
#4858 = EDGE_CURVE('',#1342,#4859,#4861,.T.);
#4859 = VERTEX_POINT('',#4860);
#4860 = CARTESIAN_POINT('',(17.5,57.5,5.400657923215));
#4861 = LINE('',#4862,#4863);
#4862 = CARTESIAN_POINT('',(17.5,57.5,0.));
#4863 = VECTOR('',#4864,1.);
#4864 = DIRECTION('',(0.,0.,1.));
#4865 = ORIENTED_EDGE('',*,*,#4866,.F.);
#4866 = EDGE_CURVE('',#4867,#4859,#4869,.T.);
#4867 = VERTEX_POINT('',#4868);
#4868 = CARTESIAN_POINT('',(17.5,51.,3.));
#4869 = CIRCLE('',#4870,10.);
#4870 = AXIS2_PLACEMENT_3D('',#4871,#4872,#4873);
#4871 = CARTESIAN_POINT('',(17.5,51.,13.));
#4872 = DIRECTION('',(1.,0.,0.));
#4873 = DIRECTION('',(0.,1.,0.));
#4874 = ORIENTED_EDGE('',*,*,#4875,.F.);
#4875 = EDGE_CURVE('',#4876,#4867,#4878,.T.);
#4876 = VERTEX_POINT('',#4877);
#4877 = CARTESIAN_POINT('',(17.5,31.5,3.));
#4878 = LINE('',#4879,#4880);
#4879 = CARTESIAN_POINT('',(17.5,46.374236596195,3.));
#4880 = VECTOR('',#4881,1.);
#4881 = DIRECTION('',(0.,1.,0.));
#4882 = ORIENTED_EDGE('',*,*,#4883,.F.);
#4883 = EDGE_CURVE('',#1344,#4876,#4884,.T.);
#4884 = LINE('',#4885,#4886);
#4885 = CARTESIAN_POINT('',(17.5,31.5,0.));
#4886 = VECTOR('',#4887,1.);
#4887 = DIRECTION('',(0.,0.,1.));
#4888 = PLANE('',#4889);
#4889 = AXIS2_PLACEMENT_3D('',#4890,#4891,#4892);
#4890 = CARTESIAN_POINT('',(17.5,57.5,0.));
#4891 = DIRECTION('',(1.,0.,0.));
#4892 = DIRECTION('',(0.,-1.,0.));
#4893 = ADVANCED_FACE('',(#4894),#5166,.F.);
#4894 = FACE_BOUND('',#4895,.T.);
#4895 = EDGE_LOOP('',(#4896,#4897,#4898,#5160));
#4896 = ORIENTED_EDGE('',*,*,#1351,.F.);
#4897 = ORIENTED_EDGE('',*,*,#4858,.T.);
#4898 = ORIENTED_EDGE('',*,*,#4899,.T.);
#4899 = EDGE_CURVE('',#4859,#4900,#4902,.T.);
#4900 = VERTEX_POINT('',#4901);
#4901 = CARTESIAN_POINT('',(14.5,57.5,5.400657923215));
#4902 = B_SPLINE_CURVE_WITH_KNOTS('',6,(#4903,#4904,#4905,#4906,#4907,
    #4908,#4909,#4910,#4911,#4912,#4913,#4914,#4915,#4916,#4917,#4918,
    #4919,#4920,#4921,#4922,#4923,#4924,#4925,#4926,#4927,#4928,#4929,
    #4930,#4931,#4932,#4933,#4934,#4935,#4936,#4937,#4938,#4939,#4940,
    #4941,#4942,#4943,#4944,#4945,#4946,#4947,#4948,#4949,#4950,#4951,
    #4952,#4953,#4954,#4955,#4956,#4957,#4958,#4959,#4960,#4961,#4962,
    #4963,#4964,#4965,#4966,#4967,#4968,#4969,#4970,#4971,#4972,#4973,
    #4974,#4975,#4976,#4977,#4978,#4979,#4980,#4981,#4982,#4983,#4984,
    #4985,#4986,#4987,#4988,#4989,#4990,#4991,#4992,#4993,#4994,#4995,
    #4996,#4997,#4998,#4999,#5000,#5001,#5002,#5003,#5004,#5005,#5006,
    #5007,#5008,#5009,#5010,#5011,#5012,#5013,#5014,#5015,#5016,#5017,
    #5018,#5019,#5020,#5021,#5022,#5023,#5024,#5025,#5026,#5027,#5028,
    #5029,#5030,#5031,#5032,#5033,#5034,#5035,#5036,#5037,#5038,#5039,
    #5040,#5041,#5042,#5043,#5044,#5045,#5046,#5047,#5048,#5049,#5050,
    #5051,#5052,#5053,#5054,#5055,#5056,#5057,#5058,#5059,#5060,#5061,
    #5062,#5063,#5064,#5065,#5066,#5067,#5068,#5069,#5070,#5071,#5072,
    #5073,#5074,#5075,#5076,#5077,#5078,#5079,#5080,#5081,#5082,#5083,
    #5084,#5085,#5086,#5087,#5088,#5089,#5090,#5091,#5092,#5093,#5094,
    #5095,#5096,#5097,#5098,#5099,#5100,#5101,#5102,#5103,#5104,#5105,
    #5106,#5107,#5108,#5109,#5110,#5111,#5112,#5113,#5114,#5115,#5116,
    #5117,#5118,#5119,#5120,#5121,#5122,#5123,#5124,#5125,#5126,#5127,
    #5128,#5129,#5130,#5131,#5132,#5133,#5134,#5135,#5136,#5137,#5138,
    #5139,#5140,#5141,#5142,#5143,#5144,#5145,#5146,#5147,#5148,#5149,
    #5150,#5151,#5152,#5153,#5154,#5155,#5156,#5157,#5158,#5159),
  .UNSPECIFIED.,.F.,.F.,(7,5,5,5,5,5,5,5,5,5,5,5,5,5,5,5,5,5,5,5,5,5,5,5
    ,5,5,5,5,5,5,5,5,5,5,5,5,5,5,5,5,5,5,5,5,5,5,5,5,5,5,5,7),(0.,
    5.753595662281E-02,0.172058368643,0.281938609727,0.322083371594,
    0.377005636639,0.422425747101,0.448500132597,0.499775634804,
    0.577062044582,0.623104291595,0.67905296362,0.718257220373,
    0.827816816844,0.995084717857,0.995219550296,0.995296592209,
    0.995436221046,0.995522880977,0.995652861906,0.995768391474,
    0.99589353891,0.995975360683,0.99607161613,0.99629298124,
    0.996418086828,0.996533560047,0.996663457249,0.996793343683,
    0.99689435902,0.996995367841,0.997134845502,0.997206984244,
    0.997332016855,0.997457039477,0.997586860087,0.997721477489,
    0.997894539979,0.998053163768,0.998404001621,0.99852413346,
    0.998663474817,0.998778782398,0.998922904897,0.999062210661,
    0.999182291855,0.99932157446,0.999436833416,0.999552083853,
    0.999662524193,0.999816167302,1.),.UNSPECIFIED.);
#4903 = CARTESIAN_POINT('',(17.5,57.5,5.400657923215));
#4904 = CARTESIAN_POINT('',(17.5,57.54596396309,5.439972610864));
#4905 = CARTESIAN_POINT('',(17.498309860682,57.591581783071,
    5.479568973514));
#4906 = CARTESIAN_POINT('',(17.494977269032,57.636795642043,
    5.519394507214));
#4907 = CARTESIAN_POINT('',(17.4900493316,57.681551445373,5.559395420116
    ));
#4908 = CARTESIAN_POINT('',(17.483572574504,57.725798821691,
    5.599516632467));
#4909 = CARTESIAN_POINT('',(17.459709891297,57.856458438873,
    5.719688273858));
#4910 = CARTESIAN_POINT('',(17.437877412845,57.941200162106,
    5.799904245014));
#4911 = CARTESIAN_POINT('',(17.410442888027,58.023468266935,
    5.880013305704));
#4912 = CARTESIAN_POINT('',(17.377688336781,58.103055016784,
    5.959672023137));
#4913 = CARTESIAN_POINT('',(17.339838706713,58.179766855669,6.0385067194
    ));
#4914 = CARTESIAN_POINT('',(17.256035239711,58.324045089983,
    6.190528977277));
#4915 = CARTESIAN_POINT('',(17.210468862396,58.391861805126,
    6.263821675715));
#4916 = CARTESIAN_POINT('',(17.160487106351,58.456732059132,
    6.33565910735));
#4917 = CARTESIAN_POINT('',(17.106145739286,58.518497483619,
    6.40566236408));
#4918 = CARTESIAN_POINT('',(17.047463572772,58.576938267915,
    6.473346772355));
#4919 = CARTESIAN_POINT('',(16.961422269375,58.651780524836,
    6.561738176366));
#4920 = CARTESIAN_POINT('',(16.937818464415,58.671324821817,
    6.584999052194));
#4921 = CARTESIAN_POINT('',(16.913633740903,58.690372323871,
    6.607838417712));
#4922 = CARTESIAN_POINT('',(16.88886782768,58.708906823363,
    6.630223127715));
#4923 = CARTESIAN_POINT('',(16.863520842552,58.726910171259,
    6.652116874699));
#4924 = CARTESIAN_POINT('',(16.802121671042,58.768238597196,
    6.702707454094));
#4925 = CARTESIAN_POINT('',(16.765555705845,58.791088283314,
    6.730948376223));
#4926 = CARTESIAN_POINT('',(16.727906312725,58.812852568148,
    6.75809247311));
#4927 = CARTESIAN_POINT('',(16.689186148747,58.833469023447,
    6.784022240316));
#4928 = CARTESIAN_POINT('',(16.649409612011,58.852871560031,
    6.808613151095));
#4929 = CARTESIAN_POINT('',(16.574837820483,58.885974532592,
    6.850854060557));
#4930 = CARTESIAN_POINT('',(16.540367681135,58.900082100484,
    6.868971038876));
#4931 = CARTESIAN_POINT('',(16.505214545302,58.913263254339,
    6.885996552439));
#4932 = CARTESIAN_POINT('',(16.469411427708,58.925470571141,
    6.901846049497));
#4933 = CARTESIAN_POINT('',(16.432992236099,58.936659081988,
    6.91643846547));
#4934 = CARTESIAN_POINT('',(16.374750863316,58.952600002089,
    6.937307122078));
#4935 = CARTESIAN_POINT('',(16.353322700796,58.958062788395,
    6.944476745087));
#4936 = CARTESIAN_POINT('',(16.331717164979,58.963165738894,
    6.951189387341));
#4937 = CARTESIAN_POINT('',(16.309945623965,58.967900447141,
    6.957430250689));
#4938 = CARTESIAN_POINT('',(16.288020932652,58.972258992361,
    6.963185443455));
#4939 = CARTESIAN_POINT('',(16.222569371366,58.984050706901,
    6.97877900542));
#4940 = CARTESIAN_POINT('',(16.178624918026,58.99038775641,
    6.987192698199));
#4941 = CARTESIAN_POINT('',(16.134259691867,58.995182440146,
    6.993576481632));
#4942 = CARTESIAN_POINT('',(16.089609871702,58.998393517248,
    6.997858080782));
#4943 = CARTESIAN_POINT('',(16.044811535521,59.,7.));
#4944 = CARTESIAN_POINT('',(15.932456581642,59.,7.));
#4945 = CARTESIAN_POINT('',(15.865005373635,58.99635005889,
    6.995133965301));
#4946 = CARTESIAN_POINT('',(15.798062910509,58.98907005705,
    6.985425719232));
#4947 = CARTESIAN_POINT('',(15.732049999846,58.978259776521,
    6.971059931444));
#4948 = CARTESIAN_POINT('',(15.667387241512,58.964110764741,
    6.952377166869));
#4949 = CARTESIAN_POINT('',(15.567020761965,58.936675978527,
    6.916459984937));
#4950 = CARTESIAN_POINT('',(15.530146642094,58.925345355048,
    6.901682105042));
#4951 = CARTESIAN_POINT('',(15.493904231043,58.91297041921,
    6.885615773776));
#4952 = CARTESIAN_POINT('',(15.458328648248,58.899597836738,
    6.868345121723));
#4953 = CARTESIAN_POINT('',(15.423454088798,58.8852768477,6.849957931275
    ));
#4954 = CARTESIAN_POINT('',(15.347827957001,58.851567478766,
    6.806956603164));
#4955 = CARTESIAN_POINT('',(15.307420299383,58.831749484713,
    6.78185027539));
#4956 = CARTESIAN_POINT('',(15.26810737954,58.810678551957,
    6.755364935134));
#4957 = CARTESIAN_POINT('',(15.229903899565,58.788423952362,
    6.727631223231));
#4958 = CARTESIAN_POINT('',(15.192822734676,58.765050962053,
    6.698772139537));
#4959 = CARTESIAN_POINT('',(15.131685651924,58.723502243519,
    6.647973221178));
#4960 = CARTESIAN_POINT('',(15.107048752457,58.705861811286,
    6.626543994839));
#4961 = CARTESIAN_POINT('',(15.082964718494,58.687718064796,
    6.604651734903));
#4962 = CARTESIAN_POINT('',(15.059433655118,58.669087721138,
    6.582329920775));
#4963 = CARTESIAN_POINT('',(15.036455288816,58.649985714403,
    6.559609140267));
#4964 = CARTESIAN_POINT('',(14.951356724258,58.575761679161,
    6.471984409687));
#4965 = CARTESIAN_POINT('',(14.892984555184,58.517507175853,
    6.404540316052));
#4966 = CARTESIAN_POINT('',(14.838917807586,58.455957730039,
    6.334801986852));
#4967 = CARTESIAN_POINT('',(14.789175439068,58.391330000614,
    6.263247371538));
#4968 = CARTESIAN_POINT('',(14.74381285895,58.323780361797,
    6.190250594485));
#4969 = CARTESIAN_POINT('',(14.640550239921,58.146008855419,6.0029359381
    ));
#4970 = CARTESIAN_POINT('',(14.588561984166,58.031931217748,5.8869786154
    ));
#4971 = CARTESIAN_POINT('',(14.547609376267,57.911877032224,
    5.76964216201));
#4972 = CARTESIAN_POINT('',(14.518505679947,57.786534713809,
    5.65210960376));
#4973 = CARTESIAN_POINT('',(14.502273223457,57.656709384178,
    5.535477188467));
#4974 = CARTESIAN_POINT('',(14.500182750697,57.523414316607,
    5.420747683713));
#4975 = CARTESIAN_POINT('',(14.500181076145,57.523306953775,
    5.420655277734));
#4976 = CARTESIAN_POINT('',(14.500179410787,57.523199588956,
    5.420562873223));
#4977 = CARTESIAN_POINT('',(14.500177754624,57.523092222151,
    5.42047047018));
#4978 = CARTESIAN_POINT('',(14.500176107656,57.522984853362,
    5.420378068606));
#4979 = CARTESIAN_POINT('',(14.500173534076,57.522816132,5.420232872002)
  );
#4980 = CARTESIAN_POINT('',(14.500172601272,57.522754780762,
    5.420180075983));
#4981 = CARTESIAN_POINT('',(14.500171671469,57.522693428876,
    5.420127280443));
#4982 = CARTESIAN_POINT('',(14.50017074467,57.522632076344,
    5.420074485383));
#4983 = CARTESIAN_POINT('',(14.500169820873,57.522570723164,
    5.420021690804));
#4984 = CARTESIAN_POINT('',(14.500167231254,57.522398173195,
    5.419873214001));
#4985 = CARTESIAN_POINT('',(14.500165572292,57.522286974928,
    5.419777532874));
#4986 = CARTESIAN_POINT('',(14.500163923195,57.522175774536,
    5.419681853327));
#4987 = CARTESIAN_POINT('',(14.500162283961,57.522064572021,
    5.419586175359));
#4988 = CARTESIAN_POINT('',(14.500160654593,57.521953367384,
    5.419490498971));
#4989 = CARTESIAN_POINT('',(14.500158029955,57.521773140713,
    5.419335444081));
#4990 = CARTESIAN_POINT('',(14.500157028619,57.521704119983,
    5.419276064606));
#4991 = CARTESIAN_POINT('',(14.500156031084,57.521635098436,
    5.41921668574));
#4992 = CARTESIAN_POINT('',(14.50015503735,57.521566076073,
    5.419157307484));
#4993 = CARTESIAN_POINT('',(14.500154047416,57.521497052893,
    5.419097929837));
#4994 = CARTESIAN_POINT('',(14.500151582186,57.521324500045,
    5.418949493391));
#4995 = CARTESIAN_POINT('',(14.50015011164,57.521220969357,
    5.418860435353));
#4996 = CARTESIAN_POINT('',(14.500148649646,57.521117436832,
    5.418771378687));
#4997 = CARTESIAN_POINT('',(14.500147196203,57.521013902473,
    5.418682323396));
#4998 = CARTESIAN_POINT('',(14.500145751313,57.520910366279,
    5.418593269478));
#4999 = CARTESIAN_POINT('',(14.500143038332,57.520714801646,
    5.41842506531));
#5000 = CARTESIAN_POINT('',(14.500141768445,57.520622773592,
    5.41834591477));
#5001 = CARTESIAN_POINT('',(14.500140505316,57.52053074409,
    5.418266765317));
#5002 = CARTESIAN_POINT('',(14.500139248944,57.520438713141,
    5.418187616951));
#5003 = CARTESIAN_POINT('',(14.50013799933,57.520346680744,
    5.418108469673));
#5004 = CARTESIAN_POINT('',(14.500135410151,57.520154951216,
    5.417943588351));
#5005 = CARTESIAN_POINT('',(14.500134071758,57.520055253833,
    5.417857854496));
#5006 = CARTESIAN_POINT('',(14.500132741297,57.519955554754,
    5.417772121918));
#5007 = CARTESIAN_POINT('',(14.500131418767,57.519855853978,
    5.417686390619));
#5008 = CARTESIAN_POINT('',(14.500130104169,57.519756151507,
    5.417600660597));
#5009 = CARTESIAN_POINT('',(14.500127943202,57.519591260456,
    5.417458882144));
#5010 = CARTESIAN_POINT('',(14.500127092291,57.519526072846,
    5.417402832979));
#5011 = CARTESIAN_POINT('',(14.500126244771,57.519460884511,
    5.417346784362));
#5012 = CARTESIAN_POINT('',(14.500125400642,57.519395695453,
    5.417290736291));
#5013 = CARTESIAN_POINT('',(14.500124559905,57.51933050567,
    5.417234688768));
#5014 = CARTESIAN_POINT('',(14.500122737501,57.519188624804,
    5.417112707916));
#5015 = CARTESIAN_POINT('',(14.500121757138,57.519111933442,
    5.417046774797));
#5016 = CARTESIAN_POINT('',(14.500120781467,57.519035241079,
    5.416980842436));
#5017 = CARTESIAN_POINT('',(14.500119810491,57.518958547715,
    5.416914910834));
#5018 = CARTESIAN_POINT('',(14.500118844209,57.518881853351,
    5.41684897999));
#5019 = CARTESIAN_POINT('',(14.500115671193,57.518628776508,
    5.416631426062));
#5020 = CARTESIAN_POINT('',(14.500113484593,57.518452389739,
    5.416479806233));
#5021 = CARTESIAN_POINT('',(14.500111322823,57.518275997683,
    5.41632819042));
#5022 = CARTESIAN_POINT('',(14.500109185886,57.518099600344,
    5.416176578627));
#5023 = CARTESIAN_POINT('',(14.500107073786,57.517923197725,
    5.416024970857));
#5024 = CARTESIAN_POINT('',(14.500103806897,57.517647092036,
    5.415787687508));
#5025 = CARTESIAN_POINT('',(14.500102635204,57.517547392556,
    5.415702009188));
#5026 = CARTESIAN_POINT('',(14.500101471445,57.517447691392,
    5.415616332155));
#5027 = CARTESIAN_POINT('',(14.500100315621,57.517347988544,
    5.415530656409));
#5028 = CARTESIAN_POINT('',(14.500099167731,57.517248284013,
    5.415444981951));
#5029 = CARTESIAN_POINT('',(14.500096975592,57.517056548357,
    5.415280231925));
#5030 = CARTESIAN_POINT('',(14.500095930168,57.516964517482,
    5.415201156165));
#5031 = CARTESIAN_POINT('',(14.500094891504,57.516872485173,
    5.415122081504));
#5032 = CARTESIAN_POINT('',(14.500093859602,57.516780451432,
    5.415043007941));
#5033 = CARTESIAN_POINT('',(14.500092834461,57.51668841626,
    5.414963935477));
#5034 = CARTESIAN_POINT('',(14.500090670496,57.516492846582,
    5.414795915792));
#5035 = CARTESIAN_POINT('',(14.500089533467,57.516389311697,
    5.414706968863));
#5036 = CARTESIAN_POINT('',(14.500088404995,57.516285775001,
    5.414618023326));
#5037 = CARTESIAN_POINT('',(14.500087285081,57.516182236496,
    5.414529079181));
#5038 = CARTESIAN_POINT('',(14.500086173725,57.516078696181,
    5.41444013643));
#5039 = CARTESIAN_POINT('',(14.500083968223,57.51587162052,5.41426226109
    ));
#5040 = CARTESIAN_POINT('',(14.500082874075,57.515768085173,5.4141733285
    ));
#5041 = CARTESIAN_POINT('',(14.500081788485,57.515664548019,
    5.414084397305));
#5042 = CARTESIAN_POINT('',(14.500080711454,57.515561009059,
    5.413995467505));
#5043 = CARTESIAN_POINT('',(14.500079642982,57.515457468293,
    5.413906539101));
#5044 = CARTESIAN_POINT('',(14.500077758755,57.515273398546,
    5.413748451741));
#5045 = CARTESIAN_POINT('',(14.500076939617,57.515192870279,
    5.413679292233));
#5046 = CARTESIAN_POINT('',(14.500076125656,57.51511234092,5.41361013357
    ));
#5047 = CARTESIAN_POINT('',(14.500075316874,57.515031810471,
    5.413540975753));
#5048 = CARTESIAN_POINT('',(14.500074513269,57.51495127893,
    5.413471818781));
#5049 = CARTESIAN_POINT('',(14.500072916469,57.514790218863,
    5.41333351099));
#5050 = CARTESIAN_POINT('',(14.500072123272,57.514709690336,
    5.41326436017));
#5051 = CARTESIAN_POINT('',(14.500071335253,57.51462916072,
    5.413195210197));
#5052 = CARTESIAN_POINT('',(14.500070552412,57.514548630014,
    5.41312606107));
#5053 = CARTESIAN_POINT('',(14.500069774749,57.514468098218,
    5.41305691279));
#5054 = CARTESIAN_POINT('',(14.500067935585,57.514276361797,
    5.412892283378));
#5055 = CARTESIAN_POINT('',(14.500066878778,57.514165156183,
    5.412796803014));
#5056 = CARTESIAN_POINT('',(14.500065831846,57.514053948494,
    5.412701324267));
#5057 = CARTESIAN_POINT('',(14.50006479479,57.513942738731,
    5.412605847136));
#5058 = CARTESIAN_POINT('',(14.500063767611,57.513831526895,
    5.412510371624));
#5059 = CARTESIAN_POINT('',(14.500062224153,57.513662792438,
    5.412365518019));
#5060 = CARTESIAN_POINT('',(14.50006170064,57.513605271336,
    5.412316138741));
#5061 = CARTESIAN_POINT('',(14.500061179769,57.51354774968,
    5.412266759896));
#5062 = CARTESIAN_POINT('',(14.500060661541,57.51349022747,
    5.412217381484));
#5063 = CARTESIAN_POINT('',(14.500060145955,57.513432704705,
    5.412168003506));
#5064 = CARTESIAN_POINT('',(14.500058743965,57.513275480582,
    5.412033043607));
#5065 = CARTESIAN_POINT('',(14.500057862857,57.513175778114,
    5.411947462556));
#5066 = CARTESIAN_POINT('',(14.500056989688,57.513076073982,
    5.411861882807));
#5067 = CARTESIAN_POINT('',(14.500056124458,57.512976368188,
    5.411776304362));
#5068 = CARTESIAN_POINT('',(14.500055267168,57.512876660733,
    5.411690727221));
#5069 = CARTESIAN_POINT('',(14.500053568536,57.512677250465,
    5.411519582384));
#5070 = CARTESIAN_POINT('',(14.500052727193,57.512577547653,
    5.411434014689));
#5071 = CARTESIAN_POINT('',(14.500051893789,57.512477843181,
    5.411348448298));
#5072 = CARTESIAN_POINT('',(14.500051068326,57.51237813705,
    5.411262883214));
#5073 = CARTESIAN_POINT('',(14.500050250803,57.51227842926,
    5.411177319435));
#5074 = CARTESIAN_POINT('',(14.500048600569,57.512075183818,
    5.411002910864));
#5075 = CARTESIAN_POINT('',(14.500047768479,57.511971646035,
    5.410914066173));
#5076 = CARTESIAN_POINT('',(14.500046944952,57.511868106466,
    5.410825222892));
#5077 = CARTESIAN_POINT('',(14.500046129988,57.511764565111,
    5.410736381021));
#5078 = CARTESIAN_POINT('',(14.500045323588,57.511661021969,
    5.410647540562));
#5079 = CARTESIAN_POINT('',(14.500043698437,57.511450106196,
    5.410466579919));
#5080 = CARTESIAN_POINT('',(14.500042880331,57.51134273343,
    5.410374459841));
#5081 = CARTESIAN_POINT('',(14.500042071434,57.511235358746,
    5.410282341283));
#5082 = CARTESIAN_POINT('',(14.500041271747,57.511127982144,
    5.410190224243));
#5083 = CARTESIAN_POINT('',(14.500040481271,57.511020603625,
    5.410098108725));
#5084 = CARTESIAN_POINT('',(14.500038695621,57.510775176213,
    5.409887574094));
#5085 = CARTESIAN_POINT('',(14.500037706459,57.51063712607,
    5.409769155976));
#5086 = CARTESIAN_POINT('',(14.500036732523,57.510499072761,
    5.409650740373));
#5087 = CARTESIAN_POINT('',(14.500035773814,57.51036101629,
    5.409532327287));
#5088 = CARTESIAN_POINT('',(14.500034830331,57.510222956658,
    5.40941391672));
#5089 = CARTESIAN_POINT('',(14.500033051269,57.509958349733,
    5.409186979477));
#5090 = CARTESIAN_POINT('',(14.500032213254,57.509831802945,
    5.409078452399));
#5091 = CARTESIAN_POINT('',(14.500031388034,57.509705253504,
    5.408969927439));
#5092 = CARTESIAN_POINT('',(14.50003057561,57.509578701412,
    5.408861404598));
#5093 = CARTESIAN_POINT('',(14.500029775982,57.50945214667,
    5.408752883879));
#5094 = CARTESIAN_POINT('',(14.500027248872,57.509045674622,
    5.40840434812));
#5095 = CARTESIAN_POINT('',(14.500025571197,57.508765747008,
    5.408164341339));
#5096 = CARTESIAN_POINT('',(14.500023956138,57.508485806452,
    5.407924344953));
#5097 = CARTESIAN_POINT('',(14.500022403705,57.508205852969,
    5.407684358977));
#5098 = CARTESIAN_POINT('',(14.500020913908,57.507925886574,
    5.407444383422));
#5099 = CARTESIAN_POINT('',(14.500018998083,57.507550038416,
    5.407122250855));
#5100 = CARTESIAN_POINT('',(14.500018516753,57.507454168037,
    5.407040084631));
#5101 = CARTESIAN_POINT('',(14.500018042768,57.507358296146,
    5.40695791963));
#5102 = CARTESIAN_POINT('',(14.500017576129,57.507262422745,
    5.406875755854));
#5103 = CARTESIAN_POINT('',(14.500017116836,57.507166547833,
    5.406793593303));
#5104 = CARTESIAN_POINT('',(14.500016140677,57.506959464002,
    5.406616132759));
#5105 = CARTESIAN_POINT('',(14.500015626349,57.506848254562,
    5.406520835188));
#5106 = CARTESIAN_POINT('',(14.500015121905,57.50673704309,
    5.406425539268));
#5107 = CARTESIAN_POINT('',(14.500014627347,57.50662582959,
    5.406330244998));
#5108 = CARTESIAN_POINT('',(14.500014142676,57.506514614061,
    5.40623495238));
#5109 = CARTESIAN_POINT('',(14.500013274998,57.506311361895,
    5.406060806356));
#5110 = CARTESIAN_POINT('',(14.500012888876,57.506219325897,
    5.40598195243));
#5111 = CARTESIAN_POINT('',(14.500012509524,57.506127288511,
    5.405903099635));
#5112 = CARTESIAN_POINT('',(14.500012136944,57.506035249738,
    5.405824247973));
#5113 = CARTESIAN_POINT('',(14.500011771136,57.505943209578,
    5.405745397445));
#5114 = CARTESIAN_POINT('',(14.500010963341,57.50573612566,
    5.405567994495));
#5115 = CARTESIAN_POINT('',(14.500010525162,57.505621081122,
    5.405469442712));
#5116 = CARTESIAN_POINT('',(14.500010097564,57.505506034419,5.4053708927
    ));
#5117 = CARTESIAN_POINT('',(14.500009680547,57.505390985553,
    5.405272344461));
#5118 = CARTESIAN_POINT('',(14.500009274111,57.505275934524,
    5.405173797996));
#5119 = CARTESIAN_POINT('',(14.500008495635,57.505049673349,
    5.404980002087));
#5120 = CARTESIAN_POINT('',(14.500008122899,57.504938463345,
    5.404884752527));
#5121 = CARTESIAN_POINT('',(14.500007760051,57.504827251322,
    5.404789504625));
#5122 = CARTESIAN_POINT('',(14.500007407091,57.504716037282,
    5.404694258383));
#5123 = CARTESIAN_POINT('',(14.50000706402,57.504604821225,
    5.404599013802));
#5124 = CARTESIAN_POINT('',(14.500006443637,57.504397733473,
    5.40442167174));
#5125 = CARTESIAN_POINT('',(14.500006163784,57.504301862295,
    5.404339573834));
#5126 = CARTESIAN_POINT('',(14.500005891279,57.504205989621,
    5.404257477162));
#5127 = CARTESIAN_POINT('',(14.500005626124,57.50411011545,
    5.404175381725));
#5128 = CARTESIAN_POINT('',(14.500005368319,57.504014239784,
    5.404093287525));
#5129 = CARTESIAN_POINT('',(14.50000482736,57.503807154359,
    5.403915974639));
#5130 = CARTESIAN_POINT('',(14.500004546745,57.503695944085,
    5.403820756381));
#5131 = CARTESIAN_POINT('',(14.500004276019,57.5035847318,5.403725539788
    ));
#5132 = CARTESIAN_POINT('',(14.500004015183,57.503473517505,
    5.403630324859));
#5133 = CARTESIAN_POINT('',(14.500003764238,57.503362301202,
    5.403535111597));
#5134 = CARTESIAN_POINT('',(14.500003323708,57.50315904766,
    5.403361110628));
#5135 = CARTESIAN_POINT('',(14.500003131004,57.503067011055,
    5.403282322397));
#5136 = CARTESIAN_POINT('',(14.500002945075,57.502974973076,
    5.403203535307));
#5137 = CARTESIAN_POINT('',(14.50000276592,57.502882933722,5.40312474936
    ));
#5138 = CARTESIAN_POINT('',(14.50000259354,57.502790892995,
    5.403045964555));
#5139 = CARTESIAN_POINT('',(14.500002262341,57.502606815599,
    5.402888403057));
#5140 = CARTESIAN_POINT('',(14.500002103521,57.502514778929,
    5.402809626363));
#5141 = CARTESIAN_POINT('',(14.500001951476,57.502422740888,
    5.402730850812));
#5142 = CARTESIAN_POINT('',(14.500001806206,57.502330701475,
    5.402652076406));
#5143 = CARTESIAN_POINT('',(14.500001667711,57.50223866069,
    5.402573303144));
#5144 = CARTESIAN_POINT('',(14.500001409769,57.502058417855,
    5.402419046546));
#5145 = CARTESIAN_POINT('',(14.500001289768,57.501970215916,
    5.402343563117));
#5146 = CARTESIAN_POINT('',(14.50000117599,57.501882012718,5.40226808074
    ));
#5147 = CARTESIAN_POINT('',(14.500001068434,57.501793808263,
    5.402192599415));
#5148 = CARTESIAN_POINT('',(14.5000009671,57.501705602551,5.402117119142
    ));
#5149 = CARTESIAN_POINT('',(14.500000739673,57.50149468324,
    5.401936634254));
#5150 = CARTESIAN_POINT('',(14.500000619401,57.501371968465,
    5.401831630623));
#5151 = CARTESIAN_POINT('',(14.500000511174,57.501249251259,
    5.401726629032));
#5152 = CARTESIAN_POINT('',(14.500000414992,57.501126531623,
    5.401621629481));
#5153 = CARTESIAN_POINT('',(14.500000330857,57.501003809559,
    5.401516631973));
#5154 = CARTESIAN_POINT('',(14.500000172519,57.500734246236,
    5.401286010307));
#5155 = CARTESIAN_POINT('',(14.500000103514,57.50058740393,
    5.401160387031));
#5156 = CARTESIAN_POINT('',(14.500000051759,57.500440558151,
    5.401034766683));
#5157 = CARTESIAN_POINT('',(14.500000017253,57.500293708902,
    5.400909149262));
#5158 = CARTESIAN_POINT('',(14.5,57.500146856184,5.400783534772));
#5159 = CARTESIAN_POINT('',(14.5,57.5,5.400657923215));
#5160 = ORIENTED_EDGE('',*,*,#5161,.F.);
#5161 = EDGE_CURVE('',#1352,#4900,#5162,.T.);
#5162 = LINE('',#5163,#5164);
#5163 = CARTESIAN_POINT('',(14.5,57.5,0.));
#5164 = VECTOR('',#5165,1.);
#5165 = DIRECTION('',(0.,0.,1.));
#5166 = CYLINDRICAL_SURFACE('',#5167,1.5);
#5167 = AXIS2_PLACEMENT_3D('',#5168,#5169,#5170);
#5168 = CARTESIAN_POINT('',(16.,57.5,0.));
#5169 = DIRECTION('',(-0.,-0.,-1.));
#5170 = DIRECTION('',(1.,0.,0.));
#5171 = ADVANCED_FACE('',(#5172),#5191,.F.);
#5172 = FACE_BOUND('',#5173,.T.);
#5173 = EDGE_LOOP('',(#5174,#5175,#5183,#5190));
#5174 = ORIENTED_EDGE('',*,*,#1368,.F.);
#5175 = ORIENTED_EDGE('',*,*,#5176,.T.);
#5176 = EDGE_CURVE('',#1361,#5177,#5179,.T.);
#5177 = VERTEX_POINT('',#5178);
#5178 = CARTESIAN_POINT('',(14.5,31.5,3.));
#5179 = LINE('',#5180,#5181);
#5180 = CARTESIAN_POINT('',(14.5,31.5,0.));
#5181 = VECTOR('',#5182,1.);
#5182 = DIRECTION('',(0.,0.,1.));
#5183 = ORIENTED_EDGE('',*,*,#5184,.F.);
#5184 = EDGE_CURVE('',#4876,#5177,#5185,.T.);
#5185 = CIRCLE('',#5186,1.5);
#5186 = AXIS2_PLACEMENT_3D('',#5187,#5188,#5189);
#5187 = CARTESIAN_POINT('',(16.,31.5,3.));
#5188 = DIRECTION('',(0.,0.,-1.));
#5189 = DIRECTION('',(1.,0.,0.));
#5190 = ORIENTED_EDGE('',*,*,#4883,.F.);
#5191 = CYLINDRICAL_SURFACE('',#5192,1.5);
#5192 = AXIS2_PLACEMENT_3D('',#5193,#5194,#5195);
#5193 = CARTESIAN_POINT('',(16.,31.5,0.));
#5194 = DIRECTION('',(-0.,-0.,-1.));
#5195 = DIRECTION('',(1.,0.,0.));
#5196 = ADVANCED_FACE('',(#5197),#5217,.T.);
#5197 = FACE_BOUND('',#5198,.T.);
#5198 = EDGE_LOOP('',(#5199,#5200,#5201,#5210,#5216));
#5199 = ORIENTED_EDGE('',*,*,#1360,.F.);
#5200 = ORIENTED_EDGE('',*,*,#5161,.T.);
#5201 = ORIENTED_EDGE('',*,*,#5202,.F.);
#5202 = EDGE_CURVE('',#5203,#4900,#5205,.T.);
#5203 = VERTEX_POINT('',#5204);
#5204 = CARTESIAN_POINT('',(14.5,51.,3.));
#5205 = CIRCLE('',#5206,10.);
#5206 = AXIS2_PLACEMENT_3D('',#5207,#5208,#5209);
#5207 = CARTESIAN_POINT('',(14.5,51.,13.));
#5208 = DIRECTION('',(1.,0.,0.));
#5209 = DIRECTION('',(0.,1.,0.));
#5210 = ORIENTED_EDGE('',*,*,#5211,.F.);
#5211 = EDGE_CURVE('',#5177,#5203,#5212,.T.);
#5212 = LINE('',#5213,#5214);
#5213 = CARTESIAN_POINT('',(14.5,46.374236596195,3.));
#5214 = VECTOR('',#5215,1.);
#5215 = DIRECTION('',(0.,1.,0.));
#5216 = ORIENTED_EDGE('',*,*,#5176,.F.);
#5217 = PLANE('',#5218);
#5218 = AXIS2_PLACEMENT_3D('',#5219,#5220,#5221);
#5219 = CARTESIAN_POINT('',(14.5,57.5,0.));
#5220 = DIRECTION('',(1.,0.,0.));
#5221 = DIRECTION('',(0.,-1.,0.));
#5222 = ADVANCED_FACE('',(#5223),#5242,.F.);
#5223 = FACE_BOUND('',#5224,.T.);
#5224 = EDGE_LOOP('',(#5225,#5233,#5234,#5235));
#5225 = ORIENTED_EDGE('',*,*,#5226,.F.);
#5226 = EDGE_CURVE('',#1378,#5227,#5229,.T.);
#5227 = VERTEX_POINT('',#5228);
#5228 = CARTESIAN_POINT('',(51.95,55.,2.));
#5229 = LINE('',#5230,#5231);
#5230 = CARTESIAN_POINT('',(51.95,55.,0.));
#5231 = VECTOR('',#5232,1.);
#5232 = DIRECTION('',(0.,0.,1.));
#5233 = ORIENTED_EDGE('',*,*,#1377,.F.);
#5234 = ORIENTED_EDGE('',*,*,#5226,.T.);
#5235 = ORIENTED_EDGE('',*,*,#5236,.F.);
#5236 = EDGE_CURVE('',#5227,#5227,#5237,.T.);
#5237 = CIRCLE('',#5238,1.7);
#5238 = AXIS2_PLACEMENT_3D('',#5239,#5240,#5241);
#5239 = CARTESIAN_POINT('',(50.25,55.,2.));
#5240 = DIRECTION('',(0.,0.,-1.));
#5241 = DIRECTION('',(1.,0.,0.));
#5242 = CYLINDRICAL_SURFACE('',#5243,1.7);
#5243 = AXIS2_PLACEMENT_3D('',#5244,#5245,#5246);
#5244 = CARTESIAN_POINT('',(50.25,55.,0.));
#5245 = DIRECTION('',(-0.,-0.,-1.));
#5246 = DIRECTION('',(1.,0.,0.));
#5247 = ADVANCED_FACE('',(#5248),#5282,.F.);
#5248 = FACE_BOUND('',#5249,.F.);
#5249 = EDGE_LOOP('',(#5250,#5251,#5259,#5268,#5276));
#5250 = ORIENTED_EDGE('',*,*,#1388,.F.);
#5251 = ORIENTED_EDGE('',*,*,#5252,.T.);
#5252 = EDGE_CURVE('',#1389,#5253,#5255,.T.);
#5253 = VERTEX_POINT('',#5254);
#5254 = CARTESIAN_POINT('',(11.5,57.5,5.400657923215));
#5255 = LINE('',#5256,#5257);
#5256 = CARTESIAN_POINT('',(11.5,57.5,0.));
#5257 = VECTOR('',#5258,1.);
#5258 = DIRECTION('',(0.,0.,1.));
#5259 = ORIENTED_EDGE('',*,*,#5260,.F.);
#5260 = EDGE_CURVE('',#5261,#5253,#5263,.T.);
#5261 = VERTEX_POINT('',#5262);
#5262 = CARTESIAN_POINT('',(11.5,51.,3.));
#5263 = CIRCLE('',#5264,10.);
#5264 = AXIS2_PLACEMENT_3D('',#5265,#5266,#5267);
#5265 = CARTESIAN_POINT('',(11.5,51.,13.));
#5266 = DIRECTION('',(1.,0.,0.));
#5267 = DIRECTION('',(0.,1.,0.));
#5268 = ORIENTED_EDGE('',*,*,#5269,.F.);
#5269 = EDGE_CURVE('',#5270,#5261,#5272,.T.);
#5270 = VERTEX_POINT('',#5271);
#5271 = CARTESIAN_POINT('',(11.5,47.5,3.));
#5272 = LINE('',#5273,#5274);
#5273 = CARTESIAN_POINT('',(11.5,46.374236596195,3.));
#5274 = VECTOR('',#5275,1.);
#5275 = DIRECTION('',(0.,1.,0.));
#5276 = ORIENTED_EDGE('',*,*,#5277,.F.);
#5277 = EDGE_CURVE('',#1391,#5270,#5278,.T.);
#5278 = LINE('',#5279,#5280);
#5279 = CARTESIAN_POINT('',(11.5,47.5,0.));
#5280 = VECTOR('',#5281,1.);
#5281 = DIRECTION('',(0.,0.,1.));
#5282 = PLANE('',#5283);
#5283 = AXIS2_PLACEMENT_3D('',#5284,#5285,#5286);
#5284 = CARTESIAN_POINT('',(11.5,57.5,0.));
#5285 = DIRECTION('',(1.,0.,0.));
#5286 = DIRECTION('',(0.,-1.,0.));
#5287 = ADVANCED_FACE('',(#5288),#5500,.F.);
#5288 = FACE_BOUND('',#5289,.T.);
#5289 = EDGE_LOOP('',(#5290,#5291,#5292,#5494));
#5290 = ORIENTED_EDGE('',*,*,#1398,.F.);
#5291 = ORIENTED_EDGE('',*,*,#5252,.T.);
#5292 = ORIENTED_EDGE('',*,*,#5293,.T.);
#5293 = EDGE_CURVE('',#5253,#5294,#5296,.T.);
#5294 = VERTEX_POINT('',#5295);
#5295 = CARTESIAN_POINT('',(8.5,57.5,5.400657923215));
#5296 = B_SPLINE_CURVE_WITH_KNOTS('',6,(#5297,#5298,#5299,#5300,#5301,
    #5302,#5303,#5304,#5305,#5306,#5307,#5308,#5309,#5310,#5311,#5312,
    #5313,#5314,#5315,#5316,#5317,#5318,#5319,#5320,#5321,#5322,#5323,
    #5324,#5325,#5326,#5327,#5328,#5329,#5330,#5331,#5332,#5333,#5334,
    #5335,#5336,#5337,#5338,#5339,#5340,#5341,#5342,#5343,#5344,#5345,
    #5346,#5347,#5348,#5349,#5350,#5351,#5352,#5353,#5354,#5355,#5356,
    #5357,#5358,#5359,#5360,#5361,#5362,#5363,#5364,#5365,#5366,#5367,
    #5368,#5369,#5370,#5371,#5372,#5373,#5374,#5375,#5376,#5377,#5378,
    #5379,#5380,#5381,#5382,#5383,#5384,#5385,#5386,#5387,#5388,#5389,
    #5390,#5391,#5392,#5393,#5394,#5395,#5396,#5397,#5398,#5399,#5400,
    #5401,#5402,#5403,#5404,#5405,#5406,#5407,#5408,#5409,#5410,#5411,
    #5412,#5413,#5414,#5415,#5416,#5417,#5418,#5419,#5420,#5421,#5422,
    #5423,#5424,#5425,#5426,#5427,#5428,#5429,#5430,#5431,#5432,#5433,
    #5434,#5435,#5436,#5437,#5438,#5439,#5440,#5441,#5442,#5443,#5444,
    #5445,#5446,#5447,#5448,#5449,#5450,#5451,#5452,#5453,#5454,#5455,
    #5456,#5457,#5458,#5459,#5460,#5461,#5462,#5463,#5464,#5465,#5466,
    #5467,#5468,#5469,#5470,#5471,#5472,#5473,#5474,#5475,#5476,#5477,
    #5478,#5479,#5480,#5481,#5482,#5483,#5484,#5485,#5486,#5487,#5488,
    #5489,#5490,#5491,#5492,#5493),.UNSPECIFIED.,.F.,.F.,(7,5,5,5,5,5,5,
    5,5,5,5,5,5,5,5,5,5,5,5,5,5,5,5,5,5,5,5,5,5,5,5,5,5,5,5,5,5,5,5,7),(
    0.,5.753601342728E-02,0.172058529198,0.281938869826,0.322083668062,
    0.377005982863,0.422426134473,0.448500543591,0.499776092253,
    0.577062572056,0.623104850617,0.67905354815,0.718257822776,
    0.827817462687,0.995402574299,0.995494049386,0.99573956143,
    0.995831016884,0.995970596511,0.996293026094,0.996408507132,
    0.996543224258,0.996653876091,0.996735657206,0.996870346208,
    0.997163735716,0.997375326805,0.997644583178,0.997764771953,
    0.997899372414,0.998038767819,0.998110864012,0.998519346279,
    0.998629858413,0.999100648531,0.999326385237,0.9994848617,
    0.999624115597,0.999787362945,1.),.UNSPECIFIED.);
#5297 = CARTESIAN_POINT('',(11.5,57.5,5.400657923215));
#5298 = CARTESIAN_POINT('',(11.5,57.545963959338,5.439972607654));
#5299 = CARTESIAN_POINT('',(11.498309860336,57.591581783971,
    5.479568974406));
#5300 = CARTESIAN_POINT('',(11.494977268707,57.636795645704,
    5.51939451046));
#5301 = CARTESIAN_POINT('',(11.490049331773,57.681551446432,
    5.55939542096));
#5302 = CARTESIAN_POINT('',(11.483572575153,57.725798818137,
    5.599516629198));
#5303 = CARTESIAN_POINT('',(11.459709891297,57.856458438873,
    5.719688273858));
#5304 = CARTESIAN_POINT('',(11.437877412845,57.941200162106,
    5.799904245014));
#5305 = CARTESIAN_POINT('',(11.410442888027,58.023468266935,
    5.880013305704));
#5306 = CARTESIAN_POINT('',(11.377688336781,58.103055016784,
    5.959672023137));
#5307 = CARTESIAN_POINT('',(11.339838706713,58.179766855669,6.0385067194
    ));
#5308 = CARTESIAN_POINT('',(11.256035239711,58.324045089983,
    6.190528977277));
#5309 = CARTESIAN_POINT('',(11.210468862396,58.391861805126,
    6.263821675715));
#5310 = CARTESIAN_POINT('',(11.160487106351,58.456732059132,
    6.33565910735));
#5311 = CARTESIAN_POINT('',(11.106145739286,58.518497483619,
    6.40566236408));
#5312 = CARTESIAN_POINT('',(11.047463572772,58.576938267915,
    6.473346772355));
#5313 = CARTESIAN_POINT('',(10.961422269375,58.651780524836,
    6.561738176366));
#5314 = CARTESIAN_POINT('',(10.937818464415,58.671324821817,
    6.584999052194));
#5315 = CARTESIAN_POINT('',(10.913633740903,58.690372323871,
    6.607838417712));
#5316 = CARTESIAN_POINT('',(10.88886782768,58.708906823363,
    6.630223127715));
#5317 = CARTESIAN_POINT('',(10.863520842552,58.726910171259,
    6.652116874699));
#5318 = CARTESIAN_POINT('',(10.802121671042,58.768238597196,
    6.702707454094));
#5319 = CARTESIAN_POINT('',(10.765555705845,58.791088283314,
    6.730948376223));
#5320 = CARTESIAN_POINT('',(10.727906312724,58.812852568148,
    6.75809247311));
#5321 = CARTESIAN_POINT('',(10.689186148747,58.833469023447,
    6.784022240316));
#5322 = CARTESIAN_POINT('',(10.649409612011,58.852871560031,
    6.808613151095));
#5323 = CARTESIAN_POINT('',(10.574837820483,58.885974532592,
    6.850854060557));
#5324 = CARTESIAN_POINT('',(10.540367681135,58.900082100484,
    6.868971038876));
#5325 = CARTESIAN_POINT('',(10.505214545302,58.913263254339,
    6.885996552439));
#5326 = CARTESIAN_POINT('',(10.469411427708,58.925470571141,
    6.901846049497));
#5327 = CARTESIAN_POINT('',(10.432992236099,58.936659081988,
    6.91643846547));
#5328 = CARTESIAN_POINT('',(10.374750863316,58.952600002089,
    6.937307122078));
#5329 = CARTESIAN_POINT('',(10.353322700796,58.958062788395,
    6.944476745087));
#5330 = CARTESIAN_POINT('',(10.331717164979,58.963165738894,
    6.951189387341));
#5331 = CARTESIAN_POINT('',(10.309945623965,58.967900447141,
    6.957430250689));
#5332 = CARTESIAN_POINT('',(10.288020932652,58.972258992361,
    6.963185443455));
#5333 = CARTESIAN_POINT('',(10.222569371364,58.984050706901,
    6.97877900542));
#5334 = CARTESIAN_POINT('',(10.178624918026,58.99038775641,
    6.987192698199));
#5335 = CARTESIAN_POINT('',(10.134259691869,58.995182440146,
    6.993576481632));
#5336 = CARTESIAN_POINT('',(10.089609871703,58.998393517248,
    6.997858080782));
#5337 = CARTESIAN_POINT('',(10.044811535519,59.,7.));
#5338 = CARTESIAN_POINT('',(9.932456581642,59.,7.));
#5339 = CARTESIAN_POINT('',(9.865005373635,58.99635005889,6.995133965301
    ));
#5340 = CARTESIAN_POINT('',(9.798062910509,58.98907005705,6.985425719232
    ));
#5341 = CARTESIAN_POINT('',(9.732049999846,58.978259776521,
    6.971059931444));
#5342 = CARTESIAN_POINT('',(9.667387241512,58.964110764741,
    6.952377166869));
#5343 = CARTESIAN_POINT('',(9.56702077024,58.936675980789,6.916459987899
    ));
#5344 = CARTESIAN_POINT('',(9.530146640044,58.925345353779,6.90168210344
    ));
#5345 = CARTESIAN_POINT('',(9.49390422287,58.912970416318,6.885615770044
    ));
#5346 = CARTESIAN_POINT('',(9.458328645842,58.899597836451,
    6.868345121313));
#5347 = CARTESIAN_POINT('',(9.423454096627,58.885276851189,
    6.849957935726));
#5348 = CARTESIAN_POINT('',(9.347827957001,58.851567478766,
    6.806956603164));
#5349 = CARTESIAN_POINT('',(9.307420299383,58.831749484713,6.78185027539
    ));
#5350 = CARTESIAN_POINT('',(9.26810737954,58.810678551957,6.755364935134
    ));
#5351 = CARTESIAN_POINT('',(9.229903899565,58.788423952362,
    6.727631223231));
#5352 = CARTESIAN_POINT('',(9.192822734676,58.765050962053,
    6.698772139537));
#5353 = CARTESIAN_POINT('',(9.131685651924,58.723502243519,
    6.647973221178));
#5354 = CARTESIAN_POINT('',(9.107048752457,58.705861811286,
    6.626543994839));
#5355 = CARTESIAN_POINT('',(9.082964718494,58.687718064796,
    6.604651734903));
#5356 = CARTESIAN_POINT('',(9.059433655118,58.669087721138,
    6.582329920775));
#5357 = CARTESIAN_POINT('',(9.036455288816,58.649985714403,
    6.559609140267));
#5358 = CARTESIAN_POINT('',(8.951356727981,58.575761682409,
    6.471984413521));
#5359 = CARTESIAN_POINT('',(8.892984550108,58.517507169999,
    6.404540309499));
#5360 = CARTESIAN_POINT('',(8.838917806966,58.455957730444,
    6.334801987086));
#5361 = CARTESIAN_POINT('',(8.789175443846,58.391330006652,
    6.263247378195));
#5362 = CARTESIAN_POINT('',(8.74381285655,58.323780357665,6.19025059013)
  );
#5363 = CARTESIAN_POINT('',(8.640431941993,58.145805199914,
    6.002721349937));
#5364 = CARTESIAN_POINT('',(8.588364331883,58.031497666161,
    5.886537898132));
#5365 = CARTESIAN_POINT('',(8.547375599439,57.911191636522,
    5.768972284766));
#5366 = CARTESIAN_POINT('',(8.518284351913,57.785580144544,
    5.651214628533));
#5367 = CARTESIAN_POINT('',(8.502119459477,57.655474161182,
    5.534367735254));
#5368 = CARTESIAN_POINT('',(8.500160320321,57.521930357278,5.41947070291
    ));
#5369 = CARTESIAN_POINT('',(8.500159255757,57.521857502242,
    5.419408022111));
#5370 = CARTESIAN_POINT('',(8.500158195428,57.521784646294,
    5.419345341991));
#5371 = CARTESIAN_POINT('',(8.500157139333,57.521711789436,5.41928266255
    ));
#5372 = CARTESIAN_POINT('',(8.500156087473,57.521638931668,
    5.419219983788));
#5373 = CARTESIAN_POINT('',(8.500152228102,57.521370525945,
    5.418989082591));
#5374 = CARTESIAN_POINT('',(8.500149446863,57.521174972346,5.41882086437
    ));
#5375 = CARTESIAN_POINT('',(8.500146696134,57.520979412196,
    5.418652651047));
#5376 = CARTESIAN_POINT('',(8.500143975918,57.520783845502,
    5.418484442626));
#5377 = CARTESIAN_POINT('',(8.500141286219,57.520588272268,
    5.418316239113));
#5378 = CARTESIAN_POINT('',(8.500137636474,57.520319837268,
    5.418085385013));
#5379 = CARTESIAN_POINT('',(8.500136650141,57.520246981131,
    5.418022730196));
#5380 = CARTESIAN_POINT('',(8.500135668044,57.520174124087,
    5.417960076061));
#5381 = CARTESIAN_POINT('',(8.500134690182,57.520101266137,
    5.417897422608));
#5382 = CARTESIAN_POINT('',(8.500133716556,57.52002840728,5.417834769837
    ));
#5383 = CARTESIAN_POINT('',(8.50013126768,57.519844348699,5.417676497917
    ));
#5384 = CARTESIAN_POINT('',(8.50012979806,57.519733147771,5.417580879675
    ));
#5385 = CARTESIAN_POINT('',(8.500128338308,57.519621944733,
    5.417485263023));
#5386 = CARTESIAN_POINT('',(8.500126888423,57.519510739588,
    5.417389647963));
#5387 = CARTESIAN_POINT('',(8.500125448408,57.519399532335,
    5.417294034495));
#5388 = CARTESIAN_POINT('',(8.500120714617,57.519031428844,
    5.416977558749));
#5389 = CARTESIAN_POINT('',(8.500117463637,57.518774523474,
    5.416756703378));
#5390 = CARTESIAN_POINT('',(8.500114265329,57.518517606876,
    5.416535856519));
#5391 = CARTESIAN_POINT('',(8.500111119702,57.518260679061,
    5.416315018182));
#5392 = CARTESIAN_POINT('',(8.500108026764,57.518003740043,
    5.416094188376));
#5393 = CARTESIAN_POINT('',(8.500103897635,57.517654760814,
    5.415794278004));
#5394 = CARTESIAN_POINT('',(8.500102815505,57.517562730363,5.41571518999
    ));
#5395 = CARTESIAN_POINT('',(8.500101740136,57.517470698476,
    5.415636103073));
#5396 = CARTESIAN_POINT('',(8.500100671528,57.517378665154,
    5.415557017252));
#5397 = CARTESIAN_POINT('',(8.50009960968,57.517286630398,5.415477932528
    ));
#5398 = CARTESIAN_POINT('',(8.500097323759,57.517087227222,
    5.415306592036));
#5399 = CARTESIAN_POINT('',(8.500096102125,57.516979858285,
    5.415214336662));
#5400 = CARTESIAN_POINT('',(8.500094889694,57.516872487398,
    5.415122082784));
#5401 = CARTESIAN_POINT('',(8.500093686465,57.516765114561,
    5.415029830401));
#5402 = CARTESIAN_POINT('',(8.500092492439,57.516657739775,
    5.414937579514));
#5403 = CARTESIAN_POINT('',(8.500090334448,57.516462167629,
    5.414769559771));
#5404 = CARTESIAN_POINT('',(8.500089367487,57.516373970903,
    5.414693790428));
#5405 = CARTESIAN_POINT('',(8.500088406737,57.516285772863,
    5.414618022095));
#5406 = CARTESIAN_POINT('',(8.500087452196,57.516197573509,
    5.414542254773));
#5407 = CARTESIAN_POINT('',(8.500086503865,57.516109372843,
    5.414466488462));
#5408 = CARTESIAN_POINT('',(8.500084865439,57.515955982102,
    5.414334726163));
#5409 = CARTESIAN_POINT('',(8.500084172525,57.515890792622,
    5.414278729716));
#5410 = CARTESIAN_POINT('',(8.500083483004,57.515825602425,
    5.414222733821));
#5411 = CARTESIAN_POINT('',(8.500082796875,57.515760411512,
    5.414166738479));
#5412 = CARTESIAN_POINT('',(8.50008211414,57.515695219882,5.41411074369)
  );
#5413 = CARTESIAN_POINT('',(8.500080315958,57.515522659327,
    5.413962530027));
#5414 = CARTESIAN_POINT('',(8.500079206322,57.515415289175,5.4138703121)
  );
#5415 = CARTESIAN_POINT('',(8.500078105891,57.515307917082,
    5.413778095674));
#5416 = CARTESIAN_POINT('',(8.500077014664,57.515200543048,
    5.413685880751));
#5417 = CARTESIAN_POINT('',(8.500075932642,57.515093167074,5.41359366733
    ));
#5418 = CARTESIAN_POINT('',(8.500072522941,57.514751890679,
    5.413300592619));
#5419 = CARTESIAN_POINT('',(8.500070229737,57.514517982996,5.41309973696
    ));
#5420 = CARTESIAN_POINT('',(8.500067980221,57.514284066121,
    5.412898888443));
#5421 = CARTESIAN_POINT('',(8.500065774398,57.514050140063,
    5.412698047077));
#5422 = CARTESIAN_POINT('',(8.500063612276,57.513816204831,
    5.412497212868));
#5423 = CARTESIAN_POINT('',(8.500059966069,57.513413540869,
    5.412151550336));
#5424 = CARTESIAN_POINT('',(8.50005846101,57.513244816537,5.412006718574
    ));
#5425 = CARTESIAN_POINT('',(8.500056978686,57.513076087441,
    5.411861890542));
#5426 = CARTESIAN_POINT('',(8.5000555191,57.512907353585,5.411717066244)
  );
#5427 = CARTESIAN_POINT('',(8.500054082253,57.51273861497,5.411572245681
    ));
#5428 = CARTESIAN_POINT('',(8.500050868656,57.51235514031,5.411243144853
    ));
#5429 = CARTESIAN_POINT('',(8.50004910599,57.512140401321,5.411058866904
    ));
#5430 = CARTESIAN_POINT('',(8.500047380155,57.511925654638,
    5.410874595015));
#5431 = CARTESIAN_POINT('',(8.500045691158,57.51171090027,5.410690329192
    ));
#5432 = CARTESIAN_POINT('',(8.500044039002,57.511496138223,
    5.410506069442));
#5433 = CARTESIAN_POINT('',(8.500041702661,57.5111855011,5.410239569906)
  );
#5434 = CARTESIAN_POINT('',(8.500040988972,57.511089632167,
    5.410157325253));
#5435 = CARTESIAN_POINT('',(8.500040282625,57.510993761706,
    5.410075081811));
#5436 = CARTESIAN_POINT('',(8.50003958362,57.510897889718,5.409992839582
    ));
#5437 = CARTESIAN_POINT('',(8.500038891958,57.510802016203,
    5.409910598566));
#5438 = CARTESIAN_POINT('',(8.500037441265,57.510598769863,
    5.409736257688));
#5439 = CARTESIAN_POINT('',(8.500036684101,57.510491396651,
    5.409644158134));
#5440 = CARTESIAN_POINT('',(8.500035936147,57.510384021525,
    5.409552060102));
#5441 = CARTESIAN_POINT('',(8.500035197404,57.510276644486,
    5.409459963594));
#5442 = CARTESIAN_POINT('',(8.500034467873,57.510169265535,5.40936786861
    ));
#5443 = CARTESIAN_POINT('',(8.500033001575,57.509950678527,
    5.409180400997));
#5444 = CARTESIAN_POINT('',(8.500032265476,57.509839470331,
    5.409085028479));
#5445 = CARTESIAN_POINT('',(8.500031539259,57.509728260087,
    5.408989657597));
#5446 = CARTESIAN_POINT('',(8.500030822923,57.509617047794,
    5.408894288353));
#5447 = CARTESIAN_POINT('',(8.500030116469,57.509505833455,
    5.408798920745));
#5448 = CARTESIAN_POINT('',(8.500029059628,57.509337095246,
    5.408654230889));
#5449 = CARTESIAN_POINT('',(8.500028702001,57.509279572874,
    5.408604907439));
#5450 = CARTESIAN_POINT('',(8.500028347018,57.509222049955,
    5.408555584428));
#5451 = CARTESIAN_POINT('',(8.500027994678,57.509164526489,
    5.408506261856));
#5452 = CARTESIAN_POINT('',(8.500027644983,57.509107002476,
    5.408456939722));
#5453 = CARTESIAN_POINT('',(8.500025331611,57.508723555542,
    5.408128171403));
#5454 = CARTESIAN_POINT('',(8.50002345017,57.508397615616,5.407848738865
    ));
#5455 = CARTESIAN_POINT('',(8.500021653624,57.508071658162,
    5.407569320434));
#5456 = CARTESIAN_POINT('',(8.500019941991,57.507745683204,
    5.407289916132));
#5457 = CARTESIAN_POINT('',(8.500018315287,57.507419690764,
    5.407010525979));
#5458 = CARTESIAN_POINT('',(8.500016356418,57.507005481079,
    5.406655566702));
#5459 = CARTESIAN_POINT('',(8.500015945523,57.506917280014,
    5.406579984444));
#5460 = CARTESIAN_POINT('',(8.500015540846,57.506829077671,
    5.406504403223));
#5461 = CARTESIAN_POINT('',(8.500015142388,57.506740874051,
    5.406428823041));
#5462 = CARTESIAN_POINT('',(8.500014750148,57.506652669155,
    5.406353243897));
#5463 = CARTESIAN_POINT('',(8.500012719647,57.506188697963,5.4059556973)
  );
#5464 = CARTESIAN_POINT('',(8.500011188029,57.505812909787,
    5.405633747663));
#5465 = CARTESIAN_POINT('',(8.500009769298,57.505437098492,
    5.405311816912));
#5466 = CARTESIAN_POINT('',(8.50000846348,57.505061264113,5.404989905079
    ));
#5467 = CARTESIAN_POINT('',(8.5000072706,57.504685406687,5.404668012199)
  );
#5468 = CARTESIAN_POINT('',(8.500005672882,57.504129297293,5.40419180466
    ));
#5469 = CARTESIAN_POINT('',(8.50000518105,57.503949063045,5.404037475382
    ));
#5470 = CARTESIAN_POINT('',(8.500004715192,57.503768823512,
    5.403883150473));
#5471 = CARTESIAN_POINT('',(8.500004275311,57.503588578695,
    5.403728829936));
#5472 = CARTESIAN_POINT('',(8.500003861409,57.503408328601,
    5.403574513773));
#5473 = CARTESIAN_POINT('',(8.500003201154,57.50310152654,5.403311868764
    ));
#5474 = CARTESIAN_POINT('',(8.500002941625,57.50297497725,5.403203537697
    ));
#5475 = CARTESIAN_POINT('',(8.500002694902,57.502848425361,
    5.403095208788));
#5476 = CARTESIAN_POINT('',(8.500002460987,57.502721870875,
    5.402986882041));
#5477 = CARTESIAN_POINT('',(8.50000223988,57.502595313794,5.402878557455
    ));
#5478 = CARTESIAN_POINT('',(8.500001848552,57.502357545629,
    5.402675051689));
#5479 = CARTESIAN_POINT('',(8.500001675412,57.502246335137,
    5.402579870016));
#5480 = CARTESIAN_POINT('',(8.500001512163,57.502135122643,
    5.402484690014));
#5481 = CARTESIAN_POINT('',(8.500001358805,57.502023908147,
    5.402389511684));
#5482 = CARTESIAN_POINT('',(8.50000121534,57.501912691652,5.402294335027
    ));
#5483 = CARTESIAN_POINT('',(8.500000925183,57.501671091713,
    5.402087586407));
#5484 = CARTESIAN_POINT('',(8.500000782193,57.501540707521,
    5.401976015071));
#5485 = CARTESIAN_POINT('',(8.500000652801,57.501410320583,
    5.401864446036));
#5486 = CARTESIAN_POINT('',(8.500000537007,57.501279930901,
    5.401752879303));
#5487 = CARTESIAN_POINT('',(8.500000434812,57.501149538476,
    5.401641314875));
#5488 = CARTESIAN_POINT('',(8.50000023082,57.500849297708,5.401384438041
    ));
#5489 = CARTESIAN_POINT('',(8.500000138497,57.500679447455,
    5.401239127241));
#5490 = CARTESIAN_POINT('',(8.500000069251,57.500509592555,
    5.401093820355));
#5491 = CARTESIAN_POINT('',(8.500000023084,57.50033973301,5.400948517387
    ));
#5492 = CARTESIAN_POINT('',(8.5,57.500169868824,5.400803218339));
#5493 = CARTESIAN_POINT('',(8.5,57.5,5.400657923215));
#5494 = ORIENTED_EDGE('',*,*,#5495,.F.);
#5495 = EDGE_CURVE('',#1399,#5294,#5496,.T.);
#5496 = LINE('',#5497,#5498);
#5497 = CARTESIAN_POINT('',(8.5,57.5,0.));
#5498 = VECTOR('',#5499,1.);
#5499 = DIRECTION('',(0.,0.,1.));
#5500 = CYLINDRICAL_SURFACE('',#5501,1.5);
#5501 = AXIS2_PLACEMENT_3D('',#5502,#5503,#5504);
#5502 = CARTESIAN_POINT('',(10.,57.5,0.));
#5503 = DIRECTION('',(-0.,-0.,-1.));
#5504 = DIRECTION('',(1.,0.,0.));
#5505 = ADVANCED_FACE('',(#5506),#5525,.F.);
#5506 = FACE_BOUND('',#5507,.T.);
#5507 = EDGE_LOOP('',(#5508,#5509,#5517,#5524));
#5508 = ORIENTED_EDGE('',*,*,#1415,.F.);
#5509 = ORIENTED_EDGE('',*,*,#5510,.T.);
#5510 = EDGE_CURVE('',#1408,#5511,#5513,.T.);
#5511 = VERTEX_POINT('',#5512);
#5512 = CARTESIAN_POINT('',(8.5,47.5,3.));
#5513 = LINE('',#5514,#5515);
#5514 = CARTESIAN_POINT('',(8.5,47.5,0.));
#5515 = VECTOR('',#5516,1.);
#5516 = DIRECTION('',(0.,0.,1.));
#5517 = ORIENTED_EDGE('',*,*,#5518,.F.);
#5518 = EDGE_CURVE('',#5270,#5511,#5519,.T.);
#5519 = CIRCLE('',#5520,1.5);
#5520 = AXIS2_PLACEMENT_3D('',#5521,#5522,#5523);
#5521 = CARTESIAN_POINT('',(10.,47.5,3.));
#5522 = DIRECTION('',(0.,0.,-1.));
#5523 = DIRECTION('',(1.,0.,0.));
#5524 = ORIENTED_EDGE('',*,*,#5277,.F.);
#5525 = CYLINDRICAL_SURFACE('',#5526,1.5);
#5526 = AXIS2_PLACEMENT_3D('',#5527,#5528,#5529);
#5527 = CARTESIAN_POINT('',(10.,47.5,0.));
#5528 = DIRECTION('',(-0.,-0.,-1.));
#5529 = DIRECTION('',(1.,0.,0.));
#5530 = ADVANCED_FACE('',(#5531),#5551,.T.);
#5531 = FACE_BOUND('',#5532,.T.);
#5532 = EDGE_LOOP('',(#5533,#5534,#5535,#5544,#5550));
#5533 = ORIENTED_EDGE('',*,*,#1407,.F.);
#5534 = ORIENTED_EDGE('',*,*,#5495,.T.);
#5535 = ORIENTED_EDGE('',*,*,#5536,.F.);
#5536 = EDGE_CURVE('',#5537,#5294,#5539,.T.);
#5537 = VERTEX_POINT('',#5538);
#5538 = CARTESIAN_POINT('',(8.5,51.,3.));
#5539 = CIRCLE('',#5540,10.);
#5540 = AXIS2_PLACEMENT_3D('',#5541,#5542,#5543);
#5541 = CARTESIAN_POINT('',(8.5,51.,13.));
#5542 = DIRECTION('',(1.,0.,0.));
#5543 = DIRECTION('',(0.,1.,0.));
#5544 = ORIENTED_EDGE('',*,*,#5545,.F.);
#5545 = EDGE_CURVE('',#5511,#5537,#5546,.T.);
#5546 = LINE('',#5547,#5548);
#5547 = CARTESIAN_POINT('',(8.5,46.374236596195,3.));
#5548 = VECTOR('',#5549,1.);
#5549 = DIRECTION('',(0.,1.,0.));
#5550 = ORIENTED_EDGE('',*,*,#5510,.F.);
#5551 = PLANE('',#5552);
#5552 = AXIS2_PLACEMENT_3D('',#5553,#5554,#5555);
#5553 = CARTESIAN_POINT('',(8.5,57.5,0.));
#5554 = DIRECTION('',(1.,0.,0.));
#5555 = DIRECTION('',(0.,-1.,0.));
#5556 = ADVANCED_FACE('',(#5557),#5601,.F.);
#5557 = FACE_BOUND('',#5558,.F.);
#5558 = EDGE_LOOP('',(#5559,#5560,#5561,#5569,#5578,#5586,#5595));
#5559 = ORIENTED_EDGE('',*,*,#1479,.F.);
#5560 = ORIENTED_EDGE('',*,*,#1456,.T.);
#5561 = ORIENTED_EDGE('',*,*,#5562,.F.);
#5562 = EDGE_CURVE('',#5563,#1457,#5565,.T.);
#5563 = VERTEX_POINT('',#5564);
#5564 = CARTESIAN_POINT('',(4.,61.,13.));
#5565 = LINE('',#5566,#5567);
#5566 = CARTESIAN_POINT('',(4.,61.,0.));
#5567 = VECTOR('',#5568,1.);
#5568 = DIRECTION('',(0.,0.,1.));
#5569 = ORIENTED_EDGE('',*,*,#5570,.T.);
#5570 = EDGE_CURVE('',#5563,#5571,#5573,.T.);
#5571 = VERTEX_POINT('',#5572);
#5572 = CARTESIAN_POINT('',(4.,51.,3.));
#5573 = CIRCLE('',#5574,10.);
#5574 = AXIS2_PLACEMENT_3D('',#5575,#5576,#5577);
#5575 = CARTESIAN_POINT('',(4.,51.,13.));
#5576 = DIRECTION('',(-1.,0.,0.));
#5577 = DIRECTION('',(0.,0.,1.));
#5578 = ORIENTED_EDGE('',*,*,#5579,.F.);
#5579 = EDGE_CURVE('',#5580,#5571,#5582,.T.);
#5580 = VERTEX_POINT('',#5581);
#5581 = CARTESIAN_POINT('',(4.,19.,3.));
#5582 = LINE('',#5583,#5584);
#5583 = CARTESIAN_POINT('',(4.,9.,3.));
#5584 = VECTOR('',#5585,1.);
#5585 = DIRECTION('',(0.,1.,0.));
#5586 = ORIENTED_EDGE('',*,*,#5587,.F.);
#5587 = EDGE_CURVE('',#5588,#5580,#5590,.T.);
#5588 = VERTEX_POINT('',#5589);
#5589 = CARTESIAN_POINT('',(4.,9.,13.));
#5590 = CIRCLE('',#5591,10.);
#5591 = AXIS2_PLACEMENT_3D('',#5592,#5593,#5594);
#5592 = CARTESIAN_POINT('',(4.,19.,13.));
#5593 = DIRECTION('',(1.,0.,-0.));
#5594 = DIRECTION('',(0.,0.,1.));
#5595 = ORIENTED_EDGE('',*,*,#5596,.T.);
#5596 = EDGE_CURVE('',#5588,#1480,#5597,.T.);
#5597 = LINE('',#5598,#5599);
#5598 = CARTESIAN_POINT('',(4.,9.,0.));
#5599 = VECTOR('',#5600,1.);
#5600 = DIRECTION('',(0.,0.,1.));
#5601 = PLANE('',#5602);
#5602 = AXIS2_PLACEMENT_3D('',#5603,#5604,#5605);
#5603 = CARTESIAN_POINT('',(4.,9.,0.));
#5604 = DIRECTION('',(-1.,0.,0.));
#5605 = DIRECTION('',(0.,1.,0.));
#5606 = ADVANCED_FACE('',(#5607),#5625,.T.);
#5607 = FACE_BOUND('',#5608,.T.);
#5608 = EDGE_LOOP('',(#5609,#5617,#5623,#5624));
#5609 = ORIENTED_EDGE('',*,*,#5610,.F.);
#5610 = EDGE_CURVE('',#5611,#1489,#5613,.T.);
#5611 = VERTEX_POINT('',#5612);
#5612 = CARTESIAN_POINT('',(96.5,9.,13.));
#5613 = LINE('',#5614,#5615);
#5614 = CARTESIAN_POINT('',(96.5,9.,0.));
#5615 = VECTOR('',#5616,1.);
#5616 = DIRECTION('',(0.,0.,1.));
#5617 = ORIENTED_EDGE('',*,*,#5618,.F.);
#5618 = EDGE_CURVE('',#5588,#5611,#5619,.T.);
#5619 = LINE('',#5620,#5621);
#5620 = CARTESIAN_POINT('',(4.,9.,13.));
#5621 = VECTOR('',#5622,1.);
#5622 = DIRECTION('',(1.,0.,0.));
#5623 = ORIENTED_EDGE('',*,*,#5596,.T.);
#5624 = ORIENTED_EDGE('',*,*,#1488,.T.);
#5625 = PLANE('',#5626);
#5626 = AXIS2_PLACEMENT_3D('',#5627,#5628,#5629);
#5627 = CARTESIAN_POINT('',(4.,9.,0.));
#5628 = DIRECTION('',(0.,1.,0.));
#5629 = DIRECTION('',(1.,0.,0.));
#5630 = ADVANCED_FACE('',(#5631),#5659,.F.);
#5631 = FACE_BOUND('',#5632,.F.);
#5632 = EDGE_LOOP('',(#5633,#5634,#5635,#5644,#5652,#5658));
#5633 = ORIENTED_EDGE('',*,*,#1496,.T.);
#5634 = ORIENTED_EDGE('',*,*,#5610,.F.);
#5635 = ORIENTED_EDGE('',*,*,#5636,.T.);
#5636 = EDGE_CURVE('',#5611,#5637,#5639,.T.);
#5637 = VERTEX_POINT('',#5638);
#5638 = CARTESIAN_POINT('',(96.5,19.,3.));
#5639 = CIRCLE('',#5640,10.);
#5640 = AXIS2_PLACEMENT_3D('',#5641,#5642,#5643);
#5641 = CARTESIAN_POINT('',(96.5,19.,13.));
#5642 = DIRECTION('',(1.,0.,-0.));
#5643 = DIRECTION('',(0.,0.,1.));
#5644 = ORIENTED_EDGE('',*,*,#5645,.F.);
#5645 = EDGE_CURVE('',#5646,#5637,#5648,.T.);
#5646 = VERTEX_POINT('',#5647);
#5647 = CARTESIAN_POINT('',(96.5,24.,3.));
#5648 = LINE('',#5649,#5650);
#5649 = CARTESIAN_POINT('',(96.5,24.,3.));
#5650 = VECTOR('',#5651,1.);
#5651 = DIRECTION('',(0.,-1.,0.));
#5652 = ORIENTED_EDGE('',*,*,#5653,.T.);
#5653 = EDGE_CURVE('',#5646,#1548,#5654,.T.);
#5654 = LINE('',#5655,#5656);
#5655 = CARTESIAN_POINT('',(96.5,24.,0.));
#5656 = VECTOR('',#5657,1.);
#5657 = DIRECTION('',(0.,0.,1.));
#5658 = ORIENTED_EDGE('',*,*,#1555,.T.);
#5659 = PLANE('',#5660);
#5660 = AXIS2_PLACEMENT_3D('',#5661,#5662,#5663);
#5661 = CARTESIAN_POINT('',(96.5,24.,0.));
#5662 = DIRECTION('',(1.,0.,0.));
#5663 = DIRECTION('',(0.,-1.,0.));
#5664 = ADVANCED_FACE('',(#5665),#5699,.F.);
#5665 = FACE_BOUND('',#5666,.F.);
#5666 = EDGE_LOOP('',(#5667,#5675,#5683,#5691,#5697,#5698));
#5667 = ORIENTED_EDGE('',*,*,#5668,.F.);
#5668 = EDGE_CURVE('',#5669,#1525,#5671,.T.);
#5669 = VERTEX_POINT('',#5670);
#5670 = CARTESIAN_POINT('',(96.5,61.,13.));
#5671 = LINE('',#5672,#5673);
#5672 = CARTESIAN_POINT('',(96.5,61.,0.));
#5673 = VECTOR('',#5674,1.);
#5674 = DIRECTION('',(0.,0.,1.));
#5675 = ORIENTED_EDGE('',*,*,#5676,.F.);
#5676 = EDGE_CURVE('',#5677,#5669,#5679,.T.);
#5677 = VERTEX_POINT('',#5678);
#5678 = CARTESIAN_POINT('',(80.4,61.,13.));
#5679 = LINE('',#5680,#5681);
#5680 = CARTESIAN_POINT('',(4.,61.,13.));
#5681 = VECTOR('',#5682,1.);
#5682 = DIRECTION('',(1.,0.,0.));
#5683 = ORIENTED_EDGE('',*,*,#5684,.F.);
#5684 = EDGE_CURVE('',#5685,#5677,#5687,.T.);
#5685 = VERTEX_POINT('',#5686);
#5686 = CARTESIAN_POINT('',(20.1,61.,13.));
#5687 = LINE('',#5688,#5689);
#5688 = CARTESIAN_POINT('',(4.,61.,13.));
#5689 = VECTOR('',#5690,1.);
#5690 = DIRECTION('',(1.,0.,0.));
#5691 = ORIENTED_EDGE('',*,*,#5692,.F.);
#5692 = EDGE_CURVE('',#5563,#5685,#5693,.T.);
#5693 = LINE('',#5694,#5695);
#5694 = CARTESIAN_POINT('',(4.,61.,13.));
#5695 = VECTOR('',#5696,1.);
#5696 = DIRECTION('',(1.,0.,0.));
#5697 = ORIENTED_EDGE('',*,*,#5562,.T.);
#5698 = ORIENTED_EDGE('',*,*,#1532,.T.);
#5699 = PLANE('',#5700);
#5700 = AXIS2_PLACEMENT_3D('',#5701,#5702,#5703);
#5701 = CARTESIAN_POINT('',(4.,61.,0.));
#5702 = DIRECTION('',(0.,1.,0.));
#5703 = DIRECTION('',(1.,0.,0.));
#5704 = ADVANCED_FACE('',(#5705),#5724,.F.);
#5705 = FACE_BOUND('',#5706,.F.);
#5706 = EDGE_LOOP('',(#5707,#5715,#5722,#5723));
#5707 = ORIENTED_EDGE('',*,*,#5708,.F.);
#5708 = EDGE_CURVE('',#5709,#1573,#5711,.T.);
#5709 = VERTEX_POINT('',#5710);
#5710 = CARTESIAN_POINT('',(96.5,58.076061575154,5.933929480636));
#5711 = LINE('',#5712,#5713);
#5712 = CARTESIAN_POINT('',(96.5,58.076061575154,0.));
#5713 = VECTOR('',#5714,1.);
#5714 = DIRECTION('',(0.,0.,1.));
#5715 = ORIENTED_EDGE('',*,*,#5716,.F.);
#5716 = EDGE_CURVE('',#5669,#5709,#5717,.T.);
#5717 = CIRCLE('',#5718,10.);
#5718 = AXIS2_PLACEMENT_3D('',#5719,#5720,#5721);
#5719 = CARTESIAN_POINT('',(96.5,51.,13.));
#5720 = DIRECTION('',(-1.,0.,0.));
#5721 = DIRECTION('',(0.,0.,1.));
#5722 = ORIENTED_EDGE('',*,*,#5668,.T.);
#5723 = ORIENTED_EDGE('',*,*,#1580,.T.);
#5724 = PLANE('',#5725);
#5725 = AXIS2_PLACEMENT_3D('',#5726,#5727,#5728);
#5726 = CARTESIAN_POINT('',(96.5,61.,0.));
#5727 = DIRECTION('',(1.,0.,0.));
#5728 = DIRECTION('',(0.,-1.,0.));
#5729 = ADVANCED_FACE('',(#5730),#5749,.T.);
#5730 = FACE_BOUND('',#5731,.F.);
#5731 = EDGE_LOOP('',(#5732,#5733,#5742,#5748));
#5732 = ORIENTED_EDGE('',*,*,#5653,.F.);
#5733 = ORIENTED_EDGE('',*,*,#5734,.F.);
#5734 = EDGE_CURVE('',#5735,#5646,#5737,.T.);
#5735 = VERTEX_POINT('',#5736);
#5736 = CARTESIAN_POINT('',(100.,30.062177826491,3.));
#5737 = CIRCLE('',#5738,7.);
#5738 = AXIS2_PLACEMENT_3D('',#5739,#5740,#5741);
#5739 = CARTESIAN_POINT('',(103.5,24.,3.));
#5740 = DIRECTION('',(0.,0.,1.));
#5741 = DIRECTION('',(1.,0.,0.));
#5742 = ORIENTED_EDGE('',*,*,#5743,.T.);
#5743 = EDGE_CURVE('',#5735,#1595,#5744,.T.);
#5744 = LINE('',#5745,#5746);
#5745 = CARTESIAN_POINT('',(100.,30.062177826491,0.));
#5746 = VECTOR('',#5747,1.);
#5747 = DIRECTION('',(0.,0.,1.));
#5748 = ORIENTED_EDGE('',*,*,#1604,.T.);
#5749 = CYLINDRICAL_SURFACE('',#5750,7.);
#5750 = AXIS2_PLACEMENT_3D('',#5751,#5752,#5753);
#5751 = CARTESIAN_POINT('',(103.5,24.,0.));
#5752 = DIRECTION('',(-0.,-0.,-1.));
#5753 = DIRECTION('',(1.,0.,0.));
#5754 = ADVANCED_FACE('',(#5755),#5835,.T.);
#5755 = FACE_BOUND('',#5756,.F.);
#5756 = EDGE_LOOP('',(#5757,#5765,#5833,#5834));
#5757 = ORIENTED_EDGE('',*,*,#5758,.F.);
#5758 = EDGE_CURVE('',#5759,#1622,#5761,.T.);
#5759 = VERTEX_POINT('',#5760);
#5760 = CARTESIAN_POINT('',(100.00000000086,52.013883748451,
    3.051530800586));
#5761 = LINE('',#5762,#5763);
#5762 = CARTESIAN_POINT('',(100.,52.013883748663,0.));
#5763 = VECTOR('',#5764,1.);
#5764 = DIRECTION('',(0.,0.,1.));
#5765 = ORIENTED_EDGE('',*,*,#5766,.F.);
#5766 = EDGE_CURVE('',#5709,#5759,#5767,.T.);
#5767 = B_SPLINE_CURVE_WITH_KNOTS('',8,(#5768,#5769,#5770,#5771,#5772,
    #5773,#5774,#5775,#5776,#5777,#5778,#5779,#5780,#5781,#5782,#5783,
    #5784,#5785,#5786,#5787,#5788,#5789,#5790,#5791,#5792,#5793,#5794,
    #5795,#5796,#5797,#5798,#5799,#5800,#5801,#5802,#5803,#5804,#5805,
    #5806,#5807,#5808,#5809,#5810,#5811,#5812,#5813,#5814,#5815,#5816,
    #5817,#5818,#5819,#5820,#5821,#5822,#5823,#5824,#5825,#5826,#5827,
    #5828,#5829,#5830,#5831,#5832),.UNSPECIFIED.,.F.,.F.,(9,7,7,7,7,7,7,
    7,7,9),(0.,0.189320334685,0.380225812899,0.444039104252,
    0.496313272002,0.526422426407,0.585711043909,0.668608190105,
    0.718723351628,1.),.UNSPECIFIED.);
#5768 = CARTESIAN_POINT('',(97.139922635085,61.,13.));
#5769 = CARTESIAN_POINT('',(97.139922635085,61.,12.574275347597));
#5770 = CARTESIAN_POINT('',(97.130399982301,60.979286737644,
    12.14853160843));
#5771 = CARTESIAN_POINT('',(97.111353555541,60.937856662425,
    11.723675099551));
#5772 = CARTESIAN_POINT('',(97.08324139219,60.875713985628,
    11.300532637565));
#5773 = CARTESIAN_POINT('',(97.04697037612,60.792833715652,
    10.879856674544));
#5774 = CARTESIAN_POINT('',(97.003821605388,60.689131204456,
    10.462334151407));
#5775 = CARTESIAN_POINT('',(96.955376318713,60.564420433517,
    10.048596069126));
#5776 = CARTESIAN_POINT('',(96.851203910824,60.271043025255,
    9.22642589838));
#5777 = CARTESIAN_POINT('',(96.795450316578,60.102106078121,
    8.818316133908));
#5778 = CARTESIAN_POINT('',(96.738131578391,59.911081022207,
    8.415123887846));
#5779 = CARTESIAN_POINT('',(96.681439266551,59.697353508329,
    8.017370159631));
#5780 = CARTESIAN_POINT('',(96.627947438414,59.460195208521,
    7.625848627104));
#5781 = CARTESIAN_POINT('',(96.58064582158,59.198807575296,
    7.241609044997));
#5782 = CARTESIAN_POINT('',(96.543062797448,58.912316136858,
    6.865944699304));
#5783 = CARTESIAN_POINT('',(96.511771612219,58.495164323569,
    6.378190209158));
#5784 = CARTESIAN_POINT('',(96.505514055731,58.387768930431,
    6.257164207945));
#5785 = CARTESIAN_POINT('',(96.501001910987,58.277462209069,
    6.137377683613));
#5786 = CARTESIAN_POINT('',(96.498410091567,58.164231114312,
    6.018915712237));
#5787 = CARTESIAN_POINT('',(96.497923772461,58.048074756311,
    5.901876137801));
#5788 = CARTESIAN_POINT('',(96.499737497718,57.929006918198,
    5.786368294328));
#5789 = CARTESIAN_POINT('',(96.504054288089,57.807058573744,
    5.672511728017));
#5790 = CARTESIAN_POINT('',(96.516843916861,57.58006541522,
    5.468624549286));
#5791 = CARTESIAN_POINT('',(96.524423928179,57.475955107431,
    5.378011710478));
#5792 = CARTESIAN_POINT('',(96.533939514052,57.369979572468,
    5.288668313794));
#5793 = CARTESIAN_POINT('',(96.545508774688,57.262181992549,
    5.200673773184));
#5794 = CARTESIAN_POINT('',(96.5592509426,57.152620297737,5.114113559713
    ));
#5795 = CARTESIAN_POINT('',(96.575284146125,57.04136882241,
    5.029077755554));
#5796 = CARTESIAN_POINT('',(96.593723172924,56.928519961714,
    4.945659607986));
#5797 = CARTESIAN_POINT('',(96.626746465259,56.748331042909,
    4.816892898847));
#5798 = CARTESIAN_POINT('',(96.639650014648,56.681983641921,
    4.770399974143));
#5799 = CARTESIAN_POINT('',(96.653408565158,56.615165402715,
    4.724493674759));
#5800 = CARTESIAN_POINT('',(96.668042104383,56.547900265587,
    4.679192490726));
#5801 = CARTESIAN_POINT('',(96.683569676895,56.480214397624,
    4.634514901538));
#5802 = CARTESIAN_POINT('',(96.700009137106,56.412136256833,
    4.59047924106));
#5803 = CARTESIAN_POINT('',(96.717376902148,56.34369665628,4.54710356244
    ));
#5804 = CARTESIAN_POINT('',(96.771743920592,56.139516541323,
    4.420327787664));
#5805 = CARTESIAN_POINT('',(96.81146025022,56.002818608482,
    4.338869244531));
#5806 = CARTESIAN_POINT('',(96.854945969184,55.865103003156,
    4.260175212647));
#5807 = CARTESIAN_POINT('',(96.90228688105,55.726659969795,
    4.184372759349));
#5808 = CARTESIAN_POINT('',(96.953539791051,55.587799845461,
    4.111569024678));
#5809 = CARTESIAN_POINT('',(97.008726979755,55.448850881454,
    4.041849565778));
#5810 = CARTESIAN_POINT('',(97.067830676733,55.310157064936,
    3.975276701293));
#5811 = CARTESIAN_POINT('',(97.218813601297,54.979011375443,
    3.82325778449));
#5812 = CARTESIAN_POINT('',(97.314398215112,54.7870872155,3.740826369407
    ));
#5813 = CARTESIAN_POINT('',(97.417364828886,54.597304830416,
    3.664714615791));
#5814 = CARTESIAN_POINT('',(97.527425685353,54.410559180734,
    3.594875387058));
#5815 = CARTESIAN_POINT('',(97.644202844099,54.227633458312,
    3.531136009449));
#5816 = CARTESIAN_POINT('',(97.767248923461,54.049197752244,
    3.473234537329));
#5817 = CARTESIAN_POINT('',(97.896067557019,53.875811740238,
    3.420849679119));
#5818 = CARTESIAN_POINT('',(98.111182671106,53.606439973241,
    3.345074507167));
#5819 = CARTESIAN_POINT('',(98.194163407705,53.506943442341,
    3.318405574079));
#5820 = CARTESIAN_POINT('',(98.278971383701,53.409530228631,
    3.29353565515));
#5821 = CARTESIAN_POINT('',(98.365503356407,53.314272136774,
    3.270378756729));
#5822 = CARTESIAN_POINT('',(98.453658581411,53.221225983582,
    3.248846438896));
#5823 = CARTESIAN_POINT('',(98.543340162797,53.130435221367,
    3.228849433405));
#5824 = CARTESIAN_POINT('',(98.634456403364,53.041931561304,
    3.21029926164));
#5825 = CARTESIAN_POINT('',(99.24589597189,52.471958235293,
    3.096632474707));
#5826 = CARTESIAN_POINT('',(99.804437854218,52.063647993774,
    3.043562513904));
#5827 = CARTESIAN_POINT('',(100.39140802246,51.728716546487,
    3.016899042014));
#5828 = CARTESIAN_POINT('',(100.99776339873,51.465062546544,
    3.005613944754));
#5829 = CARTESIAN_POINT('',(101.61619460841,51.269951965247,
    3.001759453486));
#5830 = CARTESIAN_POINT('',(102.24132865658,51.140926252414,
    3.000783721066));
#5831 = CARTESIAN_POINT('',(102.86968487206,51.076061575154,
    3.000289272345));
#5832 = CARTESIAN_POINT('',(103.5,51.076061575154,3.000289272345));
#5833 = ORIENTED_EDGE('',*,*,#5708,.T.);
#5834 = ORIENTED_EDGE('',*,*,#1629,.T.);
#5835 = CYLINDRICAL_SURFACE('',#5836,7.);
#5836 = AXIS2_PLACEMENT_3D('',#5837,#5838,#5839);
#5837 = CARTESIAN_POINT('',(103.5,58.076061575154,0.));
#5838 = DIRECTION('',(-0.,-0.,-1.));
#5839 = DIRECTION('',(1.,0.,0.));
#5840 = ADVANCED_FACE('',(#5841),#5859,.F.);
#5841 = FACE_BOUND('',#5842,.F.);
#5842 = EDGE_LOOP('',(#5843,#5844,#5852,#5858));
#5843 = ORIENTED_EDGE('',*,*,#5743,.F.);
#5844 = ORIENTED_EDGE('',*,*,#5845,.F.);
#5845 = EDGE_CURVE('',#5846,#5735,#5848,.T.);
#5846 = VERTEX_POINT('',#5847);
#5847 = CARTESIAN_POINT('',(108.,34.680979980008,3.));
#5848 = LINE('',#5849,#5850);
#5849 = CARTESIAN_POINT('',(108.,34.680979980008,3.));
#5850 = VECTOR('',#5851,1.);
#5851 = DIRECTION('',(-0.866025403784,-0.5,0.));
#5852 = ORIENTED_EDGE('',*,*,#5853,.T.);
#5853 = EDGE_CURVE('',#5846,#1645,#5854,.T.);
#5854 = LINE('',#5855,#5856);
#5855 = CARTESIAN_POINT('',(108.,34.680979980008,0.));
#5856 = VECTOR('',#5857,1.);
#5857 = DIRECTION('',(0.,0.,1.));
#5858 = ORIENTED_EDGE('',*,*,#1654,.T.);
#5859 = PLANE('',#5860);
#5860 = AXIS2_PLACEMENT_3D('',#5861,#5862,#5863);
#5861 = CARTESIAN_POINT('',(108.,34.680979980008,0.));
#5862 = DIRECTION('',(0.5,-0.866025403784,0.));
#5863 = DIRECTION('',(-0.866025403784,-0.5,0.));
#5864 = ADVANCED_FACE('',(#5865),#5892,.F.);
#5865 = FACE_BOUND('',#5866,.F.);
#5866 = EDGE_LOOP('',(#5867,#5875,#5883,#5890,#5891));
#5867 = ORIENTED_EDGE('',*,*,#5868,.F.);
#5868 = EDGE_CURVE('',#5869,#1671,#5871,.T.);
#5869 = VERTEX_POINT('',#5870);
#5870 = CARTESIAN_POINT('',(108.,47.395081595146,3.));
#5871 = LINE('',#5872,#5873);
#5872 = CARTESIAN_POINT('',(108.,47.395081595146,0.));
#5873 = VECTOR('',#5874,1.);
#5874 = DIRECTION('',(0.,0.,1.));
#5875 = ORIENTED_EDGE('',*,*,#5876,.F.);
#5876 = EDGE_CURVE('',#5877,#5869,#5879,.T.);
#5877 = VERTEX_POINT('',#5878);
#5878 = CARTESIAN_POINT('',(101.75609816565,51.,3.));
#5879 = LINE('',#5880,#5881);
#5880 = CARTESIAN_POINT('',(100.,52.013883748663,3.));
#5881 = VECTOR('',#5882,1.);
#5882 = DIRECTION('',(0.866025403784,-0.5,0.));
#5883 = ORIENTED_EDGE('',*,*,#5884,.F.);
#5884 = EDGE_CURVE('',#5759,#5877,#5885,.T.);
#5885 = ELLIPSE('',#5886,20.,10.);
#5886 = AXIS2_PLACEMENT_3D('',#5887,#5888,#5889);
#5887 = CARTESIAN_POINT('',(101.75609816565,51.,13.));
#5888 = DIRECTION('',(-0.5,-0.866025403784,0.));
#5889 = DIRECTION('',(0.866025403784,-0.5,0.));
#5890 = ORIENTED_EDGE('',*,*,#5758,.T.);
#5891 = ORIENTED_EDGE('',*,*,#1678,.T.);
#5892 = PLANE('',#5893);
#5893 = AXIS2_PLACEMENT_3D('',#5894,#5895,#5896);
#5894 = CARTESIAN_POINT('',(100.,52.013883748663,0.));
#5895 = DIRECTION('',(0.5,0.866025403784,0.));
#5896 = DIRECTION('',(0.866025403784,-0.5,0.));
#5897 = ADVANCED_FACE('',(#5898),#5917,.F.);
#5898 = FACE_BOUND('',#5899,.T.);
#5899 = EDGE_LOOP('',(#5900,#5908,#5915,#5916));
#5900 = ORIENTED_EDGE('',*,*,#5901,.F.);
#5901 = EDGE_CURVE('',#5902,#1693,#5904,.T.);
#5902 = VERTEX_POINT('',#5903);
#5903 = CARTESIAN_POINT('',(109.,36.413030787577,3.));
#5904 = LINE('',#5905,#5906);
#5905 = CARTESIAN_POINT('',(109.,36.413030787577,0.));
#5906 = VECTOR('',#5907,1.);
#5907 = DIRECTION('',(0.,0.,1.));
#5908 = ORIENTED_EDGE('',*,*,#5909,.F.);
#5909 = EDGE_CURVE('',#5846,#5902,#5910,.T.);
#5910 = CIRCLE('',#5911,2.);
#5911 = AXIS2_PLACEMENT_3D('',#5912,#5913,#5914);
#5912 = CARTESIAN_POINT('',(107.,36.413030787577,3.));
#5913 = DIRECTION('',(0.,0.,1.));
#5914 = DIRECTION('',(1.,0.,0.));
#5915 = ORIENTED_EDGE('',*,*,#5853,.T.);
#5916 = ORIENTED_EDGE('',*,*,#1702,.F.);
#5917 = CYLINDRICAL_SURFACE('',#5918,2.);
#5918 = AXIS2_PLACEMENT_3D('',#5919,#5920,#5921);
#5919 = CARTESIAN_POINT('',(107.,36.413030787577,0.));
#5920 = DIRECTION('',(-0.,-0.,-1.));
#5921 = DIRECTION('',(1.,0.,0.));
#5922 = ADVANCED_FACE('',(#5923),#5942,.F.);
#5923 = FACE_BOUND('',#5924,.T.);
#5924 = EDGE_LOOP('',(#5925,#5926,#5935,#5941));
#5925 = ORIENTED_EDGE('',*,*,#5868,.F.);
#5926 = ORIENTED_EDGE('',*,*,#5927,.F.);
#5927 = EDGE_CURVE('',#5928,#5869,#5930,.T.);
#5928 = VERTEX_POINT('',#5929);
#5929 = CARTESIAN_POINT('',(109.,45.663030787577,3.));
#5930 = CIRCLE('',#5931,2.);
#5931 = AXIS2_PLACEMENT_3D('',#5932,#5933,#5934);
#5932 = CARTESIAN_POINT('',(107.,45.663030787577,3.));
#5933 = DIRECTION('',(0.,0.,1.));
#5934 = DIRECTION('',(1.,0.,0.));
#5935 = ORIENTED_EDGE('',*,*,#5936,.T.);
#5936 = EDGE_CURVE('',#5928,#1720,#5937,.T.);
#5937 = LINE('',#5938,#5939);
#5938 = CARTESIAN_POINT('',(109.,45.663030787577,0.));
#5939 = VECTOR('',#5940,1.);
#5940 = DIRECTION('',(0.,0.,1.));
#5941 = ORIENTED_EDGE('',*,*,#1727,.F.);
#5942 = CYLINDRICAL_SURFACE('',#5943,2.);
#5943 = AXIS2_PLACEMENT_3D('',#5944,#5945,#5946);
#5944 = CARTESIAN_POINT('',(107.,45.663030787577,0.));
#5945 = DIRECTION('',(-0.,-0.,-1.));
#5946 = DIRECTION('',(1.,0.,0.));
#5947 = ADVANCED_FACE('',(#5948),#5959,.F.);
#5948 = FACE_BOUND('',#5949,.F.);
#5949 = EDGE_LOOP('',(#5950,#5951,#5957,#5958));
#5950 = ORIENTED_EDGE('',*,*,#5901,.F.);
#5951 = ORIENTED_EDGE('',*,*,#5952,.F.);
#5952 = EDGE_CURVE('',#5928,#5902,#5953,.T.);
#5953 = LINE('',#5954,#5955);
#5954 = CARTESIAN_POINT('',(109.,45.663030787577,3.));
#5955 = VECTOR('',#5956,1.);
#5956 = DIRECTION('',(0.,-1.,0.));
#5957 = ORIENTED_EDGE('',*,*,#5936,.T.);
#5958 = ORIENTED_EDGE('',*,*,#1745,.T.);
#5959 = PLANE('',#5960);
#5960 = AXIS2_PLACEMENT_3D('',#5961,#5962,#5963);
#5961 = CARTESIAN_POINT('',(109.,45.663030787577,0.));
#5962 = DIRECTION('',(1.,0.,0.));
#5963 = DIRECTION('',(0.,-1.,0.));
#5964 = ADVANCED_FACE('',(#5965),#5971,.T.);
#5965 = FACE_BOUND('',#5966,.T.);
#5966 = EDGE_LOOP('',(#5967,#5968,#5969,#5970));
#5967 = ORIENTED_EDGE('',*,*,#1967,.F.);
#5968 = ORIENTED_EDGE('',*,*,#1991,.F.);
#5969 = ORIENTED_EDGE('',*,*,#2015,.F.);
#5970 = ORIENTED_EDGE('',*,*,#2032,.F.);
#5971 = PLANE('',#5972);
#5972 = AXIS2_PLACEMENT_3D('',#5973,#5974,#5975);
#5973 = CARTESIAN_POINT('',(50.25,67.5,10.));
#5974 = DIRECTION('',(0.,1.,0.));
#5975 = DIRECTION('',(0.,0.,1.));
#5976 = ADVANCED_FACE('',(#5977),#5983,.T.);
#5977 = FACE_BOUND('',#5978,.T.);
#5978 = EDGE_LOOP('',(#5979,#5980,#5981,#5982));
#5979 = ORIENTED_EDGE('',*,*,#2128,.F.);
#5980 = ORIENTED_EDGE('',*,*,#2063,.F.);
#5981 = ORIENTED_EDGE('',*,*,#2087,.F.);
#5982 = ORIENTED_EDGE('',*,*,#2111,.F.);
#5983 = PLANE('',#5984);
#5984 = AXIS2_PLACEMENT_3D('',#5985,#5986,#5987);
#5985 = CARTESIAN_POINT('',(50.25,67.5,10.));
#5986 = DIRECTION('',(0.,1.,0.));
#5987 = DIRECTION('',(0.,0.,1.));
#5988 = ADVANCED_FACE('',(#5989),#6114,.F.);
#5989 = FACE_BOUND('',#5990,.T.);
#5990 = EDGE_LOOP('',(#5991,#5999,#6000,#6001,#6018,#6067));
#5991 = ORIENTED_EDGE('',*,*,#5992,.F.);
#5992 = EDGE_CURVE('',#2143,#5993,#5995,.T.);
#5993 = VERTEX_POINT('',#5994);
#5994 = CARTESIAN_POINT('',(23.1,60.539392014169,10.));
#5995 = LINE('',#5996,#5997);
#5996 = CARTESIAN_POINT('',(23.1,63.,10.));
#5997 = VECTOR('',#5998,1.);
#5998 = DIRECTION('',(-0.,-1.,-0.));
#5999 = ORIENTED_EDGE('',*,*,#2142,.F.);
#6000 = ORIENTED_EDGE('',*,*,#5992,.T.);
#6001 = ORIENTED_EDGE('',*,*,#6002,.T.);
#6002 = EDGE_CURVE('',#5993,#5685,#6003,.T.);
#6003 = B_SPLINE_CURVE_WITH_KNOTS('',7,(#6004,#6005,#6006,#6007,#6008,
    #6009,#6010,#6011,#6012,#6013,#6014,#6015,#6016,#6017),
  .UNSPECIFIED.,.F.,.F.,(8,6,8),(0.,0.389681357722,1.),.UNSPECIFIED.);
#6004 = CARTESIAN_POINT('',(23.1,60.539392014169,10.));
#6005 = CARTESIAN_POINT('',(23.1,60.632539519833,10.296190190556));
#6006 = CARTESIAN_POINT('',(23.065883269878,60.714920107365,
    10.595635912299));
#6007 = CARTESIAN_POINT('',(22.996300438943,60.78417419853,
    10.890770744314));
#6008 = CARTESIAN_POINT('',(22.892660272473,60.839629568702,
    11.173959662243));
#6009 = CARTESIAN_POINT('',(22.758985744806,60.882358130995,
    11.43806563309));
#6010 = CARTESIAN_POINT('',(22.602031358244,60.914403115446,
    11.67729577734));
#6011 = CARTESIAN_POINT('',(22.164254517006,60.974896178484,
    12.217905153782));
#6012 = CARTESIAN_POINT('',(21.856824508659,60.991973472385,
    12.486165162034));
#6013 = CARTESIAN_POINT('',(21.524511773616,60.998387794014,
    12.695110880226));
#6014 = CARTESIAN_POINT('',(21.176962448803,61.000001055937,
    12.848470460789));
#6015 = CARTESIAN_POINT('',(20.82085288802,60.999999708871,
    12.949436527369));
#6016 = CARTESIAN_POINT('',(20.460581631684,61.,13.000000009498));
#6017 = CARTESIAN_POINT('',(20.099999920975,61.,13.));
#6018 = ORIENTED_EDGE('',*,*,#6019,.T.);
#6019 = EDGE_CURVE('',#5685,#6020,#6022,.T.);
#6020 = VERTEX_POINT('',#6021);
#6021 = CARTESIAN_POINT('',(20.099999918729,59.000000008242,
    7.000000008217));
#6022 = B_SPLINE_CURVE_WITH_KNOTS('',7,(#6023,#6024,#6025,#6026,#6027,
    #6028,#6029,#6030,#6031,#6032,#6033,#6034,#6035,#6036,#6037,#6038,
    #6039,#6040,#6041,#6042,#6043,#6044,#6045,#6046,#6047,#6048,#6049,
    #6050,#6051,#6052,#6053,#6054,#6055,#6056,#6057,#6058,#6059,#6060,
    #6061,#6062,#6063,#6064,#6065,#6066),.UNSPECIFIED.,.F.,.F.,(8,6,6,6,
    6,6,6,8),(0.,0.15322796692,0.292290845349,0.422248876968,
    0.587404744221,0.732517259211,0.897695457716,1.),.UNSPECIFIED.);
#6023 = CARTESIAN_POINT('',(20.099999920975,61.,13.));
#6024 = CARTESIAN_POINT('',(19.818080678039,61.,12.999999992574));
#6025 = CARTESIAN_POINT('',(19.536369626286,61.000000035055,
    12.969092190517));
#6026 = CARTESIAN_POINT('',(19.256754781922,60.999999850889,
    12.907355181442));
#6027 = CARTESIAN_POINT('',(18.981312947111,60.999398531526,
    12.814119512575));
#6028 = CARTESIAN_POINT('',(18.712691148975,60.9969984701,
    12.688138798828));
#6029 = CARTESIAN_POINT('',(18.454529565826,60.990783874512,
    12.527803023567));
#6030 = CARTESIAN_POINT('',(17.991964914867,60.965684884837,
    12.153225534726));
#6031 = CARTESIAN_POINT('',(17.779935618046,60.947760479109,
    11.941399563859));
#6032 = CARTESIAN_POINT('',(17.586016963392,60.92134136181,
    11.696503990344));
#6033 = CARTESIAN_POINT('',(17.418684310691,60.883375033228,
    11.421536318625));
#6034 = CARTESIAN_POINT('',(17.284772629362,60.830797059198,
    11.121277809985));
#6035 = CARTESIAN_POINT('',(17.189570168298,60.761411894458,
    10.801628962895));
#6036 = CARTESIAN_POINT('',(17.08774594157,60.593240889472,
    10.158735987555));
#6037 = CARTESIAN_POINT('',(17.077567106034,60.499707309841,
    9.848680340078));
#6038 = CARTESIAN_POINT('',(17.104437786091,60.395141834624,
    9.545343755536));
#6039 = CARTESIAN_POINT('',(17.165213961659,60.282021457556,
    9.254378082996));
#6040 = CARTESIAN_POINT('',(17.255598683727,60.163977104933,
    8.980709789941));
#6041 = CARTESIAN_POINT('',(17.370101062856,60.045338580844,
    8.728323644773));
#6042 = CARTESIAN_POINT('',(17.669449473602,59.784071475312,
    8.209837019737));
#6043 = CARTESIAN_POINT('',(17.869060661736,59.640057992374,
    7.951412274667));
#6044 = CARTESIAN_POINT('',(18.09419693405,59.503048576387,
    7.725360007055));
#6045 = CARTESIAN_POINT('',(18.340172500226,59.377461373291,
    7.531601299594));
#6046 = CARTESIAN_POINT('',(18.603570798078,59.267294695853,
    7.370141123617));
#6047 = CARTESIAN_POINT('',(18.881846042655,59.17632640748,
    7.241415532593));
#6048 = CARTESIAN_POINT('',(19.428723811509,59.04805165527,
    7.063724189987));
#6049 = CARTESIAN_POINT('',(19.693656593249,59.005748309668,
    7.007217747162));
#6050 = CARTESIAN_POINT('',(19.963989924449,58.983847598,6.97872143337)
  );
#6051 = CARTESIAN_POINT('',(20.236093921939,58.983852009528,
    6.978726914078));
#6052 = CARTESIAN_POINT('',(20.506411373431,59.005758357358,
    7.007231096389));
#6053 = CARTESIAN_POINT('',(20.771313459622,59.048060392529,
    7.063736292663));
#6054 = CARTESIAN_POINT('',(21.318151054165,59.176325732202,
    7.24141459777));
#6055 = CARTESIAN_POINT('',(21.596426328851,59.267293498634,
    7.370139407123));
#6056 = CARTESIAN_POINT('',(21.859826571505,59.377460598118,
    7.531600066213));
#6057 = CARTESIAN_POINT('',(22.105804037497,59.503048807481,
    7.725360122162));
#6058 = CARTESIAN_POINT('',(22.330941552856,59.640059343615,
    7.951414435089));
#6059 = CARTESIAN_POINT('',(22.530552117503,59.7840728579,8.209839757959
    ));
#6060 = CARTESIAN_POINT('',(22.801833704158,60.020843641859,
    8.679713249203));
#6061 = CARTESIAN_POINT('',(22.894109646916,60.112967825754,
    8.873033959695));
#6062 = CARTESIAN_POINT('',(22.972349682375,60.204979037779,
    9.079043893978));
#6063 = CARTESIAN_POINT('',(23.034187776724,60.295145466893,
    9.296492852836));
#6064 = CARTESIAN_POINT('',(23.077422674747,60.38183102313,
    9.523798762708));
#6065 = CARTESIAN_POINT('',(23.1,60.463616297624,9.759048578238));
#6066 = CARTESIAN_POINT('',(23.1,60.539392014169,10.));
#6067 = ORIENTED_EDGE('',*,*,#6068,.T.);
#6068 = EDGE_CURVE('',#6020,#5993,#6069,.T.);
#6069 = B_SPLINE_CURVE_WITH_KNOTS('',7,(#6070,#6071,#6072,#6073,#6074,
    #6075,#6076,#6077,#6078,#6079,#6080,#6081,#6082,#6083,#6084,#6085,
    #6086,#6087,#6088,#6089,#6090,#6091,#6092,#6093,#6094,#6095,#6096,
    #6097,#6098,#6099,#6100,#6101,#6102,#6103,#6104,#6105,#6106,#6107,
    #6108,#6109,#6110,#6111,#6112,#6113),.UNSPECIFIED.,.F.,.F.,(8,6,6,6,
    6,6,6,8),(0.,0.15322796692,0.292290845349,0.422248876968,
    0.587404744221,0.732517259211,0.897695457716,1.),.UNSPECIFIED.);
#6070 = CARTESIAN_POINT('',(20.099999920975,61.,13.));
#6071 = CARTESIAN_POINT('',(19.818080678039,61.,12.999999992574));
#6072 = CARTESIAN_POINT('',(19.536369626286,61.000000035055,
    12.969092190517));
#6073 = CARTESIAN_POINT('',(19.256754781922,60.999999850889,
    12.907355181442));
#6074 = CARTESIAN_POINT('',(18.981312947111,60.999398531526,
    12.814119512575));
#6075 = CARTESIAN_POINT('',(18.712691148975,60.9969984701,
    12.688138798828));
#6076 = CARTESIAN_POINT('',(18.454529565826,60.990783874512,
    12.527803023567));
#6077 = CARTESIAN_POINT('',(17.991964914867,60.965684884837,
    12.153225534726));
#6078 = CARTESIAN_POINT('',(17.779935618046,60.947760479109,
    11.941399563859));
#6079 = CARTESIAN_POINT('',(17.586016963392,60.92134136181,
    11.696503990344));
#6080 = CARTESIAN_POINT('',(17.418684310691,60.883375033228,
    11.421536318625));
#6081 = CARTESIAN_POINT('',(17.284772629362,60.830797059198,
    11.121277809985));
#6082 = CARTESIAN_POINT('',(17.189570168298,60.761411894458,
    10.801628962895));
#6083 = CARTESIAN_POINT('',(17.08774594157,60.593240889472,
    10.158735987555));
#6084 = CARTESIAN_POINT('',(17.077567106034,60.499707309841,
    9.848680340078));
#6085 = CARTESIAN_POINT('',(17.104437786091,60.395141834624,
    9.545343755536));
#6086 = CARTESIAN_POINT('',(17.165213961659,60.282021457556,
    9.254378082996));
#6087 = CARTESIAN_POINT('',(17.255598683727,60.163977104933,
    8.980709789941));
#6088 = CARTESIAN_POINT('',(17.370101062856,60.045338580844,
    8.728323644773));
#6089 = CARTESIAN_POINT('',(17.669449473602,59.784071475312,
    8.209837019737));
#6090 = CARTESIAN_POINT('',(17.869060661736,59.640057992374,
    7.951412274667));
#6091 = CARTESIAN_POINT('',(18.09419693405,59.503048576387,
    7.725360007055));
#6092 = CARTESIAN_POINT('',(18.340172500226,59.377461373291,
    7.531601299594));
#6093 = CARTESIAN_POINT('',(18.603570798078,59.267294695853,
    7.370141123617));
#6094 = CARTESIAN_POINT('',(18.881846042655,59.17632640748,
    7.241415532593));
#6095 = CARTESIAN_POINT('',(19.428723811509,59.04805165527,
    7.063724189987));
#6096 = CARTESIAN_POINT('',(19.693656593249,59.005748309668,
    7.007217747162));
#6097 = CARTESIAN_POINT('',(19.963989924449,58.983847598,6.97872143337)
  );
#6098 = CARTESIAN_POINT('',(20.236093921939,58.983852009528,
    6.978726914078));
#6099 = CARTESIAN_POINT('',(20.506411373431,59.005758357358,
    7.007231096389));
#6100 = CARTESIAN_POINT('',(20.771313459622,59.048060392529,
    7.063736292663));
#6101 = CARTESIAN_POINT('',(21.318151054165,59.176325732202,
    7.24141459777));
#6102 = CARTESIAN_POINT('',(21.596426328851,59.267293498634,
    7.370139407123));
#6103 = CARTESIAN_POINT('',(21.859826571505,59.377460598118,
    7.531600066213));
#6104 = CARTESIAN_POINT('',(22.105804037497,59.503048807481,
    7.725360122162));
#6105 = CARTESIAN_POINT('',(22.330941552856,59.640059343615,
    7.951414435089));
#6106 = CARTESIAN_POINT('',(22.530552117503,59.7840728579,8.209839757959
    ));
#6107 = CARTESIAN_POINT('',(22.801833704158,60.020843641859,
    8.679713249203));
#6108 = CARTESIAN_POINT('',(22.894109646916,60.112967825754,
    8.873033959695));
#6109 = CARTESIAN_POINT('',(22.972349682375,60.204979037779,
    9.079043893978));
#6110 = CARTESIAN_POINT('',(23.034187776724,60.295145466893,
    9.296492852836));
#6111 = CARTESIAN_POINT('',(23.077422674747,60.38183102313,
    9.523798762708));
#6112 = CARTESIAN_POINT('',(23.1,60.463616297624,9.759048578238));
#6113 = CARTESIAN_POINT('',(23.1,60.539392014169,10.));
#6114 = CYLINDRICAL_SURFACE('',#6115,3.);
#6115 = AXIS2_PLACEMENT_3D('',#6116,#6117,#6118);
#6116 = CARTESIAN_POINT('',(20.1,63.,10.));
#6117 = DIRECTION('',(0.,1.,-2.2E-16));
#6118 = DIRECTION('',(1.,0.,0.));
#6119 = ADVANCED_FACE('',(#6120),#6245,.F.);
#6120 = FACE_BOUND('',#6121,.T.);
#6121 = EDGE_LOOP('',(#6122,#6130,#6131,#6132,#6149,#6198));
#6122 = ORIENTED_EDGE('',*,*,#6123,.F.);
#6123 = EDGE_CURVE('',#2163,#6124,#6126,.T.);
#6124 = VERTEX_POINT('',#6125);
#6125 = CARTESIAN_POINT('',(83.4,60.539392014169,10.));
#6126 = LINE('',#6127,#6128);
#6127 = CARTESIAN_POINT('',(83.4,63.,10.));
#6128 = VECTOR('',#6129,1.);
#6129 = DIRECTION('',(-0.,-1.,-0.));
#6130 = ORIENTED_EDGE('',*,*,#2162,.F.);
#6131 = ORIENTED_EDGE('',*,*,#6123,.T.);
#6132 = ORIENTED_EDGE('',*,*,#6133,.T.);
#6133 = EDGE_CURVE('',#6124,#5677,#6134,.T.);
#6134 = B_SPLINE_CURVE_WITH_KNOTS('',7,(#6135,#6136,#6137,#6138,#6139,
    #6140,#6141,#6142,#6143,#6144,#6145,#6146,#6147,#6148),
  .UNSPECIFIED.,.F.,.F.,(8,6,8),(0.,0.389681357722,1.),.UNSPECIFIED.);
#6135 = CARTESIAN_POINT('',(83.4,60.539392014169,10.));
#6136 = CARTESIAN_POINT('',(83.4,60.632539519833,10.296190190556));
#6137 = CARTESIAN_POINT('',(83.365883269878,60.714920107365,
    10.595635912299));
#6138 = CARTESIAN_POINT('',(83.296300438943,60.78417419853,
    10.890770744314));
#6139 = CARTESIAN_POINT('',(83.192660272473,60.839629568702,
    11.173959662242));
#6140 = CARTESIAN_POINT('',(83.058985744806,60.882358130995,
    11.438065633091));
#6141 = CARTESIAN_POINT('',(82.902031358244,60.914403115446,
    11.67729577734));
#6142 = CARTESIAN_POINT('',(82.464254517006,60.974896178484,
    12.217905153782));
#6143 = CARTESIAN_POINT('',(82.15682450866,60.991973472385,
    12.486165162034));
#6144 = CARTESIAN_POINT('',(81.824511773616,60.998387794014,
    12.695110880227));
#6145 = CARTESIAN_POINT('',(81.476962448803,61.000001055937,
    12.848470460789));
#6146 = CARTESIAN_POINT('',(81.12085288802,60.999999708871,
    12.949436527369));
#6147 = CARTESIAN_POINT('',(80.760581631684,61.,13.000000009498));
#6148 = CARTESIAN_POINT('',(80.399999920975,61.,13.));
#6149 = ORIENTED_EDGE('',*,*,#6150,.T.);
#6150 = EDGE_CURVE('',#5677,#6151,#6153,.T.);
#6151 = VERTEX_POINT('',#6152);
#6152 = CARTESIAN_POINT('',(80.399999952154,59.000000008242,
    7.000000008217));
#6153 = B_SPLINE_CURVE_WITH_KNOTS('',7,(#6154,#6155,#6156,#6157,#6158,
    #6159,#6160,#6161,#6162,#6163,#6164,#6165,#6166,#6167,#6168,#6169,
    #6170,#6171,#6172,#6173,#6174,#6175,#6176,#6177,#6178,#6179,#6180,
    #6181,#6182,#6183,#6184,#6185,#6186,#6187,#6188,#6189,#6190,#6191,
    #6192,#6193,#6194,#6195,#6196,#6197),.UNSPECIFIED.,.F.,.F.,(8,6,6,6,
    6,6,6,8),(0.,0.153227969479,0.292290847469,0.422248878678,
    0.587404745409,0.732517259941,0.897695457925,1.),.UNSPECIFIED.);
#6154 = CARTESIAN_POINT('',(80.399999920975,61.,13.));
#6155 = CARTESIAN_POINT('',(80.11808068361,61.,12.999999992574));
#6156 = CARTESIAN_POINT('',(79.836369612969,61.00000003518,
    12.969092191842));
#6157 = CARTESIAN_POINT('',(79.556754791204,60.999999850428,
    12.907355175251));
#6158 = CARTESIAN_POINT('',(79.281312952316,60.999398532289,
    12.814119524096));
#6159 = CARTESIAN_POINT('',(79.012691138127,60.996998469439,
    12.688138788554));
#6160 = CARTESIAN_POINT('',(78.754529570641,60.990783874773,
    12.527803027467));
#6161 = CARTESIAN_POINT('',(78.291964914867,60.965684884837,
    12.153225534725));
#6162 = CARTESIAN_POINT('',(78.079935618046,60.947760479109,
    11.94139956386));
#6163 = CARTESIAN_POINT('',(77.886016963392,60.92134136181,
    11.696503990344));
#6164 = CARTESIAN_POINT('',(77.718684310692,60.883375033228,
    11.421536318625));
#6165 = CARTESIAN_POINT('',(77.584772629362,60.830797059198,
    11.121277809985));
#6166 = CARTESIAN_POINT('',(77.489570168298,60.761411894458,
    10.801628962895));
#6167 = CARTESIAN_POINT('',(77.38774594157,60.593240889472,
    10.158735987555));
#6168 = CARTESIAN_POINT('',(77.377567106034,60.499707309841,
    9.848680340078));
#6169 = CARTESIAN_POINT('',(77.404437786091,60.395141834624,
    9.545343755536));
#6170 = CARTESIAN_POINT('',(77.465213961659,60.282021457556,
    9.254378082996));
#6171 = CARTESIAN_POINT('',(77.555598683727,60.163977104933,
    8.980709789941));
#6172 = CARTESIAN_POINT('',(77.670101062856,60.045338580844,
    8.728323644773));
#6173 = CARTESIAN_POINT('',(77.969449473602,59.784071475312,
    8.209837019737));
#6174 = CARTESIAN_POINT('',(78.169060661736,59.640057992374,
    7.951412274668));
#6175 = CARTESIAN_POINT('',(78.39419693405,59.503048576387,
    7.725360007054));
#6176 = CARTESIAN_POINT('',(78.640172500225,59.377461373291,
    7.531601299594));
#6177 = CARTESIAN_POINT('',(78.903570798078,59.267294695853,
    7.370141123617));
#6178 = CARTESIAN_POINT('',(79.181846042655,59.17632640748,
    7.241415532593));
#6179 = CARTESIAN_POINT('',(79.728723811509,59.04805165527,
    7.063724189987));
#6180 = CARTESIAN_POINT('',(79.99365659325,59.005748309668,
    7.007217747162));
#6181 = CARTESIAN_POINT('',(80.263989924448,58.983847598001,
    6.97872143337));
#6182 = CARTESIAN_POINT('',(80.53609392194,58.983852009528,
    6.978726914078));
#6183 = CARTESIAN_POINT('',(80.80641137343,59.005758357358,
    7.007231096388));
#6184 = CARTESIAN_POINT('',(81.071313459622,59.04806039253,
    7.063736292663));
#6185 = CARTESIAN_POINT('',(81.618151054165,59.176325732202,
    7.24141459777));
#6186 = CARTESIAN_POINT('',(81.89642632885,59.267293498634,
    7.370139407123));
#6187 = CARTESIAN_POINT('',(82.159826571506,59.377460598118,
    7.531600066213));
#6188 = CARTESIAN_POINT('',(82.405804037496,59.50304880748,
    7.725360122161));
#6189 = CARTESIAN_POINT('',(82.630941552856,59.640059343616,
    7.951414435089));
#6190 = CARTESIAN_POINT('',(82.830552117503,59.7840728579,8.209839757959
    ));
#6191 = CARTESIAN_POINT('',(83.101833704274,60.020843641961,
    8.679713249404));
#6192 = CARTESIAN_POINT('',(83.194109646886,60.112967825752,
    8.873033959715));
#6193 = CARTESIAN_POINT('',(83.272349682295,60.204979037696,
    9.079043893804));
#6194 = CARTESIAN_POINT('',(83.33418777671,60.295145466832,
    9.296492852662));
#6195 = CARTESIAN_POINT('',(83.377422674789,60.381831023155,
    9.523798762737));
#6196 = CARTESIAN_POINT('',(83.4,60.463616297696,9.759048578468));
#6197 = CARTESIAN_POINT('',(83.4,60.539392014169,10.));
#6198 = ORIENTED_EDGE('',*,*,#6199,.T.);
#6199 = EDGE_CURVE('',#6151,#6124,#6200,.T.);
#6200 = B_SPLINE_CURVE_WITH_KNOTS('',7,(#6201,#6202,#6203,#6204,#6205,
    #6206,#6207,#6208,#6209,#6210,#6211,#6212,#6213,#6214,#6215,#6216,
    #6217,#6218,#6219,#6220,#6221,#6222,#6223,#6224,#6225,#6226,#6227,
    #6228,#6229,#6230,#6231,#6232,#6233,#6234,#6235,#6236,#6237,#6238,
    #6239,#6240,#6241,#6242,#6243,#6244),.UNSPECIFIED.,.F.,.F.,(8,6,6,6,
    6,6,6,8),(0.,0.153227969479,0.292290847469,0.422248878678,
    0.587404745409,0.732517259941,0.897695457925,1.),.UNSPECIFIED.);
#6201 = CARTESIAN_POINT('',(80.399999920975,61.,13.));
#6202 = CARTESIAN_POINT('',(80.11808068361,61.,12.999999992574));
#6203 = CARTESIAN_POINT('',(79.836369612969,61.00000003518,
    12.969092191842));
#6204 = CARTESIAN_POINT('',(79.556754791204,60.999999850428,
    12.907355175251));
#6205 = CARTESIAN_POINT('',(79.281312952316,60.999398532289,
    12.814119524096));
#6206 = CARTESIAN_POINT('',(79.012691138127,60.996998469439,
    12.688138788554));
#6207 = CARTESIAN_POINT('',(78.754529570641,60.990783874773,
    12.527803027467));
#6208 = CARTESIAN_POINT('',(78.291964914867,60.965684884837,
    12.153225534725));
#6209 = CARTESIAN_POINT('',(78.079935618046,60.947760479109,
    11.94139956386));
#6210 = CARTESIAN_POINT('',(77.886016963392,60.92134136181,
    11.696503990344));
#6211 = CARTESIAN_POINT('',(77.718684310692,60.883375033228,
    11.421536318625));
#6212 = CARTESIAN_POINT('',(77.584772629362,60.830797059198,
    11.121277809985));
#6213 = CARTESIAN_POINT('',(77.489570168298,60.761411894458,
    10.801628962895));
#6214 = CARTESIAN_POINT('',(77.38774594157,60.593240889472,
    10.158735987555));
#6215 = CARTESIAN_POINT('',(77.377567106034,60.499707309841,
    9.848680340078));
#6216 = CARTESIAN_POINT('',(77.404437786091,60.395141834624,
    9.545343755536));
#6217 = CARTESIAN_POINT('',(77.465213961659,60.282021457556,
    9.254378082996));
#6218 = CARTESIAN_POINT('',(77.555598683727,60.163977104933,
    8.980709789941));
#6219 = CARTESIAN_POINT('',(77.670101062856,60.045338580844,
    8.728323644773));
#6220 = CARTESIAN_POINT('',(77.969449473602,59.784071475312,
    8.209837019737));
#6221 = CARTESIAN_POINT('',(78.169060661736,59.640057992374,
    7.951412274668));
#6222 = CARTESIAN_POINT('',(78.39419693405,59.503048576387,
    7.725360007054));
#6223 = CARTESIAN_POINT('',(78.640172500225,59.377461373291,
    7.531601299594));
#6224 = CARTESIAN_POINT('',(78.903570798078,59.267294695853,
    7.370141123617));
#6225 = CARTESIAN_POINT('',(79.181846042655,59.17632640748,
    7.241415532593));
#6226 = CARTESIAN_POINT('',(79.728723811509,59.04805165527,
    7.063724189987));
#6227 = CARTESIAN_POINT('',(79.99365659325,59.005748309668,
    7.007217747162));
#6228 = CARTESIAN_POINT('',(80.263989924448,58.983847598001,
    6.97872143337));
#6229 = CARTESIAN_POINT('',(80.53609392194,58.983852009528,
    6.978726914078));
#6230 = CARTESIAN_POINT('',(80.80641137343,59.005758357358,
    7.007231096388));
#6231 = CARTESIAN_POINT('',(81.071313459622,59.04806039253,
    7.063736292663));
#6232 = CARTESIAN_POINT('',(81.618151054165,59.176325732202,
    7.24141459777));
#6233 = CARTESIAN_POINT('',(81.89642632885,59.267293498634,
    7.370139407123));
#6234 = CARTESIAN_POINT('',(82.159826571506,59.377460598118,
    7.531600066213));
#6235 = CARTESIAN_POINT('',(82.405804037496,59.50304880748,
    7.725360122161));
#6236 = CARTESIAN_POINT('',(82.630941552856,59.640059343616,
    7.951414435089));
#6237 = CARTESIAN_POINT('',(82.830552117503,59.7840728579,8.209839757959
    ));
#6238 = CARTESIAN_POINT('',(83.101833704274,60.020843641961,
    8.679713249404));
#6239 = CARTESIAN_POINT('',(83.194109646886,60.112967825752,
    8.873033959715));
#6240 = CARTESIAN_POINT('',(83.272349682295,60.204979037696,
    9.079043893804));
#6241 = CARTESIAN_POINT('',(83.33418777671,60.295145466832,
    9.296492852662));
#6242 = CARTESIAN_POINT('',(83.377422674789,60.381831023155,
    9.523798762737));
#6243 = CARTESIAN_POINT('',(83.4,60.463616297696,9.759048578468));
#6244 = CARTESIAN_POINT('',(83.4,60.539392014169,10.));
#6245 = CYLINDRICAL_SURFACE('',#6246,3.);
#6246 = AXIS2_PLACEMENT_3D('',#6247,#6248,#6249);
#6247 = CARTESIAN_POINT('',(80.4,63.,10.));
#6248 = DIRECTION('',(0.,1.,-2.2E-16));
#6249 = DIRECTION('',(1.,0.,0.));
#6250 = ADVANCED_FACE('',(#6251),#6257,.T.);
#6251 = FACE_BOUND('',#6252,.T.);
#6252 = EDGE_LOOP('',(#6253,#6254,#6255,#6256));
#6253 = ORIENTED_EDGE('',*,*,#2199,.F.);
#6254 = ORIENTED_EDGE('',*,*,#2223,.F.);
#6255 = ORIENTED_EDGE('',*,*,#2247,.F.);
#6256 = ORIENTED_EDGE('',*,*,#2264,.F.);
#6257 = PLANE('',#6258);
#6258 = AXIS2_PLACEMENT_3D('',#6259,#6260,#6261);
#6259 = CARTESIAN_POINT('',(50.25,67.5,10.));
#6260 = DIRECTION('',(0.,1.,0.));
#6261 = DIRECTION('',(0.,0.,1.));
#6262 = ADVANCED_FACE('',(#6263,#6344,#6347),#6350,.F.);
#6263 = FACE_BOUND('',#6264,.F.);
#6264 = EDGE_LOOP('',(#6265,#6266,#6267,#6273,#6274,#6275,#6276,#6282,
    #6283,#6284,#6285,#6293,#6302,#6310,#6319,#6325,#6326,#6327,#6328,
    #6334,#6335,#6336,#6337,#6343));
#6265 = ORIENTED_EDGE('',*,*,#5618,.F.);
#6266 = ORIENTED_EDGE('',*,*,#5587,.T.);
#6267 = ORIENTED_EDGE('',*,*,#6268,.T.);
#6268 = EDGE_CURVE('',#5580,#4010,#6269,.T.);
#6269 = LINE('',#6270,#6271);
#6270 = CARTESIAN_POINT('',(4.,19.,3.));
#6271 = VECTOR('',#6272,1.);
#6272 = DIRECTION('',(1.,0.,0.));
#6273 = ORIENTED_EDGE('',*,*,#4017,.F.);
#6274 = ORIENTED_EDGE('',*,*,#3823,.T.);
#6275 = ORIENTED_EDGE('',*,*,#3766,.T.);
#6276 = ORIENTED_EDGE('',*,*,#6277,.T.);
#6277 = EDGE_CURVE('',#3759,#3726,#6278,.T.);
#6278 = LINE('',#6279,#6280);
#6279 = CARTESIAN_POINT('',(4.,19.,3.));
#6280 = VECTOR('',#6281,1.);
#6281 = DIRECTION('',(1.,0.,0.));
#6282 = ORIENTED_EDGE('',*,*,#3733,.F.);
#6283 = ORIENTED_EDGE('',*,*,#3444,.T.);
#6284 = ORIENTED_EDGE('',*,*,#3387,.T.);
#6285 = ORIENTED_EDGE('',*,*,#6286,.T.);
#6286 = EDGE_CURVE('',#3380,#6287,#6289,.T.);
#6287 = VERTEX_POINT('',#6288);
#6288 = CARTESIAN_POINT('',(18.25,19.,3.));
#6289 = LINE('',#6290,#6291);
#6290 = CARTESIAN_POINT('',(4.,19.,3.));
#6291 = VECTOR('',#6292,1.);
#6292 = DIRECTION('',(1.,0.,0.));
#6293 = ORIENTED_EDGE('',*,*,#6294,.F.);
#6294 = EDGE_CURVE('',#6295,#6287,#6297,.T.);
#6295 = VERTEX_POINT('',#6296);
#6296 = CARTESIAN_POINT('',(18.25,11.,7.));
#6297 = CIRCLE('',#6298,10.);
#6298 = AXIS2_PLACEMENT_3D('',#6299,#6300,#6301);
#6299 = CARTESIAN_POINT('',(18.25,19.,13.));
#6300 = DIRECTION('',(1.,0.,0.));
#6301 = DIRECTION('',(0.,-1.,0.));
#6302 = ORIENTED_EDGE('',*,*,#6303,.T.);
#6303 = EDGE_CURVE('',#6295,#6304,#6306,.T.);
#6304 = VERTEX_POINT('',#6305);
#6305 = CARTESIAN_POINT('',(82.25,11.,7.));
#6306 = LINE('',#6307,#6308);
#6307 = CARTESIAN_POINT('',(4.,11.,7.));
#6308 = VECTOR('',#6309,1.);
#6309 = DIRECTION('',(1.,0.,0.));
#6310 = ORIENTED_EDGE('',*,*,#6311,.T.);
#6311 = EDGE_CURVE('',#6304,#6312,#6314,.T.);
#6312 = VERTEX_POINT('',#6313);
#6313 = CARTESIAN_POINT('',(82.25,19.,3.));
#6314 = CIRCLE('',#6315,10.);
#6315 = AXIS2_PLACEMENT_3D('',#6316,#6317,#6318);
#6316 = CARTESIAN_POINT('',(82.25,19.,13.));
#6317 = DIRECTION('',(1.,0.,0.));
#6318 = DIRECTION('',(0.,-1.,0.));
#6319 = ORIENTED_EDGE('',*,*,#6320,.T.);
#6320 = EDGE_CURVE('',#6312,#3322,#6321,.T.);
#6321 = LINE('',#6322,#6323);
#6322 = CARTESIAN_POINT('',(4.,19.,3.));
#6323 = VECTOR('',#6324,1.);
#6324 = DIRECTION('',(1.,0.,0.));
#6325 = ORIENTED_EDGE('',*,*,#3329,.F.);
#6326 = ORIENTED_EDGE('',*,*,#3055,.T.);
#6327 = ORIENTED_EDGE('',*,*,#2998,.T.);
#6328 = ORIENTED_EDGE('',*,*,#6329,.T.);
#6329 = EDGE_CURVE('',#2991,#2958,#6330,.T.);
#6330 = LINE('',#6331,#6332);
#6331 = CARTESIAN_POINT('',(4.,19.,3.));
#6332 = VECTOR('',#6333,1.);
#6333 = DIRECTION('',(1.,0.,0.));
#6334 = ORIENTED_EDGE('',*,*,#2965,.F.);
#6335 = ORIENTED_EDGE('',*,*,#2691,.T.);
#6336 = ORIENTED_EDGE('',*,*,#2634,.T.);
#6337 = ORIENTED_EDGE('',*,*,#6338,.T.);
#6338 = EDGE_CURVE('',#2627,#5637,#6339,.T.);
#6339 = LINE('',#6340,#6341);
#6340 = CARTESIAN_POINT('',(4.,19.,3.));
#6341 = VECTOR('',#6342,1.);
#6342 = DIRECTION('',(1.,0.,0.));
#6343 = ORIENTED_EDGE('',*,*,#5636,.F.);
#6344 = FACE_BOUND('',#6345,.F.);
#6345 = EDGE_LOOP('',(#6346));
#6346 = ORIENTED_EDGE('',*,*,#2304,.F.);
#6347 = FACE_BOUND('',#6348,.F.);
#6348 = EDGE_LOOP('',(#6349));
#6349 = ORIENTED_EDGE('',*,*,#2378,.F.);
#6350 = CYLINDRICAL_SURFACE('',#6351,10.);
#6351 = AXIS2_PLACEMENT_3D('',#6352,#6353,#6354);
#6352 = CARTESIAN_POINT('',(4.,19.,13.));
#6353 = DIRECTION('',(1.,0.,0.));
#6354 = DIRECTION('',(0.,-1.,0.));
#6355 = ADVANCED_FACE('',(#6356),#6361,.T.);
#6356 = FACE_BOUND('',#6357,.T.);
#6357 = EDGE_LOOP('',(#6358,#6359,#6360));
#6358 = ORIENTED_EDGE('',*,*,#2453,.T.);
#6359 = ORIENTED_EDGE('',*,*,#2462,.T.);
#6360 = ORIENTED_EDGE('',*,*,#2471,.T.);
#6361 = PLANE('',#6362);
#6362 = AXIS2_PLACEMENT_3D('',#6363,#6364,#6365);
#6363 = CARTESIAN_POINT('',(64.047653409167,9.,5.610469710945));
#6364 = DIRECTION('',(0.,-1.,3.E-16));
#6365 = DIRECTION('',(0.,-3.E-16,-1.));
#6366 = ADVANCED_FACE('',(#6367),#6417,.T.);
#6367 = FACE_BOUND('',#6368,.T.);
#6368 = EDGE_LOOP('',(#6369,#6370,#6376,#6377,#6378,#6379,#6385,#6386,
    #6387,#6388,#6396,#6402,#6403,#6404,#6405,#6406,#6407,#6408,#6409,
    #6410,#6411,#6412,#6413,#6414,#6415,#6416));
#6369 = ORIENTED_EDGE('',*,*,#5876,.F.);
#6370 = ORIENTED_EDGE('',*,*,#6371,.F.);
#6371 = EDGE_CURVE('',#4043,#5877,#6372,.T.);
#6372 = LINE('',#6373,#6374);
#6373 = CARTESIAN_POINT('',(4.,51.,3.));
#6374 = VECTOR('',#6375,1.);
#6375 = DIRECTION('',(1.,0.,0.));
#6376 = ORIENTED_EDGE('',*,*,#4051,.F.);
#6377 = ORIENTED_EDGE('',*,*,#4355,.T.);
#6378 = ORIENTED_EDGE('',*,*,#4382,.T.);
#6379 = ORIENTED_EDGE('',*,*,#6380,.F.);
#6380 = EDGE_CURVE('',#4407,#4374,#6381,.T.);
#6381 = LINE('',#6382,#6383);
#6382 = CARTESIAN_POINT('',(4.,51.,3.));
#6383 = VECTOR('',#6384,1.);
#6384 = DIRECTION('',(1.,0.,0.));
#6385 = ORIENTED_EDGE('',*,*,#4415,.F.);
#6386 = ORIENTED_EDGE('',*,*,#4719,.T.);
#6387 = ORIENTED_EDGE('',*,*,#4746,.T.);
#6388 = ORIENTED_EDGE('',*,*,#6389,.F.);
#6389 = EDGE_CURVE('',#6390,#4738,#6392,.T.);
#6390 = VERTEX_POINT('',#6391);
#6391 = CARTESIAN_POINT('',(82.25,51.,3.));
#6392 = LINE('',#6393,#6394);
#6393 = CARTESIAN_POINT('',(4.,51.,3.));
#6394 = VECTOR('',#6395,1.);
#6395 = DIRECTION('',(1.,0.,0.));
#6396 = ORIENTED_EDGE('',*,*,#6397,.T.);
#6397 = EDGE_CURVE('',#6390,#6312,#6398,.T.);
#6398 = LINE('',#6399,#6400);
#6399 = CARTESIAN_POINT('',(82.25,22.124236596195,3.));
#6400 = VECTOR('',#6401,1.);
#6401 = DIRECTION('',(0.,-1.,0.));
#6402 = ORIENTED_EDGE('',*,*,#6320,.T.);
#6403 = ORIENTED_EDGE('',*,*,#3321,.T.);
#6404 = ORIENTED_EDGE('',*,*,#3023,.T.);
#6405 = ORIENTED_EDGE('',*,*,#2990,.F.);
#6406 = ORIENTED_EDGE('',*,*,#6329,.T.);
#6407 = ORIENTED_EDGE('',*,*,#2957,.T.);
#6408 = ORIENTED_EDGE('',*,*,#2659,.T.);
#6409 = ORIENTED_EDGE('',*,*,#2626,.F.);
#6410 = ORIENTED_EDGE('',*,*,#6338,.T.);
#6411 = ORIENTED_EDGE('',*,*,#5645,.F.);
#6412 = ORIENTED_EDGE('',*,*,#5734,.F.);
#6413 = ORIENTED_EDGE('',*,*,#5845,.F.);
#6414 = ORIENTED_EDGE('',*,*,#5909,.T.);
#6415 = ORIENTED_EDGE('',*,*,#5952,.F.);
#6416 = ORIENTED_EDGE('',*,*,#5927,.T.);
#6417 = PLANE('',#6418);
#6418 = AXIS2_PLACEMENT_3D('',#6419,#6420,#6421);
#6419 = CARTESIAN_POINT('',(53.225884834949,35.24847319239,3.));
#6420 = DIRECTION('',(0.,0.,1.));
#6421 = DIRECTION('',(1.,0.,0.));
#6422 = ADVANCED_FACE('',(#6423,#6434),#6437,.T.);
#6423 = FACE_BOUND('',#6424,.T.);
#6424 = EDGE_LOOP('',(#6425));
#6425 = ORIENTED_EDGE('',*,*,#6426,.T.);
#6426 = EDGE_CURVE('',#6427,#6427,#6429,.T.);
#6427 = VERTEX_POINT('',#6428);
#6428 = CARTESIAN_POINT('',(52.6,15.,2.));
#6429 = CIRCLE('',#6430,2.35);
#6430 = AXIS2_PLACEMENT_3D('',#6431,#6432,#6433);
#6431 = CARTESIAN_POINT('',(50.25,15.,2.));
#6432 = DIRECTION('',(0.,0.,1.));
#6433 = DIRECTION('',(1.,0.,0.));
#6434 = FACE_BOUND('',#6435,.T.);
#6435 = EDGE_LOOP('',(#6436));
#6436 = ORIENTED_EDGE('',*,*,#3355,.T.);
#6437 = PLANE('',#6438);
#6438 = AXIS2_PLACEMENT_3D('',#6439,#6440,#6441);
#6439 = CARTESIAN_POINT('',(50.25,35.,2.));
#6440 = DIRECTION('',(0.,0.,1.));
#6441 = DIRECTION('',(1.,0.,0.));
#6442 = ADVANCED_FACE('',(#6443),#6487,.T.);
#6443 = FACE_BOUND('',#6444,.T.);
#6444 = EDGE_LOOP('',(#6445,#6453,#6459,#6460,#6461,#6462,#6468,#6469,
    #6470,#6471,#6477,#6478,#6479,#6480,#6481,#6482,#6483,#6484,#6485,
    #6486));
#6445 = ORIENTED_EDGE('',*,*,#6446,.T.);
#6446 = EDGE_CURVE('',#6287,#6447,#6449,.T.);
#6447 = VERTEX_POINT('',#6448);
#6448 = CARTESIAN_POINT('',(18.25,51.,3.));
#6449 = LINE('',#6450,#6451);
#6450 = CARTESIAN_POINT('',(18.25,47.124236596195,3.));
#6451 = VECTOR('',#6452,1.);
#6452 = DIRECTION('',(0.,1.,0.));
#6453 = ORIENTED_EDGE('',*,*,#6454,.F.);
#6454 = EDGE_CURVE('',#4867,#6447,#6455,.T.);
#6455 = LINE('',#6456,#6457);
#6456 = CARTESIAN_POINT('',(4.,51.,3.));
#6457 = VECTOR('',#6458,1.);
#6458 = DIRECTION('',(1.,0.,0.));
#6459 = ORIENTED_EDGE('',*,*,#4875,.F.);
#6460 = ORIENTED_EDGE('',*,*,#5184,.T.);
#6461 = ORIENTED_EDGE('',*,*,#5211,.T.);
#6462 = ORIENTED_EDGE('',*,*,#6463,.F.);
#6463 = EDGE_CURVE('',#5261,#5203,#6464,.T.);
#6464 = LINE('',#6465,#6466);
#6465 = CARTESIAN_POINT('',(4.,51.,3.));
#6466 = VECTOR('',#6467,1.);
#6467 = DIRECTION('',(1.,0.,0.));
#6468 = ORIENTED_EDGE('',*,*,#5269,.F.);
#6469 = ORIENTED_EDGE('',*,*,#5518,.T.);
#6470 = ORIENTED_EDGE('',*,*,#5545,.T.);
#6471 = ORIENTED_EDGE('',*,*,#6472,.F.);
#6472 = EDGE_CURVE('',#5571,#5537,#6473,.T.);
#6473 = LINE('',#6474,#6475);
#6474 = CARTESIAN_POINT('',(4.,51.,3.));
#6475 = VECTOR('',#6476,1.);
#6476 = DIRECTION('',(1.,0.,0.));
#6477 = ORIENTED_EDGE('',*,*,#5579,.F.);
#6478 = ORIENTED_EDGE('',*,*,#6268,.T.);
#6479 = ORIENTED_EDGE('',*,*,#4009,.T.);
#6480 = ORIENTED_EDGE('',*,*,#3791,.T.);
#6481 = ORIENTED_EDGE('',*,*,#3758,.F.);
#6482 = ORIENTED_EDGE('',*,*,#6277,.T.);
#6483 = ORIENTED_EDGE('',*,*,#3725,.T.);
#6484 = ORIENTED_EDGE('',*,*,#3412,.T.);
#6485 = ORIENTED_EDGE('',*,*,#3379,.F.);
#6486 = ORIENTED_EDGE('',*,*,#6286,.T.);
#6487 = PLANE('',#6488);
#6488 = AXIS2_PLACEMENT_3D('',#6489,#6490,#6491);
#6489 = CARTESIAN_POINT('',(53.225884834949,35.24847319239,3.));
#6490 = DIRECTION('',(0.,0.,1.));
#6491 = DIRECTION('',(1.,0.,0.));
#6492 = ADVANCED_FACE('',(#6493),#6525,.F.);
#6493 = FACE_BOUND('',#6494,.T.);
#6494 = EDGE_LOOP('',(#6495,#6496,#6497,#6498,#6499,#6507,#6514,#6515,
    #6516,#6517,#6518,#6519,#6520,#6521,#6522,#6523,#6524));
#6495 = ORIENTED_EDGE('',*,*,#5716,.F.);
#6496 = ORIENTED_EDGE('',*,*,#5676,.F.);
#6497 = ORIENTED_EDGE('',*,*,#6133,.F.);
#6498 = ORIENTED_EDGE('',*,*,#6199,.F.);
#6499 = ORIENTED_EDGE('',*,*,#6500,.F.);
#6500 = EDGE_CURVE('',#6501,#6151,#6503,.T.);
#6501 = VERTEX_POINT('',#6502);
#6502 = CARTESIAN_POINT('',(82.25,59.,7.));
#6503 = LINE('',#6504,#6505);
#6504 = CARTESIAN_POINT('',(82.25,59.,7.));
#6505 = VECTOR('',#6506,1.);
#6506 = DIRECTION('',(-1.,0.,0.));
#6507 = ORIENTED_EDGE('',*,*,#6508,.F.);
#6508 = EDGE_CURVE('',#6390,#6501,#6509,.T.);
#6509 = CIRCLE('',#6510,10.);
#6510 = AXIS2_PLACEMENT_3D('',#6511,#6512,#6513);
#6511 = CARTESIAN_POINT('',(82.25,51.,13.));
#6512 = DIRECTION('',(1.,0.,0.));
#6513 = DIRECTION('',(0.,1.,0.));
#6514 = ORIENTED_EDGE('',*,*,#6389,.T.);
#6515 = ORIENTED_EDGE('',*,*,#4737,.T.);
#6516 = ORIENTED_EDGE('',*,*,#4439,.F.);
#6517 = ORIENTED_EDGE('',*,*,#4406,.F.);
#6518 = ORIENTED_EDGE('',*,*,#6380,.T.);
#6519 = ORIENTED_EDGE('',*,*,#4373,.T.);
#6520 = ORIENTED_EDGE('',*,*,#4075,.F.);
#6521 = ORIENTED_EDGE('',*,*,#4042,.F.);
#6522 = ORIENTED_EDGE('',*,*,#6371,.T.);
#6523 = ORIENTED_EDGE('',*,*,#5884,.F.);
#6524 = ORIENTED_EDGE('',*,*,#5766,.F.);
#6525 = CYLINDRICAL_SURFACE('',#6526,10.);
#6526 = AXIS2_PLACEMENT_3D('',#6527,#6528,#6529);
#6527 = CARTESIAN_POINT('',(4.,51.,13.));
#6528 = DIRECTION('',(1.,0.,0.));
#6529 = DIRECTION('',(0.,1.,0.));
#6530 = ADVANCED_FACE('',(#6531,#6561,#6572,#6578),#6589,.T.);
#6531 = FACE_BOUND('',#6532,.T.);
#6532 = EDGE_LOOP('',(#6533,#6539,#6540,#6546,#6554,#6560));
#6533 = ORIENTED_EDGE('',*,*,#6534,.T.);
#6534 = EDGE_CURVE('',#6304,#6501,#6535,.T.);
#6535 = LINE('',#6536,#6537);
#6536 = CARTESIAN_POINT('',(82.25,9.,7.));
#6537 = VECTOR('',#6538,1.);
#6538 = DIRECTION('',(0.,1.,0.));
#6539 = ORIENTED_EDGE('',*,*,#6500,.T.);
#6540 = ORIENTED_EDGE('',*,*,#6541,.T.);
#6541 = EDGE_CURVE('',#6151,#6020,#6542,.T.);
#6542 = LINE('',#6543,#6544);
#6543 = CARTESIAN_POINT('',(82.25,59.,7.));
#6544 = VECTOR('',#6545,1.);
#6545 = DIRECTION('',(-1.,0.,0.));
#6546 = ORIENTED_EDGE('',*,*,#6547,.T.);
#6547 = EDGE_CURVE('',#6020,#6548,#6550,.T.);
#6548 = VERTEX_POINT('',#6549);
#6549 = CARTESIAN_POINT('',(18.25,59.,7.));
#6550 = LINE('',#6551,#6552);
#6551 = CARTESIAN_POINT('',(82.25,59.,7.));
#6552 = VECTOR('',#6553,1.);
#6553 = DIRECTION('',(-1.,0.,0.));
#6554 = ORIENTED_EDGE('',*,*,#6555,.T.);
#6555 = EDGE_CURVE('',#6548,#6295,#6556,.T.);
#6556 = LINE('',#6557,#6558);
#6557 = CARTESIAN_POINT('',(18.25,59.,7.));
#6558 = VECTOR('',#6559,1.);
#6559 = DIRECTION('',(0.,-1.,0.));
#6560 = ORIENTED_EDGE('',*,*,#6303,.T.);
#6561 = FACE_BOUND('',#6562,.T.);
#6562 = EDGE_LOOP('',(#6563));
#6563 = ORIENTED_EDGE('',*,*,#6564,.F.);
#6564 = EDGE_CURVE('',#6565,#6565,#6567,.T.);
#6565 = VERTEX_POINT('',#6566);
#6566 = CARTESIAN_POINT('',(52.6,15.,7.));
#6567 = CIRCLE('',#6568,2.35);
#6568 = AXIS2_PLACEMENT_3D('',#6569,#6570,#6571);
#6569 = CARTESIAN_POINT('',(50.25,15.,7.));
#6570 = DIRECTION('',(0.,0.,1.));
#6571 = DIRECTION('',(1.,0.,0.));
#6572 = FACE_BOUND('',#6573,.T.);
#6573 = EDGE_LOOP('',(#6574,#6575,#6576,#6577));
#6574 = ORIENTED_EDGE('',*,*,#4825,.T.);
#6575 = ORIENTED_EDGE('',*,*,#4842,.T.);
#6576 = ORIENTED_EDGE('',*,*,#4770,.T.);
#6577 = ORIENTED_EDGE('',*,*,#4801,.T.);
#6578 = FACE_BOUND('',#6579,.T.);
#6579 = EDGE_LOOP('',(#6580));
#6580 = ORIENTED_EDGE('',*,*,#6581,.F.);
#6581 = EDGE_CURVE('',#6582,#6582,#6584,.T.);
#6582 = VERTEX_POINT('',#6583);
#6583 = CARTESIAN_POINT('',(52.6,55.,7.));
#6584 = CIRCLE('',#6585,2.35);
#6585 = AXIS2_PLACEMENT_3D('',#6586,#6587,#6588);
#6586 = CARTESIAN_POINT('',(50.25,55.,7.));
#6587 = DIRECTION('',(0.,0.,1.));
#6588 = DIRECTION('',(1.,0.,0.));
#6589 = PLANE('',#6590);
#6590 = AXIS2_PLACEMENT_3D('',#6591,#6592,#6593);
#6591 = CARTESIAN_POINT('',(50.25,34.,7.));
#6592 = DIRECTION('',(0.,0.,1.));
#6593 = DIRECTION('',(1.,0.,0.));
#6594 = ADVANCED_FACE('',(#6595),#6617,.F.);
#6595 = FACE_BOUND('',#6596,.T.);
#6596 = EDGE_LOOP('',(#6597,#6598,#6599,#6600,#6601,#6602,#6603,#6604,
    #6605,#6606,#6607,#6608,#6609,#6616));
#6597 = ORIENTED_EDGE('',*,*,#6019,.F.);
#6598 = ORIENTED_EDGE('',*,*,#5692,.F.);
#6599 = ORIENTED_EDGE('',*,*,#5570,.T.);
#6600 = ORIENTED_EDGE('',*,*,#6472,.T.);
#6601 = ORIENTED_EDGE('',*,*,#5536,.T.);
#6602 = ORIENTED_EDGE('',*,*,#5293,.F.);
#6603 = ORIENTED_EDGE('',*,*,#5260,.F.);
#6604 = ORIENTED_EDGE('',*,*,#6463,.T.);
#6605 = ORIENTED_EDGE('',*,*,#5202,.T.);
#6606 = ORIENTED_EDGE('',*,*,#4899,.F.);
#6607 = ORIENTED_EDGE('',*,*,#4866,.F.);
#6608 = ORIENTED_EDGE('',*,*,#6454,.T.);
#6609 = ORIENTED_EDGE('',*,*,#6610,.T.);
#6610 = EDGE_CURVE('',#6447,#6548,#6611,.T.);
#6611 = CIRCLE('',#6612,10.);
#6612 = AXIS2_PLACEMENT_3D('',#6613,#6614,#6615);
#6613 = CARTESIAN_POINT('',(18.25,51.,13.));
#6614 = DIRECTION('',(1.,0.,0.));
#6615 = DIRECTION('',(0.,1.,0.));
#6616 = ORIENTED_EDGE('',*,*,#6547,.F.);
#6617 = CYLINDRICAL_SURFACE('',#6618,10.);
#6618 = AXIS2_PLACEMENT_3D('',#6619,#6620,#6621);
#6619 = CARTESIAN_POINT('',(4.,51.,13.));
#6620 = DIRECTION('',(1.,0.,0.));
#6621 = DIRECTION('',(0.,1.,0.));
#6622 = ADVANCED_FACE('',(#6623,#6634),#6637,.T.);
#6623 = FACE_BOUND('',#6624,.T.);
#6624 = EDGE_LOOP('',(#6625));
#6625 = ORIENTED_EDGE('',*,*,#6626,.T.);
#6626 = EDGE_CURVE('',#6627,#6627,#6629,.T.);
#6627 = VERTEX_POINT('',#6628);
#6628 = CARTESIAN_POINT('',(52.6,55.,2.));
#6629 = CIRCLE('',#6630,2.35);
#6630 = AXIS2_PLACEMENT_3D('',#6631,#6632,#6633);
#6631 = CARTESIAN_POINT('',(50.25,55.,2.));
#6632 = DIRECTION('',(0.,0.,1.));
#6633 = DIRECTION('',(1.,0.,0.));
#6634 = FACE_BOUND('',#6635,.T.);
#6635 = EDGE_LOOP('',(#6636));
#6636 = ORIENTED_EDGE('',*,*,#5236,.T.);
#6637 = PLANE('',#6638);
#6638 = AXIS2_PLACEMENT_3D('',#6639,#6640,#6641);
#6639 = CARTESIAN_POINT('',(50.25,35.,2.));
#6640 = DIRECTION('',(0.,0.,1.));
#6641 = DIRECTION('',(1.,0.,0.));
#6642 = ADVANCED_FACE('',(#6643),#6650,.F.);
#6643 = FACE_BOUND('',#6644,.T.);
#6644 = EDGE_LOOP('',(#6645,#6646,#6647,#6648,#6649));
#6645 = ORIENTED_EDGE('',*,*,#6150,.F.);
#6646 = ORIENTED_EDGE('',*,*,#5684,.F.);
#6647 = ORIENTED_EDGE('',*,*,#6002,.F.);
#6648 = ORIENTED_EDGE('',*,*,#6068,.F.);
#6649 = ORIENTED_EDGE('',*,*,#6541,.F.);
#6650 = CYLINDRICAL_SURFACE('',#6651,10.);
#6651 = AXIS2_PLACEMENT_3D('',#6652,#6653,#6654);
#6652 = CARTESIAN_POINT('',(4.,51.,13.));
#6653 = DIRECTION('',(1.,0.,0.));
#6654 = DIRECTION('',(0.,1.,0.));
#6655 = ADVANCED_FACE('',(#6656),#6662,.F.);
#6656 = FACE_BOUND('',#6657,.F.);
#6657 = EDGE_LOOP('',(#6658,#6659,#6660,#6661));
#6658 = ORIENTED_EDGE('',*,*,#6311,.F.);
#6659 = ORIENTED_EDGE('',*,*,#6534,.T.);
#6660 = ORIENTED_EDGE('',*,*,#6508,.F.);
#6661 = ORIENTED_EDGE('',*,*,#6397,.T.);
#6662 = PLANE('',#6663);
#6663 = AXIS2_PLACEMENT_3D('',#6664,#6665,#6666);
#6664 = CARTESIAN_POINT('',(82.25,9.,0.));
#6665 = DIRECTION('',(-1.,0.,0.));
#6666 = DIRECTION('',(0.,1.,0.));
#6667 = ADVANCED_FACE('',(#6668),#6674,.F.);
#6668 = FACE_BOUND('',#6669,.F.);
#6669 = EDGE_LOOP('',(#6670,#6671,#6672,#6673));
#6670 = ORIENTED_EDGE('',*,*,#6610,.T.);
#6671 = ORIENTED_EDGE('',*,*,#6555,.T.);
#6672 = ORIENTED_EDGE('',*,*,#6294,.T.);
#6673 = ORIENTED_EDGE('',*,*,#6446,.T.);
#6674 = PLANE('',#6675);
#6675 = AXIS2_PLACEMENT_3D('',#6676,#6677,#6678);
#6676 = CARTESIAN_POINT('',(18.25,59.,0.));
#6677 = DIRECTION('',(1.,0.,0.));
#6678 = DIRECTION('',(0.,-1.,0.));
#6679 = ADVANCED_FACE('',(#6680),#6691,.F.);
#6680 = FACE_BOUND('',#6681,.F.);
#6681 = EDGE_LOOP('',(#6682,#6688,#6689,#6690));
#6682 = ORIENTED_EDGE('',*,*,#6683,.T.);
#6683 = EDGE_CURVE('',#6565,#6427,#6684,.T.);
#6684 = LINE('',#6685,#6686);
#6685 = CARTESIAN_POINT('',(52.6,15.,7.));
#6686 = VECTOR('',#6687,1.);
#6687 = DIRECTION('',(-0.,-0.,-1.));
#6688 = ORIENTED_EDGE('',*,*,#6426,.T.);
#6689 = ORIENTED_EDGE('',*,*,#6683,.F.);
#6690 = ORIENTED_EDGE('',*,*,#6564,.F.);
#6691 = CYLINDRICAL_SURFACE('',#6692,2.35);
#6692 = AXIS2_PLACEMENT_3D('',#6693,#6694,#6695);
#6693 = CARTESIAN_POINT('',(50.25,15.,7.));
#6694 = DIRECTION('',(0.,0.,1.));
#6695 = DIRECTION('',(1.,0.,-0.));
#6696 = ADVANCED_FACE('',(#6697),#6708,.F.);
#6697 = FACE_BOUND('',#6698,.F.);
#6698 = EDGE_LOOP('',(#6699,#6705,#6706,#6707));
#6699 = ORIENTED_EDGE('',*,*,#6700,.T.);
#6700 = EDGE_CURVE('',#6582,#6627,#6701,.T.);
#6701 = LINE('',#6702,#6703);
#6702 = CARTESIAN_POINT('',(52.6,55.,7.));
#6703 = VECTOR('',#6704,1.);
#6704 = DIRECTION('',(-0.,-0.,-1.));
#6705 = ORIENTED_EDGE('',*,*,#6626,.T.);
#6706 = ORIENTED_EDGE('',*,*,#6700,.F.);
#6707 = ORIENTED_EDGE('',*,*,#6581,.F.);
#6708 = CYLINDRICAL_SURFACE('',#6709,2.35);
#6709 = AXIS2_PLACEMENT_3D('',#6710,#6711,#6712);
#6710 = CARTESIAN_POINT('',(50.25,55.,7.));
#6711 = DIRECTION('',(0.,0.,1.));
#6712 = DIRECTION('',(1.,0.,-0.));
#6713 = ( GEOMETRIC_REPRESENTATION_CONTEXT(3) 
GLOBAL_UNCERTAINTY_ASSIGNED_CONTEXT((#6717)) 
GLOBAL_UNIT_ASSIGNED_CONTEXT((#6714,#6715,#6716)) REPRESENTATION_CONTEXT
('Context #1','3D Context with UNIT and UNCERTAINTY') );
#6714 = ( LENGTH_UNIT() NAMED_UNIT(*) SI_UNIT(.MILLI.,.METRE.) );
#6715 = ( NAMED_UNIT(*) PLANE_ANGLE_UNIT() SI_UNIT($,.RADIAN.) );
#6716 = ( NAMED_UNIT(*) SI_UNIT($,.STERADIAN.) SOLID_ANGLE_UNIT() );
#6717 = UNCERTAINTY_MEASURE_WITH_UNIT(LENGTH_MEASURE(2.E-05),#6714,
  'distance_accuracy_value','confusion accuracy');
#6718 = PRODUCT_RELATED_PRODUCT_CATEGORY('part',$,(#7));
#6719 = MECHANICAL_DESIGN_GEOMETRIC_PRESENTATION_REPRESENTATION('',(
    #6720),#6713);
#6720 = STYLED_ITEM('color',(#6721),#15);
#6721 = PRESENTATION_STYLE_ASSIGNMENT((#6722,#6728));
#6722 = SURFACE_STYLE_USAGE(.BOTH.,#6723);
#6723 = SURFACE_SIDE_STYLE('',(#6724));
#6724 = SURFACE_STYLE_FILL_AREA(#6725);
#6725 = FILL_AREA_STYLE('',(#6726));
#6726 = FILL_AREA_STYLE_COLOUR('',#6727);
#6727 = COLOUR_RGB('',0.666666687201,0.333333345507,0.);
#6728 = CURVE_STYLE('',#6729,POSITIVE_LENGTH_MEASURE(0.1),#6730);
#6729 = DRAUGHTING_PRE_DEFINED_CURVE_FONT('continuous');
#6730 = COLOUR_RGB('',9.803921802644E-02,9.803921802644E-02,
  9.803921802644E-02);
ENDSEC;
END-ISO-10303-21;
