ISO-10303-21;
HEADER;
FILE_DESCRIPTION(('FreeCAD Model'),'2;1');
FILE_NAME('Open CASCADE Shape Model','2026-07-15T18:29:25',(''),(''),
  'Open CASCADE STEP processor 7.8','FreeCAD','Unknown');
FILE_SCHEMA(('AUTOMOTIVE_DESIGN { 1 0 10303 214 1 1 1 1 }'));
ENDSEC;
DATA;
#1 = APPLICATION_PROTOCOL_DEFINITION('international standard',
  'automotive_design',2000,#2);
#2 = APPLICATION_CONTEXT(
  'core data for automotive mechanical design processes');
#3 = SHAPE_DEFINITION_REPRESENTATION(#4,#10);
#4 = PRODUCT_DEFINITION_SHAPE('','',#5);
#5 = PRODUCT_DEFINITION('design','',#6,#9);
#6 = PRODUCT_DEFINITION_FORMATION('','',#7);
#7 = PRODUCT('MkII-FrontAndSidesStyleB','MkII-FrontAndSidesStyleB','',(
    #8));
#8 = PRODUCT_CONTEXT('',#2,'mechanical');
#9 = PRODUCT_DEFINITION_CONTEXT('part definition',#2,'design');
#10 = ADVANCED_BREP_SHAPE_REPRESENTATION('',(#11,#15),#8951);
#11 = AXIS2_PLACEMENT_3D('',#12,#13,#14);
#12 = CARTESIAN_POINT('',(0.,0.,0.));
#13 = DIRECTION('',(0.,0.,1.));
#14 = DIRECTION('',(1.,0.,-0.));
#15 = MANIFOLD_SOLID_BREP('',#16);
#16 = CLOSED_SHELL('',(#17,#136,#183,#214,#408,#432,#463,#487,#511,#528,
    #553,#584,#608,#632,#649,#708,#732,#773,#790,#1458,#1475,#1526,#1550
    ,#1574,#1599,#1623,#1647,#1672,#1696,#1720,#1745,#1770,#1787,#1812,
    #1836,#1861,#1885,#1910,#1934,#1959,#1978,#2009,#2033,#2057,#2074,
    #2094,#2125,#2149,#2173,#2190,#2207,#2281,#2306,#2323,#2340,#2357,
    #2374,#2391,#2408,#2425,#2437,#2477,#2502,#2775,#2801,#2841,#2866,
    #3139,#3165,#3205,#3230,#3503,#3529,#3569,#3594,#3867,#3893,#3933,
    #3958,#4241,#4267,#4307,#4332,#4610,#4636,#4676,#4701,#4984,#5010,
    #5050,#5075,#5273,#5299,#5339,#5612,#5637,#5663,#5703,#5976,#6001,
    #6027,#6067,#6340,#6365,#6391,#6431,#6709,#6734,#6760,#6800,#7078,
    #7103,#7129,#7169,#7432,#7457,#7483,#7523,#7801,#7826,#7852,#7892,
    #8115,#8140,#8166,#8216,#8240,#8274,#8299,#8323,#8355,#8380,#8405,
    #8429,#8515,#8540,#8566,#8578,#8660,#8672,#8764,#8773,#8900));
#17 = ADVANCED_FACE('',(#18,#52,#86,#97),#131,.T.);
#18 = FACE_BOUND('',#19,.F.);
#19 = EDGE_LOOP('',(#20,#30,#38,#46));
#20 = ORIENTED_EDGE('',*,*,#21,.T.);
#21 = EDGE_CURVE('',#22,#24,#26,.T.);
#22 = VERTEX_POINT('',#23);
#23 = CARTESIAN_POINT('',(0.,66.,0.4));
#24 = VERTEX_POINT('',#25);
#25 = CARTESIAN_POINT('',(0.,66.,20.));
#26 = LINE('',#27,#28);
#27 = CARTESIAN_POINT('',(0.,66.,0.));
#28 = VECTOR('',#29,1.);
#29 = DIRECTION('',(0.,0.,1.));
#30 = ORIENTED_EDGE('',*,*,#31,.T.);
#31 = EDGE_CURVE('',#24,#32,#34,.T.);
#32 = VERTEX_POINT('',#33);
#33 = CARTESIAN_POINT('',(-63.,66.,20.));
#34 = LINE('',#35,#36);
#35 = CARTESIAN_POINT('',(0.,66.,20.));
#36 = VECTOR('',#37,1.);
#37 = DIRECTION('',(-1.,-0.,-0.));
#38 = ORIENTED_EDGE('',*,*,#39,.F.);
#39 = EDGE_CURVE('',#40,#32,#42,.T.);
#40 = VERTEX_POINT('',#41);
#41 = CARTESIAN_POINT('',(-63.,66.,0.4));
#42 = LINE('',#43,#44);
#43 = CARTESIAN_POINT('',(-63.,66.,0.));
#44 = VECTOR('',#45,1.);
#45 = DIRECTION('',(0.,0.,1.));
#46 = ORIENTED_EDGE('',*,*,#47,.F.);
#47 = EDGE_CURVE('',#22,#40,#48,.T.);
#48 = LINE('',#49,#50);
#49 = CARTESIAN_POINT('',(0.,66.,0.4));
#50 = VECTOR('',#51,1.);
#51 = DIRECTION('',(-1.,-0.,-0.));
#52 = FACE_BOUND('',#53,.F.);
#53 = EDGE_LOOP('',(#54,#64,#72,#80));
#54 = ORIENTED_EDGE('',*,*,#55,.T.);
#55 = EDGE_CURVE('',#56,#58,#60,.T.);
#56 = VERTEX_POINT('',#57);
#57 = CARTESIAN_POINT('',(-26.5,66.,5.800000000002));
#58 = VERTEX_POINT('',#59);
#59 = CARTESIAN_POINT('',(-26.5,66.,14.200000000002));
#60 = LINE('',#61,#62);
#61 = CARTESIAN_POINT('',(-26.5,66.,5.800000000002));
#62 = VECTOR('',#63,1.);
#63 = DIRECTION('',(0.,0.,1.));
#64 = ORIENTED_EDGE('',*,*,#65,.T.);
#65 = EDGE_CURVE('',#58,#66,#68,.T.);
#66 = VERTEX_POINT('',#67);
#67 = CARTESIAN_POINT('',(-5.,66.,14.200000000002));
#68 = LINE('',#69,#70);
#69 = CARTESIAN_POINT('',(-26.5,66.,14.200000000002));
#70 = VECTOR('',#71,1.);
#71 = DIRECTION('',(1.,0.,0.));
#72 = ORIENTED_EDGE('',*,*,#73,.T.);
#73 = EDGE_CURVE('',#66,#74,#76,.T.);
#74 = VERTEX_POINT('',#75);
#75 = CARTESIAN_POINT('',(-5.,66.,5.800000000002));
#76 = LINE('',#77,#78);
#77 = CARTESIAN_POINT('',(-5.,66.,14.200000000002));
#78 = VECTOR('',#79,1.);
#79 = DIRECTION('',(-0.,0.,-1.));
#80 = ORIENTED_EDGE('',*,*,#81,.T.);
#81 = EDGE_CURVE('',#74,#56,#82,.T.);
#82 = LINE('',#83,#84);
#83 = CARTESIAN_POINT('',(-5.,66.,5.800000000002));
#84 = VECTOR('',#85,1.);
#85 = DIRECTION('',(-1.,0.,-0.));
#86 = FACE_BOUND('',#87,.F.);
#87 = EDGE_LOOP('',(#88));
#88 = ORIENTED_EDGE('',*,*,#89,.T.);
#89 = EDGE_CURVE('',#90,#90,#92,.T.);
#90 = VERTEX_POINT('',#91);
#91 = CARTESIAN_POINT('',(-33.2,66.,10.));
#92 = CIRCLE('',#93,1.7);
#93 = AXIS2_PLACEMENT_3D('',#94,#95,#96);
#94 = CARTESIAN_POINT('',(-31.5,66.,10.));
#95 = DIRECTION('',(0.,1.,-2.2E-16));
#96 = DIRECTION('',(-1.,0.,0.));
#97 = FACE_BOUND('',#98,.F.);
#98 = EDGE_LOOP('',(#99,#109,#117,#125));
#99 = ORIENTED_EDGE('',*,*,#100,.T.);
#100 = EDGE_CURVE('',#101,#103,#105,.T.);
#101 = VERTEX_POINT('',#102);
#102 = CARTESIAN_POINT('',(-57.99999999995,66.,5.800000000002));
#103 = VERTEX_POINT('',#104);
#104 = CARTESIAN_POINT('',(-57.99999999995,66.,14.200000000002));
#105 = LINE('',#106,#107);
#106 = CARTESIAN_POINT('',(-57.99999999995,66.,5.800000000002));
#107 = VECTOR('',#108,1.);
#108 = DIRECTION('',(0.,0.,1.));
#109 = ORIENTED_EDGE('',*,*,#110,.T.);
#110 = EDGE_CURVE('',#103,#111,#113,.T.);
#111 = VERTEX_POINT('',#112);
#112 = CARTESIAN_POINT('',(-36.49999999995,66.,14.200000000002));
#113 = LINE('',#114,#115);
#114 = CARTESIAN_POINT('',(-57.99999999995,66.,14.200000000002));
#115 = VECTOR('',#116,1.);
#116 = DIRECTION('',(1.,0.,0.));
#117 = ORIENTED_EDGE('',*,*,#118,.T.);
#118 = EDGE_CURVE('',#111,#119,#121,.T.);
#119 = VERTEX_POINT('',#120);
#120 = CARTESIAN_POINT('',(-36.49999999995,66.,5.800000000002));
#121 = LINE('',#122,#123);
#122 = CARTESIAN_POINT('',(-36.49999999995,66.,14.200000000002));
#123 = VECTOR('',#124,1.);
#124 = DIRECTION('',(-0.,0.,-1.));
#125 = ORIENTED_EDGE('',*,*,#126,.T.);
#126 = EDGE_CURVE('',#119,#101,#127,.T.);
#127 = LINE('',#128,#129);
#128 = CARTESIAN_POINT('',(-36.49999999995,66.,5.800000000002));
#129 = VECTOR('',#130,1.);
#130 = DIRECTION('',(-1.,0.,-0.));
#131 = PLANE('',#132);
#132 = AXIS2_PLACEMENT_3D('',#133,#134,#135);
#133 = CARTESIAN_POINT('',(0.,66.,0.));
#134 = DIRECTION('',(0.,1.,0.));
#135 = DIRECTION('',(1.,0.,0.));
#136 = ADVANCED_FACE('',(#137),#178,.T.);
#137 = FACE_BOUND('',#138,.F.);
#138 = EDGE_LOOP('',(#139,#149,#157,#165,#171,#172));
#139 = ORIENTED_EDGE('',*,*,#140,.T.);
#140 = EDGE_CURVE('',#141,#143,#145,.T.);
#141 = VERTEX_POINT('',#142);
#142 = CARTESIAN_POINT('',(0.,4.,0.4));
#143 = VERTEX_POINT('',#144);
#144 = CARTESIAN_POINT('',(0.,4.,8.987407973032));
#145 = LINE('',#146,#147);
#146 = CARTESIAN_POINT('',(0.,4.,0.));
#147 = VECTOR('',#148,1.);
#148 = DIRECTION('',(0.,0.,1.));
#149 = ORIENTED_EDGE('',*,*,#150,.T.);
#150 = EDGE_CURVE('',#143,#151,#153,.T.);
#151 = VERTEX_POINT('',#152);
#152 = CARTESIAN_POINT('',(0.,0.,14.7));
#153 = LINE('',#154,#155);
#154 = CARTESIAN_POINT('',(0.,4.,8.987407973032));
#155 = VECTOR('',#156,1.);
#156 = DIRECTION('',(0.,-0.573576436351,0.819152044289));
#157 = ORIENTED_EDGE('',*,*,#158,.T.);
#158 = EDGE_CURVE('',#151,#159,#161,.T.);
#159 = VERTEX_POINT('',#160);
#160 = CARTESIAN_POINT('',(0.,0.,20.));
#161 = LINE('',#162,#163);
#162 = CARTESIAN_POINT('',(0.,0.,0.));
#163 = VECTOR('',#164,1.);
#164 = DIRECTION('',(0.,0.,1.));
#165 = ORIENTED_EDGE('',*,*,#166,.T.);
#166 = EDGE_CURVE('',#159,#24,#167,.T.);
#167 = LINE('',#168,#169);
#168 = CARTESIAN_POINT('',(0.,0.,20.));
#169 = VECTOR('',#170,1.);
#170 = DIRECTION('',(0.,1.,0.));
#171 = ORIENTED_EDGE('',*,*,#21,.F.);
#172 = ORIENTED_EDGE('',*,*,#173,.F.);
#173 = EDGE_CURVE('',#141,#22,#174,.T.);
#174 = LINE('',#175,#176);
#175 = CARTESIAN_POINT('',(0.,4.,0.4));
#176 = VECTOR('',#177,1.);
#177 = DIRECTION('',(-0.,1.,-0.));
#178 = PLANE('',#179);
#179 = AXIS2_PLACEMENT_3D('',#180,#181,#182);
#180 = CARTESIAN_POINT('',(0.,0.,0.));
#181 = DIRECTION('',(1.,0.,0.));
#182 = DIRECTION('',(0.,-1.,0.));
#183 = ADVANCED_FACE('',(#184),#209,.T.);
#184 = FACE_BOUND('',#185,.F.);
#185 = EDGE_LOOP('',(#186,#194,#195,#203));
#186 = ORIENTED_EDGE('',*,*,#187,.F.);
#187 = EDGE_CURVE('',#22,#188,#190,.T.);
#188 = VERTEX_POINT('',#189);
#189 = CARTESIAN_POINT('',(-0.4,65.6,2.E-15));
#190 = LINE('',#191,#192);
#191 = CARTESIAN_POINT('',(-10.46666666666,55.533333333333,
    -10.06666666666));
#192 = VECTOR('',#193,1.);
#193 = DIRECTION('',(-0.57735026919,-0.57735026919,-0.57735026919));
#194 = ORIENTED_EDGE('',*,*,#47,.T.);
#195 = ORIENTED_EDGE('',*,*,#196,.T.);
#196 = EDGE_CURVE('',#40,#197,#199,.T.);
#197 = VERTEX_POINT('',#198);
#198 = CARTESIAN_POINT('',(-62.6,65.6,2.E-15));
#199 = LINE('',#200,#201);
#200 = CARTESIAN_POINT('',(-52.36666666666,55.366666666667,
    -10.23333333333));
#201 = VECTOR('',#202,1.);
#202 = DIRECTION('',(0.57735026919,-0.57735026919,-0.57735026919));
#203 = ORIENTED_EDGE('',*,*,#204,.F.);
#204 = EDGE_CURVE('',#188,#197,#205,.T.);
#205 = LINE('',#206,#207);
#206 = CARTESIAN_POINT('',(0.,65.6,0.));
#207 = VECTOR('',#208,1.);
#208 = DIRECTION('',(-1.,-0.,-0.));
#209 = PLANE('',#210);
#210 = AXIS2_PLACEMENT_3D('',#211,#212,#213);
#211 = CARTESIAN_POINT('',(0.,65.8,0.2));
#212 = DIRECTION('',(0.,0.707106781187,-0.707106781187));
#213 = DIRECTION('',(1.,-0.,0.));
#214 = ADVANCED_FACE('',(#215,#317),#403,.T.);
#215 = FACE_BOUND('',#216,.F.);
#216 = EDGE_LOOP('',(#217,#227,#235,#243,#251,#260,#268,#277,#285,#294,
    #302,#311));
#217 = ORIENTED_EDGE('',*,*,#218,.F.);
#218 = EDGE_CURVE('',#219,#221,#223,.T.);
#219 = VERTEX_POINT('',#220);
#220 = CARTESIAN_POINT('',(-3.,5.,20.));
#221 = VERTEX_POINT('',#222);
#222 = CARTESIAN_POINT('',(-60.,5.,20.));
#223 = LINE('',#224,#225);
#224 = CARTESIAN_POINT('',(-4.,5.,20.));
#225 = VECTOR('',#226,1.);
#226 = DIRECTION('',(-1.,-0.,-0.));
#227 = ORIENTED_EDGE('',*,*,#228,.T.);
#228 = EDGE_CURVE('',#219,#229,#231,.T.);
#229 = VERTEX_POINT('',#230);
#230 = CARTESIAN_POINT('',(-3.,62.,20.));
#231 = LINE('',#232,#233);
#232 = CARTESIAN_POINT('',(-3.,5.,20.));
#233 = VECTOR('',#234,1.);
#234 = DIRECTION('',(0.,1.,0.));
#235 = ORIENTED_EDGE('',*,*,#236,.T.);
#236 = EDGE_CURVE('',#229,#237,#239,.T.);
#237 = VERTEX_POINT('',#238);
#238 = CARTESIAN_POINT('',(-60.,62.,20.));
#239 = LINE('',#240,#241);
#240 = CARTESIAN_POINT('',(-4.,62.,20.));
#241 = VECTOR('',#242,1.);
#242 = DIRECTION('',(-1.,-0.,-0.));
#243 = ORIENTED_EDGE('',*,*,#244,.T.);
#244 = EDGE_CURVE('',#237,#245,#247,.T.);
#245 = VERTEX_POINT('',#246);
#246 = CARTESIAN_POINT('',(-60.,58.076061575154,20.));
#247 = LINE('',#248,#249);
#248 = CARTESIAN_POINT('',(-60.,61.,20.));
#249 = VECTOR('',#250,1.);
#250 = DIRECTION('',(-0.,-1.,-0.));
#251 = ORIENTED_EDGE('',*,*,#252,.T.);
#252 = EDGE_CURVE('',#245,#253,#255,.T.);
#253 = VERTEX_POINT('',#254);
#254 = CARTESIAN_POINT('',(-63.,52.879909152447,20.));
#255 = CIRCLE('',#256,6.);
#256 = AXIS2_PLACEMENT_3D('',#257,#258,#259);
#257 = CARTESIAN_POINT('',(-66.,58.076061575154,20.));
#258 = DIRECTION('',(0.,0.,-1.));
#259 = DIRECTION('',(1.,-1.02E-15,0.));
#260 = ORIENTED_EDGE('',*,*,#261,.T.);
#261 = EDGE_CURVE('',#253,#262,#264,.T.);
#262 = VERTEX_POINT('',#263);
#263 = CARTESIAN_POINT('',(-71.,48.26110699893,20.));
#264 = LINE('',#265,#266);
#265 = CARTESIAN_POINT('',(-63.,52.879909152447,20.));
#266 = VECTOR('',#267,1.);
#267 = DIRECTION('',(-0.866025403784,-0.5,-0.));
#268 = ORIENTED_EDGE('',*,*,#269,.T.);
#269 = EDGE_CURVE('',#262,#270,#272,.T.);
#270 = VERTEX_POINT('',#271);
#271 = CARTESIAN_POINT('',(-72.5,45.663030787577,20.));
#272 = CIRCLE('',#273,3.);
#273 = AXIS2_PLACEMENT_3D('',#274,#275,#276);
#274 = CARTESIAN_POINT('',(-69.5,45.663030787577,20.));
#275 = DIRECTION('',(0.,0.,1.));
#276 = DIRECTION('',(-0.5,0.866025403784,0.));
#277 = ORIENTED_EDGE('',*,*,#278,.T.);
#278 = EDGE_CURVE('',#270,#279,#281,.T.);
#279 = VERTEX_POINT('',#280);
#280 = CARTESIAN_POINT('',(-72.5,36.413030787577,20.));
#281 = LINE('',#282,#283);
#282 = CARTESIAN_POINT('',(-72.5,45.663030787577,20.));
#283 = VECTOR('',#284,1.);
#284 = DIRECTION('',(-0.,-1.,-0.));
#285 = ORIENTED_EDGE('',*,*,#286,.T.);
#286 = EDGE_CURVE('',#279,#287,#289,.T.);
#287 = VERTEX_POINT('',#288);
#288 = CARTESIAN_POINT('',(-71.,33.814954576224,20.));
#289 = CIRCLE('',#290,3.);
#290 = AXIS2_PLACEMENT_3D('',#291,#292,#293);
#291 = CARTESIAN_POINT('',(-69.5,36.413030787577,20.));
#292 = DIRECTION('',(0.,0.,1.));
#293 = DIRECTION('',(-1.,0.,0.));
#294 = ORIENTED_EDGE('',*,*,#295,.T.);
#295 = EDGE_CURVE('',#287,#296,#298,.T.);
#296 = VERTEX_POINT('',#297);
#297 = CARTESIAN_POINT('',(-63.,29.196152422707,20.));
#298 = LINE('',#299,#300);
#299 = CARTESIAN_POINT('',(-71.,33.814954576224,20.));
#300 = VECTOR('',#301,1.);
#301 = DIRECTION('',(0.866025403784,-0.5,0.));
#302 = ORIENTED_EDGE('',*,*,#303,.T.);
#303 = EDGE_CURVE('',#296,#304,#306,.T.);
#304 = VERTEX_POINT('',#305);
#305 = CARTESIAN_POINT('',(-60.,24.,20.));
#306 = CIRCLE('',#307,6.);
#307 = AXIS2_PLACEMENT_3D('',#308,#309,#310);
#308 = CARTESIAN_POINT('',(-66.,24.,20.));
#309 = DIRECTION('',(0.,0.,-1.));
#310 = DIRECTION('',(0.5,0.866025403784,0.));
#311 = ORIENTED_EDGE('',*,*,#312,.T.);
#312 = EDGE_CURVE('',#304,#221,#313,.T.);
#313 = LINE('',#314,#315);
#314 = CARTESIAN_POINT('',(-60.,24.,20.));
#315 = VECTOR('',#316,1.);
#316 = DIRECTION('',(-0.,-1.,-0.));
#317 = FACE_BOUND('',#318,.T.);
#318 = EDGE_LOOP('',(#319,#320,#328,#337,#345,#354,#362,#371,#379,#388,
    #396,#402));
#319 = ORIENTED_EDGE('',*,*,#31,.T.);
#320 = ORIENTED_EDGE('',*,*,#321,.T.);
#321 = EDGE_CURVE('',#32,#322,#324,.T.);
#322 = VERTEX_POINT('',#323);
#323 = CARTESIAN_POINT('',(-63.,58.076061575154,20.));
#324 = LINE('',#325,#326);
#325 = CARTESIAN_POINT('',(-63.,66.,20.));
#326 = VECTOR('',#327,1.);
#327 = DIRECTION('',(-0.,-1.,-0.));
#328 = ORIENTED_EDGE('',*,*,#329,.T.);
#329 = EDGE_CURVE('',#322,#330,#332,.T.);
#330 = VERTEX_POINT('',#331);
#331 = CARTESIAN_POINT('',(-64.5,55.477985363801,20.));
#332 = CIRCLE('',#333,3.);
#333 = AXIS2_PLACEMENT_3D('',#334,#335,#336);
#334 = CARTESIAN_POINT('',(-66.,58.076061575154,20.));
#335 = DIRECTION('',(0.,0.,-1.));
#336 = DIRECTION('',(-1.,-0.,-0.));
#337 = ORIENTED_EDGE('',*,*,#338,.T.);
#338 = EDGE_CURVE('',#330,#339,#341,.T.);
#339 = VERTEX_POINT('',#340);
#340 = CARTESIAN_POINT('',(-72.5,50.859183210284,20.));
#341 = LINE('',#342,#343);
#342 = CARTESIAN_POINT('',(-64.5,55.477985363801,20.));
#343 = VECTOR('',#344,1.);
#344 = DIRECTION('',(-0.866025403784,-0.5,-0.));
#345 = ORIENTED_EDGE('',*,*,#346,.F.);
#346 = EDGE_CURVE('',#347,#339,#349,.T.);
#347 = VERTEX_POINT('',#348);
#348 = CARTESIAN_POINT('',(-75.5,45.663030787577,20.));
#349 = CIRCLE('',#350,6.);
#350 = AXIS2_PLACEMENT_3D('',#351,#352,#353);
#351 = CARTESIAN_POINT('',(-69.5,45.663030787577,20.));
#352 = DIRECTION('',(0.,0.,-1.));
#353 = DIRECTION('',(-1.,-0.,-0.));
#354 = ORIENTED_EDGE('',*,*,#355,.T.);
#355 = EDGE_CURVE('',#347,#356,#358,.T.);
#356 = VERTEX_POINT('',#357);
#357 = CARTESIAN_POINT('',(-75.5,36.413030787577,20.));
#358 = LINE('',#359,#360);
#359 = CARTESIAN_POINT('',(-75.5,45.663030787577,20.));
#360 = VECTOR('',#361,1.);
#361 = DIRECTION('',(-0.,-1.,-0.));
#362 = ORIENTED_EDGE('',*,*,#363,.F.);
#363 = EDGE_CURVE('',#364,#356,#366,.T.);
#364 = VERTEX_POINT('',#365);
#365 = CARTESIAN_POINT('',(-72.5,31.21687836487,20.));
#366 = CIRCLE('',#367,6.);
#367 = AXIS2_PLACEMENT_3D('',#368,#369,#370);
#368 = CARTESIAN_POINT('',(-69.5,36.413030787577,20.));
#369 = DIRECTION('',(0.,0.,-1.));
#370 = DIRECTION('',(-1.,-0.,-0.));
#371 = ORIENTED_EDGE('',*,*,#372,.T.);
#372 = EDGE_CURVE('',#364,#373,#375,.T.);
#373 = VERTEX_POINT('',#374);
#374 = CARTESIAN_POINT('',(-64.5,26.598076211353,20.));
#375 = LINE('',#376,#377);
#376 = CARTESIAN_POINT('',(-72.5,31.21687836487,20.));
#377 = VECTOR('',#378,1.);
#378 = DIRECTION('',(0.866025403784,-0.5,0.));
#379 = ORIENTED_EDGE('',*,*,#380,.T.);
#380 = EDGE_CURVE('',#373,#381,#383,.T.);
#381 = VERTEX_POINT('',#382);
#382 = CARTESIAN_POINT('',(-63.,24.,20.));
#383 = CIRCLE('',#384,3.);
#384 = AXIS2_PLACEMENT_3D('',#385,#386,#387);
#385 = CARTESIAN_POINT('',(-66.,24.,20.));
#386 = DIRECTION('',(0.,0.,-1.));
#387 = DIRECTION('',(-1.,-0.,-0.));
#388 = ORIENTED_EDGE('',*,*,#389,.F.);
#389 = EDGE_CURVE('',#390,#381,#392,.T.);
#390 = VERTEX_POINT('',#391);
#391 = CARTESIAN_POINT('',(-63.,0.,20.));
#392 = LINE('',#393,#394);
#393 = CARTESIAN_POINT('',(-63.,0.,20.));
#394 = VECTOR('',#395,1.);
#395 = DIRECTION('',(0.,1.,0.));
#396 = ORIENTED_EDGE('',*,*,#397,.F.);
#397 = EDGE_CURVE('',#159,#390,#398,.T.);
#398 = LINE('',#399,#400);
#399 = CARTESIAN_POINT('',(0.,0.,20.));
#400 = VECTOR('',#401,1.);
#401 = DIRECTION('',(-1.,-0.,-0.));
#402 = ORIENTED_EDGE('',*,*,#166,.T.);
#403 = PLANE('',#404);
#404 = AXIS2_PLACEMENT_3D('',#405,#406,#407);
#405 = CARTESIAN_POINT('',(-34.3550284618,34.262853965823,20.));
#406 = DIRECTION('',(0.,0.,1.));
#407 = DIRECTION('',(1.,0.,0.));
#408 = ADVANCED_FACE('',(#409),#427,.T.);
#409 = FACE_BOUND('',#410,.F.);
#410 = EDGE_LOOP('',(#411,#412,#413,#421));
#411 = ORIENTED_EDGE('',*,*,#39,.T.);
#412 = ORIENTED_EDGE('',*,*,#321,.T.);
#413 = ORIENTED_EDGE('',*,*,#414,.F.);
#414 = EDGE_CURVE('',#415,#322,#417,.T.);
#415 = VERTEX_POINT('',#416);
#416 = CARTESIAN_POINT('',(-63.,58.076061575154,0.4));
#417 = LINE('',#418,#419);
#418 = CARTESIAN_POINT('',(-63.,58.076061575154,0.));
#419 = VECTOR('',#420,1.);
#420 = DIRECTION('',(0.,0.,1.));
#421 = ORIENTED_EDGE('',*,*,#422,.F.);
#422 = EDGE_CURVE('',#40,#415,#423,.T.);
#423 = LINE('',#424,#425);
#424 = CARTESIAN_POINT('',(-63.,66.,0.4));
#425 = VECTOR('',#426,1.);
#426 = DIRECTION('',(-0.,-1.,-0.));
#427 = PLANE('',#428);
#428 = AXIS2_PLACEMENT_3D('',#429,#430,#431);
#429 = CARTESIAN_POINT('',(-63.,66.,0.));
#430 = DIRECTION('',(-1.,-0.,-0.));
#431 = DIRECTION('',(0.,1.,0.));
#432 = ADVANCED_FACE('',(#433),#458,.T.);
#433 = FACE_BOUND('',#434,.F.);
#434 = EDGE_LOOP('',(#435,#443,#451,#457));
#435 = ORIENTED_EDGE('',*,*,#436,.T.);
#436 = EDGE_CURVE('',#56,#437,#439,.T.);
#437 = VERTEX_POINT('',#438);
#438 = CARTESIAN_POINT('',(-26.5,66.1,5.800000000002));
#439 = LINE('',#440,#441);
#440 = CARTESIAN_POINT('',(-26.5,66.,5.800000000002));
#441 = VECTOR('',#442,1.);
#442 = DIRECTION('',(0.,1.,0.));
#443 = ORIENTED_EDGE('',*,*,#444,.T.);
#444 = EDGE_CURVE('',#437,#445,#447,.T.);
#445 = VERTEX_POINT('',#446);
#446 = CARTESIAN_POINT('',(-26.5,66.1,14.200000000002));
#447 = LINE('',#448,#449);
#448 = CARTESIAN_POINT('',(-26.5,66.1,5.800000000002));
#449 = VECTOR('',#450,1.);
#450 = DIRECTION('',(0.,0.,1.));
#451 = ORIENTED_EDGE('',*,*,#452,.F.);
#452 = EDGE_CURVE('',#58,#445,#453,.T.);
#453 = LINE('',#454,#455);
#454 = CARTESIAN_POINT('',(-26.5,66.,14.200000000002));
#455 = VECTOR('',#456,1.);
#456 = DIRECTION('',(0.,1.,0.));
#457 = ORIENTED_EDGE('',*,*,#55,.F.);
#458 = PLANE('',#459);
#459 = AXIS2_PLACEMENT_3D('',#460,#461,#462);
#460 = CARTESIAN_POINT('',(-26.5,66.,5.800000000002));
#461 = DIRECTION('',(-1.,-0.,-0.));
#462 = DIRECTION('',(0.,0.,-1.));
#463 = ADVANCED_FACE('',(#464),#482,.T.);
#464 = FACE_BOUND('',#465,.F.);
#465 = EDGE_LOOP('',(#466,#474,#480,#481));
#466 = ORIENTED_EDGE('',*,*,#467,.T.);
#467 = EDGE_CURVE('',#74,#468,#470,.T.);
#468 = VERTEX_POINT('',#469);
#469 = CARTESIAN_POINT('',(-5.,66.1,5.800000000002));
#470 = LINE('',#471,#472);
#471 = CARTESIAN_POINT('',(-5.,66.,5.800000000002));
#472 = VECTOR('',#473,1.);
#473 = DIRECTION('',(0.,1.,0.));
#474 = ORIENTED_EDGE('',*,*,#475,.T.);
#475 = EDGE_CURVE('',#468,#437,#476,.T.);
#476 = LINE('',#477,#478);
#477 = CARTESIAN_POINT('',(-5.,66.1,5.800000000002));
#478 = VECTOR('',#479,1.);
#479 = DIRECTION('',(-1.,-0.,-0.));
#480 = ORIENTED_EDGE('',*,*,#436,.F.);
#481 = ORIENTED_EDGE('',*,*,#81,.F.);
#482 = PLANE('',#483);
#483 = AXIS2_PLACEMENT_3D('',#484,#485,#486);
#484 = CARTESIAN_POINT('',(-5.,66.,5.800000000002));
#485 = DIRECTION('',(-0.,-0.,-1.));
#486 = DIRECTION('',(1.,0.,0.));
#487 = ADVANCED_FACE('',(#488),#506,.T.);
#488 = FACE_BOUND('',#489,.F.);
#489 = EDGE_LOOP('',(#490,#498,#504,#505));
#490 = ORIENTED_EDGE('',*,*,#491,.T.);
#491 = EDGE_CURVE('',#66,#492,#494,.T.);
#492 = VERTEX_POINT('',#493);
#493 = CARTESIAN_POINT('',(-5.,66.1,14.200000000002));
#494 = LINE('',#495,#496);
#495 = CARTESIAN_POINT('',(-5.,66.,14.200000000002));
#496 = VECTOR('',#497,1.);
#497 = DIRECTION('',(0.,1.,0.));
#498 = ORIENTED_EDGE('',*,*,#499,.T.);
#499 = EDGE_CURVE('',#492,#468,#500,.T.);
#500 = LINE('',#501,#502);
#501 = CARTESIAN_POINT('',(-5.,66.1,14.200000000002));
#502 = VECTOR('',#503,1.);
#503 = DIRECTION('',(-0.,-0.,-1.));
#504 = ORIENTED_EDGE('',*,*,#467,.F.);
#505 = ORIENTED_EDGE('',*,*,#73,.F.);
#506 = PLANE('',#507);
#507 = AXIS2_PLACEMENT_3D('',#508,#509,#510);
#508 = CARTESIAN_POINT('',(-5.,66.,14.200000000002));
#509 = DIRECTION('',(1.,0.,0.));
#510 = DIRECTION('',(0.,0.,1.));
#511 = ADVANCED_FACE('',(#512),#523,.T.);
#512 = FACE_BOUND('',#513,.F.);
#513 = EDGE_LOOP('',(#514,#515,#521,#522));
#514 = ORIENTED_EDGE('',*,*,#452,.T.);
#515 = ORIENTED_EDGE('',*,*,#516,.T.);
#516 = EDGE_CURVE('',#445,#492,#517,.T.);
#517 = LINE('',#518,#519);
#518 = CARTESIAN_POINT('',(-26.5,66.1,14.200000000002));
#519 = VECTOR('',#520,1.);
#520 = DIRECTION('',(1.,0.,0.));
#521 = ORIENTED_EDGE('',*,*,#491,.F.);
#522 = ORIENTED_EDGE('',*,*,#65,.F.);
#523 = PLANE('',#524);
#524 = AXIS2_PLACEMENT_3D('',#525,#526,#527);
#525 = CARTESIAN_POINT('',(-26.5,66.,14.200000000002));
#526 = DIRECTION('',(0.,0.,1.));
#527 = DIRECTION('',(-1.,0.,0.));
#528 = ADVANCED_FACE('',(#529),#548,.F.);
#529 = FACE_BOUND('',#530,.T.);
#530 = EDGE_LOOP('',(#531,#540,#546,#547));
#531 = ORIENTED_EDGE('',*,*,#532,.F.);
#532 = EDGE_CURVE('',#533,#533,#535,.T.);
#533 = VERTEX_POINT('',#534);
#534 = CARTESIAN_POINT('',(-33.2,63.,10.));
#535 = CIRCLE('',#536,1.7);
#536 = AXIS2_PLACEMENT_3D('',#537,#538,#539);
#537 = CARTESIAN_POINT('',(-31.5,63.,10.));
#538 = DIRECTION('',(0.,1.,-0.));
#539 = DIRECTION('',(-1.,0.,-0.));
#540 = ORIENTED_EDGE('',*,*,#541,.T.);
#541 = EDGE_CURVE('',#533,#90,#542,.T.);
#542 = LINE('',#543,#544);
#543 = CARTESIAN_POINT('',(-33.2,2.22E-15,10.));
#544 = VECTOR('',#545,1.);
#545 = DIRECTION('',(0.,1.,-2.2E-16));
#546 = ORIENTED_EDGE('',*,*,#89,.T.);
#547 = ORIENTED_EDGE('',*,*,#541,.F.);
#548 = CYLINDRICAL_SURFACE('',#549,1.7);
#549 = AXIS2_PLACEMENT_3D('',#550,#551,#552);
#550 = CARTESIAN_POINT('',(-31.5,2.22E-15,10.));
#551 = DIRECTION('',(0.,-1.,2.2E-16));
#552 = DIRECTION('',(-1.,0.,0.));
#553 = ADVANCED_FACE('',(#554),#579,.T.);
#554 = FACE_BOUND('',#555,.F.);
#555 = EDGE_LOOP('',(#556,#564,#572,#578));
#556 = ORIENTED_EDGE('',*,*,#557,.T.);
#557 = EDGE_CURVE('',#101,#558,#560,.T.);
#558 = VERTEX_POINT('',#559);
#559 = CARTESIAN_POINT('',(-57.99999999995,66.1,5.800000000002));
#560 = LINE('',#561,#562);
#561 = CARTESIAN_POINT('',(-57.99999999995,66.,5.800000000002));
#562 = VECTOR('',#563,1.);
#563 = DIRECTION('',(0.,1.,0.));
#564 = ORIENTED_EDGE('',*,*,#565,.T.);
#565 = EDGE_CURVE('',#558,#566,#568,.T.);
#566 = VERTEX_POINT('',#567);
#567 = CARTESIAN_POINT('',(-57.99999999995,66.1,14.200000000002));
#568 = LINE('',#569,#570);
#569 = CARTESIAN_POINT('',(-57.99999999995,66.1,5.800000000002));
#570 = VECTOR('',#571,1.);
#571 = DIRECTION('',(0.,0.,1.));
#572 = ORIENTED_EDGE('',*,*,#573,.F.);
#573 = EDGE_CURVE('',#103,#566,#574,.T.);
#574 = LINE('',#575,#576);
#575 = CARTESIAN_POINT('',(-57.99999999995,66.,14.200000000002));
#576 = VECTOR('',#577,1.);
#577 = DIRECTION('',(0.,1.,0.));
#578 = ORIENTED_EDGE('',*,*,#100,.F.);
#579 = PLANE('',#580);
#580 = AXIS2_PLACEMENT_3D('',#581,#582,#583);
#581 = CARTESIAN_POINT('',(-57.99999999995,66.,5.800000000002));
#582 = DIRECTION('',(-1.,-0.,-0.));
#583 = DIRECTION('',(0.,0.,-1.));
#584 = ADVANCED_FACE('',(#585),#603,.T.);
#585 = FACE_BOUND('',#586,.F.);
#586 = EDGE_LOOP('',(#587,#595,#601,#602));
#587 = ORIENTED_EDGE('',*,*,#588,.T.);
#588 = EDGE_CURVE('',#119,#589,#591,.T.);
#589 = VERTEX_POINT('',#590);
#590 = CARTESIAN_POINT('',(-36.49999999995,66.1,5.800000000002));
#591 = LINE('',#592,#593);
#592 = CARTESIAN_POINT('',(-36.49999999995,66.,5.800000000002));
#593 = VECTOR('',#594,1.);
#594 = DIRECTION('',(0.,1.,0.));
#595 = ORIENTED_EDGE('',*,*,#596,.T.);
#596 = EDGE_CURVE('',#589,#558,#597,.T.);
#597 = LINE('',#598,#599);
#598 = CARTESIAN_POINT('',(-36.49999999995,66.1,5.800000000002));
#599 = VECTOR('',#600,1.);
#600 = DIRECTION('',(-1.,-0.,-0.));
#601 = ORIENTED_EDGE('',*,*,#557,.F.);
#602 = ORIENTED_EDGE('',*,*,#126,.F.);
#603 = PLANE('',#604);
#604 = AXIS2_PLACEMENT_3D('',#605,#606,#607);
#605 = CARTESIAN_POINT('',(-36.49999999995,66.,5.800000000002));
#606 = DIRECTION('',(-0.,-0.,-1.));
#607 = DIRECTION('',(1.,0.,0.));
#608 = ADVANCED_FACE('',(#609),#627,.T.);
#609 = FACE_BOUND('',#610,.F.);
#610 = EDGE_LOOP('',(#611,#619,#625,#626));
#611 = ORIENTED_EDGE('',*,*,#612,.T.);
#612 = EDGE_CURVE('',#111,#613,#615,.T.);
#613 = VERTEX_POINT('',#614);
#614 = CARTESIAN_POINT('',(-36.49999999995,66.1,14.200000000002));
#615 = LINE('',#616,#617);
#616 = CARTESIAN_POINT('',(-36.49999999995,66.,14.200000000002));
#617 = VECTOR('',#618,1.);
#618 = DIRECTION('',(0.,1.,0.));
#619 = ORIENTED_EDGE('',*,*,#620,.T.);
#620 = EDGE_CURVE('',#613,#589,#621,.T.);
#621 = LINE('',#622,#623);
#622 = CARTESIAN_POINT('',(-36.49999999995,66.1,14.200000000002));
#623 = VECTOR('',#624,1.);
#624 = DIRECTION('',(-0.,-0.,-1.));
#625 = ORIENTED_EDGE('',*,*,#588,.F.);
#626 = ORIENTED_EDGE('',*,*,#118,.F.);
#627 = PLANE('',#628);
#628 = AXIS2_PLACEMENT_3D('',#629,#630,#631);
#629 = CARTESIAN_POINT('',(-36.49999999995,66.,14.200000000002));
#630 = DIRECTION('',(1.,0.,0.));
#631 = DIRECTION('',(0.,0.,1.));
#632 = ADVANCED_FACE('',(#633),#644,.T.);
#633 = FACE_BOUND('',#634,.F.);
#634 = EDGE_LOOP('',(#635,#636,#642,#643));
#635 = ORIENTED_EDGE('',*,*,#573,.T.);
#636 = ORIENTED_EDGE('',*,*,#637,.T.);
#637 = EDGE_CURVE('',#566,#613,#638,.T.);
#638 = LINE('',#639,#640);
#639 = CARTESIAN_POINT('',(-57.99999999995,66.1,14.200000000002));
#640 = VECTOR('',#641,1.);
#641 = DIRECTION('',(1.,0.,0.));
#642 = ORIENTED_EDGE('',*,*,#612,.F.);
#643 = ORIENTED_EDGE('',*,*,#110,.F.);
#644 = PLANE('',#645);
#645 = AXIS2_PLACEMENT_3D('',#646,#647,#648);
#646 = CARTESIAN_POINT('',(-57.99999999995,66.,14.200000000002));
#647 = DIRECTION('',(0.,0.,1.));
#648 = DIRECTION('',(-1.,0.,0.));
#649 = ADVANCED_FACE('',(#650,#692),#703,.T.);
#650 = FACE_BOUND('',#651,.F.);
#651 = EDGE_LOOP('',(#652,#653,#661,#669,#677,#686));
#652 = ORIENTED_EDGE('',*,*,#140,.F.);
#653 = ORIENTED_EDGE('',*,*,#654,.T.);
#654 = EDGE_CURVE('',#141,#655,#657,.T.);
#655 = VERTEX_POINT('',#656);
#656 = CARTESIAN_POINT('',(-63.,4.,0.4));
#657 = LINE('',#658,#659);
#658 = CARTESIAN_POINT('',(0.,4.,0.4));
#659 = VECTOR('',#660,1.);
#660 = DIRECTION('',(-1.,-0.,-0.));
#661 = ORIENTED_EDGE('',*,*,#662,.T.);
#662 = EDGE_CURVE('',#655,#663,#665,.T.);
#663 = VERTEX_POINT('',#664);
#664 = CARTESIAN_POINT('',(-63.,4.,8.987407973032));
#665 = LINE('',#666,#667);
#666 = CARTESIAN_POINT('',(-63.,4.,0.));
#667 = VECTOR('',#668,1.);
#668 = DIRECTION('',(0.,0.,1.));
#669 = ORIENTED_EDGE('',*,*,#670,.F.);
#670 = EDGE_CURVE('',#671,#663,#673,.T.);
#671 = VERTEX_POINT('',#672);
#672 = CARTESIAN_POINT('',(-32.86552458305,4.,8.987407973032));
#673 = LINE('',#674,#675);
#674 = CARTESIAN_POINT('',(0.,4.,8.987407973032));
#675 = VECTOR('',#676,1.);
#676 = DIRECTION('',(-1.,-0.,-0.));
#677 = ORIENTED_EDGE('',*,*,#678,.F.);
#678 = EDGE_CURVE('',#679,#671,#681,.T.);
#679 = VERTEX_POINT('',#680);
#680 = CARTESIAN_POINT('',(-30.13447541694,4.,8.987407973032));
#681 = CIRCLE('',#682,1.7);
#682 = AXIS2_PLACEMENT_3D('',#683,#684,#685);
#683 = CARTESIAN_POINT('',(-31.5,4.,10.));
#684 = DIRECTION('',(0.,1.,-2.2E-16));
#685 = DIRECTION('',(-1.,0.,0.));
#686 = ORIENTED_EDGE('',*,*,#687,.F.);
#687 = EDGE_CURVE('',#143,#679,#688,.T.);
#688 = LINE('',#689,#690);
#689 = CARTESIAN_POINT('',(0.,4.,8.987407973032));
#690 = VECTOR('',#691,1.);
#691 = DIRECTION('',(-1.,-0.,-0.));
#692 = FACE_BOUND('',#693,.F.);
#693 = EDGE_LOOP('',(#694));
#694 = ORIENTED_EDGE('',*,*,#695,.F.);
#695 = EDGE_CURVE('',#696,#696,#698,.T.);
#696 = VERTEX_POINT('',#697);
#697 = CARTESIAN_POINT('',(-28.85,4.,5.5));
#698 = CIRCLE('',#699,2.35);
#699 = AXIS2_PLACEMENT_3D('',#700,#701,#702);
#700 = CARTESIAN_POINT('',(-26.5,4.,5.5));
#701 = DIRECTION('',(0.,1.,-2.2E-16));
#702 = DIRECTION('',(-1.,0.,0.));
#703 = PLANE('',#704);
#704 = AXIS2_PLACEMENT_3D('',#705,#706,#707);
#705 = CARTESIAN_POINT('',(0.,4.,0.));
#706 = DIRECTION('',(-0.,-1.,-0.));
#707 = DIRECTION('',(0.,0.,-1.));
#708 = ADVANCED_FACE('',(#709),#727,.T.);
#709 = FACE_BOUND('',#710,.F.);
#710 = EDGE_LOOP('',(#711,#719,#720,#721));
#711 = ORIENTED_EDGE('',*,*,#712,.F.);
#712 = EDGE_CURVE('',#141,#713,#715,.T.);
#713 = VERTEX_POINT('',#714);
#714 = CARTESIAN_POINT('',(-0.4,4.4,0.));
#715 = LINE('',#716,#717);
#716 = CARTESIAN_POINT('',(-0.133333333333,4.133333333333,0.266666666667
    ));
#717 = VECTOR('',#718,1.);
#718 = DIRECTION('',(-0.57735026919,0.57735026919,-0.57735026919));
#719 = ORIENTED_EDGE('',*,*,#173,.T.);
#720 = ORIENTED_EDGE('',*,*,#187,.T.);
#721 = ORIENTED_EDGE('',*,*,#722,.F.);
#722 = EDGE_CURVE('',#713,#188,#723,.T.);
#723 = LINE('',#724,#725);
#724 = CARTESIAN_POINT('',(-0.4,4.,0.));
#725 = VECTOR('',#726,1.);
#726 = DIRECTION('',(-0.,1.,-0.));
#727 = PLANE('',#728);
#728 = AXIS2_PLACEMENT_3D('',#729,#730,#731);
#729 = CARTESIAN_POINT('',(-0.2,4.,0.2));
#730 = DIRECTION('',(0.707106781187,0.,-0.707106781187));
#731 = DIRECTION('',(0.,-1.,-0.));
#732 = ADVANCED_FACE('',(#733),#768,.T.);
#733 = FACE_BOUND('',#734,.F.);
#734 = EDGE_LOOP('',(#735,#736,#737,#746,#753,#754,#762));
#735 = ORIENTED_EDGE('',*,*,#150,.F.);
#736 = ORIENTED_EDGE('',*,*,#687,.T.);
#737 = ORIENTED_EDGE('',*,*,#738,.F.);
#738 = EDGE_CURVE('',#739,#679,#741,.T.);
#739 = VERTEX_POINT('',#740);
#740 = CARTESIAN_POINT('',(-33.2,3.290975429586,10.));
#741 = ELLIPSE('',#742,2.075316800894,1.7);
#742 = AXIS2_PLACEMENT_3D('',#743,#744,#745);
#743 = CARTESIAN_POINT('',(-31.5,3.290975429586,10.));
#744 = DIRECTION('',(-0.,0.819152044289,0.573576436351));
#745 = DIRECTION('',(0.,-0.573576436351,0.819152044289));
#746 = ORIENTED_EDGE('',*,*,#747,.F.);
#747 = EDGE_CURVE('',#671,#739,#748,.T.);
#748 = ELLIPSE('',#749,2.075316800894,1.7);
#749 = AXIS2_PLACEMENT_3D('',#750,#751,#752);
#750 = CARTESIAN_POINT('',(-31.5,3.290975429586,10.));
#751 = DIRECTION('',(-0.,0.819152044289,0.573576436351));
#752 = DIRECTION('',(0.,-0.573576436351,0.819152044289));
#753 = ORIENTED_EDGE('',*,*,#670,.T.);
#754 = ORIENTED_EDGE('',*,*,#755,.T.);
#755 = EDGE_CURVE('',#663,#756,#758,.T.);
#756 = VERTEX_POINT('',#757);
#757 = CARTESIAN_POINT('',(-63.,0.,14.7));
#758 = LINE('',#759,#760);
#759 = CARTESIAN_POINT('',(-63.,5.453370381388,6.911779959794));
#760 = VECTOR('',#761,1.);
#761 = DIRECTION('',(0.,-0.573576436351,0.819152044289));
#762 = ORIENTED_EDGE('',*,*,#763,.F.);
#763 = EDGE_CURVE('',#151,#756,#764,.T.);
#764 = LINE('',#765,#766);
#765 = CARTESIAN_POINT('',(0.,0.,14.7));
#766 = VECTOR('',#767,1.);
#767 = DIRECTION('',(-1.,-0.,-0.));
#768 = PLANE('',#769);
#769 = AXIS2_PLACEMENT_3D('',#770,#771,#772);
#770 = CARTESIAN_POINT('',(0.,4.,8.987407973032));
#771 = DIRECTION('',(-0.,-0.819152044289,-0.573576436351));
#772 = DIRECTION('',(0.,0.573576436351,-0.819152044289));
#773 = ADVANCED_FACE('',(#774),#785,.F.);
#774 = FACE_BOUND('',#775,.T.);
#775 = EDGE_LOOP('',(#776,#777,#778,#779));
#776 = ORIENTED_EDGE('',*,*,#763,.F.);
#777 = ORIENTED_EDGE('',*,*,#158,.T.);
#778 = ORIENTED_EDGE('',*,*,#397,.T.);
#779 = ORIENTED_EDGE('',*,*,#780,.F.);
#780 = EDGE_CURVE('',#756,#390,#781,.T.);
#781 = LINE('',#782,#783);
#782 = CARTESIAN_POINT('',(-63.,0.,0.));
#783 = VECTOR('',#784,1.);
#784 = DIRECTION('',(0.,0.,1.));
#785 = PLANE('',#786);
#786 = AXIS2_PLACEMENT_3D('',#787,#788,#789);
#787 = CARTESIAN_POINT('',(0.,0.,0.));
#788 = DIRECTION('',(0.,1.,0.));
#789 = DIRECTION('',(1.,0.,0.));
#790 = ADVANCED_FACE('',(#791,#877,#913,#949,#985,#1021,#1057,#1093,
    #1129,#1165,#1201,#1237,#1273,#1309,#1345,#1381,#1417),#1453,.T.);
#791 = FACE_BOUND('',#792,.F.);
#792 = EDGE_LOOP('',(#793,#794,#802,#811,#819,#828,#836,#845,#853,#862,
    #870,#876));
#793 = ORIENTED_EDGE('',*,*,#204,.T.);
#794 = ORIENTED_EDGE('',*,*,#795,.T.);
#795 = EDGE_CURVE('',#197,#796,#798,.T.);
#796 = VERTEX_POINT('',#797);
#797 = CARTESIAN_POINT('',(-62.6,58.076061575154,0.));
#798 = LINE('',#799,#800);
#799 = CARTESIAN_POINT('',(-62.6,66.,0.));
#800 = VECTOR('',#801,1.);
#801 = DIRECTION('',(-0.,-1.,-0.));
#802 = ORIENTED_EDGE('',*,*,#803,.T.);
#803 = EDGE_CURVE('',#796,#804,#806,.T.);
#804 = VERTEX_POINT('',#805);
#805 = CARTESIAN_POINT('',(-64.3,55.131575202287,3.E-15));
#806 = CIRCLE('',#807,3.4);
#807 = AXIS2_PLACEMENT_3D('',#808,#809,#810);
#808 = CARTESIAN_POINT('',(-66.,58.076061575154,0.));
#809 = DIRECTION('',(0.,0.,-1.));
#810 = DIRECTION('',(1.,-0.,0.));
#811 = ORIENTED_EDGE('',*,*,#812,.T.);
#812 = EDGE_CURVE('',#804,#813,#815,.T.);
#813 = VERTEX_POINT('',#814);
#814 = CARTESIAN_POINT('',(-72.3,50.51277304877,-2.E-15));
#815 = LINE('',#816,#817);
#816 = CARTESIAN_POINT('',(-64.3,55.131575202287,0.));
#817 = VECTOR('',#818,1.);
#818 = DIRECTION('',(-0.866025403784,-0.5,-0.));
#819 = ORIENTED_EDGE('',*,*,#820,.T.);
#820 = EDGE_CURVE('',#813,#821,#823,.T.);
#821 = VERTEX_POINT('',#822);
#822 = CARTESIAN_POINT('',(-75.1,45.663030787577,3.E-15));
#823 = CIRCLE('',#824,5.6);
#824 = AXIS2_PLACEMENT_3D('',#825,#826,#827);
#825 = CARTESIAN_POINT('',(-69.5,45.663030787577,0.));
#826 = DIRECTION('',(0.,0.,1.));
#827 = DIRECTION('',(-0.5,0.866025403784,-0.));
#828 = ORIENTED_EDGE('',*,*,#829,.T.);
#829 = EDGE_CURVE('',#821,#830,#832,.T.);
#830 = VERTEX_POINT('',#831);
#831 = CARTESIAN_POINT('',(-75.1,36.413030787577,2.E-15));
#832 = LINE('',#833,#834);
#833 = CARTESIAN_POINT('',(-75.1,45.663030787577,0.));
#834 = VECTOR('',#835,1.);
#835 = DIRECTION('',(-0.,-1.,-0.));
#836 = ORIENTED_EDGE('',*,*,#837,.T.);
#837 = EDGE_CURVE('',#830,#838,#840,.T.);
#838 = VERTEX_POINT('',#839);
#839 = CARTESIAN_POINT('',(-72.3,31.563288526384,3.E-15));
#840 = CIRCLE('',#841,5.6);
#841 = AXIS2_PLACEMENT_3D('',#842,#843,#844);
#842 = CARTESIAN_POINT('',(-69.5,36.413030787577,0.));
#843 = DIRECTION('',(0.,0.,1.));
#844 = DIRECTION('',(-1.,0.,0.));
#845 = ORIENTED_EDGE('',*,*,#846,.T.);
#846 = EDGE_CURVE('',#838,#847,#849,.T.);
#847 = VERTEX_POINT('',#848);
#848 = CARTESIAN_POINT('',(-64.3,26.944486372867,-2.E-15));
#849 = LINE('',#850,#851);
#850 = CARTESIAN_POINT('',(-72.3,31.563288526384,0.));
#851 = VECTOR('',#852,1.);
#852 = DIRECTION('',(0.866025403784,-0.5,0.));
#853 = ORIENTED_EDGE('',*,*,#854,.T.);
#854 = EDGE_CURVE('',#847,#855,#857,.T.);
#855 = VERTEX_POINT('',#856);
#856 = CARTESIAN_POINT('',(-62.6,24.,3.E-15));
#857 = CIRCLE('',#858,3.4);
#858 = AXIS2_PLACEMENT_3D('',#859,#860,#861);
#859 = CARTESIAN_POINT('',(-66.,24.,0.));
#860 = DIRECTION('',(0.,0.,-1.));
#861 = DIRECTION('',(0.5,0.866025403784,0.));
#862 = ORIENTED_EDGE('',*,*,#863,.T.);
#863 = EDGE_CURVE('',#855,#864,#866,.T.);
#864 = VERTEX_POINT('',#865);
#865 = CARTESIAN_POINT('',(-62.6,4.4,0.));
#866 = LINE('',#867,#868);
#867 = CARTESIAN_POINT('',(-62.6,24.,0.));
#868 = VECTOR('',#869,1.);
#869 = DIRECTION('',(0.,-1.,-0.));
#870 = ORIENTED_EDGE('',*,*,#871,.F.);
#871 = EDGE_CURVE('',#713,#864,#872,.T.);
#872 = LINE('',#873,#874);
#873 = CARTESIAN_POINT('',(0.,4.4,0.));
#874 = VECTOR('',#875,1.);
#875 = DIRECTION('',(-1.,-0.,-0.));
#876 = ORIENTED_EDGE('',*,*,#722,.T.);
#877 = FACE_BOUND('',#878,.F.);
#878 = EDGE_LOOP('',(#879,#889,#898,#906));
#879 = ORIENTED_EDGE('',*,*,#880,.F.);
#880 = EDGE_CURVE('',#881,#883,#885,.T.);
#881 = VERTEX_POINT('',#882);
#882 = CARTESIAN_POINT('',(-54.5,22.5,0.));
#883 = VERTEX_POINT('',#884);
#884 = CARTESIAN_POINT('',(-54.5,12.5,0.));
#885 = LINE('',#886,#887);
#886 = CARTESIAN_POINT('',(-54.5,22.5,0.));
#887 = VECTOR('',#888,1.);
#888 = DIRECTION('',(-0.,-1.,-0.));
#889 = ORIENTED_EDGE('',*,*,#890,.T.);
#890 = EDGE_CURVE('',#881,#891,#893,.T.);
#891 = VERTEX_POINT('',#892);
#892 = CARTESIAN_POINT('',(-51.5,22.5,0.));
#893 = CIRCLE('',#894,1.5);
#894 = AXIS2_PLACEMENT_3D('',#895,#896,#897);
#895 = CARTESIAN_POINT('',(-53.,22.5,0.));
#896 = DIRECTION('',(0.,0.,-1.));
#897 = DIRECTION('',(-1.,-0.,-0.));
#898 = ORIENTED_EDGE('',*,*,#899,.T.);
#899 = EDGE_CURVE('',#891,#900,#902,.T.);
#900 = VERTEX_POINT('',#901);
#901 = CARTESIAN_POINT('',(-51.5,12.5,0.));
#902 = LINE('',#903,#904);
#903 = CARTESIAN_POINT('',(-51.5,22.5,0.));
#904 = VECTOR('',#905,1.);
#905 = DIRECTION('',(-0.,-1.,-0.));
#906 = ORIENTED_EDGE('',*,*,#907,.T.);
#907 = EDGE_CURVE('',#900,#883,#908,.T.);
#908 = CIRCLE('',#909,1.5);
#909 = AXIS2_PLACEMENT_3D('',#910,#911,#912);
#910 = CARTESIAN_POINT('',(-53.,12.5,0.));
#911 = DIRECTION('',(0.,0.,-1.));
#912 = DIRECTION('',(-1.,-0.,-0.));
#913 = FACE_BOUND('',#914,.F.);
#914 = EDGE_LOOP('',(#915,#925,#934,#942));
#915 = ORIENTED_EDGE('',*,*,#916,.F.);
#916 = EDGE_CURVE('',#917,#919,#921,.T.);
#917 = VERTEX_POINT('',#918);
#918 = CARTESIAN_POINT('',(-42.16666666666,22.5,0.));
#919 = VERTEX_POINT('',#920);
#920 = CARTESIAN_POINT('',(-42.16666666666,12.5,0.));
#921 = LINE('',#922,#923);
#922 = CARTESIAN_POINT('',(-42.16666666666,22.5,0.));
#923 = VECTOR('',#924,1.);
#924 = DIRECTION('',(-0.,-1.,-0.));
#925 = ORIENTED_EDGE('',*,*,#926,.T.);
#926 = EDGE_CURVE('',#917,#927,#929,.T.);
#927 = VERTEX_POINT('',#928);
#928 = CARTESIAN_POINT('',(-39.16666666666,22.5,0.));
#929 = CIRCLE('',#930,1.5);
#930 = AXIS2_PLACEMENT_3D('',#931,#932,#933);
#931 = CARTESIAN_POINT('',(-40.66666666666,22.5,0.));
#932 = DIRECTION('',(0.,0.,-1.));
#933 = DIRECTION('',(-1.,-0.,-0.));
#934 = ORIENTED_EDGE('',*,*,#935,.T.);
#935 = EDGE_CURVE('',#927,#936,#938,.T.);
#936 = VERTEX_POINT('',#937);
#937 = CARTESIAN_POINT('',(-39.16666666666,12.5,0.));
#938 = LINE('',#939,#940);
#939 = CARTESIAN_POINT('',(-39.16666666666,22.5,0.));
#940 = VECTOR('',#941,1.);
#941 = DIRECTION('',(-0.,-1.,-0.));
#942 = ORIENTED_EDGE('',*,*,#943,.T.);
#943 = EDGE_CURVE('',#936,#919,#944,.T.);
#944 = CIRCLE('',#945,1.5);
#945 = AXIS2_PLACEMENT_3D('',#946,#947,#948);
#946 = CARTESIAN_POINT('',(-40.66666666666,12.5,0.));
#947 = DIRECTION('',(0.,0.,-1.));
#948 = DIRECTION('',(-1.,-0.,-0.));
#949 = FACE_BOUND('',#950,.F.);
#950 = EDGE_LOOP('',(#951,#961,#970,#978));
#951 = ORIENTED_EDGE('',*,*,#952,.F.);
#952 = EDGE_CURVE('',#953,#955,#957,.T.);
#953 = VERTEX_POINT('',#954);
#954 = CARTESIAN_POINT('',(-48.5,38.5,0.));
#955 = VERTEX_POINT('',#956);
#956 = CARTESIAN_POINT('',(-48.5,12.5,0.));
#957 = LINE('',#958,#959);
#958 = CARTESIAN_POINT('',(-48.5,38.5,0.));
#959 = VECTOR('',#960,1.);
#960 = DIRECTION('',(-0.,-1.,-0.));
#961 = ORIENTED_EDGE('',*,*,#962,.T.);
#962 = EDGE_CURVE('',#953,#963,#965,.T.);
#963 = VERTEX_POINT('',#964);
#964 = CARTESIAN_POINT('',(-45.5,38.5,0.));
#965 = CIRCLE('',#966,1.5);
#966 = AXIS2_PLACEMENT_3D('',#967,#968,#969);
#967 = CARTESIAN_POINT('',(-47.,38.5,0.));
#968 = DIRECTION('',(0.,0.,-1.));
#969 = DIRECTION('',(-1.,-0.,-0.));
#970 = ORIENTED_EDGE('',*,*,#971,.T.);
#971 = EDGE_CURVE('',#963,#972,#974,.T.);
#972 = VERTEX_POINT('',#973);
#973 = CARTESIAN_POINT('',(-45.5,12.5,0.));
#974 = LINE('',#975,#976);
#975 = CARTESIAN_POINT('',(-45.5,38.5,0.));
#976 = VECTOR('',#977,1.);
#977 = DIRECTION('',(-0.,-1.,-0.));
#978 = ORIENTED_EDGE('',*,*,#979,.T.);
#979 = EDGE_CURVE('',#972,#955,#980,.T.);
#980 = CIRCLE('',#981,1.5);
#981 = AXIS2_PLACEMENT_3D('',#982,#983,#984);
#982 = CARTESIAN_POINT('',(-47.,12.5,0.));
#983 = DIRECTION('',(0.,0.,-1.));
#984 = DIRECTION('',(-1.,-0.,-0.));
#985 = FACE_BOUND('',#986,.F.);
#986 = EDGE_LOOP('',(#987,#997,#1006,#1014));
#987 = ORIENTED_EDGE('',*,*,#988,.F.);
#988 = EDGE_CURVE('',#989,#991,#993,.T.);
#989 = VERTEX_POINT('',#990);
#990 = CARTESIAN_POINT('',(-36.16666666666,38.5,0.));
#991 = VERTEX_POINT('',#992);
#992 = CARTESIAN_POINT('',(-36.16666666666,12.5,0.));
#993 = LINE('',#994,#995);
#994 = CARTESIAN_POINT('',(-36.16666666666,38.5,0.));
#995 = VECTOR('',#996,1.);
#996 = DIRECTION('',(-0.,-1.,-0.));
#997 = ORIENTED_EDGE('',*,*,#998,.T.);
#998 = EDGE_CURVE('',#989,#999,#1001,.T.);
#999 = VERTEX_POINT('',#1000);
#1000 = CARTESIAN_POINT('',(-33.16666666666,38.5,0.));
#1001 = CIRCLE('',#1002,1.5);
#1002 = AXIS2_PLACEMENT_3D('',#1003,#1004,#1005);
#1003 = CARTESIAN_POINT('',(-34.66666666666,38.5,0.));
#1004 = DIRECTION('',(0.,0.,-1.));
#1005 = DIRECTION('',(-1.,-0.,-0.));
#1006 = ORIENTED_EDGE('',*,*,#1007,.T.);
#1007 = EDGE_CURVE('',#999,#1008,#1010,.T.);
#1008 = VERTEX_POINT('',#1009);
#1009 = CARTESIAN_POINT('',(-33.16666666666,12.5,0.));
#1010 = LINE('',#1011,#1012);
#1011 = CARTESIAN_POINT('',(-33.16666666666,38.5,0.));
#1012 = VECTOR('',#1013,1.);
#1013 = DIRECTION('',(-0.,-1.,-0.));
#1014 = ORIENTED_EDGE('',*,*,#1015,.T.);
#1015 = EDGE_CURVE('',#1008,#991,#1016,.T.);
#1016 = CIRCLE('',#1017,1.5);
#1017 = AXIS2_PLACEMENT_3D('',#1018,#1019,#1020);
#1018 = CARTESIAN_POINT('',(-34.66666666666,12.5,0.));
#1019 = DIRECTION('',(0.,0.,-1.));
#1020 = DIRECTION('',(-1.,-0.,-0.));
#1021 = FACE_BOUND('',#1022,.F.);
#1022 = EDGE_LOOP('',(#1023,#1033,#1042,#1050));
#1023 = ORIENTED_EDGE('',*,*,#1024,.F.);
#1024 = EDGE_CURVE('',#1025,#1027,#1029,.T.);
#1025 = VERTEX_POINT('',#1026);
#1026 = CARTESIAN_POINT('',(-29.83333333333,22.5,0.));
#1027 = VERTEX_POINT('',#1028);
#1028 = CARTESIAN_POINT('',(-29.83333333333,12.5,0.));
#1029 = LINE('',#1030,#1031);
#1030 = CARTESIAN_POINT('',(-29.83333333333,22.5,0.));
#1031 = VECTOR('',#1032,1.);
#1032 = DIRECTION('',(-0.,-1.,-0.));
#1033 = ORIENTED_EDGE('',*,*,#1034,.T.);
#1034 = EDGE_CURVE('',#1025,#1035,#1037,.T.);
#1035 = VERTEX_POINT('',#1036);
#1036 = CARTESIAN_POINT('',(-26.83333333333,22.5,0.));
#1037 = CIRCLE('',#1038,1.5);
#1038 = AXIS2_PLACEMENT_3D('',#1039,#1040,#1041);
#1039 = CARTESIAN_POINT('',(-28.33333333333,22.5,0.));
#1040 = DIRECTION('',(0.,0.,-1.));
#1041 = DIRECTION('',(-1.,-0.,-0.));
#1042 = ORIENTED_EDGE('',*,*,#1043,.T.);
#1043 = EDGE_CURVE('',#1035,#1044,#1046,.T.);
#1044 = VERTEX_POINT('',#1045);
#1045 = CARTESIAN_POINT('',(-26.83333333333,12.5,0.));
#1046 = LINE('',#1047,#1048);
#1047 = CARTESIAN_POINT('',(-26.83333333333,22.5,0.));
#1048 = VECTOR('',#1049,1.);
#1049 = DIRECTION('',(-0.,-1.,-0.));
#1050 = ORIENTED_EDGE('',*,*,#1051,.T.);
#1051 = EDGE_CURVE('',#1044,#1027,#1052,.T.);
#1052 = CIRCLE('',#1053,1.5);
#1053 = AXIS2_PLACEMENT_3D('',#1054,#1055,#1056);
#1054 = CARTESIAN_POINT('',(-28.33333333333,12.5,0.));
#1055 = DIRECTION('',(0.,0.,-1.));
#1056 = DIRECTION('',(-1.,-0.,-0.));
#1057 = FACE_BOUND('',#1058,.F.);
#1058 = EDGE_LOOP('',(#1059,#1069,#1078,#1086));
#1059 = ORIENTED_EDGE('',*,*,#1060,.F.);
#1060 = EDGE_CURVE('',#1061,#1063,#1065,.T.);
#1061 = VERTEX_POINT('',#1062);
#1062 = CARTESIAN_POINT('',(-17.5,22.5,0.));
#1063 = VERTEX_POINT('',#1064);
#1064 = CARTESIAN_POINT('',(-17.5,12.5,0.));
#1065 = LINE('',#1066,#1067);
#1066 = CARTESIAN_POINT('',(-17.5,22.5,0.));
#1067 = VECTOR('',#1068,1.);
#1068 = DIRECTION('',(-0.,-1.,-0.));
#1069 = ORIENTED_EDGE('',*,*,#1070,.T.);
#1070 = EDGE_CURVE('',#1061,#1071,#1073,.T.);
#1071 = VERTEX_POINT('',#1072);
#1072 = CARTESIAN_POINT('',(-14.5,22.5,0.));
#1073 = CIRCLE('',#1074,1.5);
#1074 = AXIS2_PLACEMENT_3D('',#1075,#1076,#1077);
#1075 = CARTESIAN_POINT('',(-16.,22.5,0.));
#1076 = DIRECTION('',(0.,0.,-1.));
#1077 = DIRECTION('',(-1.,-0.,-0.));
#1078 = ORIENTED_EDGE('',*,*,#1079,.T.);
#1079 = EDGE_CURVE('',#1071,#1080,#1082,.T.);
#1080 = VERTEX_POINT('',#1081);
#1081 = CARTESIAN_POINT('',(-14.5,12.5,0.));
#1082 = LINE('',#1083,#1084);
#1083 = CARTESIAN_POINT('',(-14.5,22.5,0.));
#1084 = VECTOR('',#1085,1.);
#1085 = DIRECTION('',(-0.,-1.,-0.));
#1086 = ORIENTED_EDGE('',*,*,#1087,.T.);
#1087 = EDGE_CURVE('',#1080,#1063,#1088,.T.);
#1088 = CIRCLE('',#1089,1.5);
#1089 = AXIS2_PLACEMENT_3D('',#1090,#1091,#1092);
#1090 = CARTESIAN_POINT('',(-16.,12.5,0.));
#1091 = DIRECTION('',(0.,0.,-1.));
#1092 = DIRECTION('',(-1.,-0.,-0.));
#1093 = FACE_BOUND('',#1094,.F.);
#1094 = EDGE_LOOP('',(#1095,#1105,#1114,#1122));
#1095 = ORIENTED_EDGE('',*,*,#1096,.F.);
#1096 = EDGE_CURVE('',#1097,#1099,#1101,.T.);
#1097 = VERTEX_POINT('',#1098);
#1098 = CARTESIAN_POINT('',(-23.83333333333,38.5,0.));
#1099 = VERTEX_POINT('',#1100);
#1100 = CARTESIAN_POINT('',(-23.83333333333,12.5,0.));
#1101 = LINE('',#1102,#1103);
#1102 = CARTESIAN_POINT('',(-23.83333333333,38.5,0.));
#1103 = VECTOR('',#1104,1.);
#1104 = DIRECTION('',(-0.,-1.,-0.));
#1105 = ORIENTED_EDGE('',*,*,#1106,.T.);
#1106 = EDGE_CURVE('',#1097,#1107,#1109,.T.);
#1107 = VERTEX_POINT('',#1108);
#1108 = CARTESIAN_POINT('',(-20.83333333333,38.5,0.));
#1109 = CIRCLE('',#1110,1.5);
#1110 = AXIS2_PLACEMENT_3D('',#1111,#1112,#1113);
#1111 = CARTESIAN_POINT('',(-22.33333333333,38.5,0.));
#1112 = DIRECTION('',(0.,0.,-1.));
#1113 = DIRECTION('',(-1.,-0.,-0.));
#1114 = ORIENTED_EDGE('',*,*,#1115,.T.);
#1115 = EDGE_CURVE('',#1107,#1116,#1118,.T.);
#1116 = VERTEX_POINT('',#1117);
#1117 = CARTESIAN_POINT('',(-20.83333333333,12.5,0.));
#1118 = LINE('',#1119,#1120);
#1119 = CARTESIAN_POINT('',(-20.83333333333,38.5,0.));
#1120 = VECTOR('',#1121,1.);
#1121 = DIRECTION('',(-0.,-1.,-0.));
#1122 = ORIENTED_EDGE('',*,*,#1123,.T.);
#1123 = EDGE_CURVE('',#1116,#1099,#1124,.T.);
#1124 = CIRCLE('',#1125,1.5);
#1125 = AXIS2_PLACEMENT_3D('',#1126,#1127,#1128);
#1126 = CARTESIAN_POINT('',(-22.33333333333,12.5,0.));
#1127 = DIRECTION('',(0.,0.,-1.));
#1128 = DIRECTION('',(-1.,-0.,-0.));
#1129 = FACE_BOUND('',#1130,.F.);
#1130 = EDGE_LOOP('',(#1131,#1141,#1150,#1158));
#1131 = ORIENTED_EDGE('',*,*,#1132,.F.);
#1132 = EDGE_CURVE('',#1133,#1135,#1137,.T.);
#1133 = VERTEX_POINT('',#1134);
#1134 = CARTESIAN_POINT('',(-11.5,38.5,0.));
#1135 = VERTEX_POINT('',#1136);
#1136 = CARTESIAN_POINT('',(-11.5,12.5,0.));
#1137 = LINE('',#1138,#1139);
#1138 = CARTESIAN_POINT('',(-11.5,38.5,0.));
#1139 = VECTOR('',#1140,1.);
#1140 = DIRECTION('',(-0.,-1.,-0.));
#1141 = ORIENTED_EDGE('',*,*,#1142,.T.);
#1142 = EDGE_CURVE('',#1133,#1143,#1145,.T.);
#1143 = VERTEX_POINT('',#1144);
#1144 = CARTESIAN_POINT('',(-8.5,38.5,0.));
#1145 = CIRCLE('',#1146,1.5);
#1146 = AXIS2_PLACEMENT_3D('',#1147,#1148,#1149);
#1147 = CARTESIAN_POINT('',(-10.,38.5,0.));
#1148 = DIRECTION('',(0.,0.,-1.));
#1149 = DIRECTION('',(-1.,-0.,-0.));
#1150 = ORIENTED_EDGE('',*,*,#1151,.T.);
#1151 = EDGE_CURVE('',#1143,#1152,#1154,.T.);
#1152 = VERTEX_POINT('',#1153);
#1153 = CARTESIAN_POINT('',(-8.5,12.5,0.));
#1154 = LINE('',#1155,#1156);
#1155 = CARTESIAN_POINT('',(-8.5,38.5,0.));
#1156 = VECTOR('',#1157,1.);
#1157 = DIRECTION('',(-0.,-1.,-0.));
#1158 = ORIENTED_EDGE('',*,*,#1159,.T.);
#1159 = EDGE_CURVE('',#1152,#1135,#1160,.T.);
#1160 = CIRCLE('',#1161,1.5);
#1161 = AXIS2_PLACEMENT_3D('',#1162,#1163,#1164);
#1162 = CARTESIAN_POINT('',(-10.,12.5,0.));
#1163 = DIRECTION('',(0.,0.,-1.));
#1164 = DIRECTION('',(-1.,-0.,-0.));
#1165 = FACE_BOUND('',#1166,.F.);
#1166 = EDGE_LOOP('',(#1167,#1177,#1186,#1194));
#1167 = ORIENTED_EDGE('',*,*,#1168,.F.);
#1168 = EDGE_CURVE('',#1169,#1171,#1173,.T.);
#1169 = VERTEX_POINT('',#1170);
#1170 = CARTESIAN_POINT('',(-54.5,57.5,0.));
#1171 = VERTEX_POINT('',#1172);
#1172 = CARTESIAN_POINT('',(-54.5,31.5,0.));
#1173 = LINE('',#1174,#1175);
#1174 = CARTESIAN_POINT('',(-54.5,57.5,0.));
#1175 = VECTOR('',#1176,1.);
#1176 = DIRECTION('',(-0.,-1.,-0.));
#1177 = ORIENTED_EDGE('',*,*,#1178,.T.);
#1178 = EDGE_CURVE('',#1169,#1179,#1181,.T.);
#1179 = VERTEX_POINT('',#1180);
#1180 = CARTESIAN_POINT('',(-51.5,57.5,0.));
#1181 = CIRCLE('',#1182,1.5);
#1182 = AXIS2_PLACEMENT_3D('',#1183,#1184,#1185);
#1183 = CARTESIAN_POINT('',(-53.,57.5,0.));
#1184 = DIRECTION('',(0.,0.,-1.));
#1185 = DIRECTION('',(-1.,-0.,-0.));
#1186 = ORIENTED_EDGE('',*,*,#1187,.T.);
#1187 = EDGE_CURVE('',#1179,#1188,#1190,.T.);
#1188 = VERTEX_POINT('',#1189);
#1189 = CARTESIAN_POINT('',(-51.5,31.5,0.));
#1190 = LINE('',#1191,#1192);
#1191 = CARTESIAN_POINT('',(-51.5,57.5,0.));
#1192 = VECTOR('',#1193,1.);
#1193 = DIRECTION('',(-0.,-1.,-0.));
#1194 = ORIENTED_EDGE('',*,*,#1195,.T.);
#1195 = EDGE_CURVE('',#1188,#1171,#1196,.T.);
#1196 = CIRCLE('',#1197,1.5);
#1197 = AXIS2_PLACEMENT_3D('',#1198,#1199,#1200);
#1198 = CARTESIAN_POINT('',(-53.,31.5,0.));
#1199 = DIRECTION('',(0.,0.,-1.));
#1200 = DIRECTION('',(-1.,-0.,-0.));
#1201 = FACE_BOUND('',#1202,.F.);
#1202 = EDGE_LOOP('',(#1203,#1213,#1222,#1230));
#1203 = ORIENTED_EDGE('',*,*,#1204,.F.);
#1204 = EDGE_CURVE('',#1205,#1207,#1209,.T.);
#1205 = VERTEX_POINT('',#1206);
#1206 = CARTESIAN_POINT('',(-42.16666666666,57.5,0.));
#1207 = VERTEX_POINT('',#1208);
#1208 = CARTESIAN_POINT('',(-42.16666666666,31.5,0.));
#1209 = LINE('',#1210,#1211);
#1210 = CARTESIAN_POINT('',(-42.16666666666,57.5,0.));
#1211 = VECTOR('',#1212,1.);
#1212 = DIRECTION('',(-0.,-1.,-0.));
#1213 = ORIENTED_EDGE('',*,*,#1214,.T.);
#1214 = EDGE_CURVE('',#1205,#1215,#1217,.T.);
#1215 = VERTEX_POINT('',#1216);
#1216 = CARTESIAN_POINT('',(-39.16666666666,57.5,0.));
#1217 = CIRCLE('',#1218,1.5);
#1218 = AXIS2_PLACEMENT_3D('',#1219,#1220,#1221);
#1219 = CARTESIAN_POINT('',(-40.66666666666,57.5,0.));
#1220 = DIRECTION('',(0.,0.,-1.));
#1221 = DIRECTION('',(-1.,-0.,-0.));
#1222 = ORIENTED_EDGE('',*,*,#1223,.T.);
#1223 = EDGE_CURVE('',#1215,#1224,#1226,.T.);
#1224 = VERTEX_POINT('',#1225);
#1225 = CARTESIAN_POINT('',(-39.16666666666,31.5,0.));
#1226 = LINE('',#1227,#1228);
#1227 = CARTESIAN_POINT('',(-39.16666666666,57.5,0.));
#1228 = VECTOR('',#1229,1.);
#1229 = DIRECTION('',(-0.,-1.,-0.));
#1230 = ORIENTED_EDGE('',*,*,#1231,.T.);
#1231 = EDGE_CURVE('',#1224,#1207,#1232,.T.);
#1232 = CIRCLE('',#1233,1.5);
#1233 = AXIS2_PLACEMENT_3D('',#1234,#1235,#1236);
#1234 = CARTESIAN_POINT('',(-40.66666666666,31.5,0.));
#1235 = DIRECTION('',(0.,0.,-1.));
#1236 = DIRECTION('',(-1.,-0.,-0.));
#1237 = FACE_BOUND('',#1238,.F.);
#1238 = EDGE_LOOP('',(#1239,#1249,#1258,#1266));
#1239 = ORIENTED_EDGE('',*,*,#1240,.F.);
#1240 = EDGE_CURVE('',#1241,#1243,#1245,.T.);
#1241 = VERTEX_POINT('',#1242);
#1242 = CARTESIAN_POINT('',(-48.5,57.5,0.));
#1243 = VERTEX_POINT('',#1244);
#1244 = CARTESIAN_POINT('',(-48.5,47.5,0.));
#1245 = LINE('',#1246,#1247);
#1246 = CARTESIAN_POINT('',(-48.5,57.5,0.));
#1247 = VECTOR('',#1248,1.);
#1248 = DIRECTION('',(-0.,-1.,-0.));
#1249 = ORIENTED_EDGE('',*,*,#1250,.T.);
#1250 = EDGE_CURVE('',#1241,#1251,#1253,.T.);
#1251 = VERTEX_POINT('',#1252);
#1252 = CARTESIAN_POINT('',(-45.5,57.5,0.));
#1253 = CIRCLE('',#1254,1.5);
#1254 = AXIS2_PLACEMENT_3D('',#1255,#1256,#1257);
#1255 = CARTESIAN_POINT('',(-47.,57.5,0.));
#1256 = DIRECTION('',(0.,0.,-1.));
#1257 = DIRECTION('',(-1.,-0.,-0.));
#1258 = ORIENTED_EDGE('',*,*,#1259,.T.);
#1259 = EDGE_CURVE('',#1251,#1260,#1262,.T.);
#1260 = VERTEX_POINT('',#1261);
#1261 = CARTESIAN_POINT('',(-45.5,47.5,0.));
#1262 = LINE('',#1263,#1264);
#1263 = CARTESIAN_POINT('',(-45.5,57.5,0.));
#1264 = VECTOR('',#1265,1.);
#1265 = DIRECTION('',(-0.,-1.,-0.));
#1266 = ORIENTED_EDGE('',*,*,#1267,.T.);
#1267 = EDGE_CURVE('',#1260,#1243,#1268,.T.);
#1268 = CIRCLE('',#1269,1.5);
#1269 = AXIS2_PLACEMENT_3D('',#1270,#1271,#1272);
#1270 = CARTESIAN_POINT('',(-47.,47.5,0.));
#1271 = DIRECTION('',(0.,0.,-1.));
#1272 = DIRECTION('',(-1.,-0.,-0.));
#1273 = FACE_BOUND('',#1274,.F.);
#1274 = EDGE_LOOP('',(#1275,#1285,#1294,#1302));
#1275 = ORIENTED_EDGE('',*,*,#1276,.F.);
#1276 = EDGE_CURVE('',#1277,#1279,#1281,.T.);
#1277 = VERTEX_POINT('',#1278);
#1278 = CARTESIAN_POINT('',(-36.16666666666,57.5,0.));
#1279 = VERTEX_POINT('',#1280);
#1280 = CARTESIAN_POINT('',(-36.16666666666,47.5,0.));
#1281 = LINE('',#1282,#1283);
#1282 = CARTESIAN_POINT('',(-36.16666666666,57.5,0.));
#1283 = VECTOR('',#1284,1.);
#1284 = DIRECTION('',(-0.,-1.,-0.));
#1285 = ORIENTED_EDGE('',*,*,#1286,.T.);
#1286 = EDGE_CURVE('',#1277,#1287,#1289,.T.);
#1287 = VERTEX_POINT('',#1288);
#1288 = CARTESIAN_POINT('',(-33.16666666666,57.5,0.));
#1289 = CIRCLE('',#1290,1.5);
#1290 = AXIS2_PLACEMENT_3D('',#1291,#1292,#1293);
#1291 = CARTESIAN_POINT('',(-34.66666666666,57.5,0.));
#1292 = DIRECTION('',(0.,0.,-1.));
#1293 = DIRECTION('',(-1.,-0.,-0.));
#1294 = ORIENTED_EDGE('',*,*,#1295,.T.);
#1295 = EDGE_CURVE('',#1287,#1296,#1298,.T.);
#1296 = VERTEX_POINT('',#1297);
#1297 = CARTESIAN_POINT('',(-33.16666666666,47.5,0.));
#1298 = LINE('',#1299,#1300);
#1299 = CARTESIAN_POINT('',(-33.16666666666,57.5,0.));
#1300 = VECTOR('',#1301,1.);
#1301 = DIRECTION('',(-0.,-1.,-0.));
#1302 = ORIENTED_EDGE('',*,*,#1303,.T.);
#1303 = EDGE_CURVE('',#1296,#1279,#1304,.T.);
#1304 = CIRCLE('',#1305,1.5);
#1305 = AXIS2_PLACEMENT_3D('',#1306,#1307,#1308);
#1306 = CARTESIAN_POINT('',(-34.66666666666,47.5,0.));
#1307 = DIRECTION('',(0.,0.,-1.));
#1308 = DIRECTION('',(-1.,-0.,-0.));
#1309 = FACE_BOUND('',#1310,.F.);
#1310 = EDGE_LOOP('',(#1311,#1321,#1330,#1338));
#1311 = ORIENTED_EDGE('',*,*,#1312,.F.);
#1312 = EDGE_CURVE('',#1313,#1315,#1317,.T.);
#1313 = VERTEX_POINT('',#1314);
#1314 = CARTESIAN_POINT('',(-29.83333333333,57.5,0.));
#1315 = VERTEX_POINT('',#1316);
#1316 = CARTESIAN_POINT('',(-29.83333333333,31.5,0.));
#1317 = LINE('',#1318,#1319);
#1318 = CARTESIAN_POINT('',(-29.83333333333,57.5,0.));
#1319 = VECTOR('',#1320,1.);
#1320 = DIRECTION('',(-0.,-1.,-0.));
#1321 = ORIENTED_EDGE('',*,*,#1322,.T.);
#1322 = EDGE_CURVE('',#1313,#1323,#1325,.T.);
#1323 = VERTEX_POINT('',#1324);
#1324 = CARTESIAN_POINT('',(-26.83333333333,57.5,0.));
#1325 = CIRCLE('',#1326,1.5);
#1326 = AXIS2_PLACEMENT_3D('',#1327,#1328,#1329);
#1327 = CARTESIAN_POINT('',(-28.33333333333,57.5,0.));
#1328 = DIRECTION('',(0.,0.,-1.));
#1329 = DIRECTION('',(-1.,-0.,-0.));
#1330 = ORIENTED_EDGE('',*,*,#1331,.T.);
#1331 = EDGE_CURVE('',#1323,#1332,#1334,.T.);
#1332 = VERTEX_POINT('',#1333);
#1333 = CARTESIAN_POINT('',(-26.83333333333,31.5,0.));
#1334 = LINE('',#1335,#1336);
#1335 = CARTESIAN_POINT('',(-26.83333333333,57.5,0.));
#1336 = VECTOR('',#1337,1.);
#1337 = DIRECTION('',(-0.,-1.,-0.));
#1338 = ORIENTED_EDGE('',*,*,#1339,.T.);
#1339 = EDGE_CURVE('',#1332,#1315,#1340,.T.);
#1340 = CIRCLE('',#1341,1.5);
#1341 = AXIS2_PLACEMENT_3D('',#1342,#1343,#1344);
#1342 = CARTESIAN_POINT('',(-28.33333333333,31.5,0.));
#1343 = DIRECTION('',(0.,0.,-1.));
#1344 = DIRECTION('',(-1.,-0.,-0.));
#1345 = FACE_BOUND('',#1346,.F.);
#1346 = EDGE_LOOP('',(#1347,#1357,#1366,#1374));
#1347 = ORIENTED_EDGE('',*,*,#1348,.F.);
#1348 = EDGE_CURVE('',#1349,#1351,#1353,.T.);
#1349 = VERTEX_POINT('',#1350);
#1350 = CARTESIAN_POINT('',(-17.5,57.5,0.));
#1351 = VERTEX_POINT('',#1352);
#1352 = CARTESIAN_POINT('',(-17.5,31.5,0.));
#1353 = LINE('',#1354,#1355);
#1354 = CARTESIAN_POINT('',(-17.5,57.5,0.));
#1355 = VECTOR('',#1356,1.);
#1356 = DIRECTION('',(-0.,-1.,-0.));
#1357 = ORIENTED_EDGE('',*,*,#1358,.T.);
#1358 = EDGE_CURVE('',#1349,#1359,#1361,.T.);
#1359 = VERTEX_POINT('',#1360);
#1360 = CARTESIAN_POINT('',(-14.5,57.5,0.));
#1361 = CIRCLE('',#1362,1.5);
#1362 = AXIS2_PLACEMENT_3D('',#1363,#1364,#1365);
#1363 = CARTESIAN_POINT('',(-16.,57.5,0.));
#1364 = DIRECTION('',(0.,0.,-1.));
#1365 = DIRECTION('',(-1.,-0.,-0.));
#1366 = ORIENTED_EDGE('',*,*,#1367,.T.);
#1367 = EDGE_CURVE('',#1359,#1368,#1370,.T.);
#1368 = VERTEX_POINT('',#1369);
#1369 = CARTESIAN_POINT('',(-14.5,31.5,0.));
#1370 = LINE('',#1371,#1372);
#1371 = CARTESIAN_POINT('',(-14.5,57.5,0.));
#1372 = VECTOR('',#1373,1.);
#1373 = DIRECTION('',(-0.,-1.,-0.));
#1374 = ORIENTED_EDGE('',*,*,#1375,.T.);
#1375 = EDGE_CURVE('',#1368,#1351,#1376,.T.);
#1376 = CIRCLE('',#1377,1.5);
#1377 = AXIS2_PLACEMENT_3D('',#1378,#1379,#1380);
#1378 = CARTESIAN_POINT('',(-16.,31.5,0.));
#1379 = DIRECTION('',(0.,0.,-1.));
#1380 = DIRECTION('',(-1.,-0.,-0.));
#1381 = FACE_BOUND('',#1382,.F.);
#1382 = EDGE_LOOP('',(#1383,#1393,#1402,#1410));
#1383 = ORIENTED_EDGE('',*,*,#1384,.F.);
#1384 = EDGE_CURVE('',#1385,#1387,#1389,.T.);
#1385 = VERTEX_POINT('',#1386);
#1386 = CARTESIAN_POINT('',(-23.83333333333,57.5,0.));
#1387 = VERTEX_POINT('',#1388);
#1388 = CARTESIAN_POINT('',(-23.83333333333,47.5,0.));
#1389 = LINE('',#1390,#1391);
#1390 = CARTESIAN_POINT('',(-23.83333333333,57.5,0.));
#1391 = VECTOR('',#1392,1.);
#1392 = DIRECTION('',(-0.,-1.,-0.));
#1393 = ORIENTED_EDGE('',*,*,#1394,.T.);
#1394 = EDGE_CURVE('',#1385,#1395,#1397,.T.);
#1395 = VERTEX_POINT('',#1396);
#1396 = CARTESIAN_POINT('',(-20.83333333333,57.5,0.));
#1397 = CIRCLE('',#1398,1.5);
#1398 = AXIS2_PLACEMENT_3D('',#1399,#1400,#1401);
#1399 = CARTESIAN_POINT('',(-22.33333333333,57.5,0.));
#1400 = DIRECTION('',(0.,0.,-1.));
#1401 = DIRECTION('',(-1.,-0.,-0.));
#1402 = ORIENTED_EDGE('',*,*,#1403,.T.);
#1403 = EDGE_CURVE('',#1395,#1404,#1406,.T.);
#1404 = VERTEX_POINT('',#1405);
#1405 = CARTESIAN_POINT('',(-20.83333333333,47.5,0.));
#1406 = LINE('',#1407,#1408);
#1407 = CARTESIAN_POINT('',(-20.83333333333,57.5,0.));
#1408 = VECTOR('',#1409,1.);
#1409 = DIRECTION('',(-0.,-1.,-0.));
#1410 = ORIENTED_EDGE('',*,*,#1411,.T.);
#1411 = EDGE_CURVE('',#1404,#1387,#1412,.T.);
#1412 = CIRCLE('',#1413,1.5);
#1413 = AXIS2_PLACEMENT_3D('',#1414,#1415,#1416);
#1414 = CARTESIAN_POINT('',(-22.33333333333,47.5,0.));
#1415 = DIRECTION('',(0.,0.,-1.));
#1416 = DIRECTION('',(-1.,-0.,-0.));
#1417 = FACE_BOUND('',#1418,.F.);
#1418 = EDGE_LOOP('',(#1419,#1429,#1438,#1446));
#1419 = ORIENTED_EDGE('',*,*,#1420,.F.);
#1420 = EDGE_CURVE('',#1421,#1423,#1425,.T.);
#1421 = VERTEX_POINT('',#1422);
#1422 = CARTESIAN_POINT('',(-11.5,57.5,0.));
#1423 = VERTEX_POINT('',#1424);
#1424 = CARTESIAN_POINT('',(-11.5,47.5,0.));
#1425 = LINE('',#1426,#1427);
#1426 = CARTESIAN_POINT('',(-11.5,57.5,0.));
#1427 = VECTOR('',#1428,1.);
#1428 = DIRECTION('',(-0.,-1.,-0.));
#1429 = ORIENTED_EDGE('',*,*,#1430,.T.);
#1430 = EDGE_CURVE('',#1421,#1431,#1433,.T.);
#1431 = VERTEX_POINT('',#1432);
#1432 = CARTESIAN_POINT('',(-8.5,57.5,0.));
#1433 = CIRCLE('',#1434,1.5);
#1434 = AXIS2_PLACEMENT_3D('',#1435,#1436,#1437);
#1435 = CARTESIAN_POINT('',(-10.,57.5,0.));
#1436 = DIRECTION('',(0.,0.,-1.));
#1437 = DIRECTION('',(-1.,-0.,-0.));
#1438 = ORIENTED_EDGE('',*,*,#1439,.T.);
#1439 = EDGE_CURVE('',#1431,#1440,#1442,.T.);
#1440 = VERTEX_POINT('',#1441);
#1441 = CARTESIAN_POINT('',(-8.5,47.5,0.));
#1442 = LINE('',#1443,#1444);
#1443 = CARTESIAN_POINT('',(-8.5,57.5,0.));
#1444 = VECTOR('',#1445,1.);
#1445 = DIRECTION('',(-0.,-1.,-0.));
#1446 = ORIENTED_EDGE('',*,*,#1447,.T.);
#1447 = EDGE_CURVE('',#1440,#1423,#1448,.T.);
#1448 = CIRCLE('',#1449,1.5);
#1449 = AXIS2_PLACEMENT_3D('',#1450,#1451,#1452);
#1450 = CARTESIAN_POINT('',(-10.,47.5,0.));
#1451 = DIRECTION('',(0.,0.,-1.));
#1452 = DIRECTION('',(-1.,-0.,-0.));
#1453 = PLANE('',#1454);
#1454 = AXIS2_PLACEMENT_3D('',#1455,#1456,#1457);
#1455 = CARTESIAN_POINT('',(-34.28848131005,33.368697270366,0.));
#1456 = DIRECTION('',(0.,0.,-1.));
#1457 = DIRECTION('',(-1.,0.,0.));
#1458 = ADVANCED_FACE('',(#1459),#1470,.T.);
#1459 = FACE_BOUND('',#1460,.F.);
#1460 = EDGE_LOOP('',(#1461,#1462,#1463,#1469));
#1461 = ORIENTED_EDGE('',*,*,#196,.F.);
#1462 = ORIENTED_EDGE('',*,*,#422,.T.);
#1463 = ORIENTED_EDGE('',*,*,#1464,.T.);
#1464 = EDGE_CURVE('',#415,#796,#1465,.T.);
#1465 = LINE('',#1466,#1467);
#1466 = CARTESIAN_POINT('',(-62.8,58.076061575154,0.2));
#1467 = VECTOR('',#1468,1.);
#1468 = DIRECTION('',(0.707106781187,0.,-0.707106781187));
#1469 = ORIENTED_EDGE('',*,*,#795,.F.);
#1470 = PLANE('',#1471);
#1471 = AXIS2_PLACEMENT_3D('',#1472,#1473,#1474);
#1472 = CARTESIAN_POINT('',(-62.8,66.,0.2));
#1473 = DIRECTION('',(-0.707106781187,1.E-17,-0.707106781187));
#1474 = DIRECTION('',(7.071067811865E-18,1.,7.071067811865E-18));
#1475 = ADVANCED_FACE('',(#1476),#1521,.T.);
#1476 = FACE_BOUND('',#1477,.T.);
#1477 = EDGE_LOOP('',(#1478,#1489,#1497,#1506,#1513,#1514));
#1478 = ORIENTED_EDGE('',*,*,#1479,.T.);
#1479 = EDGE_CURVE('',#1480,#1482,#1484,.T.);
#1480 = VERTEX_POINT('',#1481);
#1481 = CARTESIAN_POINT('',(-4.,7.645751311065,19.));
#1482 = VERTEX_POINT('',#1483);
#1483 = CARTESIAN_POINT('',(-4.,9.,16.));
#1484 = CIRCLE('',#1485,4.);
#1485 = AXIS2_PLACEMENT_3D('',#1486,#1487,#1488);
#1486 = CARTESIAN_POINT('',(-4.,5.,16.));
#1487 = DIRECTION('',(-1.,0.,0.));
#1488 = DIRECTION('',(0.,0.,1.));
#1489 = ORIENTED_EDGE('',*,*,#1490,.T.);
#1490 = EDGE_CURVE('',#1482,#1491,#1493,.T.);
#1491 = VERTEX_POINT('',#1492);
#1492 = CARTESIAN_POINT('',(-59.,9.,16.));
#1493 = LINE('',#1494,#1495);
#1494 = CARTESIAN_POINT('',(-4.,9.,16.));
#1495 = VECTOR('',#1496,1.);
#1496 = DIRECTION('',(-1.,-0.,-0.));
#1497 = ORIENTED_EDGE('',*,*,#1498,.F.);
#1498 = EDGE_CURVE('',#1499,#1491,#1501,.T.);
#1499 = VERTEX_POINT('',#1500);
#1500 = CARTESIAN_POINT('',(-59.,7.645751311065,19.));
#1501 = CIRCLE('',#1502,4.);
#1502 = AXIS2_PLACEMENT_3D('',#1503,#1504,#1505);
#1503 = CARTESIAN_POINT('',(-59.,5.,16.));
#1504 = DIRECTION('',(-1.,0.,0.));
#1505 = DIRECTION('',(0.,0.,1.));
#1506 = ORIENTED_EDGE('',*,*,#1507,.F.);
#1507 = EDGE_CURVE('',#221,#1499,#1508,.T.);
#1508 = ELLIPSE('',#1509,5.656854249492,4.);
#1509 = AXIS2_PLACEMENT_3D('',#1510,#1511,#1512);
#1510 = CARTESIAN_POINT('',(-56.,5.,16.));
#1511 = DIRECTION('',(-0.707106781187,0.,-0.707106781187));
#1512 = DIRECTION('',(-0.707106781187,0.,0.707106781187));
#1513 = ORIENTED_EDGE('',*,*,#218,.F.);
#1514 = ORIENTED_EDGE('',*,*,#1515,.T.);
#1515 = EDGE_CURVE('',#219,#1480,#1516,.T.);
#1516 = ELLIPSE('',#1517,5.656854249492,4.);
#1517 = AXIS2_PLACEMENT_3D('',#1518,#1519,#1520);
#1518 = CARTESIAN_POINT('',(-7.,5.,16.));
#1519 = DIRECTION('',(-0.707106781187,0.,0.707106781187));
#1520 = DIRECTION('',(-0.707106781187,0.,-0.707106781187));
#1521 = CYLINDRICAL_SURFACE('',#1522,4.);
#1522 = AXIS2_PLACEMENT_3D('',#1523,#1524,#1525);
#1523 = CARTESIAN_POINT('',(-4.,5.,16.));
#1524 = DIRECTION('',(-1.,-0.,-0.));
#1525 = DIRECTION('',(0.,0.,1.));
#1526 = ADVANCED_FACE('',(#1527),#1545,.T.);
#1527 = FACE_BOUND('',#1528,.F.);
#1528 = EDGE_LOOP('',(#1529,#1530,#1538,#1544));
#1529 = ORIENTED_EDGE('',*,*,#312,.F.);
#1530 = ORIENTED_EDGE('',*,*,#1531,.T.);
#1531 = EDGE_CURVE('',#304,#1532,#1534,.T.);
#1532 = VERTEX_POINT('',#1533);
#1533 = CARTESIAN_POINT('',(-59.,24.,19.));
#1534 = LINE('',#1535,#1536);
#1535 = CARTESIAN_POINT('',(-59.,24.,19.));
#1536 = VECTOR('',#1537,1.);
#1537 = DIRECTION('',(0.707106781187,6.E-17,-0.707106781187));
#1538 = ORIENTED_EDGE('',*,*,#1539,.T.);
#1539 = EDGE_CURVE('',#1532,#1499,#1540,.T.);
#1540 = LINE('',#1541,#1542);
#1541 = CARTESIAN_POINT('',(-59.,9.,19.));
#1542 = VECTOR('',#1543,1.);
#1543 = DIRECTION('',(0.,-1.,0.));
#1544 = ORIENTED_EDGE('',*,*,#1507,.F.);
#1545 = PLANE('',#1546);
#1546 = AXIS2_PLACEMENT_3D('',#1547,#1548,#1549);
#1547 = CARTESIAN_POINT('',(-59.54310587588,14.752573188645,
    19.543105875883));
#1548 = DIRECTION('',(0.707106781187,0.,0.707106781187));
#1549 = DIRECTION('',(-0.707106781187,0.,0.707106781187));
#1550 = ADVANCED_FACE('',(#1551),#1569,.T.);
#1551 = FACE_BOUND('',#1552,.F.);
#1552 = EDGE_LOOP('',(#1553,#1554,#1562,#1568));
#1553 = ORIENTED_EDGE('',*,*,#1515,.T.);
#1554 = ORIENTED_EDGE('',*,*,#1555,.T.);
#1555 = EDGE_CURVE('',#1480,#1556,#1558,.T.);
#1556 = VERTEX_POINT('',#1557);
#1557 = CARTESIAN_POINT('',(-4.,61.,19.));
#1558 = LINE('',#1559,#1560);
#1559 = CARTESIAN_POINT('',(-4.,9.,19.));
#1560 = VECTOR('',#1561,1.);
#1561 = DIRECTION('',(0.,1.,0.));
#1562 = ORIENTED_EDGE('',*,*,#1563,.F.);
#1563 = EDGE_CURVE('',#229,#1556,#1564,.T.);
#1564 = LINE('',#1565,#1566);
#1565 = CARTESIAN_POINT('',(-12.33333333333,52.666666666667,
    10.666666666667));
#1566 = VECTOR('',#1567,1.);
#1567 = DIRECTION('',(-0.57735026919,-0.57735026919,-0.57735026919));
#1568 = ORIENTED_EDGE('',*,*,#228,.F.);
#1569 = PLANE('',#1570);
#1570 = AXIS2_PLACEMENT_3D('',#1571,#1572,#1573);
#1571 = CARTESIAN_POINT('',(-3.480740838176,33.574993660211,
    19.519259161824));
#1572 = DIRECTION('',(-0.707106781187,0.,0.707106781187));
#1573 = DIRECTION('',(-0.707106781187,-0.,-0.707106781187));
#1574 = ADVANCED_FACE('',(#1575),#1594,.T.);
#1575 = FACE_BOUND('',#1576,.T.);
#1576 = EDGE_LOOP('',(#1577,#1585,#1586,#1587));
#1577 = ORIENTED_EDGE('',*,*,#1578,.F.);
#1578 = EDGE_CURVE('',#296,#1579,#1581,.T.);
#1579 = VERTEX_POINT('',#1580);
#1580 = CARTESIAN_POINT('',(-62.5,30.062177826491,19.));
#1581 = LINE('',#1582,#1583);
#1582 = CARTESIAN_POINT('',(-62.75,29.629165124599,19.5));
#1583 = VECTOR('',#1584,1.);
#1584 = DIRECTION('',(0.353553390593,0.612372435696,-0.707106781187));
#1585 = ORIENTED_EDGE('',*,*,#303,.T.);
#1586 = ORIENTED_EDGE('',*,*,#1531,.T.);
#1587 = ORIENTED_EDGE('',*,*,#1588,.F.);
#1588 = EDGE_CURVE('',#1579,#1532,#1589,.T.);
#1589 = CIRCLE('',#1590,7.);
#1590 = AXIS2_PLACEMENT_3D('',#1591,#1592,#1593);
#1591 = CARTESIAN_POINT('',(-66.,24.,19.));
#1592 = DIRECTION('',(0.,0.,-1.));
#1593 = DIRECTION('',(0.5,0.866025403784,0.));
#1594 = CONICAL_SURFACE('',#1595,7.,0.785398163397);
#1595 = AXIS2_PLACEMENT_3D('',#1596,#1597,#1598);
#1596 = CARTESIAN_POINT('',(-66.,24.,19.));
#1597 = DIRECTION('',(0.,0.,-1.));
#1598 = DIRECTION('',(0.5,0.866025403784,0.));
#1599 = ADVANCED_FACE('',(#1600),#1618,.F.);
#1600 = FACE_BOUND('',#1601,.T.);
#1601 = EDGE_LOOP('',(#1602,#1610,#1611,#1612));
#1602 = ORIENTED_EDGE('',*,*,#1603,.F.);
#1603 = EDGE_CURVE('',#287,#1604,#1606,.T.);
#1604 = VERTEX_POINT('',#1605);
#1605 = CARTESIAN_POINT('',(-70.5,34.680979980008,19.));
#1606 = LINE('',#1607,#1608);
#1607 = CARTESIAN_POINT('',(-70.5,34.680979980008,19.));
#1608 = VECTOR('',#1609,1.);
#1609 = DIRECTION('',(0.353553390593,0.612372435696,-0.707106781187));
#1610 = ORIENTED_EDGE('',*,*,#295,.T.);
#1611 = ORIENTED_EDGE('',*,*,#1578,.T.);
#1612 = ORIENTED_EDGE('',*,*,#1613,.F.);
#1613 = EDGE_CURVE('',#1604,#1579,#1614,.T.);
#1614 = LINE('',#1615,#1616);
#1615 = CARTESIAN_POINT('',(-70.5,34.680979980008,19.));
#1616 = VECTOR('',#1617,1.);
#1617 = DIRECTION('',(0.866025403784,-0.5,0.));
#1618 = PLANE('',#1619);
#1619 = AXIS2_PLACEMENT_3D('',#1620,#1621,#1622);
#1620 = CARTESIAN_POINT('',(-70.75,34.247967278116,19.5));
#1621 = DIRECTION('',(-0.353553390593,-0.612372435696,-0.707106781187));
#1622 = DIRECTION('',(-0.866025403784,0.5,2.22044604925E-16));
#1623 = ADVANCED_FACE('',(#1624),#1642,.F.);
#1624 = FACE_BOUND('',#1625,.T.);
#1625 = EDGE_LOOP('',(#1626,#1627,#1628,#1636));
#1626 = ORIENTED_EDGE('',*,*,#1563,.F.);
#1627 = ORIENTED_EDGE('',*,*,#236,.T.);
#1628 = ORIENTED_EDGE('',*,*,#1629,.T.);
#1629 = EDGE_CURVE('',#237,#1630,#1632,.T.);
#1630 = VERTEX_POINT('',#1631);
#1631 = CARTESIAN_POINT('',(-59.,61.,19.));
#1632 = LINE('',#1633,#1634);
#1633 = CARTESIAN_POINT('',(-50.16666666666,52.166666666667,
    10.166666666667));
#1634 = VECTOR('',#1635,1.);
#1635 = DIRECTION('',(0.57735026919,-0.57735026919,-0.57735026919));
#1636 = ORIENTED_EDGE('',*,*,#1637,.F.);
#1637 = EDGE_CURVE('',#1556,#1630,#1638,.T.);
#1638 = LINE('',#1639,#1640);
#1639 = CARTESIAN_POINT('',(-4.,61.,19.));
#1640 = VECTOR('',#1641,1.);
#1641 = DIRECTION('',(-1.,-0.,-0.));
#1642 = PLANE('',#1643);
#1643 = AXIS2_PLACEMENT_3D('',#1644,#1645,#1646);
#1644 = CARTESIAN_POINT('',(-4.,61.5,19.5));
#1645 = DIRECTION('',(0.,0.707106781187,-0.707106781187));
#1646 = DIRECTION('',(1.,0.,0.));
#1647 = ADVANCED_FACE('',(#1648),#1667,.F.);
#1648 = FACE_BOUND('',#1649,.T.);
#1649 = EDGE_LOOP('',(#1650,#1658,#1659,#1660));
#1650 = ORIENTED_EDGE('',*,*,#1651,.F.);
#1651 = EDGE_CURVE('',#279,#1652,#1654,.T.);
#1652 = VERTEX_POINT('',#1653);
#1653 = CARTESIAN_POINT('',(-71.5,36.413030787577,19.));
#1654 = LINE('',#1655,#1656);
#1655 = CARTESIAN_POINT('',(-72.,36.413030787577,19.5));
#1656 = VECTOR('',#1657,1.);
#1657 = DIRECTION('',(0.707106781187,0.,-0.707106781187));
#1658 = ORIENTED_EDGE('',*,*,#286,.T.);
#1659 = ORIENTED_EDGE('',*,*,#1603,.T.);
#1660 = ORIENTED_EDGE('',*,*,#1661,.F.);
#1661 = EDGE_CURVE('',#1652,#1604,#1662,.T.);
#1662 = CIRCLE('',#1663,2.);
#1663 = AXIS2_PLACEMENT_3D('',#1664,#1665,#1666);
#1664 = CARTESIAN_POINT('',(-69.5,36.413030787577,19.));
#1665 = DIRECTION('',(0.,0.,1.));
#1666 = DIRECTION('',(-1.,0.,0.));
#1667 = CONICAL_SURFACE('',#1668,2.,0.785398163397);
#1668 = AXIS2_PLACEMENT_3D('',#1669,#1670,#1671);
#1669 = CARTESIAN_POINT('',(-69.5,36.413030787577,19.));
#1670 = DIRECTION('',(0.,0.,1.));
#1671 = DIRECTION('',(-1.,0.,0.));
#1672 = ADVANCED_FACE('',(#1673),#1691,.F.);
#1673 = FACE_BOUND('',#1674,.T.);
#1674 = EDGE_LOOP('',(#1675,#1676,#1677,#1685));
#1675 = ORIENTED_EDGE('',*,*,#1629,.F.);
#1676 = ORIENTED_EDGE('',*,*,#244,.T.);
#1677 = ORIENTED_EDGE('',*,*,#1678,.T.);
#1678 = EDGE_CURVE('',#245,#1679,#1681,.T.);
#1679 = VERTEX_POINT('',#1680);
#1680 = CARTESIAN_POINT('',(-59.,58.076061575154,19.));
#1681 = LINE('',#1682,#1683);
#1682 = CARTESIAN_POINT('',(-59.5,58.076061575154,19.5));
#1683 = VECTOR('',#1684,1.);
#1684 = DIRECTION('',(0.707106781187,0.,-0.707106781187));
#1685 = ORIENTED_EDGE('',*,*,#1686,.F.);
#1686 = EDGE_CURVE('',#1630,#1679,#1687,.T.);
#1687 = LINE('',#1688,#1689);
#1688 = CARTESIAN_POINT('',(-59.,61.,19.));
#1689 = VECTOR('',#1690,1.);
#1690 = DIRECTION('',(-0.,-1.,-0.));
#1691 = PLANE('',#1692);
#1692 = AXIS2_PLACEMENT_3D('',#1693,#1694,#1695);
#1693 = CARTESIAN_POINT('',(-59.5,61.,19.5));
#1694 = DIRECTION('',(-0.707106781187,-0.,-0.707106781187));
#1695 = DIRECTION('',(0.,1.,0.));
#1696 = ADVANCED_FACE('',(#1697),#1715,.F.);
#1697 = FACE_BOUND('',#1698,.T.);
#1698 = EDGE_LOOP('',(#1699,#1707,#1708,#1709));
#1699 = ORIENTED_EDGE('',*,*,#1700,.F.);
#1700 = EDGE_CURVE('',#270,#1701,#1703,.T.);
#1701 = VERTEX_POINT('',#1702);
#1702 = CARTESIAN_POINT('',(-71.5,45.663030787577,19.));
#1703 = LINE('',#1704,#1705);
#1704 = CARTESIAN_POINT('',(-71.5,45.663030787577,19.));
#1705 = VECTOR('',#1706,1.);
#1706 = DIRECTION('',(0.707106781187,6.7E-16,-0.707106781187));
#1707 = ORIENTED_EDGE('',*,*,#278,.T.);
#1708 = ORIENTED_EDGE('',*,*,#1651,.T.);
#1709 = ORIENTED_EDGE('',*,*,#1710,.F.);
#1710 = EDGE_CURVE('',#1701,#1652,#1711,.T.);
#1711 = LINE('',#1712,#1713);
#1712 = CARTESIAN_POINT('',(-71.5,45.663030787577,19.));
#1713 = VECTOR('',#1714,1.);
#1714 = DIRECTION('',(-0.,-1.,-0.));
#1715 = PLANE('',#1716);
#1716 = AXIS2_PLACEMENT_3D('',#1717,#1718,#1719);
#1717 = CARTESIAN_POINT('',(-72.,45.663030787577,19.5));
#1718 = DIRECTION('',(-0.707106781187,-0.,-0.707106781187));
#1719 = DIRECTION('',(0.,1.,0.));
#1720 = ADVANCED_FACE('',(#1721),#1740,.T.);
#1721 = FACE_BOUND('',#1722,.T.);
#1722 = EDGE_LOOP('',(#1723,#1724,#1725,#1733));
#1723 = ORIENTED_EDGE('',*,*,#1678,.F.);
#1724 = ORIENTED_EDGE('',*,*,#252,.T.);
#1725 = ORIENTED_EDGE('',*,*,#1726,.T.);
#1726 = EDGE_CURVE('',#253,#1727,#1729,.T.);
#1727 = VERTEX_POINT('',#1728);
#1728 = CARTESIAN_POINT('',(-62.5,52.013883748663,19.));
#1729 = LINE('',#1730,#1731);
#1730 = CARTESIAN_POINT('',(-62.5,52.013883748663,19.));
#1731 = VECTOR('',#1732,1.);
#1732 = DIRECTION('',(0.353553390593,-0.612372435696,-0.707106781187));
#1733 = ORIENTED_EDGE('',*,*,#1734,.F.);
#1734 = EDGE_CURVE('',#1679,#1727,#1735,.T.);
#1735 = CIRCLE('',#1736,7.);
#1736 = AXIS2_PLACEMENT_3D('',#1737,#1738,#1739);
#1737 = CARTESIAN_POINT('',(-66.,58.076061575154,19.));
#1738 = DIRECTION('',(0.,0.,-1.));
#1739 = DIRECTION('',(1.,-1.02E-15,0.));
#1740 = CONICAL_SURFACE('',#1741,7.,0.785398163397);
#1741 = AXIS2_PLACEMENT_3D('',#1742,#1743,#1744);
#1742 = CARTESIAN_POINT('',(-66.,58.076061575154,19.));
#1743 = DIRECTION('',(0.,0.,-1.));
#1744 = DIRECTION('',(1.,-1.02E-15,0.));
#1745 = ADVANCED_FACE('',(#1746),#1765,.F.);
#1746 = FACE_BOUND('',#1747,.T.);
#1747 = EDGE_LOOP('',(#1748,#1756,#1757,#1758));
#1748 = ORIENTED_EDGE('',*,*,#1749,.F.);
#1749 = EDGE_CURVE('',#262,#1750,#1752,.T.);
#1750 = VERTEX_POINT('',#1751);
#1751 = CARTESIAN_POINT('',(-70.5,47.395081595146,19.));
#1752 = LINE('',#1753,#1754);
#1753 = CARTESIAN_POINT('',(-70.75,47.828094297038,19.5));
#1754 = VECTOR('',#1755,1.);
#1755 = DIRECTION('',(0.353553390593,-0.612372435696,-0.707106781187));
#1756 = ORIENTED_EDGE('',*,*,#269,.T.);
#1757 = ORIENTED_EDGE('',*,*,#1700,.T.);
#1758 = ORIENTED_EDGE('',*,*,#1759,.F.);
#1759 = EDGE_CURVE('',#1750,#1701,#1760,.T.);
#1760 = CIRCLE('',#1761,2.);
#1761 = AXIS2_PLACEMENT_3D('',#1762,#1763,#1764);
#1762 = CARTESIAN_POINT('',(-69.5,45.663030787577,19.));
#1763 = DIRECTION('',(0.,0.,1.));
#1764 = DIRECTION('',(-0.5,0.866025403784,0.));
#1765 = CONICAL_SURFACE('',#1766,2.,0.785398163397);
#1766 = AXIS2_PLACEMENT_3D('',#1767,#1768,#1769);
#1767 = CARTESIAN_POINT('',(-69.5,45.663030787577,19.));
#1768 = DIRECTION('',(0.,0.,1.));
#1769 = DIRECTION('',(-0.5,0.866025403784,0.));
#1770 = ADVANCED_FACE('',(#1771),#1782,.F.);
#1771 = FACE_BOUND('',#1772,.T.);
#1772 = EDGE_LOOP('',(#1773,#1774,#1775,#1776));
#1773 = ORIENTED_EDGE('',*,*,#1726,.F.);
#1774 = ORIENTED_EDGE('',*,*,#261,.T.);
#1775 = ORIENTED_EDGE('',*,*,#1749,.T.);
#1776 = ORIENTED_EDGE('',*,*,#1777,.F.);
#1777 = EDGE_CURVE('',#1727,#1750,#1778,.T.);
#1778 = LINE('',#1779,#1780);
#1779 = CARTESIAN_POINT('',(-62.5,52.013883748663,19.));
#1780 = VECTOR('',#1781,1.);
#1781 = DIRECTION('',(-0.866025403784,-0.5,-0.));
#1782 = PLANE('',#1783);
#1783 = AXIS2_PLACEMENT_3D('',#1784,#1785,#1786);
#1784 = CARTESIAN_POINT('',(-62.75,52.446896450555,19.5));
#1785 = DIRECTION('',(-0.353553390593,0.612372435696,-0.707106781187));
#1786 = DIRECTION('',(0.866025403784,0.5,5.551115123126E-17));
#1787 = ADVANCED_FACE('',(#1788),#1807,.F.);
#1788 = FACE_BOUND('',#1789,.F.);
#1789 = EDGE_LOOP('',(#1790,#1791,#1792,#1800));
#1790 = ORIENTED_EDGE('',*,*,#414,.T.);
#1791 = ORIENTED_EDGE('',*,*,#329,.T.);
#1792 = ORIENTED_EDGE('',*,*,#1793,.F.);
#1793 = EDGE_CURVE('',#1794,#330,#1796,.T.);
#1794 = VERTEX_POINT('',#1795);
#1795 = CARTESIAN_POINT('',(-64.5,55.477985363801,0.4));
#1796 = LINE('',#1797,#1798);
#1797 = CARTESIAN_POINT('',(-64.5,55.477985363801,0.));
#1798 = VECTOR('',#1799,1.);
#1799 = DIRECTION('',(0.,0.,1.));
#1800 = ORIENTED_EDGE('',*,*,#1801,.F.);
#1801 = EDGE_CURVE('',#415,#1794,#1802,.T.);
#1802 = CIRCLE('',#1803,3.);
#1803 = AXIS2_PLACEMENT_3D('',#1804,#1805,#1806);
#1804 = CARTESIAN_POINT('',(-66.,58.076061575154,0.4));
#1805 = DIRECTION('',(0.,0.,-1.));
#1806 = DIRECTION('',(1.,-0.,0.));
#1807 = CYLINDRICAL_SURFACE('',#1808,3.);
#1808 = AXIS2_PLACEMENT_3D('',#1809,#1810,#1811);
#1809 = CARTESIAN_POINT('',(-66.,58.076061575154,0.));
#1810 = DIRECTION('',(0.,0.,-1.));
#1811 = DIRECTION('',(-1.,0.,0.));
#1812 = ADVANCED_FACE('',(#1813),#1831,.T.);
#1813 = FACE_BOUND('',#1814,.F.);
#1814 = EDGE_LOOP('',(#1815,#1816,#1817,#1825));
#1815 = ORIENTED_EDGE('',*,*,#1793,.T.);
#1816 = ORIENTED_EDGE('',*,*,#338,.T.);
#1817 = ORIENTED_EDGE('',*,*,#1818,.F.);
#1818 = EDGE_CURVE('',#1819,#339,#1821,.T.);
#1819 = VERTEX_POINT('',#1820);
#1820 = CARTESIAN_POINT('',(-72.5,50.859183210284,0.4));
#1821 = LINE('',#1822,#1823);
#1822 = CARTESIAN_POINT('',(-72.5,50.859183210284,0.));
#1823 = VECTOR('',#1824,1.);
#1824 = DIRECTION('',(0.,0.,1.));
#1825 = ORIENTED_EDGE('',*,*,#1826,.F.);
#1826 = EDGE_CURVE('',#1794,#1819,#1827,.T.);
#1827 = LINE('',#1828,#1829);
#1828 = CARTESIAN_POINT('',(-64.5,55.477985363801,0.4));
#1829 = VECTOR('',#1830,1.);
#1830 = DIRECTION('',(-0.866025403784,-0.5,-0.));
#1831 = PLANE('',#1832);
#1832 = AXIS2_PLACEMENT_3D('',#1833,#1834,#1835);
#1833 = CARTESIAN_POINT('',(-64.5,55.477985363801,0.));
#1834 = DIRECTION('',(-0.5,0.866025403784,0.));
#1835 = DIRECTION('',(0.866025403784,0.5,0.));
#1836 = ADVANCED_FACE('',(#1837),#1856,.T.);
#1837 = FACE_BOUND('',#1838,.T.);
#1838 = EDGE_LOOP('',(#1839,#1847,#1848,#1849));
#1839 = ORIENTED_EDGE('',*,*,#1840,.T.);
#1840 = EDGE_CURVE('',#1841,#347,#1843,.T.);
#1841 = VERTEX_POINT('',#1842);
#1842 = CARTESIAN_POINT('',(-75.5,45.663030787577,0.4));
#1843 = LINE('',#1844,#1845);
#1844 = CARTESIAN_POINT('',(-75.5,45.663030787577,0.));
#1845 = VECTOR('',#1846,1.);
#1846 = DIRECTION('',(0.,0.,1.));
#1847 = ORIENTED_EDGE('',*,*,#346,.T.);
#1848 = ORIENTED_EDGE('',*,*,#1818,.F.);
#1849 = ORIENTED_EDGE('',*,*,#1850,.T.);
#1850 = EDGE_CURVE('',#1819,#1841,#1851,.T.);
#1851 = CIRCLE('',#1852,6.);
#1852 = AXIS2_PLACEMENT_3D('',#1853,#1854,#1855);
#1853 = CARTESIAN_POINT('',(-69.5,45.663030787577,0.4));
#1854 = DIRECTION('',(0.,0.,1.));
#1855 = DIRECTION('',(-0.5,0.866025403784,-0.));
#1856 = CYLINDRICAL_SURFACE('',#1857,6.);
#1857 = AXIS2_PLACEMENT_3D('',#1858,#1859,#1860);
#1858 = CARTESIAN_POINT('',(-69.5,45.663030787577,0.));
#1859 = DIRECTION('',(0.,0.,-1.));
#1860 = DIRECTION('',(-1.,0.,0.));
#1861 = ADVANCED_FACE('',(#1862),#1880,.T.);
#1862 = FACE_BOUND('',#1863,.F.);
#1863 = EDGE_LOOP('',(#1864,#1865,#1866,#1874));
#1864 = ORIENTED_EDGE('',*,*,#1840,.T.);
#1865 = ORIENTED_EDGE('',*,*,#355,.T.);
#1866 = ORIENTED_EDGE('',*,*,#1867,.F.);
#1867 = EDGE_CURVE('',#1868,#356,#1870,.T.);
#1868 = VERTEX_POINT('',#1869);
#1869 = CARTESIAN_POINT('',(-75.5,36.413030787577,0.4));
#1870 = LINE('',#1871,#1872);
#1871 = CARTESIAN_POINT('',(-75.5,36.413030787577,0.));
#1872 = VECTOR('',#1873,1.);
#1873 = DIRECTION('',(0.,0.,1.));
#1874 = ORIENTED_EDGE('',*,*,#1875,.F.);
#1875 = EDGE_CURVE('',#1841,#1868,#1876,.T.);
#1876 = LINE('',#1877,#1878);
#1877 = CARTESIAN_POINT('',(-75.5,45.663030787577,0.4));
#1878 = VECTOR('',#1879,1.);
#1879 = DIRECTION('',(-0.,-1.,-0.));
#1880 = PLANE('',#1881);
#1881 = AXIS2_PLACEMENT_3D('',#1882,#1883,#1884);
#1882 = CARTESIAN_POINT('',(-75.5,45.663030787577,0.));
#1883 = DIRECTION('',(-1.,-0.,-0.));
#1884 = DIRECTION('',(0.,1.,0.));
#1885 = ADVANCED_FACE('',(#1886),#1905,.T.);
#1886 = FACE_BOUND('',#1887,.T.);
#1887 = EDGE_LOOP('',(#1888,#1896,#1897,#1898));
#1888 = ORIENTED_EDGE('',*,*,#1889,.T.);
#1889 = EDGE_CURVE('',#1890,#364,#1892,.T.);
#1890 = VERTEX_POINT('',#1891);
#1891 = CARTESIAN_POINT('',(-72.5,31.21687836487,0.4));
#1892 = LINE('',#1893,#1894);
#1893 = CARTESIAN_POINT('',(-72.5,31.21687836487,0.));
#1894 = VECTOR('',#1895,1.);
#1895 = DIRECTION('',(0.,0.,1.));
#1896 = ORIENTED_EDGE('',*,*,#363,.T.);
#1897 = ORIENTED_EDGE('',*,*,#1867,.F.);
#1898 = ORIENTED_EDGE('',*,*,#1899,.T.);
#1899 = EDGE_CURVE('',#1868,#1890,#1900,.T.);
#1900 = CIRCLE('',#1901,6.);
#1901 = AXIS2_PLACEMENT_3D('',#1902,#1903,#1904);
#1902 = CARTESIAN_POINT('',(-69.5,36.413030787577,0.4));
#1903 = DIRECTION('',(0.,0.,1.));
#1904 = DIRECTION('',(-1.,0.,0.));
#1905 = CYLINDRICAL_SURFACE('',#1906,6.);
#1906 = AXIS2_PLACEMENT_3D('',#1907,#1908,#1909);
#1907 = CARTESIAN_POINT('',(-69.5,36.413030787577,0.));
#1908 = DIRECTION('',(0.,0.,-1.));
#1909 = DIRECTION('',(-1.,0.,0.));
#1910 = ADVANCED_FACE('',(#1911),#1929,.T.);
#1911 = FACE_BOUND('',#1912,.F.);
#1912 = EDGE_LOOP('',(#1913,#1914,#1915,#1923));
#1913 = ORIENTED_EDGE('',*,*,#1889,.T.);
#1914 = ORIENTED_EDGE('',*,*,#372,.T.);
#1915 = ORIENTED_EDGE('',*,*,#1916,.F.);
#1916 = EDGE_CURVE('',#1917,#373,#1919,.T.);
#1917 = VERTEX_POINT('',#1918);
#1918 = CARTESIAN_POINT('',(-64.5,26.598076211353,0.4));
#1919 = LINE('',#1920,#1921);
#1920 = CARTESIAN_POINT('',(-64.5,26.598076211353,0.));
#1921 = VECTOR('',#1922,1.);
#1922 = DIRECTION('',(0.,0.,1.));
#1923 = ORIENTED_EDGE('',*,*,#1924,.F.);
#1924 = EDGE_CURVE('',#1890,#1917,#1925,.T.);
#1925 = LINE('',#1926,#1927);
#1926 = CARTESIAN_POINT('',(-72.5,31.21687836487,0.4));
#1927 = VECTOR('',#1928,1.);
#1928 = DIRECTION('',(0.866025403784,-0.5,0.));
#1929 = PLANE('',#1930);
#1930 = AXIS2_PLACEMENT_3D('',#1931,#1932,#1933);
#1931 = CARTESIAN_POINT('',(-72.5,31.21687836487,0.));
#1932 = DIRECTION('',(-0.5,-0.866025403784,-0.));
#1933 = DIRECTION('',(-0.866025403784,0.5,0.));
#1934 = ADVANCED_FACE('',(#1935),#1954,.F.);
#1935 = FACE_BOUND('',#1936,.F.);
#1936 = EDGE_LOOP('',(#1937,#1938,#1939,#1947));
#1937 = ORIENTED_EDGE('',*,*,#1916,.T.);
#1938 = ORIENTED_EDGE('',*,*,#380,.T.);
#1939 = ORIENTED_EDGE('',*,*,#1940,.F.);
#1940 = EDGE_CURVE('',#1941,#381,#1943,.T.);
#1941 = VERTEX_POINT('',#1942);
#1942 = CARTESIAN_POINT('',(-63.,24.,0.4));
#1943 = LINE('',#1944,#1945);
#1944 = CARTESIAN_POINT('',(-63.,24.,0.));
#1945 = VECTOR('',#1946,1.);
#1946 = DIRECTION('',(0.,0.,1.));
#1947 = ORIENTED_EDGE('',*,*,#1948,.F.);
#1948 = EDGE_CURVE('',#1917,#1941,#1949,.T.);
#1949 = CIRCLE('',#1950,3.);
#1950 = AXIS2_PLACEMENT_3D('',#1951,#1952,#1953);
#1951 = CARTESIAN_POINT('',(-66.,24.,0.4));
#1952 = DIRECTION('',(0.,0.,-1.));
#1953 = DIRECTION('',(0.5,0.866025403784,0.));
#1954 = CYLINDRICAL_SURFACE('',#1955,3.);
#1955 = AXIS2_PLACEMENT_3D('',#1956,#1957,#1958);
#1956 = CARTESIAN_POINT('',(-66.,24.,0.));
#1957 = DIRECTION('',(0.,0.,-1.));
#1958 = DIRECTION('',(-1.,0.,0.));
#1959 = ADVANCED_FACE('',(#1960),#1973,.F.);
#1960 = FACE_BOUND('',#1961,.T.);
#1961 = EDGE_LOOP('',(#1962,#1963,#1964,#1965,#1966,#1967));
#1962 = ORIENTED_EDGE('',*,*,#662,.T.);
#1963 = ORIENTED_EDGE('',*,*,#755,.T.);
#1964 = ORIENTED_EDGE('',*,*,#780,.T.);
#1965 = ORIENTED_EDGE('',*,*,#389,.T.);
#1966 = ORIENTED_EDGE('',*,*,#1940,.F.);
#1967 = ORIENTED_EDGE('',*,*,#1968,.T.);
#1968 = EDGE_CURVE('',#1941,#655,#1969,.T.);
#1969 = LINE('',#1970,#1971);
#1970 = CARTESIAN_POINT('',(-63.,24.,0.4));
#1971 = VECTOR('',#1972,1.);
#1972 = DIRECTION('',(0.,-1.,-0.));
#1973 = PLANE('',#1974);
#1974 = AXIS2_PLACEMENT_3D('',#1975,#1976,#1977);
#1975 = CARTESIAN_POINT('',(-63.,0.,0.));
#1976 = DIRECTION('',(1.,0.,0.));
#1977 = DIRECTION('',(0.,-1.,0.));
#1978 = ADVANCED_FACE('',(#1979),#2004,.T.);
#1979 = FACE_BOUND('',#1980,.T.);
#1980 = EDGE_LOOP('',(#1981,#1989,#1990,#1998));
#1981 = ORIENTED_EDGE('',*,*,#1982,.F.);
#1982 = EDGE_CURVE('',#437,#1983,#1985,.T.);
#1983 = VERTEX_POINT('',#1984);
#1984 = CARTESIAN_POINT('',(-25.1,67.5,7.200000000002));
#1985 = LINE('',#1986,#1987);
#1986 = CARTESIAN_POINT('',(-22.45,70.15,9.850000000002));
#1987 = VECTOR('',#1988,1.);
#1988 = DIRECTION('',(0.57735026919,0.57735026919,0.57735026919));
#1989 = ORIENTED_EDGE('',*,*,#444,.T.);
#1990 = ORIENTED_EDGE('',*,*,#1991,.T.);
#1991 = EDGE_CURVE('',#445,#1992,#1994,.T.);
#1992 = VERTEX_POINT('',#1993);
#1993 = CARTESIAN_POINT('',(-25.1,67.5,12.800000000002));
#1994 = LINE('',#1995,#1996);
#1995 = CARTESIAN_POINT('',(-24.63333333333,67.966666666667,
    12.333333333335));
#1996 = VECTOR('',#1997,1.);
#1997 = DIRECTION('',(0.57735026919,0.57735026919,-0.57735026919));
#1998 = ORIENTED_EDGE('',*,*,#1999,.F.);
#1999 = EDGE_CURVE('',#1983,#1992,#2000,.T.);
#2000 = LINE('',#2001,#2002);
#2001 = CARTESIAN_POINT('',(-25.1,67.5,5.800000000002));
#2002 = VECTOR('',#2003,1.);
#2003 = DIRECTION('',(0.,0.,1.));
#2004 = PLANE('',#2005);
#2005 = AXIS2_PLACEMENT_3D('',#2006,#2007,#2008);
#2006 = CARTESIAN_POINT('',(-25.8,66.8,5.800000000002));
#2007 = DIRECTION('',(-0.707106781187,0.707106781187,0.));
#2008 = DIRECTION('',(0.,0.,1.));
#2009 = ADVANCED_FACE('',(#2010),#2028,.T.);
#2010 = FACE_BOUND('',#2011,.T.);
#2011 = EDGE_LOOP('',(#2012,#2020,#2021,#2022));
#2012 = ORIENTED_EDGE('',*,*,#2013,.F.);
#2013 = EDGE_CURVE('',#468,#2014,#2016,.T.);
#2014 = VERTEX_POINT('',#2015);
#2015 = CARTESIAN_POINT('',(-6.4,67.5,7.200000000002));
#2016 = LINE('',#2017,#2018);
#2017 = CARTESIAN_POINT('',(-6.866666666667,67.966666666667,
    7.666666666669));
#2018 = VECTOR('',#2019,1.);
#2019 = DIRECTION('',(-0.57735026919,0.57735026919,0.57735026919));
#2020 = ORIENTED_EDGE('',*,*,#475,.T.);
#2021 = ORIENTED_EDGE('',*,*,#1982,.T.);
#2022 = ORIENTED_EDGE('',*,*,#2023,.F.);
#2023 = EDGE_CURVE('',#2014,#1983,#2024,.T.);
#2024 = LINE('',#2025,#2026);
#2025 = CARTESIAN_POINT('',(-5.,67.5,7.200000000002));
#2026 = VECTOR('',#2027,1.);
#2027 = DIRECTION('',(-1.,-0.,-0.));
#2028 = PLANE('',#2029);
#2029 = AXIS2_PLACEMENT_3D('',#2030,#2031,#2032);
#2030 = CARTESIAN_POINT('',(-5.,66.8,6.500000000002));
#2031 = DIRECTION('',(0.,0.707106781187,-0.707106781187));
#2032 = DIRECTION('',(-1.,0.,0.));
#2033 = ADVANCED_FACE('',(#2034),#2052,.T.);
#2034 = FACE_BOUND('',#2035,.T.);
#2035 = EDGE_LOOP('',(#2036,#2044,#2045,#2046));
#2036 = ORIENTED_EDGE('',*,*,#2037,.F.);
#2037 = EDGE_CURVE('',#492,#2038,#2040,.T.);
#2038 = VERTEX_POINT('',#2039);
#2039 = CARTESIAN_POINT('',(-6.4,67.5,12.800000000002));
#2040 = LINE('',#2041,#2042);
#2041 = CARTESIAN_POINT('',(-9.05,70.15,10.150000000002));
#2042 = VECTOR('',#2043,1.);
#2043 = DIRECTION('',(-0.57735026919,0.57735026919,-0.57735026919));
#2044 = ORIENTED_EDGE('',*,*,#499,.T.);
#2045 = ORIENTED_EDGE('',*,*,#2013,.T.);
#2046 = ORIENTED_EDGE('',*,*,#2047,.F.);
#2047 = EDGE_CURVE('',#2038,#2014,#2048,.T.);
#2048 = LINE('',#2049,#2050);
#2049 = CARTESIAN_POINT('',(-6.4,67.5,14.200000000002));
#2050 = VECTOR('',#2051,1.);
#2051 = DIRECTION('',(-0.,-0.,-1.));
#2052 = PLANE('',#2053);
#2053 = AXIS2_PLACEMENT_3D('',#2054,#2055,#2056);
#2054 = CARTESIAN_POINT('',(-5.7,66.8,14.200000000002));
#2055 = DIRECTION('',(0.707106781187,0.707106781187,-1.E-17));
#2056 = DIRECTION('',(-7.071067811865E-18,-7.071067811865E-18,-1.));
#2057 = ADVANCED_FACE('',(#2058),#2069,.T.);
#2058 = FACE_BOUND('',#2059,.T.);
#2059 = EDGE_LOOP('',(#2060,#2061,#2062,#2063));
#2060 = ORIENTED_EDGE('',*,*,#1991,.F.);
#2061 = ORIENTED_EDGE('',*,*,#516,.T.);
#2062 = ORIENTED_EDGE('',*,*,#2037,.T.);
#2063 = ORIENTED_EDGE('',*,*,#2064,.F.);
#2064 = EDGE_CURVE('',#1992,#2038,#2065,.T.);
#2065 = LINE('',#2066,#2067);
#2066 = CARTESIAN_POINT('',(-26.5,67.5,12.800000000002));
#2067 = VECTOR('',#2068,1.);
#2068 = DIRECTION('',(1.,0.,0.));
#2069 = PLANE('',#2070);
#2070 = AXIS2_PLACEMENT_3D('',#2071,#2072,#2073);
#2071 = CARTESIAN_POINT('',(-26.5,66.8,13.500000000002));
#2072 = DIRECTION('',(0.,0.707106781187,0.707106781187));
#2073 = DIRECTION('',(1.,0.,0.));
#2074 = ADVANCED_FACE('',(#2075,#2086),#2089,.F.);
#2075 = FACE_BOUND('',#2076,.T.);
#2076 = EDGE_LOOP('',(#2077));
#2077 = ORIENTED_EDGE('',*,*,#2078,.F.);
#2078 = EDGE_CURVE('',#2079,#2079,#2081,.T.);
#2079 = VERTEX_POINT('',#2080);
#2080 = CARTESIAN_POINT('',(-34.5,63.,10.));
#2081 = CIRCLE('',#2082,3.);
#2082 = AXIS2_PLACEMENT_3D('',#2083,#2084,#2085);
#2083 = CARTESIAN_POINT('',(-31.5,63.,10.));
#2084 = DIRECTION('',(0.,1.,-0.));
#2085 = DIRECTION('',(-1.,0.,-0.));
#2086 = FACE_BOUND('',#2087,.T.);
#2087 = EDGE_LOOP('',(#2088));
#2088 = ORIENTED_EDGE('',*,*,#532,.T.);
#2089 = PLANE('',#2090);
#2090 = AXIS2_PLACEMENT_3D('',#2091,#2092,#2093);
#2091 = CARTESIAN_POINT('',(-31.5,63.,10.));
#2092 = DIRECTION('',(0.,1.,0.));
#2093 = DIRECTION('',(0.,0.,-1.));
#2094 = ADVANCED_FACE('',(#2095),#2120,.T.);
#2095 = FACE_BOUND('',#2096,.T.);
#2096 = EDGE_LOOP('',(#2097,#2105,#2106,#2114));
#2097 = ORIENTED_EDGE('',*,*,#2098,.F.);
#2098 = EDGE_CURVE('',#558,#2099,#2101,.T.);
#2099 = VERTEX_POINT('',#2100);
#2100 = CARTESIAN_POINT('',(-56.59999999995,67.5,7.200000000002));
#2101 = LINE('',#2102,#2103);
#2102 = CARTESIAN_POINT('',(-53.94999999995,70.15,9.850000000002));
#2103 = VECTOR('',#2104,1.);
#2104 = DIRECTION('',(0.57735026919,0.57735026919,0.57735026919));
#2105 = ORIENTED_EDGE('',*,*,#565,.T.);
#2106 = ORIENTED_EDGE('',*,*,#2107,.T.);
#2107 = EDGE_CURVE('',#566,#2108,#2110,.T.);
#2108 = VERTEX_POINT('',#2109);
#2109 = CARTESIAN_POINT('',(-56.59999999995,67.5,12.800000000002));
#2110 = LINE('',#2111,#2112);
#2111 = CARTESIAN_POINT('',(-56.13333333329,67.966666666667,
    12.333333333335));
#2112 = VECTOR('',#2113,1.);
#2113 = DIRECTION('',(0.57735026919,0.57735026919,-0.57735026919));
#2114 = ORIENTED_EDGE('',*,*,#2115,.F.);
#2115 = EDGE_CURVE('',#2099,#2108,#2116,.T.);
#2116 = LINE('',#2117,#2118);
#2117 = CARTESIAN_POINT('',(-56.59999999995,67.5,5.800000000002));
#2118 = VECTOR('',#2119,1.);
#2119 = DIRECTION('',(0.,0.,1.));
#2120 = PLANE('',#2121);
#2121 = AXIS2_PLACEMENT_3D('',#2122,#2123,#2124);
#2122 = CARTESIAN_POINT('',(-57.29999999995,66.8,5.800000000002));
#2123 = DIRECTION('',(-0.707106781187,0.707106781187,0.));
#2124 = DIRECTION('',(0.,0.,1.));
#2125 = ADVANCED_FACE('',(#2126),#2144,.T.);
#2126 = FACE_BOUND('',#2127,.T.);
#2127 = EDGE_LOOP('',(#2128,#2136,#2137,#2138));
#2128 = ORIENTED_EDGE('',*,*,#2129,.F.);
#2129 = EDGE_CURVE('',#589,#2130,#2132,.T.);
#2130 = VERTEX_POINT('',#2131);
#2131 = CARTESIAN_POINT('',(-37.89999999995,67.5,7.200000000002));
#2132 = LINE('',#2133,#2134);
#2133 = CARTESIAN_POINT('',(-38.36666666662,67.966666666667,
    7.666666666669));
#2134 = VECTOR('',#2135,1.);
#2135 = DIRECTION('',(-0.57735026919,0.57735026919,0.57735026919));
#2136 = ORIENTED_EDGE('',*,*,#596,.T.);
#2137 = ORIENTED_EDGE('',*,*,#2098,.T.);
#2138 = ORIENTED_EDGE('',*,*,#2139,.F.);
#2139 = EDGE_CURVE('',#2130,#2099,#2140,.T.);
#2140 = LINE('',#2141,#2142);
#2141 = CARTESIAN_POINT('',(-36.49999999995,67.5,7.200000000002));
#2142 = VECTOR('',#2143,1.);
#2143 = DIRECTION('',(-1.,-0.,-0.));
#2144 = PLANE('',#2145);
#2145 = AXIS2_PLACEMENT_3D('',#2146,#2147,#2148);
#2146 = CARTESIAN_POINT('',(-36.49999999995,66.8,6.500000000002));
#2147 = DIRECTION('',(0.,0.707106781187,-0.707106781187));
#2148 = DIRECTION('',(-1.,0.,0.));
#2149 = ADVANCED_FACE('',(#2150),#2168,.T.);
#2150 = FACE_BOUND('',#2151,.T.);
#2151 = EDGE_LOOP('',(#2152,#2160,#2161,#2162));
#2152 = ORIENTED_EDGE('',*,*,#2153,.F.);
#2153 = EDGE_CURVE('',#613,#2154,#2156,.T.);
#2154 = VERTEX_POINT('',#2155);
#2155 = CARTESIAN_POINT('',(-37.89999999995,67.5,12.800000000002));
#2156 = LINE('',#2157,#2158);
#2157 = CARTESIAN_POINT('',(-40.54999999995,70.15,10.150000000002));
#2158 = VECTOR('',#2159,1.);
#2159 = DIRECTION('',(-0.57735026919,0.57735026919,-0.57735026919));
#2160 = ORIENTED_EDGE('',*,*,#620,.T.);
#2161 = ORIENTED_EDGE('',*,*,#2129,.T.);
#2162 = ORIENTED_EDGE('',*,*,#2163,.F.);
#2163 = EDGE_CURVE('',#2154,#2130,#2164,.T.);
#2164 = LINE('',#2165,#2166);
#2165 = CARTESIAN_POINT('',(-37.89999999995,67.5,14.200000000002));
#2166 = VECTOR('',#2167,1.);
#2167 = DIRECTION('',(-0.,-0.,-1.));
#2168 = PLANE('',#2169);
#2169 = AXIS2_PLACEMENT_3D('',#2170,#2171,#2172);
#2170 = CARTESIAN_POINT('',(-37.19999999995,66.8,14.200000000002));
#2171 = DIRECTION('',(0.707106781187,0.707106781187,0.));
#2172 = DIRECTION('',(0.,0.,-1.));
#2173 = ADVANCED_FACE('',(#2174),#2185,.T.);
#2174 = FACE_BOUND('',#2175,.T.);
#2175 = EDGE_LOOP('',(#2176,#2177,#2178,#2179));
#2176 = ORIENTED_EDGE('',*,*,#2107,.F.);
#2177 = ORIENTED_EDGE('',*,*,#637,.T.);
#2178 = ORIENTED_EDGE('',*,*,#2153,.T.);
#2179 = ORIENTED_EDGE('',*,*,#2180,.F.);
#2180 = EDGE_CURVE('',#2108,#2154,#2181,.T.);
#2181 = LINE('',#2182,#2183);
#2182 = CARTESIAN_POINT('',(-57.99999999995,67.5,12.800000000002));
#2183 = VECTOR('',#2184,1.);
#2184 = DIRECTION('',(1.,0.,0.));
#2185 = PLANE('',#2186);
#2186 = AXIS2_PLACEMENT_3D('',#2187,#2188,#2189);
#2187 = CARTESIAN_POINT('',(-57.99999999995,66.8,13.500000000002));
#2188 = DIRECTION('',(0.,0.707106781187,0.707106781187));
#2189 = DIRECTION('',(1.,0.,0.));
#2190 = ADVANCED_FACE('',(#2191),#2202,.T.);
#2191 = FACE_BOUND('',#2192,.F.);
#2192 = EDGE_LOOP('',(#2193,#2194,#2195,#2201));
#2193 = ORIENTED_EDGE('',*,*,#712,.T.);
#2194 = ORIENTED_EDGE('',*,*,#871,.T.);
#2195 = ORIENTED_EDGE('',*,*,#2196,.T.);
#2196 = EDGE_CURVE('',#864,#655,#2197,.T.);
#2197 = LINE('',#2198,#2199);
#2198 = CARTESIAN_POINT('',(-49.03333333333,17.966666666667,
    -13.56666666666));
#2199 = VECTOR('',#2200,1.);
#2200 = DIRECTION('',(-0.57735026919,-0.57735026919,0.57735026919));
#2201 = ORIENTED_EDGE('',*,*,#654,.F.);
#2202 = PLANE('',#2203);
#2203 = AXIS2_PLACEMENT_3D('',#2204,#2205,#2206);
#2204 = CARTESIAN_POINT('',(0.,4.2,0.2));
#2205 = DIRECTION('',(0.,-0.707106781187,-0.707106781187));
#2206 = DIRECTION('',(1.,0.,-0.));
#2207 = ADVANCED_FACE('',(#2208),#2276,.F.);
#2208 = FACE_BOUND('',#2209,.T.);
#2209 = EDGE_LOOP('',(#2210,#2211,#2219,#2273,#2274,#2275));
#2210 = ORIENTED_EDGE('',*,*,#738,.F.);
#2211 = ORIENTED_EDGE('',*,*,#2212,.T.);
#2212 = EDGE_CURVE('',#739,#2213,#2215,.T.);
#2213 = VERTEX_POINT('',#2214);
#2214 = CARTESIAN_POINT('',(-33.2,9.460607985831,10.));
#2215 = LINE('',#2216,#2217);
#2216 = CARTESIAN_POINT('',(-33.2,2.22E-15,10.));
#2217 = VECTOR('',#2218,1.);
#2218 = DIRECTION('',(0.,1.,-2.2E-16));
#2219 = ORIENTED_EDGE('',*,*,#2220,.T.);
#2220 = EDGE_CURVE('',#2213,#2213,#2221,.T.);
#2221 = B_SPLINE_CURVE_WITH_KNOTS('',8,(#2222,#2223,#2224,#2225,#2226,
    #2227,#2228,#2229,#2230,#2231,#2232,#2233,#2234,#2235,#2236,#2237,
    #2238,#2239,#2240,#2241,#2242,#2243,#2244,#2245,#2246,#2247,#2248,
    #2249,#2250,#2251,#2252,#2253,#2254,#2255,#2256,#2257,#2258,#2259,
    #2260,#2261,#2262,#2263,#2264,#2265,#2266,#2267,#2268,#2269,#2270,
    #2271,#2272),.UNSPECIFIED.,.T.,.F.,(9,7,7,7,7,7,7,9),(0.,
    0.104581140277,0.247256552047,0.394733940928,0.530134855723,
    0.752622595735,0.901599295178,1.),.UNSPECIFIED.);
#2222 = CARTESIAN_POINT('',(-33.2,9.460607985831,10.));
#2223 = CARTESIAN_POINT('',(-33.2,9.411043441678,10.157605205558));
#2224 = CARTESIAN_POINT('',(-33.18330115894,9.364655743183,
    10.315507465455));
#2225 = CARTESIAN_POINT('',(-33.14979391109,9.322268266704,
    10.470939300077));
#2226 = CARTESIAN_POINT('',(-33.10008929573,9.284382943319,
    10.621163572524));
#2227 = CARTESIAN_POINT('',(-33.0354831512,9.251159408961,10.76360575523
    ));
#2228 = CARTESIAN_POINT('',(-32.95793987604,9.222481098136,
    10.896007715792));
#2229 = CARTESIAN_POINT('',(-32.87008412638,9.198056144541,
    11.016592572625));
#2230 = CARTESIAN_POINT('',(-32.64572735802,9.149458414286,
    11.271075373126));
#2231 = CARTESIAN_POINT('',(-32.50150351813,9.128258288399,
    11.395707831133));
#2232 = CARTESIAN_POINT('',(-32.34651483721,9.112443481392,
    11.498389918165));
#2233 = CARTESIAN_POINT('',(-32.18385301413,9.100871445132,
    11.579631360078));
#2234 = CARTESIAN_POINT('',(-32.01598023358,9.092725766936,
    11.640006725849));
#2235 = CARTESIAN_POINT('',(-31.84491843005,9.087479695173,
    11.680020371483));
#2236 = CARTESIAN_POINT('',(-31.67239644102,9.084860061502,11.7));
#2237 = CARTESIAN_POINT('',(-31.32180127143,9.084860061502,11.7));
#2238 = CARTESIAN_POINT('',(-31.14340497359,9.087659008473,
    11.678653028196));
#2239 = CARTESIAN_POINT('',(-30.96658392912,9.093267829594,
    11.635871626766));
#2240 = CARTESIAN_POINT('',(-30.79328446484,9.101999957692,
    11.571272583124));
#2241 = CARTESIAN_POINT('',(-30.6257961599,9.114456517764,
    11.484291500258));
#2242 = CARTESIAN_POINT('',(-30.46691596827,9.131571306528,
    11.374308406341));
#2243 = CARTESIAN_POINT('',(-30.32016640525,9.154650630472,
    11.240810831873));
#2244 = CARTESIAN_POINT('',(-30.07073706013,9.213522195112,
    10.939302547531));
#2245 = CARTESIAN_POINT('',(-29.96352456557,9.248569879502,
    10.772706630456));
#2246 = CARTESIAN_POINT('',(-29.87640808984,9.291271846673,
    10.586893690899));
#2247 = CARTESIAN_POINT('',(-29.81493668845,9.342072900267,
    10.386967663419));
#2248 = CARTESIAN_POINT('',(-29.78229440359,9.400682652672,
    10.179279844585));
#2249 = CARTESIAN_POINT('',(-29.77931363981,9.46568694495,9.970716305556
    ));
#2250 = CARTESIAN_POINT('',(-29.80441724279,9.534502217695,
    9.768036031831));
#2251 = CARTESIAN_POINT('',(-29.933910166,9.71822387555,9.263694394403)
  );
#2252 = CARTESIAN_POINT('',(-30.07812354909,9.833193084417,
    8.985268485953));
#2253 = CARTESIAN_POINT('',(-30.26959392022,9.941154905156,
    8.750481855853));
#2254 = CARTESIAN_POINT('',(-30.49553482699,10.034545510859,
    8.562750537667));
#2255 = CARTESIAN_POINT('',(-30.74529710386,10.107337149165,
    8.423587418799));
#2256 = CARTESIAN_POINT('',(-31.00998746163,10.155564275152,
    8.33340408607));
#2257 = CARTESIAN_POINT('',(-31.28185712575,10.177432103854,
    8.292305322495));
#2258 = CARTESIAN_POINT('',(-31.73522092243,10.169847351908,
    8.306552853784));
#2259 = CARTESIAN_POINT('',(-31.9160956656,10.154977820139,
    8.334494646286));
#2260 = CARTESIAN_POINT('',(-32.09373505472,10.128448850265,
    8.38448689062));
#2261 = CARTESIAN_POINT('',(-32.26579657402,10.090800853737,
    8.456406744057));
#2262 = CARTESIAN_POINT('',(-32.42976794671,10.042967433132,
    8.55010932362));
#2263 = CARTESIAN_POINT('',(-32.5828653697,9.986273164707,8.665343594972
    ));
#2264 = CARTESIAN_POINT('',(-32.72192444028,9.922394244977,
    8.801628608463));
#2265 = CARTESIAN_POINT('',(-32.92340928285,9.807609496821,
    9.061381302328));
#2266 = CARTESIAN_POINT('',(-32.99642638603,9.759318633292,
    9.174270303873));
#2267 = CARTESIAN_POINT('',(-33.06058335992,9.709158736978,
    9.296090359291));
#2268 = CARTESIAN_POINT('',(-33.1143168697,9.658005604406,9.425941904029
    ));
#2269 = CARTESIAN_POINT('',(-33.15623789892,9.606763443452,
    9.562688947862));
#2270 = CARTESIAN_POINT('',(-33.18513862674,9.556295160142,9.70498773942
    ));
#2271 = CARTESIAN_POINT('',(-33.2,9.507367063129,9.851315610475));
#2272 = CARTESIAN_POINT('',(-33.2,9.460607985831,10.));
#2273 = ORIENTED_EDGE('',*,*,#2212,.F.);
#2274 = ORIENTED_EDGE('',*,*,#747,.F.);
#2275 = ORIENTED_EDGE('',*,*,#678,.F.);
#2276 = CYLINDRICAL_SURFACE('',#2277,1.7);
#2277 = AXIS2_PLACEMENT_3D('',#2278,#2279,#2280);
#2278 = CARTESIAN_POINT('',(-31.5,2.22E-15,10.));
#2279 = DIRECTION('',(0.,-1.,2.2E-16));
#2280 = DIRECTION('',(-1.,0.,0.));
#2281 = ADVANCED_FACE('',(#2282),#2301,.F.);
#2282 = FACE_BOUND('',#2283,.T.);
#2283 = EDGE_LOOP('',(#2284,#2285,#2293,#2300));
#2284 = ORIENTED_EDGE('',*,*,#695,.F.);
#2285 = ORIENTED_EDGE('',*,*,#2286,.T.);
#2286 = EDGE_CURVE('',#696,#2287,#2289,.T.);
#2287 = VERTEX_POINT('',#2288);
#2288 = CARTESIAN_POINT('',(-28.85,9.,5.5));
#2289 = LINE('',#2290,#2291);
#2290 = CARTESIAN_POINT('',(-28.85,1.22E-15,5.5));
#2291 = VECTOR('',#2292,1.);
#2292 = DIRECTION('',(0.,1.,-2.2E-16));
#2293 = ORIENTED_EDGE('',*,*,#2294,.T.);
#2294 = EDGE_CURVE('',#2287,#2287,#2295,.T.);
#2295 = CIRCLE('',#2296,2.35);
#2296 = AXIS2_PLACEMENT_3D('',#2297,#2298,#2299);
#2297 = CARTESIAN_POINT('',(-26.5,9.,5.5));
#2298 = DIRECTION('',(0.,1.,-0.));
#2299 = DIRECTION('',(-1.,0.,-0.));
#2300 = ORIENTED_EDGE('',*,*,#2286,.F.);
#2301 = CYLINDRICAL_SURFACE('',#2302,2.35);
#2302 = AXIS2_PLACEMENT_3D('',#2303,#2304,#2305);
#2303 = CARTESIAN_POINT('',(-26.5,1.22E-15,5.5));
#2304 = DIRECTION('',(0.,-1.,2.2E-16));
#2305 = DIRECTION('',(-1.,0.,0.));
#2306 = ADVANCED_FACE('',(#2307),#2318,.F.);
#2307 = FACE_BOUND('',#2308,.F.);
#2308 = EDGE_LOOP('',(#2309,#2310,#2311,#2317));
#2309 = ORIENTED_EDGE('',*,*,#1464,.F.);
#2310 = ORIENTED_EDGE('',*,*,#1801,.T.);
#2311 = ORIENTED_EDGE('',*,*,#2312,.T.);
#2312 = EDGE_CURVE('',#1794,#804,#2313,.T.);
#2313 = LINE('',#2314,#2315);
#2314 = CARTESIAN_POINT('',(-64.5,55.477985363801,0.4));
#2315 = VECTOR('',#2316,1.);
#2316 = DIRECTION('',(0.353553390593,-0.612372435696,-0.707106781187));
#2317 = ORIENTED_EDGE('',*,*,#803,.F.);
#2318 = CONICAL_SURFACE('',#2319,3.,0.785398163397);
#2319 = AXIS2_PLACEMENT_3D('',#2320,#2321,#2322);
#2320 = CARTESIAN_POINT('',(-66.,58.076061575154,0.4));
#2321 = DIRECTION('',(-0.,-0.,-1.));
#2322 = DIRECTION('',(1.,-0.,0.));
#2323 = ADVANCED_FACE('',(#2324),#2335,.F.);
#2324 = FACE_BOUND('',#2325,.F.);
#2325 = EDGE_LOOP('',(#2326,#2332,#2333,#2334));
#2326 = ORIENTED_EDGE('',*,*,#2327,.F.);
#2327 = EDGE_CURVE('',#1941,#855,#2328,.T.);
#2328 = LINE('',#2329,#2330);
#2329 = CARTESIAN_POINT('',(-63.,24.,0.4));
#2330 = VECTOR('',#2331,1.);
#2331 = DIRECTION('',(0.707106781187,2.8E-16,-0.707106781187));
#2332 = ORIENTED_EDGE('',*,*,#1968,.T.);
#2333 = ORIENTED_EDGE('',*,*,#2196,.F.);
#2334 = ORIENTED_EDGE('',*,*,#863,.F.);
#2335 = PLANE('',#2336);
#2336 = AXIS2_PLACEMENT_3D('',#2337,#2338,#2339);
#2337 = CARTESIAN_POINT('',(-62.8,24.,0.2));
#2338 = DIRECTION('',(0.707106781187,1.E-17,0.707106781187));
#2339 = DIRECTION('',(7.071067811865E-18,-1.,7.071067811865E-18));
#2340 = ADVANCED_FACE('',(#2341),#2352,.T.);
#2341 = FACE_BOUND('',#2342,.F.);
#2342 = EDGE_LOOP('',(#2343,#2344,#2345,#2351));
#2343 = ORIENTED_EDGE('',*,*,#2312,.F.);
#2344 = ORIENTED_EDGE('',*,*,#1826,.T.);
#2345 = ORIENTED_EDGE('',*,*,#2346,.T.);
#2346 = EDGE_CURVE('',#1819,#813,#2347,.T.);
#2347 = LINE('',#2348,#2349);
#2348 = CARTESIAN_POINT('',(-72.4,50.685978129527,0.2));
#2349 = VECTOR('',#2350,1.);
#2350 = DIRECTION('',(0.353553390593,-0.612372435696,-0.707106781187));
#2351 = ORIENTED_EDGE('',*,*,#812,.F.);
#2352 = PLANE('',#2353);
#2353 = AXIS2_PLACEMENT_3D('',#2354,#2355,#2356);
#2354 = CARTESIAN_POINT('',(-64.4,55.304780283044,0.2));
#2355 = DIRECTION('',(-0.353553390593,0.612372435696,-0.707106781187));
#2356 = DIRECTION('',(0.866025403784,0.5,-3.053113317719E-16));
#2357 = ADVANCED_FACE('',(#2358),#2369,.F.);
#2358 = FACE_BOUND('',#2359,.F.);
#2359 = EDGE_LOOP('',(#2360,#2366,#2367,#2368));
#2360 = ORIENTED_EDGE('',*,*,#2361,.F.);
#2361 = EDGE_CURVE('',#1917,#847,#2362,.T.);
#2362 = LINE('',#2363,#2364);
#2363 = CARTESIAN_POINT('',(-64.4,26.77128129211,0.2));
#2364 = VECTOR('',#2365,1.);
#2365 = DIRECTION('',(0.353553390593,0.612372435696,-0.707106781187));
#2366 = ORIENTED_EDGE('',*,*,#1948,.T.);
#2367 = ORIENTED_EDGE('',*,*,#2327,.T.);
#2368 = ORIENTED_EDGE('',*,*,#854,.F.);
#2369 = CONICAL_SURFACE('',#2370,3.,0.785398163397);
#2370 = AXIS2_PLACEMENT_3D('',#2371,#2372,#2373);
#2371 = CARTESIAN_POINT('',(-66.,24.,0.4));
#2372 = DIRECTION('',(-0.,-0.,-1.));
#2373 = DIRECTION('',(0.5,0.866025403784,-0.));
#2374 = ADVANCED_FACE('',(#2375),#2386,.T.);
#2375 = FACE_BOUND('',#2376,.F.);
#2376 = EDGE_LOOP('',(#2377,#2378,#2379,#2385));
#2377 = ORIENTED_EDGE('',*,*,#2346,.F.);
#2378 = ORIENTED_EDGE('',*,*,#1850,.T.);
#2379 = ORIENTED_EDGE('',*,*,#2380,.T.);
#2380 = EDGE_CURVE('',#1841,#821,#2381,.T.);
#2381 = LINE('',#2382,#2383);
#2382 = CARTESIAN_POINT('',(-75.5,45.663030787577,0.4));
#2383 = VECTOR('',#2384,1.);
#2384 = DIRECTION('',(0.707106781187,6.E-17,-0.707106781187));
#2385 = ORIENTED_EDGE('',*,*,#820,.F.);
#2386 = CONICAL_SURFACE('',#2387,6.,0.785398163397);
#2387 = AXIS2_PLACEMENT_3D('',#2388,#2389,#2390);
#2388 = CARTESIAN_POINT('',(-69.5,45.663030787577,0.4));
#2389 = DIRECTION('',(0.,0.,1.));
#2390 = DIRECTION('',(-0.5,0.866025403784,0.));
#2391 = ADVANCED_FACE('',(#2392),#2403,.T.);
#2392 = FACE_BOUND('',#2393,.F.);
#2393 = EDGE_LOOP('',(#2394,#2400,#2401,#2402));
#2394 = ORIENTED_EDGE('',*,*,#2395,.F.);
#2395 = EDGE_CURVE('',#1890,#838,#2396,.T.);
#2396 = LINE('',#2397,#2398);
#2397 = CARTESIAN_POINT('',(-72.5,31.21687836487,0.4));
#2398 = VECTOR('',#2399,1.);
#2399 = DIRECTION('',(0.353553390593,0.612372435696,-0.707106781187));
#2400 = ORIENTED_EDGE('',*,*,#1924,.T.);
#2401 = ORIENTED_EDGE('',*,*,#2361,.T.);
#2402 = ORIENTED_EDGE('',*,*,#846,.F.);
#2403 = PLANE('',#2404);
#2404 = AXIS2_PLACEMENT_3D('',#2405,#2406,#2407);
#2405 = CARTESIAN_POINT('',(-72.4,31.390083445627,0.2));
#2406 = DIRECTION('',(-0.353553390593,-0.612372435696,-0.707106781187));
#2407 = DIRECTION('',(-0.866025403784,0.5,-1.942890293094E-16));
#2408 = ADVANCED_FACE('',(#2409),#2420,.T.);
#2409 = FACE_BOUND('',#2410,.F.);
#2410 = EDGE_LOOP('',(#2411,#2412,#2413,#2419));
#2411 = ORIENTED_EDGE('',*,*,#2380,.F.);
#2412 = ORIENTED_EDGE('',*,*,#1875,.T.);
#2413 = ORIENTED_EDGE('',*,*,#2414,.T.);
#2414 = EDGE_CURVE('',#1868,#830,#2415,.T.);
#2415 = LINE('',#2416,#2417);
#2416 = CARTESIAN_POINT('',(-75.3,36.413030787577,0.2));
#2417 = VECTOR('',#2418,1.);
#2418 = DIRECTION('',(0.707106781187,0.,-0.707106781187));
#2419 = ORIENTED_EDGE('',*,*,#829,.F.);
#2420 = PLANE('',#2421);
#2421 = AXIS2_PLACEMENT_3D('',#2422,#2423,#2424);
#2422 = CARTESIAN_POINT('',(-75.3,45.663030787577,0.2));
#2423 = DIRECTION('',(-0.707106781187,0.,-0.707106781187));
#2424 = DIRECTION('',(-0.,1.,0.));
#2425 = ADVANCED_FACE('',(#2426),#2432,.T.);
#2426 = FACE_BOUND('',#2427,.F.);
#2427 = EDGE_LOOP('',(#2428,#2429,#2430,#2431));
#2428 = ORIENTED_EDGE('',*,*,#2414,.F.);
#2429 = ORIENTED_EDGE('',*,*,#1899,.T.);
#2430 = ORIENTED_EDGE('',*,*,#2395,.T.);
#2431 = ORIENTED_EDGE('',*,*,#837,.F.);
#2432 = CONICAL_SURFACE('',#2433,6.,0.785398163397);
#2433 = AXIS2_PLACEMENT_3D('',#2434,#2435,#2436);
#2434 = CARTESIAN_POINT('',(-69.5,36.413030787577,0.4));
#2435 = DIRECTION('',(0.,0.,1.));
#2436 = DIRECTION('',(-1.,0.,0.));
#2437 = ADVANCED_FACE('',(#2438),#2472,.F.);
#2438 = FACE_BOUND('',#2439,.T.);
#2439 = EDGE_LOOP('',(#2440,#2441,#2449,#2457,#2466));
#2440 = ORIENTED_EDGE('',*,*,#880,.F.);
#2441 = ORIENTED_EDGE('',*,*,#2442,.T.);
#2442 = EDGE_CURVE('',#881,#2443,#2445,.T.);
#2443 = VERTEX_POINT('',#2444);
#2444 = CARTESIAN_POINT('',(-54.5,22.5,3.));
#2445 = LINE('',#2446,#2447);
#2446 = CARTESIAN_POINT('',(-54.5,22.5,0.));
#2447 = VECTOR('',#2448,1.);
#2448 = DIRECTION('',(0.,0.,1.));
#2449 = ORIENTED_EDGE('',*,*,#2450,.F.);
#2450 = EDGE_CURVE('',#2451,#2443,#2453,.T.);
#2451 = VERTEX_POINT('',#2452);
#2452 = CARTESIAN_POINT('',(-54.5,19.,3.));
#2453 = LINE('',#2454,#2455);
#2454 = CARTESIAN_POINT('',(-54.5,28.91539213977,3.));
#2455 = VECTOR('',#2456,1.);
#2456 = DIRECTION('',(0.,1.,0.));
#2457 = ORIENTED_EDGE('',*,*,#2458,.F.);
#2458 = EDGE_CURVE('',#2459,#2451,#2461,.T.);
#2459 = VERTEX_POINT('',#2460);
#2460 = CARTESIAN_POINT('',(-54.5,12.5,5.400657923215));
#2461 = CIRCLE('',#2462,10.);
#2462 = AXIS2_PLACEMENT_3D('',#2463,#2464,#2465);
#2463 = CARTESIAN_POINT('',(-54.5,19.,13.));
#2464 = DIRECTION('',(1.,0.,0.));
#2465 = DIRECTION('',(0.,-1.,0.));
#2466 = ORIENTED_EDGE('',*,*,#2467,.F.);
#2467 = EDGE_CURVE('',#883,#2459,#2468,.T.);
#2468 = LINE('',#2469,#2470);
#2469 = CARTESIAN_POINT('',(-54.5,12.5,0.));
#2470 = VECTOR('',#2471,1.);
#2471 = DIRECTION('',(0.,0.,1.));
#2472 = PLANE('',#2473);
#2473 = AXIS2_PLACEMENT_3D('',#2474,#2475,#2476);
#2474 = CARTESIAN_POINT('',(-54.5,22.5,0.));
#2475 = DIRECTION('',(-1.,-0.,-0.));
#2476 = DIRECTION('',(0.,1.,0.));
#2477 = ADVANCED_FACE('',(#2478),#2497,.F.);
#2478 = FACE_BOUND('',#2479,.F.);
#2479 = EDGE_LOOP('',(#2480,#2481,#2482,#2491));
#2480 = ORIENTED_EDGE('',*,*,#890,.F.);
#2481 = ORIENTED_EDGE('',*,*,#2442,.T.);
#2482 = ORIENTED_EDGE('',*,*,#2483,.F.);
#2483 = EDGE_CURVE('',#2484,#2443,#2486,.T.);
#2484 = VERTEX_POINT('',#2485);
#2485 = CARTESIAN_POINT('',(-51.5,22.5,3.));
#2486 = CIRCLE('',#2487,1.5);
#2487 = AXIS2_PLACEMENT_3D('',#2488,#2489,#2490);
#2488 = CARTESIAN_POINT('',(-53.,22.5,3.));
#2489 = DIRECTION('',(0.,0.,1.));
#2490 = DIRECTION('',(-1.,0.,0.));
#2491 = ORIENTED_EDGE('',*,*,#2492,.F.);
#2492 = EDGE_CURVE('',#891,#2484,#2493,.T.);
#2493 = LINE('',#2494,#2495);
#2494 = CARTESIAN_POINT('',(-51.5,22.5,0.));
#2495 = VECTOR('',#2496,1.);
#2496 = DIRECTION('',(0.,0.,1.));
#2497 = CYLINDRICAL_SURFACE('',#2498,1.5);
#2498 = AXIS2_PLACEMENT_3D('',#2499,#2500,#2501);
#2499 = CARTESIAN_POINT('',(-53.,22.5,0.));
#2500 = DIRECTION('',(0.,0.,-1.));
#2501 = DIRECTION('',(-1.,0.,0.));
#2502 = ADVANCED_FACE('',(#2503),#2770,.F.);
#2503 = FACE_BOUND('',#2504,.F.);
#2504 = EDGE_LOOP('',(#2505,#2506,#2514,#2769));
#2505 = ORIENTED_EDGE('',*,*,#907,.F.);
#2506 = ORIENTED_EDGE('',*,*,#2507,.T.);
#2507 = EDGE_CURVE('',#900,#2508,#2510,.T.);
#2508 = VERTEX_POINT('',#2509);
#2509 = CARTESIAN_POINT('',(-51.5,12.5,5.400657923215));
#2510 = LINE('',#2511,#2512);
#2511 = CARTESIAN_POINT('',(-51.5,12.5,0.));
#2512 = VECTOR('',#2513,1.);
#2513 = DIRECTION('',(0.,0.,1.));
#2514 = ORIENTED_EDGE('',*,*,#2515,.T.);
#2515 = EDGE_CURVE('',#2508,#2459,#2516,.T.);
#2516 = B_SPLINE_CURVE_WITH_KNOTS('',6,(#2517,#2518,#2519,#2520,#2521,
    #2522,#2523,#2524,#2525,#2526,#2527,#2528,#2529,#2530,#2531,#2532,
    #2533,#2534,#2535,#2536,#2537,#2538,#2539,#2540,#2541,#2542,#2543,
    #2544,#2545,#2546,#2547,#2548,#2549,#2550,#2551,#2552,#2553,#2554,
    #2555,#2556,#2557,#2558,#2559,#2560,#2561,#2562,#2563,#2564,#2565,
    #2566,#2567,#2568,#2569,#2570,#2571,#2572,#2573,#2574,#2575,#2576,
    #2577,#2578,#2579,#2580,#2581,#2582,#2583,#2584,#2585,#2586,#2587,
    #2588,#2589,#2590,#2591,#2592,#2593,#2594,#2595,#2596,#2597,#2598,
    #2599,#2600,#2601,#2602,#2603,#2604,#2605,#2606,#2607,#2608,#2609,
    #2610,#2611,#2612,#2613,#2614,#2615,#2616,#2617,#2618,#2619,#2620,
    #2621,#2622,#2623,#2624,#2625,#2626,#2627,#2628,#2629,#2630,#2631,
    #2632,#2633,#2634,#2635,#2636,#2637,#2638,#2639,#2640,#2641,#2642,
    #2643,#2644,#2645,#2646,#2647,#2648,#2649,#2650,#2651,#2652,#2653,
    #2654,#2655,#2656,#2657,#2658,#2659,#2660,#2661,#2662,#2663,#2664,
    #2665,#2666,#2667,#2668,#2669,#2670,#2671,#2672,#2673,#2674,#2675,
    #2676,#2677,#2678,#2679,#2680,#2681,#2682,#2683,#2684,#2685,#2686,
    #2687,#2688,#2689,#2690,#2691,#2692,#2693,#2694,#2695,#2696,#2697,
    #2698,#2699,#2700,#2701,#2702,#2703,#2704,#2705,#2706,#2707,#2708,
    #2709,#2710,#2711,#2712,#2713,#2714,#2715,#2716,#2717,#2718,#2719,
    #2720,#2721,#2722,#2723,#2724,#2725,#2726,#2727,#2728,#2729,#2730,
    #2731,#2732,#2733,#2734,#2735,#2736,#2737,#2738,#2739,#2740,#2741,
    #2742,#2743,#2744,#2745,#2746,#2747,#2748,#2749,#2750,#2751,#2752,
    #2753,#2754,#2755,#2756,#2757,#2758,#2759,#2760,#2761,#2762,#2763,
    #2764,#2765,#2766,#2767,#2768),.UNSPECIFIED.,.F.,.F.,(7,5,5,5,5,5,5,
    5,5,5,5,5,5,5,5,5,5,5,5,5,5,5,5,5,5,5,5,5,5,5,5,5,5,5,5,5,5,5,5,5,5,
    5,5,5,5,5,5,5,5,5,7),(0.,5.753599100761E-02,0.172058471474,
    0.281938778229,0.32208356409,0.377005861959,0.422425989438,
    0.44850037891,0.499775888937,0.577062310507,0.623104554375,
    0.679053197168,0.718257424158,0.827816937456,0.995079905008,
    0.995219553026,0.995359188631,0.995498811823,0.995638422602,
    0.995778020964,0.995917606911,0.996052367766,0.996191929305,
    0.996331478425,0.996471015124,0.996600917436,0.996725998375,
    0.996865499949,0.997000179335,0.997139656488,0.997279121215,
    0.997418573515,0.997558013388,0.997697440831,0.997836855846,
    0.99797625843,0.998115648582,0.998255026303,0.998394391591,
    0.998528939381,0.998653866235,0.998793195935,0.998922905511,
    0.999062211196,0.999201504444,0.999335982674,0.999470449309,
    0.999600102582,0.999739347789,0.999878580557,1.),.UNSPECIFIED.);
#2517 = CARTESIAN_POINT('',(-51.5,12.5,5.400657923215));
#2518 = CARTESIAN_POINT('',(-51.5,12.454036036908,5.439972610865));
#2519 = CARTESIAN_POINT('',(-51.50169013931,12.40841821693,
    5.479568973513));
#2520 = CARTESIAN_POINT('',(-51.50502273096,12.363204357959,
    5.519394507213));
#2521 = CARTESIAN_POINT('',(-51.5099506684,12.318448554627,
    5.559395420115));
#2522 = CARTESIAN_POINT('',(-51.51642742549,12.274201178307,
    5.599516632469));
#2523 = CARTESIAN_POINT('',(-51.5402901087,12.143541561127,
    5.719688273858));
#2524 = CARTESIAN_POINT('',(-51.56212258715,12.058799837894,
    5.799904245014));
#2525 = CARTESIAN_POINT('',(-51.58955711197,11.976531733065,
    5.880013305704));
#2526 = CARTESIAN_POINT('',(-51.62231166321,11.896944983216,
    5.959672023137));
#2527 = CARTESIAN_POINT('',(-51.66016129328,11.82023314433,6.0385067194)
  );
#2528 = CARTESIAN_POINT('',(-51.74396476028,11.675954910016,
    6.190528977277));
#2529 = CARTESIAN_POINT('',(-51.7895311376,11.608138194874,
    6.263821675715));
#2530 = CARTESIAN_POINT('',(-51.83951289364,11.543267940868,
    6.33565910735));
#2531 = CARTESIAN_POINT('',(-51.89385426071,11.481502516381,
    6.40566236408));
#2532 = CARTESIAN_POINT('',(-51.95253642722,11.423061732085,
    6.473346772355));
#2533 = CARTESIAN_POINT('',(-52.03857773062,11.348219475164,
    6.561738176366));
#2534 = CARTESIAN_POINT('',(-52.06218153558,11.328675178183,
    6.584999052194));
#2535 = CARTESIAN_POINT('',(-52.08636625909,11.309627676129,
    6.607838417712));
#2536 = CARTESIAN_POINT('',(-52.11113217232,11.291093176637,
    6.630223127715));
#2537 = CARTESIAN_POINT('',(-52.13647915744,11.273089828741,
    6.652116874699));
#2538 = CARTESIAN_POINT('',(-52.19787832895,11.231761402804,
    6.702707454094));
#2539 = CARTESIAN_POINT('',(-52.23444429415,11.208911716686,
    6.730948376223));
#2540 = CARTESIAN_POINT('',(-52.27209368727,11.187147431852,
    6.75809247311));
#2541 = CARTESIAN_POINT('',(-52.31081385125,11.166530976553,
    6.784022240316));
#2542 = CARTESIAN_POINT('',(-52.35059038798,11.147128439969,
    6.808613151095));
#2543 = CARTESIAN_POINT('',(-52.42516217198,11.11402547075,
    6.850854056293));
#2544 = CARTESIAN_POINT('',(-52.45963232128,11.099917899193,
    6.86897103933));
#2545 = CARTESIAN_POINT('',(-52.49478546263,11.086736742844,
    6.885996556073));
#2546 = CARTESIAN_POINT('',(-52.53058857415,11.074529427663,
    6.901846051005));
#2547 = CARTESIAN_POINT('',(-52.56700775568,11.063340920263,
    6.916438462524));
#2548 = CARTESIAN_POINT('',(-52.62524913668,11.047399997911,
    6.937307122078));
#2549 = CARTESIAN_POINT('',(-52.6466772992,11.041937211605,
    6.944476745087));
#2550 = CARTESIAN_POINT('',(-52.66828283502,11.036834261106,
    6.951189387341));
#2551 = CARTESIAN_POINT('',(-52.69005437603,11.032099552859,
    6.957430250689));
#2552 = CARTESIAN_POINT('',(-52.71197906734,11.027741007639,
    6.963185443455));
#2553 = CARTESIAN_POINT('',(-52.77743062863,11.015949293099,
    6.97877900542));
#2554 = CARTESIAN_POINT('',(-52.82137508197,11.00961224359,
    6.987192698199));
#2555 = CARTESIAN_POINT('',(-52.86574030813,11.004817559854,
    6.993576481632));
#2556 = CARTESIAN_POINT('',(-52.91039012829,11.001606482752,
    6.997858080782));
#2557 = CARTESIAN_POINT('',(-52.95518846448,11.,7.));
#2558 = CARTESIAN_POINT('',(-53.06754341835,11.,7.));
#2559 = CARTESIAN_POINT('',(-53.13499462636,11.00364994111,
    6.995133965301));
#2560 = CARTESIAN_POINT('',(-53.20193708949,11.01092994295,
    6.985425719232));
#2561 = CARTESIAN_POINT('',(-53.26795000015,11.021740223479,
    6.971059931444));
#2562 = CARTESIAN_POINT('',(-53.33261275848,11.035889235259,
    6.952377166869));
#2563 = CARTESIAN_POINT('',(-53.43297922976,11.063324019211,
    6.916459987899));
#2564 = CARTESIAN_POINT('',(-53.46985335995,11.074654646221,
    6.90168210344));
#2565 = CARTESIAN_POINT('',(-53.50609577713,11.087029583682,
    6.885615770044));
#2566 = CARTESIAN_POINT('',(-53.54167135415,11.100402163549,
    6.868345121313));
#2567 = CARTESIAN_POINT('',(-53.57654590337,11.114723148811,
    6.849957935726));
#2568 = CARTESIAN_POINT('',(-53.65217203366,11.148432517074,
    6.80695660847));
#2569 = CARTESIAN_POINT('',(-53.69257970258,11.168250517204,
    6.781850273102));
#2570 = CARTESIAN_POINT('',(-53.73189262925,11.189321452928,
    6.755364929047));
#2571 = CARTESIAN_POINT('',(-53.77009610306,11.211576048257,
    6.727631222354));
#2572 = CARTESIAN_POINT('',(-53.80717725681,11.234949032166,
    6.698772146606));
#2573 = CARTESIAN_POINT('',(-53.86831434807,11.276497756481,
    6.647973221178));
#2574 = CARTESIAN_POINT('',(-53.89295124754,11.294138188714,
    6.626543994839));
#2575 = CARTESIAN_POINT('',(-53.9170352815,11.312281935204,
    6.604651734903));
#2576 = CARTESIAN_POINT('',(-53.94056634488,11.330912278862,
    6.582329920775));
#2577 = CARTESIAN_POINT('',(-53.96354471118,11.350014285597,
    6.559609140267));
#2578 = CARTESIAN_POINT('',(-54.04864327574,11.424238320839,
    6.471984409687));
#2579 = CARTESIAN_POINT('',(-54.10701544481,11.482492824147,
    6.404540316052));
#2580 = CARTESIAN_POINT('',(-54.16108219241,11.544042269961,
    6.334801986852));
#2581 = CARTESIAN_POINT('',(-54.21082456093,11.608669999386,
    6.263247371538));
#2582 = CARTESIAN_POINT('',(-54.25618714105,11.676219638203,
    6.190250594485));
#2583 = CARTESIAN_POINT('',(-54.35944796715,11.853988057982,
    6.002939190394));
#2584 = CARTESIAN_POINT('',(-54.41143502023,11.968062212731,
    5.886985293684));
#2585 = CARTESIAN_POINT('',(-54.45238707962,12.088112583258,
    5.769652312126));
#2586 = CARTESIAN_POINT('',(-54.4814909624,12.213450823922,5.65212316475
    ));
#2587 = CARTESIAN_POINT('',(-54.49772443935,12.343271901359,
    5.535494000204));
#2588 = CARTESIAN_POINT('',(-54.49981695014,12.476566510631,
    5.420764185532));
#2589 = CARTESIAN_POINT('',(-54.49981868586,12.476677707728,
    5.420668478976));
#2590 = CARTESIAN_POINT('',(-54.49982041172,12.476788906955,
    5.420572773995));
#2591 = CARTESIAN_POINT('',(-54.49982212771,12.476900108311,
    5.420477070588));
#2592 = CARTESIAN_POINT('',(-54.49982383385,12.477011311797,
    5.420381368756));
#2593 = CARTESIAN_POINT('',(-54.49982722623,12.477233713139,
    5.420189976753));
#2594 = CARTESIAN_POINT('',(-54.49982891248,12.477344910996,
    5.420094286581));
#2595 = CARTESIAN_POINT('',(-54.49983058887,12.47745611098,
    5.419998597985));
#2596 = CARTESIAN_POINT('',(-54.4998322554,12.477567313089,
    5.419902910968));
#2597 = CARTESIAN_POINT('',(-54.49983391206,12.477678517323,
    5.41980722553));
#2598 = CARTESIAN_POINT('',(-54.49983720551,12.477900920153,
    5.419615866318));
#2599 = CARTESIAN_POINT('',(-54.49983884229,12.478012118748,
    5.419520192545));
#2600 = CARTESIAN_POINT('',(-54.49984046922,12.478123319466,
    5.419424520352));
#2601 = CARTESIAN_POINT('',(-54.49984208627,12.478234522306,
    5.41932884974));
#2602 = CARTESIAN_POINT('',(-54.49984369347,12.478345727266,
    5.41923318071));
#2603 = CARTESIAN_POINT('',(-54.49984688797,12.478568131539,
    5.419041854321));
#2604 = CARTESIAN_POINT('',(-54.49984847529,12.478679330851,
    5.418946196962));
#2605 = CARTESIAN_POINT('',(-54.49985005275,12.478790532282,
    5.418850541186));
#2606 = CARTESIAN_POINT('',(-54.49985162034,12.47890173583,
    5.418754886995));
#2607 = CARTESIAN_POINT('',(-54.49985317806,12.479012941495,
    5.418659234388));
#2608 = CARTESIAN_POINT('',(-54.49985627363,12.479235347167,
    5.418467940853));
#2609 = CARTESIAN_POINT('',(-54.49985781148,12.479346547174,
    5.418372299923));
#2610 = CARTESIAN_POINT('',(-54.49985933947,12.479457749295,
    5.418276660581));
#2611 = CARTESIAN_POINT('',(-54.49986085759,12.47956895353,
    5.418181022825));
#2612 = CARTESIAN_POINT('',(-54.49986236584,12.479680159877,
    5.418085386658));
#2613 = CARTESIAN_POINT('',(-54.49986536247,12.479902566904,
    5.417894126006));
#2614 = CARTESIAN_POINT('',(-54.49986685085,12.480013767584,
    5.417798501522));
#2615 = CARTESIAN_POINT('',(-54.49986832937,12.480124970373,
    5.417702878628));
#2616 = CARTESIAN_POINT('',(-54.49986979802,12.480236175273,
    5.417607257323));
#2617 = CARTESIAN_POINT('',(-54.4998712568,12.480347382281,5.41751163761
    ));
#2618 = CARTESIAN_POINT('',(-54.49987410454,12.480565956328,
    5.417323706616));
#2619 = CARTESIAN_POINT('',(-54.49987549417,12.480673323223,
    5.417231395226));
#2620 = CARTESIAN_POINT('',(-54.49987687459,12.480780692083,
    5.417139085321));
#2621 = CARTESIAN_POINT('',(-54.49987824582,12.480888062905,
    5.417046776901));
#2622 = CARTESIAN_POINT('',(-54.49987960785,12.48099543569,
    5.416954469967));
#2623 = CARTESIAN_POINT('',(-54.4998823617,12.481214010269,5.41676657081
    ));
#2624 = CARTESIAN_POINT('',(-54.49988375285,12.481325212206,
    5.416670978694));
#2625 = CARTESIAN_POINT('',(-54.49988513414,12.481436416246,
    5.416575388173));
#2626 = CARTESIAN_POINT('',(-54.49988650555,12.481547622387,
    5.416479799249));
#2627 = CARTESIAN_POINT('',(-54.4998878671,12.481658830629,
    5.416384211922));
#2628 = CARTESIAN_POINT('',(-54.49989057032,12.481881241416,
    5.41619304897));
#2629 = CARTESIAN_POINT('',(-54.49989191201,12.48199244396,
    5.416097473345));
#2630 = CARTESIAN_POINT('',(-54.49989324382,12.482103648603,
    5.416001899318));
#2631 = CARTESIAN_POINT('',(-54.49989456576,12.482214855344,
    5.415906326891));
#2632 = CARTESIAN_POINT('',(-54.49989587784,12.482326064181,
    5.415810756063));
#2633 = CARTESIAN_POINT('',(-54.49989848212,12.482548476148,
    5.415619626117));
#2634 = CARTESIAN_POINT('',(-54.49989977434,12.482659679278,
    5.415524066998));
#2635 = CARTESIAN_POINT('',(-54.49990105668,12.482770884502,
    5.41542850948));
#2636 = CARTESIAN_POINT('',(-54.49990232915,12.48288209182,
    5.415332953565));
#2637 = CARTESIAN_POINT('',(-54.49990359175,12.48299330123,
    5.415237399253));
#2638 = CARTESIAN_POINT('',(-54.49990601071,12.483208045576,
    5.415052891326));
#2639 = CARTESIAN_POINT('',(-54.49990716839,12.483311580233,
    5.414963937496));
#2640 = CARTESIAN_POINT('',(-54.49990831751,12.483415116701,
    5.414874985058));
#2641 = CARTESIAN_POINT('',(-54.49990945807,12.483518654981,
    5.414786034011));
#2642 = CARTESIAN_POINT('',(-54.49991059007,12.483622195071,
    5.414697084357));
#2643 = CARTESIAN_POINT('',(-54.49991279527,12.483825435875,
    5.414522489182));
#2644 = CARTESIAN_POINT('',(-54.49991386908,12.483925136456,
    5.414436843561));
#2645 = CARTESIAN_POINT('',(-54.49991493496,12.484024838714,
    5.414351199232));
#2646 = CARTESIAN_POINT('',(-54.4999159929,12.484124542649,
    5.414265556195));
#2647 = CARTESIAN_POINT('',(-54.4999170429,12.48422424826,5.414179914452
    ));
#2648 = CARTESIAN_POINT('',(-54.49991924718,12.484435158128,
    5.413998760029));
#2649 = CARTESIAN_POINT('',(-54.49992039951,12.484546362794,
    5.413903247664));
#2650 = CARTESIAN_POINT('',(-54.49992154197,12.484657569542,
    5.41380773691));
#2651 = CARTESIAN_POINT('',(-54.49992267456,12.484768778373,
    5.413712227768));
#2652 = CARTESIAN_POINT('',(-54.49992379728,12.484879989285,
    5.413616720237));
#2653 = CARTESIAN_POINT('',(-54.49992598448,12.48509857094,
    5.413429009779));
#2654 = CARTESIAN_POINT('',(-54.49992704965,12.485205941542,
    5.413336806743));
#2655 = CARTESIAN_POINT('',(-54.49992810561,12.485313314082,
    5.41324460521));
#2656 = CARTESIAN_POINT('',(-54.49992915236,12.485420688559,
    5.413152405183));
#2657 = CARTESIAN_POINT('',(-54.49993018991,12.485528064972,
    5.41306020666));
#2658 = CARTESIAN_POINT('',(-54.49993228323,12.485746646875,
    5.412872528237));
#2659 = CARTESIAN_POINT('',(-54.49993333833,12.485857852505,
    5.412777048445));
#2660 = CARTESIAN_POINT('',(-54.49993438356,12.48596906021,5.41268157027
    ));
#2661 = CARTESIAN_POINT('',(-54.49993541891,12.486080269989,
    5.412586093711));
#2662 = CARTESIAN_POINT('',(-54.49993644438,12.486191481841,
    5.412490618771));
#2663 = CARTESIAN_POINT('',(-54.49993847548,12.486413899781,
    5.412299680634));
#2664 = CARTESIAN_POINT('',(-54.49993948111,12.486525105869,
    5.412204217436));
#2665 = CARTESIAN_POINT('',(-54.49994047687,12.486636314027,
    5.412108755859));
#2666 = CARTESIAN_POINT('',(-54.49994146275,12.486747524256,
    5.412013295901));
#2667 = CARTESIAN_POINT('',(-54.49994243875,12.486858736554,
    5.411917837564));
#2668 = CARTESIAN_POINT('',(-54.4999443709,12.487081155376,
    5.411726932641));
#2669 = CARTESIAN_POINT('',(-54.49994532706,12.487192361899,
    5.411631486053));
#2670 = CARTESIAN_POINT('',(-54.49994627335,12.48730357049,
    5.411536041088));
#2671 = CARTESIAN_POINT('',(-54.49994720975,12.487414781146,
    5.411440597746));
#2672 = CARTESIAN_POINT('',(-54.49994813628,12.487525993868,
    5.411345156029));
#2673 = CARTESIAN_POINT('',(-54.49994996949,12.487748413527,
    5.411154284349));
#2674 = CARTESIAN_POINT('',(-54.49995087618,12.487859620465,
    5.411058854387));
#2675 = CARTESIAN_POINT('',(-54.49995177299,12.487970829465,
    5.41096342605));
#2676 = CARTESIAN_POINT('',(-54.49995265993,12.488082040527,
    5.410867999339));
#2677 = CARTESIAN_POINT('',(-54.49995353698,12.48819325365,
    5.410772574256));
#2678 = CARTESIAN_POINT('',(-54.49995527125,12.488415674103,
    5.410581735851));
#2679 = CARTESIAN_POINT('',(-54.49995612847,12.488526881432,
    5.410486322529));
#2680 = CARTESIAN_POINT('',(-54.49995697581,12.488638090821,
    5.410390910835));
#2681 = CARTESIAN_POINT('',(-54.49995781327,12.488749302266,
    5.410295500771));
#2682 = CARTESIAN_POINT('',(-54.49995864085,12.488860515769,
    5.410200092337));
#2683 = CARTESIAN_POINT('',(-54.49996027617,12.489082936971,
    5.410009287237));
#2684 = CARTESIAN_POINT('',(-54.49996108392,12.489194144671,
    5.40991389057));
#2685 = CARTESIAN_POINT('',(-54.49996188178,12.489305354425,
    5.409818495535));
#2686 = CARTESIAN_POINT('',(-54.49996266977,12.489416566232,
    5.409723102133));
#2687 = CARTESIAN_POINT('',(-54.49996344788,12.489527780092,
    5.409627710364));
#2688 = CARTESIAN_POINT('',(-54.49996498426,12.489750202,5.409436938599)
  );
#2689 = CARTESIAN_POINT('',(-54.49996574253,12.489861410047,
    5.409341558603));
#2690 = CARTESIAN_POINT('',(-54.49996649093,12.489972620145,
    5.409246180242));
#2691 = CARTESIAN_POINT('',(-54.49996722944,12.490083832292,
    5.409150803516));
#2692 = CARTESIAN_POINT('',(-54.49996795807,12.490195046488,
    5.409055428427));
#2693 = CARTESIAN_POINT('',(-54.49996939551,12.490417469057,
    5.408864690028));
#2694 = CARTESIAN_POINT('',(-54.49997010431,12.49052867743,
    5.408769326718));
#2695 = CARTESIAN_POINT('',(-54.49997080323,12.49063988785,
    5.408673965045));
#2696 = CARTESIAN_POINT('',(-54.49997149227,12.490751100315,
    5.408578605012));
#2697 = CARTESIAN_POINT('',(-54.49997217143,12.490862314824,
    5.408483246618));
#2698 = CARTESIAN_POINT('',(-54.49997350992,12.491084738011,
    5.408292541615));
#2699 = CARTESIAN_POINT('',(-54.49997416925,12.491195946688,
    5.408197195006));
#2700 = CARTESIAN_POINT('',(-54.4999748187,12.491307157407,
    5.408101850037));
#2701 = CARTESIAN_POINT('',(-54.49997545827,12.491418370168,
    5.408006506711));
#2702 = CARTESIAN_POINT('',(-54.49997608795,12.491529584969,
    5.407911165027));
#2703 = CARTESIAN_POINT('',(-54.49997732749,12.491752008729,
    5.407720493451));
#2704 = CARTESIAN_POINT('',(-54.49997793735,12.491863217688,
    5.407625163558));
#2705 = CARTESIAN_POINT('',(-54.49997853733,12.491974428685,
    5.407529835309));
#2706 = CARTESIAN_POINT('',(-54.49997912742,12.492085641719,
    5.407434508705));
#2707 = CARTESIAN_POINT('',(-54.49997970763,12.492196856789,
    5.407339183746));
#2708 = CARTESIAN_POINT('',(-54.49998082857,12.492415446514,
    5.407151832203));
#2709 = CARTESIAN_POINT('',(-54.49998136996,12.492522821029,
    5.407059805506));
#2710 = CARTESIAN_POINT('',(-54.49998190214,12.492630197441,
    5.406967780344));
#2711 = CARTESIAN_POINT('',(-54.49998242511,12.492737575748,
    5.406875756718));
#2712 = CARTESIAN_POINT('',(-54.49998293886,12.49284495595,
    5.406783734629));
#2713 = CARTESIAN_POINT('',(-54.49998391185,12.493052041707,
    5.406606273522));
#2714 = CARTESIAN_POINT('',(-54.49998437236,12.493151747002,
    5.406520834292));
#2715 = CARTESIAN_POINT('',(-54.49998482493,12.493251453929,
    5.406435396388));
#2716 = CARTESIAN_POINT('',(-54.49998526955,12.493351162487,
    5.40634995981));
#2717 = CARTESIAN_POINT('',(-54.49998570622,12.493450872675,
    5.40626452456));
#2718 = CARTESIAN_POINT('',(-54.4999866131,12.49366179211,5.40608380702)
  );
#2719 = CARTESIAN_POINT('',(-54.49998708137,12.493773001754,
    5.405988525054));
#2720 = CARTESIAN_POINT('',(-54.49998753975,12.493884213424,
    5.405893244741));
#2721 = CARTESIAN_POINT('',(-54.49998798825,12.49399542712,
    5.405797966081));
#2722 = CARTESIAN_POINT('',(-54.49998842685,12.494106642841,
    5.405702689076));
#2723 = CARTESIAN_POINT('',(-54.49998925469,12.494321399216,
    5.405518716733));
#2724 = CARTESIAN_POINT('',(-54.49998964524,12.494424939601,
    5.405430021176));
#2725 = CARTESIAN_POINT('',(-54.49999002722,12.49452848174,
    5.405341327053));
#2726 = CARTESIAN_POINT('',(-54.49999040063,12.494632025631,
    5.405252634367));
#2727 = CARTESIAN_POINT('',(-54.49999076547,12.494735571273,
    5.405163943117));
#2728 = CARTESIAN_POINT('',(-54.49999150436,12.494950326651,
    5.404980002087));
#2729 = CARTESIAN_POINT('',(-54.4999918771,12.495061536655,
    5.404884752527));
#2730 = CARTESIAN_POINT('',(-54.49999223994,12.495172748678,
    5.404789504625));
#2731 = CARTESIAN_POINT('',(-54.4999925929,12.495283962718,
    5.404694258383));
#2732 = CARTESIAN_POINT('',(-54.49999293598,12.495395178775,
    5.404599013802));
#2733 = CARTESIAN_POINT('',(-54.49999360231,12.495617604991,
    5.404408536464));
#2734 = CARTESIAN_POINT('',(-54.49999392557,12.49572881515,
    5.404313303708));
#2735 = CARTESIAN_POINT('',(-54.49999423895,12.495840027323,
    5.404218072614));
#2736 = CARTESIAN_POINT('',(-54.49999454243,12.495951241509,
    5.404122843182));
#2737 = CARTESIAN_POINT('',(-54.49999483603,12.496062457708,
    5.404027615413));
#2738 = CARTESIAN_POINT('',(-54.49999539363,12.496281049596,
    5.403840454932));
#2739 = CARTESIAN_POINT('',(-54.49999565831,12.496388425148,
    5.403748522105));
#2740 = CARTESIAN_POINT('',(-54.49999591377,12.496495802573,
    5.403656590831));
#2741 = CARTESIAN_POINT('',(-54.49999616002,12.496603181872,
    5.40356466111));
#2742 = CARTESIAN_POINT('',(-54.49999639704,12.496710563044,
    5.403472732942));
#2743 = CARTESIAN_POINT('',(-54.49999685262,12.496925319871,
    5.403288887641));
#2744 = CARTESIAN_POINT('',(-54.49999707118,12.497032695526,
    5.403196970508));
#2745 = CARTESIAN_POINT('',(-54.49999728052,12.497140073051,
    5.403105054929));
#2746 = CARTESIAN_POINT('',(-54.49999748064,12.497247452446,
    5.403013140906));
#2747 = CARTESIAN_POINT('',(-54.49999767154,12.49735483371,
    5.402921228439));
#2748 = CARTESIAN_POINT('',(-54.49999802839,12.497565756091,
    5.402740696658));
#2749 = CARTESIAN_POINT('',(-54.49999819499,12.497669297077,
    5.402652077235));
#2750 = CARTESIAN_POINT('',(-54.49999835301,12.497772839799,
    5.402563459259));
#2751 = CARTESIAN_POINT('',(-54.49999850247,12.497876384256,
    5.402474842733));
#2752 = CARTESIAN_POINT('',(-54.49999864334,12.497979930447,
    5.402386227656));
#2753 = CARTESIAN_POINT('',(-54.49999891773,12.49819468692,5.40220244464
    ));
#2754 = CARTESIAN_POINT('',(-54.49999904993,12.498305897469,
    5.402107276923));
#2755 = CARTESIAN_POINT('',(-54.49999917224,12.498417110015,
    5.402012110879));
#2756 = CARTESIAN_POINT('',(-54.49999928465,12.49852832456,5.40191694651
    ));
#2757 = CARTESIAN_POINT('',(-54.49999938717,12.498639541101,
    5.401821783816));
#2758 = CARTESIAN_POINT('',(-54.49999957241,12.498861968238,
    5.401631470283));
#2759 = CARTESIAN_POINT('',(-54.49999965514,12.498973178833,
    5.401536319443));
#2760 = CARTESIAN_POINT('',(-54.49999972797,12.499084391423,
    5.40144117028));
#2761 = CARTESIAN_POINT('',(-54.49999979091,12.499195606007,
    5.401346022794));
#2762 = CARTESIAN_POINT('',(-54.49999984395,12.499306822583,
    5.401250876986));
#2763 = CARTESIAN_POINT('',(-54.49999992473,12.499515030508,
    5.40107276139));
#2764 = CARTESIAN_POINT('',(-54.49999995484,12.499612021379,
    5.400989791198));
#2765 = CARTESIAN_POINT('',(-54.49999997742,12.499709013765,
    5.400906822285));
#2766 = CARTESIAN_POINT('',(-54.49999999247,12.499806007664,
    5.400823854649));
#2767 = CARTESIAN_POINT('',(-54.5,12.499903003076,5.400740888292));
#2768 = CARTESIAN_POINT('',(-54.5,12.5,5.400657923215));
#2769 = ORIENTED_EDGE('',*,*,#2467,.F.);
#2770 = CYLINDRICAL_SURFACE('',#2771,1.5);
#2771 = AXIS2_PLACEMENT_3D('',#2772,#2773,#2774);
#2772 = CARTESIAN_POINT('',(-53.,12.5,0.));
#2773 = DIRECTION('',(0.,0.,-1.));
#2774 = DIRECTION('',(-1.,0.,0.));
#2775 = ADVANCED_FACE('',(#2776),#2796,.T.);
#2776 = FACE_BOUND('',#2777,.F.);
#2777 = EDGE_LOOP('',(#2778,#2779,#2780,#2788,#2795));
#2778 = ORIENTED_EDGE('',*,*,#899,.F.);
#2779 = ORIENTED_EDGE('',*,*,#2492,.T.);
#2780 = ORIENTED_EDGE('',*,*,#2781,.F.);
#2781 = EDGE_CURVE('',#2782,#2484,#2784,.T.);
#2782 = VERTEX_POINT('',#2783);
#2783 = CARTESIAN_POINT('',(-51.5,19.,3.));
#2784 = LINE('',#2785,#2786);
#2785 = CARTESIAN_POINT('',(-51.5,28.91539213977,3.));
#2786 = VECTOR('',#2787,1.);
#2787 = DIRECTION('',(0.,1.,0.));
#2788 = ORIENTED_EDGE('',*,*,#2789,.F.);
#2789 = EDGE_CURVE('',#2508,#2782,#2790,.T.);
#2790 = CIRCLE('',#2791,10.);
#2791 = AXIS2_PLACEMENT_3D('',#2792,#2793,#2794);
#2792 = CARTESIAN_POINT('',(-51.5,19.,13.));
#2793 = DIRECTION('',(1.,0.,0.));
#2794 = DIRECTION('',(0.,-1.,0.));
#2795 = ORIENTED_EDGE('',*,*,#2507,.F.);
#2796 = PLANE('',#2797);
#2797 = AXIS2_PLACEMENT_3D('',#2798,#2799,#2800);
#2798 = CARTESIAN_POINT('',(-51.5,22.5,0.));
#2799 = DIRECTION('',(-1.,-0.,-0.));
#2800 = DIRECTION('',(0.,1.,0.));
#2801 = ADVANCED_FACE('',(#2802),#2836,.F.);
#2802 = FACE_BOUND('',#2803,.T.);
#2803 = EDGE_LOOP('',(#2804,#2805,#2813,#2821,#2830));
#2804 = ORIENTED_EDGE('',*,*,#916,.F.);
#2805 = ORIENTED_EDGE('',*,*,#2806,.T.);
#2806 = EDGE_CURVE('',#917,#2807,#2809,.T.);
#2807 = VERTEX_POINT('',#2808);
#2808 = CARTESIAN_POINT('',(-42.16666666666,22.5,3.));
#2809 = LINE('',#2810,#2811);
#2810 = CARTESIAN_POINT('',(-42.16666666666,22.5,0.));
#2811 = VECTOR('',#2812,1.);
#2812 = DIRECTION('',(0.,0.,1.));
#2813 = ORIENTED_EDGE('',*,*,#2814,.F.);
#2814 = EDGE_CURVE('',#2815,#2807,#2817,.T.);
#2815 = VERTEX_POINT('',#2816);
#2816 = CARTESIAN_POINT('',(-42.16666666666,19.,3.));
#2817 = LINE('',#2818,#2819);
#2818 = CARTESIAN_POINT('',(-42.16666666666,28.91539213977,3.));
#2819 = VECTOR('',#2820,1.);
#2820 = DIRECTION('',(0.,1.,0.));
#2821 = ORIENTED_EDGE('',*,*,#2822,.F.);
#2822 = EDGE_CURVE('',#2823,#2815,#2825,.T.);
#2823 = VERTEX_POINT('',#2824);
#2824 = CARTESIAN_POINT('',(-42.16666666666,12.5,5.400657923215));
#2825 = CIRCLE('',#2826,10.);
#2826 = AXIS2_PLACEMENT_3D('',#2827,#2828,#2829);
#2827 = CARTESIAN_POINT('',(-42.16666666666,19.,13.));
#2828 = DIRECTION('',(1.,0.,0.));
#2829 = DIRECTION('',(0.,-1.,0.));
#2830 = ORIENTED_EDGE('',*,*,#2831,.F.);
#2831 = EDGE_CURVE('',#919,#2823,#2832,.T.);
#2832 = LINE('',#2833,#2834);
#2833 = CARTESIAN_POINT('',(-42.16666666666,12.5,0.));
#2834 = VECTOR('',#2835,1.);
#2835 = DIRECTION('',(0.,0.,1.));
#2836 = PLANE('',#2837);
#2837 = AXIS2_PLACEMENT_3D('',#2838,#2839,#2840);
#2838 = CARTESIAN_POINT('',(-42.16666666666,22.5,0.));
#2839 = DIRECTION('',(-1.,-0.,-0.));
#2840 = DIRECTION('',(0.,1.,0.));
#2841 = ADVANCED_FACE('',(#2842),#2861,.F.);
#2842 = FACE_BOUND('',#2843,.F.);
#2843 = EDGE_LOOP('',(#2844,#2845,#2846,#2855));
#2844 = ORIENTED_EDGE('',*,*,#926,.F.);
#2845 = ORIENTED_EDGE('',*,*,#2806,.T.);
#2846 = ORIENTED_EDGE('',*,*,#2847,.F.);
#2847 = EDGE_CURVE('',#2848,#2807,#2850,.T.);
#2848 = VERTEX_POINT('',#2849);
#2849 = CARTESIAN_POINT('',(-39.16666666666,22.5,3.));
#2850 = CIRCLE('',#2851,1.5);
#2851 = AXIS2_PLACEMENT_3D('',#2852,#2853,#2854);
#2852 = CARTESIAN_POINT('',(-40.66666666666,22.5,3.));
#2853 = DIRECTION('',(0.,0.,1.));
#2854 = DIRECTION('',(-1.,0.,0.));
#2855 = ORIENTED_EDGE('',*,*,#2856,.F.);
#2856 = EDGE_CURVE('',#927,#2848,#2857,.T.);
#2857 = LINE('',#2858,#2859);
#2858 = CARTESIAN_POINT('',(-39.16666666666,22.5,0.));
#2859 = VECTOR('',#2860,1.);
#2860 = DIRECTION('',(0.,0.,1.));
#2861 = CYLINDRICAL_SURFACE('',#2862,1.5);
#2862 = AXIS2_PLACEMENT_3D('',#2863,#2864,#2865);
#2863 = CARTESIAN_POINT('',(-40.66666666666,22.5,0.));
#2864 = DIRECTION('',(0.,0.,-1.));
#2865 = DIRECTION('',(-1.,0.,0.));
#2866 = ADVANCED_FACE('',(#2867),#3134,.F.);
#2867 = FACE_BOUND('',#2868,.F.);
#2868 = EDGE_LOOP('',(#2869,#2870,#2878,#3133));
#2869 = ORIENTED_EDGE('',*,*,#943,.F.);
#2870 = ORIENTED_EDGE('',*,*,#2871,.T.);
#2871 = EDGE_CURVE('',#936,#2872,#2874,.T.);
#2872 = VERTEX_POINT('',#2873);
#2873 = CARTESIAN_POINT('',(-39.16666666666,12.5,5.400657923215));
#2874 = LINE('',#2875,#2876);
#2875 = CARTESIAN_POINT('',(-39.16666666666,12.5,0.));
#2876 = VECTOR('',#2877,1.);
#2877 = DIRECTION('',(0.,0.,1.));
#2878 = ORIENTED_EDGE('',*,*,#2879,.T.);
#2879 = EDGE_CURVE('',#2872,#2823,#2880,.T.);
#2880 = B_SPLINE_CURVE_WITH_KNOTS('',6,(#2881,#2882,#2883,#2884,#2885,
    #2886,#2887,#2888,#2889,#2890,#2891,#2892,#2893,#2894,#2895,#2896,
    #2897,#2898,#2899,#2900,#2901,#2902,#2903,#2904,#2905,#2906,#2907,
    #2908,#2909,#2910,#2911,#2912,#2913,#2914,#2915,#2916,#2917,#2918,
    #2919,#2920,#2921,#2922,#2923,#2924,#2925,#2926,#2927,#2928,#2929,
    #2930,#2931,#2932,#2933,#2934,#2935,#2936,#2937,#2938,#2939,#2940,
    #2941,#2942,#2943,#2944,#2945,#2946,#2947,#2948,#2949,#2950,#2951,
    #2952,#2953,#2954,#2955,#2956,#2957,#2958,#2959,#2960,#2961,#2962,
    #2963,#2964,#2965,#2966,#2967,#2968,#2969,#2970,#2971,#2972,#2973,
    #2974,#2975,#2976,#2977,#2978,#2979,#2980,#2981,#2982,#2983,#2984,
    #2985,#2986,#2987,#2988,#2989,#2990,#2991,#2992,#2993,#2994,#2995,
    #2996,#2997,#2998,#2999,#3000,#3001,#3002,#3003,#3004,#3005,#3006,
    #3007,#3008,#3009,#3010,#3011,#3012,#3013,#3014,#3015,#3016,#3017,
    #3018,#3019,#3020,#3021,#3022,#3023,#3024,#3025,#3026,#3027,#3028,
    #3029,#3030,#3031,#3032,#3033,#3034,#3035,#3036,#3037,#3038,#3039,
    #3040,#3041,#3042,#3043,#3044,#3045,#3046,#3047,#3048,#3049,#3050,
    #3051,#3052,#3053,#3054,#3055,#3056,#3057,#3058,#3059,#3060,#3061,
    #3062,#3063,#3064,#3065,#3066,#3067,#3068,#3069,#3070,#3071,#3072,
    #3073,#3074,#3075,#3076,#3077,#3078,#3079,#3080,#3081,#3082,#3083,
    #3084,#3085,#3086,#3087,#3088,#3089,#3090,#3091,#3092,#3093,#3094,
    #3095,#3096,#3097,#3098,#3099,#3100,#3101,#3102,#3103,#3104,#3105,
    #3106,#3107,#3108,#3109,#3110,#3111,#3112,#3113,#3114,#3115,#3116,
    #3117,#3118,#3119,#3120,#3121,#3122,#3123,#3124,#3125,#3126,#3127,
    #3128,#3129,#3130,#3131,#3132),.UNSPECIFIED.,.F.,.F.,(7,5,5,5,5,5,5,
    5,5,5,5,5,5,5,5,5,5,5,5,5,5,5,5,5,5,5,5,5,5,5,5,5,5,5,5,5,5,5,5,5,5,
    5,5,5,5,5,5,5,5,5,7),(0.,5.753599089121E-02,0.172058471124,
    0.281938777655,0.322083563434,0.377005861192,0.422425988656,
    0.448500378163,0.499775888259,0.577062309933,0.623104553865,
    0.679053196733,0.718257423777,0.827816937223,0.995079905001,
    0.995219553019,0.995359188624,0.995498811817,0.995638422595,
    0.995778020958,0.995917606905,0.996052367761,0.9961919293,
    0.996331478419,0.996471015119,0.996600917431,0.99672599837,
    0.996865499944,0.99700017933,0.997139656483,0.997279121211,
    0.997418573511,0.997558013384,0.997697440828,0.997836855842,
    0.997976258426,0.998115648579,0.9982550263,0.998394391588,
    0.998528939379,0.998653866233,0.998793195933,0.99892290551,
    0.999062211195,0.999201504443,0.999335982673,0.999470449308,
    0.999600102581,0.999739347789,0.999878580556,1.),.UNSPECIFIED.);
#2881 = CARTESIAN_POINT('',(-39.16666666666,12.5,5.400657923215));
#2882 = CARTESIAN_POINT('',(-39.16666666666,12.454036036909,
    5.439972610865));
#2883 = CARTESIAN_POINT('',(-39.16835680598,12.40841821693,
    5.479568973513));
#2884 = CARTESIAN_POINT('',(-39.17168939763,12.363204357958,
    5.519394507213));
#2885 = CARTESIAN_POINT('',(-39.17661733506,12.318448554627,
    5.559395420115));
#2886 = CARTESIAN_POINT('',(-39.18309409216,12.274201178308,
    5.599516632468));
#2887 = CARTESIAN_POINT('',(-39.20695677537,12.143541561127,
    5.719688273858));
#2888 = CARTESIAN_POINT('',(-39.22878925382,12.058799837894,
    5.799904245014));
#2889 = CARTESIAN_POINT('',(-39.25622377864,11.976531733065,
    5.880013305704));
#2890 = CARTESIAN_POINT('',(-39.28897832988,11.896944983216,
    5.959672023137));
#2891 = CARTESIAN_POINT('',(-39.32682795995,11.82023314433,6.0385067194)
  );
#2892 = CARTESIAN_POINT('',(-39.41063142695,11.675954910016,
    6.190528977277));
#2893 = CARTESIAN_POINT('',(-39.45619780427,11.608138194874,
    6.263821675715));
#2894 = CARTESIAN_POINT('',(-39.50617956031,11.543267940868,
    6.33565910735));
#2895 = CARTESIAN_POINT('',(-39.56052092738,11.481502516381,
    6.40566236408));
#2896 = CARTESIAN_POINT('',(-39.61920309389,11.423061732085,
    6.473346772355));
#2897 = CARTESIAN_POINT('',(-39.70524439729,11.348219475164,
    6.561738176366));
#2898 = CARTESIAN_POINT('',(-39.72884820225,11.328675178183,
    6.584999052194));
#2899 = CARTESIAN_POINT('',(-39.75303292576,11.309627676129,
    6.607838417712));
#2900 = CARTESIAN_POINT('',(-39.77779883898,11.291093176637,
    6.630223127715));
#2901 = CARTESIAN_POINT('',(-39.80314582411,11.273089828741,
    6.652116874699));
#2902 = CARTESIAN_POINT('',(-39.86454499562,11.231761402804,
    6.702707454094));
#2903 = CARTESIAN_POINT('',(-39.90111096082,11.208911716686,
    6.730948376223));
#2904 = CARTESIAN_POINT('',(-39.93876035394,11.187147431852,
    6.75809247311));
#2905 = CARTESIAN_POINT('',(-39.97748051791,11.166530976553,
    6.784022240316));
#2906 = CARTESIAN_POINT('',(-40.01725705465,11.147128439969,
    6.808613151095));
#2907 = CARTESIAN_POINT('',(-40.09182883871,11.114025470724,
    6.850854056326));
#2908 = CARTESIAN_POINT('',(-40.12629898793,11.099917899196,
    6.868971039326));
#2909 = CARTESIAN_POINT('',(-40.16145212923,11.086736742865,
    6.885996556046));
#2910 = CARTESIAN_POINT('',(-40.1972552408,11.074529427672,
    6.901846050993));
#2911 = CARTESIAN_POINT('',(-40.2336744224,11.063340920246,
    6.916438462546));
#2912 = CARTESIAN_POINT('',(-40.29191580335,11.047399997911,
    6.937307122078));
#2913 = CARTESIAN_POINT('',(-40.31334396587,11.041937211605,
    6.944476745087));
#2914 = CARTESIAN_POINT('',(-40.33494950168,11.036834261106,
    6.951189387341));
#2915 = CARTESIAN_POINT('',(-40.3567210427,11.032099552859,
    6.957430250689));
#2916 = CARTESIAN_POINT('',(-40.37864573401,11.027741007639,
    6.963185443455));
#2917 = CARTESIAN_POINT('',(-40.4440972953,11.015949293099,6.97877900542
    ));
#2918 = CARTESIAN_POINT('',(-40.48804174864,11.00961224359,
    6.987192698199));
#2919 = CARTESIAN_POINT('',(-40.53240697479,11.004817559854,
    6.993576481632));
#2920 = CARTESIAN_POINT('',(-40.57705679496,11.001606482752,
    6.997858080782));
#2921 = CARTESIAN_POINT('',(-40.62185513114,11.,7.));
#2922 = CARTESIAN_POINT('',(-40.73421008502,11.,7.));
#2923 = CARTESIAN_POINT('',(-40.80166129303,11.00364994111,
    6.995133965301));
#2924 = CARTESIAN_POINT('',(-40.86860375615,11.01092994295,
    6.985425719232));
#2925 = CARTESIAN_POINT('',(-40.93461666682,11.021740223479,
    6.971059931444));
#2926 = CARTESIAN_POINT('',(-40.99927942515,11.035889235259,
    6.952377166869));
#2927 = CARTESIAN_POINT('',(-41.09964589642,11.063324019211,
    6.916459987899));
#2928 = CARTESIAN_POINT('',(-41.13652002662,11.074654646221,
    6.90168210344));
#2929 = CARTESIAN_POINT('',(-41.17276244379,11.087029583682,
    6.885615770044));
#2930 = CARTESIAN_POINT('',(-41.20833802082,11.100402163549,
    6.868345121313));
#2931 = CARTESIAN_POINT('',(-41.24321257004,11.114723148811,
    6.849957935726));
#2932 = CARTESIAN_POINT('',(-41.31883870033,11.148432517074,
    6.80695660847));
#2933 = CARTESIAN_POINT('',(-41.35924636924,11.168250517204,
    6.781850273102));
#2934 = CARTESIAN_POINT('',(-41.39855929592,11.189321452928,
    6.755364929047));
#2935 = CARTESIAN_POINT('',(-41.43676276972,11.211576048257,
    6.727631222354));
#2936 = CARTESIAN_POINT('',(-41.47384392348,11.234949032166,
    6.698772146606));
#2937 = CARTESIAN_POINT('',(-41.53498101474,11.276497756481,
    6.647973221178));
#2938 = CARTESIAN_POINT('',(-41.5596179142,11.294138188714,
    6.626543994839));
#2939 = CARTESIAN_POINT('',(-41.58370194817,11.312281935204,
    6.604651734903));
#2940 = CARTESIAN_POINT('',(-41.60723301154,11.330912278862,
    6.582329920775));
#2941 = CARTESIAN_POINT('',(-41.63021137785,11.350014285597,
    6.559609140267));
#2942 = CARTESIAN_POINT('',(-41.7153099424,11.424238320839,
    6.471984409687));
#2943 = CARTESIAN_POINT('',(-41.77368211148,11.482492824147,
    6.404540316052));
#2944 = CARTESIAN_POINT('',(-41.82774885908,11.544042269961,
    6.334801986852));
#2945 = CARTESIAN_POINT('',(-41.87749122759,11.608669999386,
    6.263247371538));
#2946 = CARTESIAN_POINT('',(-41.92285380771,11.676219638203,
    6.190250594485));
#2947 = CARTESIAN_POINT('',(-42.02611463382,11.853988057982,
    6.002939190394));
#2948 = CARTESIAN_POINT('',(-42.07810168689,11.968062212731,
    5.886985293684));
#2949 = CARTESIAN_POINT('',(-42.11905374629,12.088112583258,
    5.769652312126));
#2950 = CARTESIAN_POINT('',(-42.14815762907,12.213450823922,
    5.65212316475));
#2951 = CARTESIAN_POINT('',(-42.16439110602,12.343271901359,
    5.535494000204));
#2952 = CARTESIAN_POINT('',(-42.16648361681,12.476566510631,
    5.420764185532));
#2953 = CARTESIAN_POINT('',(-42.16648535253,12.476677707728,
    5.420668478976));
#2954 = CARTESIAN_POINT('',(-42.16648707839,12.476788906955,
    5.420572773995));
#2955 = CARTESIAN_POINT('',(-42.16648879438,12.476900108311,
    5.420477070588));
#2956 = CARTESIAN_POINT('',(-42.16649050051,12.477011311797,
    5.420381368756));
#2957 = CARTESIAN_POINT('',(-42.1664938929,12.477233713139,
    5.420189976753));
#2958 = CARTESIAN_POINT('',(-42.16649557915,12.477344910996,
    5.420094286581));
#2959 = CARTESIAN_POINT('',(-42.16649725554,12.47745611098,
    5.419998597985));
#2960 = CARTESIAN_POINT('',(-42.16649892207,12.477567313089,
    5.419902910968));
#2961 = CARTESIAN_POINT('',(-42.16650057873,12.477678517323,
    5.41980722553));
#2962 = CARTESIAN_POINT('',(-42.16650387217,12.477900920153,
    5.419615866318));
#2963 = CARTESIAN_POINT('',(-42.16650550896,12.478012118748,
    5.419520192545));
#2964 = CARTESIAN_POINT('',(-42.16650713588,12.478123319466,
    5.419424520352));
#2965 = CARTESIAN_POINT('',(-42.16650875294,12.478234522306,
    5.41932884974));
#2966 = CARTESIAN_POINT('',(-42.16651036013,12.478345727266,
    5.41923318071));
#2967 = CARTESIAN_POINT('',(-42.16651355464,12.478568131539,
    5.419041854321));
#2968 = CARTESIAN_POINT('',(-42.16651514196,12.478679330851,
    5.418946196962));
#2969 = CARTESIAN_POINT('',(-42.16651671941,12.478790532282,
    5.418850541186));
#2970 = CARTESIAN_POINT('',(-42.166518287,12.47890173583,5.418754886995)
  );
#2971 = CARTESIAN_POINT('',(-42.16651984472,12.479012941495,
    5.418659234388));
#2972 = CARTESIAN_POINT('',(-42.1665229403,12.479235347167,
    5.418467940853));
#2973 = CARTESIAN_POINT('',(-42.16652447815,12.479346547174,
    5.418372299923));
#2974 = CARTESIAN_POINT('',(-42.16652600613,12.479457749295,
    5.418276660581));
#2975 = CARTESIAN_POINT('',(-42.16652752425,12.47956895353,
    5.418181022825));
#2976 = CARTESIAN_POINT('',(-42.1665290325,12.479680159877,
    5.418085386658));
#2977 = CARTESIAN_POINT('',(-42.16653202914,12.479902566904,
    5.417894126006));
#2978 = CARTESIAN_POINT('',(-42.16653351752,12.480013767584,
    5.417798501522));
#2979 = CARTESIAN_POINT('',(-42.16653499604,12.480124970373,
    5.417702878628));
#2980 = CARTESIAN_POINT('',(-42.16653646469,12.480236175273,
    5.417607257323));
#2981 = CARTESIAN_POINT('',(-42.16653792347,12.480347382281,
    5.41751163761));
#2982 = CARTESIAN_POINT('',(-42.1665407712,12.480565956328,
    5.417323706616));
#2983 = CARTESIAN_POINT('',(-42.16654216083,12.480673323223,
    5.417231395226));
#2984 = CARTESIAN_POINT('',(-42.16654354126,12.480780692083,
    5.417139085321));
#2985 = CARTESIAN_POINT('',(-42.16654491249,12.480888062905,
    5.417046776901));
#2986 = CARTESIAN_POINT('',(-42.16654627452,12.48099543569,
    5.416954469967));
#2987 = CARTESIAN_POINT('',(-42.16654902837,12.481214010269,
    5.41676657081));
#2988 = CARTESIAN_POINT('',(-42.16655041952,12.481325212206,
    5.416670978694));
#2989 = CARTESIAN_POINT('',(-42.1665518008,12.481436416246,
    5.416575388173));
#2990 = CARTESIAN_POINT('',(-42.16655317222,12.481547622387,
    5.416479799249));
#2991 = CARTESIAN_POINT('',(-42.16655453376,12.481658830629,
    5.416384211922));
#2992 = CARTESIAN_POINT('',(-42.16655723699,12.481881241416,
    5.41619304897));
#2993 = CARTESIAN_POINT('',(-42.16655857867,12.48199244396,
    5.416097473345));
#2994 = CARTESIAN_POINT('',(-42.16655991049,12.482103648603,
    5.416001899318));
#2995 = CARTESIAN_POINT('',(-42.16656123243,12.482214855344,
    5.415906326891));
#2996 = CARTESIAN_POINT('',(-42.1665625445,12.482326064181,
    5.415810756063));
#2997 = CARTESIAN_POINT('',(-42.16656514879,12.482548476148,
    5.415619626117));
#2998 = CARTESIAN_POINT('',(-42.166566441,12.482659679278,5.415524066998
    ));
#2999 = CARTESIAN_POINT('',(-42.16656772335,12.482770884502,
    5.41542850948));
#3000 = CARTESIAN_POINT('',(-42.16656899582,12.48288209182,
    5.415332953565));
#3001 = CARTESIAN_POINT('',(-42.16657025842,12.48299330123,
    5.415237399253));
#3002 = CARTESIAN_POINT('',(-42.16657267738,12.483208045576,
    5.415052891326));
#3003 = CARTESIAN_POINT('',(-42.16657383506,12.483311580233,
    5.414963937496));
#3004 = CARTESIAN_POINT('',(-42.16657498418,12.483415116701,
    5.414874985058));
#3005 = CARTESIAN_POINT('',(-42.16657612474,12.483518654981,
    5.414786034011));
#3006 = CARTESIAN_POINT('',(-42.16657725674,12.483622195071,
    5.414697084357));
#3007 = CARTESIAN_POINT('',(-42.16657946193,12.483825435875,
    5.414522489182));
#3008 = CARTESIAN_POINT('',(-42.16658053575,12.483925136456,
    5.414436843561));
#3009 = CARTESIAN_POINT('',(-42.16658160162,12.484024838714,
    5.414351199232));
#3010 = CARTESIAN_POINT('',(-42.16658265956,12.484124542649,
    5.414265556195));
#3011 = CARTESIAN_POINT('',(-42.16658370957,12.48422424826,
    5.414179914452));
#3012 = CARTESIAN_POINT('',(-42.16658591384,12.484435158128,
    5.413998760029));
#3013 = CARTESIAN_POINT('',(-42.16658706618,12.484546362794,
    5.413903247664));
#3014 = CARTESIAN_POINT('',(-42.16658820864,12.484657569542,
    5.41380773691));
#3015 = CARTESIAN_POINT('',(-42.16658934123,12.484768778373,
    5.413712227768));
#3016 = CARTESIAN_POINT('',(-42.16659046394,12.484879989285,
    5.413616720237));
#3017 = CARTESIAN_POINT('',(-42.16659265115,12.48509857094,
    5.413429009779));
#3018 = CARTESIAN_POINT('',(-42.16659371632,12.485205941542,
    5.413336806743));
#3019 = CARTESIAN_POINT('',(-42.16659477228,12.485313314082,
    5.41324460521));
#3020 = CARTESIAN_POINT('',(-42.16659581903,12.485420688559,
    5.413152405183));
#3021 = CARTESIAN_POINT('',(-42.16659685658,12.485528064972,
    5.41306020666));
#3022 = CARTESIAN_POINT('',(-42.1665989499,12.485746646875,
    5.412872528237));
#3023 = CARTESIAN_POINT('',(-42.166600005,12.485857852505,5.412777048445
    ));
#3024 = CARTESIAN_POINT('',(-42.16660105022,12.48596906021,5.41268157027
    ));
#3025 = CARTESIAN_POINT('',(-42.16660208557,12.486080269989,
    5.412586093711));
#3026 = CARTESIAN_POINT('',(-42.16660311105,12.486191481841,
    5.412490618771));
#3027 = CARTESIAN_POINT('',(-42.16660514215,12.486413899781,
    5.412299680634));
#3028 = CARTESIAN_POINT('',(-42.16660614778,12.486525105869,
    5.412204217436));
#3029 = CARTESIAN_POINT('',(-42.16660714353,12.486636314027,
    5.412108755859));
#3030 = CARTESIAN_POINT('',(-42.16660812941,12.486747524256,
    5.412013295901));
#3031 = CARTESIAN_POINT('',(-42.16660910541,12.486858736554,
    5.411917837564));
#3032 = CARTESIAN_POINT('',(-42.16661103757,12.487081155376,
    5.411726932641));
#3033 = CARTESIAN_POINT('',(-42.16661199373,12.487192361899,
    5.411631486053));
#3034 = CARTESIAN_POINT('',(-42.16661294001,12.48730357049,
    5.411536041088));
#3035 = CARTESIAN_POINT('',(-42.16661387642,12.487414781146,
    5.411440597746));
#3036 = CARTESIAN_POINT('',(-42.16661480295,12.487525993868,
    5.411345156029));
#3037 = CARTESIAN_POINT('',(-42.16661663616,12.487748413527,
    5.411154284349));
#3038 = CARTESIAN_POINT('',(-42.16661754285,12.487859620465,
    5.411058854387));
#3039 = CARTESIAN_POINT('',(-42.16661843966,12.487970829465,
    5.41096342605));
#3040 = CARTESIAN_POINT('',(-42.16661932659,12.488082040527,
    5.410867999339));
#3041 = CARTESIAN_POINT('',(-42.16662020365,12.48819325365,
    5.410772574256));
#3042 = CARTESIAN_POINT('',(-42.16662193792,12.488415674103,
    5.410581735851));
#3043 = CARTESIAN_POINT('',(-42.16662279513,12.488526881432,
    5.410486322529));
#3044 = CARTESIAN_POINT('',(-42.16662364247,12.488638090821,
    5.410390910835));
#3045 = CARTESIAN_POINT('',(-42.16662447993,12.488749302266,
    5.410295500771));
#3046 = CARTESIAN_POINT('',(-42.16662530751,12.488860515769,
    5.410200092337));
#3047 = CARTESIAN_POINT('',(-42.16662694284,12.489082936971,
    5.410009287237));
#3048 = CARTESIAN_POINT('',(-42.16662775058,12.489194144671,
    5.40991389057));
#3049 = CARTESIAN_POINT('',(-42.16662854845,12.489305354425,
    5.409818495535));
#3050 = CARTESIAN_POINT('',(-42.16662933644,12.489416566232,
    5.409723102133));
#3051 = CARTESIAN_POINT('',(-42.16663011454,12.489527780092,
    5.409627710364));
#3052 = CARTESIAN_POINT('',(-42.16663165092,12.489750202,5.409436938599)
  );
#3053 = CARTESIAN_POINT('',(-42.1666324092,12.489861410047,
    5.409341558603));
#3054 = CARTESIAN_POINT('',(-42.16663315759,12.489972620145,
    5.409246180242));
#3055 = CARTESIAN_POINT('',(-42.16663389611,12.490083832292,
    5.409150803516));
#3056 = CARTESIAN_POINT('',(-42.16663462474,12.490195046488,
    5.409055428427));
#3057 = CARTESIAN_POINT('',(-42.16663606217,12.490417469057,
    5.408864690028));
#3058 = CARTESIAN_POINT('',(-42.16663677098,12.49052867743,
    5.408769326718));
#3059 = CARTESIAN_POINT('',(-42.1666374699,12.49063988785,5.408673965045
    ));
#3060 = CARTESIAN_POINT('',(-42.16663815894,12.490751100315,
    5.408578605012));
#3061 = CARTESIAN_POINT('',(-42.1666388381,12.490862314824,
    5.408483246618));
#3062 = CARTESIAN_POINT('',(-42.16664017659,12.491084738011,
    5.408292541615));
#3063 = CARTESIAN_POINT('',(-42.16664083592,12.491195946688,
    5.408197195006));
#3064 = CARTESIAN_POINT('',(-42.16664148537,12.491307157407,
    5.408101850037));
#3065 = CARTESIAN_POINT('',(-42.16664212493,12.491418370168,
    5.408006506711));
#3066 = CARTESIAN_POINT('',(-42.16664275462,12.491529584969,
    5.407911165027));
#3067 = CARTESIAN_POINT('',(-42.16664399416,12.491752008729,
    5.407720493451));
#3068 = CARTESIAN_POINT('',(-42.16664460402,12.491863217688,
    5.407625163558));
#3069 = CARTESIAN_POINT('',(-42.166645204,12.491974428685,5.407529835309
    ));
#3070 = CARTESIAN_POINT('',(-42.16664579409,12.492085641719,
    5.407434508705));
#3071 = CARTESIAN_POINT('',(-42.1666463743,12.492196856789,
    5.407339183746));
#3072 = CARTESIAN_POINT('',(-42.16664749523,12.492415446514,
    5.407151832203));
#3073 = CARTESIAN_POINT('',(-42.16664803663,12.492522821029,
    5.407059805506));
#3074 = CARTESIAN_POINT('',(-42.16664856881,12.492630197441,
    5.406967780344));
#3075 = CARTESIAN_POINT('',(-42.16664909177,12.492737575748,
    5.406875756718));
#3076 = CARTESIAN_POINT('',(-42.16664960552,12.49284495595,
    5.406783734629));
#3077 = CARTESIAN_POINT('',(-42.16665057851,12.493052041707,
    5.406606273522));
#3078 = CARTESIAN_POINT('',(-42.16665103903,12.493151747002,
    5.406520834292));
#3079 = CARTESIAN_POINT('',(-42.16665149159,12.493251453929,
    5.406435396388));
#3080 = CARTESIAN_POINT('',(-42.16665193621,12.493351162487,
    5.40634995981));
#3081 = CARTESIAN_POINT('',(-42.16665237289,12.493450872675,
    5.40626452456));
#3082 = CARTESIAN_POINT('',(-42.16665327977,12.49366179211,5.40608380702
    ));
#3083 = CARTESIAN_POINT('',(-42.16665374803,12.493773001754,
    5.405988525054));
#3084 = CARTESIAN_POINT('',(-42.16665420642,12.493884213424,
    5.405893244741));
#3085 = CARTESIAN_POINT('',(-42.16665465491,12.49399542712,
    5.405797966081));
#3086 = CARTESIAN_POINT('',(-42.16665509352,12.494106642841,
    5.405702689076));
#3087 = CARTESIAN_POINT('',(-42.16665592136,12.494321399216,
    5.405518716733));
#3088 = CARTESIAN_POINT('',(-42.16665631191,12.494424939601,
    5.405430021176));
#3089 = CARTESIAN_POINT('',(-42.16665669389,12.49452848174,
    5.405341327053));
#3090 = CARTESIAN_POINT('',(-42.1666570673,12.494632025631,
    5.405252634367));
#3091 = CARTESIAN_POINT('',(-42.16665743214,12.494735571273,
    5.405163943117));
#3092 = CARTESIAN_POINT('',(-42.16665817103,12.494950326651,
    5.404980002087));
#3093 = CARTESIAN_POINT('',(-42.16665854376,12.495061536655,
    5.404884752527));
#3094 = CARTESIAN_POINT('',(-42.16665890661,12.495172748678,
    5.404789504625));
#3095 = CARTESIAN_POINT('',(-42.16665925957,12.495283962718,
    5.404694258383));
#3096 = CARTESIAN_POINT('',(-42.16665960264,12.495395178775,
    5.404599013802));
#3097 = CARTESIAN_POINT('',(-42.16666026898,12.495617604991,
    5.404408536464));
#3098 = CARTESIAN_POINT('',(-42.16666059224,12.49572881515,
    5.404313303708));
#3099 = CARTESIAN_POINT('',(-42.16666090561,12.495840027323,
    5.404218072614));
#3100 = CARTESIAN_POINT('',(-42.1666612091,12.495951241509,
    5.404122843182));
#3101 = CARTESIAN_POINT('',(-42.1666615027,12.496062457708,
    5.404027615413));
#3102 = CARTESIAN_POINT('',(-42.1666620603,12.496281049596,
    5.403840454932));
#3103 = CARTESIAN_POINT('',(-42.16666232498,12.496388425148,
    5.403748522105));
#3104 = CARTESIAN_POINT('',(-42.16666258044,12.496495802573,
    5.403656590831));
#3105 = CARTESIAN_POINT('',(-42.16666282668,12.496603181872,
    5.40356466111));
#3106 = CARTESIAN_POINT('',(-42.1666630637,12.496710563044,
    5.403472732942));
#3107 = CARTESIAN_POINT('',(-42.16666351928,12.496925319871,
    5.403288887641));
#3108 = CARTESIAN_POINT('',(-42.16666373784,12.497032695526,
    5.403196970508));
#3109 = CARTESIAN_POINT('',(-42.16666394718,12.497140073051,
    5.403105054929));
#3110 = CARTESIAN_POINT('',(-42.1666641473,12.497247452446,
    5.403013140906));
#3111 = CARTESIAN_POINT('',(-42.1666643382,12.49735483371,5.402921228439
    ));
#3112 = CARTESIAN_POINT('',(-42.16666469505,12.497565756091,
    5.402740696658));
#3113 = CARTESIAN_POINT('',(-42.16666486165,12.497669297077,
    5.402652077235));
#3114 = CARTESIAN_POINT('',(-42.16666501968,12.497772839799,
    5.402563459259));
#3115 = CARTESIAN_POINT('',(-42.16666516913,12.497876384256,
    5.402474842733));
#3116 = CARTESIAN_POINT('',(-42.16666531001,12.497979930447,
    5.402386227656));
#3117 = CARTESIAN_POINT('',(-42.1666655844,12.49819468692,5.40220244464)
  );
#3118 = CARTESIAN_POINT('',(-42.1666657166,12.498305897469,
    5.402107276923));
#3119 = CARTESIAN_POINT('',(-42.1666658389,12.498417110015,
    5.402012110879));
#3120 = CARTESIAN_POINT('',(-42.16666595132,12.49852832456,5.40191694651
    ));
#3121 = CARTESIAN_POINT('',(-42.16666605384,12.498639541101,
    5.401821783816));
#3122 = CARTESIAN_POINT('',(-42.16666623908,12.498861968238,
    5.401631470283));
#3123 = CARTESIAN_POINT('',(-42.1666663218,12.498973178833,
    5.401536319443));
#3124 = CARTESIAN_POINT('',(-42.16666639464,12.499084391423,
    5.40144117028));
#3125 = CARTESIAN_POINT('',(-42.16666645758,12.499195606007,
    5.401346022794));
#3126 = CARTESIAN_POINT('',(-42.16666651062,12.499306822583,
    5.401250876986));
#3127 = CARTESIAN_POINT('',(-42.1666665914,12.499515030508,5.40107276139
    ));
#3128 = CARTESIAN_POINT('',(-42.1666666215,12.499612021379,
    5.400989791198));
#3129 = CARTESIAN_POINT('',(-42.16666664408,12.499709013765,
    5.400906822285));
#3130 = CARTESIAN_POINT('',(-42.16666665914,12.499806007664,
    5.400823854649));
#3131 = CARTESIAN_POINT('',(-42.16666666666,12.499903003076,
    5.400740888292));
#3132 = CARTESIAN_POINT('',(-42.16666666666,12.5,5.400657923215));
#3133 = ORIENTED_EDGE('',*,*,#2831,.F.);
#3134 = CYLINDRICAL_SURFACE('',#3135,1.5);
#3135 = AXIS2_PLACEMENT_3D('',#3136,#3137,#3138);
#3136 = CARTESIAN_POINT('',(-40.66666666666,12.5,0.));
#3137 = DIRECTION('',(0.,0.,-1.));
#3138 = DIRECTION('',(-1.,0.,0.));
#3139 = ADVANCED_FACE('',(#3140),#3160,.T.);
#3140 = FACE_BOUND('',#3141,.F.);
#3141 = EDGE_LOOP('',(#3142,#3143,#3144,#3152,#3159));
#3142 = ORIENTED_EDGE('',*,*,#935,.F.);
#3143 = ORIENTED_EDGE('',*,*,#2856,.T.);
#3144 = ORIENTED_EDGE('',*,*,#3145,.F.);
#3145 = EDGE_CURVE('',#3146,#2848,#3148,.T.);
#3146 = VERTEX_POINT('',#3147);
#3147 = CARTESIAN_POINT('',(-39.16666666666,19.,3.));
#3148 = LINE('',#3149,#3150);
#3149 = CARTESIAN_POINT('',(-39.16666666666,28.91539213977,3.));
#3150 = VECTOR('',#3151,1.);
#3151 = DIRECTION('',(0.,1.,0.));
#3152 = ORIENTED_EDGE('',*,*,#3153,.F.);
#3153 = EDGE_CURVE('',#2872,#3146,#3154,.T.);
#3154 = CIRCLE('',#3155,10.);
#3155 = AXIS2_PLACEMENT_3D('',#3156,#3157,#3158);
#3156 = CARTESIAN_POINT('',(-39.16666666666,19.,13.));
#3157 = DIRECTION('',(1.,0.,0.));
#3158 = DIRECTION('',(0.,-1.,0.));
#3159 = ORIENTED_EDGE('',*,*,#2871,.F.);
#3160 = PLANE('',#3161);
#3161 = AXIS2_PLACEMENT_3D('',#3162,#3163,#3164);
#3162 = CARTESIAN_POINT('',(-39.16666666666,22.5,0.));
#3163 = DIRECTION('',(-1.,-0.,-0.));
#3164 = DIRECTION('',(0.,1.,0.));
#3165 = ADVANCED_FACE('',(#3166),#3200,.F.);
#3166 = FACE_BOUND('',#3167,.T.);
#3167 = EDGE_LOOP('',(#3168,#3169,#3177,#3185,#3194));
#3168 = ORIENTED_EDGE('',*,*,#952,.F.);
#3169 = ORIENTED_EDGE('',*,*,#3170,.T.);
#3170 = EDGE_CURVE('',#953,#3171,#3173,.T.);
#3171 = VERTEX_POINT('',#3172);
#3172 = CARTESIAN_POINT('',(-48.5,38.5,3.));
#3173 = LINE('',#3174,#3175);
#3174 = CARTESIAN_POINT('',(-48.5,38.5,0.));
#3175 = VECTOR('',#3176,1.);
#3176 = DIRECTION('',(0.,0.,1.));
#3177 = ORIENTED_EDGE('',*,*,#3178,.F.);
#3178 = EDGE_CURVE('',#3179,#3171,#3181,.T.);
#3179 = VERTEX_POINT('',#3180);
#3180 = CARTESIAN_POINT('',(-48.5,19.,3.));
#3181 = LINE('',#3182,#3183);
#3182 = CARTESIAN_POINT('',(-48.5,36.91539213977,3.));
#3183 = VECTOR('',#3184,1.);
#3184 = DIRECTION('',(0.,1.,0.));
#3185 = ORIENTED_EDGE('',*,*,#3186,.F.);
#3186 = EDGE_CURVE('',#3187,#3179,#3189,.T.);
#3187 = VERTEX_POINT('',#3188);
#3188 = CARTESIAN_POINT('',(-48.5,12.5,5.400657923215));
#3189 = CIRCLE('',#3190,10.);
#3190 = AXIS2_PLACEMENT_3D('',#3191,#3192,#3193);
#3191 = CARTESIAN_POINT('',(-48.5,19.,13.));
#3192 = DIRECTION('',(1.,0.,0.));
#3193 = DIRECTION('',(0.,-1.,0.));
#3194 = ORIENTED_EDGE('',*,*,#3195,.F.);
#3195 = EDGE_CURVE('',#955,#3187,#3196,.T.);
#3196 = LINE('',#3197,#3198);
#3197 = CARTESIAN_POINT('',(-48.5,12.5,0.));
#3198 = VECTOR('',#3199,1.);
#3199 = DIRECTION('',(0.,0.,1.));
#3200 = PLANE('',#3201);
#3201 = AXIS2_PLACEMENT_3D('',#3202,#3203,#3204);
#3202 = CARTESIAN_POINT('',(-48.5,38.5,0.));
#3203 = DIRECTION('',(-1.,-0.,-0.));
#3204 = DIRECTION('',(0.,1.,0.));
#3205 = ADVANCED_FACE('',(#3206),#3225,.F.);
#3206 = FACE_BOUND('',#3207,.F.);
#3207 = EDGE_LOOP('',(#3208,#3209,#3210,#3219));
#3208 = ORIENTED_EDGE('',*,*,#962,.F.);
#3209 = ORIENTED_EDGE('',*,*,#3170,.T.);
#3210 = ORIENTED_EDGE('',*,*,#3211,.F.);
#3211 = EDGE_CURVE('',#3212,#3171,#3214,.T.);
#3212 = VERTEX_POINT('',#3213);
#3213 = CARTESIAN_POINT('',(-45.5,38.5,3.));
#3214 = CIRCLE('',#3215,1.5);
#3215 = AXIS2_PLACEMENT_3D('',#3216,#3217,#3218);
#3216 = CARTESIAN_POINT('',(-47.,38.5,3.));
#3217 = DIRECTION('',(0.,0.,1.));
#3218 = DIRECTION('',(-1.,0.,0.));
#3219 = ORIENTED_EDGE('',*,*,#3220,.F.);
#3220 = EDGE_CURVE('',#963,#3212,#3221,.T.);
#3221 = LINE('',#3222,#3223);
#3222 = CARTESIAN_POINT('',(-45.5,38.5,0.));
#3223 = VECTOR('',#3224,1.);
#3224 = DIRECTION('',(0.,0.,1.));
#3225 = CYLINDRICAL_SURFACE('',#3226,1.5);
#3226 = AXIS2_PLACEMENT_3D('',#3227,#3228,#3229);
#3227 = CARTESIAN_POINT('',(-47.,38.5,0.));
#3228 = DIRECTION('',(0.,0.,-1.));
#3229 = DIRECTION('',(-1.,0.,0.));
#3230 = ADVANCED_FACE('',(#3231),#3498,.F.);
#3231 = FACE_BOUND('',#3232,.F.);
#3232 = EDGE_LOOP('',(#3233,#3234,#3242,#3497));
#3233 = ORIENTED_EDGE('',*,*,#979,.F.);
#3234 = ORIENTED_EDGE('',*,*,#3235,.T.);
#3235 = EDGE_CURVE('',#972,#3236,#3238,.T.);
#3236 = VERTEX_POINT('',#3237);
#3237 = CARTESIAN_POINT('',(-45.5,12.5,5.400657923215));
#3238 = LINE('',#3239,#3240);
#3239 = CARTESIAN_POINT('',(-45.5,12.5,0.));
#3240 = VECTOR('',#3241,1.);
#3241 = DIRECTION('',(0.,0.,1.));
#3242 = ORIENTED_EDGE('',*,*,#3243,.T.);
#3243 = EDGE_CURVE('',#3236,#3187,#3244,.T.);
#3244 = B_SPLINE_CURVE_WITH_KNOTS('',6,(#3245,#3246,#3247,#3248,#3249,
    #3250,#3251,#3252,#3253,#3254,#3255,#3256,#3257,#3258,#3259,#3260,
    #3261,#3262,#3263,#3264,#3265,#3266,#3267,#3268,#3269,#3270,#3271,
    #3272,#3273,#3274,#3275,#3276,#3277,#3278,#3279,#3280,#3281,#3282,
    #3283,#3284,#3285,#3286,#3287,#3288,#3289,#3290,#3291,#3292,#3293,
    #3294,#3295,#3296,#3297,#3298,#3299,#3300,#3301,#3302,#3303,#3304,
    #3305,#3306,#3307,#3308,#3309,#3310,#3311,#3312,#3313,#3314,#3315,
    #3316,#3317,#3318,#3319,#3320,#3321,#3322,#3323,#3324,#3325,#3326,
    #3327,#3328,#3329,#3330,#3331,#3332,#3333,#3334,#3335,#3336,#3337,
    #3338,#3339,#3340,#3341,#3342,#3343,#3344,#3345,#3346,#3347,#3348,
    #3349,#3350,#3351,#3352,#3353,#3354,#3355,#3356,#3357,#3358,#3359,
    #3360,#3361,#3362,#3363,#3364,#3365,#3366,#3367,#3368,#3369,#3370,
    #3371,#3372,#3373,#3374,#3375,#3376,#3377,#3378,#3379,#3380,#3381,
    #3382,#3383,#3384,#3385,#3386,#3387,#3388,#3389,#3390,#3391,#3392,
    #3393,#3394,#3395,#3396,#3397,#3398,#3399,#3400,#3401,#3402,#3403,
    #3404,#3405,#3406,#3407,#3408,#3409,#3410,#3411,#3412,#3413,#3414,
    #3415,#3416,#3417,#3418,#3419,#3420,#3421,#3422,#3423,#3424,#3425,
    #3426,#3427,#3428,#3429,#3430,#3431,#3432,#3433,#3434,#3435,#3436,
    #3437,#3438,#3439,#3440,#3441,#3442,#3443,#3444,#3445,#3446,#3447,
    #3448,#3449,#3450,#3451,#3452,#3453,#3454,#3455,#3456,#3457,#3458,
    #3459,#3460,#3461,#3462,#3463,#3464,#3465,#3466,#3467,#3468,#3469,
    #3470,#3471,#3472,#3473,#3474,#3475,#3476,#3477,#3478,#3479,#3480,
    #3481,#3482,#3483,#3484,#3485,#3486,#3487,#3488,#3489,#3490,#3491,
    #3492,#3493,#3494,#3495,#3496),.UNSPECIFIED.,.F.,.F.,(7,5,5,5,5,5,5,
    5,5,5,5,5,5,5,5,5,5,5,5,5,5,5,5,5,5,5,5,5,5,5,5,5,5,5,5,5,5,5,5,5,5,
    5,5,5,5,5,5,5,5,5,7),(0.,5.753600332785E-02,0.172058494531,
    0.281938815855,0.322083607038,0.377005899998,0.422426013398,
    0.448500394831,0.49977588905,0.577062286792,0.623104516466,
    0.679053154595,0.718257387594,0.827816911178,0.995079904257,
    0.995219552296,0.995359187922,0.995498811136,0.995638421936,
    0.99577802032,0.995917606288,0.996052367164,0.996191928724,
    0.996331477865,0.996471014585,0.996600916917,0.996725997875,
    0.99686549947,0.997000178877,0.997139656051,0.997279120799,
    0.997418573121,0.997558013015,0.99769744048,0.997836855515,
    0.997976258121,0.998115648295,0.998255026036,0.998394391346,
    0.998528939156,0.99865386603,0.998793195751,0.998922905347,
    0.999062211053,0.999201504322,0.999335982573,0.999470449228,
    0.999600102521,0.99973934775,0.999878580538,1.),.UNSPECIFIED.);
#3245 = CARTESIAN_POINT('',(-45.5,12.5,5.400657923215));
#3246 = CARTESIAN_POINT('',(-45.5,12.454036040662,5.439972607654));
#3247 = CARTESIAN_POINT('',(-45.50169013966,12.408418216029,
    5.479568974406));
#3248 = CARTESIAN_POINT('',(-45.50502273129,12.363204354296,
    5.51939451046));
#3249 = CARTESIAN_POINT('',(-45.50995066822,12.318448553568,
    5.55939542096));
#3250 = CARTESIAN_POINT('',(-45.51642742484,12.274201181863,
    5.599516629198));
#3251 = CARTESIAN_POINT('',(-45.54029010808,12.143541564518,
    5.719688270739));
#3252 = CARTESIAN_POINT('',(-45.56212258887,12.058799832808,
    5.799904249961));
#3253 = CARTESIAN_POINT('',(-45.58955711149,11.976531732818,
    5.880013305753));
#3254 = CARTESIAN_POINT('',(-45.62231166126,11.896944988185,
    5.959672018214));
#3255 = CARTESIAN_POINT('',(-45.66016129494,11.820233141471,
    6.038506722413));
#3256 = CARTESIAN_POINT('',(-45.74396476028,11.675954910016,
    6.190528977277));
#3257 = CARTESIAN_POINT('',(-45.7895311376,11.608138194874,
    6.263821675715));
#3258 = CARTESIAN_POINT('',(-45.83951289364,11.543267940868,
    6.33565910735));
#3259 = CARTESIAN_POINT('',(-45.89385426071,11.481502516381,
    6.40566236408));
#3260 = CARTESIAN_POINT('',(-45.95253642722,11.423061732085,
    6.473346772355));
#3261 = CARTESIAN_POINT('',(-46.03857773062,11.348219475164,
    6.561738176366));
#3262 = CARTESIAN_POINT('',(-46.06218153558,11.328675178183,
    6.584999052194));
#3263 = CARTESIAN_POINT('',(-46.08636625909,11.309627676129,
    6.607838417712));
#3264 = CARTESIAN_POINT('',(-46.11113217232,11.291093176637,
    6.630223127715));
#3265 = CARTESIAN_POINT('',(-46.13647915744,11.273089828741,
    6.652116874699));
#3266 = CARTESIAN_POINT('',(-46.19787832108,11.231761408104,
    6.702707447606));
#3267 = CARTESIAN_POINT('',(-46.23444429688,11.208911715955,
    6.730948377231));
#3268 = CARTESIAN_POINT('',(-46.27209369573,11.187147427194,
    6.758092478921));
#3269 = CARTESIAN_POINT('',(-46.31081385302,11.166530974804,
    6.784022242404));
#3270 = CARTESIAN_POINT('',(-46.35059037891,11.147128443997,
    6.808613145955));
#3271 = CARTESIAN_POINT('',(-46.42516217204,11.114025470724,
    6.850854056326));
#3272 = CARTESIAN_POINT('',(-46.45963232126,11.099917899196,
    6.868971039326));
#3273 = CARTESIAN_POINT('',(-46.49478546257,11.086736742865,
    6.885996556046));
#3274 = CARTESIAN_POINT('',(-46.53058857413,11.074529427672,
    6.901846050993));
#3275 = CARTESIAN_POINT('',(-46.56700775574,11.063340920246,
    6.916438462546));
#3276 = CARTESIAN_POINT('',(-46.62524913668,11.047399997911,
    6.937307122078));
#3277 = CARTESIAN_POINT('',(-46.6466772992,11.041937211605,
    6.944476745087));
#3278 = CARTESIAN_POINT('',(-46.66828283502,11.036834261106,
    6.951189387341));
#3279 = CARTESIAN_POINT('',(-46.69005437603,11.032099552859,
    6.957430250689));
#3280 = CARTESIAN_POINT('',(-46.71197906734,11.027741007639,
    6.963185443455));
#3281 = CARTESIAN_POINT('',(-46.77743062863,11.015949293099,
    6.97877900542));
#3282 = CARTESIAN_POINT('',(-46.82137508197,11.00961224359,
    6.987192698199));
#3283 = CARTESIAN_POINT('',(-46.86574030813,11.004817559854,
    6.993576481632));
#3284 = CARTESIAN_POINT('',(-46.91039012829,11.001606482752,
    6.997858080782));
#3285 = CARTESIAN_POINT('',(-46.95518846448,11.,7.));
#3286 = CARTESIAN_POINT('',(-47.06754341835,11.,7.));
#3287 = CARTESIAN_POINT('',(-47.13499462636,11.00364994111,
    6.995133965301));
#3288 = CARTESIAN_POINT('',(-47.20193708949,11.01092994295,
    6.985425719232));
#3289 = CARTESIAN_POINT('',(-47.26795000015,11.021740223479,
    6.971059931444));
#3290 = CARTESIAN_POINT('',(-47.33261275848,11.035889235259,
    6.952377166869));
#3291 = CARTESIAN_POINT('',(-47.43297922976,11.063324019211,
    6.916459987899));
#3292 = CARTESIAN_POINT('',(-47.46985335995,11.074654646221,
    6.90168210344));
#3293 = CARTESIAN_POINT('',(-47.50609577713,11.087029583682,
    6.885615770044));
#3294 = CARTESIAN_POINT('',(-47.54167135415,11.100402163549,
    6.868345121313));
#3295 = CARTESIAN_POINT('',(-47.57654590337,11.114723148811,
    6.849957935726));
#3296 = CARTESIAN_POINT('',(-47.65217204299,11.148432521234,
    6.806956603164));
#3297 = CARTESIAN_POINT('',(-47.69257970061,11.168250515287,
    6.78185027539));
#3298 = CARTESIAN_POINT('',(-47.73189262046,11.189321448043,
    6.755364935134));
#3299 = CARTESIAN_POINT('',(-47.77009610043,11.211576047638,
    6.727631223231));
#3300 = CARTESIAN_POINT('',(-47.80717726532,11.234949037947,
    6.698772139537));
#3301 = CARTESIAN_POINT('',(-47.86831434807,11.276497756481,
    6.647973221178));
#3302 = CARTESIAN_POINT('',(-47.89295124754,11.294138188714,
    6.626543994839));
#3303 = CARTESIAN_POINT('',(-47.9170352815,11.312281935204,
    6.604651734903));
#3304 = CARTESIAN_POINT('',(-47.94056634488,11.330912278862,
    6.582329920775));
#3305 = CARTESIAN_POINT('',(-47.96354471118,11.350014285597,
    6.559609140267));
#3306 = CARTESIAN_POINT('',(-48.04864327201,11.424238317591,
    6.471984413521));
#3307 = CARTESIAN_POINT('',(-48.10701544989,11.48249283,6.404540309499)
  );
#3308 = CARTESIAN_POINT('',(-48.16108219303,11.544042269556,
    6.334801987086));
#3309 = CARTESIAN_POINT('',(-48.21082455615,11.608669993348,
    6.263247378195));
#3310 = CARTESIAN_POINT('',(-48.25618714345,11.676219642335,
    6.19025059013));
#3311 = CARTESIAN_POINT('',(-48.35944796715,11.853988057982,
    6.002939190394));
#3312 = CARTESIAN_POINT('',(-48.41143502023,11.968062212731,
    5.886985293684));
#3313 = CARTESIAN_POINT('',(-48.45238707962,12.088112583257,
    5.769652312126));
#3314 = CARTESIAN_POINT('',(-48.4814909624,12.213450823923,5.65212316475
    ));
#3315 = CARTESIAN_POINT('',(-48.49772443935,12.343271901359,
    5.535494000204));
#3316 = CARTESIAN_POINT('',(-48.49981695014,12.476566510631,
    5.420764185532));
#3317 = CARTESIAN_POINT('',(-48.49981868586,12.476677707728,
    5.420668478976));
#3318 = CARTESIAN_POINT('',(-48.49982041172,12.476788906955,
    5.420572773995));
#3319 = CARTESIAN_POINT('',(-48.49982212771,12.476900108311,
    5.420477070588));
#3320 = CARTESIAN_POINT('',(-48.49982383385,12.477011311797,
    5.420381368756));
#3321 = CARTESIAN_POINT('',(-48.49982722623,12.477233713139,
    5.420189976753));
#3322 = CARTESIAN_POINT('',(-48.49982891248,12.477344910996,
    5.420094286581));
#3323 = CARTESIAN_POINT('',(-48.49983058887,12.47745611098,
    5.419998597985));
#3324 = CARTESIAN_POINT('',(-48.4998322554,12.477567313089,
    5.419902910968));
#3325 = CARTESIAN_POINT('',(-48.49983391206,12.477678517323,
    5.41980722553));
#3326 = CARTESIAN_POINT('',(-48.49983720551,12.477900920153,
    5.419615866318));
#3327 = CARTESIAN_POINT('',(-48.49983884229,12.478012118748,
    5.419520192545));
#3328 = CARTESIAN_POINT('',(-48.49984046922,12.478123319466,
    5.419424520352));
#3329 = CARTESIAN_POINT('',(-48.49984208627,12.478234522306,
    5.41932884974));
#3330 = CARTESIAN_POINT('',(-48.49984369347,12.478345727266,
    5.41923318071));
#3331 = CARTESIAN_POINT('',(-48.49984688797,12.478568131539,
    5.419041854321));
#3332 = CARTESIAN_POINT('',(-48.49984847529,12.478679330851,
    5.418946196962));
#3333 = CARTESIAN_POINT('',(-48.49985005275,12.478790532282,
    5.418850541186));
#3334 = CARTESIAN_POINT('',(-48.49985162034,12.47890173583,
    5.418754886995));
#3335 = CARTESIAN_POINT('',(-48.49985317806,12.479012941495,
    5.418659234388));
#3336 = CARTESIAN_POINT('',(-48.49985627363,12.479235347167,
    5.418467940853));
#3337 = CARTESIAN_POINT('',(-48.49985781148,12.479346547174,
    5.418372299923));
#3338 = CARTESIAN_POINT('',(-48.49985933947,12.479457749295,
    5.418276660581));
#3339 = CARTESIAN_POINT('',(-48.49986085759,12.47956895353,
    5.418181022825));
#3340 = CARTESIAN_POINT('',(-48.49986236584,12.479680159877,
    5.418085386658));
#3341 = CARTESIAN_POINT('',(-48.49986536247,12.479902566904,
    5.417894126006));
#3342 = CARTESIAN_POINT('',(-48.49986685085,12.480013767584,
    5.417798501522));
#3343 = CARTESIAN_POINT('',(-48.49986832937,12.480124970373,
    5.417702878628));
#3344 = CARTESIAN_POINT('',(-48.49986979802,12.480236175273,
    5.417607257323));
#3345 = CARTESIAN_POINT('',(-48.4998712568,12.480347382281,5.41751163761
    ));
#3346 = CARTESIAN_POINT('',(-48.49987410454,12.480565956328,
    5.417323706616));
#3347 = CARTESIAN_POINT('',(-48.49987549417,12.480673323223,
    5.417231395226));
#3348 = CARTESIAN_POINT('',(-48.49987687459,12.480780692083,
    5.417139085321));
#3349 = CARTESIAN_POINT('',(-48.49987824582,12.480888062905,
    5.417046776901));
#3350 = CARTESIAN_POINT('',(-48.49987960785,12.48099543569,
    5.416954469967));
#3351 = CARTESIAN_POINT('',(-48.4998823617,12.481214010269,5.41676657081
    ));
#3352 = CARTESIAN_POINT('',(-48.49988375285,12.481325212206,
    5.416670978694));
#3353 = CARTESIAN_POINT('',(-48.49988513414,12.481436416246,
    5.416575388173));
#3354 = CARTESIAN_POINT('',(-48.49988650555,12.481547622387,
    5.416479799249));
#3355 = CARTESIAN_POINT('',(-48.4998878671,12.481658830629,
    5.416384211922));
#3356 = CARTESIAN_POINT('',(-48.49989057032,12.481881241416,
    5.41619304897));
#3357 = CARTESIAN_POINT('',(-48.49989191201,12.48199244396,
    5.416097473345));
#3358 = CARTESIAN_POINT('',(-48.49989324382,12.482103648603,
    5.416001899318));
#3359 = CARTESIAN_POINT('',(-48.49989456576,12.482214855344,
    5.415906326891));
#3360 = CARTESIAN_POINT('',(-48.49989587784,12.482326064181,
    5.415810756063));
#3361 = CARTESIAN_POINT('',(-48.49989848212,12.482548476148,
    5.415619626117));
#3362 = CARTESIAN_POINT('',(-48.49989977434,12.482659679278,
    5.415524066998));
#3363 = CARTESIAN_POINT('',(-48.49990105668,12.482770884502,
    5.41542850948));
#3364 = CARTESIAN_POINT('',(-48.49990232915,12.48288209182,
    5.415332953565));
#3365 = CARTESIAN_POINT('',(-48.49990359175,12.48299330123,
    5.415237399253));
#3366 = CARTESIAN_POINT('',(-48.49990601071,12.483208045576,
    5.415052891326));
#3367 = CARTESIAN_POINT('',(-48.49990716839,12.483311580233,
    5.414963937496));
#3368 = CARTESIAN_POINT('',(-48.49990831751,12.483415116701,
    5.414874985058));
#3369 = CARTESIAN_POINT('',(-48.49990945807,12.483518654981,
    5.414786034011));
#3370 = CARTESIAN_POINT('',(-48.49991059007,12.483622195071,
    5.414697084357));
#3371 = CARTESIAN_POINT('',(-48.49991279527,12.483825435875,
    5.414522489182));
#3372 = CARTESIAN_POINT('',(-48.49991386908,12.483925136456,
    5.414436843561));
#3373 = CARTESIAN_POINT('',(-48.49991493496,12.484024838714,
    5.414351199232));
#3374 = CARTESIAN_POINT('',(-48.4999159929,12.484124542649,
    5.414265556195));
#3375 = CARTESIAN_POINT('',(-48.4999170429,12.48422424826,5.414179914452
    ));
#3376 = CARTESIAN_POINT('',(-48.49991924718,12.484435158128,
    5.413998760029));
#3377 = CARTESIAN_POINT('',(-48.49992039951,12.484546362794,
    5.413903247664));
#3378 = CARTESIAN_POINT('',(-48.49992154197,12.484657569542,
    5.41380773691));
#3379 = CARTESIAN_POINT('',(-48.49992267456,12.484768778373,
    5.413712227768));
#3380 = CARTESIAN_POINT('',(-48.49992379728,12.484879989285,
    5.413616720237));
#3381 = CARTESIAN_POINT('',(-48.49992598448,12.48509857094,
    5.413429009779));
#3382 = CARTESIAN_POINT('',(-48.49992704965,12.485205941542,
    5.413336806743));
#3383 = CARTESIAN_POINT('',(-48.49992810561,12.485313314082,
    5.41324460521));
#3384 = CARTESIAN_POINT('',(-48.49992915236,12.485420688559,
    5.413152405183));
#3385 = CARTESIAN_POINT('',(-48.49993018991,12.485528064972,
    5.41306020666));
#3386 = CARTESIAN_POINT('',(-48.49993228323,12.485746646875,
    5.412872528237));
#3387 = CARTESIAN_POINT('',(-48.49993333833,12.485857852505,
    5.412777048445));
#3388 = CARTESIAN_POINT('',(-48.49993438356,12.48596906021,5.41268157027
    ));
#3389 = CARTESIAN_POINT('',(-48.49993541891,12.486080269989,
    5.412586093711));
#3390 = CARTESIAN_POINT('',(-48.49993644438,12.486191481841,
    5.412490618771));
#3391 = CARTESIAN_POINT('',(-48.49993847548,12.486413899781,
    5.412299680634));
#3392 = CARTESIAN_POINT('',(-48.49993948111,12.486525105869,
    5.412204217436));
#3393 = CARTESIAN_POINT('',(-48.49994047687,12.486636314027,
    5.412108755859));
#3394 = CARTESIAN_POINT('',(-48.49994146275,12.486747524256,
    5.412013295901));
#3395 = CARTESIAN_POINT('',(-48.49994243875,12.486858736554,
    5.411917837564));
#3396 = CARTESIAN_POINT('',(-48.4999443709,12.487081155376,
    5.411726932641));
#3397 = CARTESIAN_POINT('',(-48.49994532706,12.487192361899,
    5.411631486053));
#3398 = CARTESIAN_POINT('',(-48.49994627335,12.48730357049,
    5.411536041088));
#3399 = CARTESIAN_POINT('',(-48.49994720975,12.487414781146,
    5.411440597746));
#3400 = CARTESIAN_POINT('',(-48.49994813628,12.487525993868,
    5.411345156029));
#3401 = CARTESIAN_POINT('',(-48.49994996949,12.487748413527,
    5.411154284349));
#3402 = CARTESIAN_POINT('',(-48.49995087618,12.487859620465,
    5.411058854387));
#3403 = CARTESIAN_POINT('',(-48.49995177299,12.487970829465,
    5.41096342605));
#3404 = CARTESIAN_POINT('',(-48.49995265993,12.488082040527,
    5.410867999339));
#3405 = CARTESIAN_POINT('',(-48.49995353698,12.48819325365,
    5.410772574256));
#3406 = CARTESIAN_POINT('',(-48.49995527125,12.488415674103,
    5.410581735851));
#3407 = CARTESIAN_POINT('',(-48.49995612847,12.488526881432,
    5.410486322529));
#3408 = CARTESIAN_POINT('',(-48.49995697581,12.488638090821,
    5.410390910835));
#3409 = CARTESIAN_POINT('',(-48.49995781327,12.488749302266,
    5.410295500771));
#3410 = CARTESIAN_POINT('',(-48.49995864085,12.488860515769,
    5.410200092337));
#3411 = CARTESIAN_POINT('',(-48.49996027617,12.489082936971,
    5.410009287237));
#3412 = CARTESIAN_POINT('',(-48.49996108392,12.489194144671,
    5.40991389057));
#3413 = CARTESIAN_POINT('',(-48.49996188178,12.489305354425,
    5.409818495535));
#3414 = CARTESIAN_POINT('',(-48.49996266977,12.489416566232,
    5.409723102133));
#3415 = CARTESIAN_POINT('',(-48.49996344788,12.489527780092,
    5.409627710364));
#3416 = CARTESIAN_POINT('',(-48.49996498426,12.489750202,5.409436938599)
  );
#3417 = CARTESIAN_POINT('',(-48.49996574253,12.489861410047,
    5.409341558603));
#3418 = CARTESIAN_POINT('',(-48.49996649093,12.489972620145,
    5.409246180242));
#3419 = CARTESIAN_POINT('',(-48.49996722944,12.490083832292,
    5.409150803516));
#3420 = CARTESIAN_POINT('',(-48.49996795807,12.490195046488,
    5.409055428427));
#3421 = CARTESIAN_POINT('',(-48.49996939551,12.490417469057,
    5.408864690028));
#3422 = CARTESIAN_POINT('',(-48.49997010431,12.49052867743,
    5.408769326718));
#3423 = CARTESIAN_POINT('',(-48.49997080323,12.49063988785,
    5.408673965045));
#3424 = CARTESIAN_POINT('',(-48.49997149227,12.490751100315,
    5.408578605012));
#3425 = CARTESIAN_POINT('',(-48.49997217143,12.490862314824,
    5.408483246618));
#3426 = CARTESIAN_POINT('',(-48.49997350992,12.491084738011,
    5.408292541615));
#3427 = CARTESIAN_POINT('',(-48.49997416925,12.491195946688,
    5.408197195006));
#3428 = CARTESIAN_POINT('',(-48.4999748187,12.491307157407,
    5.408101850037));
#3429 = CARTESIAN_POINT('',(-48.49997545827,12.491418370168,
    5.408006506711));
#3430 = CARTESIAN_POINT('',(-48.49997608795,12.491529584969,
    5.407911165027));
#3431 = CARTESIAN_POINT('',(-48.49997732749,12.491752008729,
    5.407720493451));
#3432 = CARTESIAN_POINT('',(-48.49997793735,12.491863217688,
    5.407625163558));
#3433 = CARTESIAN_POINT('',(-48.49997853733,12.491974428685,
    5.407529835309));
#3434 = CARTESIAN_POINT('',(-48.49997912742,12.492085641719,
    5.407434508705));
#3435 = CARTESIAN_POINT('',(-48.49997970763,12.492196856789,
    5.407339183746));
#3436 = CARTESIAN_POINT('',(-48.49998082857,12.492415446514,
    5.407151832203));
#3437 = CARTESIAN_POINT('',(-48.49998136996,12.492522821029,
    5.407059805506));
#3438 = CARTESIAN_POINT('',(-48.49998190214,12.492630197441,
    5.406967780344));
#3439 = CARTESIAN_POINT('',(-48.49998242511,12.492737575748,
    5.406875756718));
#3440 = CARTESIAN_POINT('',(-48.49998293886,12.49284495595,
    5.406783734629));
#3441 = CARTESIAN_POINT('',(-48.49998391185,12.493052041707,
    5.406606273522));
#3442 = CARTESIAN_POINT('',(-48.49998437236,12.493151747002,
    5.406520834292));
#3443 = CARTESIAN_POINT('',(-48.49998482493,12.493251453929,
    5.406435396388));
#3444 = CARTESIAN_POINT('',(-48.49998526955,12.493351162487,
    5.40634995981));
#3445 = CARTESIAN_POINT('',(-48.49998570622,12.493450872675,
    5.40626452456));
#3446 = CARTESIAN_POINT('',(-48.4999866131,12.49366179211,5.40608380702)
  );
#3447 = CARTESIAN_POINT('',(-48.49998708137,12.493773001754,
    5.405988525054));
#3448 = CARTESIAN_POINT('',(-48.49998753975,12.493884213424,
    5.405893244741));
#3449 = CARTESIAN_POINT('',(-48.49998798825,12.49399542712,
    5.405797966081));
#3450 = CARTESIAN_POINT('',(-48.49998842685,12.494106642841,
    5.405702689076));
#3451 = CARTESIAN_POINT('',(-48.49998925469,12.494321399216,
    5.405518716733));
#3452 = CARTESIAN_POINT('',(-48.49998964524,12.494424939601,
    5.405430021176));
#3453 = CARTESIAN_POINT('',(-48.49999002722,12.49452848174,
    5.405341327053));
#3454 = CARTESIAN_POINT('',(-48.49999040063,12.494632025631,
    5.405252634367));
#3455 = CARTESIAN_POINT('',(-48.49999076547,12.494735571273,
    5.405163943117));
#3456 = CARTESIAN_POINT('',(-48.49999150436,12.494950326651,
    5.404980002087));
#3457 = CARTESIAN_POINT('',(-48.4999918771,12.495061536655,
    5.404884752527));
#3458 = CARTESIAN_POINT('',(-48.49999223994,12.495172748678,
    5.404789504625));
#3459 = CARTESIAN_POINT('',(-48.4999925929,12.495283962718,
    5.404694258383));
#3460 = CARTESIAN_POINT('',(-48.49999293598,12.495395178775,
    5.404599013802));
#3461 = CARTESIAN_POINT('',(-48.49999360231,12.495617604991,
    5.404408536464));
#3462 = CARTESIAN_POINT('',(-48.49999392557,12.49572881515,
    5.404313303708));
#3463 = CARTESIAN_POINT('',(-48.49999423895,12.495840027323,
    5.404218072614));
#3464 = CARTESIAN_POINT('',(-48.49999454243,12.495951241509,
    5.404122843182));
#3465 = CARTESIAN_POINT('',(-48.49999483603,12.496062457708,
    5.404027615413));
#3466 = CARTESIAN_POINT('',(-48.49999539363,12.496281049596,
    5.403840454932));
#3467 = CARTESIAN_POINT('',(-48.49999565831,12.496388425148,
    5.403748522105));
#3468 = CARTESIAN_POINT('',(-48.49999591377,12.496495802573,
    5.403656590831));
#3469 = CARTESIAN_POINT('',(-48.49999616002,12.496603181872,
    5.40356466111));
#3470 = CARTESIAN_POINT('',(-48.49999639704,12.496710563044,
    5.403472732942));
#3471 = CARTESIAN_POINT('',(-48.49999685262,12.496925319871,
    5.403288887641));
#3472 = CARTESIAN_POINT('',(-48.49999707118,12.497032695526,
    5.403196970508));
#3473 = CARTESIAN_POINT('',(-48.49999728052,12.497140073051,
    5.403105054929));
#3474 = CARTESIAN_POINT('',(-48.49999748064,12.497247452446,
    5.403013140906));
#3475 = CARTESIAN_POINT('',(-48.49999767154,12.49735483371,
    5.402921228439));
#3476 = CARTESIAN_POINT('',(-48.49999802839,12.497565756091,
    5.402740696658));
#3477 = CARTESIAN_POINT('',(-48.49999819499,12.497669297077,
    5.402652077235));
#3478 = CARTESIAN_POINT('',(-48.49999835301,12.497772839799,
    5.402563459259));
#3479 = CARTESIAN_POINT('',(-48.49999850247,12.497876384256,
    5.402474842733));
#3480 = CARTESIAN_POINT('',(-48.49999864334,12.497979930447,
    5.402386227656));
#3481 = CARTESIAN_POINT('',(-48.49999891773,12.49819468692,5.40220244464
    ));
#3482 = CARTESIAN_POINT('',(-48.49999904993,12.498305897469,
    5.402107276923));
#3483 = CARTESIAN_POINT('',(-48.49999917224,12.498417110015,
    5.402012110879));
#3484 = CARTESIAN_POINT('',(-48.49999928465,12.49852832456,5.40191694651
    ));
#3485 = CARTESIAN_POINT('',(-48.49999938717,12.498639541101,
    5.401821783816));
#3486 = CARTESIAN_POINT('',(-48.49999957241,12.498861968238,
    5.401631470283));
#3487 = CARTESIAN_POINT('',(-48.49999965514,12.498973178833,
    5.401536319443));
#3488 = CARTESIAN_POINT('',(-48.49999972797,12.499084391423,
    5.40144117028));
#3489 = CARTESIAN_POINT('',(-48.49999979091,12.499195606007,
    5.401346022794));
#3490 = CARTESIAN_POINT('',(-48.49999984395,12.499306822583,
    5.401250876986));
#3491 = CARTESIAN_POINT('',(-48.49999992473,12.499515030508,
    5.40107276139));
#3492 = CARTESIAN_POINT('',(-48.49999995484,12.499612021379,
    5.400989791198));
#3493 = CARTESIAN_POINT('',(-48.49999997742,12.499709013765,
    5.400906822285));
#3494 = CARTESIAN_POINT('',(-48.49999999247,12.499806007664,
    5.400823854649));
#3495 = CARTESIAN_POINT('',(-48.5,12.499903003076,5.400740888292));
#3496 = CARTESIAN_POINT('',(-48.5,12.5,5.400657923215));
#3497 = ORIENTED_EDGE('',*,*,#3195,.F.);
#3498 = CYLINDRICAL_SURFACE('',#3499,1.5);
#3499 = AXIS2_PLACEMENT_3D('',#3500,#3501,#3502);
#3500 = CARTESIAN_POINT('',(-47.,12.5,0.));
#3501 = DIRECTION('',(0.,0.,-1.));
#3502 = DIRECTION('',(-1.,0.,0.));
#3503 = ADVANCED_FACE('',(#3504),#3524,.T.);
#3504 = FACE_BOUND('',#3505,.F.);
#3505 = EDGE_LOOP('',(#3506,#3507,#3508,#3516,#3523));
#3506 = ORIENTED_EDGE('',*,*,#971,.F.);
#3507 = ORIENTED_EDGE('',*,*,#3220,.T.);
#3508 = ORIENTED_EDGE('',*,*,#3509,.F.);
#3509 = EDGE_CURVE('',#3510,#3212,#3512,.T.);
#3510 = VERTEX_POINT('',#3511);
#3511 = CARTESIAN_POINT('',(-45.5,19.,3.));
#3512 = LINE('',#3513,#3514);
#3513 = CARTESIAN_POINT('',(-45.5,36.91539213977,3.));
#3514 = VECTOR('',#3515,1.);
#3515 = DIRECTION('',(0.,1.,0.));
#3516 = ORIENTED_EDGE('',*,*,#3517,.F.);
#3517 = EDGE_CURVE('',#3236,#3510,#3518,.T.);
#3518 = CIRCLE('',#3519,10.);
#3519 = AXIS2_PLACEMENT_3D('',#3520,#3521,#3522);
#3520 = CARTESIAN_POINT('',(-45.5,19.,13.));
#3521 = DIRECTION('',(1.,0.,0.));
#3522 = DIRECTION('',(0.,-1.,0.));
#3523 = ORIENTED_EDGE('',*,*,#3235,.F.);
#3524 = PLANE('',#3525);
#3525 = AXIS2_PLACEMENT_3D('',#3526,#3527,#3528);
#3526 = CARTESIAN_POINT('',(-45.5,38.5,0.));
#3527 = DIRECTION('',(-1.,-0.,-0.));
#3528 = DIRECTION('',(0.,1.,0.));
#3529 = ADVANCED_FACE('',(#3530),#3564,.F.);
#3530 = FACE_BOUND('',#3531,.T.);
#3531 = EDGE_LOOP('',(#3532,#3533,#3541,#3549,#3558));
#3532 = ORIENTED_EDGE('',*,*,#988,.F.);
#3533 = ORIENTED_EDGE('',*,*,#3534,.T.);
#3534 = EDGE_CURVE('',#989,#3535,#3537,.T.);
#3535 = VERTEX_POINT('',#3536);
#3536 = CARTESIAN_POINT('',(-36.16666666666,38.5,3.));
#3537 = LINE('',#3538,#3539);
#3538 = CARTESIAN_POINT('',(-36.16666666666,38.5,0.));
#3539 = VECTOR('',#3540,1.);
#3540 = DIRECTION('',(0.,0.,1.));
#3541 = ORIENTED_EDGE('',*,*,#3542,.F.);
#3542 = EDGE_CURVE('',#3543,#3535,#3545,.T.);
#3543 = VERTEX_POINT('',#3544);
#3544 = CARTESIAN_POINT('',(-36.16666666666,19.,3.));
#3545 = LINE('',#3546,#3547);
#3546 = CARTESIAN_POINT('',(-36.16666666666,36.91539213977,3.));
#3547 = VECTOR('',#3548,1.);
#3548 = DIRECTION('',(0.,1.,0.));
#3549 = ORIENTED_EDGE('',*,*,#3550,.F.);
#3550 = EDGE_CURVE('',#3551,#3543,#3553,.T.);
#3551 = VERTEX_POINT('',#3552);
#3552 = CARTESIAN_POINT('',(-36.16666666666,12.5,5.400657923215));
#3553 = CIRCLE('',#3554,10.);
#3554 = AXIS2_PLACEMENT_3D('',#3555,#3556,#3557);
#3555 = CARTESIAN_POINT('',(-36.16666666666,19.,13.));
#3556 = DIRECTION('',(1.,0.,0.));
#3557 = DIRECTION('',(0.,-1.,0.));
#3558 = ORIENTED_EDGE('',*,*,#3559,.F.);
#3559 = EDGE_CURVE('',#991,#3551,#3560,.T.);
#3560 = LINE('',#3561,#3562);
#3561 = CARTESIAN_POINT('',(-36.16666666666,12.5,0.));
#3562 = VECTOR('',#3563,1.);
#3563 = DIRECTION('',(0.,0.,1.));
#3564 = PLANE('',#3565);
#3565 = AXIS2_PLACEMENT_3D('',#3566,#3567,#3568);
#3566 = CARTESIAN_POINT('',(-36.16666666666,38.5,0.));
#3567 = DIRECTION('',(-1.,-0.,-0.));
#3568 = DIRECTION('',(0.,1.,0.));
#3569 = ADVANCED_FACE('',(#3570),#3589,.F.);
#3570 = FACE_BOUND('',#3571,.F.);
#3571 = EDGE_LOOP('',(#3572,#3573,#3574,#3583));
#3572 = ORIENTED_EDGE('',*,*,#998,.F.);
#3573 = ORIENTED_EDGE('',*,*,#3534,.T.);
#3574 = ORIENTED_EDGE('',*,*,#3575,.F.);
#3575 = EDGE_CURVE('',#3576,#3535,#3578,.T.);
#3576 = VERTEX_POINT('',#3577);
#3577 = CARTESIAN_POINT('',(-33.16666666666,38.5,3.));
#3578 = CIRCLE('',#3579,1.5);
#3579 = AXIS2_PLACEMENT_3D('',#3580,#3581,#3582);
#3580 = CARTESIAN_POINT('',(-34.66666666666,38.5,3.));
#3581 = DIRECTION('',(0.,0.,1.));
#3582 = DIRECTION('',(-1.,0.,0.));
#3583 = ORIENTED_EDGE('',*,*,#3584,.F.);
#3584 = EDGE_CURVE('',#999,#3576,#3585,.T.);
#3585 = LINE('',#3586,#3587);
#3586 = CARTESIAN_POINT('',(-33.16666666666,38.5,0.));
#3587 = VECTOR('',#3588,1.);
#3588 = DIRECTION('',(0.,0.,1.));
#3589 = CYLINDRICAL_SURFACE('',#3590,1.5);
#3590 = AXIS2_PLACEMENT_3D('',#3591,#3592,#3593);
#3591 = CARTESIAN_POINT('',(-34.66666666666,38.5,0.));
#3592 = DIRECTION('',(0.,0.,-1.));
#3593 = DIRECTION('',(-1.,0.,0.));
#3594 = ADVANCED_FACE('',(#3595),#3862,.F.);
#3595 = FACE_BOUND('',#3596,.F.);
#3596 = EDGE_LOOP('',(#3597,#3598,#3606,#3861));
#3597 = ORIENTED_EDGE('',*,*,#1015,.F.);
#3598 = ORIENTED_EDGE('',*,*,#3599,.T.);
#3599 = EDGE_CURVE('',#1008,#3600,#3602,.T.);
#3600 = VERTEX_POINT('',#3601);
#3601 = CARTESIAN_POINT('',(-33.16666666666,12.5,5.400657923215));
#3602 = LINE('',#3603,#3604);
#3603 = CARTESIAN_POINT('',(-33.16666666666,12.5,0.));
#3604 = VECTOR('',#3605,1.);
#3605 = DIRECTION('',(0.,0.,1.));
#3606 = ORIENTED_EDGE('',*,*,#3607,.T.);
#3607 = EDGE_CURVE('',#3600,#3551,#3608,.T.);
#3608 = B_SPLINE_CURVE_WITH_KNOTS('',6,(#3609,#3610,#3611,#3612,#3613,
    #3614,#3615,#3616,#3617,#3618,#3619,#3620,#3621,#3622,#3623,#3624,
    #3625,#3626,#3627,#3628,#3629,#3630,#3631,#3632,#3633,#3634,#3635,
    #3636,#3637,#3638,#3639,#3640,#3641,#3642,#3643,#3644,#3645,#3646,
    #3647,#3648,#3649,#3650,#3651,#3652,#3653,#3654,#3655,#3656,#3657,
    #3658,#3659,#3660,#3661,#3662,#3663,#3664,#3665,#3666,#3667,#3668,
    #3669,#3670,#3671,#3672,#3673,#3674,#3675,#3676,#3677,#3678,#3679,
    #3680,#3681,#3682,#3683,#3684,#3685,#3686,#3687,#3688,#3689,#3690,
    #3691,#3692,#3693,#3694,#3695,#3696,#3697,#3698,#3699,#3700,#3701,
    #3702,#3703,#3704,#3705,#3706,#3707,#3708,#3709,#3710,#3711,#3712,
    #3713,#3714,#3715,#3716,#3717,#3718,#3719,#3720,#3721,#3722,#3723,
    #3724,#3725,#3726,#3727,#3728,#3729,#3730,#3731,#3732,#3733,#3734,
    #3735,#3736,#3737,#3738,#3739,#3740,#3741,#3742,#3743,#3744,#3745,
    #3746,#3747,#3748,#3749,#3750,#3751,#3752,#3753,#3754,#3755,#3756,
    #3757,#3758,#3759,#3760,#3761,#3762,#3763,#3764,#3765,#3766,#3767,
    #3768,#3769,#3770,#3771,#3772,#3773,#3774,#3775,#3776,#3777,#3778,
    #3779,#3780,#3781,#3782,#3783,#3784,#3785,#3786,#3787,#3788,#3789,
    #3790,#3791,#3792,#3793,#3794,#3795,#3796,#3797,#3798,#3799,#3800,
    #3801,#3802,#3803,#3804,#3805,#3806,#3807,#3808,#3809,#3810,#3811,
    #3812,#3813,#3814,#3815,#3816,#3817,#3818,#3819,#3820,#3821,#3822,
    #3823,#3824,#3825,#3826,#3827,#3828,#3829,#3830,#3831,#3832,#3833,
    #3834,#3835,#3836,#3837,#3838,#3839,#3840,#3841,#3842,#3843,#3844,
    #3845,#3846,#3847,#3848,#3849,#3850,#3851,#3852,#3853,#3854,#3855,
    #3856,#3857,#3858,#3859,#3860),.UNSPECIFIED.,.F.,.F.,(7,5,5,5,5,5,5,
    5,5,5,5,5,5,5,5,5,5,5,5,5,5,5,5,5,5,5,5,5,5,5,5,5,5,5,5,5,5,5,5,5,5,
    5,5,5,5,5,5,5,5,5,7),(0.,5.753598502249E-02,0.172058446928,
    0.281938735875,0.322083515229,0.377005792005,0.422425902073,
    0.448500287343,0.499775789108,0.577062198223,0.623104444874,
    0.679053103917,0.718257342294,0.827816887415,0.99507990358,
    0.995219551638,0.995359187284,0.995498810517,0.995638421335,
    0.995778019739,0.995917605726,0.99605236662,0.9961919282,
    0.99633147736,0.996471014099,0.99660091645,0.996725997424,
    0.996865499039,0.997000178464,0.997139655657,0.997279120425,
    0.997418572766,0.997558012679,0.997697440163,0.997836855218,
    0.997976257842,0.998115648035,0.998255025796,0.998394391124,
    0.998528938954,0.998653865845,0.998793195585,0.998922905199,
    0.999062210924,0.999201504212,0.999335982482,0.999470449155,
    0.999600102466,0.999739347714,0.999878580521,1.),.UNSPECIFIED.);
#3609 = CARTESIAN_POINT('',(-33.16666666666,12.5,5.400657923215));
#3610 = CARTESIAN_POINT('',(-33.16666666666,12.454036039585,
    5.439972608575));
#3611 = CARTESIAN_POINT('',(-33.16835680623,12.408418216287,
    5.47956897415));
#3612 = CARTESIAN_POINT('',(-33.17168939786,12.363204355346,
    5.519394509529));
#3613 = CARTESIAN_POINT('',(-33.17661733494,12.318448553872,
    5.559395420718));
#3614 = CARTESIAN_POINT('',(-33.1830940917,12.274201180843,
    5.599516630136));
#3615 = CARTESIAN_POINT('',(-33.20695677537,12.143541561127,
    5.719688273858));
#3616 = CARTESIAN_POINT('',(-33.22878925382,12.058799837894,
    5.799904245014));
#3617 = CARTESIAN_POINT('',(-33.25622377864,11.976531733065,
    5.880013305704));
#3618 = CARTESIAN_POINT('',(-33.28897832988,11.896944983216,
    5.959672023137));
#3619 = CARTESIAN_POINT('',(-33.32682795995,11.82023314433,6.0385067194)
  );
#3620 = CARTESIAN_POINT('',(-33.41063142695,11.675954910016,
    6.190528977277));
#3621 = CARTESIAN_POINT('',(-33.45619780427,11.608138194874,
    6.263821675715));
#3622 = CARTESIAN_POINT('',(-33.50617956031,11.543267940868,
    6.33565910735));
#3623 = CARTESIAN_POINT('',(-33.56052092738,11.481502516381,
    6.40566236408));
#3624 = CARTESIAN_POINT('',(-33.61920309389,11.423061732085,
    6.473346772355));
#3625 = CARTESIAN_POINT('',(-33.70524439729,11.348219475164,
    6.561738176366));
#3626 = CARTESIAN_POINT('',(-33.72884820225,11.328675178183,
    6.584999052194));
#3627 = CARTESIAN_POINT('',(-33.75303292576,11.309627676129,
    6.607838417712));
#3628 = CARTESIAN_POINT('',(-33.77779883898,11.291093176637,
    6.630223127715));
#3629 = CARTESIAN_POINT('',(-33.80314582411,11.273089828741,
    6.652116874699));
#3630 = CARTESIAN_POINT('',(-33.86454498775,11.231761408104,
    6.702707447606));
#3631 = CARTESIAN_POINT('',(-33.90111096355,11.208911715955,
    6.730948377231));
#3632 = CARTESIAN_POINT('',(-33.9387603624,11.187147427194,
    6.758092478921));
#3633 = CARTESIAN_POINT('',(-33.97748051969,11.166530974804,
    6.784022242404));
#3634 = CARTESIAN_POINT('',(-34.01725704558,11.147128443997,
    6.808613145955));
#3635 = CARTESIAN_POINT('',(-34.09182884618,11.114025467408,
    6.850854060557));
#3636 = CARTESIAN_POINT('',(-34.12629898553,11.099917899516,
    6.868971038876));
#3637 = CARTESIAN_POINT('',(-34.16145212136,11.086736745661,
    6.885996552439));
#3638 = CARTESIAN_POINT('',(-34.19725523895,11.074529428859,
    6.901846049497));
#3639 = CARTESIAN_POINT('',(-34.23367443056,11.063340918012,
    6.91643846547));
#3640 = CARTESIAN_POINT('',(-34.29191580335,11.047399997911,
    6.937307122078));
#3641 = CARTESIAN_POINT('',(-34.31334396587,11.041937211605,
    6.944476745087));
#3642 = CARTESIAN_POINT('',(-34.33494950168,11.036834261106,
    6.951189387341));
#3643 = CARTESIAN_POINT('',(-34.3567210427,11.032099552859,
    6.957430250689));
#3644 = CARTESIAN_POINT('',(-34.37864573401,11.027741007639,
    6.963185443455));
#3645 = CARTESIAN_POINT('',(-34.4440972953,11.015949293099,6.97877900542
    ));
#3646 = CARTESIAN_POINT('',(-34.48804174864,11.00961224359,
    6.987192698199));
#3647 = CARTESIAN_POINT('',(-34.53240697479,11.004817559854,
    6.993576481632));
#3648 = CARTESIAN_POINT('',(-34.57705679496,11.001606482752,
    6.997858080782));
#3649 = CARTESIAN_POINT('',(-34.62185513114,11.,7.));
#3650 = CARTESIAN_POINT('',(-34.73421008502,11.,7.));
#3651 = CARTESIAN_POINT('',(-34.80166129303,11.00364994111,
    6.995133965301));
#3652 = CARTESIAN_POINT('',(-34.86860375615,11.01092994295,
    6.985425719232));
#3653 = CARTESIAN_POINT('',(-34.93461666682,11.021740223479,
    6.971059931444));
#3654 = CARTESIAN_POINT('',(-34.99927942515,11.035889235259,
    6.952377166869));
#3655 = CARTESIAN_POINT('',(-35.09964590472,11.06332402148,
    6.916459984928));
#3656 = CARTESIAN_POINT('',(-35.13652002456,11.074654644948,
    6.901682105047));
#3657 = CARTESIAN_POINT('',(-35.17276243559,11.08702958078,
    6.885615773788));
#3658 = CARTESIAN_POINT('',(-35.20833801841,11.100402163261,
    6.868345121724));
#3659 = CARTESIAN_POINT('',(-35.24321257789,11.114723152311,
    6.84995793126));
#3660 = CARTESIAN_POINT('',(-35.31883870033,11.148432517074,
    6.80695660847));
#3661 = CARTESIAN_POINT('',(-35.35924636924,11.168250517204,
    6.781850273102));
#3662 = CARTESIAN_POINT('',(-35.39855929592,11.189321452928,
    6.755364929047));
#3663 = CARTESIAN_POINT('',(-35.43676276972,11.211576048257,
    6.727631222354));
#3664 = CARTESIAN_POINT('',(-35.47384392348,11.234949032166,
    6.698772146606));
#3665 = CARTESIAN_POINT('',(-35.53498101474,11.276497756481,
    6.647973221178));
#3666 = CARTESIAN_POINT('',(-35.5596179142,11.294138188714,
    6.626543994839));
#3667 = CARTESIAN_POINT('',(-35.58370194817,11.312281935204,
    6.604651734903));
#3668 = CARTESIAN_POINT('',(-35.60723301154,11.330912278862,
    6.582329920775));
#3669 = CARTESIAN_POINT('',(-35.63021137785,11.350014285597,
    6.559609140267));
#3670 = CARTESIAN_POINT('',(-35.7153099424,11.424238320839,
    6.471984409687));
#3671 = CARTESIAN_POINT('',(-35.77368211148,11.482492824147,
    6.404540316052));
#3672 = CARTESIAN_POINT('',(-35.82774885908,11.544042269961,
    6.334801986852));
#3673 = CARTESIAN_POINT('',(-35.87749122759,11.608669999386,
    6.263247371538));
#3674 = CARTESIAN_POINT('',(-35.92285380771,11.676219638203,
    6.190250594485));
#3675 = CARTESIAN_POINT('',(-36.02611463383,11.853988058001,
    6.002939190374));
#3676 = CARTESIAN_POINT('',(-36.07810168687,11.968062212702,
    5.886985293716));
#3677 = CARTESIAN_POINT('',(-36.1190537463,12.088112583251,
    5.769652312126));
#3678 = CARTESIAN_POINT('',(-36.14815762907,12.213450823963,
    5.652123164716));
#3679 = CARTESIAN_POINT('',(-36.16439110602,12.343271901335,
    5.535494000225));
#3680 = CARTESIAN_POINT('',(-36.16648361681,12.476566510631,
    5.420764185532));
#3681 = CARTESIAN_POINT('',(-36.16648535253,12.476677707728,
    5.420668478976));
#3682 = CARTESIAN_POINT('',(-36.16648707839,12.476788906955,
    5.420572773995));
#3683 = CARTESIAN_POINT('',(-36.16648879438,12.476900108311,
    5.420477070588));
#3684 = CARTESIAN_POINT('',(-36.16649050051,12.477011311797,
    5.420381368756));
#3685 = CARTESIAN_POINT('',(-36.1664938929,12.477233713139,
    5.420189976753));
#3686 = CARTESIAN_POINT('',(-36.16649557915,12.477344910996,
    5.420094286581));
#3687 = CARTESIAN_POINT('',(-36.16649725554,12.47745611098,
    5.419998597985));
#3688 = CARTESIAN_POINT('',(-36.16649892207,12.477567313089,
    5.419902910968));
#3689 = CARTESIAN_POINT('',(-36.16650057873,12.477678517323,
    5.41980722553));
#3690 = CARTESIAN_POINT('',(-36.16650387217,12.477900920153,
    5.419615866318));
#3691 = CARTESIAN_POINT('',(-36.16650550896,12.478012118748,
    5.419520192545));
#3692 = CARTESIAN_POINT('',(-36.16650713588,12.478123319466,
    5.419424520352));
#3693 = CARTESIAN_POINT('',(-36.16650875294,12.478234522306,
    5.41932884974));
#3694 = CARTESIAN_POINT('',(-36.16651036013,12.478345727266,
    5.41923318071));
#3695 = CARTESIAN_POINT('',(-36.16651355464,12.478568131539,
    5.419041854321));
#3696 = CARTESIAN_POINT('',(-36.16651514196,12.478679330851,
    5.418946196962));
#3697 = CARTESIAN_POINT('',(-36.16651671941,12.478790532282,
    5.418850541186));
#3698 = CARTESIAN_POINT('',(-36.166518287,12.47890173583,5.418754886995)
  );
#3699 = CARTESIAN_POINT('',(-36.16651984472,12.479012941495,
    5.418659234388));
#3700 = CARTESIAN_POINT('',(-36.1665229403,12.479235347167,
    5.418467940853));
#3701 = CARTESIAN_POINT('',(-36.16652447815,12.479346547174,
    5.418372299923));
#3702 = CARTESIAN_POINT('',(-36.16652600613,12.479457749295,
    5.418276660581));
#3703 = CARTESIAN_POINT('',(-36.16652752425,12.47956895353,
    5.418181022825));
#3704 = CARTESIAN_POINT('',(-36.1665290325,12.479680159877,
    5.418085386658));
#3705 = CARTESIAN_POINT('',(-36.16653202914,12.479902566904,
    5.417894126006));
#3706 = CARTESIAN_POINT('',(-36.16653351752,12.480013767584,
    5.417798501522));
#3707 = CARTESIAN_POINT('',(-36.16653499604,12.480124970373,
    5.417702878628));
#3708 = CARTESIAN_POINT('',(-36.16653646469,12.480236175273,
    5.417607257323));
#3709 = CARTESIAN_POINT('',(-36.16653792347,12.480347382281,
    5.41751163761));
#3710 = CARTESIAN_POINT('',(-36.1665407712,12.480565956328,
    5.417323706616));
#3711 = CARTESIAN_POINT('',(-36.16654216083,12.480673323223,
    5.417231395226));
#3712 = CARTESIAN_POINT('',(-36.16654354126,12.480780692083,
    5.417139085321));
#3713 = CARTESIAN_POINT('',(-36.16654491249,12.480888062905,
    5.417046776901));
#3714 = CARTESIAN_POINT('',(-36.16654627452,12.48099543569,
    5.416954469967));
#3715 = CARTESIAN_POINT('',(-36.16654902837,12.481214010269,
    5.41676657081));
#3716 = CARTESIAN_POINT('',(-36.16655041952,12.481325212206,
    5.416670978694));
#3717 = CARTESIAN_POINT('',(-36.1665518008,12.481436416246,
    5.416575388173));
#3718 = CARTESIAN_POINT('',(-36.16655317222,12.481547622387,
    5.416479799249));
#3719 = CARTESIAN_POINT('',(-36.16655453376,12.481658830629,
    5.416384211922));
#3720 = CARTESIAN_POINT('',(-36.16655723699,12.481881241416,
    5.41619304897));
#3721 = CARTESIAN_POINT('',(-36.16655857867,12.48199244396,
    5.416097473345));
#3722 = CARTESIAN_POINT('',(-36.16655991049,12.482103648603,
    5.416001899318));
#3723 = CARTESIAN_POINT('',(-36.16656123243,12.482214855344,
    5.415906326891));
#3724 = CARTESIAN_POINT('',(-36.1665625445,12.482326064181,
    5.415810756063));
#3725 = CARTESIAN_POINT('',(-36.16656514879,12.482548476148,
    5.415619626117));
#3726 = CARTESIAN_POINT('',(-36.166566441,12.482659679278,5.415524066998
    ));
#3727 = CARTESIAN_POINT('',(-36.16656772335,12.482770884502,
    5.41542850948));
#3728 = CARTESIAN_POINT('',(-36.16656899582,12.48288209182,
    5.415332953565));
#3729 = CARTESIAN_POINT('',(-36.16657025842,12.48299330123,
    5.415237399253));
#3730 = CARTESIAN_POINT('',(-36.16657267738,12.483208045576,
    5.415052891326));
#3731 = CARTESIAN_POINT('',(-36.16657383506,12.483311580233,
    5.414963937496));
#3732 = CARTESIAN_POINT('',(-36.16657498418,12.483415116701,
    5.414874985058));
#3733 = CARTESIAN_POINT('',(-36.16657612474,12.483518654981,
    5.414786034011));
#3734 = CARTESIAN_POINT('',(-36.16657725674,12.483622195071,
    5.414697084357));
#3735 = CARTESIAN_POINT('',(-36.16657946193,12.483825435875,
    5.414522489182));
#3736 = CARTESIAN_POINT('',(-36.16658053575,12.483925136456,
    5.414436843561));
#3737 = CARTESIAN_POINT('',(-36.16658160162,12.484024838714,
    5.414351199232));
#3738 = CARTESIAN_POINT('',(-36.16658265956,12.484124542649,
    5.414265556195));
#3739 = CARTESIAN_POINT('',(-36.16658370957,12.48422424826,
    5.414179914452));
#3740 = CARTESIAN_POINT('',(-36.16658591384,12.484435158128,
    5.413998760029));
#3741 = CARTESIAN_POINT('',(-36.16658706618,12.484546362794,
    5.413903247664));
#3742 = CARTESIAN_POINT('',(-36.16658820864,12.484657569542,
    5.41380773691));
#3743 = CARTESIAN_POINT('',(-36.16658934123,12.484768778373,
    5.413712227768));
#3744 = CARTESIAN_POINT('',(-36.16659046394,12.484879989285,
    5.413616720237));
#3745 = CARTESIAN_POINT('',(-36.16659265115,12.48509857094,
    5.413429009779));
#3746 = CARTESIAN_POINT('',(-36.16659371632,12.485205941542,
    5.413336806743));
#3747 = CARTESIAN_POINT('',(-36.16659477228,12.485313314082,
    5.41324460521));
#3748 = CARTESIAN_POINT('',(-36.16659581903,12.485420688559,
    5.413152405183));
#3749 = CARTESIAN_POINT('',(-36.16659685658,12.485528064972,
    5.41306020666));
#3750 = CARTESIAN_POINT('',(-36.1665989499,12.485746646875,
    5.412872528237));
#3751 = CARTESIAN_POINT('',(-36.166600005,12.485857852505,5.412777048445
    ));
#3752 = CARTESIAN_POINT('',(-36.16660105022,12.48596906021,5.41268157027
    ));
#3753 = CARTESIAN_POINT('',(-36.16660208557,12.486080269989,
    5.412586093711));
#3754 = CARTESIAN_POINT('',(-36.16660311105,12.486191481841,
    5.412490618771));
#3755 = CARTESIAN_POINT('',(-36.16660514215,12.486413899781,
    5.412299680634));
#3756 = CARTESIAN_POINT('',(-36.16660614778,12.486525105869,
    5.412204217436));
#3757 = CARTESIAN_POINT('',(-36.16660714353,12.486636314027,
    5.412108755859));
#3758 = CARTESIAN_POINT('',(-36.16660812941,12.486747524256,
    5.412013295901));
#3759 = CARTESIAN_POINT('',(-36.16660910541,12.486858736554,
    5.411917837564));
#3760 = CARTESIAN_POINT('',(-36.16661103757,12.487081155376,
    5.411726932641));
#3761 = CARTESIAN_POINT('',(-36.16661199373,12.487192361899,
    5.411631486053));
#3762 = CARTESIAN_POINT('',(-36.16661294001,12.48730357049,
    5.411536041088));
#3763 = CARTESIAN_POINT('',(-36.16661387642,12.487414781146,
    5.411440597746));
#3764 = CARTESIAN_POINT('',(-36.16661480295,12.487525993868,
    5.411345156029));
#3765 = CARTESIAN_POINT('',(-36.16661663616,12.487748413527,
    5.411154284349));
#3766 = CARTESIAN_POINT('',(-36.16661754285,12.487859620465,
    5.411058854387));
#3767 = CARTESIAN_POINT('',(-36.16661843966,12.487970829465,
    5.41096342605));
#3768 = CARTESIAN_POINT('',(-36.16661932659,12.488082040527,
    5.410867999339));
#3769 = CARTESIAN_POINT('',(-36.16662020365,12.48819325365,
    5.410772574256));
#3770 = CARTESIAN_POINT('',(-36.16662193792,12.488415674103,
    5.410581735851));
#3771 = CARTESIAN_POINT('',(-36.16662279513,12.488526881432,
    5.410486322529));
#3772 = CARTESIAN_POINT('',(-36.16662364247,12.488638090821,
    5.410390910835));
#3773 = CARTESIAN_POINT('',(-36.16662447993,12.488749302266,
    5.410295500771));
#3774 = CARTESIAN_POINT('',(-36.16662530751,12.488860515769,
    5.410200092337));
#3775 = CARTESIAN_POINT('',(-36.16662694284,12.489082936971,
    5.410009287237));
#3776 = CARTESIAN_POINT('',(-36.16662775058,12.489194144671,
    5.40991389057));
#3777 = CARTESIAN_POINT('',(-36.16662854845,12.489305354425,
    5.409818495535));
#3778 = CARTESIAN_POINT('',(-36.16662933644,12.489416566232,
    5.409723102133));
#3779 = CARTESIAN_POINT('',(-36.16663011454,12.489527780092,
    5.409627710364));
#3780 = CARTESIAN_POINT('',(-36.16663165092,12.489750202,5.409436938599)
  );
#3781 = CARTESIAN_POINT('',(-36.1666324092,12.489861410047,
    5.409341558603));
#3782 = CARTESIAN_POINT('',(-36.16663315759,12.489972620145,
    5.409246180242));
#3783 = CARTESIAN_POINT('',(-36.16663389611,12.490083832292,
    5.409150803516));
#3784 = CARTESIAN_POINT('',(-36.16663462474,12.490195046488,
    5.409055428427));
#3785 = CARTESIAN_POINT('',(-36.16663606217,12.490417469057,
    5.408864690028));
#3786 = CARTESIAN_POINT('',(-36.16663677098,12.49052867743,
    5.408769326718));
#3787 = CARTESIAN_POINT('',(-36.1666374699,12.49063988785,5.408673965045
    ));
#3788 = CARTESIAN_POINT('',(-36.16663815894,12.490751100315,
    5.408578605012));
#3789 = CARTESIAN_POINT('',(-36.1666388381,12.490862314824,
    5.408483246618));
#3790 = CARTESIAN_POINT('',(-36.16664017659,12.491084738011,
    5.408292541615));
#3791 = CARTESIAN_POINT('',(-36.16664083592,12.491195946688,
    5.408197195006));
#3792 = CARTESIAN_POINT('',(-36.16664148537,12.491307157407,
    5.408101850037));
#3793 = CARTESIAN_POINT('',(-36.16664212493,12.491418370168,
    5.408006506711));
#3794 = CARTESIAN_POINT('',(-36.16664275462,12.491529584969,
    5.407911165027));
#3795 = CARTESIAN_POINT('',(-36.16664399416,12.491752008729,
    5.407720493451));
#3796 = CARTESIAN_POINT('',(-36.16664460402,12.491863217688,
    5.407625163558));
#3797 = CARTESIAN_POINT('',(-36.166645204,12.491974428685,5.407529835309
    ));
#3798 = CARTESIAN_POINT('',(-36.16664579409,12.492085641719,
    5.407434508705));
#3799 = CARTESIAN_POINT('',(-36.1666463743,12.492196856789,
    5.407339183746));
#3800 = CARTESIAN_POINT('',(-36.16664749523,12.492415446514,
    5.407151832203));
#3801 = CARTESIAN_POINT('',(-36.16664803663,12.492522821029,
    5.407059805506));
#3802 = CARTESIAN_POINT('',(-36.16664856881,12.492630197441,
    5.406967780344));
#3803 = CARTESIAN_POINT('',(-36.16664909177,12.492737575748,
    5.406875756718));
#3804 = CARTESIAN_POINT('',(-36.16664960552,12.49284495595,
    5.406783734629));
#3805 = CARTESIAN_POINT('',(-36.16665057851,12.493052041707,
    5.406606273522));
#3806 = CARTESIAN_POINT('',(-36.16665103903,12.493151747002,
    5.406520834292));
#3807 = CARTESIAN_POINT('',(-36.16665149159,12.493251453929,
    5.406435396388));
#3808 = CARTESIAN_POINT('',(-36.16665193621,12.493351162487,
    5.40634995981));
#3809 = CARTESIAN_POINT('',(-36.16665237289,12.493450872675,
    5.40626452456));
#3810 = CARTESIAN_POINT('',(-36.16665327977,12.49366179211,5.40608380702
    ));
#3811 = CARTESIAN_POINT('',(-36.16665374803,12.493773001754,
    5.405988525054));
#3812 = CARTESIAN_POINT('',(-36.16665420642,12.493884213424,
    5.405893244741));
#3813 = CARTESIAN_POINT('',(-36.16665465491,12.49399542712,
    5.405797966081));
#3814 = CARTESIAN_POINT('',(-36.16665509352,12.494106642841,
    5.405702689076));
#3815 = CARTESIAN_POINT('',(-36.16665592136,12.494321399216,
    5.405518716733));
#3816 = CARTESIAN_POINT('',(-36.16665631191,12.494424939601,
    5.405430021176));
#3817 = CARTESIAN_POINT('',(-36.16665669389,12.49452848174,
    5.405341327053));
#3818 = CARTESIAN_POINT('',(-36.1666570673,12.494632025631,
    5.405252634367));
#3819 = CARTESIAN_POINT('',(-36.16665743214,12.494735571273,
    5.405163943117));
#3820 = CARTESIAN_POINT('',(-36.16665817103,12.494950326651,
    5.404980002087));
#3821 = CARTESIAN_POINT('',(-36.16665854376,12.495061536655,
    5.404884752527));
#3822 = CARTESIAN_POINT('',(-36.16665890661,12.495172748678,
    5.404789504625));
#3823 = CARTESIAN_POINT('',(-36.16665925957,12.495283962718,
    5.404694258383));
#3824 = CARTESIAN_POINT('',(-36.16665960264,12.495395178775,
    5.404599013802));
#3825 = CARTESIAN_POINT('',(-36.16666026898,12.495617604991,
    5.404408536464));
#3826 = CARTESIAN_POINT('',(-36.16666059224,12.49572881515,
    5.404313303708));
#3827 = CARTESIAN_POINT('',(-36.16666090561,12.495840027323,
    5.404218072614));
#3828 = CARTESIAN_POINT('',(-36.1666612091,12.495951241509,
    5.404122843182));
#3829 = CARTESIAN_POINT('',(-36.1666615027,12.496062457708,
    5.404027615413));
#3830 = CARTESIAN_POINT('',(-36.1666620603,12.496281049596,
    5.403840454932));
#3831 = CARTESIAN_POINT('',(-36.16666232498,12.496388425148,
    5.403748522105));
#3832 = CARTESIAN_POINT('',(-36.16666258044,12.496495802573,
    5.403656590831));
#3833 = CARTESIAN_POINT('',(-36.16666282668,12.496603181872,
    5.40356466111));
#3834 = CARTESIAN_POINT('',(-36.1666630637,12.496710563044,
    5.403472732942));
#3835 = CARTESIAN_POINT('',(-36.16666351928,12.496925319871,
    5.403288887641));
#3836 = CARTESIAN_POINT('',(-36.16666373784,12.497032695526,
    5.403196970508));
#3837 = CARTESIAN_POINT('',(-36.16666394718,12.497140073051,
    5.403105054929));
#3838 = CARTESIAN_POINT('',(-36.1666641473,12.497247452446,
    5.403013140906));
#3839 = CARTESIAN_POINT('',(-36.1666643382,12.49735483371,5.402921228439
    ));
#3840 = CARTESIAN_POINT('',(-36.16666469505,12.497565756091,
    5.402740696658));
#3841 = CARTESIAN_POINT('',(-36.16666486165,12.497669297077,
    5.402652077235));
#3842 = CARTESIAN_POINT('',(-36.16666501968,12.497772839799,
    5.402563459259));
#3843 = CARTESIAN_POINT('',(-36.16666516913,12.497876384256,
    5.402474842733));
#3844 = CARTESIAN_POINT('',(-36.16666531001,12.497979930447,
    5.402386227656));
#3845 = CARTESIAN_POINT('',(-36.1666655844,12.49819468692,5.40220244464)
  );
#3846 = CARTESIAN_POINT('',(-36.1666657166,12.498305897469,
    5.402107276923));
#3847 = CARTESIAN_POINT('',(-36.1666658389,12.498417110015,
    5.402012110879));
#3848 = CARTESIAN_POINT('',(-36.16666595132,12.49852832456,5.40191694651
    ));
#3849 = CARTESIAN_POINT('',(-36.16666605384,12.498639541101,
    5.401821783816));
#3850 = CARTESIAN_POINT('',(-36.16666623908,12.498861968238,
    5.401631470283));
#3851 = CARTESIAN_POINT('',(-36.1666663218,12.498973178833,
    5.401536319443));
#3852 = CARTESIAN_POINT('',(-36.16666639464,12.499084391423,
    5.40144117028));
#3853 = CARTESIAN_POINT('',(-36.16666645758,12.499195606007,
    5.401346022794));
#3854 = CARTESIAN_POINT('',(-36.16666651062,12.499306822583,
    5.401250876986));
#3855 = CARTESIAN_POINT('',(-36.1666665914,12.499515030508,5.40107276139
    ));
#3856 = CARTESIAN_POINT('',(-36.1666666215,12.499612021379,
    5.400989791198));
#3857 = CARTESIAN_POINT('',(-36.16666664408,12.499709013765,
    5.400906822285));
#3858 = CARTESIAN_POINT('',(-36.16666665914,12.499806007664,
    5.400823854649));
#3859 = CARTESIAN_POINT('',(-36.16666666666,12.499903003076,
    5.400740888292));
#3860 = CARTESIAN_POINT('',(-36.16666666666,12.5,5.400657923215));
#3861 = ORIENTED_EDGE('',*,*,#3559,.F.);
#3862 = CYLINDRICAL_SURFACE('',#3863,1.5);
#3863 = AXIS2_PLACEMENT_3D('',#3864,#3865,#3866);
#3864 = CARTESIAN_POINT('',(-34.66666666666,12.5,0.));
#3865 = DIRECTION('',(0.,0.,-1.));
#3866 = DIRECTION('',(-1.,0.,0.));
#3867 = ADVANCED_FACE('',(#3868),#3888,.T.);
#3868 = FACE_BOUND('',#3869,.F.);
#3869 = EDGE_LOOP('',(#3870,#3871,#3872,#3880,#3887));
#3870 = ORIENTED_EDGE('',*,*,#1007,.F.);
#3871 = ORIENTED_EDGE('',*,*,#3584,.T.);
#3872 = ORIENTED_EDGE('',*,*,#3873,.F.);
#3873 = EDGE_CURVE('',#3874,#3576,#3876,.T.);
#3874 = VERTEX_POINT('',#3875);
#3875 = CARTESIAN_POINT('',(-33.16666666666,19.,3.));
#3876 = LINE('',#3877,#3878);
#3877 = CARTESIAN_POINT('',(-33.16666666666,36.91539213977,3.));
#3878 = VECTOR('',#3879,1.);
#3879 = DIRECTION('',(0.,1.,0.));
#3880 = ORIENTED_EDGE('',*,*,#3881,.F.);
#3881 = EDGE_CURVE('',#3600,#3874,#3882,.T.);
#3882 = CIRCLE('',#3883,10.);
#3883 = AXIS2_PLACEMENT_3D('',#3884,#3885,#3886);
#3884 = CARTESIAN_POINT('',(-33.16666666666,19.,13.));
#3885 = DIRECTION('',(1.,0.,0.));
#3886 = DIRECTION('',(0.,-1.,0.));
#3887 = ORIENTED_EDGE('',*,*,#3599,.F.);
#3888 = PLANE('',#3889);
#3889 = AXIS2_PLACEMENT_3D('',#3890,#3891,#3892);
#3890 = CARTESIAN_POINT('',(-33.16666666666,38.5,0.));
#3891 = DIRECTION('',(-1.,-0.,-0.));
#3892 = DIRECTION('',(0.,1.,0.));
#3893 = ADVANCED_FACE('',(#3894),#3928,.F.);
#3894 = FACE_BOUND('',#3895,.T.);
#3895 = EDGE_LOOP('',(#3896,#3897,#3905,#3913,#3922));
#3896 = ORIENTED_EDGE('',*,*,#1024,.F.);
#3897 = ORIENTED_EDGE('',*,*,#3898,.T.);
#3898 = EDGE_CURVE('',#1025,#3899,#3901,.T.);
#3899 = VERTEX_POINT('',#3900);
#3900 = CARTESIAN_POINT('',(-29.83333333333,22.5,3.));
#3901 = LINE('',#3902,#3903);
#3902 = CARTESIAN_POINT('',(-29.83333333333,22.5,0.));
#3903 = VECTOR('',#3904,1.);
#3904 = DIRECTION('',(0.,0.,1.));
#3905 = ORIENTED_EDGE('',*,*,#3906,.F.);
#3906 = EDGE_CURVE('',#3907,#3899,#3909,.T.);
#3907 = VERTEX_POINT('',#3908);
#3908 = CARTESIAN_POINT('',(-29.83333333333,19.,3.));
#3909 = LINE('',#3910,#3911);
#3910 = CARTESIAN_POINT('',(-29.83333333333,28.91539213977,3.));
#3911 = VECTOR('',#3912,1.);
#3912 = DIRECTION('',(0.,1.,0.));
#3913 = ORIENTED_EDGE('',*,*,#3914,.F.);
#3914 = EDGE_CURVE('',#3915,#3907,#3917,.T.);
#3915 = VERTEX_POINT('',#3916);
#3916 = CARTESIAN_POINT('',(-29.83333333333,12.5,5.400657923215));
#3917 = CIRCLE('',#3918,10.);
#3918 = AXIS2_PLACEMENT_3D('',#3919,#3920,#3921);
#3919 = CARTESIAN_POINT('',(-29.83333333333,19.,13.));
#3920 = DIRECTION('',(1.,0.,0.));
#3921 = DIRECTION('',(0.,-1.,0.));
#3922 = ORIENTED_EDGE('',*,*,#3923,.F.);
#3923 = EDGE_CURVE('',#1027,#3915,#3924,.T.);
#3924 = LINE('',#3925,#3926);
#3925 = CARTESIAN_POINT('',(-29.83333333333,12.5,0.));
#3926 = VECTOR('',#3927,1.);
#3927 = DIRECTION('',(0.,0.,1.));
#3928 = PLANE('',#3929);
#3929 = AXIS2_PLACEMENT_3D('',#3930,#3931,#3932);
#3930 = CARTESIAN_POINT('',(-29.83333333333,22.5,0.));
#3931 = DIRECTION('',(-1.,-0.,-0.));
#3932 = DIRECTION('',(0.,1.,0.));
#3933 = ADVANCED_FACE('',(#3934),#3953,.F.);
#3934 = FACE_BOUND('',#3935,.F.);
#3935 = EDGE_LOOP('',(#3936,#3937,#3938,#3947));
#3936 = ORIENTED_EDGE('',*,*,#1034,.F.);
#3937 = ORIENTED_EDGE('',*,*,#3898,.T.);
#3938 = ORIENTED_EDGE('',*,*,#3939,.F.);
#3939 = EDGE_CURVE('',#3940,#3899,#3942,.T.);
#3940 = VERTEX_POINT('',#3941);
#3941 = CARTESIAN_POINT('',(-26.83333333333,22.5,3.));
#3942 = CIRCLE('',#3943,1.5);
#3943 = AXIS2_PLACEMENT_3D('',#3944,#3945,#3946);
#3944 = CARTESIAN_POINT('',(-28.33333333333,22.5,3.));
#3945 = DIRECTION('',(0.,0.,1.));
#3946 = DIRECTION('',(-1.,0.,0.));
#3947 = ORIENTED_EDGE('',*,*,#3948,.F.);
#3948 = EDGE_CURVE('',#1035,#3940,#3949,.T.);
#3949 = LINE('',#3950,#3951);
#3950 = CARTESIAN_POINT('',(-26.83333333333,22.5,0.));
#3951 = VECTOR('',#3952,1.);
#3952 = DIRECTION('',(0.,0.,1.));
#3953 = CYLINDRICAL_SURFACE('',#3954,1.5);
#3954 = AXIS2_PLACEMENT_3D('',#3955,#3956,#3957);
#3955 = CARTESIAN_POINT('',(-28.33333333333,22.5,0.));
#3956 = DIRECTION('',(0.,0.,-1.));
#3957 = DIRECTION('',(-1.,0.,0.));
#3958 = ADVANCED_FACE('',(#3959),#4236,.F.);
#3959 = FACE_BOUND('',#3960,.F.);
#3960 = EDGE_LOOP('',(#3961,#3962,#3970,#4235));
#3961 = ORIENTED_EDGE('',*,*,#1051,.F.);
#3962 = ORIENTED_EDGE('',*,*,#3963,.T.);
#3963 = EDGE_CURVE('',#1044,#3964,#3966,.T.);
#3964 = VERTEX_POINT('',#3965);
#3965 = CARTESIAN_POINT('',(-26.83333333333,12.5,5.400657923215));
#3966 = LINE('',#3967,#3968);
#3967 = CARTESIAN_POINT('',(-26.83333333333,12.5,0.));
#3968 = VECTOR('',#3969,1.);
#3969 = DIRECTION('',(0.,0.,1.));
#3970 = ORIENTED_EDGE('',*,*,#3971,.T.);
#3971 = EDGE_CURVE('',#3964,#3915,#3972,.T.);
#3972 = B_SPLINE_CURVE_WITH_KNOTS('',6,(#3973,#3974,#3975,#3976,#3977,
    #3978,#3979,#3980,#3981,#3982,#3983,#3984,#3985,#3986,#3987,#3988,
    #3989,#3990,#3991,#3992,#3993,#3994,#3995,#3996,#3997,#3998,#3999,
    #4000,#4001,#4002,#4003,#4004,#4005,#4006,#4007,#4008,#4009,#4010,
    #4011,#4012,#4013,#4014,#4015,#4016,#4017,#4018,#4019,#4020,#4021,
    #4022,#4023,#4024,#4025,#4026,#4027,#4028,#4029,#4030,#4031,#4032,
    #4033,#4034,#4035,#4036,#4037,#4038,#4039,#4040,#4041,#4042,#4043,
    #4044,#4045,#4046,#4047,#4048,#4049,#4050,#4051,#4052,#4053,#4054,
    #4055,#4056,#4057,#4058,#4059,#4060,#4061,#4062,#4063,#4064,#4065,
    #4066,#4067,#4068,#4069,#4070,#4071,#4072,#4073,#4074,#4075,#4076,
    #4077,#4078,#4079,#4080,#4081,#4082,#4083,#4084,#4085,#4086,#4087,
    #4088,#4089,#4090,#4091,#4092,#4093,#4094,#4095,#4096,#4097,#4098,
    #4099,#4100,#4101,#4102,#4103,#4104,#4105,#4106,#4107,#4108,#4109,
    #4110,#4111,#4112,#4113,#4114,#4115,#4116,#4117,#4118,#4119,#4120,
    #4121,#4122,#4123,#4124,#4125,#4126,#4127,#4128,#4129,#4130,#4131,
    #4132,#4133,#4134,#4135,#4136,#4137,#4138,#4139,#4140,#4141,#4142,
    #4143,#4144,#4145,#4146,#4147,#4148,#4149,#4150,#4151,#4152,#4153,
    #4154,#4155,#4156,#4157,#4158,#4159,#4160,#4161,#4162,#4163,#4164,
    #4165,#4166,#4167,#4168,#4169,#4170,#4171,#4172,#4173,#4174,#4175,
    #4176,#4177,#4178,#4179,#4180,#4181,#4182,#4183,#4184,#4185,#4186,
    #4187,#4188,#4189,#4190,#4191,#4192,#4193,#4194,#4195,#4196,#4197,
    #4198,#4199,#4200,#4201,#4202,#4203,#4204,#4205,#4206,#4207,#4208,
    #4209,#4210,#4211,#4212,#4213,#4214,#4215,#4216,#4217,#4218,#4219,
    #4220,#4221,#4222,#4223,#4224,#4225,#4226,#4227,#4228,#4229,#4230,
    #4231,#4232,#4233,#4234),.UNSPECIFIED.,.F.,.F.,(7,5,5,5,5,5,5,5,5,5,
    5,5,5,5,5,5,5,5,5,5,5,5,5,5,5,5,5,5,5,5,5,5,5,5,5,5,5,5,5,5,5,5,5,5,
    5,5,5,5,5,5,5,5,7),(0.,5.753598463651E-02,0.172058443101,
    0.281938728746,0.322083506893,0.377005794212,0.422425912846,
    0.448500297173,0.49977579708,0.577062203391,0.623104448375,
    0.6790531054,0.718257342362,0.827816883529,0.99507508716,
    0.995195474542,0.99533511235,0.995474737744,0.995614350725,
    0.99575395129,0.995883913069,0.996004238452,0.996124554607,
    0.996264109784,0.99640365254,0.996538371692,0.996677890035,
    0.996817395954,0.996928029746,0.997067513388,0.997182938729,
    0.997322399661,0.997461848166,0.997601284244,0.997731092867,
    0.997846469264,0.997985871052,0.998115647749,0.998240607717,
    0.998384779877,0.998504913179,0.998644256233,0.998769173916,
    0.998908493386,0.999047800419,0.999187095015,0.999326377173,
    0.999465646893,0.999580895185,0.99972014217,0.999830570588,
    0.999921788162,1.),.UNSPECIFIED.);
#3973 = CARTESIAN_POINT('',(-26.83333333333,12.5,5.400657923215));
#3974 = CARTESIAN_POINT('',(-26.83333333333,12.454036040662,
    5.439972607654));
#3975 = CARTESIAN_POINT('',(-26.83502347299,12.408418216029,
    5.479568974406));
#3976 = CARTESIAN_POINT('',(-26.83835606462,12.363204354296,
    5.51939451046));
#3977 = CARTESIAN_POINT('',(-26.84328400156,12.318448553568,
    5.55939542096));
#3978 = CARTESIAN_POINT('',(-26.84976075818,12.274201181863,
    5.599516629198));
#3979 = CARTESIAN_POINT('',(-26.87362344203,12.143541561127,
    5.719688273858));
#3980 = CARTESIAN_POINT('',(-26.89545592048,12.058799837894,
    5.799904245014));
#3981 = CARTESIAN_POINT('',(-26.9228904453,11.976531733065,
    5.880013305704));
#3982 = CARTESIAN_POINT('',(-26.95564499655,11.896944983216,
    5.959672023137));
#3983 = CARTESIAN_POINT('',(-26.99349462662,11.82023314433,6.0385067194)
  );
#3984 = CARTESIAN_POINT('',(-27.07729809362,11.675954910016,
    6.190528977277));
#3985 = CARTESIAN_POINT('',(-27.12286447093,11.608138194874,
    6.263821675715));
#3986 = CARTESIAN_POINT('',(-27.17284622698,11.543267940868,
    6.33565910735));
#3987 = CARTESIAN_POINT('',(-27.22718759404,11.481502516381,
    6.40566236408));
#3988 = CARTESIAN_POINT('',(-27.28586976056,11.423061732085,
    6.473346772355));
#3989 = CARTESIAN_POINT('',(-27.37191106395,11.348219475164,
    6.561738176366));
#3990 = CARTESIAN_POINT('',(-27.39551486891,11.328675178183,
    6.584999052194));
#3991 = CARTESIAN_POINT('',(-27.41969959243,11.309627676129,
    6.607838417712));
#3992 = CARTESIAN_POINT('',(-27.44446550565,11.291093176637,
    6.630223127715));
#3993 = CARTESIAN_POINT('',(-27.46981249078,11.273089828741,
    6.652116874699));
#3994 = CARTESIAN_POINT('',(-27.53121166229,11.231761402804,
    6.702707454094));
#3995 = CARTESIAN_POINT('',(-27.56777762748,11.208911716686,
    6.730948376223));
#3996 = CARTESIAN_POINT('',(-27.6054270206,11.187147431852,6.75809247311
    ));
#3997 = CARTESIAN_POINT('',(-27.64414718458,11.166530976553,
    6.784022240316));
#3998 = CARTESIAN_POINT('',(-27.68392372132,11.147128439969,
    6.808613151095));
#3999 = CARTESIAN_POINT('',(-27.75849550523,11.114025470789,
    6.850854056243));
#4000 = CARTESIAN_POINT('',(-27.79296565464,11.099917899189,
    6.868971039335));
#4001 = CARTESIAN_POINT('',(-27.82811879605,11.086736742811,
    6.885996556116));
#4002 = CARTESIAN_POINT('',(-27.8639219075,11.074529427649,
    6.901846051023));
#4003 = CARTESIAN_POINT('',(-27.90034108891,11.063340920289,
    6.916438462489));
#4004 = CARTESIAN_POINT('',(-27.95858247001,11.047399997911,
    6.937307122078));
#4005 = CARTESIAN_POINT('',(-27.98001063253,11.041937211605,
    6.944476745087));
#4006 = CARTESIAN_POINT('',(-28.00161616835,11.036834261106,
    6.951189387341));
#4007 = CARTESIAN_POINT('',(-28.02338770936,11.032099552859,
    6.957430250689));
#4008 = CARTESIAN_POINT('',(-28.04531240068,11.027741007639,
    6.963185443455));
#4009 = CARTESIAN_POINT('',(-28.11076396196,11.015949293099,
    6.97877900542));
#4010 = CARTESIAN_POINT('',(-28.1547084153,11.00961224359,6.987192698199
    ));
#4011 = CARTESIAN_POINT('',(-28.19907364146,11.004817559854,
    6.993576481632));
#4012 = CARTESIAN_POINT('',(-28.24372346163,11.001606482752,
    6.997858080782));
#4013 = CARTESIAN_POINT('',(-28.28852179781,11.,7.));
#4014 = CARTESIAN_POINT('',(-28.40087675169,11.,7.));
#4015 = CARTESIAN_POINT('',(-28.46832795969,11.00364994111,
    6.995133965301));
#4016 = CARTESIAN_POINT('',(-28.53527042282,11.01092994295,
    6.985425719232));
#4017 = CARTESIAN_POINT('',(-28.60128333348,11.021740223479,
    6.971059931444));
#4018 = CARTESIAN_POINT('',(-28.66594609182,11.035889235259,
    6.952377166869));
#4019 = CARTESIAN_POINT('',(-28.76631257139,11.063324021481,
    6.916459984927));
#4020 = CARTESIAN_POINT('',(-28.80318669123,11.074654644947,
    6.901682105047));
#4021 = CARTESIAN_POINT('',(-28.83942910226,11.087029580779,
    6.88561577379));
#4022 = CARTESIAN_POINT('',(-28.87500468507,11.100402163261,
    6.868345121724));
#4023 = CARTESIAN_POINT('',(-28.90987924456,11.114723152313,
    6.849957931258));
#4024 = CARTESIAN_POINT('',(-28.985505367,11.148432517074,6.80695660847)
  );
#4025 = CARTESIAN_POINT('',(-29.02591303591,11.168250517204,
    6.781850273102));
#4026 = CARTESIAN_POINT('',(-29.06522596258,11.189321452928,
    6.755364929047));
#4027 = CARTESIAN_POINT('',(-29.10342943639,11.211576048257,
    6.727631222354));
#4028 = CARTESIAN_POINT('',(-29.14051059015,11.234949032166,
    6.698772146606));
#4029 = CARTESIAN_POINT('',(-29.2016476814,11.276497756481,
    6.647973221178));
#4030 = CARTESIAN_POINT('',(-29.22628458087,11.294138188714,
    6.626543994839));
#4031 = CARTESIAN_POINT('',(-29.25036861483,11.312281935204,
    6.604651734903));
#4032 = CARTESIAN_POINT('',(-29.27389967821,11.330912278862,
    6.582329920775));
#4033 = CARTESIAN_POINT('',(-29.29687804451,11.350014285597,
    6.559609140267));
#4034 = CARTESIAN_POINT('',(-29.38197660907,11.424238320839,
    6.471984409687));
#4035 = CARTESIAN_POINT('',(-29.44034877814,11.482492824147,
    6.404540316052));
#4036 = CARTESIAN_POINT('',(-29.49441552574,11.544042269961,
    6.334801986852));
#4037 = CARTESIAN_POINT('',(-29.54415789426,11.608669999386,
    6.263247371538));
#4038 = CARTESIAN_POINT('',(-29.58952047438,11.676219638203,
    6.190250594485));
#4039 = CARTESIAN_POINT('',(-29.69277950757,11.85398497139,6.00294244268
    ));
#4040 = CARTESIAN_POINT('',(-29.74476535791,11.968055643171,
    5.886991972016));
#4041 = CARTESIAN_POINT('',(-29.7857168688,12.088102198733,
    5.769662462264));
#4042 = CARTESIAN_POINT('',(-29.81482093796,12.213436361707,
    5.652136725742));
#4043 = CARTESIAN_POINT('',(-29.83105543527,12.34325318689,
    5.535510812027));
#4044 = CARTESIAN_POINT('',(-29.83314968284,12.476528167085,
    5.420797188282));
#4045 = CARTESIAN_POINT('',(-29.8331511818,12.476624026962,5.42071468145
    ));
#4046 = CARTESIAN_POINT('',(-29.83315267343,12.476719888422,
    5.420632175789));
#4047 = CARTESIAN_POINT('',(-29.83315415774,12.476815751466,
    5.420549671297));
#4048 = CARTESIAN_POINT('',(-29.83315563471,12.476911616092,
    5.420467167976));
#4049 = CARTESIAN_POINT('',(-29.833158809,12.477118677899,5.420288971253
    ));
#4050 = CARTESIAN_POINT('',(-29.83316050378,12.477229875626,
    5.420193278255));
#4051 = CARTESIAN_POINT('',(-29.8331621887,12.477341075481,
    5.420097586833));
#4052 = CARTESIAN_POINT('',(-29.83316386376,12.477452277462,
    5.420001896989));
#4053 = CARTESIAN_POINT('',(-29.83316552895,12.477563481568,
    5.419906208723));
#4054 = CARTESIAN_POINT('',(-29.83316883945,12.477785884145,
    5.419714843856));
#4055 = CARTESIAN_POINT('',(-29.83317048477,12.477897082615,
    5.419619167254));
#4056 = CARTESIAN_POINT('',(-29.83317212022,12.478008283208,
    5.419523492232));
#4057 = CARTESIAN_POINT('',(-29.8331737458,12.478119485923,5.41942781879
    ));
#4058 = CARTESIAN_POINT('',(-29.83317536153,12.47823069076,5.41933214693
    ));
#4059 = CARTESIAN_POINT('',(-29.83317857309,12.478453094787,
    5.41914081488));
#4060 = CARTESIAN_POINT('',(-29.83318016894,12.478564293977,
    5.41904515469));
#4061 = CARTESIAN_POINT('',(-29.83318175492,12.478675495287,
    5.418949496082));
#4062 = CARTESIAN_POINT('',(-29.83318333104,12.478786698714,
    5.418853839058));
#4063 = CARTESIAN_POINT('',(-29.83318489729,12.478897904259,
    5.418758183619));
#4064 = CARTESIAN_POINT('',(-29.83318800992,12.479120309693,
    5.418566884417));
#4065 = CARTESIAN_POINT('',(-29.8331895563,12.479231509582,
    5.418471240654));
#4066 = CARTESIAN_POINT('',(-29.83319109282,12.479342711585,
    5.418375598477));
#4067 = CARTESIAN_POINT('',(-29.83319261947,12.479453915703,
    5.418279957887));
#4068 = CARTESIAN_POINT('',(-29.83319413625,12.479565121935,
    5.418184318884));
#4069 = CARTESIAN_POINT('',(-29.83319704603,12.47977986019,
    5.417999647384));
#4070 = CARTESIAN_POINT('',(-29.83319844034,12.479883391932,
    5.417910614677));
#4071 = CARTESIAN_POINT('',(-29.8331998261,12.479986925505,
    5.417821583346));
#4072 = CARTESIAN_POINT('',(-29.83320120331,12.480090460907,
    5.417732553393));
#4073 = CARTESIAN_POINT('',(-29.83320257197,12.480193998137,
    5.417643524819));
#4074 = CARTESIAN_POINT('',(-29.83320519132,12.480393399048,
    5.417472071611));
#4075 = CARTESIAN_POINT('',(-29.83320644324,12.480489262467,
    5.41738964678));
#4076 = CARTESIAN_POINT('',(-29.83320768782,12.480585127452,
    5.417307223131));
#4077 = CARTESIAN_POINT('',(-29.83320892507,12.480680994004,
    5.417224800666));
#4078 = CARTESIAN_POINT('',(-29.83321015499,12.48077686212,
    5.417142379385));
#4079 = CARTESIAN_POINT('',(-29.83321260006,12.480968594128,
    5.416977545514));
#4080 = CARTESIAN_POINT('',(-29.83321381522,12.48106445802,
    5.416895132923));
#4081 = CARTESIAN_POINT('',(-29.83321502304,12.481160323476,
    5.416812721517));
#4082 = CARTESIAN_POINT('',(-29.83321622353,12.481256190495,
    5.416730311297));
#4083 = CARTESIAN_POINT('',(-29.83321741668,12.481352059076,
    5.416647902262));
#4084 = CARTESIAN_POINT('',(-29.83321997793,12.481559129372,
    5.416469909229));
#4085 = CARTESIAN_POINT('',(-29.8332213435,12.481670331626,
    5.416374325641));
#4086 = CARTESIAN_POINT('',(-29.83322269919,12.48178153598,5.41627874365
    ));
#4087 = CARTESIAN_POINT('',(-29.83322404502,12.481892742434,
    5.416183163257));
#4088 = CARTESIAN_POINT('',(-29.83322538097,12.482003950987,
    5.416087584462));
#4089 = CARTESIAN_POINT('',(-29.83322803302,12.48222636239,
    5.415896438578));
#4090 = CARTESIAN_POINT('',(-29.83322934912,12.48233756524,
    5.415800871489));
#4091 = CARTESIAN_POINT('',(-29.83323065535,12.482448770186,
    5.415705305999));
#4092 = CARTESIAN_POINT('',(-29.8332319517,12.482559977228,
    5.415609742111));
#4093 = CARTESIAN_POINT('',(-29.83323323819,12.482671186364,
    5.415514179824));
#4094 = CARTESIAN_POINT('',(-29.83323574728,12.482889764561,
    5.415326361723));
#4095 = CARTESIAN_POINT('',(-29.83323697056,12.482997133479,5.4152341058
    ));
#4096 = CARTESIAN_POINT('',(-29.83323818464,12.483104504348,
    5.415141851371));
#4097 = CARTESIAN_POINT('',(-29.83323938951,12.483211877167,
    5.415049598438));
#4098 = CARTESIAN_POINT('',(-29.83324058519,12.483319251934,5.414957347)
  );
#4099 = CARTESIAN_POINT('',(-29.83324300039,12.483537830517,
    5.414769560838));
#4100 = CARTESIAN_POINT('',(-29.83324421925,12.483649034475,
    5.414674026221));
#4101 = CARTESIAN_POINT('',(-29.83324542824,12.48376024052,5.41457849321
    ));
#4102 = CARTESIAN_POINT('',(-29.83324662736,12.483871448653,
    5.414482961807));
#4103 = CARTESIAN_POINT('',(-29.83324781661,12.483982658873,
    5.414387432011));
#4104 = CARTESIAN_POINT('',(-29.83325017525,12.484205073581,
    5.414196384143));
#4105 = CARTESIAN_POINT('',(-29.83325134464,12.484316278069,
    5.414100866071));
#4106 = CARTESIAN_POINT('',(-29.83325250416,12.484427484642,
    5.414005349607));
#4107 = CARTESIAN_POINT('',(-29.83325365381,12.484538693297,
    5.413909834754));
#4108 = CARTESIAN_POINT('',(-29.83325479358,12.484649904035,
    5.413814321511));
#4109 = CARTESIAN_POINT('',(-29.83325681953,12.484849313084,
    5.413643065325));
#4110 = CARTESIAN_POINT('',(-29.83325770938,12.484937510621,
    5.413567321783));
#4111 = CARTESIAN_POINT('',(-29.83325859301,12.485025709467,
    5.413491579256));
#4112 = CARTESIAN_POINT('',(-29.83325947043,12.485113909622,
    5.413415837742));
#4113 = CARTESIAN_POINT('',(-29.83326034164,12.485202111084,
    5.413340097244));
#4114 = CARTESIAN_POINT('',(-29.8332622972,12.48540151716,5.413168867778
    ));
#4115 = CARTESIAN_POINT('',(-29.83326337789,12.485512722544,
    5.413073379408));
#4116 = CARTESIAN_POINT('',(-29.83326444871,12.485623930006,
    5.412977892654));
#4117 = CARTESIAN_POINT('',(-29.83326550964,12.485735139543,
    5.412882407515));
#4118 = CARTESIAN_POINT('',(-29.83326656071,12.485846351156,
    5.412786923992));
#4119 = CARTESIAN_POINT('',(-29.83326846349,12.486049596265,
    5.412612429012));
#4120 = CARTESIAN_POINT('',(-29.83326931833,12.486141629106,
    5.412533417044));
#4121 = CARTESIAN_POINT('',(-29.83327016641,12.486233663368,
    5.412454406184));
#4122 = CARTESIAN_POINT('',(-29.83327100772,12.486325699049,
    5.412375396432));
#4123 = CARTESIAN_POINT('',(-29.83327184226,12.486417736149,
    5.412296387789));
#4124 = CARTESIAN_POINT('',(-29.8332736702,12.486620978822,
    5.412121920592));
#4125 = CARTESIAN_POINT('',(-29.83327466047,12.486732185047,
    5.412026462548));
#4126 = CARTESIAN_POINT('',(-29.83327564087,12.486843393342,
    5.411931006124));
#4127 = CARTESIAN_POINT('',(-29.8332766114,12.486954603706,
    5.411835551322));
#4128 = CARTESIAN_POINT('',(-29.83327757204,12.487065816138,
    5.411740098141));
#4129 = CARTESIAN_POINT('',(-29.8332794735,12.487288235224,
    5.411549203531));
#4130 = CARTESIAN_POINT('',(-29.8332804143,12.487399441879,
    5.411453762102));
#4131 = CARTESIAN_POINT('',(-29.83328134523,12.487510650599,
    5.411358322296));
#4132 = CARTESIAN_POINT('',(-29.83328226628,12.487621861383,
    5.411262884114));
#4133 = CARTESIAN_POINT('',(-29.83328317746,12.487733074232,
    5.411167447557));
#4134 = CARTESIAN_POINT('',(-29.83328497996,12.487955494142,5.4109765862
    ));
#4135 = CARTESIAN_POINT('',(-29.8332858713,12.488066701204,
    5.410881161401));
#4136 = CARTESIAN_POINT('',(-29.83328675276,12.488177910327,
    5.410785738227));
#4137 = CARTESIAN_POINT('',(-29.83328762434,12.48828912151,
    5.410690316681));
#4138 = CARTESIAN_POINT('',(-29.83328848604,12.488400334753,
    5.410594896763));
#4139 = CARTESIAN_POINT('',(-29.83329013086,12.488615086425,
    5.410410648403));
#4140 = CARTESIAN_POINT('',(-29.8332909153,12.488718624578,
    5.410321819743));
#4141 = CARTESIAN_POINT('',(-29.83329169118,12.488822164516,
    5.410232992496));
#4142 = CARTESIAN_POINT('',(-29.8332924585,12.488925706235,
    5.410144166662));
#4143 = CARTESIAN_POINT('',(-29.83329321725,12.489029249737,
    5.410055342242));
#4144 = CARTESIAN_POINT('',(-29.83329463421,12.489224828056,
    5.409887571643));
#4145 = CARTESIAN_POINT('',(-29.83329529422,12.4893168625,5.409808625166
    ));
#4146 = CARTESIAN_POINT('',(-29.83329594747,12.48940889835,
    5.409729679808));
#4147 = CARTESIAN_POINT('',(-29.83329659395,12.489500935606,
    5.409650735569));
#4148 = CARTESIAN_POINT('',(-29.83329723366,12.489592974268,
    5.409571792448));
#4149 = CARTESIAN_POINT('',(-29.83329863134,12.489796220354,
    5.409397469967));
#4150 = CARTESIAN_POINT('',(-29.83329938621,12.489907428425,
    5.409302091121));
#4151 = CARTESIAN_POINT('',(-29.83330013119,12.490018638545,
    5.40920671391));
#4152 = CARTESIAN_POINT('',(-29.83330086629,12.490129850715,
    5.409111338335));
#4153 = CARTESIAN_POINT('',(-29.83330159151,12.490241064933,
    5.409015964397));
#4154 = CARTESIAN_POINT('',(-29.83330297279,12.490455818462,
    5.40883180484));
#4155 = CARTESIAN_POINT('',(-29.83330363018,12.490559357499,
    5.408743019004));
#4156 = CARTESIAN_POINT('',(-29.83330427899,12.49066289831,
    5.408654234587));
#4157 = CARTESIAN_POINT('',(-29.83330491924,12.490766440894,
    5.408565451591));
#4158 = CARTESIAN_POINT('',(-29.83330555092,12.49086998525,
    5.408476670017));
#4159 = CARTESIAN_POINT('',(-29.83330677403,12.491073234336,
    5.408302404832));
#4160 = CARTESIAN_POINT('',(-29.83330736607,12.491172938938,
    5.408216921119));
#4161 = CARTESIAN_POINT('',(-29.83330795017,12.491272645181,
    5.408131438725));
#4162 = CARTESIAN_POINT('',(-29.83330852633,12.491372353066,
    5.40804595765));
#4163 = CARTESIAN_POINT('',(-29.83330909454,12.49147206259,
    5.407960477895));
#4164 = CARTESIAN_POINT('',(-29.83331030122,12.491686815189,
    5.407776378993));
#4165 = CARTESIAN_POINT('',(-29.83331093705,12.491801858806,
    5.407677760283));
#4166 = CARTESIAN_POINT('',(-29.8333115623,12.491916904605,
    5.407579143332));
#4167 = CARTESIAN_POINT('',(-29.83331217698,12.492031952584,
    5.407480528141));
#4168 = CARTESIAN_POINT('',(-29.83331278108,12.492147002743,
    5.407381914711));
#4169 = CARTESIAN_POINT('',(-29.83331386916,12.492357923917,
    5.407201133605));
#4170 = CARTESIAN_POINT('',(-29.83331435637,12.492453794266,
    5.40711896539));
#4171 = CARTESIAN_POINT('',(-29.83331483624,12.492549666127,
    5.407036798398));
#4172 = CARTESIAN_POINT('',(-29.83331530876,12.4926455395,5.406954632631
    ));
#4173 = CARTESIAN_POINT('',(-29.83331577394,12.492741414383,
    5.406872468089));
#4174 = CARTESIAN_POINT('',(-29.8333167628,12.492948498154,
    5.406695003243));
#4175 = CARTESIAN_POINT('',(-29.83331728395,12.493059707563,
    5.406599703362));
#4176 = CARTESIAN_POINT('',(-29.83331779522,12.493170919003,
    5.406504405131));
#4177 = CARTESIAN_POINT('',(-29.8333182966,12.493282132473,
    5.406409108549));
#4178 = CARTESIAN_POINT('',(-29.8333187881,12.493393347972,
    5.406313813619));
#4179 = CARTESIAN_POINT('',(-29.83331970146,12.493604269326,
    5.406133092218));
#4180 = CARTESIAN_POINT('',(-29.83332012526,12.493703974783,
    5.406047665423));
#4181 = CARTESIAN_POINT('',(-29.83332054112,12.49380368187,
    5.405962239956));
#4182 = CARTESIAN_POINT('',(-29.83332094903,12.493903390585,
    5.405876815818));
#4183 = CARTESIAN_POINT('',(-29.833321349,12.494003100927,5.405791393009
    ));
#4184 = CARTESIAN_POINT('',(-29.83332217822,12.494214020682,
    5.405610701791));
#4185 = CARTESIAN_POINT('',(-29.83332260555,12.49432523049,
    5.405515433706));
#4186 = CARTESIAN_POINT('',(-29.83332302299,12.494436442321,
    5.405420167277));
#4187 = CARTESIAN_POINT('',(-29.83332343054,12.494547656175,
    5.405324902504));
#4188 = CARTESIAN_POINT('',(-29.83332382821,12.49465887205,
    5.405229639387));
#4189 = CARTESIAN_POINT('',(-29.83332460372,12.494881297912,
    5.405039124974));
#4190 = CARTESIAN_POINT('',(-29.83332498158,12.494992507899,
    5.404943873676));
#4191 = CARTESIAN_POINT('',(-29.83332534954,12.495103719905,
    5.404848624037));
#4192 = CARTESIAN_POINT('',(-29.83332570762,12.495214933929,
    5.404753376057));
#4193 = CARTESIAN_POINT('',(-29.83332605581,12.49532614997,
    5.404658129737));
#4194 = CARTESIAN_POINT('',(-29.83332673238,12.495548576155,
    5.404467648922));
#4195 = CARTESIAN_POINT('',(-29.83332706076,12.495659786299,
    5.404372414426));
#4196 = CARTESIAN_POINT('',(-29.83332737925,12.495770998457,
    5.404277181593));
#4197 = CARTESIAN_POINT('',(-29.83332768786,12.495882212629,
    5.404181950421));
#4198 = CARTESIAN_POINT('',(-29.83332798657,12.495993428815,
    5.404086720912));
#4199 = CARTESIAN_POINT('',(-29.83332856419,12.496215855279,
    5.403896273726));
#4200 = CARTESIAN_POINT('',(-29.8333288431,12.496327065557,
    5.403801056048));
#4201 = CARTESIAN_POINT('',(-29.83332911212,12.496438277846,
    5.403705840035));
#4202 = CARTESIAN_POINT('',(-29.83332937125,12.496549492145,
    5.403610625687));
#4203 = CARTESIAN_POINT('',(-29.83332962049,12.496660708453,
    5.403515413005));
#4204 = CARTESIAN_POINT('',(-29.83333009917,12.496883135152,
    5.403324999478));
#4205 = CARTESIAN_POINT('',(-29.8333303286,12.496994345543,
    5.403229798632));
#4206 = CARTESIAN_POINT('',(-29.83333054815,12.49710555794,
    5.403134599455));
#4207 = CARTESIAN_POINT('',(-29.8333307578,12.497216772343,
    5.403039401945));
#4208 = CARTESIAN_POINT('',(-29.83333095757,12.497327988751,
    5.402944206105));
#4209 = CARTESIAN_POINT('',(-29.83333130456,12.497531242475,
    5.402770236982));
#4210 = CARTESIAN_POINT('',(-29.83333145491,12.497623279158,
    5.402691463174));
#4211 = CARTESIAN_POINT('',(-29.83333159849,12.497715317213,
    5.402612690509));
#4212 = CARTESIAN_POINT('',(-29.83333173528,12.49780735664,
    5.402533918989));
#4213 = CARTESIAN_POINT('',(-29.83333186531,12.497899397436,
    5.402455148614));
#4214 = CARTESIAN_POINT('',(-29.83333213747,12.498102648143,
    5.402281207669));
#4215 = CARTESIAN_POINT('',(-29.83333227649,12.498213858683,
    5.402186037625));
#4216 = CARTESIAN_POINT('',(-29.83333240562,12.498325071222,
    5.402090869254));
#4217 = CARTESIAN_POINT('',(-29.83333252486,12.498436285759,
    5.401995702558));
#4218 = CARTESIAN_POINT('',(-29.8333326342,12.498547502294,
    5.401900537536));
#4219 = CARTESIAN_POINT('',(-29.83333281252,12.498746921559,
    5.401729905857));
#4220 = CARTESIAN_POINT('',(-29.83333288517,12.49883512355,
    5.401654438579));
#4221 = CARTESIAN_POINT('',(-29.83333295159,12.498923326795,
    5.401578972354));
#4222 = CARTESIAN_POINT('',(-29.83333301179,12.499011531295,
    5.401503507184));
#4223 = CARTESIAN_POINT('',(-29.83333306576,12.49909973705,5.40142804307
    ));
#4224 = CARTESIAN_POINT('',(-29.83333315296,12.499260806001,
    5.401290244995));
#4225 = CARTESIAN_POINT('',(-29.83333318816,12.4993336688,5.4012279107)
  );
#4226 = CARTESIAN_POINT('',(-29.83333321911,12.499406532455,
    5.401165577126));
#4227 = CARTESIAN_POINT('',(-29.83333324582,12.499479396964,
    5.401103244272));
#4228 = CARTESIAN_POINT('',(-29.83333326828,12.499552262328,
    5.401040912139));
#4229 = CARTESIAN_POINT('',(-29.8333333021,12.499687605552,
    5.400925136482));
#4230 = CARTESIAN_POINT('',(-29.83333331459,12.499750083186,
    5.400871692768));
#4231 = CARTESIAN_POINT('',(-29.83333332396,12.499812561448,
    5.400818249584));
#4232 = CARTESIAN_POINT('',(-29.83333333021,12.499875040338,
    5.40076480693));
#4233 = CARTESIAN_POINT('',(-29.83333333333,12.499937519855,
    5.400711364807));
#4234 = CARTESIAN_POINT('',(-29.83333333333,12.5,5.400657923215));
#4235 = ORIENTED_EDGE('',*,*,#3923,.F.);
#4236 = CYLINDRICAL_SURFACE('',#4237,1.5);
#4237 = AXIS2_PLACEMENT_3D('',#4238,#4239,#4240);
#4238 = CARTESIAN_POINT('',(-28.33333333333,12.5,0.));
#4239 = DIRECTION('',(0.,0.,-1.));
#4240 = DIRECTION('',(-1.,0.,0.));
#4241 = ADVANCED_FACE('',(#4242),#4262,.T.);
#4242 = FACE_BOUND('',#4243,.F.);
#4243 = EDGE_LOOP('',(#4244,#4245,#4246,#4254,#4261));
#4244 = ORIENTED_EDGE('',*,*,#1043,.F.);
#4245 = ORIENTED_EDGE('',*,*,#3948,.T.);
#4246 = ORIENTED_EDGE('',*,*,#4247,.F.);
#4247 = EDGE_CURVE('',#4248,#3940,#4250,.T.);
#4248 = VERTEX_POINT('',#4249);
#4249 = CARTESIAN_POINT('',(-26.83333333333,19.,3.));
#4250 = LINE('',#4251,#4252);
#4251 = CARTESIAN_POINT('',(-26.83333333333,28.91539213977,3.));
#4252 = VECTOR('',#4253,1.);
#4253 = DIRECTION('',(0.,1.,0.));
#4254 = ORIENTED_EDGE('',*,*,#4255,.F.);
#4255 = EDGE_CURVE('',#3964,#4248,#4256,.T.);
#4256 = CIRCLE('',#4257,10.);
#4257 = AXIS2_PLACEMENT_3D('',#4258,#4259,#4260);
#4258 = CARTESIAN_POINT('',(-26.83333333333,19.,13.));
#4259 = DIRECTION('',(1.,0.,0.));
#4260 = DIRECTION('',(0.,-1.,0.));
#4261 = ORIENTED_EDGE('',*,*,#3963,.F.);
#4262 = PLANE('',#4263);
#4263 = AXIS2_PLACEMENT_3D('',#4264,#4265,#4266);
#4264 = CARTESIAN_POINT('',(-26.83333333333,22.5,0.));
#4265 = DIRECTION('',(-1.,-0.,-0.));
#4266 = DIRECTION('',(0.,1.,0.));
#4267 = ADVANCED_FACE('',(#4268),#4302,.F.);
#4268 = FACE_BOUND('',#4269,.T.);
#4269 = EDGE_LOOP('',(#4270,#4271,#4279,#4287,#4296));
#4270 = ORIENTED_EDGE('',*,*,#1060,.F.);
#4271 = ORIENTED_EDGE('',*,*,#4272,.T.);
#4272 = EDGE_CURVE('',#1061,#4273,#4275,.T.);
#4273 = VERTEX_POINT('',#4274);
#4274 = CARTESIAN_POINT('',(-17.5,22.5,3.));
#4275 = LINE('',#4276,#4277);
#4276 = CARTESIAN_POINT('',(-17.5,22.5,0.));
#4277 = VECTOR('',#4278,1.);
#4278 = DIRECTION('',(0.,0.,1.));
#4279 = ORIENTED_EDGE('',*,*,#4280,.F.);
#4280 = EDGE_CURVE('',#4281,#4273,#4283,.T.);
#4281 = VERTEX_POINT('',#4282);
#4282 = CARTESIAN_POINT('',(-17.5,19.,3.));
#4283 = LINE('',#4284,#4285);
#4284 = CARTESIAN_POINT('',(-17.5,28.91539213977,3.));
#4285 = VECTOR('',#4286,1.);
#4286 = DIRECTION('',(0.,1.,0.));
#4287 = ORIENTED_EDGE('',*,*,#4288,.F.);
#4288 = EDGE_CURVE('',#4289,#4281,#4291,.T.);
#4289 = VERTEX_POINT('',#4290);
#4290 = CARTESIAN_POINT('',(-17.5,12.5,5.400657923215));
#4291 = CIRCLE('',#4292,10.);
#4292 = AXIS2_PLACEMENT_3D('',#4293,#4294,#4295);
#4293 = CARTESIAN_POINT('',(-17.5,19.,13.));
#4294 = DIRECTION('',(1.,0.,0.));
#4295 = DIRECTION('',(0.,-1.,0.));
#4296 = ORIENTED_EDGE('',*,*,#4297,.F.);
#4297 = EDGE_CURVE('',#1063,#4289,#4298,.T.);
#4298 = LINE('',#4299,#4300);
#4299 = CARTESIAN_POINT('',(-17.5,12.5,0.));
#4300 = VECTOR('',#4301,1.);
#4301 = DIRECTION('',(0.,0.,1.));
#4302 = PLANE('',#4303);
#4303 = AXIS2_PLACEMENT_3D('',#4304,#4305,#4306);
#4304 = CARTESIAN_POINT('',(-17.5,22.5,0.));
#4305 = DIRECTION('',(-1.,-0.,-0.));
#4306 = DIRECTION('',(0.,1.,0.));
#4307 = ADVANCED_FACE('',(#4308),#4327,.F.);
#4308 = FACE_BOUND('',#4309,.F.);
#4309 = EDGE_LOOP('',(#4310,#4311,#4312,#4321));
#4310 = ORIENTED_EDGE('',*,*,#1070,.F.);
#4311 = ORIENTED_EDGE('',*,*,#4272,.T.);
#4312 = ORIENTED_EDGE('',*,*,#4313,.F.);
#4313 = EDGE_CURVE('',#4314,#4273,#4316,.T.);
#4314 = VERTEX_POINT('',#4315);
#4315 = CARTESIAN_POINT('',(-14.5,22.5,3.));
#4316 = CIRCLE('',#4317,1.5);
#4317 = AXIS2_PLACEMENT_3D('',#4318,#4319,#4320);
#4318 = CARTESIAN_POINT('',(-16.,22.5,3.));
#4319 = DIRECTION('',(0.,0.,1.));
#4320 = DIRECTION('',(-1.,0.,0.));
#4321 = ORIENTED_EDGE('',*,*,#4322,.F.);
#4322 = EDGE_CURVE('',#1071,#4314,#4323,.T.);
#4323 = LINE('',#4324,#4325);
#4324 = CARTESIAN_POINT('',(-14.5,22.5,0.));
#4325 = VECTOR('',#4326,1.);
#4326 = DIRECTION('',(0.,0.,1.));
#4327 = CYLINDRICAL_SURFACE('',#4328,1.5);
#4328 = AXIS2_PLACEMENT_3D('',#4329,#4330,#4331);
#4329 = CARTESIAN_POINT('',(-16.,22.5,0.));
#4330 = DIRECTION('',(0.,0.,-1.));
#4331 = DIRECTION('',(-1.,0.,0.));
#4332 = ADVANCED_FACE('',(#4333),#4605,.F.);
#4333 = FACE_BOUND('',#4334,.F.);
#4334 = EDGE_LOOP('',(#4335,#4336,#4344,#4604));
#4335 = ORIENTED_EDGE('',*,*,#1087,.F.);
#4336 = ORIENTED_EDGE('',*,*,#4337,.T.);
#4337 = EDGE_CURVE('',#1080,#4338,#4340,.T.);
#4338 = VERTEX_POINT('',#4339);
#4339 = CARTESIAN_POINT('',(-14.5,12.5,5.400657923215));
#4340 = LINE('',#4341,#4342);
#4341 = CARTESIAN_POINT('',(-14.5,12.5,0.));
#4342 = VECTOR('',#4343,1.);
#4343 = DIRECTION('',(0.,0.,1.));
#4344 = ORIENTED_EDGE('',*,*,#4345,.T.);
#4345 = EDGE_CURVE('',#4338,#4289,#4346,.T.);
#4346 = B_SPLINE_CURVE_WITH_KNOTS('',6,(#4347,#4348,#4349,#4350,#4351,
    #4352,#4353,#4354,#4355,#4356,#4357,#4358,#4359,#4360,#4361,#4362,
    #4363,#4364,#4365,#4366,#4367,#4368,#4369,#4370,#4371,#4372,#4373,
    #4374,#4375,#4376,#4377,#4378,#4379,#4380,#4381,#4382,#4383,#4384,
    #4385,#4386,#4387,#4388,#4389,#4390,#4391,#4392,#4393,#4394,#4395,
    #4396,#4397,#4398,#4399,#4400,#4401,#4402,#4403,#4404,#4405,#4406,
    #4407,#4408,#4409,#4410,#4411,#4412,#4413,#4414,#4415,#4416,#4417,
    #4418,#4419,#4420,#4421,#4422,#4423,#4424,#4425,#4426,#4427,#4428,
    #4429,#4430,#4431,#4432,#4433,#4434,#4435,#4436,#4437,#4438,#4439,
    #4440,#4441,#4442,#4443,#4444,#4445,#4446,#4447,#4448,#4449,#4450,
    #4451,#4452,#4453,#4454,#4455,#4456,#4457,#4458,#4459,#4460,#4461,
    #4462,#4463,#4464,#4465,#4466,#4467,#4468,#4469,#4470,#4471,#4472,
    #4473,#4474,#4475,#4476,#4477,#4478,#4479,#4480,#4481,#4482,#4483,
    #4484,#4485,#4486,#4487,#4488,#4489,#4490,#4491,#4492,#4493,#4494,
    #4495,#4496,#4497,#4498,#4499,#4500,#4501,#4502,#4503,#4504,#4505,
    #4506,#4507,#4508,#4509,#4510,#4511,#4512,#4513,#4514,#4515,#4516,
    #4517,#4518,#4519,#4520,#4521,#4522,#4523,#4524,#4525,#4526,#4527,
    #4528,#4529,#4530,#4531,#4532,#4533,#4534,#4535,#4536,#4537,#4538,
    #4539,#4540,#4541,#4542,#4543,#4544,#4545,#4546,#4547,#4548,#4549,
    #4550,#4551,#4552,#4553,#4554,#4555,#4556,#4557,#4558,#4559,#4560,
    #4561,#4562,#4563,#4564,#4565,#4566,#4567,#4568,#4569,#4570,#4571,
    #4572,#4573,#4574,#4575,#4576,#4577,#4578,#4579,#4580,#4581,#4582,
    #4583,#4584,#4585,#4586,#4587,#4588,#4589,#4590,#4591,#4592,#4593,
    #4594,#4595,#4596,#4597,#4598,#4599,#4600,#4601,#4602,#4603),
  .UNSPECIFIED.,.F.,.F.,(7,5,5,5,5,5,5,5,5,5,5,5,5,5,5,5,5,5,5,5,5,5,5,5
    ,5,5,5,5,5,5,5,5,5,5,5,5,5,5,5,5,5,5,5,5,5,5,5,5,5,5,5,7),(0.,
    5.75359822578E-02,0.172058445307,0.281938735351,0.322083515106,
    0.377005804623,0.422425925263,0.448500310848,0.49977581323,
    0.577062223272,0.62310447049,0.679053130244,0.71825736912,
    0.827816915633,0.995094353211,0.995233999909,0.995373634193,
    0.995503627369,0.995643237683,0.995758767864,0.995874289541,
    0.996004241262,0.996114932386,0.996254488321,0.996394031837,
    0.996514318002,0.996653838388,0.996793346351,0.996932841891,
    0.99706270588,0.99718294071,0.997293548598,0.997432999577,
    0.997572438127,0.997702249053,0.997836856411,0.997976258958,
    0.998115649075,0.998255026759,0.998389586519,0.998528939765,
    0.998668280577,0.998812413159,0.998922905793,0.999023783539,
    0.999163080182,0.999273547985,0.999412822325,0.999552084226,
    0.999691333687,0.999830570707,1.),.UNSPECIFIED.);
#4347 = CARTESIAN_POINT('',(-14.5,12.5,5.400657923215));
#4348 = CARTESIAN_POINT('',(-14.5,12.454036036908,5.439972610865));
#4349 = CARTESIAN_POINT('',(-14.50169013931,12.40841821693,
    5.479568973513));
#4350 = CARTESIAN_POINT('',(-14.50502273096,12.363204357958,
    5.519394507213));
#4351 = CARTESIAN_POINT('',(-14.5099506684,12.318448554627,
    5.559395420115));
#4352 = CARTESIAN_POINT('',(-14.51642742549,12.274201178307,
    5.599516632468));
#4353 = CARTESIAN_POINT('',(-14.5402901087,12.143541561127,
    5.719688273858));
#4354 = CARTESIAN_POINT('',(-14.56212258715,12.058799837894,
    5.799904245014));
#4355 = CARTESIAN_POINT('',(-14.58955711197,11.976531733065,
    5.880013305704));
#4356 = CARTESIAN_POINT('',(-14.62231166321,11.896944983216,
    5.959672023137));
#4357 = CARTESIAN_POINT('',(-14.66016129328,11.82023314433,6.0385067194)
  );
#4358 = CARTESIAN_POINT('',(-14.74396476028,11.675954910016,
    6.190528977277));
#4359 = CARTESIAN_POINT('',(-14.7895311376,11.608138194874,
    6.263821675715));
#4360 = CARTESIAN_POINT('',(-14.83951289364,11.543267940868,
    6.33565910735));
#4361 = CARTESIAN_POINT('',(-14.89385426071,11.481502516381,
    6.40566236408));
#4362 = CARTESIAN_POINT('',(-14.95253642722,11.423061732085,
    6.473346772355));
#4363 = CARTESIAN_POINT('',(-15.03857773062,11.348219475164,
    6.561738176366));
#4364 = CARTESIAN_POINT('',(-15.06218153558,11.328675178183,
    6.584999052194));
#4365 = CARTESIAN_POINT('',(-15.08636625909,11.309627676129,
    6.607838417712));
#4366 = CARTESIAN_POINT('',(-15.11113217232,11.291093176637,
    6.630223127715));
#4367 = CARTESIAN_POINT('',(-15.13647915744,11.273089828741,
    6.652116874699));
#4368 = CARTESIAN_POINT('',(-15.19787832895,11.231761402804,
    6.702707454094));
#4369 = CARTESIAN_POINT('',(-15.23444429415,11.208911716686,
    6.730948376223));
#4370 = CARTESIAN_POINT('',(-15.27209368727,11.187147431852,
    6.75809247311));
#4371 = CARTESIAN_POINT('',(-15.31081385125,11.166530976553,
    6.784022240316));
#4372 = CARTESIAN_POINT('',(-15.35059038798,11.147128439969,
    6.808613151095));
#4373 = CARTESIAN_POINT('',(-15.42516217204,11.114025470727,
    6.850854056322));
#4374 = CARTESIAN_POINT('',(-15.45963232126,11.099917899195,
    6.868971039327));
#4375 = CARTESIAN_POINT('',(-15.49478546257,11.086736742863,
    6.885996556048));
#4376 = CARTESIAN_POINT('',(-15.53058857414,11.074529427671,
    6.901846050995));
#4377 = CARTESIAN_POINT('',(-15.56700775573,11.063340920247,
    6.916438462544));
#4378 = CARTESIAN_POINT('',(-15.62524913668,11.047399997911,
    6.937307122078));
#4379 = CARTESIAN_POINT('',(-15.6466772992,11.041937211605,
    6.944476745087));
#4380 = CARTESIAN_POINT('',(-15.66828283502,11.036834261106,
    6.951189387341));
#4381 = CARTESIAN_POINT('',(-15.69005437603,11.032099552859,
    6.957430250689));
#4382 = CARTESIAN_POINT('',(-15.71197906734,11.027741007639,
    6.963185443455));
#4383 = CARTESIAN_POINT('',(-15.77743062863,11.015949293099,
    6.97877900542));
#4384 = CARTESIAN_POINT('',(-15.82137508197,11.00961224359,
    6.987192698199));
#4385 = CARTESIAN_POINT('',(-15.86574030813,11.004817559854,
    6.993576481632));
#4386 = CARTESIAN_POINT('',(-15.91039012829,11.001606482752,
    6.997858080782));
#4387 = CARTESIAN_POINT('',(-15.95518846447,11.,7.));
#4388 = CARTESIAN_POINT('',(-16.06754341835,11.,7.));
#4389 = CARTESIAN_POINT('',(-16.13499462636,11.00364994111,
    6.995133965301));
#4390 = CARTESIAN_POINT('',(-16.20193708949,11.01092994295,
    6.985425719232));
#4391 = CARTESIAN_POINT('',(-16.26795000015,11.021740223479,
    6.971059931444));
#4392 = CARTESIAN_POINT('',(-16.33261275848,11.035889235259,
    6.952377166869));
#4393 = CARTESIAN_POINT('',(-16.43297923807,11.063324021484,
    6.916459984923));
#4394 = CARTESIAN_POINT('',(-16.46985335789,11.074654644946,
    6.901682105049));
#4395 = CARTESIAN_POINT('',(-16.50609576891,11.087029580776,
    6.885615773794));
#4396 = CARTESIAN_POINT('',(-16.54167135174,11.100402163261,
    6.868345121725));
#4397 = CARTESIAN_POINT('',(-16.57654591124,11.114723152317,
    6.849957931253));
#4398 = CARTESIAN_POINT('',(-16.65217203366,11.148432517074,
    6.80695660847));
#4399 = CARTESIAN_POINT('',(-16.69257970258,11.168250517204,
    6.781850273102));
#4400 = CARTESIAN_POINT('',(-16.73189262925,11.189321452928,
    6.755364929047));
#4401 = CARTESIAN_POINT('',(-16.77009610306,11.211576048257,
    6.727631222354));
#4402 = CARTESIAN_POINT('',(-16.80717725681,11.234949032166,
    6.698772146606));
#4403 = CARTESIAN_POINT('',(-16.86831434807,11.276497756481,
    6.647973221178));
#4404 = CARTESIAN_POINT('',(-16.89295124754,11.294138188714,
    6.626543994839));
#4405 = CARTESIAN_POINT('',(-16.9170352815,11.312281935204,
    6.604651734903));
#4406 = CARTESIAN_POINT('',(-16.94056634488,11.330912278862,
    6.582329920775));
#4407 = CARTESIAN_POINT('',(-16.96354471118,11.350014285597,
    6.559609140267));
#4408 = CARTESIAN_POINT('',(-17.04864327574,11.424238320839,
    6.471984409687));
#4409 = CARTESIAN_POINT('',(-17.10701544481,11.482492824147,
    6.404540316052));
#4410 = CARTESIAN_POINT('',(-17.16108219241,11.544042269961,
    6.334801986852));
#4411 = CARTESIAN_POINT('',(-17.21082456093,11.608669999386,
    6.263247371538));
#4412 = CARTESIAN_POINT('',(-17.25618714105,11.676219638203,
    6.190250594485));
#4413 = CARTESIAN_POINT('',(-17.35945334587,11.853997317702,
    6.002929433593));
#4414 = CARTESIAN_POINT('',(-17.411444007,11.968081921319,5.88696525882)
  );
#4415 = CARTESIAN_POINT('',(-17.45239771172,12.088143736828,
    5.769621861841));
#4416 = CARTESIAN_POINT('',(-17.48150103496,12.213494210686,
    5.652082481954));
#4417 = CARTESIAN_POINT('',(-17.49773145025,12.343328044853,
    5.535443565147));
#4418 = CARTESIAN_POINT('',(-17.49981802695,12.476635531368,
    5.420704780066));
#4419 = CARTESIAN_POINT('',(-17.49981975755,12.476746728544,
    5.420609075204));
#4420 = CARTESIAN_POINT('',(-17.49982147829,12.47685792785,
    5.420513371917));
#4421 = CARTESIAN_POINT('',(-17.49982318917,12.476969129285,
    5.420417670205));
#4422 = CARTESIAN_POINT('',(-17.49982489018,12.477080332849,
    5.420321970069));
#4423 = CARTESIAN_POINT('',(-17.49982827233,12.477302734348,
    5.420130581456));
#4424 = CARTESIAN_POINT('',(-17.49982995347,12.477413932282,
    5.42003489298));
#4425 = CARTESIAN_POINT('',(-17.49983162474,12.477525132343,
    5.41993920608));
#4426 = CARTESIAN_POINT('',(-17.49983328615,12.477636334528,
    5.41984352076));
#4427 = CARTESIAN_POINT('',(-17.49983493769,12.477747538839,
    5.419747837018));
#4428 = CARTESIAN_POINT('',(-17.4998381077,12.47796227341,5.41956307911)
  );
#4429 = CARTESIAN_POINT('',(-17.49983962748,12.478065803388,
    5.419474004734));
#4430 = CARTESIAN_POINT('',(-17.49984113871,12.478169335205,
    5.419384931728));
#4431 = CARTESIAN_POINT('',(-17.49984264138,12.478272868861,
    5.419295860092));
#4432 = CARTESIAN_POINT('',(-17.49984413551,12.478376404356,
    5.419206789828));
#4433 = CARTESIAN_POINT('',(-17.49984721656,12.478591138905,
    5.41902206256));
#4434 = CARTESIAN_POINT('',(-17.49984880217,12.478702338241,
    5.418926405768));
#4435 = CARTESIAN_POINT('',(-17.49985037792,12.478813539696,
    5.418830750558));
#4436 = CARTESIAN_POINT('',(-17.4998519438,12.478924743268,
    5.418735096933));
#4437 = CARTESIAN_POINT('',(-17.49985349982,12.479035948957,
    5.418639444893));
#4438 = CARTESIAN_POINT('',(-17.49985632544,12.479239183328,
    5.418464641876));
#4439 = CARTESIAN_POINT('',(-17.49985759815,12.479331211343,
    5.418385490398));
#4440 = CARTESIAN_POINT('',(-17.4998588641,12.479423240806,
    5.418306340007));
#4441 = CARTESIAN_POINT('',(-17.49986012329,12.479515271717,
    5.418227190702));
#4442 = CARTESIAN_POINT('',(-17.49986137573,12.479607304076,
    5.418148042485));
#4443 = CARTESIAN_POINT('',(-17.499863867,12.479791364911,5.417989754053
    ));
#4444 = CARTESIAN_POINT('',(-17.49986510583,12.479883393388,
    5.417910613838));
#4445 = CARTESIAN_POINT('',(-17.4998663379,12.479975423311,5.41783147471
    ));
#4446 = CARTESIAN_POINT('',(-17.49986756321,12.48006745468,
    5.417752336672));
#4447 = CARTESIAN_POINT('',(-17.49986878177,12.480159487493,
    5.417673199723));
#4448 = CARTESIAN_POINT('',(-17.49987135673,12.480355052192,
    5.417505042984));
#4449 = CARTESIAN_POINT('',(-17.49987271134,12.480458584461,
    5.417416023485));
#4450 = CARTESIAN_POINT('',(-17.4998740574,12.480562118557,
    5.417327005365));
#4451 = CARTESIAN_POINT('',(-17.4998753949,12.48066565448,5.417237988625
    ));
#4452 = CARTESIAN_POINT('',(-17.49987672385,12.480769192228,
    5.417148973266));
#4453 = CARTESIAN_POINT('',(-17.49987916893,12.480960925413,
    5.416984138383));
#4454 = CARTESIAN_POINT('',(-17.49988028742,12.481049120349,
    5.41690831848));
#4455 = CARTESIAN_POINT('',(-17.4998813997,12.481137316608,
    5.416832499579));
#4456 = CARTESIAN_POINT('',(-17.49988250577,12.481225514191,
    5.416756681682));
#4457 = CARTESIAN_POINT('',(-17.49988360563,12.481313713097,
    5.416680864789));
#4458 = CARTESIAN_POINT('',(-17.49988607813,12.481513113435,
    5.416509462578));
#4459 = CARTESIAN_POINT('',(-17.49988744711,12.481624315647,
    5.416413877852));
#4460 = CARTESIAN_POINT('',(-17.49988880622,12.48173551996,
    5.416318294723));
#4461 = CARTESIAN_POINT('',(-17.49989015546,12.481846726372,
    5.416222713192));
#4462 = CARTESIAN_POINT('',(-17.49989149482,12.481957934884,
    5.41612713326));
#4463 = CARTESIAN_POINT('',(-17.4998941537,12.482180346205,5.4159359851)
  );
#4464 = CARTESIAN_POINT('',(-17.4998954732,12.482291549015,
    5.415840416872));
#4465 = CARTESIAN_POINT('',(-17.49989678284,12.482402753921,
    5.415744850244));
#4466 = CARTESIAN_POINT('',(-17.49989808261,12.482513960923,
    5.415649285217));
#4467 = CARTESIAN_POINT('',(-17.4998993725,12.48262517002,5.415553721791
    ));
#4468 = CARTESIAN_POINT('',(-17.4999017559,12.482832244981,
    5.415375785913));
#4469 = CARTESIAN_POINT('',(-17.49990285195,12.482928110308,
    5.415293413048));
#4470 = CARTESIAN_POINT('',(-17.49990394065,12.48302397719,
    5.415211041375));
#4471 = CARTESIAN_POINT('',(-17.49990502202,12.483119845627,
    5.415128670894));
#4472 = CARTESIAN_POINT('',(-17.49990609605,12.483215715618,
    5.415046301605));
#4473 = CARTESIAN_POINT('',(-17.49990840001,12.483422788935,
    5.414868394436));
#4474 = CARTESIAN_POINT('',(-17.4999096274,12.483533992799,
    5.414772856968));
#4475 = CARTESIAN_POINT('',(-17.49991084493,12.483645198752,
    5.414677321106));
#4476 = CARTESIAN_POINT('',(-17.49991205257,12.483756406792,
    5.414581786851));
#4477 = CARTESIAN_POINT('',(-17.49991325035,12.48386761692,
    5.414486254203));
#4478 = CARTESIAN_POINT('',(-17.49991562605,12.484090031447,
    5.414295200629));
#4479 = CARTESIAN_POINT('',(-17.49991680397,12.484201235845,
    5.414199679703));
#4480 = CARTESIAN_POINT('',(-17.49991797202,12.484312442328,
    5.414104160385));
#4481 = CARTESIAN_POINT('',(-17.4999191302,12.484423650895,
    5.414008642677));
#4482 = CARTESIAN_POINT('',(-17.4999202785,12.484534861546,5.41391312658
    ));
#4483 = CARTESIAN_POINT('',(-17.49992255525,12.484757277107,
    5.413722106113));
#4484 = CARTESIAN_POINT('',(-17.4999236837,12.484868482018,
    5.413626601744));
#4485 = CARTESIAN_POINT('',(-17.49992480228,12.484979689009,
    5.413531098986));
#4486 = CARTESIAN_POINT('',(-17.49992591099,12.485090898081,
    5.413435597841));
#4487 = CARTESIAN_POINT('',(-17.49992700982,12.485202109231,
    5.413340098309));
#4488 = CARTESIAN_POINT('',(-17.49992911254,12.485416856907,
    5.413155696184));
#4489 = CARTESIAN_POINT('',(-17.49993011775,12.485520393154,
    5.413066793375));
#4490 = CARTESIAN_POINT('',(-17.4999311144,12.485623931203,
    5.412977891966));
#4491 = CARTESIAN_POINT('',(-17.49993210248,12.48572747105,
    5.412888991957));
#4492 = CARTESIAN_POINT('',(-17.49993308201,12.485831012697,
    5.412800093349));
#4493 = CARTESIAN_POINT('',(-17.49993495195,12.486030422044,
    5.41262889049));
#4494 = CARTESIAN_POINT('',(-17.49993584358,12.486126289488,
    5.412546586038));
#4495 = CARTESIAN_POINT('',(-17.49993672787,12.486222158473,
    5.412464282788));
#4496 = CARTESIAN_POINT('',(-17.49993760482,12.486318028998,
    5.41238198074));
#4497 = CARTESIAN_POINT('',(-17.49993847444,12.486413901063,
    5.412299679896));
#4498 = CARTESIAN_POINT('',(-17.49994012994,12.486597971879,
    5.41214167017));
#4499 = CARTESIAN_POINT('',(-17.49994091696,12.486686170393,
    5.412065961102));
#4500 = CARTESIAN_POINT('',(-17.49994169777,12.486774370209,
    5.411990253054));
#4501 = CARTESIAN_POINT('',(-17.49994247236,12.486862571327,
    5.411914546025));
#4502 = CARTESIAN_POINT('',(-17.49994324075,12.486950773745,
    5.411838840016));
#4503 = CARTESIAN_POINT('',(-17.49994496383,12.487150181965,
    5.411667688537));
#4504 = CARTESIAN_POINT('',(-17.49994591488,12.487261388532,
    5.411572243669));
#4505 = CARTESIAN_POINT('',(-17.49994685604,12.487372597166,
    5.411476800423));
#4506 = CARTESIAN_POINT('',(-17.49994778733,12.487483807866,
    5.411381358801));
#4507 = CARTESIAN_POINT('',(-17.49994870874,12.487595020629,
    5.411285918804));
#4508 = CARTESIAN_POINT('',(-17.49995053172,12.487817440373,
    5.411095050565));
#4509 = CARTESIAN_POINT('',(-17.49995143329,12.487928647352,
    5.410999622323));
#4510 = CARTESIAN_POINT('',(-17.49995232498,12.488039856394,
    5.410904195707));
#4511 = CARTESIAN_POINT('',(-17.4999532068,12.488151067496,
    5.410808770718));
#4512 = CARTESIAN_POINT('',(-17.49995407873,12.48826228066,
    5.410713347356));
#4513 = CARTESIAN_POINT('',(-17.49995574332,12.488477032179,
    5.410529092345));
#4514 = CARTESIAN_POINT('',(-17.49995653729,12.48858057026,
    5.410440260478));
#4515 = CARTESIAN_POINT('',(-17.4999573227,12.488684110125,
    5.410351430022));
#4516 = CARTESIAN_POINT('',(-17.49995809954,12.488787651774,
    5.41026260098));
#4517 = CARTESIAN_POINT('',(-17.49995886782,12.488891195205,
    5.410173773351));
#4518 = CARTESIAN_POINT('',(-17.49996041533,12.489102111562,
    5.409992838847));
#4519 = CARTESIAN_POINT('',(-17.4999611939,12.489209484622,5.40990073208
    ));
#4520 = CARTESIAN_POINT('',(-17.49996196327,12.489316859597,
    5.409808626833));
#4521 = CARTESIAN_POINT('',(-17.49996272342,12.489424236486,
    5.409716523109));
#4522 = CARTESIAN_POINT('',(-17.49996347437,12.489531615289,
    5.409624420907));
#4523 = CARTESIAN_POINT('',(-17.49996498426,12.489750202,5.409436938599)
  );
#4524 = CARTESIAN_POINT('',(-17.49996574253,12.489861410047,
    5.409341558603));
#4525 = CARTESIAN_POINT('',(-17.49996649093,12.489972620145,
    5.409246180242));
#4526 = CARTESIAN_POINT('',(-17.49996722944,12.490083832292,
    5.409150803516));
#4527 = CARTESIAN_POINT('',(-17.49996795807,12.490195046488,
    5.409055428427));
#4528 = CARTESIAN_POINT('',(-17.49996939551,12.490417469057,
    5.408864690028));
#4529 = CARTESIAN_POINT('',(-17.49997010431,12.49052867743,
    5.408769326718));
#4530 = CARTESIAN_POINT('',(-17.49997080323,12.49063988785,
    5.408673965045));
#4531 = CARTESIAN_POINT('',(-17.49997149227,12.490751100315,
    5.408578605012));
#4532 = CARTESIAN_POINT('',(-17.49997217143,12.490862314824,
    5.408483246618));
#4533 = CARTESIAN_POINT('',(-17.49997350992,12.491084738011,
    5.408292541615));
#4534 = CARTESIAN_POINT('',(-17.49997416925,12.491195946688,
    5.408197195006));
#4535 = CARTESIAN_POINT('',(-17.4999748187,12.491307157407,
    5.408101850037));
#4536 = CARTESIAN_POINT('',(-17.49997545827,12.491418370168,
    5.408006506711));
#4537 = CARTESIAN_POINT('',(-17.49997608795,12.491529584969,
    5.407911165027));
#4538 = CARTESIAN_POINT('',(-17.49997730612,12.491748174173,
    5.407723780603));
#4539 = CARTESIAN_POINT('',(-17.49997789528,12.491855548437,
    5.407631737752));
#4540 = CARTESIAN_POINT('',(-17.49997847523,12.491962924601,
    5.407539696433));
#4541 = CARTESIAN_POINT('',(-17.49997904597,12.492070302665,
    5.407447656647));
#4542 = CARTESIAN_POINT('',(-17.49997960748,12.492177682627,
    5.407355618396));
#4543 = CARTESIAN_POINT('',(-17.49998073177,12.492396271662,
    5.407168266294));
#4544 = CARTESIAN_POINT('',(-17.49998129386,12.492507480872,
    5.407072952555));
#4545 = CARTESIAN_POINT('',(-17.49998184607,12.492618692116,
    5.406977640464));
#4546 = CARTESIAN_POINT('',(-17.4999823884,12.492729905394,5.40688233002
    ));
#4547 = CARTESIAN_POINT('',(-17.49998292084,12.492841120704,
    5.406787021224));
#4548 = CARTESIAN_POINT('',(-17.4999839659,12.493063545463,
    5.406596415437));
#4549 = CARTESIAN_POINT('',(-17.49998447852,12.493174754911,
    5.406501118444));
#4550 = CARTESIAN_POINT('',(-17.49998498126,12.49328596639,
    5.406405823101));
#4551 = CARTESIAN_POINT('',(-17.49998547411,12.493397179898,
    5.406310529409));
#4552 = CARTESIAN_POINT('',(-17.49998595708,12.493508395434,
    5.406215237369));
#4553 = CARTESIAN_POINT('',(-17.4999869195,12.493734655205,
    5.406021379667));
#4554 = CARTESIAN_POINT('',(-17.49998739827,12.493849699582,
    5.405922814121));
#4555 = CARTESIAN_POINT('',(-17.49998786646,12.493964746126,
    5.405824250344));
#4556 = CARTESIAN_POINT('',(-17.49998832407,12.494079794838,
    5.405725688337));
#4557 = CARTESIAN_POINT('',(-17.49998877109,12.494194845716,5.4056271281
    ));
#4558 = CARTESIAN_POINT('',(-17.49998954212,12.494398098897,
    5.40545301431));
#4559 = CARTESIAN_POINT('',(-17.49998987048,12.494486300308,
    5.405377460024));
#4560 = CARTESIAN_POINT('',(-17.49999019263,12.494574502991,
    5.405301906781));
#4561 = CARTESIAN_POINT('',(-17.49999050855,12.494662706945,
    5.40522635458));
#4562 = CARTESIAN_POINT('',(-17.49999081825,12.494750912171,
    5.405150803421));
#4563 = CARTESIAN_POINT('',(-17.49999139881,12.494919649578,
    5.405006277436));
#4564 = CARTESIAN_POINT('',(-17.4999916707,12.495000181548,
    5.404937302436));
#4565 = CARTESIAN_POINT('',(-17.49999193741,12.495080714578,
    5.404868328305));
#4566 = CARTESIAN_POINT('',(-17.49999219893,12.495161248665,
    5.404799355045));
#4567 = CARTESIAN_POINT('',(-17.49999245526,12.495241783811,
    5.404730382655));
#4568 = CARTESIAN_POINT('',(-17.49999305321,12.495433528115,
    5.404566172083));
#4569 = CARTESIAN_POINT('',(-17.49999339012,12.495544738234,
    5.404470934689));
#4570 = CARTESIAN_POINT('',(-17.49999371715,12.495655950367,
    5.404375698957));
#4571 = CARTESIAN_POINT('',(-17.49999403428,12.495767164516,
    5.404280464886));
#4572 = CARTESIAN_POINT('',(-17.49999434153,12.495878380678,
    5.404185232478));
#4573 = CARTESIAN_POINT('',(-17.49999487469,12.496077799309,
    5.404014479947));
#4574 = CARTESIAN_POINT('',(-17.49999510429,12.496166001032,
    5.403938959208));
#4575 = CARTESIAN_POINT('',(-17.49999532766,12.49625420402,
    5.403863439515));
#4576 = CARTESIAN_POINT('',(-17.49999554481,12.496342408273,
    5.403787920868));
#4577 = CARTESIAN_POINT('',(-17.49999575574,12.49643061379,5.40371240327
    ));
#4578 = CARTESIAN_POINT('',(-17.49999621854,12.496630028913,
    5.403541677821));
#4579 = CARTESIAN_POINT('',(-17.49999646675,12.496741239264,
    5.403446470589));
#4580 = CARTESIAN_POINT('',(-17.49999670506,12.496852451623,
    5.403351265024));
#4581 = CARTESIAN_POINT('',(-17.49999693348,12.496963665989,
    5.403256061125));
#4582 = CARTESIAN_POINT('',(-17.49999715201,12.497074882362,
    5.403160858895));
#4583 = CARTESIAN_POINT('',(-17.49999756927,12.497297309185,
    5.402970466275));
#4584 = CARTESIAN_POINT('',(-17.499997768,12.497408519634,5.402875275885
    ));
#4585 = CARTESIAN_POINT('',(-17.49999795684,12.497519732088,
    5.402780087164));
#4586 = CARTESIAN_POINT('',(-17.49999813579,12.497630946545,
    5.402684900114));
#4587 = CARTESIAN_POINT('',(-17.49999830484,12.497742163004,
    5.402589714734));
#4588 = CARTESIAN_POINT('',(-17.49999862315,12.497964589991,
    5.402399355822));
#4589 = CARTESIAN_POINT('',(-17.49999877241,12.498075800517,
    5.402304182289));
#4590 = CARTESIAN_POINT('',(-17.49999891178,12.498187013044,
    5.402209010428));
#4591 = CARTESIAN_POINT('',(-17.49999904125,12.49829822757,
    5.402113840241));
#4592 = CARTESIAN_POINT('',(-17.49999916083,12.498409444094,
    5.402018671728));
#4593 = CARTESIAN_POINT('',(-17.49999938019,12.4986318712,5.401828346553
    ));
#4594 = CARTESIAN_POINT('',(-17.49999947998,12.498743081781,
    5.401733189892));
#4595 = CARTESIAN_POINT('',(-17.49999956987,12.498854294359,
    5.401638034906));
#4596 = CARTESIAN_POINT('',(-17.49999964987,12.498965508931,
    5.401542881597));
#4597 = CARTESIAN_POINT('',(-17.49999971997,12.499076725498,
    5.401447729965));
#4598 = CARTESIAN_POINT('',(-17.49999985345,12.499323279342,
    5.401236797661));
#4599 = CARTESIAN_POINT('',(-17.49999991207,12.499458617578,
    5.401121017796));
#4600 = CARTESIAN_POINT('',(-17.49999995603,12.499593958764,
    5.401005240418));
#4601 = CARTESIAN_POINT('',(-17.49999998534,12.499729302897,
    5.400889465527));
#4602 = CARTESIAN_POINT('',(-17.5,12.499864649976,5.400773693125));
#4603 = CARTESIAN_POINT('',(-17.5,12.5,5.400657923215));
#4604 = ORIENTED_EDGE('',*,*,#4297,.F.);
#4605 = CYLINDRICAL_SURFACE('',#4606,1.5);
#4606 = AXIS2_PLACEMENT_3D('',#4607,#4608,#4609);
#4607 = CARTESIAN_POINT('',(-16.,12.5,0.));
#4608 = DIRECTION('',(0.,0.,-1.));
#4609 = DIRECTION('',(-1.,0.,0.));
#4610 = ADVANCED_FACE('',(#4611),#4631,.T.);
#4611 = FACE_BOUND('',#4612,.F.);
#4612 = EDGE_LOOP('',(#4613,#4614,#4615,#4623,#4630));
#4613 = ORIENTED_EDGE('',*,*,#1079,.F.);
#4614 = ORIENTED_EDGE('',*,*,#4322,.T.);
#4615 = ORIENTED_EDGE('',*,*,#4616,.F.);
#4616 = EDGE_CURVE('',#4617,#4314,#4619,.T.);
#4617 = VERTEX_POINT('',#4618);
#4618 = CARTESIAN_POINT('',(-14.5,19.,3.));
#4619 = LINE('',#4620,#4621);
#4620 = CARTESIAN_POINT('',(-14.5,28.91539213977,3.));
#4621 = VECTOR('',#4622,1.);
#4622 = DIRECTION('',(0.,1.,0.));
#4623 = ORIENTED_EDGE('',*,*,#4624,.F.);
#4624 = EDGE_CURVE('',#4338,#4617,#4625,.T.);
#4625 = CIRCLE('',#4626,10.);
#4626 = AXIS2_PLACEMENT_3D('',#4627,#4628,#4629);
#4627 = CARTESIAN_POINT('',(-14.5,19.,13.));
#4628 = DIRECTION('',(1.,0.,0.));
#4629 = DIRECTION('',(0.,-1.,0.));
#4630 = ORIENTED_EDGE('',*,*,#4337,.F.);
#4631 = PLANE('',#4632);
#4632 = AXIS2_PLACEMENT_3D('',#4633,#4634,#4635);
#4633 = CARTESIAN_POINT('',(-14.5,22.5,0.));
#4634 = DIRECTION('',(-1.,-0.,-0.));
#4635 = DIRECTION('',(0.,1.,0.));
#4636 = ADVANCED_FACE('',(#4637),#4671,.F.);
#4637 = FACE_BOUND('',#4638,.T.);
#4638 = EDGE_LOOP('',(#4639,#4640,#4648,#4656,#4665));
#4639 = ORIENTED_EDGE('',*,*,#1096,.F.);
#4640 = ORIENTED_EDGE('',*,*,#4641,.T.);
#4641 = EDGE_CURVE('',#1097,#4642,#4644,.T.);
#4642 = VERTEX_POINT('',#4643);
#4643 = CARTESIAN_POINT('',(-23.83333333333,38.5,3.));
#4644 = LINE('',#4645,#4646);
#4645 = CARTESIAN_POINT('',(-23.83333333333,38.5,0.));
#4646 = VECTOR('',#4647,1.);
#4647 = DIRECTION('',(0.,0.,1.));
#4648 = ORIENTED_EDGE('',*,*,#4649,.F.);
#4649 = EDGE_CURVE('',#4650,#4642,#4652,.T.);
#4650 = VERTEX_POINT('',#4651);
#4651 = CARTESIAN_POINT('',(-23.83333333333,19.,3.));
#4652 = LINE('',#4653,#4654);
#4653 = CARTESIAN_POINT('',(-23.83333333333,36.91539213977,3.));
#4654 = VECTOR('',#4655,1.);
#4655 = DIRECTION('',(0.,1.,0.));
#4656 = ORIENTED_EDGE('',*,*,#4657,.F.);
#4657 = EDGE_CURVE('',#4658,#4650,#4660,.T.);
#4658 = VERTEX_POINT('',#4659);
#4659 = CARTESIAN_POINT('',(-23.83333333333,12.5,5.400657923215));
#4660 = CIRCLE('',#4661,10.);
#4661 = AXIS2_PLACEMENT_3D('',#4662,#4663,#4664);
#4662 = CARTESIAN_POINT('',(-23.83333333333,19.,13.));
#4663 = DIRECTION('',(1.,0.,0.));
#4664 = DIRECTION('',(0.,-1.,0.));
#4665 = ORIENTED_EDGE('',*,*,#4666,.F.);
#4666 = EDGE_CURVE('',#1099,#4658,#4667,.T.);
#4667 = LINE('',#4668,#4669);
#4668 = CARTESIAN_POINT('',(-23.83333333333,12.5,0.));
#4669 = VECTOR('',#4670,1.);
#4670 = DIRECTION('',(0.,0.,1.));
#4671 = PLANE('',#4672);
#4672 = AXIS2_PLACEMENT_3D('',#4673,#4674,#4675);
#4673 = CARTESIAN_POINT('',(-23.83333333333,38.5,0.));
#4674 = DIRECTION('',(-1.,-0.,-0.));
#4675 = DIRECTION('',(0.,1.,0.));
#4676 = ADVANCED_FACE('',(#4677),#4696,.F.);
#4677 = FACE_BOUND('',#4678,.F.);
#4678 = EDGE_LOOP('',(#4679,#4680,#4681,#4690));
#4679 = ORIENTED_EDGE('',*,*,#1106,.F.);
#4680 = ORIENTED_EDGE('',*,*,#4641,.T.);
#4681 = ORIENTED_EDGE('',*,*,#4682,.F.);
#4682 = EDGE_CURVE('',#4683,#4642,#4685,.T.);
#4683 = VERTEX_POINT('',#4684);
#4684 = CARTESIAN_POINT('',(-20.83333333333,38.5,3.));
#4685 = CIRCLE('',#4686,1.5);
#4686 = AXIS2_PLACEMENT_3D('',#4687,#4688,#4689);
#4687 = CARTESIAN_POINT('',(-22.33333333333,38.5,3.));
#4688 = DIRECTION('',(0.,0.,1.));
#4689 = DIRECTION('',(-1.,0.,0.));
#4690 = ORIENTED_EDGE('',*,*,#4691,.F.);
#4691 = EDGE_CURVE('',#1107,#4683,#4692,.T.);
#4692 = LINE('',#4693,#4694);
#4693 = CARTESIAN_POINT('',(-20.83333333333,38.5,0.));
#4694 = VECTOR('',#4695,1.);
#4695 = DIRECTION('',(0.,0.,1.));
#4696 = CYLINDRICAL_SURFACE('',#4697,1.5);
#4697 = AXIS2_PLACEMENT_3D('',#4698,#4699,#4700);
#4698 = CARTESIAN_POINT('',(-22.33333333333,38.5,0.));
#4699 = DIRECTION('',(0.,0.,-1.));
#4700 = DIRECTION('',(-1.,0.,0.));
#4701 = ADVANCED_FACE('',(#4702),#4979,.F.);
#4702 = FACE_BOUND('',#4703,.F.);
#4703 = EDGE_LOOP('',(#4704,#4705,#4713,#4978));
#4704 = ORIENTED_EDGE('',*,*,#1123,.F.);
#4705 = ORIENTED_EDGE('',*,*,#4706,.T.);
#4706 = EDGE_CURVE('',#1116,#4707,#4709,.T.);
#4707 = VERTEX_POINT('',#4708);
#4708 = CARTESIAN_POINT('',(-20.83333333333,12.5,5.400657923215));
#4709 = LINE('',#4710,#4711);
#4710 = CARTESIAN_POINT('',(-20.83333333333,12.5,0.));
#4711 = VECTOR('',#4712,1.);
#4712 = DIRECTION('',(0.,0.,1.));
#4713 = ORIENTED_EDGE('',*,*,#4714,.T.);
#4714 = EDGE_CURVE('',#4707,#4658,#4715,.T.);
#4715 = B_SPLINE_CURVE_WITH_KNOTS('',6,(#4716,#4717,#4718,#4719,#4720,
    #4721,#4722,#4723,#4724,#4725,#4726,#4727,#4728,#4729,#4730,#4731,
    #4732,#4733,#4734,#4735,#4736,#4737,#4738,#4739,#4740,#4741,#4742,
    #4743,#4744,#4745,#4746,#4747,#4748,#4749,#4750,#4751,#4752,#4753,
    #4754,#4755,#4756,#4757,#4758,#4759,#4760,#4761,#4762,#4763,#4764,
    #4765,#4766,#4767,#4768,#4769,#4770,#4771,#4772,#4773,#4774,#4775,
    #4776,#4777,#4778,#4779,#4780,#4781,#4782,#4783,#4784,#4785,#4786,
    #4787,#4788,#4789,#4790,#4791,#4792,#4793,#4794,#4795,#4796,#4797,
    #4798,#4799,#4800,#4801,#4802,#4803,#4804,#4805,#4806,#4807,#4808,
    #4809,#4810,#4811,#4812,#4813,#4814,#4815,#4816,#4817,#4818,#4819,
    #4820,#4821,#4822,#4823,#4824,#4825,#4826,#4827,#4828,#4829,#4830,
    #4831,#4832,#4833,#4834,#4835,#4836,#4837,#4838,#4839,#4840,#4841,
    #4842,#4843,#4844,#4845,#4846,#4847,#4848,#4849,#4850,#4851,#4852,
    #4853,#4854,#4855,#4856,#4857,#4858,#4859,#4860,#4861,#4862,#4863,
    #4864,#4865,#4866,#4867,#4868,#4869,#4870,#4871,#4872,#4873,#4874,
    #4875,#4876,#4877,#4878,#4879,#4880,#4881,#4882,#4883,#4884,#4885,
    #4886,#4887,#4888,#4889,#4890,#4891,#4892,#4893,#4894,#4895,#4896,
    #4897,#4898,#4899,#4900,#4901,#4902,#4903,#4904,#4905,#4906,#4907,
    #4908,#4909,#4910,#4911,#4912,#4913,#4914,#4915,#4916,#4917,#4918,
    #4919,#4920,#4921,#4922,#4923,#4924,#4925,#4926,#4927,#4928,#4929,
    #4930,#4931,#4932,#4933,#4934,#4935,#4936,#4937,#4938,#4939,#4940,
    #4941,#4942,#4943,#4944,#4945,#4946,#4947,#4948,#4949,#4950,#4951,
    #4952,#4953,#4954,#4955,#4956,#4957,#4958,#4959,#4960,#4961,#4962,
    #4963,#4964,#4965,#4966,#4967,#4968,#4969,#4970,#4971,#4972,#4973,
    #4974,#4975,#4976,#4977),.UNSPECIFIED.,.F.,.F.,(7,5,5,5,5,5,5,5,5,5,
    5,5,5,5,5,5,5,5,5,5,5,5,5,5,5,5,5,5,5,5,5,5,5,5,5,5,5,5,5,5,5,5,5,5,
    5,5,5,5,5,5,5,5,7),(0.,5.753595857031E-02,0.172058367824,
    0.281938606253,0.322083367151,0.377005630869,0.422425740234,
    0.4485001251,0.499775626069,0.57706203398,0.623104279912,
    0.679052950664,0.718257206524,0.827816800502,0.995075084786,
    0.995195472226,0.995335110101,0.995474735563,0.99561434861,
    0.995753949243,0.995883911084,0.996004236526,0.996124552738,
    0.996264107982,0.996403650807,0.996538370023,0.996677888433,
    0.99681739442,0.996928028265,0.997067511974,0.997182937371,
    0.99732239837,0.997461846943,0.997601283087,0.997731091773,
    0.997846468226,0.997985870081,0.998115646841,0.998240606869,
    0.998384779098,0.998504912458,0.99864425558,0.998769173323,
    0.99890849286,0.99904779996,0.999187094623,0.999326376849,
    0.999465646635,0.999580894983,0.999720142035,0.999830570506,
    0.999921788124,1.),.UNSPECIFIED.);
#4716 = CARTESIAN_POINT('',(-20.83333333333,12.5,5.400657923215));
#4717 = CARTESIAN_POINT('',(-20.83333333333,12.454036039585,
    5.439972608575));
#4718 = CARTESIAN_POINT('',(-20.83502347289,12.408418216287,
    5.47956897415));
#4719 = CARTESIAN_POINT('',(-20.83835606453,12.363204355346,
    5.519394509529));
#4720 = CARTESIAN_POINT('',(-20.84328400161,12.318448553872,
    5.559395420718));
#4721 = CARTESIAN_POINT('',(-20.84976075836,12.274201180843,
    5.599516630136));
#4722 = CARTESIAN_POINT('',(-20.87362344203,12.143541561127,
    5.719688273858));
#4723 = CARTESIAN_POINT('',(-20.89545592048,12.058799837894,
    5.799904245014));
#4724 = CARTESIAN_POINT('',(-20.9228904453,11.976531733065,
    5.880013305704));
#4725 = CARTESIAN_POINT('',(-20.95564499655,11.896944983216,
    5.959672023137));
#4726 = CARTESIAN_POINT('',(-20.99349462662,11.82023314433,6.0385067194)
  );
#4727 = CARTESIAN_POINT('',(-21.07729809362,11.675954910016,
    6.190528977277));
#4728 = CARTESIAN_POINT('',(-21.12286447093,11.608138194874,
    6.263821675715));
#4729 = CARTESIAN_POINT('',(-21.17284622698,11.543267940868,
    6.33565910735));
#4730 = CARTESIAN_POINT('',(-21.22718759404,11.481502516381,
    6.40566236408));
#4731 = CARTESIAN_POINT('',(-21.28586976056,11.423061732085,
    6.473346772355));
#4732 = CARTESIAN_POINT('',(-21.37191106395,11.348219475164,
    6.561738176366));
#4733 = CARTESIAN_POINT('',(-21.39551486891,11.328675178183,
    6.584999052194));
#4734 = CARTESIAN_POINT('',(-21.41969959243,11.309627676129,
    6.607838417712));
#4735 = CARTESIAN_POINT('',(-21.44446550565,11.291093176637,
    6.630223127715));
#4736 = CARTESIAN_POINT('',(-21.46981249078,11.273089828741,
    6.652116874699));
#4737 = CARTESIAN_POINT('',(-21.53121166229,11.231761402804,
    6.702707454094));
#4738 = CARTESIAN_POINT('',(-21.56777762748,11.208911716686,
    6.730948376223));
#4739 = CARTESIAN_POINT('',(-21.6054270206,11.187147431852,6.75809247311
    ));
#4740 = CARTESIAN_POINT('',(-21.64414718458,11.166530976553,
    6.784022240316));
#4741 = CARTESIAN_POINT('',(-21.68392372132,11.147128439969,
    6.808613151095));
#4742 = CARTESIAN_POINT('',(-21.75849551285,11.114025467408,
    6.850854060557));
#4743 = CARTESIAN_POINT('',(-21.79296565219,11.099917899516,
    6.868971038876));
#4744 = CARTESIAN_POINT('',(-21.82811878803,11.086736745661,
    6.885996552439));
#4745 = CARTESIAN_POINT('',(-21.86392190562,11.074529428859,
    6.901846049497));
#4746 = CARTESIAN_POINT('',(-21.90034109723,11.063340918012,
    6.91643846547));
#4747 = CARTESIAN_POINT('',(-21.95858247001,11.047399997911,
    6.937307122078));
#4748 = CARTESIAN_POINT('',(-21.98001063253,11.041937211605,
    6.944476745087));
#4749 = CARTESIAN_POINT('',(-22.00161616835,11.036834261106,
    6.951189387341));
#4750 = CARTESIAN_POINT('',(-22.02338770936,11.032099552859,
    6.957430250689));
#4751 = CARTESIAN_POINT('',(-22.04531240068,11.027741007639,
    6.963185443455));
#4752 = CARTESIAN_POINT('',(-22.11076396196,11.015949293099,
    6.97877900542));
#4753 = CARTESIAN_POINT('',(-22.1547084153,11.00961224359,6.987192698199
    ));
#4754 = CARTESIAN_POINT('',(-22.19907364146,11.004817559854,
    6.993576481632));
#4755 = CARTESIAN_POINT('',(-22.24372346163,11.001606482752,
    6.997858080782));
#4756 = CARTESIAN_POINT('',(-22.28852179781,11.,7.));
#4757 = CARTESIAN_POINT('',(-22.40087675169,11.,7.));
#4758 = CARTESIAN_POINT('',(-22.46832795969,11.00364994111,
    6.995133965301));
#4759 = CARTESIAN_POINT('',(-22.53527042282,11.01092994295,
    6.985425719232));
#4760 = CARTESIAN_POINT('',(-22.60128333348,11.021740223479,
    6.971059931444));
#4761 = CARTESIAN_POINT('',(-22.66594609182,11.035889235259,
    6.952377166869));
#4762 = CARTESIAN_POINT('',(-22.76631257139,11.06332402148,
    6.916459984928));
#4763 = CARTESIAN_POINT('',(-22.80318669123,11.074654644948,
    6.901682105047));
#4764 = CARTESIAN_POINT('',(-22.83942910226,11.087029580781,
    6.885615773788));
#4765 = CARTESIAN_POINT('',(-22.87500468507,11.100402163261,
    6.868345121724));
#4766 = CARTESIAN_POINT('',(-22.90987924455,11.114723152311,
    6.849957931261));
#4767 = CARTESIAN_POINT('',(-22.98550537633,11.148432521234,
    6.806956603164));
#4768 = CARTESIAN_POINT('',(-23.02591303395,11.168250515287,
    6.78185027539));
#4769 = CARTESIAN_POINT('',(-23.06522595379,11.189321448043,
    6.755364935134));
#4770 = CARTESIAN_POINT('',(-23.10342943376,11.211576047638,
    6.727631223231));
#4771 = CARTESIAN_POINT('',(-23.14051059865,11.234949037947,
    6.698772139537));
#4772 = CARTESIAN_POINT('',(-23.2016476814,11.276497756481,
    6.647973221178));
#4773 = CARTESIAN_POINT('',(-23.22628458087,11.294138188714,
    6.626543994839));
#4774 = CARTESIAN_POINT('',(-23.25036861483,11.312281935204,
    6.604651734903));
#4775 = CARTESIAN_POINT('',(-23.27389967821,11.330912278862,
    6.582329920775));
#4776 = CARTESIAN_POINT('',(-23.29687804451,11.350014285597,
    6.559609140267));
#4777 = CARTESIAN_POINT('',(-23.38197660907,11.424238320839,
    6.471984409687));
#4778 = CARTESIAN_POINT('',(-23.44034877814,11.482492824147,
    6.404540316052));
#4779 = CARTESIAN_POINT('',(-23.49441552574,11.544042269961,
    6.334801986852));
#4780 = CARTESIAN_POINT('',(-23.54415789426,11.608669999386,
    6.263247371538));
#4781 = CARTESIAN_POINT('',(-23.58952047438,11.676219638203,
    6.190250594485));
#4782 = CARTESIAN_POINT('',(-23.69277950758,11.853984971409,
    6.00294244266));
#4783 = CARTESIAN_POINT('',(-23.74476535789,11.968055643142,
    5.886991972049));
#4784 = CARTESIAN_POINT('',(-23.78571686881,12.088102198726,
    5.769662462265));
#4785 = CARTESIAN_POINT('',(-23.81482093795,12.213436361747,
    5.652136725709));
#4786 = CARTESIAN_POINT('',(-23.83105543527,12.343253186866,
    5.535510812048));
#4787 = CARTESIAN_POINT('',(-23.83314968284,12.476528167085,
    5.420797188282));
#4788 = CARTESIAN_POINT('',(-23.8331511818,12.476624026962,5.42071468145
    ));
#4789 = CARTESIAN_POINT('',(-23.83315267343,12.476719888422,
    5.420632175789));
#4790 = CARTESIAN_POINT('',(-23.83315415774,12.476815751466,
    5.420549671297));
#4791 = CARTESIAN_POINT('',(-23.83315563471,12.476911616092,
    5.420467167976));
#4792 = CARTESIAN_POINT('',(-23.833158809,12.477118677899,5.420288971253
    ));
#4793 = CARTESIAN_POINT('',(-23.83316050378,12.477229875626,
    5.420193278255));
#4794 = CARTESIAN_POINT('',(-23.8331621887,12.477341075481,
    5.420097586833));
#4795 = CARTESIAN_POINT('',(-23.83316386376,12.477452277462,
    5.420001896989));
#4796 = CARTESIAN_POINT('',(-23.83316552895,12.477563481568,
    5.419906208723));
#4797 = CARTESIAN_POINT('',(-23.83316883945,12.477785884145,
    5.419714843856));
#4798 = CARTESIAN_POINT('',(-23.83317048477,12.477897082615,
    5.419619167254));
#4799 = CARTESIAN_POINT('',(-23.83317212022,12.478008283208,
    5.419523492232));
#4800 = CARTESIAN_POINT('',(-23.8331737458,12.478119485923,5.41942781879
    ));
#4801 = CARTESIAN_POINT('',(-23.83317536153,12.47823069076,5.41933214693
    ));
#4802 = CARTESIAN_POINT('',(-23.83317857309,12.478453094787,
    5.41914081488));
#4803 = CARTESIAN_POINT('',(-23.83318016894,12.478564293977,
    5.419045154689));
#4804 = CARTESIAN_POINT('',(-23.83318175492,12.478675495287,
    5.418949496082));
#4805 = CARTESIAN_POINT('',(-23.83318333104,12.478786698714,
    5.418853839058));
#4806 = CARTESIAN_POINT('',(-23.83318489729,12.478897904259,
    5.418758183619));
#4807 = CARTESIAN_POINT('',(-23.83318800992,12.479120309693,
    5.418566884417));
#4808 = CARTESIAN_POINT('',(-23.8331895563,12.479231509582,
    5.418471240654));
#4809 = CARTESIAN_POINT('',(-23.83319109282,12.479342711585,
    5.418375598477));
#4810 = CARTESIAN_POINT('',(-23.83319261947,12.479453915703,
    5.418279957887));
#4811 = CARTESIAN_POINT('',(-23.83319413625,12.479565121935,
    5.418184318884));
#4812 = CARTESIAN_POINT('',(-23.83319704603,12.47977986019,
    5.417999647384));
#4813 = CARTESIAN_POINT('',(-23.83319844034,12.479883391932,
    5.417910614677));
#4814 = CARTESIAN_POINT('',(-23.8331998261,12.479986925505,
    5.417821583346));
#4815 = CARTESIAN_POINT('',(-23.83320120331,12.480090460907,
    5.417732553393));
#4816 = CARTESIAN_POINT('',(-23.83320257197,12.480193998137,
    5.417643524819));
#4817 = CARTESIAN_POINT('',(-23.83320519132,12.480393399048,
    5.417472071611));
#4818 = CARTESIAN_POINT('',(-23.83320644324,12.480489262467,
    5.41738964678));
#4819 = CARTESIAN_POINT('',(-23.83320768782,12.480585127452,
    5.417307223131));
#4820 = CARTESIAN_POINT('',(-23.83320892507,12.480680994004,
    5.417224800666));
#4821 = CARTESIAN_POINT('',(-23.83321015499,12.48077686212,
    5.417142379385));
#4822 = CARTESIAN_POINT('',(-23.83321260006,12.480968594128,
    5.416977545514));
#4823 = CARTESIAN_POINT('',(-23.83321381522,12.48106445802,
    5.416895132923));
#4824 = CARTESIAN_POINT('',(-23.83321502304,12.481160323476,
    5.416812721517));
#4825 = CARTESIAN_POINT('',(-23.83321622353,12.481256190495,
    5.416730311297));
#4826 = CARTESIAN_POINT('',(-23.83321741668,12.481352059076,
    5.416647902262));
#4827 = CARTESIAN_POINT('',(-23.83321997793,12.481559129372,
    5.416469909229));
#4828 = CARTESIAN_POINT('',(-23.8332213435,12.481670331626,
    5.416374325641));
#4829 = CARTESIAN_POINT('',(-23.83322269919,12.48178153598,5.41627874365
    ));
#4830 = CARTESIAN_POINT('',(-23.83322404502,12.481892742434,
    5.416183163257));
#4831 = CARTESIAN_POINT('',(-23.83322538097,12.482003950987,
    5.416087584462));
#4832 = CARTESIAN_POINT('',(-23.83322803302,12.48222636239,
    5.415896438578));
#4833 = CARTESIAN_POINT('',(-23.83322934912,12.48233756524,
    5.415800871489));
#4834 = CARTESIAN_POINT('',(-23.83323065535,12.482448770186,
    5.415705305999));
#4835 = CARTESIAN_POINT('',(-23.8332319517,12.482559977228,
    5.415609742111));
#4836 = CARTESIAN_POINT('',(-23.83323323819,12.482671186364,
    5.415514179824));
#4837 = CARTESIAN_POINT('',(-23.83323574728,12.482889764561,
    5.415326361723));
#4838 = CARTESIAN_POINT('',(-23.83323697056,12.482997133479,5.4152341058
    ));
#4839 = CARTESIAN_POINT('',(-23.83323818464,12.483104504348,
    5.415141851371));
#4840 = CARTESIAN_POINT('',(-23.83323938951,12.483211877167,
    5.415049598438));
#4841 = CARTESIAN_POINT('',(-23.83324058519,12.483319251934,5.414957347)
  );
#4842 = CARTESIAN_POINT('',(-23.83324300039,12.483537830517,
    5.414769560838));
#4843 = CARTESIAN_POINT('',(-23.83324421925,12.483649034475,
    5.414674026221));
#4844 = CARTESIAN_POINT('',(-23.83324542824,12.48376024052,5.41457849321
    ));
#4845 = CARTESIAN_POINT('',(-23.83324662736,12.483871448653,
    5.414482961807));
#4846 = CARTESIAN_POINT('',(-23.83324781661,12.483982658873,
    5.414387432011));
#4847 = CARTESIAN_POINT('',(-23.83325017525,12.484205073581,
    5.414196384143));
#4848 = CARTESIAN_POINT('',(-23.83325134464,12.484316278069,
    5.414100866071));
#4849 = CARTESIAN_POINT('',(-23.83325250416,12.484427484642,
    5.414005349607));
#4850 = CARTESIAN_POINT('',(-23.83325365381,12.484538693297,
    5.413909834754));
#4851 = CARTESIAN_POINT('',(-23.83325479358,12.484649904035,
    5.413814321511));
#4852 = CARTESIAN_POINT('',(-23.83325681953,12.484849313084,
    5.413643065325));
#4853 = CARTESIAN_POINT('',(-23.83325770938,12.484937510621,
    5.413567321783));
#4854 = CARTESIAN_POINT('',(-23.83325859301,12.485025709467,
    5.413491579256));
#4855 = CARTESIAN_POINT('',(-23.83325947043,12.485113909622,
    5.413415837742));
#4856 = CARTESIAN_POINT('',(-23.83326034164,12.485202111084,
    5.413340097244));
#4857 = CARTESIAN_POINT('',(-23.8332622972,12.48540151716,5.413168867778
    ));
#4858 = CARTESIAN_POINT('',(-23.83326337789,12.485512722544,
    5.413073379408));
#4859 = CARTESIAN_POINT('',(-23.83326444871,12.485623930006,
    5.412977892654));
#4860 = CARTESIAN_POINT('',(-23.83326550964,12.485735139543,
    5.412882407515));
#4861 = CARTESIAN_POINT('',(-23.83326656071,12.485846351156,
    5.412786923992));
#4862 = CARTESIAN_POINT('',(-23.83326846349,12.486049596265,
    5.412612429012));
#4863 = CARTESIAN_POINT('',(-23.83326931833,12.486141629106,
    5.412533417044));
#4864 = CARTESIAN_POINT('',(-23.83327016641,12.486233663368,
    5.412454406184));
#4865 = CARTESIAN_POINT('',(-23.83327100772,12.486325699049,
    5.412375396432));
#4866 = CARTESIAN_POINT('',(-23.83327184226,12.486417736149,
    5.412296387789));
#4867 = CARTESIAN_POINT('',(-23.8332736702,12.486620978822,
    5.412121920592));
#4868 = CARTESIAN_POINT('',(-23.83327466047,12.486732185047,
    5.412026462548));
#4869 = CARTESIAN_POINT('',(-23.83327564087,12.486843393342,
    5.411931006124));
#4870 = CARTESIAN_POINT('',(-23.8332766114,12.486954603706,
    5.411835551322));
#4871 = CARTESIAN_POINT('',(-23.83327757204,12.487065816138,
    5.411740098141));
#4872 = CARTESIAN_POINT('',(-23.8332794735,12.487288235224,
    5.411549203531));
#4873 = CARTESIAN_POINT('',(-23.8332804143,12.487399441879,
    5.411453762102));
#4874 = CARTESIAN_POINT('',(-23.83328134523,12.487510650599,
    5.411358322296));
#4875 = CARTESIAN_POINT('',(-23.83328226628,12.487621861383,
    5.411262884114));
#4876 = CARTESIAN_POINT('',(-23.83328317746,12.487733074232,
    5.411167447557));
#4877 = CARTESIAN_POINT('',(-23.83328497996,12.487955494142,5.4109765862
    ));
#4878 = CARTESIAN_POINT('',(-23.8332858713,12.488066701204,
    5.410881161401));
#4879 = CARTESIAN_POINT('',(-23.83328675276,12.488177910327,
    5.410785738227));
#4880 = CARTESIAN_POINT('',(-23.83328762434,12.48828912151,
    5.410690316681));
#4881 = CARTESIAN_POINT('',(-23.83328848604,12.488400334753,
    5.410594896763));
#4882 = CARTESIAN_POINT('',(-23.83329013086,12.488615086425,
    5.410410648403));
#4883 = CARTESIAN_POINT('',(-23.8332909153,12.488718624578,
    5.410321819743));
#4884 = CARTESIAN_POINT('',(-23.83329169118,12.488822164516,
    5.410232992496));
#4885 = CARTESIAN_POINT('',(-23.8332924585,12.488925706235,
    5.410144166662));
#4886 = CARTESIAN_POINT('',(-23.83329321725,12.489029249737,
    5.410055342242));
#4887 = CARTESIAN_POINT('',(-23.83329463421,12.489224828056,
    5.409887571643));
#4888 = CARTESIAN_POINT('',(-23.83329529422,12.4893168625,5.409808625166
    ));
#4889 = CARTESIAN_POINT('',(-23.83329594747,12.48940889835,
    5.409729679808));
#4890 = CARTESIAN_POINT('',(-23.83329659395,12.489500935606,
    5.409650735569));
#4891 = CARTESIAN_POINT('',(-23.83329723366,12.489592974268,
    5.409571792448));
#4892 = CARTESIAN_POINT('',(-23.83329863134,12.489796220354,
    5.409397469967));
#4893 = CARTESIAN_POINT('',(-23.83329938621,12.489907428425,
    5.409302091121));
#4894 = CARTESIAN_POINT('',(-23.83330013119,12.490018638545,
    5.40920671391));
#4895 = CARTESIAN_POINT('',(-23.83330086629,12.490129850715,
    5.409111338335));
#4896 = CARTESIAN_POINT('',(-23.83330159151,12.490241064933,
    5.409015964397));
#4897 = CARTESIAN_POINT('',(-23.83330297279,12.490455818462,
    5.40883180484));
#4898 = CARTESIAN_POINT('',(-23.83330363018,12.490559357499,
    5.408743019004));
#4899 = CARTESIAN_POINT('',(-23.83330427899,12.49066289831,
    5.408654234587));
#4900 = CARTESIAN_POINT('',(-23.83330491924,12.490766440894,
    5.408565451591));
#4901 = CARTESIAN_POINT('',(-23.83330555092,12.49086998525,
    5.408476670017));
#4902 = CARTESIAN_POINT('',(-23.83330677403,12.491073234336,
    5.408302404832));
#4903 = CARTESIAN_POINT('',(-23.83330736607,12.491172938938,
    5.408216921119));
#4904 = CARTESIAN_POINT('',(-23.83330795017,12.491272645181,
    5.408131438725));
#4905 = CARTESIAN_POINT('',(-23.83330852633,12.491372353066,
    5.40804595765));
#4906 = CARTESIAN_POINT('',(-23.83330909454,12.49147206259,
    5.407960477895));
#4907 = CARTESIAN_POINT('',(-23.83331030122,12.491686815189,
    5.407776378993));
#4908 = CARTESIAN_POINT('',(-23.83331093705,12.491801858806,
    5.407677760283));
#4909 = CARTESIAN_POINT('',(-23.8333115623,12.491916904605,
    5.407579143332));
#4910 = CARTESIAN_POINT('',(-23.83331217698,12.492031952584,
    5.407480528141));
#4911 = CARTESIAN_POINT('',(-23.83331278108,12.492147002743,
    5.407381914711));
#4912 = CARTESIAN_POINT('',(-23.83331386916,12.492357923917,
    5.407201133605));
#4913 = CARTESIAN_POINT('',(-23.83331435637,12.492453794266,
    5.40711896539));
#4914 = CARTESIAN_POINT('',(-23.83331483624,12.492549666127,
    5.407036798398));
#4915 = CARTESIAN_POINT('',(-23.83331530876,12.4926455395,5.406954632631
    ));
#4916 = CARTESIAN_POINT('',(-23.83331577394,12.492741414383,
    5.406872468089));
#4917 = CARTESIAN_POINT('',(-23.8333167628,12.492948498154,
    5.406695003243));
#4918 = CARTESIAN_POINT('',(-23.83331728395,12.493059707563,
    5.406599703362));
#4919 = CARTESIAN_POINT('',(-23.83331779522,12.493170919003,
    5.406504405131));
#4920 = CARTESIAN_POINT('',(-23.8333182966,12.493282132473,
    5.406409108549));
#4921 = CARTESIAN_POINT('',(-23.8333187881,12.493393347972,
    5.406313813619));
#4922 = CARTESIAN_POINT('',(-23.83331970146,12.493604269326,
    5.406133092218));
#4923 = CARTESIAN_POINT('',(-23.83332012526,12.493703974783,
    5.406047665423));
#4924 = CARTESIAN_POINT('',(-23.83332054112,12.49380368187,
    5.405962239956));
#4925 = CARTESIAN_POINT('',(-23.83332094903,12.493903390585,
    5.405876815818));
#4926 = CARTESIAN_POINT('',(-23.833321349,12.494003100927,5.405791393009
    ));
#4927 = CARTESIAN_POINT('',(-23.83332217822,12.494214020682,
    5.405610701791));
#4928 = CARTESIAN_POINT('',(-23.83332260555,12.49432523049,
    5.405515433706));
#4929 = CARTESIAN_POINT('',(-23.83332302299,12.494436442321,
    5.405420167277));
#4930 = CARTESIAN_POINT('',(-23.83332343054,12.494547656175,
    5.405324902504));
#4931 = CARTESIAN_POINT('',(-23.83332382821,12.49465887205,
    5.405229639387));
#4932 = CARTESIAN_POINT('',(-23.83332460372,12.494881297912,
    5.405039124974));
#4933 = CARTESIAN_POINT('',(-23.83332498158,12.494992507899,
    5.404943873676));
#4934 = CARTESIAN_POINT('',(-23.83332534954,12.495103719905,
    5.404848624037));
#4935 = CARTESIAN_POINT('',(-23.83332570762,12.495214933929,
    5.404753376057));
#4936 = CARTESIAN_POINT('',(-23.83332605581,12.49532614997,
    5.404658129737));
#4937 = CARTESIAN_POINT('',(-23.83332673238,12.495548576155,
    5.404467648922));
#4938 = CARTESIAN_POINT('',(-23.83332706076,12.495659786299,
    5.404372414426));
#4939 = CARTESIAN_POINT('',(-23.83332737925,12.495770998457,
    5.404277181593));
#4940 = CARTESIAN_POINT('',(-23.83332768786,12.495882212629,
    5.404181950421));
#4941 = CARTESIAN_POINT('',(-23.83332798657,12.495993428815,
    5.404086720912));
#4942 = CARTESIAN_POINT('',(-23.83332856419,12.496215855279,
    5.403896273726));
#4943 = CARTESIAN_POINT('',(-23.8333288431,12.496327065557,
    5.403801056048));
#4944 = CARTESIAN_POINT('',(-23.83332911212,12.496438277846,
    5.403705840035));
#4945 = CARTESIAN_POINT('',(-23.83332937125,12.496549492145,
    5.403610625687));
#4946 = CARTESIAN_POINT('',(-23.83332962049,12.496660708453,
    5.403515413005));
#4947 = CARTESIAN_POINT('',(-23.83333009917,12.496883135152,
    5.403324999478));
#4948 = CARTESIAN_POINT('',(-23.8333303286,12.496994345543,
    5.403229798632));
#4949 = CARTESIAN_POINT('',(-23.83333054815,12.49710555794,
    5.403134599455));
#4950 = CARTESIAN_POINT('',(-23.8333307578,12.497216772343,
    5.403039401945));
#4951 = CARTESIAN_POINT('',(-23.83333095757,12.497327988751,
    5.402944206105));
#4952 = CARTESIAN_POINT('',(-23.83333130456,12.497531242475,
    5.402770236982));
#4953 = CARTESIAN_POINT('',(-23.83333145491,12.497623279158,
    5.402691463174));
#4954 = CARTESIAN_POINT('',(-23.83333159849,12.497715317213,
    5.402612690509));
#4955 = CARTESIAN_POINT('',(-23.83333173528,12.49780735664,
    5.402533918989));
#4956 = CARTESIAN_POINT('',(-23.83333186531,12.497899397436,
    5.402455148614));
#4957 = CARTESIAN_POINT('',(-23.83333213747,12.498102648143,
    5.402281207669));
#4958 = CARTESIAN_POINT('',(-23.83333227649,12.498213858683,
    5.402186037625));
#4959 = CARTESIAN_POINT('',(-23.83333240562,12.498325071222,
    5.402090869254));
#4960 = CARTESIAN_POINT('',(-23.83333252486,12.498436285759,
    5.401995702558));
#4961 = CARTESIAN_POINT('',(-23.8333326342,12.498547502294,
    5.401900537536));
#4962 = CARTESIAN_POINT('',(-23.83333281252,12.498746921559,
    5.401729905857));
#4963 = CARTESIAN_POINT('',(-23.83333288517,12.49883512355,
    5.401654438579));
#4964 = CARTESIAN_POINT('',(-23.83333295159,12.498923326795,
    5.401578972354));
#4965 = CARTESIAN_POINT('',(-23.83333301179,12.499011531295,
    5.401503507184));
#4966 = CARTESIAN_POINT('',(-23.83333306576,12.49909973705,5.40142804307
    ));
#4967 = CARTESIAN_POINT('',(-23.83333315296,12.499260806001,
    5.401290244995));
#4968 = CARTESIAN_POINT('',(-23.83333318816,12.4993336688,5.4012279107)
  );
#4969 = CARTESIAN_POINT('',(-23.83333321911,12.499406532455,
    5.401165577126));
#4970 = CARTESIAN_POINT('',(-23.83333324582,12.499479396964,
    5.401103244272));
#4971 = CARTESIAN_POINT('',(-23.83333326828,12.499552262328,
    5.401040912139));
#4972 = CARTESIAN_POINT('',(-23.8333333021,12.499687605552,
    5.400925136482));
#4973 = CARTESIAN_POINT('',(-23.83333331459,12.499750083186,
    5.400871692768));
#4974 = CARTESIAN_POINT('',(-23.83333332396,12.499812561448,
    5.400818249584));
#4975 = CARTESIAN_POINT('',(-23.83333333021,12.499875040338,
    5.40076480693));
#4976 = CARTESIAN_POINT('',(-23.83333333333,12.499937519855,
    5.400711364807));
#4977 = CARTESIAN_POINT('',(-23.83333333333,12.5,5.400657923215));
#4978 = ORIENTED_EDGE('',*,*,#4666,.F.);
#4979 = CYLINDRICAL_SURFACE('',#4980,1.5);
#4980 = AXIS2_PLACEMENT_3D('',#4981,#4982,#4983);
#4981 = CARTESIAN_POINT('',(-22.33333333333,12.5,0.));
#4982 = DIRECTION('',(0.,0.,-1.));
#4983 = DIRECTION('',(-1.,0.,0.));
#4984 = ADVANCED_FACE('',(#4985),#5005,.T.);
#4985 = FACE_BOUND('',#4986,.F.);
#4986 = EDGE_LOOP('',(#4987,#4988,#4989,#4997,#5004));
#4987 = ORIENTED_EDGE('',*,*,#1115,.F.);
#4988 = ORIENTED_EDGE('',*,*,#4691,.T.);
#4989 = ORIENTED_EDGE('',*,*,#4990,.F.);
#4990 = EDGE_CURVE('',#4991,#4683,#4993,.T.);
#4991 = VERTEX_POINT('',#4992);
#4992 = CARTESIAN_POINT('',(-20.83333333333,19.,3.));
#4993 = LINE('',#4994,#4995);
#4994 = CARTESIAN_POINT('',(-20.83333333333,36.91539213977,3.));
#4995 = VECTOR('',#4996,1.);
#4996 = DIRECTION('',(0.,1.,0.));
#4997 = ORIENTED_EDGE('',*,*,#4998,.F.);
#4998 = EDGE_CURVE('',#4707,#4991,#4999,.T.);
#4999 = CIRCLE('',#5000,10.);
#5000 = AXIS2_PLACEMENT_3D('',#5001,#5002,#5003);
#5001 = CARTESIAN_POINT('',(-20.83333333333,19.,13.));
#5002 = DIRECTION('',(1.,0.,0.));
#5003 = DIRECTION('',(0.,-1.,0.));
#5004 = ORIENTED_EDGE('',*,*,#4706,.F.);
#5005 = PLANE('',#5006);
#5006 = AXIS2_PLACEMENT_3D('',#5007,#5008,#5009);
#5007 = CARTESIAN_POINT('',(-20.83333333333,38.5,0.));
#5008 = DIRECTION('',(-1.,-0.,-0.));
#5009 = DIRECTION('',(0.,1.,0.));
#5010 = ADVANCED_FACE('',(#5011),#5045,.F.);
#5011 = FACE_BOUND('',#5012,.T.);
#5012 = EDGE_LOOP('',(#5013,#5014,#5022,#5030,#5039));
#5013 = ORIENTED_EDGE('',*,*,#1132,.F.);
#5014 = ORIENTED_EDGE('',*,*,#5015,.T.);
#5015 = EDGE_CURVE('',#1133,#5016,#5018,.T.);
#5016 = VERTEX_POINT('',#5017);
#5017 = CARTESIAN_POINT('',(-11.5,38.5,3.));
#5018 = LINE('',#5019,#5020);
#5019 = CARTESIAN_POINT('',(-11.5,38.5,0.));
#5020 = VECTOR('',#5021,1.);
#5021 = DIRECTION('',(0.,0.,1.));
#5022 = ORIENTED_EDGE('',*,*,#5023,.F.);
#5023 = EDGE_CURVE('',#5024,#5016,#5026,.T.);
#5024 = VERTEX_POINT('',#5025);
#5025 = CARTESIAN_POINT('',(-11.5,19.,3.));
#5026 = LINE('',#5027,#5028);
#5027 = CARTESIAN_POINT('',(-11.5,36.91539213977,3.));
#5028 = VECTOR('',#5029,1.);
#5029 = DIRECTION('',(0.,1.,0.));
#5030 = ORIENTED_EDGE('',*,*,#5031,.F.);
#5031 = EDGE_CURVE('',#5032,#5024,#5034,.T.);
#5032 = VERTEX_POINT('',#5033);
#5033 = CARTESIAN_POINT('',(-11.5,12.5,5.400657923215));
#5034 = CIRCLE('',#5035,10.);
#5035 = AXIS2_PLACEMENT_3D('',#5036,#5037,#5038);
#5036 = CARTESIAN_POINT('',(-11.5,19.,13.));
#5037 = DIRECTION('',(1.,0.,0.));
#5038 = DIRECTION('',(0.,-1.,0.));
#5039 = ORIENTED_EDGE('',*,*,#5040,.F.);
#5040 = EDGE_CURVE('',#1135,#5032,#5041,.T.);
#5041 = LINE('',#5042,#5043);
#5042 = CARTESIAN_POINT('',(-11.5,12.5,0.));
#5043 = VECTOR('',#5044,1.);
#5044 = DIRECTION('',(0.,0.,1.));
#5045 = PLANE('',#5046);
#5046 = AXIS2_PLACEMENT_3D('',#5047,#5048,#5049);
#5047 = CARTESIAN_POINT('',(-11.5,38.5,0.));
#5048 = DIRECTION('',(-1.,-0.,-0.));
#5049 = DIRECTION('',(0.,1.,0.));
#5050 = ADVANCED_FACE('',(#5051),#5070,.F.);
#5051 = FACE_BOUND('',#5052,.F.);
#5052 = EDGE_LOOP('',(#5053,#5054,#5055,#5064));
#5053 = ORIENTED_EDGE('',*,*,#1142,.F.);
#5054 = ORIENTED_EDGE('',*,*,#5015,.T.);
#5055 = ORIENTED_EDGE('',*,*,#5056,.F.);
#5056 = EDGE_CURVE('',#5057,#5016,#5059,.T.);
#5057 = VERTEX_POINT('',#5058);
#5058 = CARTESIAN_POINT('',(-8.5,38.5,3.));
#5059 = CIRCLE('',#5060,1.5);
#5060 = AXIS2_PLACEMENT_3D('',#5061,#5062,#5063);
#5061 = CARTESIAN_POINT('',(-10.,38.5,3.));
#5062 = DIRECTION('',(0.,0.,1.));
#5063 = DIRECTION('',(-1.,0.,0.));
#5064 = ORIENTED_EDGE('',*,*,#5065,.F.);
#5065 = EDGE_CURVE('',#1143,#5057,#5066,.T.);
#5066 = LINE('',#5067,#5068);
#5067 = CARTESIAN_POINT('',(-8.5,38.5,0.));
#5068 = VECTOR('',#5069,1.);
#5069 = DIRECTION('',(0.,0.,1.));
#5070 = CYLINDRICAL_SURFACE('',#5071,1.5);
#5071 = AXIS2_PLACEMENT_3D('',#5072,#5073,#5074);
#5072 = CARTESIAN_POINT('',(-10.,38.5,0.));
#5073 = DIRECTION('',(0.,0.,-1.));
#5074 = DIRECTION('',(-1.,0.,0.));
#5075 = ADVANCED_FACE('',(#5076),#5268,.F.);
#5076 = FACE_BOUND('',#5077,.F.);
#5077 = EDGE_LOOP('',(#5078,#5079,#5087,#5267));
#5078 = ORIENTED_EDGE('',*,*,#1159,.F.);
#5079 = ORIENTED_EDGE('',*,*,#5080,.T.);
#5080 = EDGE_CURVE('',#1152,#5081,#5083,.T.);
#5081 = VERTEX_POINT('',#5082);
#5082 = CARTESIAN_POINT('',(-8.5,12.5,5.400657923215));
#5083 = LINE('',#5084,#5085);
#5084 = CARTESIAN_POINT('',(-8.5,12.5,0.));
#5085 = VECTOR('',#5086,1.);
#5086 = DIRECTION('',(0.,0.,1.));
#5087 = ORIENTED_EDGE('',*,*,#5088,.T.);
#5088 = EDGE_CURVE('',#5081,#5032,#5089,.T.);
#5089 = B_SPLINE_CURVE_WITH_KNOTS('',6,(#5090,#5091,#5092,#5093,#5094,
    #5095,#5096,#5097,#5098,#5099,#5100,#5101,#5102,#5103,#5104,#5105,
    #5106,#5107,#5108,#5109,#5110,#5111,#5112,#5113,#5114,#5115,#5116,
    #5117,#5118,#5119,#5120,#5121,#5122,#5123,#5124,#5125,#5126,#5127,
    #5128,#5129,#5130,#5131,#5132,#5133,#5134,#5135,#5136,#5137,#5138,
    #5139,#5140,#5141,#5142,#5143,#5144,#5145,#5146,#5147,#5148,#5149,
    #5150,#5151,#5152,#5153,#5154,#5155,#5156,#5157,#5158,#5159,#5160,
    #5161,#5162,#5163,#5164,#5165,#5166,#5167,#5168,#5169,#5170,#5171,
    #5172,#5173,#5174,#5175,#5176,#5177,#5178,#5179,#5180,#5181,#5182,
    #5183,#5184,#5185,#5186,#5187,#5188,#5189,#5190,#5191,#5192,#5193,
    #5194,#5195,#5196,#5197,#5198,#5199,#5200,#5201,#5202,#5203,#5204,
    #5205,#5206,#5207,#5208,#5209,#5210,#5211,#5212,#5213,#5214,#5215,
    #5216,#5217,#5218,#5219,#5220,#5221,#5222,#5223,#5224,#5225,#5226,
    #5227,#5228,#5229,#5230,#5231,#5232,#5233,#5234,#5235,#5236,#5237,
    #5238,#5239,#5240,#5241,#5242,#5243,#5244,#5245,#5246,#5247,#5248,
    #5249,#5250,#5251,#5252,#5253,#5254,#5255,#5256,#5257,#5258,#5259,
    #5260,#5261,#5262,#5263,#5264,#5265,#5266),.UNSPECIFIED.,.F.,.F.,(7,
    5,5,5,5,5,5,5,5,5,5,5,5,5,5,5,5,5,5,5,5,5,5,5,5,5,5,5,5,5,5,5,5,5,5,
    7),(0.,5.753599707149E-02,0.172058489606,0.281938801381,0.3220835915
    ,0.377005883005,0.422426005252,0.448500397514,0.499775913029,
    0.577062342869,0.623104591666,0.679053240446,0.718257471632,
    0.827816990146,0.995113620204,0.995388082791,0.995494002894,
    0.995638427883,0.995778026077,0.995903172522,0.996312235475,
    0.99641328165,0.99657686641,0.996649030729,0.996793349397,
    0.996865503745,0.997490702178,0.997663789898,0.99794261316,
    0.998269446074,0.998461668798,0.998581795987,0.99872113195,
    0.999244731769,0.999398415783,1.),.UNSPECIFIED.);
#5090 = CARTESIAN_POINT('',(-8.5,12.5,5.400657923215));
#5091 = CARTESIAN_POINT('',(-8.5,12.454036036909,5.439972610865));
#5092 = CARTESIAN_POINT('',(-8.501690139317,12.40841821693,
    5.479568973513));
#5093 = CARTESIAN_POINT('',(-8.505022730968,12.363204357958,
    5.519394507213));
#5094 = CARTESIAN_POINT('',(-8.5099506684,12.318448554627,5.559395420115
    ));
#5095 = CARTESIAN_POINT('',(-8.516427425497,12.274201178308,
    5.599516632468));
#5096 = CARTESIAN_POINT('',(-8.540290108703,12.143541561127,
    5.719688273858));
#5097 = CARTESIAN_POINT('',(-8.562122587155,12.058799837894,
    5.799904245014));
#5098 = CARTESIAN_POINT('',(-8.589557111973,11.976531733065,
    5.880013305704));
#5099 = CARTESIAN_POINT('',(-8.622311663219,11.896944983216,
    5.959672023137));
#5100 = CARTESIAN_POINT('',(-8.660161293287,11.82023314433,6.0385067194)
  );
#5101 = CARTESIAN_POINT('',(-8.743964757839,11.675954914234,
    6.190528972833));
#5102 = CARTESIAN_POINT('',(-8.789531142483,11.608138188725,
    6.263821682497));
#5103 = CARTESIAN_POINT('',(-8.83951289302,11.543267940446,
    6.335659107599));
#5104 = CARTESIAN_POINT('',(-8.893854255539,11.481502522331,
    6.405662357417));
#5105 = CARTESIAN_POINT('',(-8.952536431035,11.423061728774,
    6.473346776265));
#5106 = CARTESIAN_POINT('',(-9.038577730625,11.348219475164,
    6.561738176366));
#5107 = CARTESIAN_POINT('',(-9.062181535585,11.328675178183,
    6.584999052194));
#5108 = CARTESIAN_POINT('',(-9.086366259097,11.309627676129,
    6.607838417712));
#5109 = CARTESIAN_POINT('',(-9.11113217232,11.291093176637,
    6.630223127715));
#5110 = CARTESIAN_POINT('',(-9.136479157448,11.273089828741,
    6.652116874699));
#5111 = CARTESIAN_POINT('',(-9.197878321084,11.231761408104,
    6.702707447606));
#5112 = CARTESIAN_POINT('',(-9.234444296888,11.208911715955,
    6.730948377231));
#5113 = CARTESIAN_POINT('',(-9.272093695739,11.187147427194,
    6.758092478921));
#5114 = CARTESIAN_POINT('',(-9.310813853026,11.166530974804,
    6.784022242404));
#5115 = CARTESIAN_POINT('',(-9.350590378916,11.147128443997,
    6.808613145955));
#5116 = CARTESIAN_POINT('',(-9.425162179517,11.114025467408,
    6.850854060557));
#5117 = CARTESIAN_POINT('',(-9.459632318865,11.099917899516,
    6.868971038876));
#5118 = CARTESIAN_POINT('',(-9.494785454698,11.086736745661,
    6.885996552439));
#5119 = CARTESIAN_POINT('',(-9.530588572292,11.074529428859,
    6.901846049497));
#5120 = CARTESIAN_POINT('',(-9.567007763901,11.063340918012,
    6.91643846547));
#5121 = CARTESIAN_POINT('',(-9.625249136684,11.047399997911,
    6.937307122078));
#5122 = CARTESIAN_POINT('',(-9.646677299204,11.041937211605,
    6.944476745087));
#5123 = CARTESIAN_POINT('',(-9.668282835021,11.036834261106,
    6.951189387341));
#5124 = CARTESIAN_POINT('',(-9.690054376036,11.032099552859,
    6.957430250689));
#5125 = CARTESIAN_POINT('',(-9.711979067348,11.027741007639,
    6.963185443455));
#5126 = CARTESIAN_POINT('',(-9.777430628636,11.015949293099,
    6.97877900542));
#5127 = CARTESIAN_POINT('',(-9.821375081974,11.00961224359,
    6.987192698199));
#5128 = CARTESIAN_POINT('',(-9.865740308131,11.004817559854,
    6.993576481632));
#5129 = CARTESIAN_POINT('',(-9.910390128297,11.001606482752,
    6.997858080782));
#5130 = CARTESIAN_POINT('',(-9.955188464481,11.,7.));
#5131 = CARTESIAN_POINT('',(-10.06754341835,11.,7.));
#5132 = CARTESIAN_POINT('',(-10.13499462636,11.00364994111,
    6.995133965301));
#5133 = CARTESIAN_POINT('',(-10.20193708949,11.01092994295,
    6.985425719232));
#5134 = CARTESIAN_POINT('',(-10.26795000015,11.021740223479,
    6.971059931444));
#5135 = CARTESIAN_POINT('',(-10.33261275848,11.035889235259,
    6.952377166869));
#5136 = CARTESIAN_POINT('',(-10.43297922976,11.063324019211,
    6.916459987899));
#5137 = CARTESIAN_POINT('',(-10.46985335995,11.074654646221,
    6.90168210344));
#5138 = CARTESIAN_POINT('',(-10.50609577713,11.087029583682,
    6.885615770044));
#5139 = CARTESIAN_POINT('',(-10.54167135415,11.100402163549,
    6.868345121313));
#5140 = CARTESIAN_POINT('',(-10.57654590337,11.114723148811,
    6.849957935726));
#5141 = CARTESIAN_POINT('',(-10.65217203366,11.148432517074,
    6.80695660847));
#5142 = CARTESIAN_POINT('',(-10.69257970258,11.168250517204,
    6.781850273102));
#5143 = CARTESIAN_POINT('',(-10.73189262925,11.189321452928,
    6.755364929047));
#5144 = CARTESIAN_POINT('',(-10.77009610306,11.211576048257,
    6.727631222354));
#5145 = CARTESIAN_POINT('',(-10.80717725681,11.234949032166,
    6.698772146606));
#5146 = CARTESIAN_POINT('',(-10.86831434807,11.276497756481,
    6.647973221178));
#5147 = CARTESIAN_POINT('',(-10.89295124754,11.294138188714,
    6.626543994839));
#5148 = CARTESIAN_POINT('',(-10.9170352815,11.312281935204,
    6.604651734903));
#5149 = CARTESIAN_POINT('',(-10.94056634488,11.330912278862,
    6.582329920775));
#5150 = CARTESIAN_POINT('',(-10.96354471118,11.350014285597,
    6.559609140267));
#5151 = CARTESIAN_POINT('',(-11.04864327201,11.424238317591,
    6.471984413521));
#5152 = CARTESIAN_POINT('',(-11.10701544989,11.48249283,6.404540309499)
  );
#5153 = CARTESIAN_POINT('',(-11.16108219303,11.544042269556,
    6.334801987086));
#5154 = CARTESIAN_POINT('',(-11.21082455615,11.608669993348,
    6.263247378195));
#5155 = CARTESIAN_POINT('',(-11.25618714345,11.676219642335,
    6.19025059013));
#5156 = CARTESIAN_POINT('',(-11.35946051737,11.85400966377,
    6.002916424761));
#5157 = CARTESIAN_POINT('',(-11.41145598903,11.968108199319,
    5.886938545873));
#5158 = CARTESIAN_POINT('',(-11.45241188694,12.088185274949,
    5.769581261749));
#5159 = CARTESIAN_POINT('',(-11.48151446326,12.213552059858,
    5.652028238745));
#5160 = CARTESIAN_POINT('',(-11.497740795,12.343402903158,5.535376319278
    ));
#5161 = CARTESIAN_POINT('',(-11.49982113147,12.476834910551,
    5.420533178453));
#5162 = CARTESIAN_POINT('',(-11.49982450073,12.47705346539,
    5.420345084395));
#5163 = CARTESIAN_POINT('',(-11.49982783189,12.477272028452,
    5.420156996424));
#5164 = CARTESIAN_POINT('',(-11.49983112494,12.477490599731,
    5.419968914546));
#5165 = CARTESIAN_POINT('',(-11.49983437989,12.47770917922,
    5.419780838768));
#5166 = CARTESIAN_POINT('',(-11.49983883814,12.478012123874,
    5.419520189589));
#5167 = CARTESIAN_POINT('',(-11.4998400739,12.47809648206,5.419447610992
    ));
#5168 = CARTESIAN_POINT('',(-11.49984130398,12.478180841467,
    5.419375033305));
#5169 = CARTESIAN_POINT('',(-11.49984252838,12.478265202094,
    5.419302456528));
#5170 = CARTESIAN_POINT('',(-11.4998437471,12.478349563943,
    5.419229880661));
#5171 = CARTESIAN_POINT('',(-11.49984661417,12.478548958388,
    5.419058347746));
#5172 = CARTESIAN_POINT('',(-11.49984825763,12.478663992033,
    5.41895939148));
#5173 = CARTESIAN_POINT('',(-11.49984989054,12.478779027945,
    5.418860436908));
#5174 = CARTESIAN_POINT('',(-11.49985151289,12.478894066124,
    5.418761484031));
#5175 = CARTESIAN_POINT('',(-11.49985312468,12.479009106568,
    5.418662532851));
#5176 = CARTESIAN_POINT('',(-11.49985627363,12.479235347167,
    5.418467940853));
#5177 = CARTESIAN_POINT('',(-11.49985781148,12.479346547174,
    5.418372299923));
#5178 = CARTESIAN_POINT('',(-11.49985933947,12.479457749295,
    5.418276660581));
#5179 = CARTESIAN_POINT('',(-11.49986085759,12.47956895353,
    5.418181022825));
#5180 = CARTESIAN_POINT('',(-11.49986236584,12.479680159877,
    5.418085386658));
#5181 = CARTESIAN_POINT('',(-11.49986520748,12.479891064063,
    5.417904017964));
#5182 = CARTESIAN_POINT('',(-11.49986654282,12.479990761487,
    5.417818285126));
#5183 = CARTESIAN_POINT('',(-11.49986787022,12.480090460607,
    5.417732553566));
#5184 = CARTESIAN_POINT('',(-11.49986918969,12.480190161423,
    5.417646823284));
#5185 = CARTESIAN_POINT('',(-11.49987050123,12.480289863934,
    5.417561094281));
#5186 = CARTESIAN_POINT('',(-11.4998760659,12.4807154687,5.41719515056)
  );
#5187 = CARTESIAN_POINT('',(-11.49988024221,12.481041387366,
    5.416914948233));
#5188 = CARTESIAN_POINT('',(-11.49988433375,12.481367324112,
    5.416634759595));
#5189 = CARTESIAN_POINT('',(-11.49988834051,12.481693278917,
    5.416354584668));
#5190 = CARTESIAN_POINT('',(-11.49989226245,12.482019251757,
    5.416074423474));
#5191 = CARTESIAN_POINT('',(-11.49989704742,12.482425768426,
    5.415725074393));
#5192 = CARTESIAN_POINT('',(-11.49989799008,12.482506295343,
    5.415655873591));
#5193 = CARTESIAN_POINT('',(-11.49989892757,12.482586823359,
    5.415586673629));
#5194 = CARTESIAN_POINT('',(-11.49989985989,12.482667352473,
    5.415517474507));
#5195 = CARTESIAN_POINT('',(-11.49990078703,12.482747882685,
    5.415448276225));
#5196 = CARTESIAN_POINT('',(-11.49990320156,12.482958787013,
    5.415267054287));
#5197 = CARTESIAN_POINT('',(-11.49990468056,12.483089162909,
    5.415155031994));
#5198 = CARTESIAN_POINT('',(-11.499906146,12.483219541681,5.415043011905
    ));
#5199 = CARTESIAN_POINT('',(-11.49990759787,12.483349923326,
    5.414930994021));
#5200 = CARTESIAN_POINT('',(-11.49990903616,12.483480307844,
    5.414818978344));
#5201 = CARTESIAN_POINT('',(-11.49991108939,12.483668214753,
    5.414657550886));
#5202 = CARTESIAN_POINT('',(-11.49991171526,12.483725734833,
    5.414608137326));
#5203 = CARTESIAN_POINT('',(-11.49991233849,12.483783255472,
    5.414558724195));
#5204 = CARTESIAN_POINT('',(-11.49991295907,12.483840776669,
    5.414509311495));
#5205 = CARTESIAN_POINT('',(-11.49991357701,12.483898298424,
    5.414459899225));
#5206 = CARTESIAN_POINT('',(-11.49991542283,12.484070857417,
    5.414311670532));
#5207 = CARTESIAN_POINT('',(-11.49991664278,12.484185896328,
    5.414212855399));
#5208 = CARTESIAN_POINT('',(-11.49991785217,12.484300937471,
    5.414114041988));
#5209 = CARTESIAN_POINT('',(-11.49991905099,12.484415980844,5.4140152303
    ));
#5210 = CARTESIAN_POINT('',(-11.49992023924,12.484531026447,
    5.413916420335));
#5211 = CARTESIAN_POINT('',(-11.49992200573,12.484703594219,
    5.413768211386));
#5212 = CARTESIAN_POINT('',(-11.49992259189,12.484761114717,
    5.41371881111));
#5213 = CARTESIAN_POINT('',(-11.49992317541,12.484818635772,
    5.413669411265));
#5214 = CARTESIAN_POINT('',(-11.49992375628,12.484876157384,
    5.413620011852));
#5215 = CARTESIAN_POINT('',(-11.49992433452,12.484933679552,
    5.413570612869));
#5216 = CARTESIAN_POINT('',(-11.49992989748,12.485489621547,
    5.413093188878));
#5217 = CARTESIAN_POINT('',(-11.4999346865,12.485988082596,
    5.412665195831));
#5218 = CARTESIAN_POINT('',(-11.4999392771,12.486486585343,
    5.412237235253));
#5219 = CARTESIAN_POINT('',(-11.49994366924,12.486985129703,
    5.411809307221));
#5220 = CARTESIAN_POINT('',(-11.49994786285,12.487483715594,
    5.411381411809));
#5221 = CARTESIAN_POINT('',(-11.49995296389,12.488120389134,
    5.410835094249));
#5222 = CARTESIAN_POINT('',(-11.4999540547,12.488258438513,
    5.410716641912));
#5223 = CARTESIAN_POINT('',(-11.49995513029,12.488396491067,
    5.410598192083));
#5224 = CARTESIAN_POINT('',(-11.49995619065,12.488534546795,
    5.410479744763));
#5225 = CARTESIAN_POINT('',(-11.49995723579,12.488672605693,
    5.410361299954));
#5226 = CARTESIAN_POINT('',(-11.49995992476,12.489033068958,
    5.410052061526));
#5227 = CARTESIAN_POINT('',(-11.4999615443,12.48925547838,5.409861271915
    ));
#5228 = CARTESIAN_POINT('',(-11.49996312434,12.489477896019,
    5.40967048883));
#5229 = CARTESIAN_POINT('',(-11.49996466484,12.489700321869,
    5.409479712278));
#5230 = CARTESIAN_POINT('',(-11.49996616583,12.489922755921,
    5.409288942267));
#5231 = CARTESIAN_POINT('',(-11.49996934036,12.490405942009,
    5.408874568408));
#5232 = CARTESIAN_POINT('',(-11.49997099913,12.49066669711,5.40865096701
    ));
#5233 = CARTESIAN_POINT('',(-11.49997260357,12.49092746346,
    5.408427374618));
#5234 = CARTESIAN_POINT('',(-11.49997415368,12.491188241047,
    5.408203791242));
#5235 = CARTESIAN_POINT('',(-11.49997564944,12.491449029858,
    5.407980216895));
#5236 = CARTESIAN_POINT('',(-11.49997793859,12.49186321618,
    5.407625164423));
#5237 = CARTESIAN_POINT('',(-11.49997876754,12.492016606357,
    5.407493680386));
#5238 = CARTESIAN_POINT('',(-11.49997957768,12.49217000041,
    5.407362199479));
#5239 = CARTESIAN_POINT('',(-11.49998036901,12.492323398336,
    5.407230721702));
#5240 = CARTESIAN_POINT('',(-11.49998114154,12.492476800134,
    5.407099247058));
#5241 = CARTESIAN_POINT('',(-11.49998236629,12.492726074755,
    5.406885614073));
#5242 = CARTESIAN_POINT('',(-11.49998282998,12.492821945221,
    5.406803453821));
#5243 = CARTESIAN_POINT('',(-11.49998328631,12.492917817197,
    5.406721294794));
#5244 = CARTESIAN_POINT('',(-11.4999837353,12.493013690682,
    5.406639136992));
#5245 = CARTESIAN_POINT('',(-11.49998417695,12.493109565677,
    5.406556980417));
#5246 = CARTESIAN_POINT('',(-11.49998511499,12.493316649684,
    5.406379532781));
#5247 = CARTESIAN_POINT('',(-11.49998560884,12.493427859218,
    5.406284242144));
#5248 = CARTESIAN_POINT('',(-11.49998609282,12.49353907078,
    5.406188953158));
#5249 = CARTESIAN_POINT('',(-11.4999865669,12.493650284369,
    5.406093665825));
#5250 = CARTESIAN_POINT('',(-11.4999870311,12.493761499986,
    5.405998380144));
#5251 = CARTESIAN_POINT('',(-11.49998919264,12.494290653787,
    5.405545035655));
#5252 = CARTESIAN_POINT('',(-11.49999076024,12.494708618552,
    5.405186998544));
#5253 = CARTESIAN_POINT('',(-11.49999218818,12.495126611875,
    5.40482898483));
#5254 = CARTESIAN_POINT('',(-11.49999347642,12.495544633705,
    5.404470994557));
#5255 = CARTESIAN_POINT('',(-11.49999462494,12.495962683992,
    5.40411302777));
#5256 = CARTESIAN_POINT('',(-11.49999592978,12.496503474747,
    5.403650023063));
#5257 = CARTESIAN_POINT('',(-11.49999621382,12.496626189254,
    5.403544963639));
#5258 = CARTESIAN_POINT('',(-11.49999648582,12.496748906206,
    5.403439906244));
#5259 = CARTESIAN_POINT('',(-11.49999674578,12.496871625604,
    5.403334850878));
#5260 = CARTESIAN_POINT('',(-11.4999969937,12.496994347445,
    5.403229797543));
#5261 = CARTESIAN_POINT('',(-11.49999815287,12.49759746647,
    5.402713531015));
#5262 = CARTESIAN_POINT('',(-11.49999889161,12.498077898634,
    5.402302346922));
#5263 = CARTESIAN_POINT('',(-11.49999944575,12.498558368144,
    5.401891194027));
#5264 = CARTESIAN_POINT('',(-11.49999981523,12.499038874926,
    5.401480072399));
#5265 = CARTESIAN_POINT('',(-11.5,12.499519418903,5.401068982106));
#5266 = CARTESIAN_POINT('',(-11.5,12.5,5.400657923215));
#5267 = ORIENTED_EDGE('',*,*,#5040,.F.);
#5268 = CYLINDRICAL_SURFACE('',#5269,1.5);
#5269 = AXIS2_PLACEMENT_3D('',#5270,#5271,#5272);
#5270 = CARTESIAN_POINT('',(-10.,12.5,0.));
#5271 = DIRECTION('',(0.,0.,-1.));
#5272 = DIRECTION('',(-1.,0.,0.));
#5273 = ADVANCED_FACE('',(#5274),#5294,.T.);
#5274 = FACE_BOUND('',#5275,.F.);
#5275 = EDGE_LOOP('',(#5276,#5277,#5278,#5286,#5293));
#5276 = ORIENTED_EDGE('',*,*,#1151,.F.);
#5277 = ORIENTED_EDGE('',*,*,#5065,.T.);
#5278 = ORIENTED_EDGE('',*,*,#5279,.F.);
#5279 = EDGE_CURVE('',#5280,#5057,#5282,.T.);
#5280 = VERTEX_POINT('',#5281);
#5281 = CARTESIAN_POINT('',(-8.5,19.,3.));
#5282 = LINE('',#5283,#5284);
#5283 = CARTESIAN_POINT('',(-8.5,36.91539213977,3.));
#5284 = VECTOR('',#5285,1.);
#5285 = DIRECTION('',(0.,1.,0.));
#5286 = ORIENTED_EDGE('',*,*,#5287,.F.);
#5287 = EDGE_CURVE('',#5081,#5280,#5288,.T.);
#5288 = CIRCLE('',#5289,10.);
#5289 = AXIS2_PLACEMENT_3D('',#5290,#5291,#5292);
#5290 = CARTESIAN_POINT('',(-8.5,19.,13.));
#5291 = DIRECTION('',(1.,0.,0.));
#5292 = DIRECTION('',(0.,-1.,0.));
#5293 = ORIENTED_EDGE('',*,*,#5080,.F.);
#5294 = PLANE('',#5295);
#5295 = AXIS2_PLACEMENT_3D('',#5296,#5297,#5298);
#5296 = CARTESIAN_POINT('',(-8.5,38.5,0.));
#5297 = DIRECTION('',(-1.,-0.,-0.));
#5298 = DIRECTION('',(0.,1.,0.));
#5299 = ADVANCED_FACE('',(#5300),#5334,.F.);
#5300 = FACE_BOUND('',#5301,.T.);
#5301 = EDGE_LOOP('',(#5302,#5303,#5311,#5320,#5328));
#5302 = ORIENTED_EDGE('',*,*,#1168,.F.);
#5303 = ORIENTED_EDGE('',*,*,#5304,.T.);
#5304 = EDGE_CURVE('',#1169,#5305,#5307,.T.);
#5305 = VERTEX_POINT('',#5306);
#5306 = CARTESIAN_POINT('',(-54.5,57.5,5.400657923215));
#5307 = LINE('',#5308,#5309);
#5308 = CARTESIAN_POINT('',(-54.5,57.5,0.));
#5309 = VECTOR('',#5310,1.);
#5310 = DIRECTION('',(0.,0.,1.));
#5311 = ORIENTED_EDGE('',*,*,#5312,.F.);
#5312 = EDGE_CURVE('',#5313,#5305,#5315,.T.);
#5313 = VERTEX_POINT('',#5314);
#5314 = CARTESIAN_POINT('',(-54.5,51.,3.));
#5315 = CIRCLE('',#5316,10.);
#5316 = AXIS2_PLACEMENT_3D('',#5317,#5318,#5319);
#5317 = CARTESIAN_POINT('',(-54.5,51.,13.));
#5318 = DIRECTION('',(1.,0.,0.));
#5319 = DIRECTION('',(0.,1.,0.));
#5320 = ORIENTED_EDGE('',*,*,#5321,.F.);
#5321 = EDGE_CURVE('',#5322,#5313,#5324,.T.);
#5322 = VERTEX_POINT('',#5323);
#5323 = CARTESIAN_POINT('',(-54.5,31.5,3.));
#5324 = LINE('',#5325,#5326);
#5325 = CARTESIAN_POINT('',(-54.5,46.41539213977,3.));
#5326 = VECTOR('',#5327,1.);
#5327 = DIRECTION('',(0.,1.,0.));
#5328 = ORIENTED_EDGE('',*,*,#5329,.F.);
#5329 = EDGE_CURVE('',#1171,#5322,#5330,.T.);
#5330 = LINE('',#5331,#5332);
#5331 = CARTESIAN_POINT('',(-54.5,31.5,0.));
#5332 = VECTOR('',#5333,1.);
#5333 = DIRECTION('',(0.,0.,1.));
#5334 = PLANE('',#5335);
#5335 = AXIS2_PLACEMENT_3D('',#5336,#5337,#5338);
#5336 = CARTESIAN_POINT('',(-54.5,57.5,0.));
#5337 = DIRECTION('',(-1.,-0.,-0.));
#5338 = DIRECTION('',(0.,1.,0.));
#5339 = ADVANCED_FACE('',(#5340),#5607,.F.);
#5340 = FACE_BOUND('',#5341,.F.);
#5341 = EDGE_LOOP('',(#5342,#5343,#5344,#5601));
#5342 = ORIENTED_EDGE('',*,*,#1178,.F.);
#5343 = ORIENTED_EDGE('',*,*,#5304,.T.);
#5344 = ORIENTED_EDGE('',*,*,#5345,.T.);
#5345 = EDGE_CURVE('',#5305,#5346,#5348,.T.);
#5346 = VERTEX_POINT('',#5347);
#5347 = CARTESIAN_POINT('',(-51.5,57.5,5.400657923215));
#5348 = B_SPLINE_CURVE_WITH_KNOTS('',6,(#5349,#5350,#5351,#5352,#5353,
    #5354,#5355,#5356,#5357,#5358,#5359,#5360,#5361,#5362,#5363,#5364,
    #5365,#5366,#5367,#5368,#5369,#5370,#5371,#5372,#5373,#5374,#5375,
    #5376,#5377,#5378,#5379,#5380,#5381,#5382,#5383,#5384,#5385,#5386,
    #5387,#5388,#5389,#5390,#5391,#5392,#5393,#5394,#5395,#5396,#5397,
    #5398,#5399,#5400,#5401,#5402,#5403,#5404,#5405,#5406,#5407,#5408,
    #5409,#5410,#5411,#5412,#5413,#5414,#5415,#5416,#5417,#5418,#5419,
    #5420,#5421,#5422,#5423,#5424,#5425,#5426,#5427,#5428,#5429,#5430,
    #5431,#5432,#5433,#5434,#5435,#5436,#5437,#5438,#5439,#5440,#5441,
    #5442,#5443,#5444,#5445,#5446,#5447,#5448,#5449,#5450,#5451,#5452,
    #5453,#5454,#5455,#5456,#5457,#5458,#5459,#5460,#5461,#5462,#5463,
    #5464,#5465,#5466,#5467,#5468,#5469,#5470,#5471,#5472,#5473,#5474,
    #5475,#5476,#5477,#5478,#5479,#5480,#5481,#5482,#5483,#5484,#5485,
    #5486,#5487,#5488,#5489,#5490,#5491,#5492,#5493,#5494,#5495,#5496,
    #5497,#5498,#5499,#5500,#5501,#5502,#5503,#5504,#5505,#5506,#5507,
    #5508,#5509,#5510,#5511,#5512,#5513,#5514,#5515,#5516,#5517,#5518,
    #5519,#5520,#5521,#5522,#5523,#5524,#5525,#5526,#5527,#5528,#5529,
    #5530,#5531,#5532,#5533,#5534,#5535,#5536,#5537,#5538,#5539,#5540,
    #5541,#5542,#5543,#5544,#5545,#5546,#5547,#5548,#5549,#5550,#5551,
    #5552,#5553,#5554,#5555,#5556,#5557,#5558,#5559,#5560,#5561,#5562,
    #5563,#5564,#5565,#5566,#5567,#5568,#5569,#5570,#5571,#5572,#5573,
    #5574,#5575,#5576,#5577,#5578,#5579,#5580,#5581,#5582,#5583,#5584,
    #5585,#5586,#5587,#5588,#5589,#5590,#5591,#5592,#5593,#5594,#5595,
    #5596,#5597,#5598,#5599,#5600),.UNSPECIFIED.,.F.,.F.,(7,5,5,5,5,5,5,
    5,5,5,5,5,5,5,5,5,5,5,5,5,5,5,5,5,5,5,5,5,5,5,5,5,5,5,5,5,5,5,5,5,5,
    5,5,5,5,5,5,5,5,5,7),(0.,5.753597286624E-02,0.172058412756,
    0.281938684845,0.322083458041,0.377005726392,0.422425829492,
    0.448500210762,0.499775704658,0.577062101908,0.623104341521,
    0.679053004635,0.718257255144,0.827816834165,0.995079902055,
    0.995219550156,0.995359185846,0.995498809122,0.995638419984,
    0.99575876421,0.995883912418,0.996023489028,0.996158240868,
    0.996297793069,0.99643733285,0.99657686021,0.996711564494,
    0.996851067437,0.996990557956,0.99712041727,0.997259883795,
    0.997394529338,0.997533971437,0.997673401107,0.997812818348,
    0.997952223159,0.998077196214,0.998216577448,0.998351140635,
    0.998490497432,0.998625037023,0.998759565022,0.998898885372,
    0.999033389771,0.999172685675,0.999307166471,0.999446437928,
    0.999585696946,0.999724943525,0.999864177662,1.),.UNSPECIFIED.);
#5349 = CARTESIAN_POINT('',(-54.5,57.5,5.400657923215));
#5350 = CARTESIAN_POINT('',(-54.5,57.545963963091,5.439972610864));
#5351 = CARTESIAN_POINT('',(-54.49830986068,57.59158178307,
    5.479568973513));
#5352 = CARTESIAN_POINT('',(-54.49497726903,57.636795642042,
    5.519394507214));
#5353 = CARTESIAN_POINT('',(-54.4900493316,57.681551445373,
    5.559395420115));
#5354 = CARTESIAN_POINT('',(-54.4835725745,57.725798821692,
    5.599516632468));
#5355 = CARTESIAN_POINT('',(-54.45970989191,57.856458435482,
    5.719688270739));
#5356 = CARTESIAN_POINT('',(-54.43787741112,57.941200167192,
    5.799904249961));
#5357 = CARTESIAN_POINT('',(-54.41044288851,58.023468267182,
    5.880013305753));
#5358 = CARTESIAN_POINT('',(-54.37768833873,58.103055011815,
    5.959672018214));
#5359 = CARTESIAN_POINT('',(-54.33983870505,58.179766858529,
    6.038506722413));
#5360 = CARTESIAN_POINT('',(-54.25603523971,58.324045089984,
    6.190528977277));
#5361 = CARTESIAN_POINT('',(-54.21046886239,58.391861805126,
    6.263821675715));
#5362 = CARTESIAN_POINT('',(-54.16048710635,58.456732059132,
    6.33565910735));
#5363 = CARTESIAN_POINT('',(-54.10614573928,58.518497483619,
    6.40566236408));
#5364 = CARTESIAN_POINT('',(-54.04746357277,58.576938267915,
    6.473346772355));
#5365 = CARTESIAN_POINT('',(-53.96142226937,58.651780524836,
    6.561738176366));
#5366 = CARTESIAN_POINT('',(-53.93781846441,58.671324821817,
    6.584999052194));
#5367 = CARTESIAN_POINT('',(-53.9136337409,58.690372323871,
    6.607838417712));
#5368 = CARTESIAN_POINT('',(-53.88886782768,58.708906823363,
    6.630223127715));
#5369 = CARTESIAN_POINT('',(-53.86352084255,58.726910171259,
    6.652116874699));
#5370 = CARTESIAN_POINT('',(-53.80212167891,58.768238591896,
    6.702707447606));
#5371 = CARTESIAN_POINT('',(-53.76555570311,58.791088284045,
    6.730948377231));
#5372 = CARTESIAN_POINT('',(-53.72790630426,58.812852572806,
    6.758092478921));
#5373 = CARTESIAN_POINT('',(-53.68918614697,58.833469025196,
    6.784022242404));
#5374 = CARTESIAN_POINT('',(-53.64940962108,58.852871556003,
    6.808613145955));
#5375 = CARTESIAN_POINT('',(-53.57483782048,58.885974532592,
    6.850854060557));
#5376 = CARTESIAN_POINT('',(-53.54036768113,58.900082100484,
    6.868971038876));
#5377 = CARTESIAN_POINT('',(-53.5052145453,58.913263254339,
    6.885996552439));
#5378 = CARTESIAN_POINT('',(-53.4694114277,58.925470571141,
    6.901846049497));
#5379 = CARTESIAN_POINT('',(-53.43299223609,58.936659081988,
    6.91643846547));
#5380 = CARTESIAN_POINT('',(-53.37475086331,58.952600002089,
    6.937307122078));
#5381 = CARTESIAN_POINT('',(-53.35332270079,58.958062788395,
    6.944476745087));
#5382 = CARTESIAN_POINT('',(-53.33171716497,58.963165738894,
    6.951189387341));
#5383 = CARTESIAN_POINT('',(-53.30994562396,58.967900447141,
    6.957430250689));
#5384 = CARTESIAN_POINT('',(-53.28802093265,58.972258992361,
    6.963185443455));
#5385 = CARTESIAN_POINT('',(-53.22256937136,58.984050706901,
    6.97877900542));
#5386 = CARTESIAN_POINT('',(-53.17862491802,58.99038775641,
    6.987192698199));
#5387 = CARTESIAN_POINT('',(-53.13425969186,58.995182440146,
    6.993576481632));
#5388 = CARTESIAN_POINT('',(-53.0896098717,58.998393517248,
    6.997858080782));
#5389 = CARTESIAN_POINT('',(-53.04481153552,59.,7.));
#5390 = CARTESIAN_POINT('',(-52.93245658164,59.,7.));
#5391 = CARTESIAN_POINT('',(-52.86500537363,58.99635005889,
    6.995133965301));
#5392 = CARTESIAN_POINT('',(-52.7980629105,58.98907005705,6.985425719232
    ));
#5393 = CARTESIAN_POINT('',(-52.73204999984,58.978259776521,
    6.971059931444));
#5394 = CARTESIAN_POINT('',(-52.66738724151,58.964110764741,
    6.952377166869));
#5395 = CARTESIAN_POINT('',(-52.56702076191,58.936675978513,
    6.916459984919));
#5396 = CARTESIAN_POINT('',(-52.5301466421,58.925345355056,
    6.901682105052));
#5397 = CARTESIAN_POINT('',(-52.49390423109,58.912970419228,6.8856157738
    ));
#5398 = CARTESIAN_POINT('',(-52.45832864826,58.89959783674,
    6.868345121725));
#5399 = CARTESIAN_POINT('',(-52.42345408875,58.885276847678,
    6.849957931247));
#5400 = CARTESIAN_POINT('',(-52.347827957,58.851567478766,6.806956603164
    ));
#5401 = CARTESIAN_POINT('',(-52.30742029938,58.831749484713,
    6.78185027539));
#5402 = CARTESIAN_POINT('',(-52.26810737954,58.810678551957,
    6.755364935134));
#5403 = CARTESIAN_POINT('',(-52.22990389956,58.788423952362,
    6.727631223231));
#5404 = CARTESIAN_POINT('',(-52.19282273467,58.765050962053,
    6.698772139537));
#5405 = CARTESIAN_POINT('',(-52.13168565192,58.723502243519,
    6.647973221178));
#5406 = CARTESIAN_POINT('',(-52.10704875245,58.705861811286,
    6.626543994839));
#5407 = CARTESIAN_POINT('',(-52.08296471849,58.687718064796,
    6.604651734903));
#5408 = CARTESIAN_POINT('',(-52.05943365511,58.669087721138,
    6.582329920775));
#5409 = CARTESIAN_POINT('',(-52.03645528881,58.649985714403,
    6.559609140267));
#5410 = CARTESIAN_POINT('',(-51.95135672425,58.575761679161,
    6.471984409687));
#5411 = CARTESIAN_POINT('',(-51.89298455518,58.517507175853,
    6.404540316052));
#5412 = CARTESIAN_POINT('',(-51.83891780758,58.455957730039,
    6.334801986852));
#5413 = CARTESIAN_POINT('',(-51.78917543906,58.391330000613,
    6.263247371538));
#5414 = CARTESIAN_POINT('',(-51.74381285895,58.323780361797,
    6.190250594485));
#5415 = CARTESIAN_POINT('',(-51.64055203284,58.146011942018,
    6.002939190394));
#5416 = CARTESIAN_POINT('',(-51.58856497976,58.031937787269,
    5.886985293683));
#5417 = CARTESIAN_POINT('',(-51.54761292037,57.911887416743,
    5.769652312126));
#5418 = CARTESIAN_POINT('',(-51.51850903759,57.786549176077,
    5.652123164749));
#5419 = CARTESIAN_POINT('',(-51.50227556064,57.656728098641,
    5.535494000204));
#5420 = CARTESIAN_POINT('',(-51.50018304985,57.523433489369,
    5.420764185532));
#5421 = CARTESIAN_POINT('',(-51.50018131413,57.523322292272,
    5.420668478976));
#5422 = CARTESIAN_POINT('',(-51.50017958827,57.523211093045,
    5.420572773994));
#5423 = CARTESIAN_POINT('',(-51.50017787228,57.523099891689,
    5.420477070587));
#5424 = CARTESIAN_POINT('',(-51.50017616615,57.522988688203,
    5.420381368756));
#5425 = CARTESIAN_POINT('',(-51.50017277376,57.522766286861,
    5.420189976753));
#5426 = CARTESIAN_POINT('',(-51.50017108751,57.522655089004,
    5.420094286581));
#5427 = CARTESIAN_POINT('',(-51.50016941112,57.52254388902,
    5.419998597985));
#5428 = CARTESIAN_POINT('',(-51.50016774459,57.522432686911,
    5.419902910968));
#5429 = CARTESIAN_POINT('',(-51.50016608793,57.522321482677,
    5.41980722553));
#5430 = CARTESIAN_POINT('',(-51.50016279448,57.522099079847,
    5.419615866318));
#5431 = CARTESIAN_POINT('',(-51.5001611577,57.521987881252,
    5.419520192545));
#5432 = CARTESIAN_POINT('',(-51.50015953077,57.521876680534,
    5.419424520352));
#5433 = CARTESIAN_POINT('',(-51.50015791372,57.521765477694,
    5.41932884974));
#5434 = CARTESIAN_POINT('',(-51.50015630653,57.521654272733,
    5.419233180709));
#5435 = CARTESIAN_POINT('',(-51.50015311202,57.521431868461,
    5.419041854321));
#5436 = CARTESIAN_POINT('',(-51.5001515247,57.521320669148,
    5.418946196962));
#5437 = CARTESIAN_POINT('',(-51.50014994724,57.521209467718,
    5.418850541186));
#5438 = CARTESIAN_POINT('',(-51.50014837965,57.52109826417,
    5.418754886994));
#5439 = CARTESIAN_POINT('',(-51.50014682193,57.520987058505,
    5.418659234388));
#5440 = CARTESIAN_POINT('',(-51.50014393983,57.520779989885,
    5.418481132418));
#5441 = CARTESIAN_POINT('',(-51.50014261292,57.520684127474,
    5.418398682647));
#5442 = CARTESIAN_POINT('',(-51.50014129333,57.520588263491,
    5.418316234054));
#5443 = CARTESIAN_POINT('',(-51.50013998108,57.520492397937,
    5.418233786642));
#5444 = CARTESIAN_POINT('',(-51.50013867616,57.520396530813,
    5.418151340409));
#5445 = CARTESIAN_POINT('',(-51.5001360292,57.520200966475,
    5.417983159207));
#5446 = CARTESIAN_POINT('',(-51.50013468775,57.520101269134,
    5.417897424335));
#5447 = CARTESIAN_POINT('',(-51.50013335423,57.520001570095,
    5.41781169074));
#5448 = CARTESIAN_POINT('',(-51.50013202864,57.51990186936,
    5.417725958423));
#5449 = CARTESIAN_POINT('',(-51.50013071098,57.51980216693,
    5.417640227384));
#5450 = CARTESIAN_POINT('',(-51.50012794053,57.519591263738,
    5.417458884035));
#5451 = CARTESIAN_POINT('',(-51.50012648968,57.519480062563,
    5.417363272037));
#5452 = CARTESIAN_POINT('',(-51.50012504869,57.519368859281,
    5.417267661631));
#5453 = CARTESIAN_POINT('',(-51.50012361757,57.519257653892,
    5.417172052817));
#5454 = CARTESIAN_POINT('',(-51.50012219632,57.519146446398,
    5.417076445597));
#5455 = CARTESIAN_POINT('',(-51.50011942234,57.518927871403,
    5.416888539162));
#5456 = CARTESIAN_POINT('',(-51.50011806895,57.518820504044,
    5.416796239838));
#5457 = CARTESIAN_POINT('',(-51.50011672476,57.518713134725,
    5.416703942002));
#5458 = CARTESIAN_POINT('',(-51.50011538976,57.518605763446,
    5.416611645653));
#5459 = CARTESIAN_POINT('',(-51.50011406397,57.518498390208,
    5.416519350792));
#5460 = CARTESIAN_POINT('',(-51.50011138388,57.518279814712,
    5.416331476216));
#5461 = CARTESIAN_POINT('',(-51.50011003026,57.518168612312,
    5.416235896609));
#5462 = CARTESIAN_POINT('',(-51.5001086865,57.518057407812,5.4161403186)
  );
#5463 = CARTESIAN_POINT('',(-51.50010735262,57.517946201214,
    5.416044742189));
#5464 = CARTESIAN_POINT('',(-51.50010602861,57.517834992519,
    5.415949167378));
#5465 = CARTESIAN_POINT('',(-51.50010340044,57.517612580833,
    5.415758029462));
#5466 = CARTESIAN_POINT('',(-51.50010209628,57.517501377842,
    5.415662466357));
#5467 = CARTESIAN_POINT('',(-51.500100802,57.517390172756,5.415566904853
    ));
#5468 = CARTESIAN_POINT('',(-51.50009951758,57.517278965576,
    5.415471344951));
#5469 = CARTESIAN_POINT('',(-51.50009824304,57.517167756302,
    5.415375786651));
#5470 = CARTESIAN_POINT('',(-51.50009571382,57.516945343468,
    5.415184681764));
#5471 = CARTESIAN_POINT('',(-51.50009445913,57.516834139909,
    5.415089135177));
#5472 = CARTESIAN_POINT('',(-51.50009321431,57.516722934258,
    5.414993590194));
#5473 = CARTESIAN_POINT('',(-51.50009197937,57.516611726517,
    5.414898046815));
#5474 = CARTESIAN_POINT('',(-51.5000907543,57.516500516687,
    5.414802505042));
#5475 = CARTESIAN_POINT('',(-51.50008836591,57.516281937138,
    5.414614727269));
#5476 = CARTESIAN_POINT('',(-51.50008720193,57.516174567561,
    5.414522491159));
#5477 = CARTESIAN_POINT('',(-51.50008604714,57.516067196038,
    5.414430256548));
#5478 = CARTESIAN_POINT('',(-51.50008490156,57.51595982257,
    5.414338023435));
#5479 = CARTESIAN_POINT('',(-51.50008376518,57.515852447159,
    5.414245791822));
#5480 = CARTESIAN_POINT('',(-51.50008147069,57.515633867275,
    5.414058046023));
#5481 = CARTESIAN_POINT('',(-51.50008031323,57.515522662662,
    5.413962531946));
#5482 = CARTESIAN_POINT('',(-51.50007916566,57.515411455966,
    5.413867019479));
#5483 = CARTESIAN_POINT('',(-51.50007802795,57.515300247187,
    5.413771508623));
#5484 = CARTESIAN_POINT('',(-51.50007690012,57.515189036327,
    5.413675999378));
#5485 = CARTESIAN_POINT('',(-51.50007466431,57.514966620351,
    5.41348499262));
#5486 = CARTESIAN_POINT('',(-51.50007355632,57.514855415234,
    5.413389495106));
#5487 = CARTESIAN_POINT('',(-51.50007245821,57.514744208039,
    5.413293999205));
#5488 = CARTESIAN_POINT('',(-51.50007136998,57.514632998765,
    5.413198504918));
#5489 = CARTESIAN_POINT('',(-51.50007029162,57.514521787414,
    5.413103012246));
#5490 = CARTESIAN_POINT('',(-51.50006822843,57.514307039355,
    5.412918623368));
#5491 = CARTESIAN_POINT('',(-51.50006724228,57.514203502924,
    5.412829726948));
#5492 = CARTESIAN_POINT('',(-51.50006626469,57.514099964694,
    5.412740831928));
#5493 = CARTESIAN_POINT('',(-51.50006529567,57.513996424666,
    5.41265193831));
#5494 = CARTESIAN_POINT('',(-51.5000643352,57.513892882841,
    5.412563046094));
#5495 = CARTESIAN_POINT('',(-51.50006236096,57.513678135265,
    5.412378688176));
#5496 = CARTESIAN_POINT('',(-51.50006134851,57.513566929239,
    5.412283222689));
#5497 = CARTESIAN_POINT('',(-51.50006034593,57.513455721142,
    5.412187758821));
#5498 = CARTESIAN_POINT('',(-51.50005935323,57.513344510974,
    5.412092296573));
#5499 = CARTESIAN_POINT('',(-51.50005837041,57.513233298737,
    5.411996835945));
#5500 = CARTESIAN_POINT('',(-51.50005645815,57.513014714503,
    5.411809217693));
#5501 = CARTESIAN_POINT('',(-51.50005552804,57.512907342648,
    5.411717059959));
#5502 = CARTESIAN_POINT('',(-51.50005460714,57.512799968865,
    5.411624903737));
#5503 = CARTESIAN_POINT('',(-51.50005369545,57.512692593156,
    5.411532749027));
#5504 = CARTESIAN_POINT('',(-51.50005279296,57.512585215521,
    5.411440595831));
#5505 = CARTESIAN_POINT('',(-51.50005097459,57.512366631158,
    5.411253009696));
#5506 = CARTESIAN_POINT('',(-51.50005005938,57.512255424291,
    5.411157576866));
#5507 = CARTESIAN_POINT('',(-51.50004915404,57.512144215359,
    5.411062145661));
#5508 = CARTESIAN_POINT('',(-51.50004825857,57.512033004366,
    5.410966716082));
#5509 = CARTESIAN_POINT('',(-51.50004737299,57.51192179131,5.41087128813
    ));
#5510 = CARTESIAN_POINT('',(-51.50004562166,57.511699370991,
    5.410680443985));
#5511 = CARTESIAN_POINT('',(-51.50004475591,57.511588163728,
    5.410585027793));
#5512 = CARTESIAN_POINT('',(-51.50004390004,57.511476954405,
    5.410489613229));
#5513 = CARTESIAN_POINT('',(-51.50004305405,57.511365743024,
    5.410394200294));
#5514 = CARTESIAN_POINT('',(-51.50004221795,57.511254529585,
    5.410298788988));
#5515 = CARTESIAN_POINT('',(-51.50004056556,57.511032108509,
    5.410107978144));
#5516 = CARTESIAN_POINT('',(-51.50003974928,57.510920900871,
    5.410012578604));
#5517 = CARTESIAN_POINT('',(-51.50003894289,57.510809691179,
    5.409917180696));
#5518 = CARTESIAN_POINT('',(-51.50003814637,57.510698479432,
    5.40982178442));
#5519 = CARTESIAN_POINT('',(-51.50003735974,57.510587265632,
    5.409726389776));
#5520 = CARTESIAN_POINT('',(-51.5000358063,57.510364843843,
    5.409535612262));
#5521 = CARTESIAN_POINT('',(-51.50003503949,57.510253635854,
    5.409440229391));
#5522 = CARTESIAN_POINT('',(-51.50003428257,57.510142425814,
    5.409344848153));
#5523 = CARTESIAN_POINT('',(-51.50003353552,57.510031213724,
    5.409249468551));
#5524 = CARTESIAN_POINT('',(-51.50003279836,57.509919999584,
    5.409154090585));
#5525 = CARTESIAN_POINT('',(-51.50003141909,57.509709080763,
    5.408973211674));
#5526 = CARTESIAN_POINT('',(-51.50003077505,57.509609376483,
    5.408887710407));
#5527 = CARTESIAN_POINT('',(-51.50003013894,57.509509670558,
    5.408802210457));
#5528 = CARTESIAN_POINT('',(-51.50002951078,57.509409962988,
    5.408716711823));
#5529 = CARTESIAN_POINT('',(-51.50002889057,57.509310253774,
    5.408631214506));
#5530 = CARTESIAN_POINT('',(-51.50002759543,57.509099336365,
    5.40845036565));
#5531 = CARTESIAN_POINT('',(-51.50002692245,57.50898812777,
    5.408355014433));
#5532 = CARTESIAN_POINT('',(-51.50002625936,57.508876917131,
    5.408259664855));
#5533 = CARTESIAN_POINT('',(-51.50002560614,57.50876570445,
    5.408164316918));
#5534 = CARTESIAN_POINT('',(-51.50002496281,57.508654489727,
    5.408068970623));
#5535 = CARTESIAN_POINT('',(-51.50002371781,57.508435900674,
    5.407881577134));
#5536 = CARTESIAN_POINT('',(-51.50002311548,57.508328526483,
    5.407789529829));
#5537 = CARTESIAN_POINT('',(-51.50002252235,57.50822115039,
    5.407697484055));
#5538 = CARTESIAN_POINT('',(-51.50002193844,57.508113772397,
    5.407605439814));
#5539 = CARTESIAN_POINT('',(-51.50002136374,57.508006392505,
    5.407513397107));
#5540 = CARTESIAN_POINT('',(-51.50002021264,57.50778780361,
    5.407326035932));
#5541 = CARTESIAN_POINT('',(-51.5000196369,57.50767659447,5.407230717576
    ));
#5542 = CARTESIAN_POINT('',(-51.50001907104,57.507565383294,
    5.407135400867));
#5543 = CARTESIAN_POINT('',(-51.50001851506,57.507454170084,
    5.407040085804));
#5544 = CARTESIAN_POINT('',(-51.50001796898,57.50734295484,
    5.406944772389));
#5545 = CARTESIAN_POINT('',(-51.50001691511,57.507124364782,
    5.406757443539));
#5546 = CARTESIAN_POINT('',(-51.50001640665,57.507016990106,
    5.406665427991));
#5547 = CARTESIAN_POINT('',(-51.50001590741,57.506909613536,
    5.406573413981));
#5548 = CARTESIAN_POINT('',(-51.50001541739,57.506802235074,
    5.406481401509));
#5549 = CARTESIAN_POINT('',(-51.50001493659,57.506694854719,
    5.406389390575));
#5550 = CARTESIAN_POINT('',(-51.50001399345,57.50648009948,
    5.406205379715));
#5551 = CARTESIAN_POINT('',(-51.50001353111,57.506372724596,
    5.406113379789));
#5552 = CARTESIAN_POINT('',(-51.500013078,57.506265347822,5.406021381402
    ));
#5553 = CARTESIAN_POINT('',(-51.50001263409,57.506157969158,
    5.405929384556));
#5554 = CARTESIAN_POINT('',(-51.50001219941,57.506050588607,
    5.405837389252));
#5555 = CARTESIAN_POINT('',(-51.50001133332,57.505831998397,
    5.405650124594));
#5556 = CARTESIAN_POINT('',(-51.50001090258,57.505720788602,
    5.405554855352));
#5557 = CARTESIAN_POINT('',(-51.50001048173,57.505609576783,
    5.405459587765));
#5558 = CARTESIAN_POINT('',(-51.50001007076,57.505498362942,
    5.405364321834));
#5559 = CARTESIAN_POINT('',(-51.50000966969,57.50538714708,5.40526905756
    ));
#5560 = CARTESIAN_POINT('',(-51.50000890084,57.505168555833,
    5.405081825313));
#5561 = CARTESIAN_POINT('',(-51.50000853239,57.505061180587,
    5.404989857228));
#5562 = CARTESIAN_POINT('',(-51.50000817316,57.504953803457,
    5.404897890689));
#5563 = CARTESIAN_POINT('',(-51.50000782314,57.504846424447,
    5.404805925696));
#5564 = CARTESIAN_POINT('',(-51.50000748235,57.504739043555,
    5.40471396225));
#5565 = CARTESIAN_POINT('',(-51.50000680739,57.504520452672,
    5.404526762458));
#5566 = CARTESIAN_POINT('',(-51.50000647389,57.504409242543,
    5.404431526224));
#5567 = CARTESIAN_POINT('',(-51.50000615028,57.5042980304,5.404336291651
    ));
#5568 = CARTESIAN_POINT('',(-51.50000583655,57.504186816242,
    5.40424105874));
#5569 = CARTESIAN_POINT('',(-51.50000553272,57.50407560007,
    5.404145827492));
#5570 = CARTESIAN_POINT('',(-51.500004955,57.503857008235,5.403958660169
    ));
#5571 = CARTESIAN_POINT('',(-51.50000468044,57.503749632708,
    5.403866723982));
#5572 = CARTESIAN_POINT('',(-51.50000441509,57.503642255306,
    5.403774789347));
#5573 = CARTESIAN_POINT('',(-51.50000415897,57.50353487603,
    5.403682856263));
#5574 = CARTESIAN_POINT('',(-51.50000391206,57.503427494881,
    5.403590924732));
#5575 = CARTESIAN_POINT('',(-51.50000342823,57.503208903491,
    5.403403789921));
#5576 = CARTESIAN_POINT('',(-51.50000319197,57.503097693114,
    5.403308586753));
#5577 = CARTESIAN_POINT('',(-51.5000029656,57.50298648073,5.403213385252
    ));
#5578 = CARTESIAN_POINT('',(-51.50000274912,57.50287526634,
    5.403118185419));
#5579 = CARTESIAN_POINT('',(-51.50000254253,57.502764049945,
    5.403022987255));
#5580 = CARTESIAN_POINT('',(-51.50000214916,57.502541623078,
    5.402832602768));
#5581 = CARTESIAN_POINT('',(-51.50000196237,57.502430412608,
    5.402737416446));
#5582 = CARTESIAN_POINT('',(-51.50000178547,57.502319200135,
    5.402642231793));
#5583 = CARTESIAN_POINT('',(-51.50000161847,57.502207985659,
    5.402547048812));
#5584 = CARTESIAN_POINT('',(-51.50000146135,57.502096769182,
    5.402451867502));
#5585 = CARTESIAN_POINT('',(-51.50000116693,57.501874342163,
    5.402261516731));
#5586 = CARTESIAN_POINT('',(-51.50000102961,57.501763131621,
    5.402166347269));
#5587 = CARTESIAN_POINT('',(-51.50000090219,57.50165191908,5.40207117948
    ));
#5588 = CARTESIAN_POINT('',(-51.50000078466,57.501540704541,
    5.401976013365));
#5589 = CARTESIAN_POINT('',(-51.50000067702,57.501429488005,
    5.401880848925));
#5590 = CARTESIAN_POINT('',(-51.50000048154,57.501207060877,
    5.401690531899));
#5591 = CARTESIAN_POINT('',(-51.5000003937,57.501095850285,
    5.401595379313));
#5592 = CARTESIAN_POINT('',(-51.50000031574,57.500984637698,
    5.401500228402));
#5593 = CARTESIAN_POINT('',(-51.50000024769,57.500873423118,
    5.401405079169));
#5594 = CARTESIAN_POINT('',(-51.50000018953,57.500762206545,
    5.401309931614));
#5595 = CARTESIAN_POINT('',(-51.50000009417,57.500542494719,
    5.401121971321));
#5596 = CARTESIAN_POINT('',(-51.5000000565,57.500433999563,
    5.401029158501));
#5597 = CARTESIAN_POINT('',(-51.50000002825,57.500325502512,
    5.40093634728));
#5598 = CARTESIAN_POINT('',(-51.50000000941,57.500217003567,
    5.400843537658));
#5599 = CARTESIAN_POINT('',(-51.5,57.50010850273,5.400750729636));
#5600 = CARTESIAN_POINT('',(-51.5,57.5,5.400657923215));
#5601 = ORIENTED_EDGE('',*,*,#5602,.F.);
#5602 = EDGE_CURVE('',#1179,#5346,#5603,.T.);
#5603 = LINE('',#5604,#5605);
#5604 = CARTESIAN_POINT('',(-51.5,57.5,0.));
#5605 = VECTOR('',#5606,1.);
#5606 = DIRECTION('',(0.,0.,1.));
#5607 = CYLINDRICAL_SURFACE('',#5608,1.5);
#5608 = AXIS2_PLACEMENT_3D('',#5609,#5610,#5611);
#5609 = CARTESIAN_POINT('',(-53.,57.5,0.));
#5610 = DIRECTION('',(0.,0.,-1.));
#5611 = DIRECTION('',(-1.,0.,0.));
#5612 = ADVANCED_FACE('',(#5613),#5632,.F.);
#5613 = FACE_BOUND('',#5614,.F.);
#5614 = EDGE_LOOP('',(#5615,#5616,#5624,#5631));
#5615 = ORIENTED_EDGE('',*,*,#1195,.F.);
#5616 = ORIENTED_EDGE('',*,*,#5617,.T.);
#5617 = EDGE_CURVE('',#1188,#5618,#5620,.T.);
#5618 = VERTEX_POINT('',#5619);
#5619 = CARTESIAN_POINT('',(-51.5,31.5,3.));
#5620 = LINE('',#5621,#5622);
#5621 = CARTESIAN_POINT('',(-51.5,31.5,0.));
#5622 = VECTOR('',#5623,1.);
#5623 = DIRECTION('',(0.,0.,1.));
#5624 = ORIENTED_EDGE('',*,*,#5625,.F.);
#5625 = EDGE_CURVE('',#5322,#5618,#5626,.T.);
#5626 = CIRCLE('',#5627,1.5);
#5627 = AXIS2_PLACEMENT_3D('',#5628,#5629,#5630);
#5628 = CARTESIAN_POINT('',(-53.,31.5,3.));
#5629 = DIRECTION('',(0.,0.,1.));
#5630 = DIRECTION('',(-1.,0.,0.));
#5631 = ORIENTED_EDGE('',*,*,#5329,.F.);
#5632 = CYLINDRICAL_SURFACE('',#5633,1.5);
#5633 = AXIS2_PLACEMENT_3D('',#5634,#5635,#5636);
#5634 = CARTESIAN_POINT('',(-53.,31.5,0.));
#5635 = DIRECTION('',(0.,0.,-1.));
#5636 = DIRECTION('',(-1.,0.,0.));
#5637 = ADVANCED_FACE('',(#5638),#5658,.T.);
#5638 = FACE_BOUND('',#5639,.F.);
#5639 = EDGE_LOOP('',(#5640,#5641,#5642,#5651,#5657));
#5640 = ORIENTED_EDGE('',*,*,#1187,.F.);
#5641 = ORIENTED_EDGE('',*,*,#5602,.T.);
#5642 = ORIENTED_EDGE('',*,*,#5643,.F.);
#5643 = EDGE_CURVE('',#5644,#5346,#5646,.T.);
#5644 = VERTEX_POINT('',#5645);
#5645 = CARTESIAN_POINT('',(-51.5,51.,3.));
#5646 = CIRCLE('',#5647,10.);
#5647 = AXIS2_PLACEMENT_3D('',#5648,#5649,#5650);
#5648 = CARTESIAN_POINT('',(-51.5,51.,13.));
#5649 = DIRECTION('',(1.,0.,0.));
#5650 = DIRECTION('',(0.,1.,0.));
#5651 = ORIENTED_EDGE('',*,*,#5652,.F.);
#5652 = EDGE_CURVE('',#5618,#5644,#5653,.T.);
#5653 = LINE('',#5654,#5655);
#5654 = CARTESIAN_POINT('',(-51.5,46.41539213977,3.));
#5655 = VECTOR('',#5656,1.);
#5656 = DIRECTION('',(0.,1.,0.));
#5657 = ORIENTED_EDGE('',*,*,#5617,.F.);
#5658 = PLANE('',#5659);
#5659 = AXIS2_PLACEMENT_3D('',#5660,#5661,#5662);
#5660 = CARTESIAN_POINT('',(-51.5,57.5,0.));
#5661 = DIRECTION('',(-1.,-0.,-0.));
#5662 = DIRECTION('',(0.,1.,0.));
#5663 = ADVANCED_FACE('',(#5664),#5698,.F.);
#5664 = FACE_BOUND('',#5665,.T.);
#5665 = EDGE_LOOP('',(#5666,#5667,#5675,#5684,#5692));
#5666 = ORIENTED_EDGE('',*,*,#1204,.F.);
#5667 = ORIENTED_EDGE('',*,*,#5668,.T.);
#5668 = EDGE_CURVE('',#1205,#5669,#5671,.T.);
#5669 = VERTEX_POINT('',#5670);
#5670 = CARTESIAN_POINT('',(-42.16666666666,57.5,5.400657923215));
#5671 = LINE('',#5672,#5673);
#5672 = CARTESIAN_POINT('',(-42.16666666666,57.5,0.));
#5673 = VECTOR('',#5674,1.);
#5674 = DIRECTION('',(0.,0.,1.));
#5675 = ORIENTED_EDGE('',*,*,#5676,.F.);
#5676 = EDGE_CURVE('',#5677,#5669,#5679,.T.);
#5677 = VERTEX_POINT('',#5678);
#5678 = CARTESIAN_POINT('',(-42.16666666666,51.,3.));
#5679 = CIRCLE('',#5680,10.);
#5680 = AXIS2_PLACEMENT_3D('',#5681,#5682,#5683);
#5681 = CARTESIAN_POINT('',(-42.16666666666,51.,13.));
#5682 = DIRECTION('',(1.,0.,0.));
#5683 = DIRECTION('',(0.,1.,0.));
#5684 = ORIENTED_EDGE('',*,*,#5685,.F.);
#5685 = EDGE_CURVE('',#5686,#5677,#5688,.T.);
#5686 = VERTEX_POINT('',#5687);
#5687 = CARTESIAN_POINT('',(-42.16666666666,31.5,3.));
#5688 = LINE('',#5689,#5690);
#5689 = CARTESIAN_POINT('',(-42.16666666666,46.41539213977,3.));
#5690 = VECTOR('',#5691,1.);
#5691 = DIRECTION('',(0.,1.,0.));
#5692 = ORIENTED_EDGE('',*,*,#5693,.F.);
#5693 = EDGE_CURVE('',#1207,#5686,#5694,.T.);
#5694 = LINE('',#5695,#5696);
#5695 = CARTESIAN_POINT('',(-42.16666666666,31.5,0.));
#5696 = VECTOR('',#5697,1.);
#5697 = DIRECTION('',(0.,0.,1.));
#5698 = PLANE('',#5699);
#5699 = AXIS2_PLACEMENT_3D('',#5700,#5701,#5702);
#5700 = CARTESIAN_POINT('',(-42.16666666666,57.5,0.));
#5701 = DIRECTION('',(-1.,-0.,-0.));
#5702 = DIRECTION('',(0.,1.,0.));
#5703 = ADVANCED_FACE('',(#5704),#5971,.F.);
#5704 = FACE_BOUND('',#5705,.F.);
#5705 = EDGE_LOOP('',(#5706,#5707,#5708,#5965));
#5706 = ORIENTED_EDGE('',*,*,#1214,.F.);
#5707 = ORIENTED_EDGE('',*,*,#5668,.T.);
#5708 = ORIENTED_EDGE('',*,*,#5709,.T.);
#5709 = EDGE_CURVE('',#5669,#5710,#5712,.T.);
#5710 = VERTEX_POINT('',#5711);
#5711 = CARTESIAN_POINT('',(-39.16666666666,57.5,5.400657923215));
#5712 = B_SPLINE_CURVE_WITH_KNOTS('',6,(#5713,#5714,#5715,#5716,#5717,
    #5718,#5719,#5720,#5721,#5722,#5723,#5724,#5725,#5726,#5727,#5728,
    #5729,#5730,#5731,#5732,#5733,#5734,#5735,#5736,#5737,#5738,#5739,
    #5740,#5741,#5742,#5743,#5744,#5745,#5746,#5747,#5748,#5749,#5750,
    #5751,#5752,#5753,#5754,#5755,#5756,#5757,#5758,#5759,#5760,#5761,
    #5762,#5763,#5764,#5765,#5766,#5767,#5768,#5769,#5770,#5771,#5772,
    #5773,#5774,#5775,#5776,#5777,#5778,#5779,#5780,#5781,#5782,#5783,
    #5784,#5785,#5786,#5787,#5788,#5789,#5790,#5791,#5792,#5793,#5794,
    #5795,#5796,#5797,#5798,#5799,#5800,#5801,#5802,#5803,#5804,#5805,
    #5806,#5807,#5808,#5809,#5810,#5811,#5812,#5813,#5814,#5815,#5816,
    #5817,#5818,#5819,#5820,#5821,#5822,#5823,#5824,#5825,#5826,#5827,
    #5828,#5829,#5830,#5831,#5832,#5833,#5834,#5835,#5836,#5837,#5838,
    #5839,#5840,#5841,#5842,#5843,#5844,#5845,#5846,#5847,#5848,#5849,
    #5850,#5851,#5852,#5853,#5854,#5855,#5856,#5857,#5858,#5859,#5860,
    #5861,#5862,#5863,#5864,#5865,#5866,#5867,#5868,#5869,#5870,#5871,
    #5872,#5873,#5874,#5875,#5876,#5877,#5878,#5879,#5880,#5881,#5882,
    #5883,#5884,#5885,#5886,#5887,#5888,#5889,#5890,#5891,#5892,#5893,
    #5894,#5895,#5896,#5897,#5898,#5899,#5900,#5901,#5902,#5903,#5904,
    #5905,#5906,#5907,#5908,#5909,#5910,#5911,#5912,#5913,#5914,#5915,
    #5916,#5917,#5918,#5919,#5920,#5921,#5922,#5923,#5924,#5925,#5926,
    #5927,#5928,#5929,#5930,#5931,#5932,#5933,#5934,#5935,#5936,#5937,
    #5938,#5939,#5940,#5941,#5942,#5943,#5944,#5945,#5946,#5947,#5948,
    #5949,#5950,#5951,#5952,#5953,#5954,#5955,#5956,#5957,#5958,#5959,
    #5960,#5961,#5962,#5963,#5964),.UNSPECIFIED.,.F.,.F.,(7,5,5,5,5,5,5,
    5,5,5,5,5,5,5,5,5,5,5,5,5,5,5,5,5,5,5,5,5,5,5,5,5,5,5,5,5,5,5,5,5,5,
    5,5,5,5,5,5,5,5,5,7),(0.,5.753599772383E-02,0.172058487091,
    0.281938806653,0.322083597192,0.377005889272,0.422426001687,
    0.448500382409,0.499775875229,0.577062270862,0.623104509545,
    0.679053158988,0.718257390638,0.827816916959,0.995079904422,
    0.995219552456,0.995359188078,0.995498811287,0.995638422082,
    0.995758766251,0.995883914398,0.996023490941,0.996158242717,
    0.996297794851,0.996437334565,0.996576861857,0.996711566077,
    0.996851068952,0.996990559404,0.997120418655,0.997259885113,
    0.997394530591,0.997533972623,0.997673402227,0.9978128194,
    0.997952224144,0.998077197139,0.998216578306,0.998351141429,
    0.998490498158,0.998625037685,0.998759565619,0.998898885902,
    0.999033390236,0.999172686073,0.999307166804,0.999446438195,
    0.999585697146,0.999724943657,0.999864177728,1.),.UNSPECIFIED.);
#5713 = CARTESIAN_POINT('',(-42.16666666666,57.5,5.400657923215));
#5714 = CARTESIAN_POINT('',(-42.16666666666,57.545963963091,
    5.439972610864));
#5715 = CARTESIAN_POINT('',(-42.16497652734,57.59158178307,
    5.479568973513));
#5716 = CARTESIAN_POINT('',(-42.16164393569,57.636795642042,
    5.519394507214));
#5717 = CARTESIAN_POINT('',(-42.15671599826,57.681551445373,
    5.559395420115));
#5718 = CARTESIAN_POINT('',(-42.15023924117,57.725798821692,
    5.599516632468));
#5719 = CARTESIAN_POINT('',(-42.12637655858,57.856458435482,
    5.719688270739));
#5720 = CARTESIAN_POINT('',(-42.10454407779,57.941200167192,
    5.799904249961));
#5721 = CARTESIAN_POINT('',(-42.07710955517,58.023468267182,
    5.880013305753));
#5722 = CARTESIAN_POINT('',(-42.04435500539,58.103055011815,
    5.959672018214));
#5723 = CARTESIAN_POINT('',(-42.00650537171,58.179766858529,
    6.038506722413));
#5724 = CARTESIAN_POINT('',(-41.92270190637,58.324045089984,
    6.190528977277));
#5725 = CARTESIAN_POINT('',(-41.87713552906,58.391861805126,
    6.263821675715));
#5726 = CARTESIAN_POINT('',(-41.82715377301,58.456732059132,
    6.33565910735));
#5727 = CARTESIAN_POINT('',(-41.77281240595,58.518497483619,
    6.40566236408));
#5728 = CARTESIAN_POINT('',(-41.71413023943,58.576938267915,
    6.473346772355));
#5729 = CARTESIAN_POINT('',(-41.62808893604,58.651780524836,
    6.561738176366));
#5730 = CARTESIAN_POINT('',(-41.60448513108,58.671324821817,
    6.584999052194));
#5731 = CARTESIAN_POINT('',(-41.58030040756,58.690372323871,
    6.607838417712));
#5732 = CARTESIAN_POINT('',(-41.55553449434,58.708906823363,
    6.630223127715));
#5733 = CARTESIAN_POINT('',(-41.53018750921,58.726910171259,
    6.652116874699));
#5734 = CARTESIAN_POINT('',(-41.46878834558,58.768238591896,
    6.702707447606));
#5735 = CARTESIAN_POINT('',(-41.43222236977,58.791088284045,
    6.730948377231));
#5736 = CARTESIAN_POINT('',(-41.39457297092,58.812852572806,
    6.758092478921));
#5737 = CARTESIAN_POINT('',(-41.35585281364,58.833469025196,
    6.784022242404));
#5738 = CARTESIAN_POINT('',(-41.31607628775,58.852871556003,
    6.808613145955));
#5739 = CARTESIAN_POINT('',(-41.24150449481,58.885974529191,
    6.850854056218));
#5740 = CARTESIAN_POINT('',(-41.20703434534,58.900082100813,
    6.868971039338));
#5741 = CARTESIAN_POINT('',(-41.17188120389,58.913263257206,
    6.885996556137));
#5742 = CARTESIAN_POINT('',(-41.13607809248,58.925470572358,
    6.901846051032));
#5743 = CARTESIAN_POINT('',(-41.09965891113,58.936659079698,
    6.916438462472));
#5744 = CARTESIAN_POINT('',(-41.04141752998,58.952600002089,
    6.937307122078));
#5745 = CARTESIAN_POINT('',(-41.01998936746,58.958062788395,
    6.944476745087));
#5746 = CARTESIAN_POINT('',(-40.99838383164,58.963165738894,
    6.951189387341));
#5747 = CARTESIAN_POINT('',(-40.97661229063,58.967900447141,
    6.957430250689));
#5748 = CARTESIAN_POINT('',(-40.95468759931,58.972258992361,
    6.963185443455));
#5749 = CARTESIAN_POINT('',(-40.88923603803,58.984050706901,
    6.97877900542));
#5750 = CARTESIAN_POINT('',(-40.84529158469,58.99038775641,
    6.987192698199));
#5751 = CARTESIAN_POINT('',(-40.80092635853,58.995182440146,
    6.993576481632));
#5752 = CARTESIAN_POINT('',(-40.75627653836,58.998393517248,
    6.997858080782));
#5753 = CARTESIAN_POINT('',(-40.71147820218,59.,7.));
#5754 = CARTESIAN_POINT('',(-40.5991232483,59.,7.));
#5755 = CARTESIAN_POINT('',(-40.5316720403,58.99635005889,6.995133965301
    ));
#5756 = CARTESIAN_POINT('',(-40.46472957717,58.98907005705,
    6.985425719232));
#5757 = CARTESIAN_POINT('',(-40.39871666651,58.978259776521,
    6.971059931444));
#5758 = CARTESIAN_POINT('',(-40.33405390817,58.964110764741,
    6.952377166869));
#5759 = CARTESIAN_POINT('',(-40.23368742855,58.936675978506,
    6.916459984909));
#5760 = CARTESIAN_POINT('',(-40.19681330878,58.92534535506,
    6.901682105057));
#5761 = CARTESIAN_POINT('',(-40.16057089778,58.912970419238,
    6.885615773812));
#5762 = CARTESIAN_POINT('',(-40.12499531493,58.899597836741,
    6.868345121727));
#5763 = CARTESIAN_POINT('',(-40.09012075539,58.885276847666,
    6.849957931232));
#5764 = CARTESIAN_POINT('',(-40.01449463299,58.851567482926,
    6.80695660847));
#5765 = CARTESIAN_POINT('',(-39.97408696408,58.831749482796,
    6.781850273102));
#5766 = CARTESIAN_POINT('',(-39.93477403741,58.810678547072,
    6.755364929047));
#5767 = CARTESIAN_POINT('',(-39.8965705636,58.788423951743,
    6.727631222354));
#5768 = CARTESIAN_POINT('',(-39.85948940985,58.765050967834,
    6.698772146606));
#5769 = CARTESIAN_POINT('',(-39.79835231859,58.723502243519,
    6.647973221178));
#5770 = CARTESIAN_POINT('',(-39.77371541912,58.705861811286,
    6.626543994839));
#5771 = CARTESIAN_POINT('',(-39.74963138516,58.687718064796,
    6.604651734903));
#5772 = CARTESIAN_POINT('',(-39.72610032178,58.669087721138,
    6.582329920775));
#5773 = CARTESIAN_POINT('',(-39.70312195548,58.649985714403,
    6.559609140267));
#5774 = CARTESIAN_POINT('',(-39.61802339092,58.575761679161,
    6.471984409687));
#5775 = CARTESIAN_POINT('',(-39.55965122185,58.517507175853,
    6.404540316052));
#5776 = CARTESIAN_POINT('',(-39.50558447425,58.455957730039,
    6.334801986852));
#5777 = CARTESIAN_POINT('',(-39.45584210573,58.391330000614,
    6.263247371538));
#5778 = CARTESIAN_POINT('',(-39.41047952561,58.323780361797,
    6.190250594485));
#5779 = CARTESIAN_POINT('',(-39.30721869949,58.146011941999,
    6.002939190374));
#5780 = CARTESIAN_POINT('',(-39.25523164645,58.031937787298,
    5.886985293716));
#5781 = CARTESIAN_POINT('',(-39.21427958702,57.911887416749,
    5.769652312126));
#5782 = CARTESIAN_POINT('',(-39.18517570426,57.786549176037,
    5.652123164717));
#5783 = CARTESIAN_POINT('',(-39.16894222731,57.656728098665,
    5.535494000224));
#5784 = CARTESIAN_POINT('',(-39.16684971652,57.523433489369,
    5.420764185532));
#5785 = CARTESIAN_POINT('',(-39.1668479808,57.523322292272,
    5.420668478976));
#5786 = CARTESIAN_POINT('',(-39.16684625494,57.523211093045,
    5.420572773994));
#5787 = CARTESIAN_POINT('',(-39.16684453894,57.523099891689,
    5.420477070587));
#5788 = CARTESIAN_POINT('',(-39.16684283281,57.522988688203,
    5.420381368756));
#5789 = CARTESIAN_POINT('',(-39.16683944043,57.522766286861,
    5.420189976753));
#5790 = CARTESIAN_POINT('',(-39.16683775418,57.522655089004,
    5.420094286581));
#5791 = CARTESIAN_POINT('',(-39.16683607779,57.52254388902,
    5.419998597985));
#5792 = CARTESIAN_POINT('',(-39.16683441126,57.522432686911,
    5.419902910968));
#5793 = CARTESIAN_POINT('',(-39.1668327546,57.522321482677,5.41980722553
    ));
#5794 = CARTESIAN_POINT('',(-39.16682946115,57.522099079847,
    5.419615866318));
#5795 = CARTESIAN_POINT('',(-39.16682782436,57.521987881252,
    5.419520192545));
#5796 = CARTESIAN_POINT('',(-39.16682619744,57.521876680534,
    5.419424520352));
#5797 = CARTESIAN_POINT('',(-39.16682458038,57.521765477694,
    5.41932884974));
#5798 = CARTESIAN_POINT('',(-39.16682297319,57.521654272733,
    5.419233180709));
#5799 = CARTESIAN_POINT('',(-39.16681977868,57.521431868461,
    5.419041854321));
#5800 = CARTESIAN_POINT('',(-39.16681819136,57.521320669148,
    5.418946196962));
#5801 = CARTESIAN_POINT('',(-39.16681661391,57.521209467718,
    5.418850541186));
#5802 = CARTESIAN_POINT('',(-39.16681504632,57.52109826417,
    5.418754886994));
#5803 = CARTESIAN_POINT('',(-39.1668134886,57.520987058505,
    5.418659234388));
#5804 = CARTESIAN_POINT('',(-39.1668106065,57.520779989885,
    5.418481132418));
#5805 = CARTESIAN_POINT('',(-39.16680927958,57.520684127474,
    5.418398682647));
#5806 = CARTESIAN_POINT('',(-39.16680796,57.520588263491,5.418316234054)
  );
#5807 = CARTESIAN_POINT('',(-39.16680664775,57.520492397937,
    5.418233786642));
#5808 = CARTESIAN_POINT('',(-39.16680534283,57.520396530813,
    5.418151340409));
#5809 = CARTESIAN_POINT('',(-39.16680269587,57.520200966475,
    5.417983159207));
#5810 = CARTESIAN_POINT('',(-39.16680135441,57.520101269134,
    5.417897424335));
#5811 = CARTESIAN_POINT('',(-39.16680002089,57.520001570095,
    5.41781169074));
#5812 = CARTESIAN_POINT('',(-39.1667986953,57.51990186936,5.417725958423
    ));
#5813 = CARTESIAN_POINT('',(-39.16679737765,57.51980216693,
    5.417640227384));
#5814 = CARTESIAN_POINT('',(-39.1667946072,57.519591263738,
    5.417458884035));
#5815 = CARTESIAN_POINT('',(-39.16679315634,57.519480062563,
    5.417363272037));
#5816 = CARTESIAN_POINT('',(-39.16679171536,57.519368859281,
    5.417267661631));
#5817 = CARTESIAN_POINT('',(-39.16679028424,57.519257653892,
    5.417172052817));
#5818 = CARTESIAN_POINT('',(-39.16678886299,57.519146446398,
    5.417076445597));
#5819 = CARTESIAN_POINT('',(-39.16678608901,57.518927871403,
    5.416888539162));
#5820 = CARTESIAN_POINT('',(-39.16678473562,57.518820504044,
    5.416796239838));
#5821 = CARTESIAN_POINT('',(-39.16678339142,57.518713134725,
    5.416703942002));
#5822 = CARTESIAN_POINT('',(-39.16678205643,57.518605763446,
    5.416611645653));
#5823 = CARTESIAN_POINT('',(-39.16678073064,57.518498390208,
    5.416519350792));
#5824 = CARTESIAN_POINT('',(-39.16677805055,57.518279814712,
    5.416331476216));
#5825 = CARTESIAN_POINT('',(-39.16677669693,57.518168612312,
    5.416235896609));
#5826 = CARTESIAN_POINT('',(-39.16677535317,57.518057407812,5.4161403186
    ));
#5827 = CARTESIAN_POINT('',(-39.16677401929,57.517946201214,
    5.416044742189));
#5828 = CARTESIAN_POINT('',(-39.16677269527,57.517834992519,
    5.415949167378));
#5829 = CARTESIAN_POINT('',(-39.1667700671,57.517612580833,
    5.415758029462));
#5830 = CARTESIAN_POINT('',(-39.16676876295,57.517501377842,
    5.415662466357));
#5831 = CARTESIAN_POINT('',(-39.16676746866,57.517390172756,
    5.415566904853));
#5832 = CARTESIAN_POINT('',(-39.16676618425,57.517278965576,
    5.415471344951));
#5833 = CARTESIAN_POINT('',(-39.16676490971,57.517167756302,
    5.415375786651));
#5834 = CARTESIAN_POINT('',(-39.16676238048,57.516945343468,
    5.415184681764));
#5835 = CARTESIAN_POINT('',(-39.1667611258,57.516834139909,
    5.415089135177));
#5836 = CARTESIAN_POINT('',(-39.16675988098,57.516722934258,
    5.414993590194));
#5837 = CARTESIAN_POINT('',(-39.16675864604,57.516611726517,
    5.414898046815));
#5838 = CARTESIAN_POINT('',(-39.16675742097,57.516500516687,
    5.414802505042));
#5839 = CARTESIAN_POINT('',(-39.16675503258,57.516281937138,
    5.414614727269));
#5840 = CARTESIAN_POINT('',(-39.16675386859,57.516174567561,
    5.414522491159));
#5841 = CARTESIAN_POINT('',(-39.16675271381,57.516067196038,
    5.414430256548));
#5842 = CARTESIAN_POINT('',(-39.16675156823,57.51595982257,
    5.414338023435));
#5843 = CARTESIAN_POINT('',(-39.16675043185,57.515852447159,
    5.414245791822));
#5844 = CARTESIAN_POINT('',(-39.16674813735,57.515633867275,
    5.414058046023));
#5845 = CARTESIAN_POINT('',(-39.1667469799,57.515522662662,
    5.413962531946));
#5846 = CARTESIAN_POINT('',(-39.16674583232,57.515411455966,
    5.413867019479));
#5847 = CARTESIAN_POINT('',(-39.16674469462,57.515300247187,
    5.413771508623));
#5848 = CARTESIAN_POINT('',(-39.16674356679,57.515189036327,
    5.413675999378));
#5849 = CARTESIAN_POINT('',(-39.16674133097,57.514966620351,
    5.41348499262));
#5850 = CARTESIAN_POINT('',(-39.16674022299,57.514855415234,
    5.413389495106));
#5851 = CARTESIAN_POINT('',(-39.16673912488,57.514744208039,
    5.413293999205));
#5852 = CARTESIAN_POINT('',(-39.16673803665,57.514632998765,
    5.413198504918));
#5853 = CARTESIAN_POINT('',(-39.16673695829,57.514521787414,
    5.413103012246));
#5854 = CARTESIAN_POINT('',(-39.1667348951,57.514307039355,
    5.412918623368));
#5855 = CARTESIAN_POINT('',(-39.16673390895,57.514203502924,
    5.412829726948));
#5856 = CARTESIAN_POINT('',(-39.16673293136,57.514099964694,
    5.412740831928));
#5857 = CARTESIAN_POINT('',(-39.16673196233,57.513996424666,
    5.41265193831));
#5858 = CARTESIAN_POINT('',(-39.16673100187,57.513892882841,
    5.412563046094));
#5859 = CARTESIAN_POINT('',(-39.16672902763,57.513678135265,
    5.412378688176));
#5860 = CARTESIAN_POINT('',(-39.16672801518,57.513566929239,
    5.412283222689));
#5861 = CARTESIAN_POINT('',(-39.1667270126,57.513455721142,
    5.412187758821));
#5862 = CARTESIAN_POINT('',(-39.1667260199,57.513344510974,
    5.412092296573));
#5863 = CARTESIAN_POINT('',(-39.16672503707,57.513233298737,
    5.411996835945));
#5864 = CARTESIAN_POINT('',(-39.16672312481,57.513014714503,
    5.411809217693));
#5865 = CARTESIAN_POINT('',(-39.16672219471,57.512907342648,
    5.411717059959));
#5866 = CARTESIAN_POINT('',(-39.16672127381,57.512799968865,
    5.411624903737));
#5867 = CARTESIAN_POINT('',(-39.16672036211,57.512692593156,
    5.411532749027));
#5868 = CARTESIAN_POINT('',(-39.16671945963,57.512585215521,
    5.411440595831));
#5869 = CARTESIAN_POINT('',(-39.16671764126,57.512366631158,
    5.411253009696));
#5870 = CARTESIAN_POINT('',(-39.16671672604,57.512255424291,
    5.411157576866));
#5871 = CARTESIAN_POINT('',(-39.1667158207,57.512144215359,
    5.411062145661));
#5872 = CARTESIAN_POINT('',(-39.16671492524,57.512033004366,
    5.410966716082));
#5873 = CARTESIAN_POINT('',(-39.16671403966,57.51192179131,5.41087128813
    ));
#5874 = CARTESIAN_POINT('',(-39.16671228833,57.511699370991,
    5.410680443985));
#5875 = CARTESIAN_POINT('',(-39.16671142258,57.511588163728,
    5.410585027793));
#5876 = CARTESIAN_POINT('',(-39.16671056671,57.511476954405,
    5.410489613229));
#5877 = CARTESIAN_POINT('',(-39.16670972072,57.511365743024,
    5.410394200294));
#5878 = CARTESIAN_POINT('',(-39.16670888461,57.511254529585,
    5.410298788988));
#5879 = CARTESIAN_POINT('',(-39.16670723223,57.511032108509,
    5.410107978144));
#5880 = CARTESIAN_POINT('',(-39.16670641595,57.510920900871,
    5.410012578604));
#5881 = CARTESIAN_POINT('',(-39.16670560955,57.510809691179,
    5.409917180696));
#5882 = CARTESIAN_POINT('',(-39.16670481304,57.510698479432,
    5.40982178442));
#5883 = CARTESIAN_POINT('',(-39.1667040264,57.510587265632,
    5.409726389776));
#5884 = CARTESIAN_POINT('',(-39.16670247296,57.510364843843,
    5.409535612262));
#5885 = CARTESIAN_POINT('',(-39.16670170616,57.510253635854,
    5.409440229391));
#5886 = CARTESIAN_POINT('',(-39.16670094923,57.510142425814,
    5.409344848153));
#5887 = CARTESIAN_POINT('',(-39.16670020219,57.510031213724,
    5.409249468551));
#5888 = CARTESIAN_POINT('',(-39.16669946503,57.509919999584,
    5.409154090585));
#5889 = CARTESIAN_POINT('',(-39.16669808576,57.509709080763,
    5.408973211674));
#5890 = CARTESIAN_POINT('',(-39.16669744171,57.509609376483,
    5.408887710407));
#5891 = CARTESIAN_POINT('',(-39.16669680561,57.509509670558,
    5.408802210457));
#5892 = CARTESIAN_POINT('',(-39.16669617745,57.509409962988,
    5.408716711823));
#5893 = CARTESIAN_POINT('',(-39.16669555723,57.509310253774,
    5.408631214506));
#5894 = CARTESIAN_POINT('',(-39.1666942621,57.509099336365,5.40845036565
    ));
#5895 = CARTESIAN_POINT('',(-39.16669358912,57.50898812777,
    5.408355014433));
#5896 = CARTESIAN_POINT('',(-39.16669292602,57.508876917131,
    5.408259664855));
#5897 = CARTESIAN_POINT('',(-39.16669227281,57.50876570445,
    5.408164316918));
#5898 = CARTESIAN_POINT('',(-39.16669162948,57.508654489727,
    5.408068970623));
#5899 = CARTESIAN_POINT('',(-39.16669038448,57.508435900674,
    5.407881577134));
#5900 = CARTESIAN_POINT('',(-39.16668978214,57.508328526483,
    5.407789529829));
#5901 = CARTESIAN_POINT('',(-39.16668918902,57.50822115039,
    5.407697484055));
#5902 = CARTESIAN_POINT('',(-39.16668860511,57.508113772397,
    5.407605439814));
#5903 = CARTESIAN_POINT('',(-39.16668803041,57.508006392505,
    5.407513397107));
#5904 = CARTESIAN_POINT('',(-39.1666868793,57.50778780361,5.407326035932
    ));
#5905 = CARTESIAN_POINT('',(-39.16668630356,57.50767659447,
    5.407230717576));
#5906 = CARTESIAN_POINT('',(-39.1666857377,57.507565383294,
    5.407135400867));
#5907 = CARTESIAN_POINT('',(-39.16668518173,57.507454170084,
    5.407040085804));
#5908 = CARTESIAN_POINT('',(-39.16668463564,57.50734295484,
    5.406944772389));
#5909 = CARTESIAN_POINT('',(-39.16668358177,57.507124364782,
    5.406757443539));
#5910 = CARTESIAN_POINT('',(-39.16668307332,57.507016990106,
    5.406665427991));
#5911 = CARTESIAN_POINT('',(-39.16668257408,57.506909613536,
    5.406573413981));
#5912 = CARTESIAN_POINT('',(-39.16668208406,57.506802235074,
    5.406481401509));
#5913 = CARTESIAN_POINT('',(-39.16668160325,57.506694854719,
    5.406389390575));
#5914 = CARTESIAN_POINT('',(-39.16668066011,57.50648009948,
    5.406205379715));
#5915 = CARTESIAN_POINT('',(-39.16668019778,57.506372724596,
    5.406113379789));
#5916 = CARTESIAN_POINT('',(-39.16667974466,57.506265347822,
    5.406021381402));
#5917 = CARTESIAN_POINT('',(-39.16667930076,57.506157969158,
    5.405929384556));
#5918 = CARTESIAN_POINT('',(-39.16667886608,57.506050588607,
    5.405837389252));
#5919 = CARTESIAN_POINT('',(-39.16667799998,57.505831998397,
    5.405650124594));
#5920 = CARTESIAN_POINT('',(-39.16667756925,57.505720788602,
    5.405554855352));
#5921 = CARTESIAN_POINT('',(-39.16667714839,57.505609576783,
    5.405459587765));
#5922 = CARTESIAN_POINT('',(-39.16667673743,57.505498362942,
    5.405364321834));
#5923 = CARTESIAN_POINT('',(-39.16667633635,57.50538714708,5.40526905756
    ));
#5924 = CARTESIAN_POINT('',(-39.1666755675,57.505168555833,
    5.405081825313));
#5925 = CARTESIAN_POINT('',(-39.16667519905,57.505061180587,
    5.404989857228));
#5926 = CARTESIAN_POINT('',(-39.16667483982,57.504953803457,
    5.404897890689));
#5927 = CARTESIAN_POINT('',(-39.16667448981,57.504846424447,
    5.404805925696));
#5928 = CARTESIAN_POINT('',(-39.16667414902,57.504739043555,
    5.40471396225));
#5929 = CARTESIAN_POINT('',(-39.16667347405,57.504520452672,
    5.404526762458));
#5930 = CARTESIAN_POINT('',(-39.16667314055,57.504409242543,
    5.404431526224));
#5931 = CARTESIAN_POINT('',(-39.16667281694,57.5042980304,5.404336291651
    ));
#5932 = CARTESIAN_POINT('',(-39.16667250322,57.504186816242,
    5.40424105874));
#5933 = CARTESIAN_POINT('',(-39.16667219939,57.50407560007,
    5.404145827492));
#5934 = CARTESIAN_POINT('',(-39.16667162166,57.503857008235,
    5.403958660169));
#5935 = CARTESIAN_POINT('',(-39.1666713471,57.503749632708,
    5.403866723982));
#5936 = CARTESIAN_POINT('',(-39.16667108176,57.503642255306,
    5.403774789347));
#5937 = CARTESIAN_POINT('',(-39.16667082563,57.50353487603,
    5.403682856263));
#5938 = CARTESIAN_POINT('',(-39.16667057873,57.503427494881,
    5.403590924732));
#5939 = CARTESIAN_POINT('',(-39.1666700949,57.503208903491,
    5.403403789921));
#5940 = CARTESIAN_POINT('',(-39.16666985864,57.503097693114,
    5.403308586753));
#5941 = CARTESIAN_POINT('',(-39.16666963227,57.50298648073,
    5.403213385252));
#5942 = CARTESIAN_POINT('',(-39.16666941579,57.50287526634,
    5.403118185419));
#5943 = CARTESIAN_POINT('',(-39.1666692092,57.502764049945,
    5.403022987255));
#5944 = CARTESIAN_POINT('',(-39.16666881582,57.502541623078,
    5.402832602768));
#5945 = CARTESIAN_POINT('',(-39.16666862904,57.502430412608,
    5.402737416446));
#5946 = CARTESIAN_POINT('',(-39.16666845214,57.502319200135,
    5.402642231793));
#5947 = CARTESIAN_POINT('',(-39.16666828513,57.502207985659,
    5.402547048812));
#5948 = CARTESIAN_POINT('',(-39.16666812802,57.502096769182,
    5.402451867502));
#5949 = CARTESIAN_POINT('',(-39.16666783359,57.501874342163,
    5.402261516731));
#5950 = CARTESIAN_POINT('',(-39.16666769628,57.501763131621,
    5.402166347269));
#5951 = CARTESIAN_POINT('',(-39.16666756885,57.50165191908,5.40207117948
    ));
#5952 = CARTESIAN_POINT('',(-39.16666745132,57.501540704541,
    5.401976013365));
#5953 = CARTESIAN_POINT('',(-39.16666734368,57.501429488005,
    5.401880848925));
#5954 = CARTESIAN_POINT('',(-39.16666714821,57.501207060877,
    5.401690531899));
#5955 = CARTESIAN_POINT('',(-39.16666706036,57.501095850285,
    5.401595379313));
#5956 = CARTESIAN_POINT('',(-39.16666698241,57.500984637698,
    5.401500228402));
#5957 = CARTESIAN_POINT('',(-39.16666691435,57.500873423118,
    5.401405079169));
#5958 = CARTESIAN_POINT('',(-39.16666685619,57.500762206545,
    5.401309931614));
#5959 = CARTESIAN_POINT('',(-39.16666676084,57.500542494719,
    5.401121971321));
#5960 = CARTESIAN_POINT('',(-39.16666672317,57.500433999563,
    5.401029158501));
#5961 = CARTESIAN_POINT('',(-39.16666669492,57.500325502512,
    5.40093634728));
#5962 = CARTESIAN_POINT('',(-39.16666667608,57.500217003567,
    5.400843537658));
#5963 = CARTESIAN_POINT('',(-39.16666666666,57.50010850273,
    5.400750729636));
#5964 = CARTESIAN_POINT('',(-39.16666666666,57.5,5.400657923215));
#5965 = ORIENTED_EDGE('',*,*,#5966,.F.);
#5966 = EDGE_CURVE('',#1215,#5710,#5967,.T.);
#5967 = LINE('',#5968,#5969);
#5968 = CARTESIAN_POINT('',(-39.16666666666,57.5,0.));
#5969 = VECTOR('',#5970,1.);
#5970 = DIRECTION('',(0.,0.,1.));
#5971 = CYLINDRICAL_SURFACE('',#5972,1.5);
#5972 = AXIS2_PLACEMENT_3D('',#5973,#5974,#5975);
#5973 = CARTESIAN_POINT('',(-40.66666666666,57.5,0.));
#5974 = DIRECTION('',(0.,0.,-1.));
#5975 = DIRECTION('',(-1.,0.,0.));
#5976 = ADVANCED_FACE('',(#5977),#5996,.F.);
#5977 = FACE_BOUND('',#5978,.F.);
#5978 = EDGE_LOOP('',(#5979,#5980,#5988,#5995));
#5979 = ORIENTED_EDGE('',*,*,#1231,.F.);
#5980 = ORIENTED_EDGE('',*,*,#5981,.T.);
#5981 = EDGE_CURVE('',#1224,#5982,#5984,.T.);
#5982 = VERTEX_POINT('',#5983);
#5983 = CARTESIAN_POINT('',(-39.16666666666,31.5,3.));
#5984 = LINE('',#5985,#5986);
#5985 = CARTESIAN_POINT('',(-39.16666666666,31.5,0.));
#5986 = VECTOR('',#5987,1.);
#5987 = DIRECTION('',(0.,0.,1.));
#5988 = ORIENTED_EDGE('',*,*,#5989,.F.);
#5989 = EDGE_CURVE('',#5686,#5982,#5990,.T.);
#5990 = CIRCLE('',#5991,1.5);
#5991 = AXIS2_PLACEMENT_3D('',#5992,#5993,#5994);
#5992 = CARTESIAN_POINT('',(-40.66666666666,31.5,3.));
#5993 = DIRECTION('',(0.,0.,1.));
#5994 = DIRECTION('',(-1.,0.,0.));
#5995 = ORIENTED_EDGE('',*,*,#5693,.F.);
#5996 = CYLINDRICAL_SURFACE('',#5997,1.5);
#5997 = AXIS2_PLACEMENT_3D('',#5998,#5999,#6000);
#5998 = CARTESIAN_POINT('',(-40.66666666666,31.5,0.));
#5999 = DIRECTION('',(0.,0.,-1.));
#6000 = DIRECTION('',(-1.,0.,0.));
#6001 = ADVANCED_FACE('',(#6002),#6022,.T.);
#6002 = FACE_BOUND('',#6003,.F.);
#6003 = EDGE_LOOP('',(#6004,#6005,#6006,#6015,#6021));
#6004 = ORIENTED_EDGE('',*,*,#1223,.F.);
#6005 = ORIENTED_EDGE('',*,*,#5966,.T.);
#6006 = ORIENTED_EDGE('',*,*,#6007,.F.);
#6007 = EDGE_CURVE('',#6008,#5710,#6010,.T.);
#6008 = VERTEX_POINT('',#6009);
#6009 = CARTESIAN_POINT('',(-39.16666666666,51.,3.));
#6010 = CIRCLE('',#6011,10.);
#6011 = AXIS2_PLACEMENT_3D('',#6012,#6013,#6014);
#6012 = CARTESIAN_POINT('',(-39.16666666666,51.,13.));
#6013 = DIRECTION('',(1.,0.,0.));
#6014 = DIRECTION('',(0.,1.,0.));
#6015 = ORIENTED_EDGE('',*,*,#6016,.F.);
#6016 = EDGE_CURVE('',#5982,#6008,#6017,.T.);
#6017 = LINE('',#6018,#6019);
#6018 = CARTESIAN_POINT('',(-39.16666666666,46.41539213977,3.));
#6019 = VECTOR('',#6020,1.);
#6020 = DIRECTION('',(0.,1.,0.));
#6021 = ORIENTED_EDGE('',*,*,#5981,.F.);
#6022 = PLANE('',#6023);
#6023 = AXIS2_PLACEMENT_3D('',#6024,#6025,#6026);
#6024 = CARTESIAN_POINT('',(-39.16666666666,57.5,0.));
#6025 = DIRECTION('',(-1.,-0.,-0.));
#6026 = DIRECTION('',(0.,1.,0.));
#6027 = ADVANCED_FACE('',(#6028),#6062,.F.);
#6028 = FACE_BOUND('',#6029,.T.);
#6029 = EDGE_LOOP('',(#6030,#6031,#6039,#6048,#6056));
#6030 = ORIENTED_EDGE('',*,*,#1240,.F.);
#6031 = ORIENTED_EDGE('',*,*,#6032,.T.);
#6032 = EDGE_CURVE('',#1241,#6033,#6035,.T.);
#6033 = VERTEX_POINT('',#6034);
#6034 = CARTESIAN_POINT('',(-48.5,57.5,5.400657923215));
#6035 = LINE('',#6036,#6037);
#6036 = CARTESIAN_POINT('',(-48.5,57.5,0.));
#6037 = VECTOR('',#6038,1.);
#6038 = DIRECTION('',(0.,0.,1.));
#6039 = ORIENTED_EDGE('',*,*,#6040,.F.);
#6040 = EDGE_CURVE('',#6041,#6033,#6043,.T.);
#6041 = VERTEX_POINT('',#6042);
#6042 = CARTESIAN_POINT('',(-48.5,51.,3.));
#6043 = CIRCLE('',#6044,10.);
#6044 = AXIS2_PLACEMENT_3D('',#6045,#6046,#6047);
#6045 = CARTESIAN_POINT('',(-48.5,51.,13.));
#6046 = DIRECTION('',(1.,0.,0.));
#6047 = DIRECTION('',(0.,1.,0.));
#6048 = ORIENTED_EDGE('',*,*,#6049,.F.);
#6049 = EDGE_CURVE('',#6050,#6041,#6052,.T.);
#6050 = VERTEX_POINT('',#6051);
#6051 = CARTESIAN_POINT('',(-48.5,47.5,3.));
#6052 = LINE('',#6053,#6054);
#6053 = CARTESIAN_POINT('',(-48.5,46.41539213977,3.));
#6054 = VECTOR('',#6055,1.);
#6055 = DIRECTION('',(0.,1.,0.));
#6056 = ORIENTED_EDGE('',*,*,#6057,.F.);
#6057 = EDGE_CURVE('',#1243,#6050,#6058,.T.);
#6058 = LINE('',#6059,#6060);
#6059 = CARTESIAN_POINT('',(-48.5,47.5,0.));
#6060 = VECTOR('',#6061,1.);
#6061 = DIRECTION('',(0.,0.,1.));
#6062 = PLANE('',#6063);
#6063 = AXIS2_PLACEMENT_3D('',#6064,#6065,#6066);
#6064 = CARTESIAN_POINT('',(-48.5,57.5,0.));
#6065 = DIRECTION('',(-1.,-0.,-0.));
#6066 = DIRECTION('',(0.,1.,0.));
#6067 = ADVANCED_FACE('',(#6068),#6335,.F.);
#6068 = FACE_BOUND('',#6069,.F.);
#6069 = EDGE_LOOP('',(#6070,#6071,#6072,#6329));
#6070 = ORIENTED_EDGE('',*,*,#1250,.F.);
#6071 = ORIENTED_EDGE('',*,*,#6032,.T.);
#6072 = ORIENTED_EDGE('',*,*,#6073,.T.);
#6073 = EDGE_CURVE('',#6033,#6074,#6076,.T.);
#6074 = VERTEX_POINT('',#6075);
#6075 = CARTESIAN_POINT('',(-45.5,57.5,5.400657923215));
#6076 = B_SPLINE_CURVE_WITH_KNOTS('',6,(#6077,#6078,#6079,#6080,#6081,
    #6082,#6083,#6084,#6085,#6086,#6087,#6088,#6089,#6090,#6091,#6092,
    #6093,#6094,#6095,#6096,#6097,#6098,#6099,#6100,#6101,#6102,#6103,
    #6104,#6105,#6106,#6107,#6108,#6109,#6110,#6111,#6112,#6113,#6114,
    #6115,#6116,#6117,#6118,#6119,#6120,#6121,#6122,#6123,#6124,#6125,
    #6126,#6127,#6128,#6129,#6130,#6131,#6132,#6133,#6134,#6135,#6136,
    #6137,#6138,#6139,#6140,#6141,#6142,#6143,#6144,#6145,#6146,#6147,
    #6148,#6149,#6150,#6151,#6152,#6153,#6154,#6155,#6156,#6157,#6158,
    #6159,#6160,#6161,#6162,#6163,#6164,#6165,#6166,#6167,#6168,#6169,
    #6170,#6171,#6172,#6173,#6174,#6175,#6176,#6177,#6178,#6179,#6180,
    #6181,#6182,#6183,#6184,#6185,#6186,#6187,#6188,#6189,#6190,#6191,
    #6192,#6193,#6194,#6195,#6196,#6197,#6198,#6199,#6200,#6201,#6202,
    #6203,#6204,#6205,#6206,#6207,#6208,#6209,#6210,#6211,#6212,#6213,
    #6214,#6215,#6216,#6217,#6218,#6219,#6220,#6221,#6222,#6223,#6224,
    #6225,#6226,#6227,#6228,#6229,#6230,#6231,#6232,#6233,#6234,#6235,
    #6236,#6237,#6238,#6239,#6240,#6241,#6242,#6243,#6244,#6245,#6246,
    #6247,#6248,#6249,#6250,#6251,#6252,#6253,#6254,#6255,#6256,#6257,
    #6258,#6259,#6260,#6261,#6262,#6263,#6264,#6265,#6266,#6267,#6268,
    #6269,#6270,#6271,#6272,#6273,#6274,#6275,#6276,#6277,#6278,#6279,
    #6280,#6281,#6282,#6283,#6284,#6285,#6286,#6287,#6288,#6289,#6290,
    #6291,#6292,#6293,#6294,#6295,#6296,#6297,#6298,#6299,#6300,#6301,
    #6302,#6303,#6304,#6305,#6306,#6307,#6308,#6309,#6310,#6311,#6312,
    #6313,#6314,#6315,#6316,#6317,#6318,#6319,#6320,#6321,#6322,#6323,
    #6324,#6325,#6326,#6327,#6328),.UNSPECIFIED.,.F.,.F.,(7,5,5,5,5,5,5,
    5,5,5,5,5,5,5,5,5,5,5,5,5,5,5,5,5,5,5,5,5,5,5,5,5,5,5,5,5,5,5,5,5,5,
    5,5,5,5,5,5,5,5,5,7),(0.,5.753600060733E-02,0.172058493534,
    0.281938812244,0.322083602472,0.377005894125,0.422426006188,
    0.448500386708,0.499775879131,0.577062274167,0.623104512493,
    0.679053161503,0.71825739285,0.827816918323,0.995079904461,
    0.995219552494,0.995359188115,0.995498811323,0.995638422117,
    0.995758766285,0.995883914431,0.996023490973,0.996158242747,
    0.99629779488,0.996437334593,0.996576861884,0.996711566103,
    0.996851068977,0.996990559428,0.997120418678,0.997259885135,
    0.997394530612,0.997533972643,0.997673402245,0.997812819418,
    0.997952224161,0.998077197154,0.99821657832,0.998351141442,
    0.99849049817,0.998625037696,0.998759565629,0.99889888591,
    0.999033390243,0.99917268608,0.99930716681,0.999446438199,
    0.999585697149,0.999724943659,0.999864177729,1.),.UNSPECIFIED.);
#6077 = CARTESIAN_POINT('',(-48.5,57.5,5.400657923215));
#6078 = CARTESIAN_POINT('',(-48.5,57.545963960415,5.439972608575));
#6079 = CARTESIAN_POINT('',(-48.49830986043,57.591581783713,
    5.47956897415));
#6080 = CARTESIAN_POINT('',(-48.4949772688,57.636795644654,
    5.519394509529));
#6081 = CARTESIAN_POINT('',(-48.49004933172,57.681551446128,
    5.559395420718));
#6082 = CARTESIAN_POINT('',(-48.48357257496,57.725798819157,
    5.599516630136));
#6083 = CARTESIAN_POINT('',(-48.45970989129,57.856458438873,
    5.719688273858));
#6084 = CARTESIAN_POINT('',(-48.43787741284,57.941200162106,
    5.799904245014));
#6085 = CARTESIAN_POINT('',(-48.41044288802,58.023468266935,
    5.880013305704));
#6086 = CARTESIAN_POINT('',(-48.37768833678,58.103055016784,
    5.959672023137));
#6087 = CARTESIAN_POINT('',(-48.33983870671,58.17976685567,6.0385067194)
  );
#6088 = CARTESIAN_POINT('',(-48.25603523971,58.324045089983,
    6.190528977277));
#6089 = CARTESIAN_POINT('',(-48.21046886239,58.391861805126,
    6.263821675715));
#6090 = CARTESIAN_POINT('',(-48.16048710635,58.456732059132,
    6.33565910735));
#6091 = CARTESIAN_POINT('',(-48.10614573928,58.518497483619,
    6.40566236408));
#6092 = CARTESIAN_POINT('',(-48.04746357277,58.576938267915,
    6.473346772355));
#6093 = CARTESIAN_POINT('',(-47.96142226937,58.651780524836,
    6.561738176366));
#6094 = CARTESIAN_POINT('',(-47.93781846441,58.671324821817,
    6.584999052194));
#6095 = CARTESIAN_POINT('',(-47.9136337409,58.690372323871,
    6.607838417712));
#6096 = CARTESIAN_POINT('',(-47.88886782768,58.708906823363,
    6.630223127715));
#6097 = CARTESIAN_POINT('',(-47.86352084255,58.726910171259,
    6.652116874699));
#6098 = CARTESIAN_POINT('',(-47.80212167891,58.768238591896,
    6.702707447606));
#6099 = CARTESIAN_POINT('',(-47.76555570311,58.791088284045,
    6.730948377231));
#6100 = CARTESIAN_POINT('',(-47.72790630426,58.812852572806,
    6.758092478921));
#6101 = CARTESIAN_POINT('',(-47.68918614697,58.833469025196,
    6.784022242404));
#6102 = CARTESIAN_POINT('',(-47.64940962108,58.852871556003,
    6.808613145955));
#6103 = CARTESIAN_POINT('',(-47.57483782814,58.885974529191,
    6.850854056218));
#6104 = CARTESIAN_POINT('',(-47.54036767867,58.900082100813,
    6.868971039338));
#6105 = CARTESIAN_POINT('',(-47.50521453723,58.913263257206,
    6.885996556137));
#6106 = CARTESIAN_POINT('',(-47.46941142581,58.925470572358,
    6.901846051031));
#6107 = CARTESIAN_POINT('',(-47.43299224446,58.936659079698,
    6.916438462472));
#6108 = CARTESIAN_POINT('',(-47.37475086331,58.952600002089,
    6.937307122078));
#6109 = CARTESIAN_POINT('',(-47.35332270079,58.958062788395,
    6.944476745087));
#6110 = CARTESIAN_POINT('',(-47.33171716497,58.963165738894,
    6.951189387341));
#6111 = CARTESIAN_POINT('',(-47.30994562396,58.967900447141,
    6.957430250689));
#6112 = CARTESIAN_POINT('',(-47.28802093265,58.972258992361,
    6.963185443455));
#6113 = CARTESIAN_POINT('',(-47.22256937136,58.984050706901,
    6.97877900542));
#6114 = CARTESIAN_POINT('',(-47.17862491802,58.99038775641,
    6.987192698199));
#6115 = CARTESIAN_POINT('',(-47.13425969186,58.995182440146,
    6.993576481632));
#6116 = CARTESIAN_POINT('',(-47.0896098717,58.998393517248,
    6.997858080782));
#6117 = CARTESIAN_POINT('',(-47.04481153551,59.,7.));
#6118 = CARTESIAN_POINT('',(-46.93245658164,59.,7.));
#6119 = CARTESIAN_POINT('',(-46.86500537363,58.99635005889,
    6.995133965301));
#6120 = CARTESIAN_POINT('',(-46.7980629105,58.98907005705,6.985425719232
    ));
#6121 = CARTESIAN_POINT('',(-46.73204999984,58.978259776521,
    6.971059931444));
#6122 = CARTESIAN_POINT('',(-46.66738724151,58.964110764741,
    6.952377166869));
#6123 = CARTESIAN_POINT('',(-46.56702076188,58.936675978506,
    6.916459984909));
#6124 = CARTESIAN_POINT('',(-46.53014664211,58.92534535506,
    6.901682105057));
#6125 = CARTESIAN_POINT('',(-46.49390423112,58.912970419238,
    6.885615773812));
#6126 = CARTESIAN_POINT('',(-46.45832864827,58.899597836741,
    6.868345121727));
#6127 = CARTESIAN_POINT('',(-46.42345408872,58.885276847666,
    6.849957931232));
#6128 = CARTESIAN_POINT('',(-46.34782796633,58.851567482926,
    6.80695660847));
#6129 = CARTESIAN_POINT('',(-46.30742029741,58.831749482796,
    6.781850273102));
#6130 = CARTESIAN_POINT('',(-46.26810737074,58.810678547072,
    6.755364929047));
#6131 = CARTESIAN_POINT('',(-46.22990389694,58.788423951743,
    6.727631222354));
#6132 = CARTESIAN_POINT('',(-46.19282274318,58.765050967834,
    6.698772146606));
#6133 = CARTESIAN_POINT('',(-46.13168565192,58.723502243519,
    6.647973221178));
#6134 = CARTESIAN_POINT('',(-46.10704875245,58.705861811286,
    6.626543994839));
#6135 = CARTESIAN_POINT('',(-46.08296471849,58.687718064796,
    6.604651734903));
#6136 = CARTESIAN_POINT('',(-46.05943365511,58.669087721138,
    6.582329920775));
#6137 = CARTESIAN_POINT('',(-46.03645528881,58.649985714403,
    6.559609140267));
#6138 = CARTESIAN_POINT('',(-45.95135672425,58.575761679161,
    6.471984409687));
#6139 = CARTESIAN_POINT('',(-45.89298455518,58.517507175853,
    6.404540316052));
#6140 = CARTESIAN_POINT('',(-45.83891780758,58.455957730039,
    6.334801986852));
#6141 = CARTESIAN_POINT('',(-45.78917543906,58.391330000613,
    6.263247371538));
#6142 = CARTESIAN_POINT('',(-45.74381285895,58.323780361797,
    6.190250594485));
#6143 = CARTESIAN_POINT('',(-45.64055203284,58.146011942018,
    6.002939190394));
#6144 = CARTESIAN_POINT('',(-45.58856497976,58.031937787269,
    5.886985293683));
#6145 = CARTESIAN_POINT('',(-45.54761292037,57.911887416743,
    5.769652312126));
#6146 = CARTESIAN_POINT('',(-45.51850903759,57.786549176077,
    5.652123164749));
#6147 = CARTESIAN_POINT('',(-45.50227556064,57.656728098641,
    5.535494000204));
#6148 = CARTESIAN_POINT('',(-45.50018304985,57.523433489369,
    5.420764185532));
#6149 = CARTESIAN_POINT('',(-45.50018131413,57.523322292272,
    5.420668478976));
#6150 = CARTESIAN_POINT('',(-45.50017958827,57.523211093045,
    5.420572773994));
#6151 = CARTESIAN_POINT('',(-45.50017787228,57.523099891689,
    5.420477070587));
#6152 = CARTESIAN_POINT('',(-45.50017616615,57.522988688203,
    5.420381368756));
#6153 = CARTESIAN_POINT('',(-45.50017277376,57.522766286861,
    5.420189976753));
#6154 = CARTESIAN_POINT('',(-45.50017108751,57.522655089004,
    5.420094286581));
#6155 = CARTESIAN_POINT('',(-45.50016941112,57.52254388902,
    5.419998597985));
#6156 = CARTESIAN_POINT('',(-45.50016774459,57.522432686911,
    5.419902910968));
#6157 = CARTESIAN_POINT('',(-45.50016608793,57.522321482677,
    5.41980722553));
#6158 = CARTESIAN_POINT('',(-45.50016279448,57.522099079847,
    5.419615866318));
#6159 = CARTESIAN_POINT('',(-45.5001611577,57.521987881252,
    5.419520192545));
#6160 = CARTESIAN_POINT('',(-45.50015953077,57.521876680534,
    5.419424520352));
#6161 = CARTESIAN_POINT('',(-45.50015791372,57.521765477694,
    5.41932884974));
#6162 = CARTESIAN_POINT('',(-45.50015630653,57.521654272733,
    5.419233180709));
#6163 = CARTESIAN_POINT('',(-45.50015311202,57.521431868461,
    5.419041854321));
#6164 = CARTESIAN_POINT('',(-45.5001515247,57.521320669148,
    5.418946196962));
#6165 = CARTESIAN_POINT('',(-45.50014994724,57.521209467718,
    5.418850541186));
#6166 = CARTESIAN_POINT('',(-45.50014837965,57.52109826417,
    5.418754886994));
#6167 = CARTESIAN_POINT('',(-45.50014682193,57.520987058505,
    5.418659234388));
#6168 = CARTESIAN_POINT('',(-45.50014393983,57.520779989885,
    5.418481132418));
#6169 = CARTESIAN_POINT('',(-45.50014261292,57.520684127474,
    5.418398682647));
#6170 = CARTESIAN_POINT('',(-45.50014129333,57.520588263491,
    5.418316234054));
#6171 = CARTESIAN_POINT('',(-45.50013998108,57.520492397937,
    5.418233786642));
#6172 = CARTESIAN_POINT('',(-45.50013867616,57.520396530813,
    5.418151340409));
#6173 = CARTESIAN_POINT('',(-45.5001360292,57.520200966475,
    5.417983159207));
#6174 = CARTESIAN_POINT('',(-45.50013468775,57.520101269134,
    5.417897424335));
#6175 = CARTESIAN_POINT('',(-45.50013335423,57.520001570095,
    5.41781169074));
#6176 = CARTESIAN_POINT('',(-45.50013202864,57.51990186936,
    5.417725958423));
#6177 = CARTESIAN_POINT('',(-45.50013071098,57.51980216693,
    5.417640227384));
#6178 = CARTESIAN_POINT('',(-45.50012794053,57.519591263738,
    5.417458884035));
#6179 = CARTESIAN_POINT('',(-45.50012648968,57.519480062563,
    5.417363272037));
#6180 = CARTESIAN_POINT('',(-45.50012504869,57.519368859281,
    5.417267661631));
#6181 = CARTESIAN_POINT('',(-45.50012361757,57.519257653892,
    5.417172052817));
#6182 = CARTESIAN_POINT('',(-45.50012219632,57.519146446398,
    5.417076445597));
#6183 = CARTESIAN_POINT('',(-45.50011942234,57.518927871403,
    5.416888539162));
#6184 = CARTESIAN_POINT('',(-45.50011806895,57.518820504044,
    5.416796239838));
#6185 = CARTESIAN_POINT('',(-45.50011672476,57.518713134725,
    5.416703942002));
#6186 = CARTESIAN_POINT('',(-45.50011538976,57.518605763446,
    5.416611645653));
#6187 = CARTESIAN_POINT('',(-45.50011406397,57.518498390208,
    5.416519350792));
#6188 = CARTESIAN_POINT('',(-45.50011138388,57.518279814712,
    5.416331476216));
#6189 = CARTESIAN_POINT('',(-45.50011003026,57.518168612312,
    5.416235896609));
#6190 = CARTESIAN_POINT('',(-45.5001086865,57.518057407812,5.4161403186)
  );
#6191 = CARTESIAN_POINT('',(-45.50010735262,57.517946201214,
    5.416044742189));
#6192 = CARTESIAN_POINT('',(-45.50010602861,57.517834992519,
    5.415949167378));
#6193 = CARTESIAN_POINT('',(-45.50010340044,57.517612580833,
    5.415758029462));
#6194 = CARTESIAN_POINT('',(-45.50010209628,57.517501377842,
    5.415662466357));
#6195 = CARTESIAN_POINT('',(-45.500100802,57.517390172756,5.415566904853
    ));
#6196 = CARTESIAN_POINT('',(-45.50009951758,57.517278965576,
    5.415471344951));
#6197 = CARTESIAN_POINT('',(-45.50009824304,57.517167756302,
    5.415375786651));
#6198 = CARTESIAN_POINT('',(-45.50009571382,57.516945343468,
    5.415184681764));
#6199 = CARTESIAN_POINT('',(-45.50009445913,57.516834139909,
    5.415089135177));
#6200 = CARTESIAN_POINT('',(-45.50009321431,57.516722934258,
    5.414993590194));
#6201 = CARTESIAN_POINT('',(-45.50009197937,57.516611726517,
    5.414898046815));
#6202 = CARTESIAN_POINT('',(-45.5000907543,57.516500516687,
    5.414802505042));
#6203 = CARTESIAN_POINT('',(-45.50008836591,57.516281937138,
    5.414614727269));
#6204 = CARTESIAN_POINT('',(-45.50008720193,57.516174567561,
    5.414522491159));
#6205 = CARTESIAN_POINT('',(-45.50008604714,57.516067196038,
    5.414430256548));
#6206 = CARTESIAN_POINT('',(-45.50008490156,57.51595982257,
    5.414338023435));
#6207 = CARTESIAN_POINT('',(-45.50008376518,57.515852447159,
    5.414245791822));
#6208 = CARTESIAN_POINT('',(-45.50008147069,57.515633867275,
    5.414058046023));
#6209 = CARTESIAN_POINT('',(-45.50008031323,57.515522662662,
    5.413962531946));
#6210 = CARTESIAN_POINT('',(-45.50007916566,57.515411455966,
    5.413867019479));
#6211 = CARTESIAN_POINT('',(-45.50007802795,57.515300247187,
    5.413771508623));
#6212 = CARTESIAN_POINT('',(-45.50007690012,57.515189036327,
    5.413675999378));
#6213 = CARTESIAN_POINT('',(-45.50007466431,57.514966620351,
    5.41348499262));
#6214 = CARTESIAN_POINT('',(-45.50007355632,57.514855415234,
    5.413389495106));
#6215 = CARTESIAN_POINT('',(-45.50007245821,57.514744208039,
    5.413293999205));
#6216 = CARTESIAN_POINT('',(-45.50007136998,57.514632998765,
    5.413198504918));
#6217 = CARTESIAN_POINT('',(-45.50007029162,57.514521787414,
    5.413103012246));
#6218 = CARTESIAN_POINT('',(-45.50006822843,57.514307039355,
    5.412918623368));
#6219 = CARTESIAN_POINT('',(-45.50006724228,57.514203502924,
    5.412829726948));
#6220 = CARTESIAN_POINT('',(-45.50006626469,57.514099964694,
    5.412740831928));
#6221 = CARTESIAN_POINT('',(-45.50006529567,57.513996424666,
    5.41265193831));
#6222 = CARTESIAN_POINT('',(-45.5000643352,57.513892882841,
    5.412563046094));
#6223 = CARTESIAN_POINT('',(-45.50006236096,57.513678135265,
    5.412378688176));
#6224 = CARTESIAN_POINT('',(-45.50006134851,57.513566929239,
    5.412283222689));
#6225 = CARTESIAN_POINT('',(-45.50006034593,57.513455721142,
    5.412187758821));
#6226 = CARTESIAN_POINT('',(-45.50005935323,57.513344510974,
    5.412092296573));
#6227 = CARTESIAN_POINT('',(-45.50005837041,57.513233298737,
    5.411996835945));
#6228 = CARTESIAN_POINT('',(-45.50005645815,57.513014714503,
    5.411809217693));
#6229 = CARTESIAN_POINT('',(-45.50005552804,57.512907342648,
    5.411717059959));
#6230 = CARTESIAN_POINT('',(-45.50005460714,57.512799968865,
    5.411624903737));
#6231 = CARTESIAN_POINT('',(-45.50005369545,57.512692593156,
    5.411532749027));
#6232 = CARTESIAN_POINT('',(-45.50005279296,57.512585215521,
    5.411440595831));
#6233 = CARTESIAN_POINT('',(-45.50005097459,57.512366631158,
    5.411253009696));
#6234 = CARTESIAN_POINT('',(-45.50005005938,57.512255424291,
    5.411157576866));
#6235 = CARTESIAN_POINT('',(-45.50004915404,57.512144215359,
    5.411062145661));
#6236 = CARTESIAN_POINT('',(-45.50004825857,57.512033004366,
    5.410966716082));
#6237 = CARTESIAN_POINT('',(-45.50004737299,57.51192179131,5.41087128813
    ));
#6238 = CARTESIAN_POINT('',(-45.50004562166,57.511699370991,
    5.410680443985));
#6239 = CARTESIAN_POINT('',(-45.50004475591,57.511588163728,
    5.410585027793));
#6240 = CARTESIAN_POINT('',(-45.50004390004,57.511476954405,
    5.410489613229));
#6241 = CARTESIAN_POINT('',(-45.50004305405,57.511365743024,
    5.410394200294));
#6242 = CARTESIAN_POINT('',(-45.50004221795,57.511254529585,
    5.410298788988));
#6243 = CARTESIAN_POINT('',(-45.50004056556,57.511032108509,
    5.410107978144));
#6244 = CARTESIAN_POINT('',(-45.50003974928,57.510920900871,
    5.410012578604));
#6245 = CARTESIAN_POINT('',(-45.50003894289,57.510809691179,
    5.409917180696));
#6246 = CARTESIAN_POINT('',(-45.50003814637,57.510698479432,
    5.40982178442));
#6247 = CARTESIAN_POINT('',(-45.50003735974,57.510587265632,
    5.409726389776));
#6248 = CARTESIAN_POINT('',(-45.5000358063,57.510364843843,
    5.409535612262));
#6249 = CARTESIAN_POINT('',(-45.50003503949,57.510253635854,
    5.409440229391));
#6250 = CARTESIAN_POINT('',(-45.50003428257,57.510142425814,
    5.409344848153));
#6251 = CARTESIAN_POINT('',(-45.50003353552,57.510031213724,
    5.409249468551));
#6252 = CARTESIAN_POINT('',(-45.50003279836,57.509919999584,
    5.409154090585));
#6253 = CARTESIAN_POINT('',(-45.50003141909,57.509709080763,
    5.408973211674));
#6254 = CARTESIAN_POINT('',(-45.50003077505,57.509609376483,
    5.408887710407));
#6255 = CARTESIAN_POINT('',(-45.50003013894,57.509509670558,
    5.408802210457));
#6256 = CARTESIAN_POINT('',(-45.50002951078,57.509409962988,
    5.408716711823));
#6257 = CARTESIAN_POINT('',(-45.50002889057,57.509310253774,
    5.408631214506));
#6258 = CARTESIAN_POINT('',(-45.50002759543,57.509099336365,
    5.40845036565));
#6259 = CARTESIAN_POINT('',(-45.50002692245,57.50898812777,
    5.408355014433));
#6260 = CARTESIAN_POINT('',(-45.50002625936,57.508876917131,
    5.408259664855));
#6261 = CARTESIAN_POINT('',(-45.50002560614,57.50876570445,
    5.408164316918));
#6262 = CARTESIAN_POINT('',(-45.50002496281,57.508654489727,
    5.408068970623));
#6263 = CARTESIAN_POINT('',(-45.50002371781,57.508435900674,
    5.407881577134));
#6264 = CARTESIAN_POINT('',(-45.50002311548,57.508328526483,
    5.407789529829));
#6265 = CARTESIAN_POINT('',(-45.50002252235,57.50822115039,
    5.407697484055));
#6266 = CARTESIAN_POINT('',(-45.50002193844,57.508113772397,
    5.407605439814));
#6267 = CARTESIAN_POINT('',(-45.50002136374,57.508006392505,
    5.407513397107));
#6268 = CARTESIAN_POINT('',(-45.50002021264,57.50778780361,
    5.407326035932));
#6269 = CARTESIAN_POINT('',(-45.5000196369,57.50767659447,5.407230717576
    ));
#6270 = CARTESIAN_POINT('',(-45.50001907104,57.507565383294,
    5.407135400867));
#6271 = CARTESIAN_POINT('',(-45.50001851506,57.507454170084,
    5.407040085804));
#6272 = CARTESIAN_POINT('',(-45.50001796898,57.50734295484,
    5.406944772389));
#6273 = CARTESIAN_POINT('',(-45.50001691511,57.507124364782,
    5.406757443539));
#6274 = CARTESIAN_POINT('',(-45.50001640665,57.507016990106,
    5.406665427991));
#6275 = CARTESIAN_POINT('',(-45.50001590741,57.506909613536,
    5.406573413981));
#6276 = CARTESIAN_POINT('',(-45.50001541739,57.506802235074,
    5.406481401509));
#6277 = CARTESIAN_POINT('',(-45.50001493659,57.506694854719,
    5.406389390575));
#6278 = CARTESIAN_POINT('',(-45.50001399345,57.50648009948,
    5.406205379715));
#6279 = CARTESIAN_POINT('',(-45.50001353111,57.506372724596,
    5.406113379789));
#6280 = CARTESIAN_POINT('',(-45.500013078,57.506265347822,5.406021381402
    ));
#6281 = CARTESIAN_POINT('',(-45.50001263409,57.506157969158,
    5.405929384556));
#6282 = CARTESIAN_POINT('',(-45.50001219941,57.506050588607,
    5.405837389252));
#6283 = CARTESIAN_POINT('',(-45.50001133332,57.505831998397,
    5.405650124594));
#6284 = CARTESIAN_POINT('',(-45.50001090258,57.505720788602,
    5.405554855352));
#6285 = CARTESIAN_POINT('',(-45.50001048173,57.505609576783,
    5.405459587765));
#6286 = CARTESIAN_POINT('',(-45.50001007076,57.505498362942,
    5.405364321834));
#6287 = CARTESIAN_POINT('',(-45.50000966969,57.50538714708,5.40526905756
    ));
#6288 = CARTESIAN_POINT('',(-45.50000890084,57.505168555833,
    5.405081825313));
#6289 = CARTESIAN_POINT('',(-45.50000853239,57.505061180587,
    5.404989857228));
#6290 = CARTESIAN_POINT('',(-45.50000817316,57.504953803457,
    5.404897890689));
#6291 = CARTESIAN_POINT('',(-45.50000782314,57.504846424447,
    5.404805925696));
#6292 = CARTESIAN_POINT('',(-45.50000748235,57.504739043555,
    5.40471396225));
#6293 = CARTESIAN_POINT('',(-45.50000680739,57.504520452672,
    5.404526762458));
#6294 = CARTESIAN_POINT('',(-45.50000647389,57.504409242543,
    5.404431526224));
#6295 = CARTESIAN_POINT('',(-45.50000615028,57.5042980304,5.404336291651
    ));
#6296 = CARTESIAN_POINT('',(-45.50000583655,57.504186816242,
    5.40424105874));
#6297 = CARTESIAN_POINT('',(-45.50000553272,57.50407560007,
    5.404145827492));
#6298 = CARTESIAN_POINT('',(-45.500004955,57.503857008235,5.403958660169
    ));
#6299 = CARTESIAN_POINT('',(-45.50000468044,57.503749632708,
    5.403866723982));
#6300 = CARTESIAN_POINT('',(-45.50000441509,57.503642255306,
    5.403774789347));
#6301 = CARTESIAN_POINT('',(-45.50000415897,57.50353487603,
    5.403682856263));
#6302 = CARTESIAN_POINT('',(-45.50000391206,57.503427494881,
    5.403590924732));
#6303 = CARTESIAN_POINT('',(-45.50000342823,57.503208903491,
    5.403403789921));
#6304 = CARTESIAN_POINT('',(-45.50000319197,57.503097693114,
    5.403308586753));
#6305 = CARTESIAN_POINT('',(-45.5000029656,57.50298648073,5.403213385252
    ));
#6306 = CARTESIAN_POINT('',(-45.50000274912,57.50287526634,
    5.403118185419));
#6307 = CARTESIAN_POINT('',(-45.50000254253,57.502764049945,
    5.403022987255));
#6308 = CARTESIAN_POINT('',(-45.50000214916,57.502541623078,
    5.402832602768));
#6309 = CARTESIAN_POINT('',(-45.50000196237,57.502430412608,
    5.402737416446));
#6310 = CARTESIAN_POINT('',(-45.50000178547,57.502319200135,
    5.402642231793));
#6311 = CARTESIAN_POINT('',(-45.50000161847,57.502207985659,
    5.402547048812));
#6312 = CARTESIAN_POINT('',(-45.50000146135,57.502096769182,
    5.402451867502));
#6313 = CARTESIAN_POINT('',(-45.50000116693,57.501874342163,
    5.402261516731));
#6314 = CARTESIAN_POINT('',(-45.50000102961,57.501763131621,
    5.402166347269));
#6315 = CARTESIAN_POINT('',(-45.50000090219,57.50165191908,5.40207117948
    ));
#6316 = CARTESIAN_POINT('',(-45.50000078466,57.501540704541,
    5.401976013365));
#6317 = CARTESIAN_POINT('',(-45.50000067702,57.501429488005,
    5.401880848925));
#6318 = CARTESIAN_POINT('',(-45.50000048154,57.501207060877,
    5.401690531899));
#6319 = CARTESIAN_POINT('',(-45.5000003937,57.501095850285,
    5.401595379313));
#6320 = CARTESIAN_POINT('',(-45.50000031574,57.500984637698,
    5.401500228402));
#6321 = CARTESIAN_POINT('',(-45.50000024769,57.500873423118,
    5.401405079169));
#6322 = CARTESIAN_POINT('',(-45.50000018953,57.500762206545,
    5.401309931614));
#6323 = CARTESIAN_POINT('',(-45.50000009417,57.500542494719,
    5.401121971321));
#6324 = CARTESIAN_POINT('',(-45.5000000565,57.500433999563,
    5.401029158501));
#6325 = CARTESIAN_POINT('',(-45.50000002825,57.500325502512,
    5.40093634728));
#6326 = CARTESIAN_POINT('',(-45.50000000941,57.500217003567,
    5.400843537658));
#6327 = CARTESIAN_POINT('',(-45.5,57.50010850273,5.400750729636));
#6328 = CARTESIAN_POINT('',(-45.5,57.5,5.400657923215));
#6329 = ORIENTED_EDGE('',*,*,#6330,.F.);
#6330 = EDGE_CURVE('',#1251,#6074,#6331,.T.);
#6331 = LINE('',#6332,#6333);
#6332 = CARTESIAN_POINT('',(-45.5,57.5,0.));
#6333 = VECTOR('',#6334,1.);
#6334 = DIRECTION('',(0.,0.,1.));
#6335 = CYLINDRICAL_SURFACE('',#6336,1.5);
#6336 = AXIS2_PLACEMENT_3D('',#6337,#6338,#6339);
#6337 = CARTESIAN_POINT('',(-47.,57.5,0.));
#6338 = DIRECTION('',(0.,0.,-1.));
#6339 = DIRECTION('',(-1.,0.,0.));
#6340 = ADVANCED_FACE('',(#6341),#6360,.F.);
#6341 = FACE_BOUND('',#6342,.F.);
#6342 = EDGE_LOOP('',(#6343,#6344,#6352,#6359));
#6343 = ORIENTED_EDGE('',*,*,#1267,.F.);
#6344 = ORIENTED_EDGE('',*,*,#6345,.T.);
#6345 = EDGE_CURVE('',#1260,#6346,#6348,.T.);
#6346 = VERTEX_POINT('',#6347);
#6347 = CARTESIAN_POINT('',(-45.5,47.5,3.));
#6348 = LINE('',#6349,#6350);
#6349 = CARTESIAN_POINT('',(-45.5,47.5,0.));
#6350 = VECTOR('',#6351,1.);
#6351 = DIRECTION('',(0.,0.,1.));
#6352 = ORIENTED_EDGE('',*,*,#6353,.F.);
#6353 = EDGE_CURVE('',#6050,#6346,#6354,.T.);
#6354 = CIRCLE('',#6355,1.5);
#6355 = AXIS2_PLACEMENT_3D('',#6356,#6357,#6358);
#6356 = CARTESIAN_POINT('',(-47.,47.5,3.));
#6357 = DIRECTION('',(0.,0.,1.));
#6358 = DIRECTION('',(-1.,0.,0.));
#6359 = ORIENTED_EDGE('',*,*,#6057,.F.);
#6360 = CYLINDRICAL_SURFACE('',#6361,1.5);
#6361 = AXIS2_PLACEMENT_3D('',#6362,#6363,#6364);
#6362 = CARTESIAN_POINT('',(-47.,47.5,0.));
#6363 = DIRECTION('',(0.,0.,-1.));
#6364 = DIRECTION('',(-1.,0.,0.));
#6365 = ADVANCED_FACE('',(#6366),#6386,.T.);
#6366 = FACE_BOUND('',#6367,.F.);
#6367 = EDGE_LOOP('',(#6368,#6369,#6370,#6379,#6385));
#6368 = ORIENTED_EDGE('',*,*,#1259,.F.);
#6369 = ORIENTED_EDGE('',*,*,#6330,.T.);
#6370 = ORIENTED_EDGE('',*,*,#6371,.F.);
#6371 = EDGE_CURVE('',#6372,#6074,#6374,.T.);
#6372 = VERTEX_POINT('',#6373);
#6373 = CARTESIAN_POINT('',(-45.5,51.,3.));
#6374 = CIRCLE('',#6375,10.);
#6375 = AXIS2_PLACEMENT_3D('',#6376,#6377,#6378);
#6376 = CARTESIAN_POINT('',(-45.5,51.,13.));
#6377 = DIRECTION('',(1.,0.,0.));
#6378 = DIRECTION('',(0.,1.,0.));
#6379 = ORIENTED_EDGE('',*,*,#6380,.F.);
#6380 = EDGE_CURVE('',#6346,#6372,#6381,.T.);
#6381 = LINE('',#6382,#6383);
#6382 = CARTESIAN_POINT('',(-45.5,46.41539213977,3.));
#6383 = VECTOR('',#6384,1.);
#6384 = DIRECTION('',(0.,1.,0.));
#6385 = ORIENTED_EDGE('',*,*,#6345,.F.);
#6386 = PLANE('',#6387);
#6387 = AXIS2_PLACEMENT_3D('',#6388,#6389,#6390);
#6388 = CARTESIAN_POINT('',(-45.5,57.5,0.));
#6389 = DIRECTION('',(-1.,-0.,-0.));
#6390 = DIRECTION('',(0.,1.,0.));
#6391 = ADVANCED_FACE('',(#6392),#6426,.F.);
#6392 = FACE_BOUND('',#6393,.T.);
#6393 = EDGE_LOOP('',(#6394,#6395,#6403,#6412,#6420));
#6394 = ORIENTED_EDGE('',*,*,#1276,.F.);
#6395 = ORIENTED_EDGE('',*,*,#6396,.T.);
#6396 = EDGE_CURVE('',#1277,#6397,#6399,.T.);
#6397 = VERTEX_POINT('',#6398);
#6398 = CARTESIAN_POINT('',(-36.16666666666,57.5,5.400657923215));
#6399 = LINE('',#6400,#6401);
#6400 = CARTESIAN_POINT('',(-36.16666666666,57.5,0.));
#6401 = VECTOR('',#6402,1.);
#6402 = DIRECTION('',(0.,0.,1.));
#6403 = ORIENTED_EDGE('',*,*,#6404,.F.);
#6404 = EDGE_CURVE('',#6405,#6397,#6407,.T.);
#6405 = VERTEX_POINT('',#6406);
#6406 = CARTESIAN_POINT('',(-36.16666666666,51.,3.));
#6407 = CIRCLE('',#6408,10.);
#6408 = AXIS2_PLACEMENT_3D('',#6409,#6410,#6411);
#6409 = CARTESIAN_POINT('',(-36.16666666666,51.,13.));
#6410 = DIRECTION('',(1.,0.,0.));
#6411 = DIRECTION('',(0.,1.,0.));
#6412 = ORIENTED_EDGE('',*,*,#6413,.F.);
#6413 = EDGE_CURVE('',#6414,#6405,#6416,.T.);
#6414 = VERTEX_POINT('',#6415);
#6415 = CARTESIAN_POINT('',(-36.16666666666,47.5,3.));
#6416 = LINE('',#6417,#6418);
#6417 = CARTESIAN_POINT('',(-36.16666666666,46.41539213977,3.));
#6418 = VECTOR('',#6419,1.);
#6419 = DIRECTION('',(0.,1.,0.));
#6420 = ORIENTED_EDGE('',*,*,#6421,.F.);
#6421 = EDGE_CURVE('',#1279,#6414,#6422,.T.);
#6422 = LINE('',#6423,#6424);
#6423 = CARTESIAN_POINT('',(-36.16666666666,47.5,0.));
#6424 = VECTOR('',#6425,1.);
#6425 = DIRECTION('',(0.,0.,1.));
#6426 = PLANE('',#6427);
#6427 = AXIS2_PLACEMENT_3D('',#6428,#6429,#6430);
#6428 = CARTESIAN_POINT('',(-36.16666666666,57.5,0.));
#6429 = DIRECTION('',(-1.,-0.,-0.));
#6430 = DIRECTION('',(0.,1.,0.));
#6431 = ADVANCED_FACE('',(#6432),#6704,.F.);
#6432 = FACE_BOUND('',#6433,.F.);
#6433 = EDGE_LOOP('',(#6434,#6435,#6436,#6698));
#6434 = ORIENTED_EDGE('',*,*,#1286,.F.);
#6435 = ORIENTED_EDGE('',*,*,#6396,.T.);
#6436 = ORIENTED_EDGE('',*,*,#6437,.T.);
#6437 = EDGE_CURVE('',#6397,#6438,#6440,.T.);
#6438 = VERTEX_POINT('',#6439);
#6439 = CARTESIAN_POINT('',(-33.16666666666,57.5,5.400657923215));
#6440 = B_SPLINE_CURVE_WITH_KNOTS('',6,(#6441,#6442,#6443,#6444,#6445,
    #6446,#6447,#6448,#6449,#6450,#6451,#6452,#6453,#6454,#6455,#6456,
    #6457,#6458,#6459,#6460,#6461,#6462,#6463,#6464,#6465,#6466,#6467,
    #6468,#6469,#6470,#6471,#6472,#6473,#6474,#6475,#6476,#6477,#6478,
    #6479,#6480,#6481,#6482,#6483,#6484,#6485,#6486,#6487,#6488,#6489,
    #6490,#6491,#6492,#6493,#6494,#6495,#6496,#6497,#6498,#6499,#6500,
    #6501,#6502,#6503,#6504,#6505,#6506,#6507,#6508,#6509,#6510,#6511,
    #6512,#6513,#6514,#6515,#6516,#6517,#6518,#6519,#6520,#6521,#6522,
    #6523,#6524,#6525,#6526,#6527,#6528,#6529,#6530,#6531,#6532,#6533,
    #6534,#6535,#6536,#6537,#6538,#6539,#6540,#6541,#6542,#6543,#6544,
    #6545,#6546,#6547,#6548,#6549,#6550,#6551,#6552,#6553,#6554,#6555,
    #6556,#6557,#6558,#6559,#6560,#6561,#6562,#6563,#6564,#6565,#6566,
    #6567,#6568,#6569,#6570,#6571,#6572,#6573,#6574,#6575,#6576,#6577,
    #6578,#6579,#6580,#6581,#6582,#6583,#6584,#6585,#6586,#6587,#6588,
    #6589,#6590,#6591,#6592,#6593,#6594,#6595,#6596,#6597,#6598,#6599,
    #6600,#6601,#6602,#6603,#6604,#6605,#6606,#6607,#6608,#6609,#6610,
    #6611,#6612,#6613,#6614,#6615,#6616,#6617,#6618,#6619,#6620,#6621,
    #6622,#6623,#6624,#6625,#6626,#6627,#6628,#6629,#6630,#6631,#6632,
    #6633,#6634,#6635,#6636,#6637,#6638,#6639,#6640,#6641,#6642,#6643,
    #6644,#6645,#6646,#6647,#6648,#6649,#6650,#6651,#6652,#6653,#6654,
    #6655,#6656,#6657,#6658,#6659,#6660,#6661,#6662,#6663,#6664,#6665,
    #6666,#6667,#6668,#6669,#6670,#6671,#6672,#6673,#6674,#6675,#6676,
    #6677,#6678,#6679,#6680,#6681,#6682,#6683,#6684,#6685,#6686,#6687,
    #6688,#6689,#6690,#6691,#6692,#6693,#6694,#6695,#6696,#6697),
  .UNSPECIFIED.,.F.,.F.,(7,5,5,5,5,5,5,5,5,5,5,5,5,5,5,5,5,5,5,5,5,5,5,5
    ,5,5,5,5,5,5,5,5,5,5,5,5,5,5,5,5,5,5,5,5,5,5,5,5,5,5,5,7),(0.,
    5.753598141007E-02,0.172058442772,0.281938731197,0.322083510361,
    0.377005799069,0.422425918803,0.448500303733,0.499775804826,
    0.577062212925,0.623104459026,0.679053117473,0.718257355432,
    0.827816899384,0.995084720215,0.995224367817,0.995354373393,
    0.995493997026,0.995633608245,0.995773207049,0.995912793436,
    0.996052367406,0.996148618081,0.996288171068,0.996418088546,
    0.996557617548,0.996687512694,0.996822207396,0.996956890517,
    0.997096371539,0.997235840136,0.997365679038,0.997452232321,
    0.997591669206,0.997697440621,0.997817626728,0.997947417348,
    0.998077197193,0.998216578356,0.998346335848,0.998485693003,
    0.99862023294,0.998759565654,0.998898885932,0.999038193774,
    0.999172686096,0.999311969492,0.99945124045,0.999590498968,
    0.999724943665,0.999864177731,1.),.UNSPECIFIED.);
#6441 = CARTESIAN_POINT('',(-36.16666666666,57.5,5.400657923215));
#6442 = CARTESIAN_POINT('',(-36.16666666666,57.545963963092,
    5.439972610865));
#6443 = CARTESIAN_POINT('',(-36.16497652734,57.59158178307,
    5.479568973513));
#6444 = CARTESIAN_POINT('',(-36.16164393569,57.636795642042,
    5.519394507213));
#6445 = CARTESIAN_POINT('',(-36.15671599826,57.681551445373,
    5.559395420115));
#6446 = CARTESIAN_POINT('',(-36.15023924117,57.725798821693,
    5.599516632468));
#6447 = CARTESIAN_POINT('',(-36.12637655796,57.856458438873,
    5.719688273858));
#6448 = CARTESIAN_POINT('',(-36.10454407951,57.941200162106,
    5.799904245014));
#6449 = CARTESIAN_POINT('',(-36.07710955469,58.023468266935,
    5.880013305704));
#6450 = CARTESIAN_POINT('',(-36.04435500344,58.103055016784,
    5.959672023137));
#6451 = CARTESIAN_POINT('',(-36.00650537338,58.17976685567,6.0385067194)
  );
#6452 = CARTESIAN_POINT('',(-35.92270190637,58.324045089984,
    6.190528977277));
#6453 = CARTESIAN_POINT('',(-35.87713552906,58.391861805126,
    6.263821675715));
#6454 = CARTESIAN_POINT('',(-35.82715377301,58.456732059132,
    6.33565910735));
#6455 = CARTESIAN_POINT('',(-35.77281240595,58.518497483619,
    6.40566236408));
#6456 = CARTESIAN_POINT('',(-35.71413023943,58.576938267915,
    6.473346772355));
#6457 = CARTESIAN_POINT('',(-35.62808893604,58.651780524836,
    6.561738176366));
#6458 = CARTESIAN_POINT('',(-35.60448513108,58.671324821817,
    6.584999052194));
#6459 = CARTESIAN_POINT('',(-35.58030040756,58.690372323871,
    6.607838417712));
#6460 = CARTESIAN_POINT('',(-35.55553449434,58.708906823363,
    6.630223127715));
#6461 = CARTESIAN_POINT('',(-35.53018750921,58.726910171259,
    6.652116874699));
#6462 = CARTESIAN_POINT('',(-35.4687883377,58.768238597196,
    6.702707454094));
#6463 = CARTESIAN_POINT('',(-35.43222237251,58.791088283314,
    6.730948376222));
#6464 = CARTESIAN_POINT('',(-35.39457297939,58.812852568148,
    6.75809247311));
#6465 = CARTESIAN_POINT('',(-35.35585281541,58.833469023447,
    6.784022240316));
#6466 = CARTESIAN_POINT('',(-35.31607627867,58.852871560031,
    6.808613151095));
#6467 = CARTESIAN_POINT('',(-35.2415044948,58.885974529195,
    6.850854056222));
#6468 = CARTESIAN_POINT('',(-35.20703434534,58.900082100812,
    6.868971039337));
#6469 = CARTESIAN_POINT('',(-35.1718812039,58.913263257203,
    6.885996556133));
#6470 = CARTESIAN_POINT('',(-35.13607809248,58.925470572357,
    6.90184605103));
#6471 = CARTESIAN_POINT('',(-35.09965891112,58.9366590797,6.916438462475
    ));
#6472 = CARTESIAN_POINT('',(-35.04141752998,58.952600002089,
    6.937307122078));
#6473 = CARTESIAN_POINT('',(-35.01998936746,58.958062788395,
    6.944476745087));
#6474 = CARTESIAN_POINT('',(-34.99838383164,58.963165738893,
    6.951189387341));
#6475 = CARTESIAN_POINT('',(-34.97661229063,58.967900447141,
    6.957430250689));
#6476 = CARTESIAN_POINT('',(-34.95468759931,58.972258992361,
    6.963185443455));
#6477 = CARTESIAN_POINT('',(-34.88923603803,58.984050706901,
    6.97877900542));
#6478 = CARTESIAN_POINT('',(-34.84529158469,58.99038775641,
    6.987192698199));
#6479 = CARTESIAN_POINT('',(-34.80092635853,58.995182440146,
    6.993576481632));
#6480 = CARTESIAN_POINT('',(-34.75627653836,58.998393517248,
    6.997858080782));
#6481 = CARTESIAN_POINT('',(-34.71147820218,59.,7.));
#6482 = CARTESIAN_POINT('',(-34.5991232483,59.,7.));
#6483 = CARTESIAN_POINT('',(-34.5316720403,58.99635005889,6.995133965301
    ));
#6484 = CARTESIAN_POINT('',(-34.46472957717,58.98907005705,
    6.985425719232));
#6485 = CARTESIAN_POINT('',(-34.39871666651,58.978259776521,
    6.971059931444));
#6486 = CARTESIAN_POINT('',(-34.33405390817,58.964110764741,
    6.952377166869));
#6487 = CARTESIAN_POINT('',(-34.23368742855,58.936675978507,
    6.916459984911));
#6488 = CARTESIAN_POINT('',(-34.19681330877,58.925345355059,
    6.901682105056));
#6489 = CARTESIAN_POINT('',(-34.16057089778,58.912970419236,
    6.885615773809));
#6490 = CARTESIAN_POINT('',(-34.12499531493,58.899597836741,
    6.868345121726));
#6491 = CARTESIAN_POINT('',(-34.09012075539,58.885276847669,
    6.849957931236));
#6492 = CARTESIAN_POINT('',(-34.01449463299,58.851567482925,
    6.80695660847));
#6493 = CARTESIAN_POINT('',(-33.97408696408,58.831749482796,
    6.781850273102));
#6494 = CARTESIAN_POINT('',(-33.93477403741,58.810678547072,
    6.755364929047));
#6495 = CARTESIAN_POINT('',(-33.8965705636,58.788423951743,
    6.727631222354));
#6496 = CARTESIAN_POINT('',(-33.85948940985,58.765050967834,
    6.698772146606));
#6497 = CARTESIAN_POINT('',(-33.79835231859,58.723502243519,
    6.647973221178));
#6498 = CARTESIAN_POINT('',(-33.77371541912,58.705861811286,
    6.626543994839));
#6499 = CARTESIAN_POINT('',(-33.74963138516,58.687718064796,
    6.604651734903));
#6500 = CARTESIAN_POINT('',(-33.72610032178,58.669087721138,
    6.582329920775));
#6501 = CARTESIAN_POINT('',(-33.70312195548,58.649985714403,
    6.559609140267));
#6502 = CARTESIAN_POINT('',(-33.61802339092,58.575761679161,
    6.471984409687));
#6503 = CARTESIAN_POINT('',(-33.55965122185,58.517507175853,
    6.404540316052));
#6504 = CARTESIAN_POINT('',(-33.50558447425,58.455957730039,
    6.334801986852));
#6505 = CARTESIAN_POINT('',(-33.45584210573,58.391330000613,
    6.263247371538));
#6506 = CARTESIAN_POINT('',(-33.41047952561,58.323780361797,
    6.190250594485));
#6507 = CARTESIAN_POINT('',(-33.30721690658,58.146008855419,6.0029359381
    ));
#6508 = CARTESIAN_POINT('',(-33.25522865083,58.031931217748,5.8869786154
    ));
#6509 = CARTESIAN_POINT('',(-33.21427604293,57.911877032224,
    5.76964216201));
#6510 = CARTESIAN_POINT('',(-33.18517234661,57.786534713809,
    5.65210960376));
#6511 = CARTESIAN_POINT('',(-33.16893989012,57.656709384178,
    5.535477188467));
#6512 = CARTESIAN_POINT('',(-33.16684935723,57.523410482462,
    5.420744383593));
#6513 = CARTESIAN_POINT('',(-33.16684762321,57.523299285339,
    5.420648677602));
#6514 = CARTESIAN_POINT('',(-33.16684589906,57.523188086086,
    5.420552973185));
#6515 = CARTESIAN_POINT('',(-33.16684418477,57.523076884703,
    5.420457270343));
#6516 = CARTESIAN_POINT('',(-33.16684248035,57.522965681191,
    5.420361569077));
#6517 = CARTESIAN_POINT('',(-33.16683920823,57.522750948152,
    5.420176777323));
#6518 = CARTESIAN_POINT('',(-33.16683763922,57.522647418908,
    5.420087686624));
#6519 = CARTESIAN_POINT('',(-33.16683607876,57.522543887821,
    5.419998597293));
#6520 = CARTESIAN_POINT('',(-33.16683452685,57.522440354891,
    5.41990950933));
#6521 = CARTESIAN_POINT('',(-33.16683298349,57.522336820119,
    5.419820422735));
#6522 = CARTESIAN_POINT('',(-33.16682980032,57.522122087059,
    5.419635661592));
#6523 = CARTESIAN_POINT('',(-33.16682816183,57.522010888489,
    5.419539987252));
#6524 = CARTESIAN_POINT('',(-33.1668265332,57.521899687796,
    5.419444314494));
#6525 = CARTESIAN_POINT('',(-33.16682491444,57.521788484981,
    5.419348643315));
#6526 = CARTESIAN_POINT('',(-33.16682330554,57.521677280045,
    5.419252973719));
#6527 = CARTESIAN_POINT('',(-33.16682010762,57.521454875821,
    5.419061646198));
#6528 = CARTESIAN_POINT('',(-33.16681851859,57.521343676533,
    5.418965988273));
#6529 = CARTESIAN_POINT('',(-33.16681693944,57.521232475127,
    5.418870331931));
#6530 = CARTESIAN_POINT('',(-33.16681537014,57.521121271603,
    5.418774677173));
#6531 = CARTESIAN_POINT('',(-33.16681381071,57.521010065962,5.418679024)
  );
#6532 = CARTESIAN_POINT('',(-33.16681071173,57.520787660337,
    5.418487729331));
#6533 = CARTESIAN_POINT('',(-33.16680917217,57.520676460354,
    5.418392087835));
#6534 = CARTESIAN_POINT('',(-33.16680764248,57.520565258256,
    5.418296447925));
#6535 = CARTESIAN_POINT('',(-33.16680612266,57.520454054045,
    5.418200809603));
#6536 = CARTESIAN_POINT('',(-33.1668046127,57.520342847721,
    5.418105172868));
#6537 = CARTESIAN_POINT('',(-33.16680161266,57.52012044074,
    5.417913911082));
#6538 = CARTESIAN_POINT('',(-33.16680012257,57.520009240083,
    5.417818286031));
#6539 = CARTESIAN_POINT('',(-33.16679864234,57.519898037316,
    5.417722662569));
#6540 = CARTESIAN_POINT('',(-33.16679717199,57.519786832439,
    5.417627040697));
#6541 = CARTESIAN_POINT('',(-33.1667957115,57.519675625454,
    5.417531420416));
#6542 = CARTESIAN_POINT('',(-33.1667928104,57.51945321716,5.417340191544
    ));
#6543 = CARTESIAN_POINT('',(-33.16679136978,57.519342015852,
    5.417244582953));
#6544 = CARTESIAN_POINT('',(-33.16678993902,57.519230812438,
    5.417148975954));
#6545 = CARTESIAN_POINT('',(-33.16678851814,57.519119606918,
    5.417053370549));
#6546 = CARTESIAN_POINT('',(-33.16678710712,57.519008399293,
    5.416957766737));
#6547 = CARTESIAN_POINT('',(-33.16678473974,57.518820498965,
    5.416796236913));
#6548 = CARTESIAN_POINT('',(-33.1667837782,57.518743807365,
    5.416730310064));
#6549 = CARTESIAN_POINT('',(-33.16678282135,57.518667114765,
    5.416664383974));
#6550 = CARTESIAN_POINT('',(-33.1667818692,57.518590421165,
    5.416598458643));
#6551 = CARTESIAN_POINT('',(-33.16678092174,57.518513726566,
    5.416532534071));
#6552 = CARTESIAN_POINT('',(-33.16677861207,57.518325830709,
    5.416371027917));
#6553 = CARTESIAN_POINT('',(-33.16677725504,57.518214628351,
    5.416275447173));
#6554 = CARTESIAN_POINT('',(-33.16677590787,57.518103423893,
    5.416179868026));
#6555 = CARTESIAN_POINT('',(-33.16677457057,57.517992217336,
    5.416084290477));
#6556 = CARTESIAN_POINT('',(-33.16677324315,57.517881008681,
    5.415988714527));
#6557 = CARTESIAN_POINT('',(-33.16677069901,57.517666265782,
    5.41580416481));
#6558 = CARTESIAN_POINT('',(-33.16676948098,57.517562731817,
    5.415715190828));
#6559 = CARTESIAN_POINT('',(-33.16676827151,57.517459196036,
    5.415626218233));
#6560 = CARTESIAN_POINT('',(-33.1667670706,57.517355658439,
    5.415537247027));
#6561 = CARTESIAN_POINT('',(-33.16676587824,57.517252119026,
    5.41544827721));
#6562 = CARTESIAN_POINT('',(-33.16676342306,57.51703737641,
    5.415263758313));
#6563 = CARTESIAN_POINT('',(-33.16676216155,57.516926172928,
    5.415168209446));
#6564 = CARTESIAN_POINT('',(-33.16676090991,57.516814967354,
    5.415072662183));
#6565 = CARTESIAN_POINT('',(-33.16675966814,57.516703759689,
    5.414977116525));
#6566 = CARTESIAN_POINT('',(-33.16675843625,57.516592549934,
    5.414881572471));
#6567 = CARTESIAN_POINT('',(-33.16675607658,57.516377804929,
    5.414697084357));
#6568 = CARTESIAN_POINT('',(-33.1667549475,57.516274269957,
    5.414608140082));
#6569 = CARTESIAN_POINT('',(-33.16675382697,57.516170733175,5.4145191972
    ));
#6570 = CARTESIAN_POINT('',(-33.16675271499,57.516067194584,
    5.414430255711));
#6571 = CARTESIAN_POINT('',(-33.16675161158,57.515963654185,
    5.414341315616));
#6572 = CARTESIAN_POINT('',(-33.16674938141,57.515752743941,
    5.414160151977));
#6573 = CARTESIAN_POINT('',(-33.16674825531,57.51564537396,
    5.414067928538));
#6574 = CARTESIAN_POINT('',(-33.16674713841,57.515538002037,
    5.413975706599));
#6575 = CARTESIAN_POINT('',(-33.16674603071,57.515430628172,
    5.413883486161));
#6576 = CARTESIAN_POINT('',(-33.16674493221,57.515323252365,
    5.413791267226));
#6577 = CARTESIAN_POINT('',(-33.16674275373,57.515108506105,
    5.413606840289));
#6578 = CARTESIAN_POINT('',(-33.16674167375,57.515001135651,
    5.413514632287));
#6579 = CARTESIAN_POINT('',(-33.16674060296,57.514893763258,
    5.413422425789));
#6580 = CARTESIAN_POINT('',(-33.16673954138,57.514786388927,
    5.413330220795));
#6581 = CARTESIAN_POINT('',(-33.16673848901,57.514679012658,
    5.413238017305));
#6582 = CARTESIAN_POINT('',(-33.16673636551,57.514460431046,
    5.413050328767));
#6583 = CARTESIAN_POINT('',(-33.16673529506,57.514349225562,
    5.412954843828));
#6584 = CARTESIAN_POINT('',(-33.16673423448,57.514238018003,
    5.412859360505));
#6585 = CARTESIAN_POINT('',(-33.16673318378,57.514126808368,
    5.412763878798));
#6586 = CARTESIAN_POINT('',(-33.16673214295,57.514015596659,
    5.412668398708));
#6587 = CARTESIAN_POINT('',(-33.16673008114,57.513793179001,
    5.412477450269));
#6588 = CARTESIAN_POINT('',(-33.16672906016,57.513681973053,
    5.41238198192));
#6589 = CARTESIAN_POINT('',(-33.16672804905,57.513570765033,
    5.412286515189));
#6590 = CARTESIAN_POINT('',(-33.16672704782,57.513459554941,
    5.412191050078));
#6591 = CARTESIAN_POINT('',(-33.16672605647,57.513348342779,
    5.412095586587));
#6592 = CARTESIAN_POINT('',(-33.16672416128,57.513133593172,
    5.41191125407));
#6593 = CARTESIAN_POINT('',(-33.16672325613,57.513030056002,
    5.411822384828));
#6594 = CARTESIAN_POINT('',(-33.16672235954,57.512926517039,
    5.411733516991));
#6595 = CARTESIAN_POINT('',(-33.16672147152,57.512822976285,
    5.411644650561));
#6596 = CARTESIAN_POINT('',(-33.16672059206,57.512719433739,
    5.411555785537));
#6597 = CARTESIAN_POINT('',(-33.1667191406,57.512546864618,
    5.411407683607));
#6598 = CARTESIAN_POINT('',(-33.16671856384,57.512477839038,
    5.411348445917));
#6599 = CARTESIAN_POINT('',(-33.16671799089,57.512408812662,
    5.411289208854));
#6600 = CARTESIAN_POINT('',(-33.16671742175,57.512339785491,
    5.411229972416));
#6601 = CARTESIAN_POINT('',(-33.16671685641,57.512270757525,
    5.411170736605));
#6602 = CARTESIAN_POINT('',(-33.16671539025,57.512090523792,
    5.411016073847));
#6603 = CARTESIAN_POINT('',(-33.16671449551,57.511979316758,5.4109206479
    ));
#6604 = CARTESIAN_POINT('',(-33.16671361064,57.511868107662,
    5.410825223579));
#6605 = CARTESIAN_POINT('',(-33.16671273564,57.511756896505,
    5.410729800885));
#6606 = CARTESIAN_POINT('',(-33.16671187053,57.511645683289,
    5.410634379819));
#6607 = CARTESIAN_POINT('',(-33.16671036656,57.511450104417,
    5.410466578897));
#6608 = CARTESIAN_POINT('',(-33.1667097235,57.511365739636,
    5.410394198348));
#6609 = CARTESIAN_POINT('',(-33.16670908612,57.51128137367,
    5.410321818737));
#6610 = CARTESIAN_POINT('',(-33.16670845443,57.511197006521,
    5.410249440065));
#6611 = CARTESIAN_POINT('',(-33.16670782843,57.511112638188,
    5.41017706233));
#6612 = CARTESIAN_POINT('',(-33.16670650326,57.510932401149,
    5.410022445117));
#6613 = CARTESIAN_POINT('',(-33.16670580575,57.510836532097,
    5.409940205912));
#6614 = CARTESIAN_POINT('',(-33.16670511558,57.510740661519,
    5.409857967919));
#6615 = CARTESIAN_POINT('',(-33.16670443275,57.510644789414,
    5.409775731139));
#6616 = CARTESIAN_POINT('',(-33.16670375726,57.510548915783,
    5.409693495573));
#6617 = CARTESIAN_POINT('',(-33.16670236759,57.510349503736,
    5.40952245522));
#6618 = CARTESIAN_POINT('',(-33.16670165462,57.510245965067,
    5.409433650635));
#6619 = CARTESIAN_POINT('',(-33.16670095021,57.510142424619,
    5.409344847467));
#6620 = CARTESIAN_POINT('',(-33.16670025437,57.510038882394,
    5.409256045716));
#6621 = CARTESIAN_POINT('',(-33.1666995671,57.509935338392,
    5.409167245383));
#6622 = CARTESIAN_POINT('',(-33.16669820974,57.509728255434,
    5.408989654927));
#6623 = CARTESIAN_POINT('',(-33.16669753965,57.509624716479,
    5.408900864804));
#6624 = CARTESIAN_POINT('',(-33.16669687813,57.509521175748,
    5.408812076099));
#6625 = CARTESIAN_POINT('',(-33.16669622517,57.509417633243,
    5.408723288815));
#6626 = CARTESIAN_POINT('',(-33.16669558078,57.509314088966,
    5.40863450295));
#6627 = CARTESIAN_POINT('',(-33.1666942621,57.509099336365,5.40845036565
    ));
#6628 = CARTESIAN_POINT('',(-33.16669358912,57.50898812777,
    5.408355014433));
#6629 = CARTESIAN_POINT('',(-33.16669292602,57.508876917131,
    5.408259664855));
#6630 = CARTESIAN_POINT('',(-33.16669227281,57.50876570445,
    5.408164316918));
#6631 = CARTESIAN_POINT('',(-33.16669162948,57.508654489727,
    5.408068970623));
#6632 = CARTESIAN_POINT('',(-33.16669040632,57.508439735239,
    5.407884864456));
#6633 = CARTESIAN_POINT('',(-33.16668982518,57.508336195747,
    5.407796104365));
#6634 = CARTESIAN_POINT('',(-33.1666892526,57.508232654486,
    5.407707345699));
#6635 = CARTESIAN_POINT('',(-33.16668868859,57.508129111459,
    5.407618588457));
#6636 = CARTESIAN_POINT('',(-33.16668813315,57.508025566665,
    5.407529832641));
#6637 = CARTESIAN_POINT('',(-33.16668699894,57.507810813011,
    5.407345757674));
#6638 = CARTESIAN_POINT('',(-33.1666864215,57.507699603879,
    5.407250438741));
#6639 = CARTESIAN_POINT('',(-33.16668585393,57.507588392712,
    5.407155121455));
#6640 = CARTESIAN_POINT('',(-33.16668529625,57.507477179511,
    5.407059805815));
#6641 = CARTESIAN_POINT('',(-33.16668474846,57.507365964276,
    5.406964491823));
#6642 = CARTESIAN_POINT('',(-33.16668369124,57.507147374234,
    5.406777161837));
#6643 = CARTESIAN_POINT('',(-33.16668318114,57.507039999565,
    5.406685145732));
#6644 = CARTESIAN_POINT('',(-33.16668268025,57.506932623003,
    5.406593131164));
#6645 = CARTESIAN_POINT('',(-33.16668218858,57.506825244548,
    5.406501118134));
#6646 = CARTESIAN_POINT('',(-33.16668170613,57.506717864201,
    5.406409106642));
#6647 = CARTESIAN_POINT('',(-33.16668074279,57.506499274398,
    5.406221809026));
#6648 = CARTESIAN_POINT('',(-33.16668026258,57.506388064805,
    5.406126523014));
#6649 = CARTESIAN_POINT('',(-33.16667979226,57.506276853185,
    5.406031238653));
#6650 = CARTESIAN_POINT('',(-33.16667933182,57.506165639538,
    5.405935955944));
#6651 = CARTESIAN_POINT('',(-33.16667888127,57.506054423865,
    5.40584067489));
#6652 = CARTESIAN_POINT('',(-33.16667799998,57.505831998397,
    5.405650124594));
#6653 = CARTESIAN_POINT('',(-33.16667756925,57.505720788602,
    5.405554855352));
#6654 = CARTESIAN_POINT('',(-33.16667714839,57.505609576783,
    5.405459587765));
#6655 = CARTESIAN_POINT('',(-33.16667673743,57.505498362942,
    5.405364321834));
#6656 = CARTESIAN_POINT('',(-33.16667633635,57.50538714708,5.40526905756
    ));
#6657 = CARTESIAN_POINT('',(-33.16667555401,57.505164721241,
    5.40507854083));
#6658 = CARTESIAN_POINT('',(-33.16667517275,57.505053511266,
    5.404983288375));
#6659 = CARTESIAN_POINT('',(-33.16667480137,57.504942299271,
    5.404888037577));
#6660 = CARTESIAN_POINT('',(-33.16667443988,57.504831085258,
    5.404792788438));
#6661 = CARTESIAN_POINT('',(-33.16667408828,57.504719869228,
    5.404697540959));
#6662 = CARTESIAN_POINT('',(-33.16667341667,57.504501277661,
    5.40451034173));
#6663 = CARTESIAN_POINT('',(-33.16667309599,57.504393902262,
    5.404418389867));
#6664 = CARTESIAN_POINT('',(-33.16667278452,57.504286524984,
    5.404326439552));
#6665 = CARTESIAN_POINT('',(-33.16667248228,57.504179145828,
    5.404234490787));
#6666 = CARTESIAN_POINT('',(-33.16667218925,57.504071764795,
    5.404142543571));
#6667 = CARTESIAN_POINT('',(-33.16667161153,57.503853173633,
    5.403955376825));
#6668 = CARTESIAN_POINT('',(-33.1666713275,57.503741963368,
    5.403860157407));
#6669 = CARTESIAN_POINT('',(-33.16667105337,57.503630751091,
    5.403764939653));
#6670 = CARTESIAN_POINT('',(-33.16667078912,57.503519536804,
    5.403669723564));
#6671 = CARTESIAN_POINT('',(-33.16667053476,57.503408320508,
    5.40357450914));
#6672 = CARTESIAN_POINT('',(-33.16667004585,57.503185893831,
    5.40338409213));
#6673 = CARTESIAN_POINT('',(-33.1666698113,57.503074683451,
    5.403288889543));
#6674 = CARTESIAN_POINT('',(-33.16666958663,57.502963471064,
    5.403193688622));
#6675 = CARTESIAN_POINT('',(-33.16666937186,57.50285225667,5.40309848937
    ));
#6676 = CARTESIAN_POINT('',(-33.16666916697,57.502741040272,
    5.403003291787));
#6677 = CARTESIAN_POINT('',(-33.16666877701,57.502518613399,
    5.402812908463));
#6678 = CARTESIAN_POINT('',(-33.16666859193,57.502407402926,
    5.402717722721));
#6679 = CARTESIAN_POINT('',(-33.16666841674,57.50229619045,5.40262253865
    ));
#6680 = CARTESIAN_POINT('',(-33.16666825144,57.502184975972,
    5.40252735625));
#6681 = CARTESIAN_POINT('',(-33.16666809603,57.502073759493,
    5.402432175522));
#6682 = CARTESIAN_POINT('',(-33.16666781003,57.501855167081,
    5.402245107515));
#6683 = CARTESIAN_POINT('',(-33.16666767877,57.501747791284,
    5.402153220123));
#6684 = CARTESIAN_POINT('',(-33.16666755673,57.501640413624,
    5.402061334291));
#6685 = CARTESIAN_POINT('',(-33.16666744391,57.501533034102,
    5.401969450019));
#6686 = CARTESIAN_POINT('',(-33.16666734031,57.501425652718,
    5.401877567309));
#6687 = CARTESIAN_POINT('',(-33.16666714821,57.501207060877,
    5.401690531899));
#6688 = CARTESIAN_POINT('',(-33.16666706036,57.501095850285,
    5.401595379313));
#6689 = CARTESIAN_POINT('',(-33.16666698241,57.500984637698,
    5.401500228402));
#6690 = CARTESIAN_POINT('',(-33.16666691435,57.500873423118,
    5.401405079169));
#6691 = CARTESIAN_POINT('',(-33.16666685619,57.500762206545,
    5.401309931614));
#6692 = CARTESIAN_POINT('',(-33.16666676084,57.500542494719,
    5.401121971321));
#6693 = CARTESIAN_POINT('',(-33.16666672317,57.500433999563,
    5.401029158501));
#6694 = CARTESIAN_POINT('',(-33.16666669492,57.500325502512,
    5.40093634728));
#6695 = CARTESIAN_POINT('',(-33.16666667608,57.500217003567,
    5.400843537658));
#6696 = CARTESIAN_POINT('',(-33.16666666666,57.50010850273,
    5.400750729636));
#6697 = CARTESIAN_POINT('',(-33.16666666666,57.5,5.400657923215));
#6698 = ORIENTED_EDGE('',*,*,#6699,.F.);
#6699 = EDGE_CURVE('',#1287,#6438,#6700,.T.);
#6700 = LINE('',#6701,#6702);
#6701 = CARTESIAN_POINT('',(-33.16666666666,57.5,0.));
#6702 = VECTOR('',#6703,1.);
#6703 = DIRECTION('',(0.,0.,1.));
#6704 = CYLINDRICAL_SURFACE('',#6705,1.5);
#6705 = AXIS2_PLACEMENT_3D('',#6706,#6707,#6708);
#6706 = CARTESIAN_POINT('',(-34.66666666666,57.5,0.));
#6707 = DIRECTION('',(0.,0.,-1.));
#6708 = DIRECTION('',(-1.,0.,0.));
#6709 = ADVANCED_FACE('',(#6710),#6729,.F.);
#6710 = FACE_BOUND('',#6711,.F.);
#6711 = EDGE_LOOP('',(#6712,#6713,#6721,#6728));
#6712 = ORIENTED_EDGE('',*,*,#1303,.F.);
#6713 = ORIENTED_EDGE('',*,*,#6714,.T.);
#6714 = EDGE_CURVE('',#1296,#6715,#6717,.T.);
#6715 = VERTEX_POINT('',#6716);
#6716 = CARTESIAN_POINT('',(-33.16666666666,47.5,3.));
#6717 = LINE('',#6718,#6719);
#6718 = CARTESIAN_POINT('',(-33.16666666666,47.5,0.));
#6719 = VECTOR('',#6720,1.);
#6720 = DIRECTION('',(0.,0.,1.));
#6721 = ORIENTED_EDGE('',*,*,#6722,.F.);
#6722 = EDGE_CURVE('',#6414,#6715,#6723,.T.);
#6723 = CIRCLE('',#6724,1.5);
#6724 = AXIS2_PLACEMENT_3D('',#6725,#6726,#6727);
#6725 = CARTESIAN_POINT('',(-34.66666666666,47.5,3.));
#6726 = DIRECTION('',(0.,0.,1.));
#6727 = DIRECTION('',(-1.,0.,0.));
#6728 = ORIENTED_EDGE('',*,*,#6421,.F.);
#6729 = CYLINDRICAL_SURFACE('',#6730,1.5);
#6730 = AXIS2_PLACEMENT_3D('',#6731,#6732,#6733);
#6731 = CARTESIAN_POINT('',(-34.66666666666,47.5,0.));
#6732 = DIRECTION('',(0.,0.,-1.));
#6733 = DIRECTION('',(-1.,0.,0.));
#6734 = ADVANCED_FACE('',(#6735),#6755,.T.);
#6735 = FACE_BOUND('',#6736,.F.);
#6736 = EDGE_LOOP('',(#6737,#6738,#6739,#6748,#6754));
#6737 = ORIENTED_EDGE('',*,*,#1295,.F.);
#6738 = ORIENTED_EDGE('',*,*,#6699,.T.);
#6739 = ORIENTED_EDGE('',*,*,#6740,.F.);
#6740 = EDGE_CURVE('',#6741,#6438,#6743,.T.);
#6741 = VERTEX_POINT('',#6742);
#6742 = CARTESIAN_POINT('',(-33.16666666666,51.,3.));
#6743 = CIRCLE('',#6744,10.);
#6744 = AXIS2_PLACEMENT_3D('',#6745,#6746,#6747);
#6745 = CARTESIAN_POINT('',(-33.16666666666,51.,13.));
#6746 = DIRECTION('',(1.,0.,0.));
#6747 = DIRECTION('',(0.,1.,0.));
#6748 = ORIENTED_EDGE('',*,*,#6749,.F.);
#6749 = EDGE_CURVE('',#6715,#6741,#6750,.T.);
#6750 = LINE('',#6751,#6752);
#6751 = CARTESIAN_POINT('',(-33.16666666666,46.41539213977,3.));
#6752 = VECTOR('',#6753,1.);
#6753 = DIRECTION('',(0.,1.,0.));
#6754 = ORIENTED_EDGE('',*,*,#6714,.F.);
#6755 = PLANE('',#6756);
#6756 = AXIS2_PLACEMENT_3D('',#6757,#6758,#6759);
#6757 = CARTESIAN_POINT('',(-33.16666666666,57.5,0.));
#6758 = DIRECTION('',(-1.,-0.,-0.));
#6759 = DIRECTION('',(0.,1.,0.));
#6760 = ADVANCED_FACE('',(#6761),#6795,.F.);
#6761 = FACE_BOUND('',#6762,.T.);
#6762 = EDGE_LOOP('',(#6763,#6764,#6772,#6781,#6789));
#6763 = ORIENTED_EDGE('',*,*,#1312,.F.);
#6764 = ORIENTED_EDGE('',*,*,#6765,.T.);
#6765 = EDGE_CURVE('',#1313,#6766,#6768,.T.);
#6766 = VERTEX_POINT('',#6767);
#6767 = CARTESIAN_POINT('',(-29.83333333333,57.5,5.400657923215));
#6768 = LINE('',#6769,#6770);
#6769 = CARTESIAN_POINT('',(-29.83333333333,57.5,0.));
#6770 = VECTOR('',#6771,1.);
#6771 = DIRECTION('',(0.,0.,1.));
#6772 = ORIENTED_EDGE('',*,*,#6773,.F.);
#6773 = EDGE_CURVE('',#6774,#6766,#6776,.T.);
#6774 = VERTEX_POINT('',#6775);
#6775 = CARTESIAN_POINT('',(-29.83333333333,51.,3.));
#6776 = CIRCLE('',#6777,10.);
#6777 = AXIS2_PLACEMENT_3D('',#6778,#6779,#6780);
#6778 = CARTESIAN_POINT('',(-29.83333333333,51.,13.));
#6779 = DIRECTION('',(1.,0.,0.));
#6780 = DIRECTION('',(0.,1.,0.));
#6781 = ORIENTED_EDGE('',*,*,#6782,.F.);
#6782 = EDGE_CURVE('',#6783,#6774,#6785,.T.);
#6783 = VERTEX_POINT('',#6784);
#6784 = CARTESIAN_POINT('',(-29.83333333333,31.5,3.));
#6785 = LINE('',#6786,#6787);
#6786 = CARTESIAN_POINT('',(-29.83333333333,46.41539213977,3.));
#6787 = VECTOR('',#6788,1.);
#6788 = DIRECTION('',(0.,1.,0.));
#6789 = ORIENTED_EDGE('',*,*,#6790,.F.);
#6790 = EDGE_CURVE('',#1315,#6783,#6791,.T.);
#6791 = LINE('',#6792,#6793);
#6792 = CARTESIAN_POINT('',(-29.83333333333,31.5,0.));
#6793 = VECTOR('',#6794,1.);
#6794 = DIRECTION('',(0.,0.,1.));
#6795 = PLANE('',#6796);
#6796 = AXIS2_PLACEMENT_3D('',#6797,#6798,#6799);
#6797 = CARTESIAN_POINT('',(-29.83333333333,57.5,0.));
#6798 = DIRECTION('',(-1.,-0.,-0.));
#6799 = DIRECTION('',(0.,1.,0.));
#6800 = ADVANCED_FACE('',(#6801),#7073,.F.);
#6801 = FACE_BOUND('',#6802,.F.);
#6802 = EDGE_LOOP('',(#6803,#6804,#6805,#7067));
#6803 = ORIENTED_EDGE('',*,*,#1322,.F.);
#6804 = ORIENTED_EDGE('',*,*,#6765,.T.);
#6805 = ORIENTED_EDGE('',*,*,#6806,.T.);
#6806 = EDGE_CURVE('',#6766,#6807,#6809,.T.);
#6807 = VERTEX_POINT('',#6808);
#6808 = CARTESIAN_POINT('',(-26.83333333333,57.5,5.400657923215));
#6809 = B_SPLINE_CURVE_WITH_KNOTS('',6,(#6810,#6811,#6812,#6813,#6814,
    #6815,#6816,#6817,#6818,#6819,#6820,#6821,#6822,#6823,#6824,#6825,
    #6826,#6827,#6828,#6829,#6830,#6831,#6832,#6833,#6834,#6835,#6836,
    #6837,#6838,#6839,#6840,#6841,#6842,#6843,#6844,#6845,#6846,#6847,
    #6848,#6849,#6850,#6851,#6852,#6853,#6854,#6855,#6856,#6857,#6858,
    #6859,#6860,#6861,#6862,#6863,#6864,#6865,#6866,#6867,#6868,#6869,
    #6870,#6871,#6872,#6873,#6874,#6875,#6876,#6877,#6878,#6879,#6880,
    #6881,#6882,#6883,#6884,#6885,#6886,#6887,#6888,#6889,#6890,#6891,
    #6892,#6893,#6894,#6895,#6896,#6897,#6898,#6899,#6900,#6901,#6902,
    #6903,#6904,#6905,#6906,#6907,#6908,#6909,#6910,#6911,#6912,#6913,
    #6914,#6915,#6916,#6917,#6918,#6919,#6920,#6921,#6922,#6923,#6924,
    #6925,#6926,#6927,#6928,#6929,#6930,#6931,#6932,#6933,#6934,#6935,
    #6936,#6937,#6938,#6939,#6940,#6941,#6942,#6943,#6944,#6945,#6946,
    #6947,#6948,#6949,#6950,#6951,#6952,#6953,#6954,#6955,#6956,#6957,
    #6958,#6959,#6960,#6961,#6962,#6963,#6964,#6965,#6966,#6967,#6968,
    #6969,#6970,#6971,#6972,#6973,#6974,#6975,#6976,#6977,#6978,#6979,
    #6980,#6981,#6982,#6983,#6984,#6985,#6986,#6987,#6988,#6989,#6990,
    #6991,#6992,#6993,#6994,#6995,#6996,#6997,#6998,#6999,#7000,#7001,
    #7002,#7003,#7004,#7005,#7006,#7007,#7008,#7009,#7010,#7011,#7012,
    #7013,#7014,#7015,#7016,#7017,#7018,#7019,#7020,#7021,#7022,#7023,
    #7024,#7025,#7026,#7027,#7028,#7029,#7030,#7031,#7032,#7033,#7034,
    #7035,#7036,#7037,#7038,#7039,#7040,#7041,#7042,#7043,#7044,#7045,
    #7046,#7047,#7048,#7049,#7050,#7051,#7052,#7053,#7054,#7055,#7056,
    #7057,#7058,#7059,#7060,#7061,#7062,#7063,#7064,#7065,#7066),
  .UNSPECIFIED.,.F.,.F.,(7,5,5,5,5,5,5,5,5,5,5,5,5,5,5,5,5,5,5,5,5,5,5,5
    ,5,5,5,5,5,5,5,5,5,5,5,5,5,5,5,5,5,5,5,5,5,5,5,5,5,5,5,7),(0.,
    5.753599348006E-02,0.172058474409,0.281938785875,0.322083573456,
    0.377005861489,0.422425980865,0.448500371479,0.499775883752,
    0.577062308707,0.623104554593,0.679053199836,0.718257428544,
    0.827816940132,0.995084721376,0.995224368945,0.995364004102,
    0.995498812475,0.995638423233,0.995778021576,0.995898355009,
    0.996009053618,0.99614861899,0.996288171944,0.996408466246,
    0.996523940091,0.996663459637,0.996798156376,0.996913601506,
    0.997053086351,0.997182940382,0.997322401232,0.997452232922,
    0.997586861814,0.997726286666,0.997865699088,0.99800509908,
    0.998120455189,0.998235802784,0.998375169766,0.998548159757,
    0.998687498871,0.998817217211,0.998951728549,0.999062211332,
    0.999191898529,0.999331180177,0.999456042803,0.99959530086,
    0.99972494373,0.999854575816,1.),.UNSPECIFIED.);
#6810 = CARTESIAN_POINT('',(-29.83333333333,57.5,5.400657923215));
#6811 = CARTESIAN_POINT('',(-29.83333333333,57.545963963095,
    5.439972610868));
#6812 = CARTESIAN_POINT('',(-29.83164319401,57.59158178307,
    5.479568973513));
#6813 = CARTESIAN_POINT('',(-29.82831060236,57.636795642039,
    5.519394507211));
#6814 = CARTESIAN_POINT('',(-29.82338266493,57.681551445372,
    5.559395420115));
#6815 = CARTESIAN_POINT('',(-29.81690590783,57.725798821696,
    5.599516632471));
#6816 = CARTESIAN_POINT('',(-29.79304322525,57.856458435482,
    5.719688270739));
#6817 = CARTESIAN_POINT('',(-29.77121074445,57.941200167192,
    5.799904249961));
#6818 = CARTESIAN_POINT('',(-29.74377622184,58.023468267182,
    5.880013305753));
#6819 = CARTESIAN_POINT('',(-29.71102167206,58.103055011815,
    5.959672018214));
#6820 = CARTESIAN_POINT('',(-29.67317203838,58.179766858529,
    6.038506722413));
#6821 = CARTESIAN_POINT('',(-29.58936857304,58.324045089983,
    6.190528977277));
#6822 = CARTESIAN_POINT('',(-29.54380219572,58.391861805126,
    6.263821675715));
#6823 = CARTESIAN_POINT('',(-29.49382043968,58.456732059132,
    6.33565910735));
#6824 = CARTESIAN_POINT('',(-29.43947907261,58.518497483619,
    6.40566236408));
#6825 = CARTESIAN_POINT('',(-29.3807969061,58.576938267915,
    6.473346772355));
#6826 = CARTESIAN_POINT('',(-29.2947556027,58.651780524836,
    6.561738176366));
#6827 = CARTESIAN_POINT('',(-29.27115179774,58.671324821817,
    6.584999052194));
#6828 = CARTESIAN_POINT('',(-29.24696707423,58.690372323871,
    6.607838417712));
#6829 = CARTESIAN_POINT('',(-29.22220116101,58.708906823363,
    6.630223127715));
#6830 = CARTESIAN_POINT('',(-29.19685417588,58.726910171259,
    6.652116874699));
#6831 = CARTESIAN_POINT('',(-29.13545501225,58.768238591896,
    6.702707447606));
#6832 = CARTESIAN_POINT('',(-29.09888903644,58.791088284045,
    6.730948377231));
#6833 = CARTESIAN_POINT('',(-29.06123963759,58.812852572806,
    6.758092478921));
#6834 = CARTESIAN_POINT('',(-29.0225194803,58.833469025196,
    6.784022242404));
#6835 = CARTESIAN_POINT('',(-28.98274295441,58.852871556003,
    6.808613145955));
#6836 = CARTESIAN_POINT('',(-28.90817115381,58.885974532592,
    6.850854060557));
#6837 = CARTESIAN_POINT('',(-28.87370101446,58.900082100484,
    6.868971038876));
#6838 = CARTESIAN_POINT('',(-28.83854787863,58.913263254339,
    6.885996552439));
#6839 = CARTESIAN_POINT('',(-28.80274476104,58.925470571141,
    6.901846049497));
#6840 = CARTESIAN_POINT('',(-28.76632556943,58.936659081988,
    6.91643846547));
#6841 = CARTESIAN_POINT('',(-28.70808419664,58.952600002089,
    6.937307122078));
#6842 = CARTESIAN_POINT('',(-28.68665603412,58.958062788395,
    6.944476745087));
#6843 = CARTESIAN_POINT('',(-28.66505049831,58.963165738893,
    6.951189387341));
#6844 = CARTESIAN_POINT('',(-28.64327895729,58.967900447141,
    6.957430250689));
#6845 = CARTESIAN_POINT('',(-28.62135426598,58.972258992361,
    6.963185443455));
#6846 = CARTESIAN_POINT('',(-28.55590270469,58.984050706901,
    6.97877900542));
#6847 = CARTESIAN_POINT('',(-28.51195825136,58.99038775641,
    6.987192698199));
#6848 = CARTESIAN_POINT('',(-28.4675930252,58.995182440146,
    6.993576481632));
#6849 = CARTESIAN_POINT('',(-28.42294320503,58.998393517248,
    6.997858080782));
#6850 = CARTESIAN_POINT('',(-28.37814486885,59.,7.));
#6851 = CARTESIAN_POINT('',(-28.26578991497,59.,7.));
#6852 = CARTESIAN_POINT('',(-28.19833870696,58.99635005889,
    6.995133965301));
#6853 = CARTESIAN_POINT('',(-28.13139624384,58.98907005705,
    6.985425719232));
#6854 = CARTESIAN_POINT('',(-28.06538333318,58.978259776521,
    6.971059931444));
#6855 = CARTESIAN_POINT('',(-28.00072057484,58.964110764741,
    6.952377166869));
#6856 = CARTESIAN_POINT('',(-27.90035410357,58.936675980789,
    6.916459987899));
#6857 = CARTESIAN_POINT('',(-27.86347997337,58.925345353779,
    6.90168210344));
#6858 = CARTESIAN_POINT('',(-27.8272375562,58.912970416318,
    6.885615770044));
#6859 = CARTESIAN_POINT('',(-27.79166197917,58.899597836451,
    6.868345121313));
#6860 = CARTESIAN_POINT('',(-27.75678742996,58.885276851189,
    6.849957935726));
#6861 = CARTESIAN_POINT('',(-27.68116129966,58.851567482925,
    6.80695660847));
#6862 = CARTESIAN_POINT('',(-27.64075363075,58.831749482796,
    6.781850273102));
#6863 = CARTESIAN_POINT('',(-27.60144070408,58.810678547072,
    6.755364929047));
#6864 = CARTESIAN_POINT('',(-27.56323723027,58.788423951743,
    6.727631222354));
#6865 = CARTESIAN_POINT('',(-27.52615607651,58.765050967834,
    6.698772146606));
#6866 = CARTESIAN_POINT('',(-27.46501898525,58.723502243519,
    6.647973221178));
#6867 = CARTESIAN_POINT('',(-27.44038208579,58.705861811286,
    6.626543994839));
#6868 = CARTESIAN_POINT('',(-27.41629805182,58.687718064796,
    6.604651734903));
#6869 = CARTESIAN_POINT('',(-27.39276698845,58.669087721138,
    6.582329920775));
#6870 = CARTESIAN_POINT('',(-27.36978862215,58.649985714403,
    6.559609140267));
#6871 = CARTESIAN_POINT('',(-27.28469006131,58.575761682409,
    6.471984413521));
#6872 = CARTESIAN_POINT('',(-27.22631788344,58.51750717,6.404540309499)
  );
#6873 = CARTESIAN_POINT('',(-27.17225114029,58.455957730444,
    6.334801987086));
#6874 = CARTESIAN_POINT('',(-27.12250877717,58.391330006652,
    6.263247378195));
#6875 = CARTESIAN_POINT('',(-27.07714618988,58.323780357665,
    6.19025059013));
#6876 = CARTESIAN_POINT('',(-26.97388357325,58.146008855419,6.0029359381
    ));
#6877 = CARTESIAN_POINT('',(-26.92189531749,58.031931217748,5.8869786154
    ));
#6878 = CARTESIAN_POINT('',(-26.8809427096,57.911877032224,5.76964216201
    ));
#6879 = CARTESIAN_POINT('',(-26.85183901328,57.786534713809,
    5.65210960376));
#6880 = CARTESIAN_POINT('',(-26.83560655679,57.656709384178,
    5.535477188467));
#6881 = CARTESIAN_POINT('',(-26.83351602389,57.523410482462,
    5.420744383593));
#6882 = CARTESIAN_POINT('',(-26.83351428988,57.523299285339,
    5.420648677602));
#6883 = CARTESIAN_POINT('',(-26.83351256573,57.523188086086,
    5.420552973185));
#6884 = CARTESIAN_POINT('',(-26.83351085144,57.523076884703,
    5.420457270343));
#6885 = CARTESIAN_POINT('',(-26.83350914701,57.522965681191,
    5.420361569077));
#6886 = CARTESIAN_POINT('',(-26.83350575804,57.522743279796,
    5.420170178204));
#6887 = CARTESIAN_POINT('',(-26.83350407349,57.522632081914,
    5.420074488597));
#6888 = CARTESIAN_POINT('',(-26.83350239881,57.522520881905,
    5.419978800567));
#6889 = CARTESIAN_POINT('',(-26.83350073399,57.52240967977,
    5.419883114115));
#6890 = CARTESIAN_POINT('',(-26.83349907903,57.52229847551,
    5.419787429242));
#6891 = CARTESIAN_POINT('',(-26.83349584572,57.522079906827,
    5.419599370151));
#6892 = CARTESIAN_POINT('',(-26.83349426669,57.521972542548,
    5.419506995825));
#6893 = CARTESIAN_POINT('',(-26.83349269685,57.52186517629,
    5.419414622973));
#6894 = CARTESIAN_POINT('',(-26.83349113622,57.521757808055,
    5.419322251594));
#6895 = CARTESIAN_POINT('',(-26.83348958478,57.521650437842,
    5.41922988169));
#6896 = CARTESIAN_POINT('',(-26.83348644535,57.521431868461,
    5.419041854321));
#6897 = CARTESIAN_POINT('',(-26.83348485803,57.521320669148,
    5.418946196962));
#6898 = CARTESIAN_POINT('',(-26.83348328058,57.521209467718,
    5.418850541186));
#6899 = CARTESIAN_POINT('',(-26.83348171299,57.52109826417,
    5.418754886994));
#6900 = CARTESIAN_POINT('',(-26.83348015527,57.520987058505,
    5.418659234388));
#6901 = CARTESIAN_POINT('',(-26.83347705969,57.520764652833,
    5.418467940852));
#6902 = CARTESIAN_POINT('',(-26.83347552184,57.520653452826,
    5.418372299923));
#6903 = CARTESIAN_POINT('',(-26.83347399386,57.520542250705,
    5.418276660581));
#6904 = CARTESIAN_POINT('',(-26.83347247574,57.52043104647,
    5.418181022825));
#6905 = CARTESIAN_POINT('',(-26.83347096749,57.520319840123,
    5.418085386657));
#6906 = CARTESIAN_POINT('',(-26.8334681775,57.520112770241,
    5.417907315304));
#6907 = CARTESIAN_POINT('',(-26.83346689323,57.520016907249,
    5.417824879709));
#6908 = CARTESIAN_POINT('',(-26.83346561629,57.519921042689,
    5.417742445295));
#6909 = CARTESIAN_POINT('',(-26.83346434669,57.519825176561,
    5.417660012064));
#6910 = CARTESIAN_POINT('',(-26.83346308442,57.519729308866,
    5.417577580014));
#6911 = CARTESIAN_POINT('',(-26.83346067503,57.519545246375,
    5.417419318333));
#6912 = CARTESIAN_POINT('',(-26.83345952678,57.519457051822,
    5.417343488519));
#6913 = CARTESIAN_POINT('',(-26.83345838473,57.519368855942,
    5.417267659707));
#6914 = CARTESIAN_POINT('',(-26.8334572489,57.519280658738,
    5.417191831897));
#6915 = CARTESIAN_POINT('',(-26.83345611927,57.519192460209,
    5.417116005089));
#6916 = CARTESIAN_POINT('',(-26.83345357948,57.518993060716,
    5.416944580459));
#6917 = CARTESIAN_POINT('',(-26.83345217297,57.518881858972,
    5.416848983228));
#6918 = CARTESIAN_POINT('',(-26.83345077634,57.518770655124,
    5.416753387592));
#6919 = CARTESIAN_POINT('',(-26.83344938957,57.518659449173,
    5.416657793551));
#6920 = CARTESIAN_POINT('',(-26.83344801267,57.518548241121,
    5.416562201107));
#6921 = CARTESIAN_POINT('',(-26.83344527874,57.518325830709,
    5.416371027917));
#6922 = CARTESIAN_POINT('',(-26.8334439217,57.518214628351,
    5.416275447173));
#6923 = CARTESIAN_POINT('',(-26.83344257454,57.518103423893,
    5.416179868026));
#6924 = CARTESIAN_POINT('',(-26.83344123724,57.517992217336,
    5.416084290477));
#6925 = CARTESIAN_POINT('',(-26.83343990982,57.517881008681,
    5.415988714527));
#6926 = CARTESIAN_POINT('',(-26.83343745653,57.517673934536,
    5.415810755325));
#6927 = CARTESIAN_POINT('',(-26.83343632814,57.517578069584,
    5.41572837166));
#6928 = CARTESIAN_POINT('',(-26.83343520708,57.517482203075,
    5.415645989185));
#6929 = CARTESIAN_POINT('',(-26.83343409336,57.517386335009,5.4155636079
    ));
#6930 = CARTESIAN_POINT('',(-26.83343298697,57.517290465386,
    5.415481227806));
#6931 = CARTESIAN_POINT('',(-26.83343083291,57.517102564798,
    5.415319771102));
#6932 = CARTESIAN_POINT('',(-26.83342978467,57.517010533954,5.4152406944
    ));
#6933 = CARTESIAN_POINT('',(-26.83342874318,57.516918501678,
    5.415161618795));
#6934 = CARTESIAN_POINT('',(-26.83342770845,57.516826467968,
    5.415082544289));
#6935 = CARTESIAN_POINT('',(-26.83342668049,57.516734432827,
    5.415003470882));
#6936 = CARTESIAN_POINT('',(-26.83342442544,57.516531194443,
    5.414828860643));
#6937 = CARTESIAN_POINT('',(-26.83342320145,57.516419990542,
    5.414733324315));
#6938 = CARTESIAN_POINT('',(-26.83342198735,57.516308784552,
    5.414637789594));
#6939 = CARTESIAN_POINT('',(-26.83342078311,57.516197576474,
    5.414542256479));
#6940 = CARTESIAN_POINT('',(-26.83341958875,57.51608636631,
    5.414446724972));
#6941 = CARTESIAN_POINT('',(-26.83341726071,57.515867786109,
    5.41425896738));
#6942 = CARTESIAN_POINT('',(-26.83341612637,57.515760416215,
    5.414166741186));
#6943 = CARTESIAN_POINT('',(-26.83341500123,57.515653044378,
    5.414074516491));
#6944 = CARTESIAN_POINT('',(-26.8334138853,57.515545670598,
    5.413982293297));
#6945 = CARTESIAN_POINT('',(-26.83341277857,57.515438294876,
    5.413890071605));
#6946 = CARTESIAN_POINT('',(-26.83341074039,57.515238886565,
    5.413718811848));
#6947 = CARTESIAN_POINT('',(-26.83340980649,57.515146854491,
    5.413639773385));
#6948 = CARTESIAN_POINT('',(-26.83340887936,57.515054820992,
    5.413560736026));
#6949 = CARTESIAN_POINT('',(-26.83340795899,57.514962786068,
    5.413481699772));
#6950 = CARTESIAN_POINT('',(-26.83340704538,57.514870749719,
    5.413402664622));
#6951 = CARTESIAN_POINT('',(-26.83340504286,57.514667508691,
    5.41322813888));
#6952 = CARTESIAN_POINT('',(-26.83340395705,57.514556303356,
    5.413132648795));
#6953 = CARTESIAN_POINT('',(-26.83340288112,57.514445095944,
    5.413037160325));
#6954 = CARTESIAN_POINT('',(-26.83340181506,57.514333886455,
    5.412941673471));
#6955 = CARTESIAN_POINT('',(-26.83340075888,57.514222674891,
    5.412846188232));
#6956 = CARTESIAN_POINT('',(-26.83339873852,57.514007926425,
    5.412661813713));
#6957 = CARTESIAN_POINT('',(-26.83339777301,57.5139043898,5.412572924216
    ));
#6958 = CARTESIAN_POINT('',(-26.83339681607,57.513800851377,
    5.412484036121));
#6959 = CARTESIAN_POINT('',(-26.83339586769,57.513697311158,
    5.412395149429));
#6960 = CARTESIAN_POINT('',(-26.83339492787,57.513593769143,
    5.41230626414));
#6961 = CARTESIAN_POINT('',(-26.83339299646,57.513379021178,
    5.412121920592));
#6962 = CARTESIAN_POINT('',(-26.83339200618,57.513267814953,
    5.412026462548));
#6963 = CARTESIAN_POINT('',(-26.83339102578,57.513156606657,
    5.411931006124));
#6964 = CARTESIAN_POINT('',(-26.83339005526,57.513045396294,
    5.411835551322));
#6965 = CARTESIAN_POINT('',(-26.83338909461,57.512934183862,
    5.411740098141));
#6966 = CARTESIAN_POINT('',(-26.83338725872,57.512719433739,
    5.411555785538));
#6967 = CARTESIAN_POINT('',(-26.83338638216,57.512615896324,
    5.411466925898));
#6968 = CARTESIAN_POINT('',(-26.83338551416,57.512512357118,
    5.411378067666));
#6969 = CARTESIAN_POINT('',(-26.83338465473,57.512408816122,
    5.411289210842));
#6970 = CARTESIAN_POINT('',(-26.83338380385,57.512305273337,
    5.411200355426));
#6971 = CARTESIAN_POINT('',(-26.83338208811,57.512094358281,
    5.411019364311));
#6972 = CARTESIAN_POINT('',(-26.83338122389,57.511986985876,
    5.410927228718));
#6973 = CARTESIAN_POINT('',(-26.83338036887,57.511879611549,
    5.410835094641));
#6974 = CARTESIAN_POINT('',(-26.83337952306,57.5117722353,5.410742962081
    ));
#6975 = CARTESIAN_POINT('',(-26.83337868647,57.511664857132,
    5.410650831039));
#6976 = CARTESIAN_POINT('',(-26.83337700222,57.511446271694,
    5.410463290008));
#6977 = CARTESIAN_POINT('',(-26.83337615524,57.511335064286,
    5.410367880131));
#6978 = CARTESIAN_POINT('',(-26.83337531813,57.511223854821,
    5.410272471883));
#6979 = CARTESIAN_POINT('',(-26.83337449091,57.511112643298,
    5.410177065265));
#6980 = CARTESIAN_POINT('',(-26.83337367357,57.51100142972,
    5.410081660277));
#6981 = CARTESIAN_POINT('',(-26.83337205871,57.510779008368,
    5.409890862072));
#6982 = CARTESIAN_POINT('',(-26.8333712612,57.510667800595,
    5.409795468853));
#6983 = CARTESIAN_POINT('',(-26.83337047357,57.510556590768,
    5.409700077266));
#6984 = CARTESIAN_POINT('',(-26.83336969582,57.510445378888,
    5.409604687313));
#6985 = CARTESIAN_POINT('',(-26.83336892795,57.510334164957,
    5.409509298994));
#6986 = CARTESIAN_POINT('',(-26.83336741204,57.510111742909,
    5.40931853413));
#6987 = CARTESIAN_POINT('',(-26.833366664,57.510000534792,5.409223157585
    ));
#6988 = CARTESIAN_POINT('',(-26.83336592584,57.509889324626,
    5.409127782675));
#6989 = CARTESIAN_POINT('',(-26.83336519756,57.509778112411,
    5.409032409402));
#6990 = CARTESIAN_POINT('',(-26.83336447917,57.509666898149,
    5.408937037765));
#6991 = CARTESIAN_POINT('',(-26.83336318435,57.509463648256,
    5.408762747303));
#6992 = CARTESIAN_POINT('',(-26.83336260481,57.509371613271,
    5.408683827961));
#6993 = CARTESIAN_POINT('',(-26.83336203204,57.509279576886,
    5.408604909742));
#6994 = CARTESIAN_POINT('',(-26.83336146603,57.509187539099,
    5.408525992644));
#6995 = CARTESIAN_POINT('',(-26.8333609068,57.509095499912,5.40844707667
    ));
#6996 = CARTESIAN_POINT('',(-26.83335980191,57.508911425534,
    5.408289252794));
#6997 = CARTESIAN_POINT('',(-26.83335925625,57.508819390342,
    5.408210344891));
#6998 = CARTESIAN_POINT('',(-26.83335871736,57.508727353752,
    5.408131438112));
#6999 = CARTESIAN_POINT('',(-26.83335818524,57.508635315763,
    5.408052532458));
#7000 = CARTESIAN_POINT('',(-26.83335765989,57.508543276377,
    5.407973627928));
#7001 = CARTESIAN_POINT('',(-26.83335651475,57.508340028711,
    5.407799390682));
#7002 = CARTESIAN_POINT('',(-26.83335589806,57.50822881979,
    5.407704058483));
#7003 = CARTESIAN_POINT('',(-26.83335529126,57.50811760883,
    5.407608727927));
#7004 = CARTESIAN_POINT('',(-26.83335469434,57.508006395832,
    5.407513399015));
#7005 = CARTESIAN_POINT('',(-26.83335410731,57.507895180798,
    5.407418071749));
#7006 = CARTESIAN_POINT('',(-26.83335281377,57.50764591496,
    5.407204422707));
#7007 = CARTESIAN_POINT('',(-26.83335211262,57.507507863057,
    5.407086101822));
#7008 = CARTESIAN_POINT('',(-26.83335142669,57.507369808018,
    5.406967783474));
#7009 = CARTESIAN_POINT('',(-26.833350756,57.507231749847,5.406849467666
    ));
#7010 = CARTESIAN_POINT('',(-26.83335010054,57.507093688543,
    5.406731154399));
#7011 = CARTESIAN_POINT('',(-26.83334894463,57.506844416661,
    5.406517547343));
#7012 = CARTESIAN_POINT('',(-26.83334843883,57.506733207181,
    5.406422252661));
#7013 = CARTESIAN_POINT('',(-26.83334794292,57.506621995672,
    5.40632695963));
#7014 = CARTESIAN_POINT('',(-26.83334745689,57.506510782134,
    5.40623166825));
#7015 = CARTESIAN_POINT('',(-26.83334698075,57.506399566568,
    5.406136378522));
#7016 = CARTESIAN_POINT('',(-26.83334608044,57.506184810484,
    5.405952381607));
#7017 = CARTESIAN_POINT('',(-26.83334565494,57.506081270236,
    5.405863674201));
#7018 = CARTESIAN_POINT('',(-26.83334523802,57.505977728232,
    5.405774968227));
#7019 = CARTESIAN_POINT('',(-26.83334482967,57.505874184474,
    5.405686263688));
#7020 = CARTESIAN_POINT('',(-26.83334442989,57.505770638961,
    5.405597560583));
#7021 = CARTESIAN_POINT('',(-26.83334363301,57.505559718432,
    5.405416879782));
#7022 = CARTESIAN_POINT('',(-26.83334323656,57.505452343285,
    5.405324902194));
#7023 = CARTESIAN_POINT('',(-26.83334284933,57.505344966253,
    5.405232926151));
#7024 = CARTESIAN_POINT('',(-26.83334247131,57.505237587338,
    5.405140951652));
#7025 = CARTESIAN_POINT('',(-26.83334210252,57.505130206539,
    5.405048978699));
#7026 = CARTESIAN_POINT('',(-26.83334144759,57.50493462358,
    5.404881465281));
#7027 = CARTESIAN_POINT('',(-26.83334115847,57.504846422032,
    5.404805924313));
#7028 = CARTESIAN_POINT('',(-26.83334087556,57.504758219215,
    5.404730384388));
#7029 = CARTESIAN_POINT('',(-26.83334059888,57.504670015129,
    5.404654845508));
#7030 = CARTESIAN_POINT('',(-26.83334032841,57.504581809774,
    5.404579307672));
#7031 = CARTESIAN_POINT('',(-26.83333975399,57.504390064217,
    5.404415104082));
#7032 = CARTESIAN_POINT('',(-26.83333945238,57.504286523535,
    5.404326438722));
#7033 = CARTESIAN_POINT('',(-26.83333915935,57.504182981107,
    5.404237774803));
#7034 = CARTESIAN_POINT('',(-26.83333887489,57.504079436933,
    5.404149112325));
#7035 = CARTESIAN_POINT('',(-26.833338599,57.503975891015,5.404060451289
    ));
#7036 = CARTESIAN_POINT('',(-26.83333804459,57.503761135082,
    5.403876572933));
#7037 = CARTESIAN_POINT('',(-26.83333776739,57.503649924799,
    5.403781355836));
#7038 = CARTESIAN_POINT('',(-26.83333750008,57.503538712506,
    5.403686140402));
#7039 = CARTESIAN_POINT('',(-26.83333724265,57.503427498203,
    5.403590926635));
#7040 = CARTESIAN_POINT('',(-26.83333699512,57.503316281892,
    5.403495714533));
#7041 = CARTESIAN_POINT('',(-26.83333654444,57.503105359041,
    5.403315150249));
#7042 = CARTESIAN_POINT('',(-26.83333633935,57.503005652896,
    5.403229797738));
#7043 = CARTESIAN_POINT('',(-26.83333614221,57.502905945137,
    5.403144446568));
#7044 = CARTESIAN_POINT('',(-26.83333595301,57.502806235767,
    5.403059096739));
#7045 = CARTESIAN_POINT('',(-26.83333577178,57.502706524785,
    5.402973748252));
#7046 = CARTESIAN_POINT('',(-26.83333540522,57.50249560372,
    5.402793214277));
#7047 = CARTESIAN_POINT('',(-26.83333522184,57.502384393244,
    5.402698029117));
#7048 = CARTESIAN_POINT('',(-26.83333504836,57.502273180765,
    5.402602845627));
#7049 = CARTESIAN_POINT('',(-26.83333488477,57.502161966284,
    5.402507663808));
#7050 = CARTESIAN_POINT('',(-26.83333473106,57.502050749803,
    5.402412483662));
#7051 = CARTESIAN_POINT('',(-26.83333445338,57.50183599201,5.40222869839
    ));
#7052 = CARTESIAN_POINT('',(-26.83333432807,57.501732450966,
    5.402140093042));
#7053 = CARTESIAN_POINT('',(-26.83333421134,57.50162890819,
    5.402051489144));
#7054 = CARTESIAN_POINT('',(-26.83333410319,57.501525363682,
    5.401962886698));
#7055 = CARTESIAN_POINT('',(-26.83333400361,57.501421817442,
    5.401874285703));
#7056 = CARTESIAN_POINT('',(-26.83333382161,57.501214730116,
    5.401697093989));
#7057 = CARTESIAN_POINT('',(-26.83333373919,57.501111189029,
    5.401608503269));
#7058 = CARTESIAN_POINT('',(-26.83333366535,57.501007646214,
    5.401519914003));
#7059 = CARTESIAN_POINT('',(-26.83333360008,57.500904101669,
    5.40143132619));
#7060 = CARTESIAN_POINT('',(-26.83333354338,57.500800555397,
    5.401342739831));
#7061 = CARTESIAN_POINT('',(-26.83333344129,57.500580844928,
    5.401154778394));
#7062 = CARTESIAN_POINT('',(-26.83333339811,57.500464680285,
    5.401055403692));
#7063 = CARTESIAN_POINT('',(-26.83333336572,57.50034851347,
    5.400956030822));
#7064 = CARTESIAN_POINT('',(-26.83333334413,57.500232344483,
    5.400856659785));
#7065 = CARTESIAN_POINT('',(-26.83333333333,57.500116173326,
    5.400757290582));
#7066 = CARTESIAN_POINT('',(-26.83333333333,57.5,5.400657923215));
#7067 = ORIENTED_EDGE('',*,*,#7068,.F.);
#7068 = EDGE_CURVE('',#1323,#6807,#7069,.T.);
#7069 = LINE('',#7070,#7071);
#7070 = CARTESIAN_POINT('',(-26.83333333333,57.5,0.));
#7071 = VECTOR('',#7072,1.);
#7072 = DIRECTION('',(0.,0.,1.));
#7073 = CYLINDRICAL_SURFACE('',#7074,1.5);
#7074 = AXIS2_PLACEMENT_3D('',#7075,#7076,#7077);
#7075 = CARTESIAN_POINT('',(-28.33333333333,57.5,0.));
#7076 = DIRECTION('',(0.,0.,-1.));
#7077 = DIRECTION('',(-1.,0.,0.));
#7078 = ADVANCED_FACE('',(#7079),#7098,.F.);
#7079 = FACE_BOUND('',#7080,.F.);
#7080 = EDGE_LOOP('',(#7081,#7082,#7090,#7097));
#7081 = ORIENTED_EDGE('',*,*,#1339,.F.);
#7082 = ORIENTED_EDGE('',*,*,#7083,.T.);
#7083 = EDGE_CURVE('',#1332,#7084,#7086,.T.);
#7084 = VERTEX_POINT('',#7085);
#7085 = CARTESIAN_POINT('',(-26.83333333333,31.5,3.));
#7086 = LINE('',#7087,#7088);
#7087 = CARTESIAN_POINT('',(-26.83333333333,31.5,0.));
#7088 = VECTOR('',#7089,1.);
#7089 = DIRECTION('',(0.,0.,1.));
#7090 = ORIENTED_EDGE('',*,*,#7091,.F.);
#7091 = EDGE_CURVE('',#6783,#7084,#7092,.T.);
#7092 = CIRCLE('',#7093,1.5);
#7093 = AXIS2_PLACEMENT_3D('',#7094,#7095,#7096);
#7094 = CARTESIAN_POINT('',(-28.33333333333,31.5,3.));
#7095 = DIRECTION('',(0.,0.,1.));
#7096 = DIRECTION('',(-1.,0.,0.));
#7097 = ORIENTED_EDGE('',*,*,#6790,.F.);
#7098 = CYLINDRICAL_SURFACE('',#7099,1.5);
#7099 = AXIS2_PLACEMENT_3D('',#7100,#7101,#7102);
#7100 = CARTESIAN_POINT('',(-28.33333333333,31.5,0.));
#7101 = DIRECTION('',(0.,0.,-1.));
#7102 = DIRECTION('',(-1.,0.,0.));
#7103 = ADVANCED_FACE('',(#7104),#7124,.T.);
#7104 = FACE_BOUND('',#7105,.F.);
#7105 = EDGE_LOOP('',(#7106,#7107,#7108,#7117,#7123));
#7106 = ORIENTED_EDGE('',*,*,#1331,.F.);
#7107 = ORIENTED_EDGE('',*,*,#7068,.T.);
#7108 = ORIENTED_EDGE('',*,*,#7109,.F.);
#7109 = EDGE_CURVE('',#7110,#6807,#7112,.T.);
#7110 = VERTEX_POINT('',#7111);
#7111 = CARTESIAN_POINT('',(-26.83333333333,51.,3.));
#7112 = CIRCLE('',#7113,10.);
#7113 = AXIS2_PLACEMENT_3D('',#7114,#7115,#7116);
#7114 = CARTESIAN_POINT('',(-26.83333333333,51.,13.));
#7115 = DIRECTION('',(1.,0.,0.));
#7116 = DIRECTION('',(0.,1.,0.));
#7117 = ORIENTED_EDGE('',*,*,#7118,.F.);
#7118 = EDGE_CURVE('',#7084,#7110,#7119,.T.);
#7119 = LINE('',#7120,#7121);
#7120 = CARTESIAN_POINT('',(-26.83333333333,46.41539213977,3.));
#7121 = VECTOR('',#7122,1.);
#7122 = DIRECTION('',(0.,1.,0.));
#7123 = ORIENTED_EDGE('',*,*,#7083,.F.);
#7124 = PLANE('',#7125);
#7125 = AXIS2_PLACEMENT_3D('',#7126,#7127,#7128);
#7126 = CARTESIAN_POINT('',(-26.83333333333,57.5,0.));
#7127 = DIRECTION('',(-1.,-0.,-0.));
#7128 = DIRECTION('',(0.,1.,0.));
#7129 = ADVANCED_FACE('',(#7130),#7164,.F.);
#7130 = FACE_BOUND('',#7131,.T.);
#7131 = EDGE_LOOP('',(#7132,#7133,#7141,#7150,#7158));
#7132 = ORIENTED_EDGE('',*,*,#1348,.F.);
#7133 = ORIENTED_EDGE('',*,*,#7134,.T.);
#7134 = EDGE_CURVE('',#1349,#7135,#7137,.T.);
#7135 = VERTEX_POINT('',#7136);
#7136 = CARTESIAN_POINT('',(-17.5,57.5,5.400657923215));
#7137 = LINE('',#7138,#7139);
#7138 = CARTESIAN_POINT('',(-17.5,57.5,0.));
#7139 = VECTOR('',#7140,1.);
#7140 = DIRECTION('',(0.,0.,1.));
#7141 = ORIENTED_EDGE('',*,*,#7142,.F.);
#7142 = EDGE_CURVE('',#7143,#7135,#7145,.T.);
#7143 = VERTEX_POINT('',#7144);
#7144 = CARTESIAN_POINT('',(-17.5,51.,3.));
#7145 = CIRCLE('',#7146,10.);
#7146 = AXIS2_PLACEMENT_3D('',#7147,#7148,#7149);
#7147 = CARTESIAN_POINT('',(-17.5,51.,13.));
#7148 = DIRECTION('',(1.,0.,0.));
#7149 = DIRECTION('',(0.,1.,0.));
#7150 = ORIENTED_EDGE('',*,*,#7151,.F.);
#7151 = EDGE_CURVE('',#7152,#7143,#7154,.T.);
#7152 = VERTEX_POINT('',#7153);
#7153 = CARTESIAN_POINT('',(-17.5,31.5,3.));
#7154 = LINE('',#7155,#7156);
#7155 = CARTESIAN_POINT('',(-17.5,46.41539213977,3.));
#7156 = VECTOR('',#7157,1.);
#7157 = DIRECTION('',(0.,1.,0.));
#7158 = ORIENTED_EDGE('',*,*,#7159,.F.);
#7159 = EDGE_CURVE('',#1351,#7152,#7160,.T.);
#7160 = LINE('',#7161,#7162);
#7161 = CARTESIAN_POINT('',(-17.5,31.5,0.));
#7162 = VECTOR('',#7163,1.);
#7163 = DIRECTION('',(0.,0.,1.));
#7164 = PLANE('',#7165);
#7165 = AXIS2_PLACEMENT_3D('',#7166,#7167,#7168);
#7166 = CARTESIAN_POINT('',(-17.5,57.5,0.));
#7167 = DIRECTION('',(-1.,-0.,-0.));
#7168 = DIRECTION('',(0.,1.,0.));
#7169 = ADVANCED_FACE('',(#7170),#7427,.F.);
#7170 = FACE_BOUND('',#7171,.F.);
#7171 = EDGE_LOOP('',(#7172,#7173,#7174,#7421));
#7172 = ORIENTED_EDGE('',*,*,#1358,.F.);
#7173 = ORIENTED_EDGE('',*,*,#7134,.T.);
#7174 = ORIENTED_EDGE('',*,*,#7175,.T.);
#7175 = EDGE_CURVE('',#7135,#7176,#7178,.T.);
#7176 = VERTEX_POINT('',#7177);
#7177 = CARTESIAN_POINT('',(-14.5,57.5,5.400657923215));
#7178 = B_SPLINE_CURVE_WITH_KNOTS('',6,(#7179,#7180,#7181,#7182,#7183,
    #7184,#7185,#7186,#7187,#7188,#7189,#7190,#7191,#7192,#7193,#7194,
    #7195,#7196,#7197,#7198,#7199,#7200,#7201,#7202,#7203,#7204,#7205,
    #7206,#7207,#7208,#7209,#7210,#7211,#7212,#7213,#7214,#7215,#7216,
    #7217,#7218,#7219,#7220,#7221,#7222,#7223,#7224,#7225,#7226,#7227,
    #7228,#7229,#7230,#7231,#7232,#7233,#7234,#7235,#7236,#7237,#7238,
    #7239,#7240,#7241,#7242,#7243,#7244,#7245,#7246,#7247,#7248,#7249,
    #7250,#7251,#7252,#7253,#7254,#7255,#7256,#7257,#7258,#7259,#7260,
    #7261,#7262,#7263,#7264,#7265,#7266,#7267,#7268,#7269,#7270,#7271,
    #7272,#7273,#7274,#7275,#7276,#7277,#7278,#7279,#7280,#7281,#7282,
    #7283,#7284,#7285,#7286,#7287,#7288,#7289,#7290,#7291,#7292,#7293,
    #7294,#7295,#7296,#7297,#7298,#7299,#7300,#7301,#7302,#7303,#7304,
    #7305,#7306,#7307,#7308,#7309,#7310,#7311,#7312,#7313,#7314,#7315,
    #7316,#7317,#7318,#7319,#7320,#7321,#7322,#7323,#7324,#7325,#7326,
    #7327,#7328,#7329,#7330,#7331,#7332,#7333,#7334,#7335,#7336,#7337,
    #7338,#7339,#7340,#7341,#7342,#7343,#7344,#7345,#7346,#7347,#7348,
    #7349,#7350,#7351,#7352,#7353,#7354,#7355,#7356,#7357,#7358,#7359,
    #7360,#7361,#7362,#7363,#7364,#7365,#7366,#7367,#7368,#7369,#7370,
    #7371,#7372,#7373,#7374,#7375,#7376,#7377,#7378,#7379,#7380,#7381,
    #7382,#7383,#7384,#7385,#7386,#7387,#7388,#7389,#7390,#7391,#7392,
    #7393,#7394,#7395,#7396,#7397,#7398,#7399,#7400,#7401,#7402,#7403,
    #7404,#7405,#7406,#7407,#7408,#7409,#7410,#7411,#7412,#7413,#7414,
    #7415,#7416,#7417,#7418,#7419,#7420),.UNSPECIFIED.,.F.,.F.,(7,5,5,5,
    5,5,5,5,5,5,5,5,5,5,5,5,5,5,5,5,5,5,5,5,5,5,5,5,5,5,5,5,5,5,5,5,5,5,
    5,5,5,5,5,5,5,5,5,5,7),(0.,5.753599256776E-02,0.172058476138,
    0.281938779311,0.322083566288,0.377005865686,0.422426004557,
    0.448500406362,0.499775940641,0.57706239876,0.623104664403,
    0.679053333655,0.718257579185,0.827817144295,0.99521476079,
    0.995383284677,0.995522905058,0.995633629636,0.995773227756,
    0.995845428808,0.99597538233,0.996071637259,0.996201572043,
    0.996437352118,0.996548012168,0.996682718206,0.99679336093,
    0.996899185789,0.997062719234,0.997202190147,0.997341648633,
    0.997457053154,0.997586873067,0.997721489744,0.997937813701,
    0.998057980743,0.998216587093,0.998557776476,0.998697114082,
    0.998836439253,0.998975751987,0.999115052285,0.99921591715,
    0.999355196004,0.999489660335,0.999590500974,0.999724945012,
    0.999854576494,1.),.UNSPECIFIED.);
#7179 = CARTESIAN_POINT('',(-17.5,57.5,5.400657923215));
#7180 = CARTESIAN_POINT('',(-17.5,57.545963963092,5.439972610865));
#7181 = CARTESIAN_POINT('',(-17.49830986068,57.59158178307,
    5.479568973513));
#7182 = CARTESIAN_POINT('',(-17.49497726903,57.636795642042,
    5.519394507213));
#7183 = CARTESIAN_POINT('',(-17.4900493316,57.681551445373,
    5.559395420115));
#7184 = CARTESIAN_POINT('',(-17.4835725745,57.725798821692,
    5.599516632468));
#7185 = CARTESIAN_POINT('',(-17.45970989129,57.856458438873,
    5.719688273858));
#7186 = CARTESIAN_POINT('',(-17.43787741284,57.941200162106,
    5.799904245014));
#7187 = CARTESIAN_POINT('',(-17.41044288802,58.023468266935,
    5.880013305704));
#7188 = CARTESIAN_POINT('',(-17.37768833678,58.103055016784,
    5.959672023137));
#7189 = CARTESIAN_POINT('',(-17.33983870671,58.179766855669,6.0385067194
    ));
#7190 = CARTESIAN_POINT('',(-17.25603524216,58.324045085766,
    6.190528972833));
#7191 = CARTESIAN_POINT('',(-17.21046885751,58.391861811275,
    6.263821682497));
#7192 = CARTESIAN_POINT('',(-17.16048710698,58.456732059554,
    6.335659107599));
#7193 = CARTESIAN_POINT('',(-17.10614574446,58.518497477669,
    6.405662357417));
#7194 = CARTESIAN_POINT('',(-17.04746356896,58.576938271226,
    6.473346776265));
#7195 = CARTESIAN_POINT('',(-16.96142226937,58.651780524836,
    6.561738176366));
#7196 = CARTESIAN_POINT('',(-16.93781846441,58.671324821817,
    6.584999052194));
#7197 = CARTESIAN_POINT('',(-16.9136337409,58.690372323871,
    6.607838417712));
#7198 = CARTESIAN_POINT('',(-16.88886782768,58.708906823363,
    6.630223127715));
#7199 = CARTESIAN_POINT('',(-16.86352084255,58.726910171259,
    6.652116874699));
#7200 = CARTESIAN_POINT('',(-16.80212167104,58.768238597196,
    6.702707454094));
#7201 = CARTESIAN_POINT('',(-16.76555570584,58.791088283314,
    6.730948376222));
#7202 = CARTESIAN_POINT('',(-16.72790631272,58.812852568148,
    6.75809247311));
#7203 = CARTESIAN_POINT('',(-16.68918614874,58.833469023447,
    6.784022240316));
#7204 = CARTESIAN_POINT('',(-16.64940961201,58.852871560031,
    6.808613151095));
#7205 = CARTESIAN_POINT('',(-16.57483782048,58.885974532592,
    6.850854060557));
#7206 = CARTESIAN_POINT('',(-16.54036768113,58.900082100484,
    6.868971038876));
#7207 = CARTESIAN_POINT('',(-16.5052145453,58.913263254339,
    6.885996552439));
#7208 = CARTESIAN_POINT('',(-16.4694114277,58.925470571141,
    6.901846049497));
#7209 = CARTESIAN_POINT('',(-16.43299223609,58.936659081988,
    6.91643846547));
#7210 = CARTESIAN_POINT('',(-16.37475086331,58.952600002089,
    6.937307122078));
#7211 = CARTESIAN_POINT('',(-16.35332270079,58.958062788395,
    6.944476745087));
#7212 = CARTESIAN_POINT('',(-16.33171716497,58.963165738893,
    6.951189387341));
#7213 = CARTESIAN_POINT('',(-16.30994562396,58.967900447141,
    6.957430250689));
#7214 = CARTESIAN_POINT('',(-16.28802093265,58.972258992361,
    6.963185443455));
#7215 = CARTESIAN_POINT('',(-16.22256937136,58.984050706901,
    6.97877900542));
#7216 = CARTESIAN_POINT('',(-16.17862491802,58.99038775641,
    6.987192698199));
#7217 = CARTESIAN_POINT('',(-16.13425969186,58.995182440146,
    6.993576481632));
#7218 = CARTESIAN_POINT('',(-16.0896098717,58.998393517248,
    6.997858080782));
#7219 = CARTESIAN_POINT('',(-16.04481153552,59.,7.));
#7220 = CARTESIAN_POINT('',(-15.93245658164,59.,7.));
#7221 = CARTESIAN_POINT('',(-15.86500537363,58.99635005889,
    6.995133965301));
#7222 = CARTESIAN_POINT('',(-15.7980629105,58.98907005705,6.985425719232
    ));
#7223 = CARTESIAN_POINT('',(-15.73204999984,58.978259776521,
    6.971059931444));
#7224 = CARTESIAN_POINT('',(-15.66738724151,58.964110764741,
    6.952377166869));
#7225 = CARTESIAN_POINT('',(-15.56702077024,58.936675980789,
    6.916459987899));
#7226 = CARTESIAN_POINT('',(-15.53014664004,58.925345353779,
    6.90168210344));
#7227 = CARTESIAN_POINT('',(-15.49390422287,58.912970416318,
    6.885615770044));
#7228 = CARTESIAN_POINT('',(-15.45832864584,58.899597836451,
    6.868345121313));
#7229 = CARTESIAN_POINT('',(-15.42345409662,58.885276851189,
    6.849957935726));
#7230 = CARTESIAN_POINT('',(-15.34782796633,58.851567482925,
    6.80695660847));
#7231 = CARTESIAN_POINT('',(-15.30742029741,58.831749482796,
    6.781850273102));
#7232 = CARTESIAN_POINT('',(-15.26810737074,58.810678547072,
    6.755364929047));
#7233 = CARTESIAN_POINT('',(-15.22990389694,58.788423951743,
    6.727631222354));
#7234 = CARTESIAN_POINT('',(-15.19282274318,58.765050967834,
    6.698772146606));
#7235 = CARTESIAN_POINT('',(-15.13168565192,58.723502243519,
    6.647973221178));
#7236 = CARTESIAN_POINT('',(-15.10704875245,58.705861811286,
    6.626543994839));
#7237 = CARTESIAN_POINT('',(-15.08296471849,58.687718064796,
    6.604651734903));
#7238 = CARTESIAN_POINT('',(-15.05943365511,58.669087721138,
    6.582329920775));
#7239 = CARTESIAN_POINT('',(-15.03645528881,58.649985714403,
    6.559609140267));
#7240 = CARTESIAN_POINT('',(-14.95135672425,58.575761679161,
    6.471984409687));
#7241 = CARTESIAN_POINT('',(-14.89298455518,58.517507175853,
    6.404540316052));
#7242 = CARTESIAN_POINT('',(-14.83891780758,58.455957730039,
    6.334801986852));
#7243 = CARTESIAN_POINT('',(-14.78917543906,58.391330000613,
    6.263247371538));
#7244 = CARTESIAN_POINT('',(-14.74381285895,58.323780361797,
    6.190250594485));
#7245 = CARTESIAN_POINT('',(-14.64050183537,58.145925524698,
    6.00284813401));
#7246 = CARTESIAN_POINT('',(-14.58848111225,58.031753844903,
    5.886798308237));
#7247 = CARTESIAN_POINT('',(-14.54751370951,57.911596648736,
    5.769368115802));
#7248 = CARTESIAN_POINT('',(-14.51841507134,57.786144226452,
    5.65174346927));
#7249 = CARTESIAN_POINT('',(-14.50221020327,57.656204084165,
    5.535023294211));
#7250 = CARTESIAN_POINT('',(-14.50017277191,57.522766289146,
    5.420189978071));
#7251 = CARTESIAN_POINT('',(-14.5001707372,57.52263208557,5.420074490706
    ));
#7252 = CARTESIAN_POINT('',(-14.50016871686,57.522497878897,
    5.419959005637));
#7253 = CARTESIAN_POINT('',(-14.50016671088,57.522363669127,
    5.419843522868));
#7254 = CARTESIAN_POINT('',(-14.50016471928,57.522229456264,
    5.419728042399));
#7255 = CARTESIAN_POINT('',(-14.50016110392,57.52198404371,
    5.419516891707));
#7256 = CARTESIAN_POINT('',(-14.50015947566,57.521872844989,
    5.419421220763));
#7257 = CARTESIAN_POINT('',(-14.50015785727,57.521761644146,
    5.419325551399));
#7258 = CARTESIAN_POINT('',(-14.50015624874,57.521650441183,
    5.419229883617));
#7259 = CARTESIAN_POINT('',(-14.50015465008,57.5215392361,5.419134217417
    ));
#7260 = CARTESIAN_POINT('',(-14.5001518013,57.521339837112,
    5.418962686912));
#7261 = CARTESIAN_POINT('',(-14.50015054753,57.521251643994,
    5.418886822019));
#7262 = CARTESIAN_POINT('',(-14.50014929996,57.521163449544,
    5.418810958122));
#7263 = CARTESIAN_POINT('',(-14.50014805859,57.521075253762,
    5.418735095222));
#7264 = CARTESIAN_POINT('',(-14.50014682344,57.520987056649,
    5.418659233318));
#7265 = CARTESIAN_POINT('',(-14.50014404506,57.520787660337,
    5.418487729331));
#7266 = CARTESIAN_POINT('',(-14.50014250551,57.520676460354,
    5.418392087835));
#7267 = CARTESIAN_POINT('',(-14.50014097581,57.520565258256,
    5.418296447925));
#7268 = CARTESIAN_POINT('',(-14.50013945599,57.520454054045,
    5.418200809603));
#7269 = CARTESIAN_POINT('',(-14.50013794603,57.520342847721,
    5.418105172868));
#7270 = CARTESIAN_POINT('',(-14.50013567009,57.520174121561,
    5.417960074605));
#7271 = CARTESIAN_POINT('',(-14.50013489687,57.520116603272,
    5.417910611913));
#7272 = CARTESIAN_POINT('',(-14.5001341263,57.520059084419,
    5.417861149646));
#7273 = CARTESIAN_POINT('',(-14.50013335836,57.520001565,5.417811687804)
  );
#7274 = CARTESIAN_POINT('',(-14.50013259306,57.519944045018,
    5.417762226388));
#7275 = CARTESIAN_POINT('',(-14.50013045771,57.519782994155,
    5.417623741348));
#7276 = CARTESIAN_POINT('',(-14.50012909357,57.519679462011,
    5.417534718677));
#7277 = CARTESIAN_POINT('',(-14.50012773799,57.519575928039,
    5.417445697386));
#7278 = CARTESIAN_POINT('',(-14.50012639096,57.51947239224,
    5.417356677474));
#7279 = CARTESIAN_POINT('',(-14.50012505248,57.519368854615,
    5.417267658942));
#7280 = CARTESIAN_POINT('',(-14.5001227375,57.519188624804,
    5.417112707916));
#7281 = CARTESIAN_POINT('',(-14.50012175713,57.519111933442,
    5.417046774797));
#7282 = CARTESIAN_POINT('',(-14.50012078146,57.519035241079,
    5.416980842436));
#7283 = CARTESIAN_POINT('',(-14.50011981049,57.518958547715,
    5.416914910834));
#7284 = CARTESIAN_POINT('',(-14.5001188442,57.518881853351,5.41684897999
    ));
#7285 = CARTESIAN_POINT('',(-14.50011658457,57.518701626709,
    5.416694050707));
#7286 = CARTESIAN_POINT('',(-14.50011529507,57.518598093609,
    5.416605052892));
#7287 = CARTESIAN_POINT('',(-14.50011401413,57.518494558687,
    5.416516056461));
#7288 = CARTESIAN_POINT('',(-14.50011274174,57.518391021944,
    5.416427061413));
#7289 = CARTESIAN_POINT('',(-14.50011147791,57.51828748338,5.41633806775
    ));
#7290 = CARTESIAN_POINT('',(-14.50010794482,57.517996058285,
    5.416087589802));
#7291 = CARTESIAN_POINT('',(-14.50010569517,57.517808167582,
    5.415926108693));
#7292 = CARTESIAN_POINT('',(-14.50010347369,57.517620270891,
    5.41576463215));
#7293 = CARTESIAN_POINT('',(-14.5001012804,57.517432368217,
    5.415603160176));
#7294 = CARTESIAN_POINT('',(-14.50009911529,57.517244459563,
    5.415441692776));
#7295 = CARTESIAN_POINT('',(-14.50009597544,57.516968349856,
    5.415204449657));
#7296 = CARTESIAN_POINT('',(-14.50009497871,57.516880153461,
    5.415128670369));
#7297 = CARTESIAN_POINT('',(-14.5000939882,57.51679195575,5.415052892089
    ));
#7298 = CARTESIAN_POINT('',(-14.50009300389,57.516703756724,
    5.414977114818));
#7299 = CARTESIAN_POINT('',(-14.5000920258,57.516615556383,
    5.414901338557));
#7300 = CARTESIAN_POINT('',(-14.50008987084,57.516419987206,
    5.414733322396));
#7301 = CARTESIAN_POINT('',(-14.50008869697,57.516312617737,
    5.414641082982));
#7302 = CARTESIAN_POINT('',(-14.5000875323,57.516205246321,
    5.414548845066));
#7303 = CARTESIAN_POINT('',(-14.50008637684,57.516097872959,
    5.414456608648));
#7304 = CARTESIAN_POINT('',(-14.50008523058,57.515990497652,
    5.41436437373));
#7305 = CARTESIAN_POINT('',(-14.50008315959,57.515794924566,
    5.414196383077));
#7306 = CARTESIAN_POINT('',(-14.50008223186,57.515706727418,
    5.414120626855));
#7307 = CARTESIAN_POINT('',(-14.50008131035,57.51561852896,
    5.414044871645));
#7308 = CARTESIAN_POINT('',(-14.50008039504,57.51553032919,
    5.413969117448));
#7309 = CARTESIAN_POINT('',(-14.50007948595,57.515442128111,
    5.413893364264));
#7310 = CARTESIAN_POINT('',(-14.5000777195,57.515269564048,
    5.413745158502));
#7311 = CARTESIAN_POINT('',(-14.50007686161,57.515185201177,
    5.413672705837));
#7312 = CARTESIAN_POINT('',(-14.50007600941,57.515100837107,
    5.413600254101));
#7313 = CARTESIAN_POINT('',(-14.50007516289,57.515016471841,
    5.413527803291));
#7314 = CARTESIAN_POINT('',(-14.50007432205,57.514932105377,
    5.413455353411));
#7315 = CARTESIAN_POINT('',(-14.50007219632,57.514717362545,
    5.413270947524));
#7316 = CARTESIAN_POINT('',(-14.50007091931,57.514586984517,
    5.413158992808));
#7317 = CARTESIAN_POINT('',(-14.50006965587,57.514456603632,
    5.41304704031));
#7318 = CARTESIAN_POINT('',(-14.50006840601,57.514326219893,
    5.412935090032));
#7319 = CARTESIAN_POINT('',(-14.50006716973,57.514195833302,
    5.412823141976));
#7320 = CARTESIAN_POINT('',(-14.50006490422,57.513954240094,
    5.412615722172));
#7321 = CARTESIAN_POINT('',(-14.50006387129,57.513843034256,
    5.412520249817));
#7322 = CARTESIAN_POINT('',(-14.50006284824,57.513731826345,
    5.41242477908));
#7323 = CARTESIAN_POINT('',(-14.50006183507,57.513620616362,
    5.412329309961));
#7324 = CARTESIAN_POINT('',(-14.50006083177,57.513509404308,
    5.412233842462));
#7325 = CARTESIAN_POINT('',(-14.50005884503,57.513286985967,
    5.41204291921));
#7326 = CARTESIAN_POINT('',(-14.50005786157,57.513175779681,
    5.411947463456));
#7327 = CARTESIAN_POINT('',(-14.50005688799,57.513064571326,
    5.411852009324));
#7328 = CARTESIAN_POINT('',(-14.50005592429,57.512953360902,
    5.411756556813));
#7329 = CARTESIAN_POINT('',(-14.50005497047,57.512842148412,
    5.411661105924));
#7330 = CARTESIAN_POINT('',(-14.5000532454,57.512638901717,
    5.411486670596));
#7331 = CARTESIAN_POINT('',(-14.50005247103,57.512546868164,
    5.411407685644));
#7332 = CARTESIAN_POINT('',(-14.50005170343,57.512454833196,
    5.411328701805));
#7333 = CARTESIAN_POINT('',(-14.50005094259,57.512362796815,
    5.411249719078));
#7334 = CARTESIAN_POINT('',(-14.50005018852,57.51227075902,
    5.411170737464));
#7335 = CARTESIAN_POINT('',(-14.50004860056,57.512075183818,
    5.411002910864));
#7336 = CARTESIAN_POINT('',(-14.50004776847,57.511971646035,
    5.410914066173));
#7337 = CARTESIAN_POINT('',(-14.50004694495,57.511868106466,
    5.410825222892));
#7338 = CARTESIAN_POINT('',(-14.50004612998,57.511764565111,
    5.410736381021));
#7339 = CARTESIAN_POINT('',(-14.50004532358,57.511661021969,
    5.410647540562));
#7340 = CARTESIAN_POINT('',(-14.50004369843,57.511450106196,
    5.410466579919));
#7341 = CARTESIAN_POINT('',(-14.50004288033,57.51134273343,
    5.410374459841));
#7342 = CARTESIAN_POINT('',(-14.50004207143,57.511235358746,
    5.410282341283));
#7343 = CARTESIAN_POINT('',(-14.50004127174,57.511127982144,
    5.410190224243));
#7344 = CARTESIAN_POINT('',(-14.50004048127,57.511020603625,
    5.410098108725));
#7345 = CARTESIAN_POINT('',(-14.50003844454,57.510740666856,
    5.409857970984));
#7346 = CARTESIAN_POINT('',(-14.50003721286,57.510568105575,
    5.40970995117));
#7347 = CARTESIAN_POINT('',(-14.50003600497,57.51039553935,
    5.409561935286));
#7348 = CARTESIAN_POINT('',(-14.50003482087,57.510222968184,
    5.409413923337));
#7349 = CARTESIAN_POINT('',(-14.50003366057,57.510050392081,
    5.409265915325));
#7350 = CARTESIAN_POINT('',(-14.50003189274,57.50978194301,
    5.409035695618));
#7351 = CARTESIAN_POINT('',(-14.50003126876,57.509686073453,
    5.408953481198));
#7352 = CARTESIAN_POINT('',(-14.50003065212,57.509590202373,
    5.408871267995));
#7353 = CARTESIAN_POINT('',(-14.50003004283,57.509494329773,
    5.408789056008));
#7354 = CARTESIAN_POINT('',(-14.50002944088,57.509398455652,
    5.40870684524));
#7355 = CARTESIAN_POINT('',(-14.50002806146,57.509176035451,
    5.40851612876));
#7356 = CARTESIAN_POINT('',(-14.50002728945,57.509049488244,
    5.408407623953));
#7357 = CARTESIAN_POINT('',(-14.50002653023,57.50892293839,5.40829912127
    ));
#7358 = CARTESIAN_POINT('',(-14.50002578381,57.508796385891,
    5.40819062071));
#7359 = CARTESIAN_POINT('',(-14.50002505019,57.508669830749,
    5.408082122277));
#7360 = CARTESIAN_POINT('',(-14.50002277875,57.508271025523,
    5.407740231859));
#7361 = CARTESIAN_POINT('',(-14.50002128736,57.507998765855,
    5.407506847591));
#7362 = CARTESIAN_POINT('',(-14.50001985521,57.507726493973,
    5.407273473177));
#7363 = CARTESIAN_POINT('',(-14.50001848231,57.50745420989,
    5.407040108631));
#7364 = CARTESIAN_POINT('',(-14.50001716867,57.507181913621,
    5.406806753964));
#7365 = CARTESIAN_POINT('',(-14.50001540202,57.506798397713,
    5.406478114013));
#7366 = CARTESIAN_POINT('',(-14.50001489964,57.506687188218,
    5.406382820487));
#7367 = CARTESIAN_POINT('',(-14.50001440713,57.506575976693,
    5.406287528611));
#7368 = CARTESIAN_POINT('',(-14.50001392452,57.50646476314,
    5.406192238387));
#7369 = CARTESIAN_POINT('',(-14.50001345179,57.50635354756,
    5.406096949815));
#7370 = CARTESIAN_POINT('',(-14.50001252615,57.506131122272,
    5.405906384482));
#7371 = CARTESIAN_POINT('',(-14.50001207323,57.506019912565,
    5.40581110772));
#7372 = CARTESIAN_POINT('',(-14.5000116302,57.505908700832,
    5.405715832612));
#7373 = CARTESIAN_POINT('',(-14.50001119706,57.505797487076,
    5.405620559159));
#7374 = CARTESIAN_POINT('',(-14.5000107738,57.505686271295,5.40552528736
    ));
#7375 = CARTESIAN_POINT('',(-14.50000994711,57.505463845618,
    5.40533475558));
#7376 = CARTESIAN_POINT('',(-14.50000954367,57.50535263572,
    5.405239495597));
#7377 = CARTESIAN_POINT('',(-14.50000915011,57.505241423802,
    5.405144237272));
#7378 = CARTESIAN_POINT('',(-14.50000876644,57.505130209863,
    5.405048980604));
#7379 = CARTESIAN_POINT('',(-14.50000839266,57.505018993906,
    5.404953725594));
#7380 = CARTESIAN_POINT('',(-14.50000766491,57.504796567882,
    5.404763227397));
#7381 = CARTESIAN_POINT('',(-14.50000731094,57.504685357817,
    5.404667984209));
#7382 = CARTESIAN_POINT('',(-14.50000696686,57.504574145734,
    5.40457274268));
#7383 = CARTESIAN_POINT('',(-14.50000663267,57.504462931636,
    5.404477502813));
#7384 = CARTESIAN_POINT('',(-14.50000630836,57.504351715523,
    5.404382264607));
#7385 = CARTESIAN_POINT('',(-14.50000576628,57.504159966329,
    5.404218068978));
#7386 = CARTESIAN_POINT('',(-14.50000554381,57.504079434207,
    5.404149110764));
#7387 = CARTESIAN_POINT('',(-14.50000532652,57.503998901029,
    5.404080153422));
#7388 = CARTESIAN_POINT('',(-14.50000511441,57.503918366796,
    5.404011196952));
#7389 = CARTESIAN_POINT('',(-14.50000490749,57.503837831508,
    5.403942241354));
#7390 = CARTESIAN_POINT('',(-14.5000044272,57.503646086873,
    5.403778070769));
#7391 = CARTESIAN_POINT('',(-14.50000415852,57.50353487657,
    5.403682856572));
#7392 = CARTESIAN_POINT('',(-14.50000389974,57.503423664257,
    5.403587644041));
#7393 = CARTESIAN_POINT('',(-14.50000365084,57.503312449934,
    5.403492433175));
#7394 = CARTESIAN_POINT('',(-14.50000341184,57.503201233604,
    5.403397223977));
#7395 = CARTESIAN_POINT('',(-14.50000296154,57.502982641469,
    5.403210100001));
#7396 = CARTESIAN_POINT('',(-14.50000274957,57.502875265801,
    5.403118185111));
#7397 = CARTESIAN_POINT('',(-14.50000254681,57.502767888263,
    5.403026271775));
#7398 = CARTESIAN_POINT('',(-14.50000235328,57.502660508856,
    5.402934359996));
#7399 = CARTESIAN_POINT('',(-14.50000216897,57.50255312758,
    5.402842449773));
#7400 = CARTESIAN_POINT('',(-14.50000186258,57.502365213158,
    5.40268161481));
#7401 = CARTESIAN_POINT('',(-14.50000173646,57.502284680828,
    5.402612689388));
#7402 = CARTESIAN_POINT('',(-14.50000161553,57.502204147448,
    5.402543764843));
#7403 = CARTESIAN_POINT('',(-14.50000149978,57.502123613019,
    5.402474841174));
#7404 = CARTESIAN_POINT('',(-14.50000138922,57.50204307754,
    5.402405918382));
#7405 = CARTESIAN_POINT('',(-14.50000114337,57.501855167081,
    5.402245107515));
#7406 = CARTESIAN_POINT('',(-14.5000010121,57.501747791284,
    5.402153220123));
#7407 = CARTESIAN_POINT('',(-14.50000089006,57.501640413624,
    5.402061334291));
#7408 = CARTESIAN_POINT('',(-14.50000077724,57.501533034102,
    5.401969450019));
#7409 = CARTESIAN_POINT('',(-14.50000067365,57.501425652718,
    5.401877567309));
#7410 = CARTESIAN_POINT('',(-14.50000048828,57.501214730116,
    5.401697093989));
#7411 = CARTESIAN_POINT('',(-14.50000040586,57.501111189029,
    5.401608503269));
#7412 = CARTESIAN_POINT('',(-14.50000033201,57.501007646214,
    5.401519914003));
#7413 = CARTESIAN_POINT('',(-14.50000026674,57.500904101669,
    5.40143132619));
#7414 = CARTESIAN_POINT('',(-14.50000021005,57.500800555397,
    5.401342739831));
#7415 = CARTESIAN_POINT('',(-14.50000010796,57.500580844928,
    5.401154778394));
#7416 = CARTESIAN_POINT('',(-14.50000006477,57.500464680285,
    5.401055403692));
#7417 = CARTESIAN_POINT('',(-14.50000003239,57.50034851347,
    5.400956030822));
#7418 = CARTESIAN_POINT('',(-14.50000001079,57.500232344483,
    5.400856659785));
#7419 = CARTESIAN_POINT('',(-14.5,57.500116173326,5.400757290582));
#7420 = CARTESIAN_POINT('',(-14.5,57.5,5.400657923215));
#7421 = ORIENTED_EDGE('',*,*,#7422,.F.);
#7422 = EDGE_CURVE('',#1359,#7176,#7423,.T.);
#7423 = LINE('',#7424,#7425);
#7424 = CARTESIAN_POINT('',(-14.5,57.5,0.));
#7425 = VECTOR('',#7426,1.);
#7426 = DIRECTION('',(0.,0.,1.));
#7427 = CYLINDRICAL_SURFACE('',#7428,1.5);
#7428 = AXIS2_PLACEMENT_3D('',#7429,#7430,#7431);
#7429 = CARTESIAN_POINT('',(-16.,57.5,0.));
#7430 = DIRECTION('',(0.,0.,-1.));
#7431 = DIRECTION('',(-1.,0.,0.));
#7432 = ADVANCED_FACE('',(#7433),#7452,.F.);
#7433 = FACE_BOUND('',#7434,.F.);
#7434 = EDGE_LOOP('',(#7435,#7436,#7444,#7451));
#7435 = ORIENTED_EDGE('',*,*,#1375,.F.);
#7436 = ORIENTED_EDGE('',*,*,#7437,.T.);
#7437 = EDGE_CURVE('',#1368,#7438,#7440,.T.);
#7438 = VERTEX_POINT('',#7439);
#7439 = CARTESIAN_POINT('',(-14.5,31.5,3.));
#7440 = LINE('',#7441,#7442);
#7441 = CARTESIAN_POINT('',(-14.5,31.5,0.));
#7442 = VECTOR('',#7443,1.);
#7443 = DIRECTION('',(0.,0.,1.));
#7444 = ORIENTED_EDGE('',*,*,#7445,.F.);
#7445 = EDGE_CURVE('',#7152,#7438,#7446,.T.);
#7446 = CIRCLE('',#7447,1.5);
#7447 = AXIS2_PLACEMENT_3D('',#7448,#7449,#7450);
#7448 = CARTESIAN_POINT('',(-16.,31.5,3.));
#7449 = DIRECTION('',(0.,0.,1.));
#7450 = DIRECTION('',(-1.,0.,0.));
#7451 = ORIENTED_EDGE('',*,*,#7159,.F.);
#7452 = CYLINDRICAL_SURFACE('',#7453,1.5);
#7453 = AXIS2_PLACEMENT_3D('',#7454,#7455,#7456);
#7454 = CARTESIAN_POINT('',(-16.,31.5,0.));
#7455 = DIRECTION('',(0.,0.,-1.));
#7456 = DIRECTION('',(-1.,0.,0.));
#7457 = ADVANCED_FACE('',(#7458),#7478,.T.);
#7458 = FACE_BOUND('',#7459,.F.);
#7459 = EDGE_LOOP('',(#7460,#7461,#7462,#7471,#7477));
#7460 = ORIENTED_EDGE('',*,*,#1367,.F.);
#7461 = ORIENTED_EDGE('',*,*,#7422,.T.);
#7462 = ORIENTED_EDGE('',*,*,#7463,.F.);
#7463 = EDGE_CURVE('',#7464,#7176,#7466,.T.);
#7464 = VERTEX_POINT('',#7465);
#7465 = CARTESIAN_POINT('',(-14.5,51.,3.));
#7466 = CIRCLE('',#7467,10.);
#7467 = AXIS2_PLACEMENT_3D('',#7468,#7469,#7470);
#7468 = CARTESIAN_POINT('',(-14.5,51.,13.));
#7469 = DIRECTION('',(1.,0.,0.));
#7470 = DIRECTION('',(0.,1.,0.));
#7471 = ORIENTED_EDGE('',*,*,#7472,.F.);
#7472 = EDGE_CURVE('',#7438,#7464,#7473,.T.);
#7473 = LINE('',#7474,#7475);
#7474 = CARTESIAN_POINT('',(-14.5,46.41539213977,3.));
#7475 = VECTOR('',#7476,1.);
#7476 = DIRECTION('',(0.,1.,0.));
#7477 = ORIENTED_EDGE('',*,*,#7437,.F.);
#7478 = PLANE('',#7479);
#7479 = AXIS2_PLACEMENT_3D('',#7480,#7481,#7482);
#7480 = CARTESIAN_POINT('',(-14.5,57.5,0.));
#7481 = DIRECTION('',(-1.,-0.,-0.));
#7482 = DIRECTION('',(0.,1.,0.));
#7483 = ADVANCED_FACE('',(#7484),#7518,.F.);
#7484 = FACE_BOUND('',#7485,.T.);
#7485 = EDGE_LOOP('',(#7486,#7487,#7495,#7504,#7512));
#7486 = ORIENTED_EDGE('',*,*,#1384,.F.);
#7487 = ORIENTED_EDGE('',*,*,#7488,.T.);
#7488 = EDGE_CURVE('',#1385,#7489,#7491,.T.);
#7489 = VERTEX_POINT('',#7490);
#7490 = CARTESIAN_POINT('',(-23.83333333333,57.5,5.400657923215));
#7491 = LINE('',#7492,#7493);
#7492 = CARTESIAN_POINT('',(-23.83333333333,57.5,0.));
#7493 = VECTOR('',#7494,1.);
#7494 = DIRECTION('',(0.,0.,1.));
#7495 = ORIENTED_EDGE('',*,*,#7496,.F.);
#7496 = EDGE_CURVE('',#7497,#7489,#7499,.T.);
#7497 = VERTEX_POINT('',#7498);
#7498 = CARTESIAN_POINT('',(-23.83333333333,51.,3.));
#7499 = CIRCLE('',#7500,10.);
#7500 = AXIS2_PLACEMENT_3D('',#7501,#7502,#7503);
#7501 = CARTESIAN_POINT('',(-23.83333333333,51.,13.));
#7502 = DIRECTION('',(1.,0.,0.));
#7503 = DIRECTION('',(0.,1.,0.));
#7504 = ORIENTED_EDGE('',*,*,#7505,.F.);
#7505 = EDGE_CURVE('',#7506,#7497,#7508,.T.);
#7506 = VERTEX_POINT('',#7507);
#7507 = CARTESIAN_POINT('',(-23.83333333333,47.5,3.));
#7508 = LINE('',#7509,#7510);
#7509 = CARTESIAN_POINT('',(-23.83333333333,46.41539213977,3.));
#7510 = VECTOR('',#7511,1.);
#7511 = DIRECTION('',(0.,1.,0.));
#7512 = ORIENTED_EDGE('',*,*,#7513,.F.);
#7513 = EDGE_CURVE('',#1387,#7506,#7514,.T.);
#7514 = LINE('',#7515,#7516);
#7515 = CARTESIAN_POINT('',(-23.83333333333,47.5,0.));
#7516 = VECTOR('',#7517,1.);
#7517 = DIRECTION('',(0.,0.,1.));
#7518 = PLANE('',#7519);
#7519 = AXIS2_PLACEMENT_3D('',#7520,#7521,#7522);
#7520 = CARTESIAN_POINT('',(-23.83333333333,57.5,0.));
#7521 = DIRECTION('',(-1.,-0.,-0.));
#7522 = DIRECTION('',(0.,1.,0.));
#7523 = ADVANCED_FACE('',(#7524),#7796,.F.);
#7524 = FACE_BOUND('',#7525,.F.);
#7525 = EDGE_LOOP('',(#7526,#7527,#7528,#7790));
#7526 = ORIENTED_EDGE('',*,*,#1394,.F.);
#7527 = ORIENTED_EDGE('',*,*,#7488,.T.);
#7528 = ORIENTED_EDGE('',*,*,#7529,.T.);
#7529 = EDGE_CURVE('',#7489,#7530,#7532,.T.);
#7530 = VERTEX_POINT('',#7531);
#7531 = CARTESIAN_POINT('',(-20.83333333333,57.5,5.400657923215));
#7532 = B_SPLINE_CURVE_WITH_KNOTS('',6,(#7533,#7534,#7535,#7536,#7537,
    #7538,#7539,#7540,#7541,#7542,#7543,#7544,#7545,#7546,#7547,#7548,
    #7549,#7550,#7551,#7552,#7553,#7554,#7555,#7556,#7557,#7558,#7559,
    #7560,#7561,#7562,#7563,#7564,#7565,#7566,#7567,#7568,#7569,#7570,
    #7571,#7572,#7573,#7574,#7575,#7576,#7577,#7578,#7579,#7580,#7581,
    #7582,#7583,#7584,#7585,#7586,#7587,#7588,#7589,#7590,#7591,#7592,
    #7593,#7594,#7595,#7596,#7597,#7598,#7599,#7600,#7601,#7602,#7603,
    #7604,#7605,#7606,#7607,#7608,#7609,#7610,#7611,#7612,#7613,#7614,
    #7615,#7616,#7617,#7618,#7619,#7620,#7621,#7622,#7623,#7624,#7625,
    #7626,#7627,#7628,#7629,#7630,#7631,#7632,#7633,#7634,#7635,#7636,
    #7637,#7638,#7639,#7640,#7641,#7642,#7643,#7644,#7645,#7646,#7647,
    #7648,#7649,#7650,#7651,#7652,#7653,#7654,#7655,#7656,#7657,#7658,
    #7659,#7660,#7661,#7662,#7663,#7664,#7665,#7666,#7667,#7668,#7669,
    #7670,#7671,#7672,#7673,#7674,#7675,#7676,#7677,#7678,#7679,#7680,
    #7681,#7682,#7683,#7684,#7685,#7686,#7687,#7688,#7689,#7690,#7691,
    #7692,#7693,#7694,#7695,#7696,#7697,#7698,#7699,#7700,#7701,#7702,
    #7703,#7704,#7705,#7706,#7707,#7708,#7709,#7710,#7711,#7712,#7713,
    #7714,#7715,#7716,#7717,#7718,#7719,#7720,#7721,#7722,#7723,#7724,
    #7725,#7726,#7727,#7728,#7729,#7730,#7731,#7732,#7733,#7734,#7735,
    #7736,#7737,#7738,#7739,#7740,#7741,#7742,#7743,#7744,#7745,#7746,
    #7747,#7748,#7749,#7750,#7751,#7752,#7753,#7754,#7755,#7756,#7757,
    #7758,#7759,#7760,#7761,#7762,#7763,#7764,#7765,#7766,#7767,#7768,
    #7769,#7770,#7771,#7772,#7773,#7774,#7775,#7776,#7777,#7778,#7779,
    #7780,#7781,#7782,#7783,#7784,#7785,#7786,#7787,#7788,#7789),
  .UNSPECIFIED.,.F.,.F.,(7,5,5,5,5,5,5,5,5,5,5,5,5,5,5,5,5,5,5,5,5,5,5,5
    ,5,5,5,5,5,5,5,5,5,5,5,5,5,5,5,5,5,5,5,5,5,5,5,5,5,5,5,7),(0.,
    5.753599663255E-02,0.172058477182,0.281938788284,0.322083575732,
    0.377005863583,0.422425982809,0.448500373336,0.49977588544,
    0.577062310139,0.623104555872,0.67905320093,0.718257429508,
    0.827816940733,0.995084721393,0.995224368962,0.995364004119,
    0.995498812491,0.995638423249,0.995778021591,0.995898355024,
    0.996009053632,0.996148619004,0.996288171957,0.996408466259,
    0.996523940104,0.996663459649,0.996798156388,0.996913601517,
    0.997053086362,0.997182940392,0.997322401242,0.997452232931,
    0.997586861823,0.997726286674,0.997865699096,0.998005099087,
    0.998120455196,0.99823580279,0.998375169772,0.998548159763,
    0.998687498875,0.998817217216,0.998951728553,0.999062211335,
    0.999191898532,0.999331180179,0.999456042805,0.999595300861,
    0.99972494373,0.999854575816,1.),.UNSPECIFIED.);
#7533 = CARTESIAN_POINT('',(-23.83333333333,57.5,5.400657923215));
#7534 = CARTESIAN_POINT('',(-23.83333333333,57.545963960415,
    5.439972608575));
#7535 = CARTESIAN_POINT('',(-23.83164319376,57.591581783713,
    5.47956897415));
#7536 = CARTESIAN_POINT('',(-23.82831060213,57.636795644654,
    5.519394509529));
#7537 = CARTESIAN_POINT('',(-23.82338266505,57.681551446128,
    5.559395420718));
#7538 = CARTESIAN_POINT('',(-23.8169059083,57.725798819157,
    5.599516630136));
#7539 = CARTESIAN_POINT('',(-23.79304322525,57.856458435482,
    5.719688270739));
#7540 = CARTESIAN_POINT('',(-23.77121074445,57.941200167192,
    5.799904249961));
#7541 = CARTESIAN_POINT('',(-23.74377622184,58.023468267182,
    5.880013305753));
#7542 = CARTESIAN_POINT('',(-23.71102167206,58.103055011815,
    5.959672018214));
#7543 = CARTESIAN_POINT('',(-23.67317203838,58.179766858529,
    6.038506722413));
#7544 = CARTESIAN_POINT('',(-23.58936857304,58.324045089983,
    6.190528977277));
#7545 = CARTESIAN_POINT('',(-23.54380219572,58.391861805126,
    6.263821675715));
#7546 = CARTESIAN_POINT('',(-23.49382043968,58.456732059132,
    6.33565910735));
#7547 = CARTESIAN_POINT('',(-23.43947907261,58.518497483619,
    6.40566236408));
#7548 = CARTESIAN_POINT('',(-23.3807969061,58.576938267915,
    6.473346772355));
#7549 = CARTESIAN_POINT('',(-23.2947556027,58.651780524836,
    6.561738176366));
#7550 = CARTESIAN_POINT('',(-23.27115179774,58.671324821817,
    6.584999052194));
#7551 = CARTESIAN_POINT('',(-23.24696707423,58.690372323871,
    6.607838417712));
#7552 = CARTESIAN_POINT('',(-23.22220116101,58.708906823363,
    6.630223127715));
#7553 = CARTESIAN_POINT('',(-23.19685417588,58.726910171259,
    6.652116874699));
#7554 = CARTESIAN_POINT('',(-23.13545501225,58.768238591896,
    6.702707447606));
#7555 = CARTESIAN_POINT('',(-23.09888903644,58.791088284045,
    6.730948377231));
#7556 = CARTESIAN_POINT('',(-23.06123963759,58.812852572806,
    6.758092478921));
#7557 = CARTESIAN_POINT('',(-23.0225194803,58.833469025196,
    6.784022242404));
#7558 = CARTESIAN_POINT('',(-22.98274295441,58.852871556003,
    6.808613145955));
#7559 = CARTESIAN_POINT('',(-22.90817115381,58.885974532592,
    6.850854060557));
#7560 = CARTESIAN_POINT('',(-22.87370101446,58.900082100484,
    6.868971038876));
#7561 = CARTESIAN_POINT('',(-22.83854787863,58.913263254339,
    6.885996552439));
#7562 = CARTESIAN_POINT('',(-22.80274476104,58.925470571141,
    6.901846049497));
#7563 = CARTESIAN_POINT('',(-22.76632556943,58.936659081988,
    6.91643846547));
#7564 = CARTESIAN_POINT('',(-22.70808419664,58.952600002089,
    6.937307122078));
#7565 = CARTESIAN_POINT('',(-22.68665603412,58.958062788395,
    6.944476745087));
#7566 = CARTESIAN_POINT('',(-22.66505049831,58.963165738893,
    6.951189387341));
#7567 = CARTESIAN_POINT('',(-22.64327895729,58.967900447141,
    6.957430250689));
#7568 = CARTESIAN_POINT('',(-22.62135426598,58.972258992361,
    6.963185443455));
#7569 = CARTESIAN_POINT('',(-22.55590270469,58.984050706901,
    6.97877900542));
#7570 = CARTESIAN_POINT('',(-22.51195825136,58.99038775641,
    6.987192698199));
#7571 = CARTESIAN_POINT('',(-22.4675930252,58.995182440146,
    6.993576481632));
#7572 = CARTESIAN_POINT('',(-22.42294320503,58.998393517248,
    6.997858080782));
#7573 = CARTESIAN_POINT('',(-22.37814486885,59.,7.));
#7574 = CARTESIAN_POINT('',(-22.26578991497,59.,7.));
#7575 = CARTESIAN_POINT('',(-22.19833870696,58.99635005889,
    6.995133965301));
#7576 = CARTESIAN_POINT('',(-22.13139624384,58.98907005705,
    6.985425719232));
#7577 = CARTESIAN_POINT('',(-22.06538333318,58.978259776521,
    6.971059931444));
#7578 = CARTESIAN_POINT('',(-22.00072057484,58.964110764741,
    6.952377166869));
#7579 = CARTESIAN_POINT('',(-21.90035410357,58.936675980789,
    6.916459987899));
#7580 = CARTESIAN_POINT('',(-21.86347997337,58.925345353779,
    6.90168210344));
#7581 = CARTESIAN_POINT('',(-21.8272375562,58.912970416318,
    6.885615770044));
#7582 = CARTESIAN_POINT('',(-21.79166197917,58.899597836451,
    6.868345121313));
#7583 = CARTESIAN_POINT('',(-21.75678742996,58.885276851189,
    6.849957935726));
#7584 = CARTESIAN_POINT('',(-21.68116129966,58.851567482925,
    6.80695660847));
#7585 = CARTESIAN_POINT('',(-21.64075363075,58.831749482796,
    6.781850273102));
#7586 = CARTESIAN_POINT('',(-21.60144070408,58.810678547072,
    6.755364929047));
#7587 = CARTESIAN_POINT('',(-21.56323723027,58.788423951743,
    6.727631222354));
#7588 = CARTESIAN_POINT('',(-21.52615607651,58.765050967834,
    6.698772146606));
#7589 = CARTESIAN_POINT('',(-21.46501898525,58.723502243519,
    6.647973221178));
#7590 = CARTESIAN_POINT('',(-21.44038208579,58.705861811286,
    6.626543994839));
#7591 = CARTESIAN_POINT('',(-21.41629805182,58.687718064796,
    6.604651734903));
#7592 = CARTESIAN_POINT('',(-21.39276698845,58.669087721138,
    6.582329920775));
#7593 = CARTESIAN_POINT('',(-21.36978862215,58.649985714403,
    6.559609140267));
#7594 = CARTESIAN_POINT('',(-21.28469006131,58.575761682409,
    6.471984413521));
#7595 = CARTESIAN_POINT('',(-21.22631788344,58.51750717,6.404540309499)
  );
#7596 = CARTESIAN_POINT('',(-21.17225114029,58.455957730444,
    6.334801987086));
#7597 = CARTESIAN_POINT('',(-21.12250877717,58.391330006652,
    6.263247378195));
#7598 = CARTESIAN_POINT('',(-21.07714618988,58.323780357665,
    6.19025059013));
#7599 = CARTESIAN_POINT('',(-20.97388357326,58.146008855438,
    6.00293593812));
#7600 = CARTESIAN_POINT('',(-20.92189531747,58.031931217719,
    5.886978615368));
#7601 = CARTESIAN_POINT('',(-20.88094270961,57.911877032217,
    5.76964216201));
#7602 = CARTESIAN_POINT('',(-20.85183901327,57.786534713849,
    5.652109603793));
#7603 = CARTESIAN_POINT('',(-20.83560655679,57.656709384154,
    5.535477188446));
#7604 = CARTESIAN_POINT('',(-20.83351602389,57.523410482462,
    5.420744383593));
#7605 = CARTESIAN_POINT('',(-20.83351428988,57.523299285339,
    5.420648677602));
#7606 = CARTESIAN_POINT('',(-20.83351256573,57.523188086086,
    5.420552973185));
#7607 = CARTESIAN_POINT('',(-20.83351085144,57.523076884703,
    5.420457270343));
#7608 = CARTESIAN_POINT('',(-20.83350914701,57.522965681191,
    5.420361569077));
#7609 = CARTESIAN_POINT('',(-20.83350575804,57.522743279796,
    5.420170178204));
#7610 = CARTESIAN_POINT('',(-20.83350407349,57.522632081914,
    5.420074488597));
#7611 = CARTESIAN_POINT('',(-20.83350239881,57.522520881905,
    5.419978800567));
#7612 = CARTESIAN_POINT('',(-20.83350073399,57.52240967977,
    5.419883114115));
#7613 = CARTESIAN_POINT('',(-20.83349907903,57.52229847551,
    5.419787429242));
#7614 = CARTESIAN_POINT('',(-20.83349584572,57.522079906827,
    5.419599370151));
#7615 = CARTESIAN_POINT('',(-20.83349426669,57.521972542548,
    5.419506995825));
#7616 = CARTESIAN_POINT('',(-20.83349269685,57.52186517629,
    5.419414622973));
#7617 = CARTESIAN_POINT('',(-20.83349113622,57.521757808055,
    5.419322251594));
#7618 = CARTESIAN_POINT('',(-20.83348958478,57.521650437842,
    5.41922988169));
#7619 = CARTESIAN_POINT('',(-20.83348644535,57.521431868461,
    5.419041854321));
#7620 = CARTESIAN_POINT('',(-20.83348485803,57.521320669148,
    5.418946196962));
#7621 = CARTESIAN_POINT('',(-20.83348328058,57.521209467718,
    5.418850541186));
#7622 = CARTESIAN_POINT('',(-20.83348171299,57.52109826417,
    5.418754886994));
#7623 = CARTESIAN_POINT('',(-20.83348015527,57.520987058505,
    5.418659234388));
#7624 = CARTESIAN_POINT('',(-20.83347705969,57.520764652833,
    5.418467940852));
#7625 = CARTESIAN_POINT('',(-20.83347552184,57.520653452826,
    5.418372299923));
#7626 = CARTESIAN_POINT('',(-20.83347399386,57.520542250705,
    5.418276660581));
#7627 = CARTESIAN_POINT('',(-20.83347247574,57.52043104647,
    5.418181022825));
#7628 = CARTESIAN_POINT('',(-20.83347096749,57.520319840123,
    5.418085386657));
#7629 = CARTESIAN_POINT('',(-20.8334681775,57.520112770241,
    5.417907315304));
#7630 = CARTESIAN_POINT('',(-20.83346689323,57.520016907249,
    5.417824879709));
#7631 = CARTESIAN_POINT('',(-20.83346561629,57.519921042689,
    5.417742445295));
#7632 = CARTESIAN_POINT('',(-20.83346434669,57.519825176561,
    5.417660012064));
#7633 = CARTESIAN_POINT('',(-20.83346308442,57.519729308866,
    5.417577580014));
#7634 = CARTESIAN_POINT('',(-20.83346067503,57.519545246375,
    5.417419318333));
#7635 = CARTESIAN_POINT('',(-20.83345952678,57.519457051822,
    5.417343488519));
#7636 = CARTESIAN_POINT('',(-20.83345838473,57.519368855942,
    5.417267659707));
#7637 = CARTESIAN_POINT('',(-20.8334572489,57.519280658738,
    5.417191831897));
#7638 = CARTESIAN_POINT('',(-20.83345611927,57.519192460209,
    5.417116005089));
#7639 = CARTESIAN_POINT('',(-20.83345357948,57.518993060716,
    5.416944580459));
#7640 = CARTESIAN_POINT('',(-20.83345217297,57.518881858972,
    5.416848983228));
#7641 = CARTESIAN_POINT('',(-20.83345077634,57.518770655124,
    5.416753387592));
#7642 = CARTESIAN_POINT('',(-20.83344938957,57.518659449173,
    5.416657793551));
#7643 = CARTESIAN_POINT('',(-20.83344801267,57.518548241121,
    5.416562201107));
#7644 = CARTESIAN_POINT('',(-20.83344527874,57.518325830709,
    5.416371027917));
#7645 = CARTESIAN_POINT('',(-20.8334439217,57.518214628351,
    5.416275447173));
#7646 = CARTESIAN_POINT('',(-20.83344257454,57.518103423893,
    5.416179868026));
#7647 = CARTESIAN_POINT('',(-20.83344123724,57.517992217336,
    5.416084290477));
#7648 = CARTESIAN_POINT('',(-20.83343990982,57.517881008681,
    5.415988714527));
#7649 = CARTESIAN_POINT('',(-20.83343745653,57.517673934536,
    5.415810755325));
#7650 = CARTESIAN_POINT('',(-20.83343632814,57.517578069584,
    5.41572837166));
#7651 = CARTESIAN_POINT('',(-20.83343520708,57.517482203075,
    5.415645989185));
#7652 = CARTESIAN_POINT('',(-20.83343409336,57.517386335009,5.4155636079
    ));
#7653 = CARTESIAN_POINT('',(-20.83343298697,57.517290465386,
    5.415481227806));
#7654 = CARTESIAN_POINT('',(-20.83343083291,57.517102564798,
    5.415319771102));
#7655 = CARTESIAN_POINT('',(-20.83342978467,57.517010533954,5.4152406944
    ));
#7656 = CARTESIAN_POINT('',(-20.83342874318,57.516918501678,
    5.415161618795));
#7657 = CARTESIAN_POINT('',(-20.83342770845,57.516826467968,
    5.415082544289));
#7658 = CARTESIAN_POINT('',(-20.83342668049,57.516734432827,
    5.415003470882));
#7659 = CARTESIAN_POINT('',(-20.83342442544,57.516531194443,
    5.414828860643));
#7660 = CARTESIAN_POINT('',(-20.83342320145,57.516419990542,
    5.414733324315));
#7661 = CARTESIAN_POINT('',(-20.83342198735,57.516308784552,
    5.414637789594));
#7662 = CARTESIAN_POINT('',(-20.83342078311,57.516197576474,
    5.414542256479));
#7663 = CARTESIAN_POINT('',(-20.83341958875,57.51608636631,
    5.414446724972));
#7664 = CARTESIAN_POINT('',(-20.83341726071,57.515867786109,
    5.41425896738));
#7665 = CARTESIAN_POINT('',(-20.83341612637,57.515760416215,
    5.414166741186));
#7666 = CARTESIAN_POINT('',(-20.83341500123,57.515653044378,
    5.414074516491));
#7667 = CARTESIAN_POINT('',(-20.8334138853,57.515545670598,
    5.413982293297));
#7668 = CARTESIAN_POINT('',(-20.83341277857,57.515438294876,
    5.413890071605));
#7669 = CARTESIAN_POINT('',(-20.83341074039,57.515238886565,
    5.413718811848));
#7670 = CARTESIAN_POINT('',(-20.83340980649,57.515146854491,
    5.413639773385));
#7671 = CARTESIAN_POINT('',(-20.83340887936,57.515054820992,
    5.413560736026));
#7672 = CARTESIAN_POINT('',(-20.83340795899,57.514962786068,
    5.413481699772));
#7673 = CARTESIAN_POINT('',(-20.83340704538,57.514870749719,
    5.413402664622));
#7674 = CARTESIAN_POINT('',(-20.83340504286,57.514667508691,
    5.41322813888));
#7675 = CARTESIAN_POINT('',(-20.83340395705,57.514556303356,
    5.413132648795));
#7676 = CARTESIAN_POINT('',(-20.83340288112,57.514445095944,
    5.413037160325));
#7677 = CARTESIAN_POINT('',(-20.83340181506,57.514333886455,
    5.412941673471));
#7678 = CARTESIAN_POINT('',(-20.83340075888,57.514222674891,
    5.412846188232));
#7679 = CARTESIAN_POINT('',(-20.83339873852,57.514007926425,
    5.412661813713));
#7680 = CARTESIAN_POINT('',(-20.83339777301,57.5139043898,5.412572924216
    ));
#7681 = CARTESIAN_POINT('',(-20.83339681607,57.513800851377,
    5.412484036121));
#7682 = CARTESIAN_POINT('',(-20.83339586769,57.513697311158,
    5.412395149429));
#7683 = CARTESIAN_POINT('',(-20.83339492787,57.513593769143,
    5.41230626414));
#7684 = CARTESIAN_POINT('',(-20.83339299646,57.513379021178,
    5.412121920592));
#7685 = CARTESIAN_POINT('',(-20.83339200618,57.513267814953,
    5.412026462548));
#7686 = CARTESIAN_POINT('',(-20.83339102578,57.513156606657,
    5.411931006124));
#7687 = CARTESIAN_POINT('',(-20.83339005526,57.513045396294,
    5.411835551322));
#7688 = CARTESIAN_POINT('',(-20.83338909461,57.512934183862,
    5.411740098141));
#7689 = CARTESIAN_POINT('',(-20.83338725872,57.512719433739,
    5.411555785538));
#7690 = CARTESIAN_POINT('',(-20.83338638216,57.512615896324,
    5.411466925898));
#7691 = CARTESIAN_POINT('',(-20.83338551416,57.512512357118,
    5.411378067666));
#7692 = CARTESIAN_POINT('',(-20.83338465473,57.512408816122,
    5.411289210842));
#7693 = CARTESIAN_POINT('',(-20.83338380385,57.512305273337,
    5.411200355426));
#7694 = CARTESIAN_POINT('',(-20.83338208811,57.512094358281,
    5.411019364311));
#7695 = CARTESIAN_POINT('',(-20.83338122389,57.511986985876,
    5.410927228718));
#7696 = CARTESIAN_POINT('',(-20.83338036887,57.511879611549,
    5.410835094641));
#7697 = CARTESIAN_POINT('',(-20.83337952306,57.5117722353,5.410742962081
    ));
#7698 = CARTESIAN_POINT('',(-20.83337868647,57.511664857132,
    5.410650831039));
#7699 = CARTESIAN_POINT('',(-20.83337700222,57.511446271694,
    5.410463290008));
#7700 = CARTESIAN_POINT('',(-20.83337615524,57.511335064286,
    5.410367880131));
#7701 = CARTESIAN_POINT('',(-20.83337531813,57.511223854821,
    5.410272471883));
#7702 = CARTESIAN_POINT('',(-20.83337449091,57.511112643298,
    5.410177065265));
#7703 = CARTESIAN_POINT('',(-20.83337367357,57.51100142972,
    5.410081660277));
#7704 = CARTESIAN_POINT('',(-20.83337205871,57.510779008368,
    5.409890862072));
#7705 = CARTESIAN_POINT('',(-20.8333712612,57.510667800595,
    5.409795468853));
#7706 = CARTESIAN_POINT('',(-20.83337047357,57.510556590768,
    5.409700077266));
#7707 = CARTESIAN_POINT('',(-20.83336969582,57.510445378888,
    5.409604687313));
#7708 = CARTESIAN_POINT('',(-20.83336892795,57.510334164957,
    5.409509298994));
#7709 = CARTESIAN_POINT('',(-20.83336741204,57.510111742909,
    5.40931853413));
#7710 = CARTESIAN_POINT('',(-20.833366664,57.510000534792,5.409223157585
    ));
#7711 = CARTESIAN_POINT('',(-20.83336592584,57.509889324626,
    5.409127782675));
#7712 = CARTESIAN_POINT('',(-20.83336519756,57.509778112411,
    5.409032409402));
#7713 = CARTESIAN_POINT('',(-20.83336447917,57.509666898149,
    5.408937037765));
#7714 = CARTESIAN_POINT('',(-20.83336318435,57.509463648256,
    5.408762747303));
#7715 = CARTESIAN_POINT('',(-20.83336260481,57.509371613271,
    5.408683827961));
#7716 = CARTESIAN_POINT('',(-20.83336203204,57.509279576886,
    5.408604909742));
#7717 = CARTESIAN_POINT('',(-20.83336146603,57.509187539099,
    5.408525992644));
#7718 = CARTESIAN_POINT('',(-20.8333609068,57.509095499912,5.40844707667
    ));
#7719 = CARTESIAN_POINT('',(-20.83335980191,57.508911425534,
    5.408289252794));
#7720 = CARTESIAN_POINT('',(-20.83335925625,57.508819390342,
    5.408210344891));
#7721 = CARTESIAN_POINT('',(-20.83335871736,57.508727353752,
    5.408131438112));
#7722 = CARTESIAN_POINT('',(-20.83335818524,57.508635315763,
    5.408052532458));
#7723 = CARTESIAN_POINT('',(-20.83335765989,57.508543276377,
    5.407973627928));
#7724 = CARTESIAN_POINT('',(-20.83335651475,57.508340028711,
    5.407799390682));
#7725 = CARTESIAN_POINT('',(-20.83335589806,57.50822881979,
    5.407704058483));
#7726 = CARTESIAN_POINT('',(-20.83335529126,57.50811760883,
    5.407608727927));
#7727 = CARTESIAN_POINT('',(-20.83335469434,57.508006395832,
    5.407513399015));
#7728 = CARTESIAN_POINT('',(-20.83335410731,57.507895180798,
    5.407418071749));
#7729 = CARTESIAN_POINT('',(-20.83335281377,57.50764591496,
    5.407204422707));
#7730 = CARTESIAN_POINT('',(-20.83335211262,57.507507863057,
    5.407086101822));
#7731 = CARTESIAN_POINT('',(-20.83335142669,57.507369808018,
    5.406967783474));
#7732 = CARTESIAN_POINT('',(-20.833350756,57.507231749847,5.406849467666
    ));
#7733 = CARTESIAN_POINT('',(-20.83335010054,57.507093688543,
    5.406731154399));
#7734 = CARTESIAN_POINT('',(-20.83334894463,57.506844416661,
    5.406517547343));
#7735 = CARTESIAN_POINT('',(-20.83334843883,57.506733207181,
    5.406422252661));
#7736 = CARTESIAN_POINT('',(-20.83334794292,57.506621995672,
    5.40632695963));
#7737 = CARTESIAN_POINT('',(-20.83334745689,57.506510782134,
    5.40623166825));
#7738 = CARTESIAN_POINT('',(-20.83334698075,57.506399566568,
    5.406136378522));
#7739 = CARTESIAN_POINT('',(-20.83334608044,57.506184810484,
    5.405952381607));
#7740 = CARTESIAN_POINT('',(-20.83334565494,57.506081270236,
    5.405863674201));
#7741 = CARTESIAN_POINT('',(-20.83334523802,57.505977728232,
    5.405774968227));
#7742 = CARTESIAN_POINT('',(-20.83334482967,57.505874184474,
    5.405686263688));
#7743 = CARTESIAN_POINT('',(-20.83334442989,57.505770638961,
    5.405597560583));
#7744 = CARTESIAN_POINT('',(-20.83334363301,57.505559718432,
    5.405416879782));
#7745 = CARTESIAN_POINT('',(-20.83334323656,57.505452343285,
    5.405324902194));
#7746 = CARTESIAN_POINT('',(-20.83334284933,57.505344966253,
    5.405232926151));
#7747 = CARTESIAN_POINT('',(-20.83334247131,57.505237587338,
    5.405140951652));
#7748 = CARTESIAN_POINT('',(-20.83334210252,57.505130206539,
    5.405048978699));
#7749 = CARTESIAN_POINT('',(-20.83334144759,57.50493462358,
    5.404881465281));
#7750 = CARTESIAN_POINT('',(-20.83334115847,57.504846422032,
    5.404805924313));
#7751 = CARTESIAN_POINT('',(-20.83334087556,57.504758219215,
    5.404730384388));
#7752 = CARTESIAN_POINT('',(-20.83334059888,57.504670015129,
    5.404654845508));
#7753 = CARTESIAN_POINT('',(-20.83334032841,57.504581809774,
    5.404579307672));
#7754 = CARTESIAN_POINT('',(-20.83333975399,57.504390064217,
    5.404415104082));
#7755 = CARTESIAN_POINT('',(-20.83333945238,57.504286523535,
    5.404326438722));
#7756 = CARTESIAN_POINT('',(-20.83333915935,57.504182981107,
    5.404237774803));
#7757 = CARTESIAN_POINT('',(-20.83333887489,57.504079436933,
    5.404149112325));
#7758 = CARTESIAN_POINT('',(-20.833338599,57.503975891015,5.404060451289
    ));
#7759 = CARTESIAN_POINT('',(-20.83333804459,57.503761135082,
    5.403876572933));
#7760 = CARTESIAN_POINT('',(-20.83333776739,57.503649924799,
    5.403781355836));
#7761 = CARTESIAN_POINT('',(-20.83333750008,57.503538712506,
    5.403686140402));
#7762 = CARTESIAN_POINT('',(-20.83333724265,57.503427498203,
    5.403590926635));
#7763 = CARTESIAN_POINT('',(-20.83333699512,57.503316281892,
    5.403495714533));
#7764 = CARTESIAN_POINT('',(-20.83333654444,57.503105359041,
    5.403315150249));
#7765 = CARTESIAN_POINT('',(-20.83333633935,57.503005652896,
    5.403229797738));
#7766 = CARTESIAN_POINT('',(-20.83333614221,57.502905945137,
    5.403144446568));
#7767 = CARTESIAN_POINT('',(-20.83333595301,57.502806235767,
    5.403059096739));
#7768 = CARTESIAN_POINT('',(-20.83333577178,57.502706524785,
    5.402973748252));
#7769 = CARTESIAN_POINT('',(-20.83333540522,57.50249560372,
    5.402793214277));
#7770 = CARTESIAN_POINT('',(-20.83333522184,57.502384393244,
    5.402698029117));
#7771 = CARTESIAN_POINT('',(-20.83333504836,57.502273180765,
    5.402602845627));
#7772 = CARTESIAN_POINT('',(-20.83333488477,57.502161966284,
    5.402507663808));
#7773 = CARTESIAN_POINT('',(-20.83333473106,57.502050749803,
    5.402412483662));
#7774 = CARTESIAN_POINT('',(-20.83333445338,57.50183599201,5.40222869839
    ));
#7775 = CARTESIAN_POINT('',(-20.83333432807,57.501732450966,
    5.402140093042));
#7776 = CARTESIAN_POINT('',(-20.83333421134,57.50162890819,
    5.402051489144));
#7777 = CARTESIAN_POINT('',(-20.83333410319,57.501525363682,
    5.401962886698));
#7778 = CARTESIAN_POINT('',(-20.83333400361,57.501421817442,
    5.401874285703));
#7779 = CARTESIAN_POINT('',(-20.83333382161,57.501214730116,
    5.401697093989));
#7780 = CARTESIAN_POINT('',(-20.83333373919,57.501111189029,
    5.401608503269));
#7781 = CARTESIAN_POINT('',(-20.83333366535,57.501007646214,
    5.401519914003));
#7782 = CARTESIAN_POINT('',(-20.83333360008,57.500904101669,
    5.40143132619));
#7783 = CARTESIAN_POINT('',(-20.83333354338,57.500800555397,
    5.401342739831));
#7784 = CARTESIAN_POINT('',(-20.83333344129,57.500580844928,
    5.401154778394));
#7785 = CARTESIAN_POINT('',(-20.83333339811,57.500464680285,
    5.401055403692));
#7786 = CARTESIAN_POINT('',(-20.83333336572,57.50034851347,
    5.400956030822));
#7787 = CARTESIAN_POINT('',(-20.83333334413,57.500232344483,
    5.400856659785));
#7788 = CARTESIAN_POINT('',(-20.83333333333,57.500116173326,
    5.400757290582));
#7789 = CARTESIAN_POINT('',(-20.83333333333,57.5,5.400657923215));
#7790 = ORIENTED_EDGE('',*,*,#7791,.F.);
#7791 = EDGE_CURVE('',#1395,#7530,#7792,.T.);
#7792 = LINE('',#7793,#7794);
#7793 = CARTESIAN_POINT('',(-20.83333333333,57.5,0.));
#7794 = VECTOR('',#7795,1.);
#7795 = DIRECTION('',(0.,0.,1.));
#7796 = CYLINDRICAL_SURFACE('',#7797,1.5);
#7797 = AXIS2_PLACEMENT_3D('',#7798,#7799,#7800);
#7798 = CARTESIAN_POINT('',(-22.33333333333,57.5,0.));
#7799 = DIRECTION('',(0.,0.,-1.));
#7800 = DIRECTION('',(-1.,0.,0.));
#7801 = ADVANCED_FACE('',(#7802),#7821,.F.);
#7802 = FACE_BOUND('',#7803,.F.);
#7803 = EDGE_LOOP('',(#7804,#7805,#7813,#7820));
#7804 = ORIENTED_EDGE('',*,*,#1411,.F.);
#7805 = ORIENTED_EDGE('',*,*,#7806,.T.);
#7806 = EDGE_CURVE('',#1404,#7807,#7809,.T.);
#7807 = VERTEX_POINT('',#7808);
#7808 = CARTESIAN_POINT('',(-20.83333333333,47.5,3.));
#7809 = LINE('',#7810,#7811);
#7810 = CARTESIAN_POINT('',(-20.83333333333,47.5,0.));
#7811 = VECTOR('',#7812,1.);
#7812 = DIRECTION('',(0.,0.,1.));
#7813 = ORIENTED_EDGE('',*,*,#7814,.F.);
#7814 = EDGE_CURVE('',#7506,#7807,#7815,.T.);
#7815 = CIRCLE('',#7816,1.5);
#7816 = AXIS2_PLACEMENT_3D('',#7817,#7818,#7819);
#7817 = CARTESIAN_POINT('',(-22.33333333333,47.5,3.));
#7818 = DIRECTION('',(0.,0.,1.));
#7819 = DIRECTION('',(-1.,0.,0.));
#7820 = ORIENTED_EDGE('',*,*,#7513,.F.);
#7821 = CYLINDRICAL_SURFACE('',#7822,1.5);
#7822 = AXIS2_PLACEMENT_3D('',#7823,#7824,#7825);
#7823 = CARTESIAN_POINT('',(-22.33333333333,47.5,0.));
#7824 = DIRECTION('',(0.,0.,-1.));
#7825 = DIRECTION('',(-1.,0.,0.));
#7826 = ADVANCED_FACE('',(#7827),#7847,.T.);
#7827 = FACE_BOUND('',#7828,.F.);
#7828 = EDGE_LOOP('',(#7829,#7830,#7831,#7840,#7846));
#7829 = ORIENTED_EDGE('',*,*,#1403,.F.);
#7830 = ORIENTED_EDGE('',*,*,#7791,.T.);
#7831 = ORIENTED_EDGE('',*,*,#7832,.F.);
#7832 = EDGE_CURVE('',#7833,#7530,#7835,.T.);
#7833 = VERTEX_POINT('',#7834);
#7834 = CARTESIAN_POINT('',(-20.83333333333,51.,3.));
#7835 = CIRCLE('',#7836,10.);
#7836 = AXIS2_PLACEMENT_3D('',#7837,#7838,#7839);
#7837 = CARTESIAN_POINT('',(-20.83333333333,51.,13.));
#7838 = DIRECTION('',(1.,0.,0.));
#7839 = DIRECTION('',(0.,1.,0.));
#7840 = ORIENTED_EDGE('',*,*,#7841,.F.);
#7841 = EDGE_CURVE('',#7807,#7833,#7842,.T.);
#7842 = LINE('',#7843,#7844);
#7843 = CARTESIAN_POINT('',(-20.83333333333,46.41539213977,3.));
#7844 = VECTOR('',#7845,1.);
#7845 = DIRECTION('',(0.,1.,0.));
#7846 = ORIENTED_EDGE('',*,*,#7806,.F.);
#7847 = PLANE('',#7848);
#7848 = AXIS2_PLACEMENT_3D('',#7849,#7850,#7851);
#7849 = CARTESIAN_POINT('',(-20.83333333333,57.5,0.));
#7850 = DIRECTION('',(-1.,-0.,-0.));
#7851 = DIRECTION('',(0.,1.,0.));
#7852 = ADVANCED_FACE('',(#7853),#7887,.F.);
#7853 = FACE_BOUND('',#7854,.T.);
#7854 = EDGE_LOOP('',(#7855,#7856,#7864,#7873,#7881));
#7855 = ORIENTED_EDGE('',*,*,#1420,.F.);
#7856 = ORIENTED_EDGE('',*,*,#7857,.T.);
#7857 = EDGE_CURVE('',#1421,#7858,#7860,.T.);
#7858 = VERTEX_POINT('',#7859);
#7859 = CARTESIAN_POINT('',(-11.5,57.5,5.400657923215));
#7860 = LINE('',#7861,#7862);
#7861 = CARTESIAN_POINT('',(-11.5,57.5,0.));
#7862 = VECTOR('',#7863,1.);
#7863 = DIRECTION('',(0.,0.,1.));
#7864 = ORIENTED_EDGE('',*,*,#7865,.F.);
#7865 = EDGE_CURVE('',#7866,#7858,#7868,.T.);
#7866 = VERTEX_POINT('',#7867);
#7867 = CARTESIAN_POINT('',(-11.5,51.,3.));
#7868 = CIRCLE('',#7869,10.);
#7869 = AXIS2_PLACEMENT_3D('',#7870,#7871,#7872);
#7870 = CARTESIAN_POINT('',(-11.5,51.,13.));
#7871 = DIRECTION('',(1.,0.,0.));
#7872 = DIRECTION('',(0.,1.,0.));
#7873 = ORIENTED_EDGE('',*,*,#7874,.F.);
#7874 = EDGE_CURVE('',#7875,#7866,#7877,.T.);
#7875 = VERTEX_POINT('',#7876);
#7876 = CARTESIAN_POINT('',(-11.5,47.5,3.));
#7877 = LINE('',#7878,#7879);
#7878 = CARTESIAN_POINT('',(-11.5,46.41539213977,3.));
#7879 = VECTOR('',#7880,1.);
#7880 = DIRECTION('',(0.,1.,0.));
#7881 = ORIENTED_EDGE('',*,*,#7882,.F.);
#7882 = EDGE_CURVE('',#1423,#7875,#7883,.T.);
#7883 = LINE('',#7884,#7885);
#7884 = CARTESIAN_POINT('',(-11.5,47.5,0.));
#7885 = VECTOR('',#7886,1.);
#7886 = DIRECTION('',(0.,0.,1.));
#7887 = PLANE('',#7888);
#7888 = AXIS2_PLACEMENT_3D('',#7889,#7890,#7891);
#7889 = CARTESIAN_POINT('',(-11.5,57.5,0.));
#7890 = DIRECTION('',(-1.,-0.,-0.));
#7891 = DIRECTION('',(0.,1.,0.));
#7892 = ADVANCED_FACE('',(#7893),#8110,.F.);
#7893 = FACE_BOUND('',#7894,.F.);
#7894 = EDGE_LOOP('',(#7895,#7896,#7897,#8104));
#7895 = ORIENTED_EDGE('',*,*,#1430,.F.);
#7896 = ORIENTED_EDGE('',*,*,#7857,.T.);
#7897 = ORIENTED_EDGE('',*,*,#7898,.T.);
#7898 = EDGE_CURVE('',#7858,#7899,#7901,.T.);
#7899 = VERTEX_POINT('',#7900);
#7900 = CARTESIAN_POINT('',(-8.5,57.5,5.400657923215));
#7901 = B_SPLINE_CURVE_WITH_KNOTS('',6,(#7902,#7903,#7904,#7905,#7906,
    #7907,#7908,#7909,#7910,#7911,#7912,#7913,#7914,#7915,#7916,#7917,
    #7918,#7919,#7920,#7921,#7922,#7923,#7924,#7925,#7926,#7927,#7928,
    #7929,#7930,#7931,#7932,#7933,#7934,#7935,#7936,#7937,#7938,#7939,
    #7940,#7941,#7942,#7943,#7944,#7945,#7946,#7947,#7948,#7949,#7950,
    #7951,#7952,#7953,#7954,#7955,#7956,#7957,#7958,#7959,#7960,#7961,
    #7962,#7963,#7964,#7965,#7966,#7967,#7968,#7969,#7970,#7971,#7972,
    #7973,#7974,#7975,#7976,#7977,#7978,#7979,#7980,#7981,#7982,#7983,
    #7984,#7985,#7986,#7987,#7988,#7989,#7990,#7991,#7992,#7993,#7994,
    #7995,#7996,#7997,#7998,#7999,#8000,#8001,#8002,#8003,#8004,#8005,
    #8006,#8007,#8008,#8009,#8010,#8011,#8012,#8013,#8014,#8015,#8016,
    #8017,#8018,#8019,#8020,#8021,#8022,#8023,#8024,#8025,#8026,#8027,
    #8028,#8029,#8030,#8031,#8032,#8033,#8034,#8035,#8036,#8037,#8038,
    #8039,#8040,#8041,#8042,#8043,#8044,#8045,#8046,#8047,#8048,#8049,
    #8050,#8051,#8052,#8053,#8054,#8055,#8056,#8057,#8058,#8059,#8060,
    #8061,#8062,#8063,#8064,#8065,#8066,#8067,#8068,#8069,#8070,#8071,
    #8072,#8073,#8074,#8075,#8076,#8077,#8078,#8079,#8080,#8081,#8082,
    #8083,#8084,#8085,#8086,#8087,#8088,#8089,#8090,#8091,#8092,#8093,
    #8094,#8095,#8096,#8097,#8098,#8099,#8100,#8101,#8102,#8103),
  .UNSPECIFIED.,.F.,.F.,(7,5,5,5,5,5,5,5,5,5,5,5,5,5,5,5,5,5,5,5,5,5,5,5
    ,5,5,5,5,5,5,5,5,5,5,5,5,5,5,5,5,7),(0.,5.753603991393E-02,
    0.17205860394,0.281938988574,0.322083805313,0.377006133236,
    0.422426285601,0.448500695153,0.499776244667,0.577062725755,
    0.623105005082,0.67905369096,0.718257948142,0.827817539303,
    0.995402576346,0.995494051393,0.995633660927,0.99582620543,
    0.995960972527,0.996047602405,0.996403697194,0.99648549133,
    0.99660576907,0.99673565866,0.996860727347,0.997202210197,
    0.997293580299,0.997380136527,0.99766862271,0.997870531382,
    0.997966669205,0.998101252224,0.998293493576,0.999143877619,
    0.999249542701,0.999408026902,0.999489663993,0.999571296809,
    0.999662528427,0.99976335716,1.),.UNSPECIFIED.);
#7902 = CARTESIAN_POINT('',(-11.5,57.5,5.400657923215));
#7903 = CARTESIAN_POINT('',(-11.5,57.545963959338,5.439972607654));
#7904 = CARTESIAN_POINT('',(-11.49830986033,57.591581783971,
    5.479568974406));
#7905 = CARTESIAN_POINT('',(-11.4949772687,57.636795645704,5.51939451046
    ));
#7906 = CARTESIAN_POINT('',(-11.49004933177,57.681551446432,
    5.55939542096));
#7907 = CARTESIAN_POINT('',(-11.48357257515,57.725798818137,
    5.599516629198));
#7908 = CARTESIAN_POINT('',(-11.45970989191,57.856458435482,
    5.719688270739));
#7909 = CARTESIAN_POINT('',(-11.43787741112,57.941200167192,
    5.799904249961));
#7910 = CARTESIAN_POINT('',(-11.41044288851,58.023468267182,
    5.880013305753));
#7911 = CARTESIAN_POINT('',(-11.37768833873,58.103055011815,
    5.959672018214));
#7912 = CARTESIAN_POINT('',(-11.33983870505,58.179766858529,
    6.038506722413));
#7913 = CARTESIAN_POINT('',(-11.25603524216,58.324045085766,
    6.190528972833));
#7914 = CARTESIAN_POINT('',(-11.21046885751,58.391861811275,
    6.263821682497));
#7915 = CARTESIAN_POINT('',(-11.16048710698,58.456732059554,
    6.335659107599));
#7916 = CARTESIAN_POINT('',(-11.10614574446,58.518497477669,
    6.405662357417));
#7917 = CARTESIAN_POINT('',(-11.04746356896,58.576938271226,
    6.473346776265));
#7918 = CARTESIAN_POINT('',(-10.96142226937,58.651780524836,
    6.561738176366));
#7919 = CARTESIAN_POINT('',(-10.93781846441,58.671324821817,
    6.584999052194));
#7920 = CARTESIAN_POINT('',(-10.9136337409,58.690372323871,
    6.607838417712));
#7921 = CARTESIAN_POINT('',(-10.88886782768,58.708906823363,
    6.630223127715));
#7922 = CARTESIAN_POINT('',(-10.86352084255,58.726910171259,
    6.652116874699));
#7923 = CARTESIAN_POINT('',(-10.80212167891,58.768238591896,
    6.702707447606));
#7924 = CARTESIAN_POINT('',(-10.76555570311,58.791088284045,
    6.730948377231));
#7925 = CARTESIAN_POINT('',(-10.72790630426,58.812852572806,
    6.758092478921));
#7926 = CARTESIAN_POINT('',(-10.68918614697,58.833469025196,
    6.784022242404));
#7927 = CARTESIAN_POINT('',(-10.64940962108,58.852871556003,
    6.808613145955));
#7928 = CARTESIAN_POINT('',(-10.57483782048,58.885974532592,
    6.850854060557));
#7929 = CARTESIAN_POINT('',(-10.54036768113,58.900082100484,
    6.868971038876));
#7930 = CARTESIAN_POINT('',(-10.5052145453,58.913263254339,
    6.885996552439));
#7931 = CARTESIAN_POINT('',(-10.4694114277,58.925470571141,
    6.901846049497));
#7932 = CARTESIAN_POINT('',(-10.43299223609,58.936659081988,
    6.91643846547));
#7933 = CARTESIAN_POINT('',(-10.37475086331,58.952600002089,
    6.937307122078));
#7934 = CARTESIAN_POINT('',(-10.35332270079,58.958062788395,
    6.944476745087));
#7935 = CARTESIAN_POINT('',(-10.33171716497,58.963165738893,
    6.951189387341));
#7936 = CARTESIAN_POINT('',(-10.30994562396,58.967900447141,
    6.957430250689));
#7937 = CARTESIAN_POINT('',(-10.28802093265,58.972258992361,
    6.963185443455));
#7938 = CARTESIAN_POINT('',(-10.22256937136,58.984050706901,
    6.97877900542));
#7939 = CARTESIAN_POINT('',(-10.17862491802,58.99038775641,
    6.987192698199));
#7940 = CARTESIAN_POINT('',(-10.13425969186,58.995182440146,
    6.993576481632));
#7941 = CARTESIAN_POINT('',(-10.0896098717,58.998393517248,
    6.997858080782));
#7942 = CARTESIAN_POINT('',(-10.04481153551,59.,7.));
#7943 = CARTESIAN_POINT('',(-9.932456581642,59.,7.));
#7944 = CARTESIAN_POINT('',(-9.865005373635,58.99635005889,
    6.995133965301));
#7945 = CARTESIAN_POINT('',(-9.798062910509,58.98907005705,
    6.985425719232));
#7946 = CARTESIAN_POINT('',(-9.732049999846,58.978259776521,
    6.971059931444));
#7947 = CARTESIAN_POINT('',(-9.667387241512,58.964110764741,
    6.952377166869));
#7948 = CARTESIAN_POINT('',(-9.56702077024,58.936675980789,
    6.916459987899));
#7949 = CARTESIAN_POINT('',(-9.530146640044,58.925345353779,
    6.90168210344));
#7950 = CARTESIAN_POINT('',(-9.49390422287,58.912970416318,
    6.885615770044));
#7951 = CARTESIAN_POINT('',(-9.458328645842,58.899597836451,
    6.868345121313));
#7952 = CARTESIAN_POINT('',(-9.423454096627,58.885276851189,
    6.849957935726));
#7953 = CARTESIAN_POINT('',(-9.347827966333,58.851567482925,
    6.80695660847));
#7954 = CARTESIAN_POINT('',(-9.307420297418,58.831749482796,
    6.781850273102));
#7955 = CARTESIAN_POINT('',(-9.268107370747,58.810678547072,
    6.755364929047));
#7956 = CARTESIAN_POINT('',(-9.22990389694,58.788423951743,
    6.727631222354));
#7957 = CARTESIAN_POINT('',(-9.192822743183,58.765050967834,
    6.698772146606));
#7958 = CARTESIAN_POINT('',(-9.131685651924,58.723502243519,
    6.647973221178));
#7959 = CARTESIAN_POINT('',(-9.107048752457,58.705861811286,
    6.626543994839));
#7960 = CARTESIAN_POINT('',(-9.082964718494,58.687718064796,
    6.604651734903));
#7961 = CARTESIAN_POINT('',(-9.059433655118,58.669087721138,
    6.582329920775));
#7962 = CARTESIAN_POINT('',(-9.036455288816,58.649985714403,
    6.559609140267));
#7963 = CARTESIAN_POINT('',(-8.951356727981,58.575761682409,
    6.471984413521));
#7964 = CARTESIAN_POINT('',(-8.892984550108,58.517507169999,
    6.404540309499));
#7965 = CARTESIAN_POINT('',(-8.838917806966,58.455957730444,
    6.334801987086));
#7966 = CARTESIAN_POINT('',(-8.789175443846,58.391330006652,
    6.263247378195));
#7967 = CARTESIAN_POINT('',(-8.74381285655,58.323780357665,6.19025059013
    ));
#7968 = CARTESIAN_POINT('',(-8.640431941993,58.145805199914,
    6.002721349937));
#7969 = CARTESIAN_POINT('',(-8.588364331883,58.031497666161,
    5.886537898132));
#7970 = CARTESIAN_POINT('',(-8.547375599439,57.911191636522,
    5.768972284766));
#7971 = CARTESIAN_POINT('',(-8.518284351913,57.785580144544,
    5.651214628533));
#7972 = CARTESIAN_POINT('',(-8.502119459477,57.655474161182,
    5.534367735254));
#7973 = CARTESIAN_POINT('',(-8.500160320321,57.521930357278,
    5.41947070291));
#7974 = CARTESIAN_POINT('',(-8.500159255757,57.521857502242,
    5.419408022111));
#7975 = CARTESIAN_POINT('',(-8.500158195428,57.521784646294,
    5.419345341991));
#7976 = CARTESIAN_POINT('',(-8.500157139333,57.521711789436,
    5.41928266255));
#7977 = CARTESIAN_POINT('',(-8.500156087473,57.521638931668,
    5.419219983788));
#7978 = CARTESIAN_POINT('',(-8.500153440958,57.521454875821,
    5.419061646198));
#7979 = CARTESIAN_POINT('',(-8.500151851933,57.521343676533,
    5.418965988273));
#7980 = CARTESIAN_POINT('',(-8.500150272773,57.521232475127,
    5.418870331931));
#7981 = CARTESIAN_POINT('',(-8.500148703479,57.521121271603,
    5.418774677173));
#7982 = CARTESIAN_POINT('',(-8.500147144051,57.521010065962,5.418679024)
  );
#7983 = CARTESIAN_POINT('',(-8.500143457392,57.520745484423,
    5.418451453146));
#7984 = CARTESIAN_POINT('',(-8.500141339061,57.520592106616,
    5.418319536896));
#7985 = CARTESIAN_POINT('',(-8.500139239501,57.520438724788,
    5.418187623664));
#7986 = CARTESIAN_POINT('',(-8.500137158712,57.520285338939,
    5.418055713453));
#7987 = CARTESIAN_POINT('',(-8.500135096697,57.520131949073,
    5.417923806264));
#7988 = CARTESIAN_POINT('',(-8.500131623338,57.519871190672,
    5.417699578815));
#7989 = CARTESIAN_POINT('',(-8.500130202417,57.519763824185,
    5.417607257011));
#7990 = CARTESIAN_POINT('',(-8.500128790695,57.519656455732,
    5.41751493669));
#7991 = CARTESIAN_POINT('',(-8.500127388172,57.519549085314,
    5.417422617852));
#7992 = CARTESIAN_POINT('',(-8.500125994848,57.519441712932,
    5.417330300499));
#7993 = CARTESIAN_POINT('',(-8.500123720995,57.519265317091,
    5.417178642902));
#7994 = CARTESIAN_POINT('',(-8.500122835066,57.519196294784,
    5.417119301787));
#7995 = CARTESIAN_POINT('',(-8.500121952939,57.519127271666,
    5.417059961286));
#7996 = CARTESIAN_POINT('',(-8.500121074614,57.519058247738,
    5.417000621399));
#7997 = CARTESIAN_POINT('',(-8.500120200091,57.518989222998,
    5.416941282126));
#7998 = CARTESIAN_POINT('',(-8.500115750246,57.518636465794,
    5.416638030081));
#7999 = CARTESIAN_POINT('',(-8.500112235368,57.518352720446,
    5.416394127075));
#8000 = CARTESIAN_POINT('',(-8.500108784746,57.518068961417,
    5.416150234464));
#8001 = CARTESIAN_POINT('',(-8.500105398392,57.517785188724,
    5.415906352262));
#8002 = CARTESIAN_POINT('',(-8.500102076317,57.517501402382,
    5.415662480482));
#8003 = CARTESIAN_POINT('',(-8.500098070227,57.517152414218,
    5.415362604762));
#8004 = CARTESIAN_POINT('',(-8.500097325314,57.517087225311,
    5.415306590936));
#8005 = CARTESIAN_POINT('',(-8.500096583792,57.517022035685,
    5.41525057766));
#8006 = CARTESIAN_POINT('',(-8.500095845663,57.51695684534,
    5.415194564935));
#8007 = CARTESIAN_POINT('',(-8.500095110927,57.516891654276,
    5.415138552761));
#8008 = CARTESIAN_POINT('',(-8.500093304146,57.516730598405,
    5.415000176415));
#8009 = CARTESIAN_POINT('',(-8.500092236045,57.516634732763,
    5.414917812884));
#8010 = CARTESIAN_POINT('',(-8.500091175281,57.516538865568,
    5.414835450546));
#8011 = CARTESIAN_POINT('',(-8.500090121853,57.51644299682,
    5.414753089401));
#8012 = CARTESIAN_POINT('',(-8.500089075762,57.51634712652,5.41467072945
    ));
#8013 = CARTESIAN_POINT('',(-8.500086915246,57.516147721334,
    5.414499430336));
#8014 = CARTESIAN_POINT('',(-8.50008580204,57.516044186191,
    5.414410491371));
#8015 = CARTESIAN_POINT('',(-8.500084697391,57.515940649238,5.4143215538
    ));
#8016 = CARTESIAN_POINT('',(-8.500083601301,57.515837110478,
    5.414232617623));
#8017 = CARTESIAN_POINT('',(-8.500082513769,57.51573356991,
    5.414143682841));
#8018 = CARTESIAN_POINT('',(-8.500080395872,57.515530328179,
    5.413969116866));
#8019 = CARTESIAN_POINT('',(-8.500079364882,57.515430627146,
    5.413883485571));
#8020 = CARTESIAN_POINT('',(-8.500078341829,57.515330924439,
    5.413797855571));
#8021 = CARTESIAN_POINT('',(-8.500077326712,57.515231220059,
    5.413712226866));
#8022 = CARTESIAN_POINT('',(-8.500076319533,57.515131514006,
    5.413626599456));
#8023 = CARTESIAN_POINT('',(-8.500072591999,57.51475956805,
    5.413307183016));
#8024 = CARTESIAN_POINT('',(-8.500069922882,57.514487317353,
    5.413073402353));
#8025 = CARTESIAN_POINT('',(-8.50006731295,57.514215054204,
    5.412839631366));
#8026 = CARTESIAN_POINT('',(-8.500064762212,57.513942778617,
    5.412605870067));
#8027 = CARTESIAN_POINT('',(-8.500062270679,57.513670490606,
    5.412372118468));
#8028 = CARTESIAN_POINT('',(-8.500059187548,57.513325331129,
    5.412075834584));
#8029 = CARTESIAN_POINT('',(-8.500058540975,57.513252471186,
    5.412013293281));
#8030 = CARTESIAN_POINT('',(-8.500057898642,57.513179610355,
    5.411950752674));
#8031 = CARTESIAN_POINT('',(-8.500057260548,57.513106748636,
    5.411888212762));
#8032 = CARTESIAN_POINT('',(-8.500056626694,57.51303388603,
    5.411825673546));
#8033 = CARTESIAN_POINT('',(-8.500055400638,57.512891997886,
    5.411703891377));
#8034 = CARTESIAN_POINT('',(-8.500054808001,57.51282297244,
    5.411644648351));
#8035 = CARTESIAN_POINT('',(-8.500054219169,57.512753946198,
    5.411585405951));
#8036 = CARTESIAN_POINT('',(-8.500053634142,57.512684919159,
    5.411526164176));
#8037 = CARTESIAN_POINT('',(-8.500053052921,57.512615891325,
    5.411466923026));
#8038 = CARTESIAN_POINT('',(-8.500050551019,57.512316794841,
    5.411210237755));
#8039 = CARTESIAN_POINT('',(-8.500048668807,57.512086718148,
    5.411012799959));
#8040 = CARTESIAN_POINT('',(-8.500046828877,57.511856632626,
    5.41081536912));
#8041 = CARTESIAN_POINT('',(-8.500045031234,57.511626538282,
    5.410617945247));
#8042 = CARTESIAN_POINT('',(-8.500043275884,57.511396435126,
    5.410420528346));
#8043 = CARTESIAN_POINT('',(-8.500040363886,57.511005270043,
    5.410084953144));
#8044 = CARTESIAN_POINT('',(-8.500039185659,57.510844212608,
    5.409946791281));
#8045 = CARTESIAN_POINT('',(-8.500038028154,57.510683150863,
    5.40980863284));
#8046 = CARTESIAN_POINT('',(-8.500036891373,57.510522084811,
    5.409670477823));
#8047 = CARTESIAN_POINT('',(-8.500035775318,57.510361014454,
    5.409532326233));
#8048 = CARTESIAN_POINT('',(-8.500034158457,57.510123244888,
    5.409328399504));
#8049 = CARTESIAN_POINT('',(-8.500033641622,57.510046549005,
    5.409262621713));
#8050 = CARTESIAN_POINT('',(-8.500033129487,57.509969852147,5.4091968447
    ));
#8051 = CARTESIAN_POINT('',(-8.500032622051,57.509893154314,
    5.409131068465));
#8052 = CARTESIAN_POINT('',(-8.500032119316,57.509816455507,
    5.409065293008));
#8053 = CARTESIAN_POINT('',(-8.500030924083,57.509632383958,
    5.408907440576));
#8054 = CARTESIAN_POINT('',(-8.500030236096,57.50952501028,
    5.408815364349));
#8055 = CARTESIAN_POINT('',(-8.500029557321,57.509417634695,
    5.408723289648));
#8056 = CARTESIAN_POINT('',(-8.500028887758,57.509310257202,
    5.408631216474));
#8057 = CARTESIAN_POINT('',(-8.500028227408,57.509202877803,
    5.408539144828));
#8058 = CARTESIAN_POINT('',(-8.500026646175,57.508942110676,
    5.408315559726));
#8059 = CARTESIAN_POINT('',(-8.500025734877,57.508788720965,
    5.408184047861));
#8060 = CARTESIAN_POINT('',(-8.50002484238,57.508635327369,
    5.408052539117));
#8061 = CARTESIAN_POINT('',(-8.500023968686,57.50848192989,
    5.407921033497));
#8062 = CARTESIAN_POINT('',(-8.500023113796,57.50832852853,
    5.407789531003));
#8063 = CARTESIAN_POINT('',(-8.500018579277,57.507496531692,
    5.407076341167));
#8064 = CARTESIAN_POINT('',(-8.500015248835,57.506817864206,
    5.406494711909));
#8065 = CARTESIAN_POINT('',(-8.500012286535,57.506139121048,
    5.405913144055));
#8066 = CARTESIAN_POINT('',(-8.500009692531,57.505460302428,
    5.405331637795));
#8067 = CARTESIAN_POINT('',(-8.500007466974,57.504781408561,
    5.404750193322));
#8068 = CARTESIAN_POINT('',(-8.500005379276,57.504018073888,
    5.404096570724));
#8069 = CARTESIAN_POINT('',(-8.500005154229,57.503933706959,
    5.40402433158));
#8070 = CARTESIAN_POINT('',(-8.500004934874,57.503849338872,
    5.403952093394));
#8071 = CARTESIAN_POINT('',(-8.50000472121,57.503764969628,
    5.403879856164));
#8072 = CARTESIAN_POINT('',(-8.500004513237,57.503680599226,
    5.403807619893));
#8073 = CARTESIAN_POINT('',(-8.500004007563,57.503469681046,
    5.403627040787));
#8074 = CARTESIAN_POINT('',(-8.500003716973,57.503343131823,
    5.403518699149));
#8075 = CARTESIAN_POINT('',(-8.50000343919,57.503216579998,
    5.403410359668));
#8076 = CARTESIAN_POINT('',(-8.500003174214,57.503090025573,
    5.403302022346));
#8077 = CARTESIAN_POINT('',(-8.500002922046,57.502963468551,
    5.403193687184));
#8078 = CARTESIAN_POINT('',(-8.50000255939,57.502771716571,
    5.403029550569));
#8079 = CARTESIAN_POINT('',(-8.500002439492,57.502706523522,
    5.402973747529));
#8080 = CARTESIAN_POINT('',(-8.500002322993,57.502641329783,
    5.402917945063));
#8081 = CARTESIAN_POINT('',(-8.500002209893,57.502576135357,
    5.40286214317));
#8082 = CARTESIAN_POINT('',(-8.500002100192,57.502510940241,
    5.402806341852));
#8083 = CARTESIAN_POINT('',(-8.500001887594,57.502380552048,
    5.402694743285));
#8084 = CARTESIAN_POINT('',(-8.500001784697,57.50231535897,
    5.402638946036));
#8085 = CARTESIAN_POINT('',(-8.500001685199,57.502250165203,
    5.402583149361));
#8086 = CARTESIAN_POINT('',(-8.5000015891,57.502184970749,5.402527353261
    ));
#8087 = CARTESIAN_POINT('',(-8.5000014964,57.502119775607,5.402471557735
    ));
#8088 = CARTESIAN_POINT('',(-8.5000013073,57.501981717891,5.402353407179
    ));
#8089 = CARTESIAN_POINT('',(-8.500001211745,57.501908855146,
    5.402291052291));
#8090 = CARTESIAN_POINT('',(-8.500001120437,57.501835991542,
    5.402228698122));
#8091 = CARTESIAN_POINT('',(-8.500001033374,57.50176312708,5.40216634467
    ));
#8092 = CARTESIAN_POINT('',(-8.500000950559,57.50169026176,
    5.402103991937));
#8093 = CARTESIAN_POINT('',(-8.500000785156,57.501536864243,
    5.401972728785));
#8094 = CARTESIAN_POINT('',(-8.500000703509,57.501456331856,
    5.401903818525));
#8095 = CARTESIAN_POINT('',(-8.500000627049,57.501375798422,
    5.401834909143));
#8096 = CARTESIAN_POINT('',(-8.500000555777,57.501295263941,
    5.40176600064));
#8097 = CARTESIAN_POINT('',(-8.500000489693,57.501214728413,
    5.401697093015));
#8098 = CARTESIAN_POINT('',(-8.500000285876,57.500945174257,
    5.40146646364));
#8099 = CARTESIAN_POINT('',(-8.500000171532,57.500756150912,
    5.401304745853));
#8100 = CARTESIAN_POINT('',(-8.500000085769,57.500567121809,
    5.401143032913));
#8101 = CARTESIAN_POINT('',(-8.500000028591,57.500378086953,
    5.400981324824));
#8102 = CARTESIAN_POINT('',(-8.5,57.500189046348,5.40081962159));
#8103 = CARTESIAN_POINT('',(-8.5,57.5,5.400657923215));
#8104 = ORIENTED_EDGE('',*,*,#8105,.F.);
#8105 = EDGE_CURVE('',#1431,#7899,#8106,.T.);
#8106 = LINE('',#8107,#8108);
#8107 = CARTESIAN_POINT('',(-8.5,57.5,0.));
#8108 = VECTOR('',#8109,1.);
#8109 = DIRECTION('',(0.,0.,1.));
#8110 = CYLINDRICAL_SURFACE('',#8111,1.5);
#8111 = AXIS2_PLACEMENT_3D('',#8112,#8113,#8114);
#8112 = CARTESIAN_POINT('',(-10.,57.5,0.));
#8113 = DIRECTION('',(0.,0.,-1.));
#8114 = DIRECTION('',(-1.,0.,0.));
#8115 = ADVANCED_FACE('',(#8116),#8135,.F.);
#8116 = FACE_BOUND('',#8117,.F.);
#8117 = EDGE_LOOP('',(#8118,#8119,#8127,#8134));
#8118 = ORIENTED_EDGE('',*,*,#1447,.F.);
#8119 = ORIENTED_EDGE('',*,*,#8120,.T.);
#8120 = EDGE_CURVE('',#1440,#8121,#8123,.T.);
#8121 = VERTEX_POINT('',#8122);
#8122 = CARTESIAN_POINT('',(-8.5,47.5,3.));
#8123 = LINE('',#8124,#8125);
#8124 = CARTESIAN_POINT('',(-8.5,47.5,0.));
#8125 = VECTOR('',#8126,1.);
#8126 = DIRECTION('',(0.,0.,1.));
#8127 = ORIENTED_EDGE('',*,*,#8128,.F.);
#8128 = EDGE_CURVE('',#7875,#8121,#8129,.T.);
#8129 = CIRCLE('',#8130,1.5);
#8130 = AXIS2_PLACEMENT_3D('',#8131,#8132,#8133);
#8131 = CARTESIAN_POINT('',(-10.,47.5,3.));
#8132 = DIRECTION('',(0.,0.,1.));
#8133 = DIRECTION('',(-1.,0.,0.));
#8134 = ORIENTED_EDGE('',*,*,#7882,.F.);
#8135 = CYLINDRICAL_SURFACE('',#8136,1.5);
#8136 = AXIS2_PLACEMENT_3D('',#8137,#8138,#8139);
#8137 = CARTESIAN_POINT('',(-10.,47.5,0.));
#8138 = DIRECTION('',(0.,0.,-1.));
#8139 = DIRECTION('',(-1.,0.,0.));
#8140 = ADVANCED_FACE('',(#8141),#8161,.T.);
#8141 = FACE_BOUND('',#8142,.F.);
#8142 = EDGE_LOOP('',(#8143,#8144,#8145,#8154,#8160));
#8143 = ORIENTED_EDGE('',*,*,#1439,.F.);
#8144 = ORIENTED_EDGE('',*,*,#8105,.T.);
#8145 = ORIENTED_EDGE('',*,*,#8146,.F.);
#8146 = EDGE_CURVE('',#8147,#7899,#8149,.T.);
#8147 = VERTEX_POINT('',#8148);
#8148 = CARTESIAN_POINT('',(-8.5,51.,3.));
#8149 = CIRCLE('',#8150,10.);
#8150 = AXIS2_PLACEMENT_3D('',#8151,#8152,#8153);
#8151 = CARTESIAN_POINT('',(-8.5,51.,13.));
#8152 = DIRECTION('',(1.,0.,0.));
#8153 = DIRECTION('',(0.,1.,0.));
#8154 = ORIENTED_EDGE('',*,*,#8155,.F.);
#8155 = EDGE_CURVE('',#8121,#8147,#8156,.T.);
#8156 = LINE('',#8157,#8158);
#8157 = CARTESIAN_POINT('',(-8.5,46.41539213977,3.));
#8158 = VECTOR('',#8159,1.);
#8159 = DIRECTION('',(0.,1.,0.));
#8160 = ORIENTED_EDGE('',*,*,#8120,.F.);
#8161 = PLANE('',#8162);
#8162 = AXIS2_PLACEMENT_3D('',#8163,#8164,#8165);
#8163 = CARTESIAN_POINT('',(-8.5,57.5,0.));
#8164 = DIRECTION('',(-1.,-0.,-0.));
#8165 = DIRECTION('',(0.,1.,0.));
#8166 = ADVANCED_FACE('',(#8167),#8211,.F.);
#8167 = FACE_BOUND('',#8168,.T.);
#8168 = EDGE_LOOP('',(#8169,#8170,#8171,#8179,#8188,#8196,#8205));
#8169 = ORIENTED_EDGE('',*,*,#1479,.F.);
#8170 = ORIENTED_EDGE('',*,*,#1555,.T.);
#8171 = ORIENTED_EDGE('',*,*,#8172,.F.);
#8172 = EDGE_CURVE('',#8173,#1556,#8175,.T.);
#8173 = VERTEX_POINT('',#8174);
#8174 = CARTESIAN_POINT('',(-4.,61.,13.));
#8175 = LINE('',#8176,#8177);
#8176 = CARTESIAN_POINT('',(-4.,61.,0.));
#8177 = VECTOR('',#8178,1.);
#8178 = DIRECTION('',(0.,0.,1.));
#8179 = ORIENTED_EDGE('',*,*,#8180,.T.);
#8180 = EDGE_CURVE('',#8173,#8181,#8183,.T.);
#8181 = VERTEX_POINT('',#8182);
#8182 = CARTESIAN_POINT('',(-4.,51.,3.));
#8183 = CIRCLE('',#8184,10.);
#8184 = AXIS2_PLACEMENT_3D('',#8185,#8186,#8187);
#8185 = CARTESIAN_POINT('',(-4.,51.,13.));
#8186 = DIRECTION('',(-1.,0.,0.));
#8187 = DIRECTION('',(0.,0.,1.));
#8188 = ORIENTED_EDGE('',*,*,#8189,.F.);
#8189 = EDGE_CURVE('',#8190,#8181,#8192,.T.);
#8190 = VERTEX_POINT('',#8191);
#8191 = CARTESIAN_POINT('',(-4.,19.,3.));
#8192 = LINE('',#8193,#8194);
#8193 = CARTESIAN_POINT('',(-4.,9.,3.));
#8194 = VECTOR('',#8195,1.);
#8195 = DIRECTION('',(0.,1.,0.));
#8196 = ORIENTED_EDGE('',*,*,#8197,.F.);
#8197 = EDGE_CURVE('',#8198,#8190,#8200,.T.);
#8198 = VERTEX_POINT('',#8199);
#8199 = CARTESIAN_POINT('',(-4.,9.,13.));
#8200 = CIRCLE('',#8201,10.);
#8201 = AXIS2_PLACEMENT_3D('',#8202,#8203,#8204);
#8202 = CARTESIAN_POINT('',(-4.,19.,13.));
#8203 = DIRECTION('',(1.,0.,-0.));
#8204 = DIRECTION('',(0.,0.,1.));
#8205 = ORIENTED_EDGE('',*,*,#8206,.T.);
#8206 = EDGE_CURVE('',#8198,#1482,#8207,.T.);
#8207 = LINE('',#8208,#8209);
#8208 = CARTESIAN_POINT('',(-4.,9.,0.));
#8209 = VECTOR('',#8210,1.);
#8210 = DIRECTION('',(0.,0.,1.));
#8211 = PLANE('',#8212);
#8212 = AXIS2_PLACEMENT_3D('',#8213,#8214,#8215);
#8213 = CARTESIAN_POINT('',(-4.,9.,0.));
#8214 = DIRECTION('',(1.,0.,0.));
#8215 = DIRECTION('',(0.,-1.,0.));
#8216 = ADVANCED_FACE('',(#8217),#8235,.T.);
#8217 = FACE_BOUND('',#8218,.F.);
#8218 = EDGE_LOOP('',(#8219,#8227,#8233,#8234));
#8219 = ORIENTED_EDGE('',*,*,#8220,.F.);
#8220 = EDGE_CURVE('',#8221,#1491,#8223,.T.);
#8221 = VERTEX_POINT('',#8222);
#8222 = CARTESIAN_POINT('',(-59.,9.,13.));
#8223 = LINE('',#8224,#8225);
#8224 = CARTESIAN_POINT('',(-59.,9.,0.));
#8225 = VECTOR('',#8226,1.);
#8226 = DIRECTION('',(0.,0.,1.));
#8227 = ORIENTED_EDGE('',*,*,#8228,.F.);
#8228 = EDGE_CURVE('',#8198,#8221,#8229,.T.);
#8229 = LINE('',#8230,#8231);
#8230 = CARTESIAN_POINT('',(-4.,9.,13.));
#8231 = VECTOR('',#8232,1.);
#8232 = DIRECTION('',(-1.,-0.,-0.));
#8233 = ORIENTED_EDGE('',*,*,#8206,.T.);
#8234 = ORIENTED_EDGE('',*,*,#1490,.T.);
#8235 = PLANE('',#8236);
#8236 = AXIS2_PLACEMENT_3D('',#8237,#8238,#8239);
#8237 = CARTESIAN_POINT('',(-4.,9.,0.));
#8238 = DIRECTION('',(0.,1.,0.));
#8239 = DIRECTION('',(1.,0.,0.));
#8240 = ADVANCED_FACE('',(#8241),#8269,.F.);
#8241 = FACE_BOUND('',#8242,.T.);
#8242 = EDGE_LOOP('',(#8243,#8244,#8245,#8254,#8262,#8268));
#8243 = ORIENTED_EDGE('',*,*,#1498,.T.);
#8244 = ORIENTED_EDGE('',*,*,#8220,.F.);
#8245 = ORIENTED_EDGE('',*,*,#8246,.T.);
#8246 = EDGE_CURVE('',#8221,#8247,#8249,.T.);
#8247 = VERTEX_POINT('',#8248);
#8248 = CARTESIAN_POINT('',(-59.,19.,3.));
#8249 = CIRCLE('',#8250,10.);
#8250 = AXIS2_PLACEMENT_3D('',#8251,#8252,#8253);
#8251 = CARTESIAN_POINT('',(-59.,19.,13.));
#8252 = DIRECTION('',(1.,0.,-0.));
#8253 = DIRECTION('',(0.,0.,1.));
#8254 = ORIENTED_EDGE('',*,*,#8255,.F.);
#8255 = EDGE_CURVE('',#8256,#8247,#8258,.T.);
#8256 = VERTEX_POINT('',#8257);
#8257 = CARTESIAN_POINT('',(-59.,24.,3.));
#8258 = LINE('',#8259,#8260);
#8259 = CARTESIAN_POINT('',(-59.,24.,3.));
#8260 = VECTOR('',#8261,1.);
#8261 = DIRECTION('',(-0.,-1.,-0.));
#8262 = ORIENTED_EDGE('',*,*,#8263,.T.);
#8263 = EDGE_CURVE('',#8256,#1532,#8264,.T.);
#8264 = LINE('',#8265,#8266);
#8265 = CARTESIAN_POINT('',(-59.,24.,0.));
#8266 = VECTOR('',#8267,1.);
#8267 = DIRECTION('',(0.,0.,1.));
#8268 = ORIENTED_EDGE('',*,*,#1539,.T.);
#8269 = PLANE('',#8270);
#8270 = AXIS2_PLACEMENT_3D('',#8271,#8272,#8273);
#8271 = CARTESIAN_POINT('',(-59.,24.,0.));
#8272 = DIRECTION('',(-1.,-0.,-0.));
#8273 = DIRECTION('',(0.,1.,0.));
#8274 = ADVANCED_FACE('',(#8275),#8294,.T.);
#8275 = FACE_BOUND('',#8276,.T.);
#8276 = EDGE_LOOP('',(#8277,#8278,#8287,#8293));
#8277 = ORIENTED_EDGE('',*,*,#8263,.F.);
#8278 = ORIENTED_EDGE('',*,*,#8279,.F.);
#8279 = EDGE_CURVE('',#8280,#8256,#8282,.T.);
#8280 = VERTEX_POINT('',#8281);
#8281 = CARTESIAN_POINT('',(-62.5,30.062177826491,3.));
#8282 = CIRCLE('',#8283,7.);
#8283 = AXIS2_PLACEMENT_3D('',#8284,#8285,#8286);
#8284 = CARTESIAN_POINT('',(-66.,24.,3.));
#8285 = DIRECTION('',(0.,0.,-1.));
#8286 = DIRECTION('',(-1.,-0.,-0.));
#8287 = ORIENTED_EDGE('',*,*,#8288,.T.);
#8288 = EDGE_CURVE('',#8280,#1579,#8289,.T.);
#8289 = LINE('',#8290,#8291);
#8290 = CARTESIAN_POINT('',(-62.5,30.062177826491,0.));
#8291 = VECTOR('',#8292,1.);
#8292 = DIRECTION('',(0.,0.,1.));
#8293 = ORIENTED_EDGE('',*,*,#1588,.T.);
#8294 = CYLINDRICAL_SURFACE('',#8295,7.);
#8295 = AXIS2_PLACEMENT_3D('',#8296,#8297,#8298);
#8296 = CARTESIAN_POINT('',(-66.,24.,0.));
#8297 = DIRECTION('',(0.,0.,-1.));
#8298 = DIRECTION('',(-1.,0.,0.));
#8299 = ADVANCED_FACE('',(#8300),#8318,.F.);
#8300 = FACE_BOUND('',#8301,.T.);
#8301 = EDGE_LOOP('',(#8302,#8303,#8311,#8317));
#8302 = ORIENTED_EDGE('',*,*,#8288,.F.);
#8303 = ORIENTED_EDGE('',*,*,#8304,.F.);
#8304 = EDGE_CURVE('',#8305,#8280,#8307,.T.);
#8305 = VERTEX_POINT('',#8306);
#8306 = CARTESIAN_POINT('',(-70.5,34.680979980008,3.));
#8307 = LINE('',#8308,#8309);
#8308 = CARTESIAN_POINT('',(-70.5,34.680979980008,3.));
#8309 = VECTOR('',#8310,1.);
#8310 = DIRECTION('',(0.866025403784,-0.5,0.));
#8311 = ORIENTED_EDGE('',*,*,#8312,.T.);
#8312 = EDGE_CURVE('',#8305,#1604,#8313,.T.);
#8313 = LINE('',#8314,#8315);
#8314 = CARTESIAN_POINT('',(-70.5,34.680979980008,0.));
#8315 = VECTOR('',#8316,1.);
#8316 = DIRECTION('',(0.,0.,1.));
#8317 = ORIENTED_EDGE('',*,*,#1613,.T.);
#8318 = PLANE('',#8319);
#8319 = AXIS2_PLACEMENT_3D('',#8320,#8321,#8322);
#8320 = CARTESIAN_POINT('',(-70.5,34.680979980008,0.));
#8321 = DIRECTION('',(-0.5,-0.866025403784,-0.));
#8322 = DIRECTION('',(-0.866025403784,0.5,0.));
#8323 = ADVANCED_FACE('',(#8324),#8350,.F.);
#8324 = FACE_BOUND('',#8325,.T.);
#8325 = EDGE_LOOP('',(#8326,#8334,#8342,#8348,#8349));
#8326 = ORIENTED_EDGE('',*,*,#8327,.F.);
#8327 = EDGE_CURVE('',#8328,#1630,#8330,.T.);
#8328 = VERTEX_POINT('',#8329);
#8329 = CARTESIAN_POINT('',(-59.,61.,13.));
#8330 = LINE('',#8331,#8332);
#8331 = CARTESIAN_POINT('',(-59.,61.,0.));
#8332 = VECTOR('',#8333,1.);
#8333 = DIRECTION('',(0.,0.,1.));
#8334 = ORIENTED_EDGE('',*,*,#8335,.F.);
#8335 = EDGE_CURVE('',#8336,#8328,#8338,.T.);
#8336 = VERTEX_POINT('',#8337);
#8337 = CARTESIAN_POINT('',(-31.5,61.,13.));
#8338 = LINE('',#8339,#8340);
#8339 = CARTESIAN_POINT('',(-4.,61.,13.));
#8340 = VECTOR('',#8341,1.);
#8341 = DIRECTION('',(-1.,-0.,-0.));
#8342 = ORIENTED_EDGE('',*,*,#8343,.F.);
#8343 = EDGE_CURVE('',#8173,#8336,#8344,.T.);
#8344 = LINE('',#8345,#8346);
#8345 = CARTESIAN_POINT('',(-4.,61.,13.));
#8346 = VECTOR('',#8347,1.);
#8347 = DIRECTION('',(-1.,-0.,-0.));
#8348 = ORIENTED_EDGE('',*,*,#8172,.T.);
#8349 = ORIENTED_EDGE('',*,*,#1637,.T.);
#8350 = PLANE('',#8351);
#8351 = AXIS2_PLACEMENT_3D('',#8352,#8353,#8354);
#8352 = CARTESIAN_POINT('',(-4.,61.,0.));
#8353 = DIRECTION('',(0.,1.,0.));
#8354 = DIRECTION('',(1.,0.,0.));
#8355 = ADVANCED_FACE('',(#8356),#8375,.F.);
#8356 = FACE_BOUND('',#8357,.F.);
#8357 = EDGE_LOOP('',(#8358,#8366,#8373,#8374));
#8358 = ORIENTED_EDGE('',*,*,#8359,.F.);
#8359 = EDGE_CURVE('',#8360,#1652,#8362,.T.);
#8360 = VERTEX_POINT('',#8361);
#8361 = CARTESIAN_POINT('',(-71.5,36.413030787577,3.));
#8362 = LINE('',#8363,#8364);
#8363 = CARTESIAN_POINT('',(-71.5,36.413030787577,0.));
#8364 = VECTOR('',#8365,1.);
#8365 = DIRECTION('',(0.,0.,1.));
#8366 = ORIENTED_EDGE('',*,*,#8367,.F.);
#8367 = EDGE_CURVE('',#8305,#8360,#8368,.T.);
#8368 = CIRCLE('',#8369,2.);
#8369 = AXIS2_PLACEMENT_3D('',#8370,#8371,#8372);
#8370 = CARTESIAN_POINT('',(-69.5,36.413030787577,3.));
#8371 = DIRECTION('',(0.,0.,-1.));
#8372 = DIRECTION('',(-1.,-0.,-0.));
#8373 = ORIENTED_EDGE('',*,*,#8312,.T.);
#8374 = ORIENTED_EDGE('',*,*,#1661,.F.);
#8375 = CYLINDRICAL_SURFACE('',#8376,2.);
#8376 = AXIS2_PLACEMENT_3D('',#8377,#8378,#8379);
#8377 = CARTESIAN_POINT('',(-69.5,36.413030787577,0.));
#8378 = DIRECTION('',(0.,0.,-1.));
#8379 = DIRECTION('',(-1.,0.,0.));
#8380 = ADVANCED_FACE('',(#8381),#8400,.F.);
#8381 = FACE_BOUND('',#8382,.T.);
#8382 = EDGE_LOOP('',(#8383,#8391,#8398,#8399));
#8383 = ORIENTED_EDGE('',*,*,#8384,.F.);
#8384 = EDGE_CURVE('',#8385,#1679,#8387,.T.);
#8385 = VERTEX_POINT('',#8386);
#8386 = CARTESIAN_POINT('',(-59.,58.076061575154,5.933929480636));
#8387 = LINE('',#8388,#8389);
#8388 = CARTESIAN_POINT('',(-59.,58.076061575154,0.));
#8389 = VECTOR('',#8390,1.);
#8390 = DIRECTION('',(0.,0.,1.));
#8391 = ORIENTED_EDGE('',*,*,#8392,.F.);
#8392 = EDGE_CURVE('',#8328,#8385,#8393,.T.);
#8393 = CIRCLE('',#8394,10.);
#8394 = AXIS2_PLACEMENT_3D('',#8395,#8396,#8397);
#8395 = CARTESIAN_POINT('',(-59.,51.,13.));
#8396 = DIRECTION('',(-1.,0.,0.));
#8397 = DIRECTION('',(0.,0.,1.));
#8398 = ORIENTED_EDGE('',*,*,#8327,.T.);
#8399 = ORIENTED_EDGE('',*,*,#1686,.T.);
#8400 = PLANE('',#8401);
#8401 = AXIS2_PLACEMENT_3D('',#8402,#8403,#8404);
#8402 = CARTESIAN_POINT('',(-59.,61.,0.));
#8403 = DIRECTION('',(-1.,-0.,-0.));
#8404 = DIRECTION('',(0.,1.,0.));
#8405 = ADVANCED_FACE('',(#8406),#8424,.F.);
#8406 = FACE_BOUND('',#8407,.T.);
#8407 = EDGE_LOOP('',(#8408,#8409,#8417,#8423));
#8408 = ORIENTED_EDGE('',*,*,#8359,.F.);
#8409 = ORIENTED_EDGE('',*,*,#8410,.F.);
#8410 = EDGE_CURVE('',#8411,#8360,#8413,.T.);
#8411 = VERTEX_POINT('',#8412);
#8412 = CARTESIAN_POINT('',(-71.5,45.663030787577,3.));
#8413 = LINE('',#8414,#8415);
#8414 = CARTESIAN_POINT('',(-71.5,45.663030787577,3.));
#8415 = VECTOR('',#8416,1.);
#8416 = DIRECTION('',(-0.,-1.,-0.));
#8417 = ORIENTED_EDGE('',*,*,#8418,.T.);
#8418 = EDGE_CURVE('',#8411,#1701,#8419,.T.);
#8419 = LINE('',#8420,#8421);
#8420 = CARTESIAN_POINT('',(-71.5,45.663030787577,0.));
#8421 = VECTOR('',#8422,1.);
#8422 = DIRECTION('',(0.,0.,1.));
#8423 = ORIENTED_EDGE('',*,*,#1710,.T.);
#8424 = PLANE('',#8425);
#8425 = AXIS2_PLACEMENT_3D('',#8426,#8427,#8428);
#8426 = CARTESIAN_POINT('',(-71.5,45.663030787577,0.));
#8427 = DIRECTION('',(-1.,-0.,-0.));
#8428 = DIRECTION('',(0.,1.,0.));
#8429 = ADVANCED_FACE('',(#8430),#8510,.T.);
#8430 = FACE_BOUND('',#8431,.T.);
#8431 = EDGE_LOOP('',(#8432,#8440,#8508,#8509));
#8432 = ORIENTED_EDGE('',*,*,#8433,.F.);
#8433 = EDGE_CURVE('',#8434,#1727,#8436,.T.);
#8434 = VERTEX_POINT('',#8435);
#8435 = CARTESIAN_POINT('',(-62.50000000086,52.013883748451,
    3.051530800586));
#8436 = LINE('',#8437,#8438);
#8437 = CARTESIAN_POINT('',(-62.5,52.013883748663,0.));
#8438 = VECTOR('',#8439,1.);
#8439 = DIRECTION('',(0.,0.,1.));
#8440 = ORIENTED_EDGE('',*,*,#8441,.F.);
#8441 = EDGE_CURVE('',#8385,#8434,#8442,.T.);
#8442 = B_SPLINE_CURVE_WITH_KNOTS('',8,(#8443,#8444,#8445,#8446,#8447,
    #8448,#8449,#8450,#8451,#8452,#8453,#8454,#8455,#8456,#8457,#8458,
    #8459,#8460,#8461,#8462,#8463,#8464,#8465,#8466,#8467,#8468,#8469,
    #8470,#8471,#8472,#8473,#8474,#8475,#8476,#8477,#8478,#8479,#8480,
    #8481,#8482,#8483,#8484,#8485,#8486,#8487,#8488,#8489,#8490,#8491,
    #8492,#8493,#8494,#8495,#8496,#8497,#8498,#8499,#8500,#8501,#8502,
    #8503,#8504,#8505,#8506,#8507),.UNSPECIFIED.,.F.,.F.,(9,7,7,7,7,7,7,
    7,7,9),(0.,0.189320334693,0.380225812899,0.444039104252,
    0.496313272002,0.526422426406,0.585711043909,0.668608190105,
    0.718723351627,1.),.UNSPECIFIED.);
#8443 = CARTESIAN_POINT('',(-59.63992263508,61.,13.));
#8444 = CARTESIAN_POINT('',(-59.63992263508,61.,12.574275347577));
#8445 = CARTESIAN_POINT('',(-59.6303999823,60.979286737643,
    12.148531608392));
#8446 = CARTESIAN_POINT('',(-59.61135355553,60.937856662419,
    11.723675099492));
#8447 = CARTESIAN_POINT('',(-59.58324139218,60.875713985617,
    11.300532637488));
#8448 = CARTESIAN_POINT('',(-59.54697037611,60.792833715634,
    10.87985667445));
#8449 = CARTESIAN_POINT('',(-59.50382160537,60.689131204427,
    10.462334151292));
#8450 = CARTESIAN_POINT('',(-59.45537631869,60.564420433478,
    10.048596068994));
#8451 = CARTESIAN_POINT('',(-59.3512039108,60.271043025202,
    9.226425898251));
#8452 = CARTESIAN_POINT('',(-59.29545031656,60.102106078069,
    8.818316133799));
#8453 = CARTESIAN_POINT('',(-59.23813157837,59.911081022159,
    8.415123887756));
#8454 = CARTESIAN_POINT('',(-59.18143926654,59.697353508286,
    8.017370159561));
#8455 = CARTESIAN_POINT('',(-59.1279474384,59.460195208486,
    7.625848627052));
#8456 = CARTESIAN_POINT('',(-59.08064582157,59.198807575269,
    7.241609044963));
#8457 = CARTESIAN_POINT('',(-59.04306279744,58.912316136844,
    6.865944699288));
#8458 = CARTESIAN_POINT('',(-59.01177161221,58.495164323569,
    6.378190209158));
#8459 = CARTESIAN_POINT('',(-59.00551405573,58.387768930431,
    6.257164207945));
#8460 = CARTESIAN_POINT('',(-59.00100191098,58.277462209069,
    6.137377683613));
#8461 = CARTESIAN_POINT('',(-58.99841009156,58.164231114312,
    6.018915712237));
#8462 = CARTESIAN_POINT('',(-58.99792377246,58.048074756311,
    5.901876137801));
#8463 = CARTESIAN_POINT('',(-58.99973749771,57.929006918198,
    5.786368294328));
#8464 = CARTESIAN_POINT('',(-59.00405428808,57.807058573744,
    5.672511728017));
#8465 = CARTESIAN_POINT('',(-59.01684391686,57.58006541522,
    5.468624549286));
#8466 = CARTESIAN_POINT('',(-59.02442392817,57.475955107431,
    5.378011710478));
#8467 = CARTESIAN_POINT('',(-59.03393951405,57.369979572469,
    5.288668313794));
#8468 = CARTESIAN_POINT('',(-59.04550877468,57.262181992549,
    5.200673773184));
#8469 = CARTESIAN_POINT('',(-59.0592509426,57.152620297737,
    5.114113559713));
#8470 = CARTESIAN_POINT('',(-59.07528414612,57.04136882241,
    5.029077755554));
#8471 = CARTESIAN_POINT('',(-59.09372317292,56.928519961714,
    4.945659607986));
#8472 = CARTESIAN_POINT('',(-59.12674646526,56.748331042909,
    4.816892898847));
#8473 = CARTESIAN_POINT('',(-59.13965001464,56.681983641921,
    4.770399974143));
#8474 = CARTESIAN_POINT('',(-59.15340856515,56.615165402715,
    4.724493674759));
#8475 = CARTESIAN_POINT('',(-59.16804210438,56.547900265587,
    4.679192490726));
#8476 = CARTESIAN_POINT('',(-59.18356967689,56.480214397624,
    4.634514901538));
#8477 = CARTESIAN_POINT('',(-59.2000091371,56.412136256833,4.59047924106
    ));
#8478 = CARTESIAN_POINT('',(-59.21737690214,56.34369665628,4.54710356244
    ));
#8479 = CARTESIAN_POINT('',(-59.27174392059,56.139516541323,
    4.420327787664));
#8480 = CARTESIAN_POINT('',(-59.31146025022,56.002818608482,
    4.338869244531));
#8481 = CARTESIAN_POINT('',(-59.35494596918,55.865103003156,
    4.260175212647));
#8482 = CARTESIAN_POINT('',(-59.40228688105,55.726659969795,
    4.184372759349));
#8483 = CARTESIAN_POINT('',(-59.45353979105,55.587799845461,
    4.111569024678));
#8484 = CARTESIAN_POINT('',(-59.50872697975,55.448850881454,
    4.041849565778));
#8485 = CARTESIAN_POINT('',(-59.56783067673,55.310157064936,
    3.975276701293));
#8486 = CARTESIAN_POINT('',(-59.71881360129,54.979011375443,
    3.82325778449));
#8487 = CARTESIAN_POINT('',(-59.81439821511,54.7870872155,3.740826369407
    ));
#8488 = CARTESIAN_POINT('',(-59.91736482888,54.597304830416,
    3.664714615791));
#8489 = CARTESIAN_POINT('',(-60.02742568535,54.410559180734,
    3.594875387058));
#8490 = CARTESIAN_POINT('',(-60.14420284409,54.227633458312,
    3.531136009449));
#8491 = CARTESIAN_POINT('',(-60.26724892346,54.049197752244,
    3.473234537329));
#8492 = CARTESIAN_POINT('',(-60.39606755701,53.875811740238,
    3.420849679119));
#8493 = CARTESIAN_POINT('',(-60.6111826711,53.606439973241,
    3.345074507167));
#8494 = CARTESIAN_POINT('',(-60.6941634077,53.506943442341,
    3.318405574079));
#8495 = CARTESIAN_POINT('',(-60.7789713837,53.409530228631,3.29353565515
    ));
#8496 = CARTESIAN_POINT('',(-60.8655033564,53.314272136774,
    3.270378756729));
#8497 = CARTESIAN_POINT('',(-60.95365858141,53.221225983582,
    3.248846438896));
#8498 = CARTESIAN_POINT('',(-61.04334016279,53.130435221367,
    3.228849433405));
#8499 = CARTESIAN_POINT('',(-61.13445640336,53.041931561304,
    3.21029926164));
#8500 = CARTESIAN_POINT('',(-61.74589597189,52.471958235292,
    3.096632474706));
#8501 = CARTESIAN_POINT('',(-62.30443785421,52.063647993779,
    3.043562513905));
#8502 = CARTESIAN_POINT('',(-62.89140802248,51.728716546477,
    3.016899042012));
#8503 = CARTESIAN_POINT('',(-63.49776339871,51.465062546554,
    3.005613944756));
#8504 = CARTESIAN_POINT('',(-64.11619460843,51.269951965241,
    3.001759453485));
#8505 = CARTESIAN_POINT('',(-64.74132865657,51.140926252415,
    3.000783721066));
#8506 = CARTESIAN_POINT('',(-65.36968487206,51.076061575154,
    3.000289272345));
#8507 = CARTESIAN_POINT('',(-66.,51.076061575154,3.000289272345));
#8508 = ORIENTED_EDGE('',*,*,#8384,.T.);
#8509 = ORIENTED_EDGE('',*,*,#1734,.T.);
#8510 = CYLINDRICAL_SURFACE('',#8511,7.);
#8511 = AXIS2_PLACEMENT_3D('',#8512,#8513,#8514);
#8512 = CARTESIAN_POINT('',(-66.,58.076061575154,0.));
#8513 = DIRECTION('',(0.,0.,-1.));
#8514 = DIRECTION('',(-1.,0.,0.));
#8515 = ADVANCED_FACE('',(#8516),#8535,.F.);
#8516 = FACE_BOUND('',#8517,.F.);
#8517 = EDGE_LOOP('',(#8518,#8526,#8533,#8534));
#8518 = ORIENTED_EDGE('',*,*,#8519,.F.);
#8519 = EDGE_CURVE('',#8520,#1750,#8522,.T.);
#8520 = VERTEX_POINT('',#8521);
#8521 = CARTESIAN_POINT('',(-70.5,47.395081595146,3.));
#8522 = LINE('',#8523,#8524);
#8523 = CARTESIAN_POINT('',(-70.5,47.395081595146,0.));
#8524 = VECTOR('',#8525,1.);
#8525 = DIRECTION('',(0.,0.,1.));
#8526 = ORIENTED_EDGE('',*,*,#8527,.F.);
#8527 = EDGE_CURVE('',#8411,#8520,#8528,.T.);
#8528 = CIRCLE('',#8529,2.);
#8529 = AXIS2_PLACEMENT_3D('',#8530,#8531,#8532);
#8530 = CARTESIAN_POINT('',(-69.5,45.663030787577,3.));
#8531 = DIRECTION('',(0.,0.,-1.));
#8532 = DIRECTION('',(-1.,-0.,-0.));
#8533 = ORIENTED_EDGE('',*,*,#8418,.T.);
#8534 = ORIENTED_EDGE('',*,*,#1759,.F.);
#8535 = CYLINDRICAL_SURFACE('',#8536,2.);
#8536 = AXIS2_PLACEMENT_3D('',#8537,#8538,#8539);
#8537 = CARTESIAN_POINT('',(-69.5,45.663030787577,0.));
#8538 = DIRECTION('',(0.,0.,-1.));
#8539 = DIRECTION('',(-1.,0.,0.));
#8540 = ADVANCED_FACE('',(#8541),#8561,.F.);
#8541 = FACE_BOUND('',#8542,.T.);
#8542 = EDGE_LOOP('',(#8543,#8544,#8552,#8559,#8560));
#8543 = ORIENTED_EDGE('',*,*,#8519,.F.);
#8544 = ORIENTED_EDGE('',*,*,#8545,.F.);
#8545 = EDGE_CURVE('',#8546,#8520,#8548,.T.);
#8546 = VERTEX_POINT('',#8547);
#8547 = CARTESIAN_POINT('',(-64.25609816565,51.,3.));
#8548 = LINE('',#8549,#8550);
#8549 = CARTESIAN_POINT('',(-62.5,52.013883748663,3.));
#8550 = VECTOR('',#8551,1.);
#8551 = DIRECTION('',(-0.866025403784,-0.5,-0.));
#8552 = ORIENTED_EDGE('',*,*,#8553,.F.);
#8553 = EDGE_CURVE('',#8434,#8546,#8554,.T.);
#8554 = ELLIPSE('',#8555,20.,10.);
#8555 = AXIS2_PLACEMENT_3D('',#8556,#8557,#8558);
#8556 = CARTESIAN_POINT('',(-64.25609816565,51.,13.));
#8557 = DIRECTION('',(-0.5,0.866025403784,0.));
#8558 = DIRECTION('',(-0.866025403784,-0.5,-0.));
#8559 = ORIENTED_EDGE('',*,*,#8433,.T.);
#8560 = ORIENTED_EDGE('',*,*,#1777,.T.);
#8561 = PLANE('',#8562);
#8562 = AXIS2_PLACEMENT_3D('',#8563,#8564,#8565);
#8563 = CARTESIAN_POINT('',(-62.5,52.013883748663,0.));
#8564 = DIRECTION('',(-0.5,0.866025403784,0.));
#8565 = DIRECTION('',(0.866025403784,0.5,0.));
#8566 = ADVANCED_FACE('',(#8567),#8573,.T.);
#8567 = FACE_BOUND('',#8568,.F.);
#8568 = EDGE_LOOP('',(#8569,#8570,#8571,#8572));
#8569 = ORIENTED_EDGE('',*,*,#2023,.F.);
#8570 = ORIENTED_EDGE('',*,*,#2047,.F.);
#8571 = ORIENTED_EDGE('',*,*,#2064,.F.);
#8572 = ORIENTED_EDGE('',*,*,#1999,.F.);
#8573 = PLANE('',#8574);
#8574 = AXIS2_PLACEMENT_3D('',#8575,#8576,#8577);
#8575 = CARTESIAN_POINT('',(-31.49999999997,67.5,10.000000000002));
#8576 = DIRECTION('',(0.,1.,0.));
#8577 = DIRECTION('',(0.,0.,-1.));
#8578 = ADVANCED_FACE('',(#8579),#8655,.F.);
#8579 = FACE_BOUND('',#8580,.F.);
#8580 = EDGE_LOOP('',(#8581,#8582,#8590,#8607,#8654));
#8581 = ORIENTED_EDGE('',*,*,#2078,.F.);
#8582 = ORIENTED_EDGE('',*,*,#8583,.T.);
#8583 = EDGE_CURVE('',#2079,#8584,#8586,.T.);
#8584 = VERTEX_POINT('',#8585);
#8585 = CARTESIAN_POINT('',(-34.5,60.539392014169,10.));
#8586 = LINE('',#8587,#8588);
#8587 = CARTESIAN_POINT('',(-34.5,63.,10.));
#8588 = VECTOR('',#8589,1.);
#8589 = DIRECTION('',(0.,-1.,0.));
#8590 = ORIENTED_EDGE('',*,*,#8591,.T.);
#8591 = EDGE_CURVE('',#8584,#8336,#8592,.T.);
#8592 = B_SPLINE_CURVE_WITH_KNOTS('',7,(#8593,#8594,#8595,#8596,#8597,
    #8598,#8599,#8600,#8601,#8602,#8603,#8604,#8605,#8606),
  .UNSPECIFIED.,.F.,.F.,(8,6,8),(0.,0.389681363149,1.),.UNSPECIFIED.);
#8593 = CARTESIAN_POINT('',(-34.5,60.539392014169,10.));
#8594 = CARTESIAN_POINT('',(-34.5,60.632539519833,10.296190190556));
#8595 = CARTESIAN_POINT('',(-34.46588326987,60.714920107365,
    10.595635912299));
#8596 = CARTESIAN_POINT('',(-34.39630043894,60.78417419853,
    10.890770744314));
#8597 = CARTESIAN_POINT('',(-34.29266027247,60.839629568702,
    11.173959662242));
#8598 = CARTESIAN_POINT('',(-34.1589857448,60.882358130995,
    11.438065633091));
#8599 = CARTESIAN_POINT('',(-34.00203135824,60.914403115446,
    11.67729577734));
#8600 = CARTESIAN_POINT('',(-33.5642545231,60.974896177641,
    12.217905146254));
#8601 = CARTESIAN_POINT('',(-33.25682448604,60.991973474477,
    12.486165181862));
#8602 = CARTESIAN_POINT('',(-32.92451182113,60.998387791192,
    12.69511085012));
#8603 = CARTESIAN_POINT('',(-32.57696240436,61.000001057785,
    12.84847047992));
#8604 = CARTESIAN_POINT('',(-32.22085291855,60.999999708322,
    12.94943652009));
#8605 = CARTESIAN_POINT('',(-31.860581629,61.,13.000000008885));
#8606 = CARTESIAN_POINT('',(-31.49999992607,61.,13.));
#8607 = ORIENTED_EDGE('',*,*,#8608,.T.);
#8608 = EDGE_CURVE('',#8336,#8584,#8609,.T.);
#8609 = B_SPLINE_CURVE_WITH_KNOTS('',7,(#8610,#8611,#8612,#8613,#8614,
    #8615,#8616,#8617,#8618,#8619,#8620,#8621,#8622,#8623,#8624,#8625,
    #8626,#8627,#8628,#8629,#8630,#8631,#8632,#8633,#8634,#8635,#8636,
    #8637,#8638,#8639,#8640,#8641,#8642,#8643,#8644,#8645,#8646,#8647,
    #8648,#8649,#8650,#8651,#8652,#8653),.UNSPECIFIED.,.F.,.F.,(8,6,6,6,
    6,6,6,8),(0.,0.153227973091,0.292290857141,0.422248889814,
    0.587404753261,0.73251726533,0.897695460062,1.),.UNSPECIFIED.);
#8610 = CARTESIAN_POINT('',(-31.49999992607,61.,13.));
#8611 = CARTESIAN_POINT('',(-31.21808068307,61.,12.999999993053));
#8612 = CARTESIAN_POINT('',(-30.93636963122,61.000000035055,
    12.969092191461));
#8613 = CARTESIAN_POINT('',(-30.65675478673,60.999999850895,
    12.907355182839));
#8614 = CARTESIAN_POINT('',(-30.38131295177,60.999398531551,
    12.814119514425));
#8615 = CARTESIAN_POINT('',(-30.11269115344,60.99699847016,
    12.688138801129));
#8616 = CARTESIAN_POINT('',(-29.85452957007,60.990783874633,
    12.527803026324));
#8617 = CARTESIAN_POINT('',(-29.39196491854,60.965684885135,
    12.153225538326));
#8618 = CARTESIAN_POINT('',(-29.1799356214,60.94776047952,
    11.941399567862));
#8619 = CARTESIAN_POINT('',(-28.98601696636,60.921341362366,
    11.696503994731));
#8620 = CARTESIAN_POINT('',(-28.8186843132,60.883375033963,
    11.421536323352));
#8621 = CARTESIAN_POINT('',(-28.68477263133,60.830797060137,
    11.121277814954));
#8622 = CARTESIAN_POINT('',(-28.58957016968,60.761411895603,
    10.801628967981));
#8623 = CARTESIAN_POINT('',(-28.4877459434,60.593240893577,
    10.158736002586));
#8624 = CARTESIAN_POINT('',(-28.47756710644,60.499707304522,
    9.848680323596));
#8625 = CARTESIAN_POINT('',(-28.50443778121,60.395141841543,
    9.545343772336));
#8626 = CARTESIAN_POINT('',(-28.56521396046,60.282021463843,
    9.254378101615));
#8627 = CARTESIAN_POINT('',(-28.65559868772,60.163977099089,
    8.98070977545));
#8628 = CARTESIAN_POINT('',(-28.77010105654,60.045338586659,
    8.728323656594));
#8629 = CARTESIAN_POINT('',(-29.0694494706,59.784071477536,
    8.209837023793));
#8630 = CARTESIAN_POINT('',(-29.26906065834,59.640057994547,
    7.951412278351));
#8631 = CARTESIAN_POINT('',(-29.4941969303,59.50304857846,7.725360010358
    ));
#8632 = CARTESIAN_POINT('',(-29.74017249615,59.377461375212,
    7.531601302502));
#8633 = CARTESIAN_POINT('',(-30.00357079371,59.267294697568,
    7.370141126111));
#8634 = CARTESIAN_POINT('',(-30.28184603802,59.176326408933,
    7.241415534644));
#8635 = CARTESIAN_POINT('',(-30.8287238072,59.048051655957,
    7.063724190905));
#8636 = CARTESIAN_POINT('',(-31.09365658958,59.005748309965,
    7.007217747547));
#8637 = CARTESIAN_POINT('',(-31.3639899215,58.983847598001,6.97872143337
    ));
#8638 = CARTESIAN_POINT('',(-31.63609391974,58.98385200935,
    6.978726913847));
#8639 = CARTESIAN_POINT('',(-31.90641137199,59.005758357129,
    7.007231096082));
#8640 = CARTESIAN_POINT('',(-32.17131345892,59.048060392367,
    7.063736292437));
#8641 = CARTESIAN_POINT('',(-32.71815105416,59.176325732202,
    7.24141459777));
#8642 = CARTESIAN_POINT('',(-32.99642632885,59.267293498634,
    7.370139407123));
#8643 = CARTESIAN_POINT('',(-33.2598265715,59.377460598118,
    7.531600066212));
#8644 = CARTESIAN_POINT('',(-33.50580403749,59.503048807481,
    7.725360122162));
#8645 = CARTESIAN_POINT('',(-33.73094155285,59.640059343615,
    7.951414435089));
#8646 = CARTESIAN_POINT('',(-33.9305521175,59.7840728579,8.209839757959)
  );
#8647 = CARTESIAN_POINT('',(-34.20183370414,60.020843641852,
    8.679713249188));
#8648 = CARTESIAN_POINT('',(-34.29410964691,60.112967825754,
    8.873033959694));
#8649 = CARTESIAN_POINT('',(-34.37234968238,60.204979037785,
    9.079043893991));
#8650 = CARTESIAN_POINT('',(-34.43418777672,60.295145466897,
    9.296492852849));
#8651 = CARTESIAN_POINT('',(-34.47742267474,60.381831023129,
    9.523798762706));
#8652 = CARTESIAN_POINT('',(-34.5,60.463616297618,9.759048578221));
#8653 = CARTESIAN_POINT('',(-34.5,60.539392014169,10.));
#8654 = ORIENTED_EDGE('',*,*,#8583,.F.);
#8655 = CYLINDRICAL_SURFACE('',#8656,3.);
#8656 = AXIS2_PLACEMENT_3D('',#8657,#8658,#8659);
#8657 = CARTESIAN_POINT('',(-31.5,63.,10.));
#8658 = DIRECTION('',(0.,1.,0.));
#8659 = DIRECTION('',(-1.,-0.,-0.));
#8660 = ADVANCED_FACE('',(#8661),#8667,.T.);
#8661 = FACE_BOUND('',#8662,.F.);
#8662 = EDGE_LOOP('',(#8663,#8664,#8665,#8666));
#8663 = ORIENTED_EDGE('',*,*,#2139,.F.);
#8664 = ORIENTED_EDGE('',*,*,#2163,.F.);
#8665 = ORIENTED_EDGE('',*,*,#2180,.F.);
#8666 = ORIENTED_EDGE('',*,*,#2115,.F.);
#8667 = PLANE('',#8668);
#8668 = AXIS2_PLACEMENT_3D('',#8669,#8670,#8671);
#8669 = CARTESIAN_POINT('',(-31.49999999997,67.5,10.000000000002));
#8670 = DIRECTION('',(0.,1.,0.));
#8671 = DIRECTION('',(0.,0.,-1.));
#8672 = ADVANCED_FACE('',(#8673,#8756),#8759,.F.);
#8673 = FACE_BOUND('',#8674,.T.);
#8674 = EDGE_LOOP('',(#8675,#8676,#8677,#8683,#8684,#8685,#8686,#8692,
    #8693,#8694,#8695,#8701,#8702,#8703,#8704,#8710,#8711,#8712,#8713,
    #8719,#8720,#8721,#8722,#8728,#8729,#8730,#8731,#8737,#8738,#8739,
    #8740,#8746,#8747,#8748,#8749,#8755));
#8675 = ORIENTED_EDGE('',*,*,#8228,.F.);
#8676 = ORIENTED_EDGE('',*,*,#8197,.T.);
#8677 = ORIENTED_EDGE('',*,*,#8678,.T.);
#8678 = EDGE_CURVE('',#8190,#5280,#8679,.T.);
#8679 = LINE('',#8680,#8681);
#8680 = CARTESIAN_POINT('',(-4.,19.,3.));
#8681 = VECTOR('',#8682,1.);
#8682 = DIRECTION('',(-1.,-0.,-0.));
#8683 = ORIENTED_EDGE('',*,*,#5287,.F.);
#8684 = ORIENTED_EDGE('',*,*,#5088,.T.);
#8685 = ORIENTED_EDGE('',*,*,#5031,.T.);
#8686 = ORIENTED_EDGE('',*,*,#8687,.T.);
#8687 = EDGE_CURVE('',#5024,#4617,#8688,.T.);
#8688 = LINE('',#8689,#8690);
#8689 = CARTESIAN_POINT('',(-4.,19.,3.));
#8690 = VECTOR('',#8691,1.);
#8691 = DIRECTION('',(-1.,-0.,-0.));
#8692 = ORIENTED_EDGE('',*,*,#4624,.F.);
#8693 = ORIENTED_EDGE('',*,*,#4345,.T.);
#8694 = ORIENTED_EDGE('',*,*,#4288,.T.);
#8695 = ORIENTED_EDGE('',*,*,#8696,.T.);
#8696 = EDGE_CURVE('',#4281,#4991,#8697,.T.);
#8697 = LINE('',#8698,#8699);
#8698 = CARTESIAN_POINT('',(-4.,19.,3.));
#8699 = VECTOR('',#8700,1.);
#8700 = DIRECTION('',(-1.,-0.,-0.));
#8701 = ORIENTED_EDGE('',*,*,#4998,.F.);
#8702 = ORIENTED_EDGE('',*,*,#4714,.T.);
#8703 = ORIENTED_EDGE('',*,*,#4657,.T.);
#8704 = ORIENTED_EDGE('',*,*,#8705,.T.);
#8705 = EDGE_CURVE('',#4650,#4248,#8706,.T.);
#8706 = LINE('',#8707,#8708);
#8707 = CARTESIAN_POINT('',(-4.,19.,3.));
#8708 = VECTOR('',#8709,1.);
#8709 = DIRECTION('',(-1.,-0.,-0.));
#8710 = ORIENTED_EDGE('',*,*,#4255,.F.);
#8711 = ORIENTED_EDGE('',*,*,#3971,.T.);
#8712 = ORIENTED_EDGE('',*,*,#3914,.T.);
#8713 = ORIENTED_EDGE('',*,*,#8714,.T.);
#8714 = EDGE_CURVE('',#3907,#3874,#8715,.T.);
#8715 = LINE('',#8716,#8717);
#8716 = CARTESIAN_POINT('',(-4.,19.,3.));
#8717 = VECTOR('',#8718,1.);
#8718 = DIRECTION('',(-1.,-0.,-0.));
#8719 = ORIENTED_EDGE('',*,*,#3881,.F.);
#8720 = ORIENTED_EDGE('',*,*,#3607,.T.);
#8721 = ORIENTED_EDGE('',*,*,#3550,.T.);
#8722 = ORIENTED_EDGE('',*,*,#8723,.T.);
#8723 = EDGE_CURVE('',#3543,#3146,#8724,.T.);
#8724 = LINE('',#8725,#8726);
#8725 = CARTESIAN_POINT('',(-4.,19.,3.));
#8726 = VECTOR('',#8727,1.);
#8727 = DIRECTION('',(-1.,-0.,-0.));
#8728 = ORIENTED_EDGE('',*,*,#3153,.F.);
#8729 = ORIENTED_EDGE('',*,*,#2879,.T.);
#8730 = ORIENTED_EDGE('',*,*,#2822,.T.);
#8731 = ORIENTED_EDGE('',*,*,#8732,.T.);
#8732 = EDGE_CURVE('',#2815,#3510,#8733,.T.);
#8733 = LINE('',#8734,#8735);
#8734 = CARTESIAN_POINT('',(-4.,19.,3.));
#8735 = VECTOR('',#8736,1.);
#8736 = DIRECTION('',(-1.,-0.,-0.));
#8737 = ORIENTED_EDGE('',*,*,#3517,.F.);
#8738 = ORIENTED_EDGE('',*,*,#3243,.T.);
#8739 = ORIENTED_EDGE('',*,*,#3186,.T.);
#8740 = ORIENTED_EDGE('',*,*,#8741,.T.);
#8741 = EDGE_CURVE('',#3179,#2782,#8742,.T.);
#8742 = LINE('',#8743,#8744);
#8743 = CARTESIAN_POINT('',(-4.,19.,3.));
#8744 = VECTOR('',#8745,1.);
#8745 = DIRECTION('',(-1.,-0.,-0.));
#8746 = ORIENTED_EDGE('',*,*,#2789,.F.);
#8747 = ORIENTED_EDGE('',*,*,#2515,.T.);
#8748 = ORIENTED_EDGE('',*,*,#2458,.T.);
#8749 = ORIENTED_EDGE('',*,*,#8750,.T.);
#8750 = EDGE_CURVE('',#2451,#8247,#8751,.T.);
#8751 = LINE('',#8752,#8753);
#8752 = CARTESIAN_POINT('',(-4.,19.,3.));
#8753 = VECTOR('',#8754,1.);
#8754 = DIRECTION('',(-1.,-0.,-0.));
#8755 = ORIENTED_EDGE('',*,*,#8246,.F.);
#8756 = FACE_BOUND('',#8757,.T.);
#8757 = EDGE_LOOP('',(#8758));
#8758 = ORIENTED_EDGE('',*,*,#2220,.F.);
#8759 = CYLINDRICAL_SURFACE('',#8760,10.);
#8760 = AXIS2_PLACEMENT_3D('',#8761,#8762,#8763);
#8761 = CARTESIAN_POINT('',(-4.,19.,13.));
#8762 = DIRECTION('',(-1.,-0.,-0.));
#8763 = DIRECTION('',(0.,-1.,0.));
#8764 = ADVANCED_FACE('',(#8765),#8768,.F.);
#8765 = FACE_BOUND('',#8766,.F.);
#8766 = EDGE_LOOP('',(#8767));
#8767 = ORIENTED_EDGE('',*,*,#2294,.T.);
#8768 = PLANE('',#8769);
#8769 = AXIS2_PLACEMENT_3D('',#8770,#8771,#8772);
#8770 = CARTESIAN_POINT('',(-26.5,9.,5.5));
#8771 = DIRECTION('',(0.,1.,0.));
#8772 = DIRECTION('',(0.,0.,-1.));
#8773 = ADVANCED_FACE('',(#8774),#8895,.T.);
#8774 = FACE_BOUND('',#8775,.F.);
#8775 = EDGE_LOOP('',(#8776,#8777,#8783,#8784,#8785,#8786,#8792,#8793,
    #8794,#8795,#8801,#8802,#8803,#8804,#8810,#8811,#8812,#8813,#8819,
    #8820,#8821,#8822,#8828,#8829,#8830,#8831,#8837,#8838,#8839,#8840,
    #8846,#8847,#8848,#8849,#8855,#8856,#8857,#8858,#8859,#8860,#8861,
    #8862,#8863,#8864,#8865,#8866,#8867,#8868,#8869,#8870,#8871,#8872,
    #8873,#8874,#8875,#8876,#8877,#8878,#8879,#8880,#8881,#8882,#8883,
    #8884,#8885,#8886,#8887,#8888,#8889,#8890,#8891,#8892,#8893,#8894));
#8776 = ORIENTED_EDGE('',*,*,#8545,.F.);
#8777 = ORIENTED_EDGE('',*,*,#8778,.F.);
#8778 = EDGE_CURVE('',#5313,#8546,#8779,.T.);
#8779 = LINE('',#8780,#8781);
#8780 = CARTESIAN_POINT('',(-4.,51.,3.));
#8781 = VECTOR('',#8782,1.);
#8782 = DIRECTION('',(-1.,-0.,-0.));
#8783 = ORIENTED_EDGE('',*,*,#5321,.F.);
#8784 = ORIENTED_EDGE('',*,*,#5625,.T.);
#8785 = ORIENTED_EDGE('',*,*,#5652,.T.);
#8786 = ORIENTED_EDGE('',*,*,#8787,.F.);
#8787 = EDGE_CURVE('',#6041,#5644,#8788,.T.);
#8788 = LINE('',#8789,#8790);
#8789 = CARTESIAN_POINT('',(-4.,51.,3.));
#8790 = VECTOR('',#8791,1.);
#8791 = DIRECTION('',(-1.,-0.,-0.));
#8792 = ORIENTED_EDGE('',*,*,#6049,.F.);
#8793 = ORIENTED_EDGE('',*,*,#6353,.T.);
#8794 = ORIENTED_EDGE('',*,*,#6380,.T.);
#8795 = ORIENTED_EDGE('',*,*,#8796,.F.);
#8796 = EDGE_CURVE('',#5677,#6372,#8797,.T.);
#8797 = LINE('',#8798,#8799);
#8798 = CARTESIAN_POINT('',(-4.,51.,3.));
#8799 = VECTOR('',#8800,1.);
#8800 = DIRECTION('',(-1.,-0.,-0.));
#8801 = ORIENTED_EDGE('',*,*,#5685,.F.);
#8802 = ORIENTED_EDGE('',*,*,#5989,.T.);
#8803 = ORIENTED_EDGE('',*,*,#6016,.T.);
#8804 = ORIENTED_EDGE('',*,*,#8805,.F.);
#8805 = EDGE_CURVE('',#6405,#6008,#8806,.T.);
#8806 = LINE('',#8807,#8808);
#8807 = CARTESIAN_POINT('',(-4.,51.,3.));
#8808 = VECTOR('',#8809,1.);
#8809 = DIRECTION('',(-1.,-0.,-0.));
#8810 = ORIENTED_EDGE('',*,*,#6413,.F.);
#8811 = ORIENTED_EDGE('',*,*,#6722,.T.);
#8812 = ORIENTED_EDGE('',*,*,#6749,.T.);
#8813 = ORIENTED_EDGE('',*,*,#8814,.F.);
#8814 = EDGE_CURVE('',#6774,#6741,#8815,.T.);
#8815 = LINE('',#8816,#8817);
#8816 = CARTESIAN_POINT('',(-4.,51.,3.));
#8817 = VECTOR('',#8818,1.);
#8818 = DIRECTION('',(-1.,-0.,-0.));
#8819 = ORIENTED_EDGE('',*,*,#6782,.F.);
#8820 = ORIENTED_EDGE('',*,*,#7091,.T.);
#8821 = ORIENTED_EDGE('',*,*,#7118,.T.);
#8822 = ORIENTED_EDGE('',*,*,#8823,.F.);
#8823 = EDGE_CURVE('',#7497,#7110,#8824,.T.);
#8824 = LINE('',#8825,#8826);
#8825 = CARTESIAN_POINT('',(-4.,51.,3.));
#8826 = VECTOR('',#8827,1.);
#8827 = DIRECTION('',(-1.,-0.,-0.));
#8828 = ORIENTED_EDGE('',*,*,#7505,.F.);
#8829 = ORIENTED_EDGE('',*,*,#7814,.T.);
#8830 = ORIENTED_EDGE('',*,*,#7841,.T.);
#8831 = ORIENTED_EDGE('',*,*,#8832,.F.);
#8832 = EDGE_CURVE('',#7143,#7833,#8833,.T.);
#8833 = LINE('',#8834,#8835);
#8834 = CARTESIAN_POINT('',(-4.,51.,3.));
#8835 = VECTOR('',#8836,1.);
#8836 = DIRECTION('',(-1.,-0.,-0.));
#8837 = ORIENTED_EDGE('',*,*,#7151,.F.);
#8838 = ORIENTED_EDGE('',*,*,#7445,.T.);
#8839 = ORIENTED_EDGE('',*,*,#7472,.T.);
#8840 = ORIENTED_EDGE('',*,*,#8841,.F.);
#8841 = EDGE_CURVE('',#7866,#7464,#8842,.T.);
#8842 = LINE('',#8843,#8844);
#8843 = CARTESIAN_POINT('',(-4.,51.,3.));
#8844 = VECTOR('',#8845,1.);
#8845 = DIRECTION('',(-1.,-0.,-0.));
#8846 = ORIENTED_EDGE('',*,*,#7874,.F.);
#8847 = ORIENTED_EDGE('',*,*,#8128,.T.);
#8848 = ORIENTED_EDGE('',*,*,#8155,.T.);
#8849 = ORIENTED_EDGE('',*,*,#8850,.F.);
#8850 = EDGE_CURVE('',#8181,#8147,#8851,.T.);
#8851 = LINE('',#8852,#8853);
#8852 = CARTESIAN_POINT('',(-4.,51.,3.));
#8853 = VECTOR('',#8854,1.);
#8854 = DIRECTION('',(-1.,-0.,-0.));
#8855 = ORIENTED_EDGE('',*,*,#8189,.F.);
#8856 = ORIENTED_EDGE('',*,*,#8678,.T.);
#8857 = ORIENTED_EDGE('',*,*,#5279,.T.);
#8858 = ORIENTED_EDGE('',*,*,#5056,.T.);
#8859 = ORIENTED_EDGE('',*,*,#5023,.F.);
#8860 = ORIENTED_EDGE('',*,*,#8687,.T.);
#8861 = ORIENTED_EDGE('',*,*,#4616,.T.);
#8862 = ORIENTED_EDGE('',*,*,#4313,.T.);
#8863 = ORIENTED_EDGE('',*,*,#4280,.F.);
#8864 = ORIENTED_EDGE('',*,*,#8696,.T.);
#8865 = ORIENTED_EDGE('',*,*,#4990,.T.);
#8866 = ORIENTED_EDGE('',*,*,#4682,.T.);
#8867 = ORIENTED_EDGE('',*,*,#4649,.F.);
#8868 = ORIENTED_EDGE('',*,*,#8705,.T.);
#8869 = ORIENTED_EDGE('',*,*,#4247,.T.);
#8870 = ORIENTED_EDGE('',*,*,#3939,.T.);
#8871 = ORIENTED_EDGE('',*,*,#3906,.F.);
#8872 = ORIENTED_EDGE('',*,*,#8714,.T.);
#8873 = ORIENTED_EDGE('',*,*,#3873,.T.);
#8874 = ORIENTED_EDGE('',*,*,#3575,.T.);
#8875 = ORIENTED_EDGE('',*,*,#3542,.F.);
#8876 = ORIENTED_EDGE('',*,*,#8723,.T.);
#8877 = ORIENTED_EDGE('',*,*,#3145,.T.);
#8878 = ORIENTED_EDGE('',*,*,#2847,.T.);
#8879 = ORIENTED_EDGE('',*,*,#2814,.F.);
#8880 = ORIENTED_EDGE('',*,*,#8732,.T.);
#8881 = ORIENTED_EDGE('',*,*,#3509,.T.);
#8882 = ORIENTED_EDGE('',*,*,#3211,.T.);
#8883 = ORIENTED_EDGE('',*,*,#3178,.F.);
#8884 = ORIENTED_EDGE('',*,*,#8741,.T.);
#8885 = ORIENTED_EDGE('',*,*,#2781,.T.);
#8886 = ORIENTED_EDGE('',*,*,#2483,.T.);
#8887 = ORIENTED_EDGE('',*,*,#2450,.F.);
#8888 = ORIENTED_EDGE('',*,*,#8750,.T.);
#8889 = ORIENTED_EDGE('',*,*,#8255,.F.);
#8890 = ORIENTED_EDGE('',*,*,#8279,.F.);
#8891 = ORIENTED_EDGE('',*,*,#8304,.F.);
#8892 = ORIENTED_EDGE('',*,*,#8367,.T.);
#8893 = ORIENTED_EDGE('',*,*,#8410,.F.);
#8894 = ORIENTED_EDGE('',*,*,#8527,.T.);
#8895 = PLANE('',#8896);
#8896 = AXIS2_PLACEMENT_3D('',#8897,#8898,#8899);
#8897 = CARTESIAN_POINT('',(-34.43450862563,35.330784279539,3.));
#8898 = DIRECTION('',(0.,0.,1.));
#8899 = DIRECTION('',(1.,0.,0.));
#8900 = ADVANCED_FACE('',(#8901,#8942),#8946,.F.);
#8901 = FACE_BOUND('',#8902,.F.);
#8902 = EDGE_LOOP('',(#8903,#8904,#8905,#8906,#8907,#8908,#8909,#8910,
    #8911,#8912,#8913,#8914,#8915,#8916,#8917,#8918,#8919,#8920,#8921,
    #8922,#8923,#8924,#8925,#8926,#8927,#8928,#8929,#8930,#8931,#8932,
    #8933,#8934,#8935,#8936,#8937,#8938,#8939,#8940,#8941));
#8903 = ORIENTED_EDGE('',*,*,#8392,.F.);
#8904 = ORIENTED_EDGE('',*,*,#8335,.F.);
#8905 = ORIENTED_EDGE('',*,*,#8343,.F.);
#8906 = ORIENTED_EDGE('',*,*,#8180,.T.);
#8907 = ORIENTED_EDGE('',*,*,#8850,.T.);
#8908 = ORIENTED_EDGE('',*,*,#8146,.T.);
#8909 = ORIENTED_EDGE('',*,*,#7898,.F.);
#8910 = ORIENTED_EDGE('',*,*,#7865,.F.);
#8911 = ORIENTED_EDGE('',*,*,#8841,.T.);
#8912 = ORIENTED_EDGE('',*,*,#7463,.T.);
#8913 = ORIENTED_EDGE('',*,*,#7175,.F.);
#8914 = ORIENTED_EDGE('',*,*,#7142,.F.);
#8915 = ORIENTED_EDGE('',*,*,#8832,.T.);
#8916 = ORIENTED_EDGE('',*,*,#7832,.T.);
#8917 = ORIENTED_EDGE('',*,*,#7529,.F.);
#8918 = ORIENTED_EDGE('',*,*,#7496,.F.);
#8919 = ORIENTED_EDGE('',*,*,#8823,.T.);
#8920 = ORIENTED_EDGE('',*,*,#7109,.T.);
#8921 = ORIENTED_EDGE('',*,*,#6806,.F.);
#8922 = ORIENTED_EDGE('',*,*,#6773,.F.);
#8923 = ORIENTED_EDGE('',*,*,#8814,.T.);
#8924 = ORIENTED_EDGE('',*,*,#6740,.T.);
#8925 = ORIENTED_EDGE('',*,*,#6437,.F.);
#8926 = ORIENTED_EDGE('',*,*,#6404,.F.);
#8927 = ORIENTED_EDGE('',*,*,#8805,.T.);
#8928 = ORIENTED_EDGE('',*,*,#6007,.T.);
#8929 = ORIENTED_EDGE('',*,*,#5709,.F.);
#8930 = ORIENTED_EDGE('',*,*,#5676,.F.);
#8931 = ORIENTED_EDGE('',*,*,#8796,.T.);
#8932 = ORIENTED_EDGE('',*,*,#6371,.T.);
#8933 = ORIENTED_EDGE('',*,*,#6073,.F.);
#8934 = ORIENTED_EDGE('',*,*,#6040,.F.);
#8935 = ORIENTED_EDGE('',*,*,#8787,.T.);
#8936 = ORIENTED_EDGE('',*,*,#5643,.T.);
#8937 = ORIENTED_EDGE('',*,*,#5345,.F.);
#8938 = ORIENTED_EDGE('',*,*,#5312,.F.);
#8939 = ORIENTED_EDGE('',*,*,#8778,.T.);
#8940 = ORIENTED_EDGE('',*,*,#8553,.F.);
#8941 = ORIENTED_EDGE('',*,*,#8441,.F.);
#8942 = FACE_BOUND('',#8943,.F.);
#8943 = EDGE_LOOP('',(#8944,#8945));
#8944 = ORIENTED_EDGE('',*,*,#8608,.F.);
#8945 = ORIENTED_EDGE('',*,*,#8591,.F.);
#8946 = CYLINDRICAL_SURFACE('',#8947,10.);
#8947 = AXIS2_PLACEMENT_3D('',#8948,#8949,#8950);
#8948 = CARTESIAN_POINT('',(-4.,51.,13.));
#8949 = DIRECTION('',(-1.,-0.,-0.));
#8950 = DIRECTION('',(0.,1.,0.));
#8951 = ( GEOMETRIC_REPRESENTATION_CONTEXT(3) 
GLOBAL_UNCERTAINTY_ASSIGNED_CONTEXT((#8955)) 
GLOBAL_UNIT_ASSIGNED_CONTEXT((#8952,#8953,#8954)) REPRESENTATION_CONTEXT
('Context #1','3D Context with UNIT and UNCERTAINTY') );
#8952 = ( LENGTH_UNIT() NAMED_UNIT(*) SI_UNIT(.MILLI.,.METRE.) );
#8953 = ( NAMED_UNIT(*) PLANE_ANGLE_UNIT() SI_UNIT($,.RADIAN.) );
#8954 = ( NAMED_UNIT(*) SI_UNIT($,.STERADIAN.) SOLID_ANGLE_UNIT() );
#8955 = UNCERTAINTY_MEASURE_WITH_UNIT(LENGTH_MEASURE(2.E-05),#8952,
  'distance_accuracy_value','confusion accuracy');
#8956 = PRODUCT_RELATED_PRODUCT_CATEGORY('part',$,(#7));
#8957 = MECHANICAL_DESIGN_GEOMETRIC_PRESENTATION_REPRESENTATION('',(
    #8958),#8951);
#8958 = STYLED_ITEM('color',(#8959),#15);
#8959 = PRESENTATION_STYLE_ASSIGNMENT((#8960,#8966));
#8960 = SURFACE_STYLE_USAGE(.BOTH.,#8961);
#8961 = SURFACE_SIDE_STYLE('',(#8962));
#8962 = SURFACE_STYLE_FILL_AREA(#8963);
#8963 = FILL_AREA_STYLE('',(#8964));
#8964 = FILL_AREA_STYLE_COLOUR('',#8965);
#8965 = COLOUR_RGB('',0.666666687201,0.333333345507,0.);
#8966 = CURVE_STYLE('',#8967,POSITIVE_LENGTH_MEASURE(0.1),#8968);
#8967 = DRAUGHTING_PRE_DEFINED_CURVE_FONT('continuous');
#8968 = COLOUR_RGB('',9.803921802644E-02,9.803921802644E-02,
  9.803921802644E-02);
ENDSEC;
END-ISO-10303-21;
